   1336648.43052476      -2.101357931960410E-003  2.500850041872307E-003
   370445.400928955      -1.579732073560261E-003  2.107893863523241E-003
   753990.917897405      -1.060079888973264E-003  1.714663386995793E-003
   1063871.71600930      -5.390423380458275E-004  1.323711406526838E-003
   816799.092181128      -1.916384398680950E-005  9.317119063356739E-004
   1311463.82917721       4.275530043478847E-004  1.318574635071957E-003
   1047136.00875923       8.731547646829363E-004  1.707455674435186E-003
   781604.247498746       1.319229563219779E-003  2.098924724386560E-003
   135086.067773426       1.768559317743775E-003  2.489004611390006E-003
   1582680.05524573       2.470190157650837E-003  1.783929534237728E-003
   1023025.28338230       2.085715186083472E-003  1.335713956593938E-003
   540163.983789182       1.698784228725127E-003  8.860798608414244E-004
   122620.658785476       1.311193362761938E-003  4.356106821614678E-004
   544052.282359945       9.210448996837675E-004 -1.508115826959828E-005
   615795.644804438       1.309622262771789E-003 -3.780772965484845E-004
   576023.570539195       1.691832785626253E-003 -7.420716913325580E-004
   2109271.42426553       2.074891583454151E-003 -1.104438789221453E-003
   1285342.66876772       2.453732410813349E-003 -1.466846454826654E-003
   690911.112947905       1.371641702401351E-003 -2.526382584380857E-003
   115274.168776869       1.018291592949967E-003 -2.132404412938583E-003
   1195094.40790140       6.692811173546554E-004 -1.735188926384914E-003
   1487967.71103775       3.211120171670617E-004 -1.341852099946868E-003
   1918805.69618920      -2.536824592555098E-005 -9.478301662331888E-004
   2612133.73848868      -4.326214502366879E-004 -1.337554594387914E-003
   1415276.50021152      -8.416793123003712E-004 -1.726157530995903E-003
   893860.533693095      -1.249745709202588E-003 -2.118154868912250E-003
   2366627.28036020      -1.660236578821403E-003 -2.510130904242334E-003
   93511.6651266837      -2.509129120542007E-003 -1.665962375156406E-003
   1474366.31540430      -2.125562338874151E-003 -1.252244784255084E-003
   872027.231268833      -1.740405416503596E-003 -8.373540573678750E-004
   167797.611890081      -1.355045896682709E-003 -4.203711243932339E-004
   559221.491491854      -9.632539138869650E-004 -6.107668104314729E-006
   195713.089172514      -1.351983338206056E-003  5.193611742819011E-004
   191594.672473892      -1.737158104424315E-003  1.047189824406715E-003
   769431.819577050      -2.122103750239152E-003  1.573915695541435E-003
   1055595.68136748      -2.505495801908210E-003  2.099289242343408E-003
   74464.2309640606       3.177001786624262E-003  2.482755025987569E-003
   69240.1409485819       3.623848064026337E-003  2.038282404092991E-003
   437723.961717925       4.065357087148437E-003  1.592537225591337E-003
   1607796.80082998       4.505651360339914E-003  1.148175109575591E-003
   1059925.96748256       4.945628434609237E-003  7.077328094329857E-004
   1521900.34746981       5.371310342685772E-003  1.142822054699015E-003
   536405.695221701       5.798595260199004E-003  1.581951925648182E-003
   250687.760079240       6.226874074881285E-003  2.021555011016357E-003
   111535.294250044       6.661103423725661E-003  2.458909998972410E-003
   2205582.47802454       7.431898968376652E-003  1.674455822822444E-003
   1712420.40045807       6.999351034333204E-003  1.248010213539977E-003
   1274672.62041963       6.566327815097456E-003  8.189384411024538E-004
   357147.599893011       6.131608182040761E-003  3.859876142206051E-004
   633457.675316790       5.694546858155271E-003 -4.621462345637387E-005
   453065.835113116       6.128264377366127E-003 -5.580992770680872E-004
   184853.242825376       6.554599829262592E-003 -1.073989638086319E-003
   2082431.65122411       6.975609808586963E-003 -1.589825241067581E-003
   1297218.58443767       7.394086781114215E-003 -2.100267853957928E-003
   216795.811814300       6.897354819832517E-003 -2.582268392375972E-003
   146782.255192506       6.403140434407369E-003 -2.130487950511787E-003
   1646995.14768462       5.915615077096193E-003 -1.678524155601977E-003
   1979378.84710589       5.428301337536404E-003 -1.231223087973869E-003
   1681645.95525522       4.939028519684523E-003 -7.900528831250061E-004
   1703476.44129825       4.587600116859755E-003 -1.226714451990930E-003
   274348.040364560       4.234856497634560E-003 -1.666124338897178E-003
   279163.749045001       3.879713292130964E-003 -2.106138231915940E-003
   197209.063408907       3.520104269947230E-003 -2.543558892689673E-003
   1642845.52259764       2.885646627812076E-003 -1.111662301187482E-003
   1581949.84651108       3.319186479951127E-003 -7.553811652141195E-004
   498265.563599956       3.753580193933461E-003 -3.970023733269739E-004
   86210.4406641630       4.190808085021940E-003 -3.760636598436793E-005
   436946.042859086       3.756399279117752E-003  4.187411311963267E-004
   619976.244108740       3.325875658136412E-003  8.763007959752733E-004
   1164364.45678009       2.897713186658161E-003  1.331587394472932E-003
   148810.423701330       8.219486885275615E-003  2.441371012603841E-003
   417422.683632155       8.644430746865425E-003  2.016684453674270E-003
   683111.887212159       9.063747494090972E-003  1.590421202693821E-003
   1637512.99873877       9.482816643802463E-003  1.165260182931061E-003
   1132528.25473064       9.900765606829611E-003  7.441633450854712E-004
   1352353.34270246       1.027182850255203E-002  1.155247284743807E-003
   376492.356343444       1.064419897730993E-002  1.569068517056499E-003
   129610.425444656       1.101704438856166E-002  1.983084057362312E-003
   288123.983525080       1.139370596480267E-002  2.396601888743717E-003
   1255257.57144491       1.239654853525430E-002  1.365986098565851E-003
   1418974.07172825       1.198105377181863E-002  1.000613544288711E-003
   930950.229203169       1.156541515676002E-002  6.341419207464219E-004
   93233.6367637070       1.114807437109200E-002  2.647539610296780E-004
   271253.606378789       1.072864235347589E-002 -1.046344026935044E-004
   314387.997180902       1.113854692441322E-002 -4.545636287789335E-004
   517117.563481072       1.154604125898396E-002 -8.041536852548656E-004
   1527050.81725879       1.195226950934956E-002 -1.152817921468628E-003
   919750.949668848       1.235632348899218E-002 -1.502293809939869E-003
   456683.414091777       1.119655735614614E-002 -2.619313800446199E-003
   169804.196977063       1.086317163997367E-002 -2.197167200631936E-003
   747666.175444083       1.053373227416355E-002 -1.773350468845563E-003
   1197978.73267045       1.020555001790862E-002 -1.350388311659429E-003
   1401209.59078067       9.877716684456717E-003 -9.297988542799640E-004
   2310089.43984957       9.378762595194887E-003 -1.339086573119199E-003
   1279762.93460390       8.881537081805892E-003 -1.753886635730435E-003
   1026680.49966976       8.384167695895459E-003 -2.172829628950033E-003
   275473.888895559       7.880982679952766E-003 -2.591978661221610E-003
   887201.223845816       7.801372595350764E-003 -1.598053545473620E-003
   128351.192062998       8.211997826331823E-003 -1.091429581944551E-003
   927369.705709482       8.627667412206393E-003 -5.851967695960595E-004
   463289.729731803       9.048839683562822E-003 -8.216101439058814E-005
   15212.8198553220       8.641256026192971E-003  3.582815710336559E-004
   931577.363156362       8.236238694730559E-003  7.999243524197148E-004
   1418387.20612027       7.833382505147103E-003  1.238200486804262E-003
   424447.641007127       1.342874957051055E-002  2.365144927695711E-003
   106328.481440929       1.379228414243274E-002  1.852945145570570E-003
   52959.6404459194       1.415079794222868E-002  1.338879610851604E-003
   1379098.69150230       1.450829889074720E-002  8.255679956801049E-004
   981221.275873909       1.486357280001096E-002  3.141258425313436E-004
   1196312.99983917       1.523717073118473E-002  8.158176033521583E-004
   127651.378962550       1.561397931043554E-002  1.318340689674527E-003
   224963.553122551       1.599357448560102E-002  1.820889035586459E-003
   443063.963671082       1.637728489739053E-002  2.321235602411096E-003
   1417358.79315168       1.736003615768787E-002  1.305500335668590E-003
   1644417.37119626       1.685517854609228E-002  9.391436598441066E-004
   1683075.89512320       1.635109606332740E-002  5.708973156223072E-004
   847819.091617876       1.584809870856233E-002  1.992701448233259E-004
   68674.8137338260       1.534096614331966E-002 -1.734783503853597E-004
   288808.553043440       1.583723649969462E-002 -6.748870706258235E-004
   676866.667705475       1.632526474634896E-002 -1.178360470868838E-003
   1914980.45427943       1.681230974258773E-002 -1.678616845414723E-003
   1050549.99679909       1.730129618887698E-002 -2.173472060596899E-003
   203521.603884811       1.674662353089787E-002 -2.713572139575175E-003
   482856.879348869       1.626638956022176E-002 -2.197448369642527E-003
   652932.189549704       1.579347191502923E-002 -1.678412494229225E-003
   1256224.97115405       1.532295353667837E-002 -1.161385911573675E-003
   1308784.66113192       1.485158848702567E-002 -6.486455537682493E-004
   1008327.39387380       1.451282625162035E-002 -1.150915505640087E-003
   240409.095396108       1.417179918515031E-002 -1.654085541947740E-003
   151852.069252823       1.382748003797858E-002 -2.157408706278425E-003
   15292.8854538143       1.347882880522233E-002 -2.658229696900814E-003
   1459786.18249963       1.286021359055704E-002 -1.169081210760373E-003
   1651143.07012650       1.336426575309877E-002 -8.353320651554705E-004
   904546.648538356       1.386725913511132E-002 -4.993392190498091E-004
   338776.801440337       1.437407663023541E-002 -1.608291470475322E-004
   211321.009075955       1.387590470410983E-002  2.232036312398952E-004
   1217708.73038293       1.338314010243851E-002  6.068196917832773E-004
   1214386.02596975       1.288985242736685E-002  9.864954519544131E-004
   104457.184226136       1.837761422448020E-002  2.284173753225175E-003
   510202.763336664       1.874695362645804E-002  1.953478409669665E-003
   581913.367358002       1.911343841604414E-002  1.620826007022079E-003
   942497.485391353       1.947966582505957E-002  1.290285289144031E-003
   766642.606745004       1.984604325352516E-002  9.602219977660463E-004
   959588.636079513       2.024988270599620E-002  1.275566114659630E-003
   626137.045600287       2.065395606479805E-002  1.590543301034345E-003
   390567.967178267       2.105822536453242E-002  1.907522526838550E-003
   79019.9216368582       2.146371918428650E-002  2.223713489151353E-003
   727708.214505797       2.234684157856868E-002  1.307448783427885E-003
   581787.100621761       2.202000424547145E-002  9.130274409211536E-004
   245430.511031995       2.169131430885734E-002  5.179572316637570E-004
   117612.228897206       2.136291690003590E-002  1.223787050159223E-004
   318749.925477906       2.103210070720032E-002 -2.727759985919398E-004
   55359.5545919338       2.134778279086452E-002 -6.786278807972030E-004
   33127.2797927225       2.165982125503919E-002 -1.085681301356235E-003
   975527.230183461       2.197253625718766E-002 -1.490763973983699E-003
   675784.293589779       2.228185481925524E-002 -1.897438786588914E-003
   607337.389373318       2.135418089339616E-002 -2.783951262709160E-003
   264050.270882342       2.096320892879258E-002 -2.452385324713324E-003
   967373.537387487       2.057586585697959E-002 -2.119058088540785E-003
   998769.417375186       2.018700507987062E-002 -1.788501231490128E-003
   1109116.94919412       1.979910593392884E-002 -1.456921199756512E-003
   1707562.31069999       1.930960660650654E-002 -1.771106471448334E-003
   1321295.09669452       1.882074262630795E-002 -2.085927929714212E-003
   1479030.62220229       1.833317347354637E-002 -2.405042322126134E-003
   602350.740358606       1.784313380094967E-002 -2.724471823578996E-003
   18696.5816807298       1.762325068688680E-002 -1.685753440555999E-003
   276311.961525036       1.795047405435909E-002 -1.198459241619841E-003
   747916.549334735       1.827891666905984E-002 -7.113798647581716E-004
   370781.625193900       1.861144974127931E-002 -2.261152202481054E-004
   94610.7469432959       1.829677508341735E-002  1.575834006208963E-004
   502072.240745989       1.798387698159081E-002  5.408050885565374E-004
   748384.333408507       1.767051644921409E-002  9.230642146021313E-004
   205045.845957671       2.326405386284561E-002  2.188729308658033E-003
   143341.307094601       2.365579982050541E-002  1.748546980472221E-003
   27801.4244783439       2.404517003293037E-002  1.307540314996698E-003
   586757.072582950       2.443357902108927E-002  8.671119356320628E-004
   579513.195537183       2.482115341891406E-002  4.275237088078976E-004
   1072026.73811614       2.533674460059171E-002  8.453789536754580E-004
   809553.004345539       2.584990590209666E-002  1.266373598035607E-003
   482791.889322726       2.636417649804269E-002  1.689432891252137E-003
   86137.1469809192       2.688230581786639E-002  2.112113453878125E-003
   1234008.86258052       2.733270775980930E-002  1.641431443791565E-003
   835261.415458842       2.689806193830714E-002  1.140501555777082E-003
   266904.951529457       2.646255236407163E-002  6.366246824927354E-004
   136452.846037598       2.602486110665340E-002  1.333196524067910E-004
   605993.215721247       2.558458732268546E-002 -3.700556234259919E-004
   151988.361576158       2.600312766085090E-002 -8.554952278189291E-004
   39555.0608735747       2.641686517841912E-002 -1.342767125849516E-003
   1399136.61312563       2.682882404093725E-002 -1.828730422909895E-003
   869116.093637635       2.723921956193285E-002 -2.312818858576818E-003
   225215.061278413       2.660735940939160E-002 -2.909762264004883E-003
   186503.049587767       2.614874595221120E-002 -2.463045018192474E-003
   918109.704835661       2.569474233373639E-002 -2.015717777583594E-003
   1187953.25717371       2.524071441568115E-002 -1.571289086339254E-003
   1146899.20684552       2.478632878529097E-002 -1.129445156341136E-003
   1376142.88254084       2.438424835027139E-002 -1.551365645877841E-003
   431918.048163627       2.398117846946633E-002 -1.974579754124997E-003
   338912.653920900       2.357854013569390E-002 -2.399360423325139E-003
   204345.139721781       2.317179826662139E-002 -2.823046350945661E-003
   871495.578047066       2.271547609519815E-002 -1.507294311840096E-003
   693131.730860520       2.315013082613302E-002 -1.117567152759230E-003
   81143.4579416673       2.358531396276685E-002 -7.252703173340330E-004
   77731.8579919606       2.402378332077871E-002 -3.339096929670933E-004
   61936.6977533414       2.360326876726063E-002  7.756355304065565E-005
   547845.605091750       2.318439674695554E-002  4.888870159429557E-004
   756134.268480097       2.276559261625515E-002  8.987717692835169E-004
   240646.408832118       2.780484621468454E-002  2.089519229429170E-003
   349334.243150038       2.830226309908282E-002  1.628920757516372E-003
   606115.182624438       2.879532276261528E-002  1.169000184852316E-003
   1106040.77108541       2.928747552023445E-002  7.106892707830614E-004
   663877.817964453       2.978216171447424E-002  2.565585330219144E-004
   782272.083350248       3.022385204215855E-002  6.887865770832380E-004
   244866.372060418       3.066586081426372E-002  1.123730580668739E-003
   145446.169102364       3.110903131854334E-002  1.558460923667974E-003
   350896.923793433       3.155364152051336E-002  1.993645084960200E-003
   708534.846967400       3.229576697881982E-002  1.214200366754292E-003
   877370.512618813       3.184583521175475E-002  7.912561537328245E-004
   477910.893630149       3.139716291467688E-002  3.650836275558577E-004
   26500.1136268931       3.094681943950539E-002 -6.236259702600426E-005
   357206.964260256       3.049531261782320E-002 -4.896721596560452E-004
   77805.7248646501       3.092673520421388E-002 -9.226307807698360E-004
   255865.729951535       3.135588381240433E-002 -1.357418028760402E-003
   1096474.64618648       3.178341800989134E-002 -1.789773117152481E-003
   656913.433027071       3.221097739732524E-002 -2.221462201065704E-003
   182345.680081726       3.136695335269663E-002 -3.020451474776017E-003
   199283.160882047       3.095978280115040E-002 -2.564420320967985E-003
   534692.486723351       3.055572195281216E-002 -2.108481324300318E-003
   848414.428990794       3.015111651038272E-002 -1.653099703539333E-003
   937469.034131783       2.974784975429097E-002 -1.200510859603467E-003
   1315501.74327973       2.927238410128531E-002 -1.632362038553090E-003
   463813.606789424       2.879714660317189E-002 -2.068024713827190E-003
   296404.518195557       2.832112573501937E-002 -2.504825157229471E-003
   45346.0766589758       2.784011167079656E-002 -2.941155917495768E-003
   881847.903241510       2.768618536079849E-002 -1.850750842218546E-003
   497683.771236644       2.813295582257145E-002 -1.386247585187168E-003
   304417.673752342       2.858213479879377E-002 -9.200983813149863E-004
   378276.496854437       2.903420503922481E-002 -4.551662227947656E-004
   392267.787528929       2.860531883469705E-002  6.914103231682754E-005
   150720.668747627       2.817898992853057E-002  5.939346641644655E-004
   635858.828697537       2.775594814658526E-002  1.119108072931638E-003
   284975.344985907       3.307636468670071E-002  1.953869909045689E-003
   44995.4249180677       3.349829599150872E-002  1.491297266970482E-003
   227006.649848338       3.391876778100283E-002  1.028097440862183E-003
   753987.877672841       3.433856985759359E-002  5.659563679894533E-004
   536256.503193033       3.475838541813810E-002  1.046576097073843E-004
   685836.600795671       3.518440612425969E-002  5.443564710538037E-004
   223370.389589248       3.560974288450545E-002  9.844885119005488E-004
   26137.0082116394       3.603698970543081E-002  1.425211703484146E-003
   269780.456052508       3.646511841708265E-002  1.865420127359760E-003
   702614.877898823       3.727383541050466E-002  1.014874566881277E-003
   715433.769793827       3.681722664470877E-002  6.093689534547792E-004
   468577.550007274       3.636067344768024E-002  2.014881312429335E-004
   60611.7779235420       3.590369871494181E-002 -2.064531884615407E-004
   282695.804219983       3.544396378692647E-002 -6.153043327427740E-004
   29849.2560182247       3.588231636388896E-002 -1.067723316846147E-003
   147085.771868739       3.631668248745529E-002 -1.521968341879436E-003
   875525.687313265       3.675037567219629E-002 -1.974113231805466E-003
   530468.138353794       3.718331031518660E-002 -2.426422695949820E-003
   127967.395094804       3.641708169666454E-002 -3.149769843112304E-003
   174883.997434064       3.599089763519376E-002 -2.686654790700232E-003
   453321.748501254       3.556840798350067E-002 -2.222889560856277E-003
   697920.667329982       3.514522480670190E-002 -1.760545465314448E-003
   765239.740669048       3.472316314920119E-002 -1.298901220068027E-003
   932406.392407942       3.429739744862258E-002 -1.738973902343151E-003
   241791.249052509       3.387023930159101E-002 -2.179860644353424E-003
   167844.349251032       3.344325296871104E-002 -2.621887044984797E-003
   45110.4917359214       3.301310883282824E-002 -3.062647741342721E-003
   708384.534021153       3.266592548859574E-002 -1.812527994910822E-003
   547071.693267952       3.312153153227464E-002 -1.402730872018357E-003
   49285.0824274832       3.357766243550926E-002 -9.904355946226007E-004
   203064.916502319       3.403729151803516E-002 -5.795121748190909E-004
   156560.121016645       3.359908083880946E-002 -1.301710785632968E-004
   324100.251756863       3.316412878393626E-002  3.194380322978345E-004
   568066.844819417       3.272983306772712E-002  7.679430742492416E-004
   133992.877254530       3.812522632240018E-002  1.821316281005096E-003
   74587.3310307827       3.852966517320199E-002  1.331543956032947E-003
   10938.1965484090       3.893262953439422E-002  8.396665583018858E-004
   412071.039199330       3.933359712736997E-002  3.491817368216119E-004
   411121.897814716       3.973521725259746E-002 -1.398557090997365E-004
   488056.248956649       4.020906925822172E-002  3.241253548570338E-004
   157818.267802082       4.068198886491123E-002  7.893545378623486E-004
   22610.5151764964       4.115671674383931E-002  1.255961565374493E-003
   104803.553255068       4.163217165920142E-002  1.720920683268361E-003
   479317.522105211       4.226297264285726E-002  1.052334808315910E-003
   521760.807919313       4.177513816008544E-002  6.044665560615169E-004
   333905.653451227       4.128664067159559E-002  1.541674799426103E-004
   36040.8290633344       4.079886225367181E-002 -2.960369975913214E-004
   242939.277423051       4.030959279908836E-002 -7.470101204217593E-004
   185746.915076217       4.077383752586878E-002 -1.189818016213534E-003
   239560.572052306       4.123563060284659E-002 -1.633149291541674E-003
   739625.549652724       4.169826224461058E-002 -2.075322670732881E-003
   416583.758024083       4.215974506119108E-002 -2.516655565748491E-003
   42647.0164610110       4.134502240522097E-002 -3.284005478012482E-003
   207947.790199131       4.093224103514415E-002 -2.793111171808956E-003
   246069.831463276       4.052168556009793E-002 -2.300416638550459E-003
   435244.560145864       4.011168223969660E-002 -1.809558466377828E-003
   712754.406699406       3.970214457132294E-002 -1.319913764470053E-003
   851274.542559325       3.925569658268619E-002 -1.785373560131227E-003
   184450.127585706       3.880814844572075E-002 -2.253108046327132E-003
   79942.3761641377       3.836064111391355E-002 -2.722881641912415E-003
   5781.83212418262       3.790918949588652E-002 -3.190439030876780E-003
   613225.788564714       3.766790928231965E-002 -1.999218710864371E-003
   447276.958108735       3.815368778844706E-002 -1.571768571889101E-003
   124490.523891844       3.863905622417461E-002 -1.141880726444560E-003
   232481.633523644       3.912722799781791E-002 -7.135502842851065E-004
   62095.8046053443       3.866308619441257E-002 -2.797383820719521E-004
   429665.808929631       3.820033924887059E-002  1.526878657486894E-004
   524632.287345651       3.773662551696294E-002  5.847613550455144E-004
   55362.6542950843       4.293192863900363E-002  1.681822642369225E-003
   107172.491638386       4.338111345158999E-002  1.247849127826414E-003
   175194.346880625       4.382990239396220E-002  8.136268453159325E-004
   335672.654759081       4.427757961490812E-002  3.811171161209118E-004
   267425.335482642       4.472658886840672E-002 -5.133230045240196E-005
   242151.881076769       4.516590558529072E-002  3.548987232296206E-004
   95975.6625757527       4.560534387793325E-002  7.604767181529965E-004
   11722.4352374480       4.604513439994324E-002  1.167249945215306E-003
   69891.4316590715       4.648561107365461E-002  1.573857567769771E-003
   255137.368814351       4.724930923240515E-002  7.622282963743169E-004
   300257.879701912       4.681863558064175E-002  3.472474221879674E-004
   184428.531891619       4.638800413022004E-002 -6.833494467633355E-005
   43520.4331544320       4.595821497706956E-002 -4.843210729326928E-004
   159846.063573412       4.552690817238049E-002 -9.002678999849894E-004
   52768.7853806822       4.593296691630024E-002 -1.348549766814348E-003
   39723.8895022598       4.633654158898783E-002 -1.796411178501292E-003
   404898.754310289       4.674076481587713E-002 -2.244843073513606E-003
   253133.819509310       4.714446314111619E-002 -2.693006200493029E-003
   96353.3693945868       4.636044581780753E-002 -3.429446539040331E-003
   9725.13106024231       4.593871001674145E-002 -2.996388272373073E-003
   293127.627508424       4.551811276608127E-002 -2.563129312016034E-003
   338156.195932911       4.509844696416297E-002 -2.131699514940657E-003
   481872.306422775       4.467807753227795E-002 -1.699620624962222E-003
   586023.661767781       4.424134857541384E-002 -2.106300106832077E-003
   233637.744416105       4.380458225252222E-002 -2.512989788967036E-003
   198524.876168570       4.336756404481829E-002 -2.921541146959418E-003
   52466.3957204912       4.292880356158981E-002 -3.329536837685270E-003
   330569.181745868       4.258820257248869E-002 -2.100830608558829E-003
   216136.779009714       4.301737152376747E-002 -1.684700486561611E-003
   108330.855283347       4.344602752041858E-002 -1.267901439595598E-003
   201823.058454299       4.387707721174608E-002 -8.514819993087666E-004
   99458.6635074838       4.347229945846892E-002 -3.747852827449818E-004
   78223.8943008921       4.306933231359381E-002  1.009892845750273E-004
   211220.285028429       4.266594753622357E-002  5.774299483099138E-004
   45483.4387067765       4.806110921603669E-002  1.525028045980283E-003
   65919.8825755513       4.847746037660203E-002  1.139338653027898E-003
   98879.2402251021       4.889308496137296E-002  7.525335257386029E-004
   206240.981626439       4.930867690497572E-002  3.670765749633289E-004
   167988.066453894       4.972427874516762E-002 -1.898699112431426E-005
   216007.499673178       5.018095284336717E-002  3.400236220481721E-004
   155960.566572956       5.063654103639879E-002  6.983920990708103E-004
   74597.0381552925       5.109325351956902E-002  1.057967133518015E-003
   18529.9255010653       5.154930364295222E-002  1.416630186789210E-003
   187443.627843119       5.224497231257931E-002  6.768883358598855E-004
   174847.911300354       5.186025443173879E-002  2.435326858426540E-004
   70447.7230351203       5.147437157196737E-002 -1.911349647446555E-004
   7689.19392535816       5.108926288505813E-002 -6.249398758174220E-004
   102904.100473319       5.070279794721196E-002 -1.059662186881736E-003
   12193.3395774266       5.106334323963012E-002 -1.474513021023307E-003
   10079.6430107382       5.142210431902091E-002 -1.889695121894928E-003
   200468.330802583       5.178173565998907E-002 -2.304677769841592E-003
   133809.753228912       5.213992822954100E-002 -2.718708174242254E-003
   106874.736855718       5.122322022320488E-002 -3.578403894106944E-003
   31308.5501219288       5.083327442728512E-002 -3.193527283693955E-003
   200024.206323541       5.044294271922233E-002 -2.807493663481369E-003
   212951.260464953       5.005246516101206E-002 -2.422921981473276E-003
   277430.346368162       4.966224699301856E-002 -2.037412406317568E-003
   370294.757483391       4.921716494730390E-002 -2.397006497554985E-003
   203057.941095006       4.877309508242895E-002 -2.756083043699249E-003
   193866.587023147       4.832796491174818E-002 -3.116676640200322E-003
   82798.0503429457       4.788188940005370E-002 -3.476023731311320E-003
   187558.508007608       4.752794752032174E-002 -2.268964053801883E-003
   107691.563119238       4.791302083411025E-002 -1.844851273858689E-003
   62787.2649452763       4.829737604251821E-002 -1.421410310940202E-003
   82606.3685105309       4.868344659634866E-002 -9.972072539891047E-004
   54282.8448710954       4.832391688188183E-002 -5.572075470084608E-004
   56812.2986372128       4.796579303677101E-002 -1.172030688355439E-004
   127701.042085188       4.760688026178328E-002  3.226060954627684E-004
   25928.9538237986       5.298475638409569E-002  1.371924317317561E-003
   16219.8880088559       5.341471788915752E-002  8.776799297954769E-004
   6784.14493043549       5.384483649491119E-002  3.821056351016453E-004
   186490.136998059       5.427375599917805E-002 -1.121744933470425E-004
   124611.814400403       5.470362801311061E-002 -6.069377661795210E-004
   156687.535449193       5.515250397715097E-002 -1.394692019567574E-004
   22177.4940568557       5.560161516752948E-002  3.271411150324068E-004
   12701.0210366136       5.605207574220416E-002  7.947347228508181E-004
   13554.7370655697       5.650214582606938E-002  1.261004362386997E-003
   224280.607761768       5.723649886357085E-002  4.782931559759735E-004
   208571.047849938       5.674374526552822E-002  5.885287624241334E-005
   194712.022403489       5.625007467921855E-002 -3.618962047172068E-004
   92600.3610053656       5.575752922496904E-002 -7.820925393539544E-004
   14142.0296867126       5.526365262011290E-002 -1.202307841323741E-003
   47806.3625315668       5.572628011021589E-002 -1.807402569815987E-003
   106990.774116524       5.618685082587067E-002 -2.412262186370796E-003
   95143.6630866297       5.664728218621091E-002 -3.018834756299645E-003
   48448.8748074357       5.710605785853965E-002 -3.624760580691543E-003
   62909.8166494644       5.696067308748941E-002 -3.761180869443170E-003
   38190.7905912016       5.638744934659722E-002 -3.260730939693238E-003
   181375.294529568       5.581486041736105E-002 -2.759849338619023E-003
   128112.549767536       5.524237784546272E-002 -2.261125988873982E-003
   159963.406064012       5.466828567815220E-002 -1.762038551838981E-003
   132375.332200507       5.425158331180385E-002 -2.230522958086107E-003
   11256.1292604356       5.383470466736561E-002 -2.698441734164176E-003
   15846.7007481152       5.341740415616378E-002 -3.167387144178943E-003
   7431.76643018970       5.300040708757470E-002 -3.634978474240972E-003
   223953.159191505       5.263139908551226E-002 -2.331913478858638E-003
   201481.751051281       5.312385578616614E-002 -1.943855309523556E-003
   105435.794815772       5.361528315552063E-002 -1.555310668219619E-003
   43761.9253307174       5.410805286896679E-002 -1.166592856476265E-003
   74175.3818626251       5.364117343084933E-002 -7.050060272846439E-004
   82088.7507518710       5.317602157079281E-002 -2.443326453996610E-004
   123291.050537902       5.271000925962478E-002  2.169751826315949E-004
   17380.4655444329       5.801939769285853E-002  1.212131138481540E-003
   56673.3383567247       5.844114474818606E-002  7.919649881797928E-004
   54505.3167950840       5.886329935698521E-002  3.705916447061237E-004
   150708.114848847       5.928443260485618E-002 -4.952325792950490E-005
   85980.5496595215       5.970552938510318E-002 -4.694238324044303E-004
   132113.204857375       6.011991850426394E-002 -7.646108477069773E-005
   44934.9258033267       6.053442276502238E-002  3.165896126147436E-004
   8963.51136784894       6.094904300277538E-002  7.107767713927717E-004
   21244.3763089375       6.136387845163113E-002  1.103925224510448E-003
   100899.745750270       6.222672324306905E-002  1.837197902944626E-004
   106452.481024691       6.180840641000149E-002 -2.050332517539140E-004
   65204.9118365624       6.138904680782575E-002 -5.939242589004027E-004
   10790.3617840052       6.097061669399836E-002 -9.829923522611385E-004
   6328.18668739516       6.055187271274388E-002 -1.371968269815521E-003
   21000.5762373602       6.094170839448487E-002 -1.879032516980720E-003
   3673.18391358719       6.133132660011804E-002 -2.386181665812290E-003
   77436.0966088476       6.172184282715643E-002 -2.892323305135799E-003
   51430.2794010335       6.211120804472980E-002 -3.399307804233865E-003
   15070.4660442682       6.156951903195907E-002 -3.906925000164853E-003
   1282.36262450752       6.108898343729364E-002 -3.484867518462921E-003
   61029.7707905687       6.060974024889320E-002 -3.061844651772431E-003
   75636.1715264554       6.012944216543015E-002 -2.639962243168449E-003
   61740.4205831055       5.964908106613754E-002 -2.218243028338010E-003
   132891.485109081       5.904674259553961E-002 -2.605006771990512E-003
   149927.767719205       5.844576849094581E-002 -2.992260695854902E-003
   122511.465920959       5.784426761705662E-002 -3.381187799660770E-003
   32972.0863018789       5.724264795320962E-002 -3.769958700102487E-003
   824.694045684533       5.752880508641734E-002 -3.046877566989135E-003
   82838.5173978415       5.795350619387568E-002 -2.468993409815228E-003
   83728.2021814454       5.837785026364600E-002 -1.892583011035230E-003
   45207.6363463780       5.880262948485143E-002 -1.315533784963398E-003
   17156.9130457752       5.841098204001742E-002 -8.672477253939318E-004
   73093.5589277267       5.801968435486929E-002 -4.189013924486815E-004
   100733.974404282       5.762750734761026E-002  3.026252590567673E-005
   21337.7672033758       6.314703582526396E-002  1.046278258619422E-003
   23839.2094345605       6.353529460764457E-002  6.143214404307200E-004
   34076.9668609057       6.392327661027533E-002  1.822812010621052E-004
   98410.4935579638       6.431120431799359E-002 -2.496431051186665E-004
   60227.6267954787       6.469908210360971E-002 -6.814384090535602E-004
   84471.7798618457       6.507207542874895E-002 -2.741684523336072E-004
   22127.6285842825       6.544618246868007E-002  1.330915501444778E-004
   1119.09306142576       6.581934745152360E-002  5.404506618801239E-004
   10489.5273536847       6.619362344810456E-002  9.477636487977364E-004
   53293.0626844476       6.721704274451751E-002 -1.437622220254804E-004
   74102.0666545931       6.678684285318201E-002 -4.910730694496911E-004
   54569.0157064927       6.635667330374012E-002 -8.374826589618696E-004
   5789.68621431290       6.592645235103914E-002 -1.184987440889720E-003
   10285.5390400815       6.549606516041895E-002 -1.531434892856003E-003
   12314.1545231789       6.590109829188012E-002 -1.970833721779492E-003
   21724.0284120433       6.630599185393794E-002 -2.410262280783484E-003
   65218.7827126807       6.671085863591240E-002 -2.849616687900535E-003
   40845.6943874803       6.711571445230580E-002 -3.287919750957278E-003
   8543.98854046598       6.629348284671041E-002 -4.058765152854247E-003
   5954.38774970164       6.588220339679647E-002 -3.626179870671385E-003
   30997.3738720266       6.547008791314952E-002 -3.193517019860732E-003
   44669.7977488530       6.505799867957518E-002 -2.760926509351313E-003
   49762.0577072187       6.464593797394914E-002 -2.328399392460186E-003
   78658.7840716842       6.413898495670468E-002 -2.731270546531409E-003
   45650.9654961979       6.363209876542253E-002 -3.134340194631951E-003
   32517.6586789908       6.312620629015159E-002 -3.537605874263901E-003
   9120.16253365592       6.261903617725333E-002 -3.940806624347247E-003
   43148.0359239219       6.254543320622562E-002 -2.918913085732934E-003
   12833.0536920366       6.297972770241672E-002 -2.439375572675818E-003
   24027.7424705996       6.341419268684036E-002 -1.958798143815152E-003
   15546.9885120617       6.384886202829641E-002 -1.478304711122961E-003
   1045.50768392915       6.344312149185810E-002 -1.062734709495737E-003
   56607.8288869698       6.303760044261551E-002 -6.471409023269810E-004
   75371.5080662850       6.263212013512981E-002 -2.316788111942181E-004
   474.592052137489       6.830855279727203E-002  8.794854468149136E-004
   25960.8452734528       6.865929086529103E-002  5.549451002862691E-004
   28416.1916544847       6.900887663120341E-002  2.293966309280624E-004
   51267.0772263202       6.935949135438225E-002 -9.512773961025105E-005
   35967.3464863908       6.970908400248665E-002 -4.195892820697928E-004
   46529.1329311619       7.003989753556572E-002 -1.170817715402607E-004
   27181.3759497780       7.036974147936691E-002  1.854731087784082E-004
   15221.8023957324       7.070063407797884E-002  4.890270678232713E-004
   3249.39418987112       7.103054362389918E-002  7.916131358735273E-004
   43163.2178693452       7.220864044291288E-002 -4.650279332753277E-004
   41428.6841104560       7.188559303126280E-002 -7.747825277500118E-004
   28084.4619645096       7.156148982652463E-002 -1.085528612913674E-003
   9880.00318224972       7.123840025812642E-002 -1.395338031015595E-003
   6828.97623801626       7.091522241593666E-002 -1.706137994658076E-003
   6070.06955320541       7.121467233291627E-002 -2.132094045077113E-003
   6852.97623352757       7.151400977845970E-002 -2.558104909523118E-003
   32535.2313772952       7.181432041264908E-002 -2.984118487787063E-003
   24829.3538742867       7.211348970754705E-002 -3.411125964021253E-003
   29474.8138646318       7.125190245685475E-002 -4.218524502715557E-003
   17695.6506978085       7.084527473059007E-002 -3.892136888375108E-003
   45997.5993331425       7.043977528928703E-002 -3.564767153369262E-003
   45749.0877118105       7.003421397277841E-002 -3.238479566862317E-003
   44611.0629016243       6.962867864403541E-002 -2.912199378102989E-003
   61673.2773261645       6.919296257834455E-002 -3.211323797946148E-003
   40936.9634306044       6.875723839014494E-002 -3.510485471844934E-003
   46144.1165883884       6.832149937815082E-002 -3.810734977294843E-003
   20456.8177546264       6.788666869843803E-002 -4.109987336456815E-003
   16071.0011010992       6.744200348065929E-002 -2.873091696417380E-003
   7447.43466990048       6.776944649478207E-002 -2.457323477155784E-003
   15119.1043980386       6.809592900387861E-002 -2.041490988606314E-003
   4436.41815500443       6.842250551619802E-002 -1.625699973478972E-003
   2158.60668183982       6.812129465025960E-002 -1.255707416864181E-003
   24870.9497336488       6.782018363263249E-002 -8.847083018510288E-004
   35027.1649555861       6.751805457431470E-002 -5.147255416032312E-004
   6977.45828546298       7.346527390954767E-002  7.129132024649566E-004
   2286.56004979588       7.376965859581404E-002  2.227869587068535E-004
   8775.60654876865       7.407494021292700E-002 -2.664478539159422E-004
   23517.6294277105       7.437915010674152E-002 -7.566342887442435E-004
   26022.9292930883       7.468427745723705E-002 -1.246826583226932E-003
   35883.5859175122       7.510544454681573E-002 -7.802303204659457E-004
   11463.3691996571       7.552764506331011E-002 -3.136061603817675E-004
   290.958505498479       7.594886735582441E-002  1.520663203289534E-004
   7515.98060872716       7.637119580598790E-002  6.186812584392731E-004
   32582.6672158756       7.721641046723128E-002 -2.832138533487715E-004
   41438.6656206317       7.672358859844103E-002 -6.744091297193710E-004
   33714.1385077132       7.623182013364406E-002 -1.064703862428778E-003
   16088.6919094308       7.573901549759275E-002 -1.456018971752012E-003
   2627.79099236583       7.524616338551199E-002 -1.846333656281938E-003
   18711.7116970745       7.571266438635769E-002 -2.269802093501416E-003
   17892.7238877453       7.617905868518644E-002 -2.692298388913156E-003
   43949.5492654267       7.664442273563871E-002 -3.115689282858079E-003
   24796.5895447939       7.711081153767881E-002 -3.538074734426399E-003
   2241.60239860045       7.621304366520912E-002 -4.379325131360428E-003
   11083.7980969147       7.582183619530419E-002 -3.886292187904239E-003
   13476.9113137487       7.542971413601784E-002 -3.394180300149421E-003
   22759.8735111585       7.503865963131016E-002 -2.901144305058013E-003
   45005.5412689951       7.464665320664687E-002 -2.408129122023420E-003
   50200.1914950288       7.421558255166325E-002 -2.874439333272430E-003
   10528.2905480491       7.378447580741625E-002 -3.340850167741458E-003
   3430.33968103941       7.335333941384017E-002 -3.806301872729314E-003
   4684.18153187245       7.292102787797822E-002 -4.272659232681534E-003
   43595.9209215331       7.260653752077764E-002 -3.009854900291179E-003
   36124.0045581598       7.309855402132653E-002 -2.609484032780083E-003
   4872.23227340473       7.359158389293283E-002 -2.209061496814692E-003
   8266.62531251595       7.408475597046553E-002 -1.808657107494396E-003
   19713.1986716409       7.361545152426031E-002 -1.472179704147111E-003
   40751.8608384334       7.314617994917344E-002 -1.136734439782983E-003
   33827.7386131752       7.267790941900767E-002 -8.004061363395825E-004
   2431.39674707945       7.811828206407044E-002  5.618506309733734E-004
   9794.67498497898       7.851357213125709E-002  1.937847105572606E-004
   4747.12607627149       7.890777555024565E-002 -1.742857471019868E-004
   12845.0085368812       7.930297878279932E-002 -5.423569790629717E-004
   13320.5613862276       7.969719390176443E-002 -9.103535984063057E-004
   9710.73197834190       8.008450526811048E-002 -5.677603173712916E-004
   6725.20535389708       8.047182088440868E-002 -2.251620972445814E-004
   4015.26742478779       8.085814308445734E-002  1.174725159059455E-004
   1462.94883511201       8.124547532454811E-002  4.600742722628585E-004
   12187.1388494773       8.220954689403726E-002 -5.688160741077913E-004
   11512.9658082833       8.184254248701019E-002 -9.330689595909679E-004
   8476.30853599991       8.147556971011628E-002 -1.296333261471723E-003
   5316.18574529772       8.110856075373263E-002 -1.660604022738167E-003
   7590.17478224800       8.074154284399621E-002 -2.024875891295089E-003
   2158.18111936950       8.108281931648315E-002 -2.454196587118810E-003
   5682.26311690583       8.142398992649977E-002 -2.884563016007610E-003
   6577.48561961317       8.176518771149421E-002 -3.313918641371731E-003
   5238.18924778544       8.210632095509159E-002 -3.744282001938513E-003
   7681.71960701629       8.125386422516616E-002 -4.542917844888628E-003
   5572.32044184762       8.084665413956990E-002 -4.174452902591655E-003
   14859.9243367694       8.044046661244308E-002 -3.806021408232830E-003
   10449.6185191956       8.003326186868172E-002 -3.437593537571683E-003
   25260.7120376643       7.962708770572544E-002 -3.069176050375599E-003
   29640.0525161129       7.920786831189162E-002 -3.410748046627863E-003
   18640.2744553426       7.878965589106328E-002 -3.752401919628465E-003
   18647.9464117669       7.837044072630499E-002 -4.094064964124236E-003
   7075.12045456080       7.795214399911779E-002 -4.435733288847739E-003
   14216.2172803150       7.747869236524405E-002 -3.142736618137943E-003
   8639.63098255401       7.784666346312975E-002 -2.746408758378806E-003
   3441.50409907035       7.821462708757797E-002 -2.351057349537755E-003
   13009.0165866281       7.858266134747932E-002 -1.954707987654917E-003
   4716.69308182321       7.824104899494219E-002 -1.537321562804333E-003
   3790.69668579524       7.789948659272468E-002 -1.118944127830175E-003
   4090.67304769529       7.755790225012424E-002 -7.015904173056830E-004
   3128.48751972406       8.323840752188998E-002  3.951769639190233E-004
   5713.57991040008       8.359706598701019E-002 -1.447612397200634E-004
   3590.48509421404       8.395464884319676E-002 -6.856968969349831E-004
   1071.10780054924       8.431326882963716E-002 -1.225661988392159E-003
   1683.11815338205       8.467188535034968E-002 -1.765624909963173E-003
   1184.11015618474       8.508588778321442E-002 -1.250848169014976E-003
   1868.02531389137       8.549989234279040E-002 -7.360871205758237E-004
   4040.23710523172       8.591392356538739E-002 -2.203267158636807E-004
   2072.48504525848       8.632792027759142E-002  2.944345767438602E-004
   3417.65974930861       8.720970635388095E-002 -6.468055679203079E-004
   257.264998264321       8.666904629431658E-002 -1.026382249366410E-003
   2865.49525989112       8.612738213851154E-002 -1.405912587106639E-003
   7048.09249896875       8.558672210041546E-002 -1.785468391735816E-003
   1976.54692915747       8.504608482629672E-002 -2.165024104418097E-003
   3457.93020027247       8.555962009448859E-002 -2.617995558529793E-003
   2203.92514106982       8.607312437755024E-002 -3.070985341648863E-003
   540.052425793270       8.658759290088817E-002 -3.525006046299461E-003
   227.852486363256       8.710109079291080E-002 -3.977995433760308E-003
   366.743052274818       8.632186974030144E-002 -4.707969688667225E-003
   209.028975534125       8.590332190175837E-002 -4.166030749359841E-003
   2422.98422165350       8.548380933272151E-002 -3.623060509468596E-003
   844.508204092422       8.506525789267767E-002 -3.081132840267674E-003
   12330.1135879456       8.464670754756771E-002 -2.539208493029293E-003
   8386.40334692986       8.421182303025972E-002 -3.053340632140474E-003
   257.943905563289       8.377592108533932E-002 -3.567470837349238E-003
   2009.26798130237       8.334095670945166E-002 -4.082628397938890E-003
   268.973170302471       8.290498758793143E-002 -4.596732020740362E-003
   12350.9929863159       8.264763737404260E-002 -3.342695977691540E-003
   11823.2340044873       8.318990789002154E-002 -2.942117550382667E-003
   6083.71284078475       8.373120322098150E-002 -2.540476855987349E-003
   2624.40895837339       8.427249486750360E-002 -2.139825748290074E-003
   1659.20416672730       8.375701026145149E-002 -1.746828955926242E-003
   907.074421762579       8.324152895284308E-002 -1.353837145844574E-003
   4951.06079202511       8.272500790988467E-002 -9.618267302234544E-004
   2457.46034019907       8.815093630249030E-002  2.349689496203271E-004
   3018.17862315208       8.852961175795239E-002 -3.336655233163372E-004
   268.230327127988       8.890831484287162E-002 -9.013048194269607E-004
   2496.30100790318       8.928699523172762E-002 -1.469940554662513E-003
   1492.88189135761       8.966571466582628E-002 -2.037583871525980E-003
   1980.10382767639       9.007363785659633E-002 -1.495610377665416E-003
   1523.70791134239       9.048158227917463E-002 -9.526481549341752E-004
   3109.11032474230       9.088948033398844E-002 -4.106791771014847E-004
   1270.17396634122       9.129640488667617E-002  1.323264146874175E-004
   662.254909923905       9.220621618770841E-002 -8.388528190176481E-004
   4223.81632481955       9.163781797644267E-002 -1.209519740465834E-003
   3304.47715960490       9.107037736290703E-002 -1.581203837130992E-003
   633.324232577106       9.050193267779741E-002 -1.952842400491375E-003
   491.711706834556       8.993450115293845E-002 -2.324504079956927E-003
   234.405874934123       9.047555463506264E-002 -2.761362992825953E-003
   2392.65014675297       9.101757691139507E-002 -3.199261532596515E-003
   2844.04607520879       9.155862786338351E-002 -3.636136230019773E-003
   1442.41319483682       9.210067416031650E-002 -4.073048683682953E-003
   325.131876637496       9.125126568737156E-002 -4.868768117346906E-003
   1454.78468194002       9.085062543503733E-002 -4.299402803799874E-003
   784.222845220840       9.044994324310818E-002 -3.731042791009526E-003
   1575.94319817689       9.004828531900798E-002 -3.161654681807219E-003
   1443.88960664326       8.964758878381297E-002 -2.593291965736859E-003
   159.000760824488       8.919372786773465E-002 -3.133781895703193E-003
   149.449788502619       8.873983236079411E-002 -3.675272257620014E-003
   242.258595568749       8.828496733082074E-002 -4.215728944933547E-003
   41.8316938322697       8.783106668788616E-002 -4.757215885708777E-003
   700.137749229398       8.767101140372016E-002 -3.560359880956888E-003
   704.812643096108       8.823996370071988E-002 -3.141690353108466E-003
   766.755953722064       8.880988147626115E-002 -2.724050440027362E-003
   1019.60918416117       8.937879943558383E-002 -2.306375501329483E-003
   1526.89168814088       8.883702751158007E-002 -1.891507807259782E-003
   2610.90579014997       8.829424844818269E-002 -1.476604311798886E-003
   4420.28634617965       8.775247091083989E-002 -1.061729250471434E-003
   12.1281182585401       9.317739927641326E-002  7.096655602986061E-005
   724.833256488947       9.355005118244791E-002 -4.364487538023316E-004
   246.292485523873       9.392367482943807E-002 -9.448940357942590E-004
   355.289119964114       9.429733444225644E-002 -1.452339983679209E-003
   1062.64169964792       9.467099393241013E-002 -1.959791818111683E-003
   428.397998640758       9.508692119237357E-002 -1.478096754033222E-003
   343.485932627690       9.550184870131935E-002 -9.963670533684075E-004
   538.827948984764       9.591780956686696E-002 -5.136709397455378E-004
   99.6330922466487       9.633373930623963E-002 -3.197517680258999E-005
   338.425016519302       9.720487906840856E-002 -9.618756677055990E-004
   62.5876899415305       9.669709998239812E-002 -1.345522569320664E-003
   188.418854852072       9.618832179291996E-002 -1.729138241252099E-003
   316.942801256670       9.568057533385828E-002 -2.111788245681095E-003
   281.683519925008       9.517279574404264E-002 -2.495439279488642E-003
   907.350489101398       9.565504097603551E-002 -2.894378916236103E-003
   220.983485404509       9.613728896022505E-002 -3.293316340859504E-003
   53.5961814641181       9.662053562221957E-002 -3.692287033205388E-003
   13.1661194011644       9.710278303695864E-002 -4.091224928665207E-003
   7.44867151109224       9.610373198812540E-002 -5.027144292883989E-003
   36.3056068073745       9.573707734293294E-002 -4.519918125760075E-003
   149.617937893217       9.537045510553445E-002 -4.011692698685905E-003
   614.477971019396       9.500380096729613E-002 -3.504465994013576E-003
   1888.70015503846       9.463714444223918E-002 -2.997241891489626E-003
   1594.82310017487       9.420221130466670E-002 -3.478313143722802E-003
   554.110297091334       9.376627716930236E-002 -3.959342201746671E-003
   141.121371455711       9.333131267001325E-002 -4.441401294940937E-003
   106.341256146926       9.289638758078099E-002 -4.922463761327989E-003
   1338.61147934093       9.260908813765867E-002 -3.670423133323959E-003
   885.782769631030       9.311850092820030E-002 -3.267832597681900E-003
   140.075657985768       9.362694475870434E-002 -2.864213002493160E-003
   2234.93425850639       9.413534936490212E-002 -2.461592837836775E-003
   131.685083064129       9.365332661445512E-002 -2.055670672562751E-003
   603.538721590999       9.317130060790908E-002 -1.649745698455185E-003
   1081.65463187242       9.268827458656402E-002 -1.243784715436259E-003
   59189.9313989066      -1.572062047216880E-003  7.504096741047978E-003
   192589.884640198      -1.179528867977022E-003  7.141286212601745E-003
   206419.888173742      -7.878795200985690E-004  6.779097976826752E-003
   472684.914033832      -3.973794032493501E-004  6.416220458666117E-003
   320079.212383134      -6.574501157120413E-006  6.052966866530320E-003
   587784.705171820       3.977645632216687E-004  6.413793161732002E-003
   289103.952916775       8.021963825457064E-004  6.775427480530391E-003
   344658.980678424       1.206794891915077E-003  7.136862874436224E-003
   274783.922076256       1.613623179683193E-003  7.498342620980913E-003
   1002450.55670209       2.489452083561653E-003  6.616701718967589E-003
   442278.130011728       2.129108733353247E-003  6.212080310137414E-003
   358264.222403570       1.768517812026722E-003  5.807629373540518E-003
   53784.4959535227       1.406666524173207E-003  5.402364215836823E-003
   149555.123917137       1.043976822259839E-003  4.997044361874468E-003
   21123.7493545697       1.404232640759109E-003  4.544938879367818E-003
   160859.373994239       1.762353737710306E-003  4.092115121042016E-003
   1125145.93998676       2.118692667933320E-003  3.640244376800709E-003
   837247.129957616       2.474346066936043E-003  3.188956896107689E-003
   73542.2120501830       1.320942111555144E-003  2.854756076928914E-003
   788401.206691263       8.762281152638197E-004  3.220103925868790E-003
   911600.323847233       4.314981347635468E-004  3.584863976929135E-003
   719623.250751757      -1.301422411150468E-005  3.948760126712227E-003
   1113391.67581898      -5.350330252746328E-004  3.587608747410233E-003
   882568.664575670      -1.058193238473494E-003  3.226689899157948E-003
   498964.089489377      -1.579527257460453E-003  2.865218145890746E-003
   350971.635021290      -2.505605057817239E-003  2.902723699984216E-003
   482977.516960564      -2.146813168722831E-003  3.428013237416602E-003
   59050.7208010159      -1.787776329309047E-003  3.953603212718797E-003
   360090.027550621      -1.426232578945891E-003  4.479710358167789E-003
   313841.910838377      -1.061961329961501E-003  5.003088762818539E-003
   199050.597241095      -1.422849493323126E-003  5.396662283306082E-003
   433465.655151162      -1.782866705699057E-003  5.789573147415517E-003
   504185.728661806      -2.141991343709232E-003  6.182896769546589E-003
   959360.994731615      -2.501898280640057E-003  6.575918921652229E-003
   17253.3709577198       3.373525806360627E-003  7.490759552404283E-003
   419741.125023290       3.777068393541760E-003  7.176629542383980E-003
   399860.788495547       4.178827843880767E-003  6.862810218854558E-003
   590742.910485672       4.580470435648244E-003  6.548646002857602E-003
   578350.243916097       4.982165422088875E-003  6.236157020715763E-003
   619584.730021465       5.391370068270787E-003  6.542554936216800E-003
   517377.228258829       5.800379886592430E-003  6.850720347301217E-003
   407849.915071351       6.209593646857481E-003  7.158337760473986E-003
   108404.610910034       6.620862061226294E-003  7.466824360004567E-003
   765541.530047871       7.480539500391908E-003  6.592806907165983E-003
   528041.911918807       7.168474912228744E-003  6.186376477086637E-003
   305256.464956487       6.856758908476892E-003  5.780525910905642E-003
   125177.021812386       6.543577101016714E-003  5.374318635360483E-003
   369025.205560728       6.231057491382548E-003  4.967864173536707E-003
   155520.689782685       6.538791380000247E-003  4.534258087645013E-003
   37869.3099541730       6.843557092578833E-003  4.097511884588936E-003
   1025944.81359516       7.146559024985712E-003  3.662726474255026E-003
   1033417.09459726       7.448386081514174E-003  3.228473781338737E-003
   725929.695708978       6.235499944656690E-003  2.776517788981540E-003
   1396636.84276447       5.812029093880181E-003  3.092888526719544E-003
   1287816.31261114       5.387003724062269E-003  3.408024579078453E-003
   1463043.13977631       4.964428476850625E-003  3.722901736933243E-003
   1967711.38417719       4.518459704961107E-003  3.414626757229997E-003
   1384389.08290929       4.071573933036448E-003  3.105543346835015E-003
   1045793.70477571       3.625060773790389E-003  2.795257320657435E-003
   872317.033250422       2.782088153051365E-003  3.637324443326497E-003
   224341.578534122       3.090609007039369E-003  4.087244965232532E-003
   437854.175862906       3.401542866724042E-003  4.537734733368019E-003
   32975.2641489719       3.715216983453393E-003  4.986277695176797E-003
   100752.526869355       3.408478901016269E-003  5.394301626949487E-003
   342893.732218841       3.101224092804368E-003  5.802165522771269E-003
   480910.836399871       2.795240767495117E-003  6.209400707421504E-003
   121563.538535676       8.355062401433491E-003  7.449580189178175E-003
   32076.9218465975       8.761445589223975E-003  7.093833422484446E-003
   57971.9888302255       9.164671099644146E-003  6.737188777772749E-003
   306650.645876972       9.567682948946110E-003  6.382235449609444E-003
   487978.375556525       9.970110690866226E-003  6.026451880760540E-003
   813352.569373245       1.048098541048235E-002  6.368014439963956E-003
   1032824.06233633       1.099104924448108E-002  6.711371460303084E-003
   709655.556521071       1.149989952232202E-002  7.057056479911565E-003
   7388.64033797476       1.201115390047860E-002  7.403889695337613E-003
   895918.120049121       1.247225388717667E-002  6.932865141292961E-003
   541345.814573225       1.212089194189134E-002  6.427434721039194E-003
   32781.9282223428       1.176783895993689E-002  5.921513703531526E-003
   74695.9885434894       1.141367395060698E-002  5.414995488158567E-003
   596093.465591885       1.105822737066524E-002  4.909168466575907E-003
   200193.290808741       1.140371113045081E-002  4.530882835317747E-003
   327439.284037758       1.174477459131258E-002  4.151316480471405E-003
   1017857.99576769       1.208622257453892E-002  3.773946994033590E-003
   894051.456127300       1.242694930390115E-002  3.396918959205305E-003
   122744.308492442       1.102884635924283E-002  2.755458753533071E-003
   747573.174948126       1.066672136930076E-002  3.113970066998119E-003
   985841.248450517       1.030390868140333E-002  3.469887027236327E-003
   1307109.97841106       9.942746155148561E-003  3.826795636171253E-003
   1794676.45379109       9.513254343311389E-003  3.481745530559439E-003
   1147300.91577838       9.082146537905634E-003  3.137023211106006E-003
   798474.820808477       8.651924448096726E-003  2.789381535693018E-003
   1073805.34671836       7.798030129424574E-003  3.654827100103947E-003
   508492.313012159       8.149037025932159E-003  4.082717807575850E-003
   179082.707333710       8.500303898102799E-003  4.512530548663304E-003
   54109.7892952211       8.855743890974715E-003  4.940063176870332E-003
   57218.2909033452       8.510735400758918E-003  5.353359876794988E-003
   271680.903503463       8.167710384164315E-003  5.766807412662447E-003
   357172.147772622       7.823655189526733E-003  6.179351309593344E-003
   8682.81385244051       1.294324161072591E-002  7.391648701465060E-003
   156977.438369701       1.344560587502335E-002  6.865406692244396E-003
   31796.5868838492       1.394276704842286E-002  6.337128859773936E-003
   549721.191721563       1.444002207746565E-002  5.809638705058087E-003
   474010.627563455       1.493700193881362E-002  5.284700077949807E-003
   235560.553767123       1.530786402721919E-002  5.795922273472679E-003
   20992.4793345640       1.567988172469417E-002  6.307473083118861E-003
   15893.4755893442       1.605289131638660E-002  6.818773579506993E-003
   70358.5904977371       1.642694552345435E-002  7.329513042470847E-003
   517934.300609431       1.744816123504387E-002  6.270903238804059E-003
   652233.806370341       1.692629029423211E-002  5.915702205261317E-003
   732795.918933631       1.640483937428848E-002  5.560020518582788E-003
   726197.689112640       1.588394904903789E-002  5.203505434644357E-003
   129286.031146309       1.536311809298613E-002  4.846290133514960E-003
   658009.626045813       1.587373210433977E-002  4.459536612682022E-003
   492697.262842326       1.638060505300058E-002  4.072305216523087E-003
   801833.398149723       1.688786573840730E-002  3.686838709448242E-003
   520645.807748744       1.739567191937359E-002  3.302694876044098E-003
   212975.530011760       1.601201123865331E-002  2.846686884410231E-003
   161997.308468000       1.564844843691316E-002  3.372808884365284E-003
   375742.868449251       1.528607061559500E-002  3.898357273391247E-003
   1295736.46615616       1.492551164603145E-002  4.422513336103316E-003
   1031861.90343840       1.455511702110772E-002  3.909311499872474E-003
   86460.6494650076       1.418200355573783E-002  3.394019601415180E-003
   244943.035375915       1.380737473805116E-002  2.878812842450414E-003
   1391981.80128765       1.294537964090965E-002  3.759738011066352E-003
   1409881.53072277       1.346284755885865E-002  4.123399066059046E-003
   748779.278724052       1.397942519390737E-002  4.490785902836109E-003
   96317.9526262967       1.449884167122967E-002  4.859229286803077E-003
   213329.866210507       1.398998109572159E-002  5.377668303057443E-003
   291677.129497971       1.348412557951380E-002  5.898100312521853E-003
   271402.913754952       1.297853837679042E-002  6.415984659964415E-003
   101963.189840334       1.850673904981638E-002  7.289900153261821E-003
   37340.0461777990       1.886482914343433E-002  6.886328177728123E-003
   13778.7040988045       1.922149788158618E-002  6.482121919702794E-003
   297502.772209700       1.957799878164017E-002  6.077426497510577E-003
   318769.343330464       1.993422681666367E-002  5.674195389789241E-003
   404796.640108029       2.035935526755003E-002  6.061746193407126E-003
   297324.427084210       2.078418593771615E-002  6.451504426679284E-003
   124465.910381880       2.120942907030902E-002  6.840670552466582E-003
   166472.271792831       2.163577913445558E-002  7.229681647572537E-003
   528646.856928250       2.244382798817253E-002  6.390311383182612E-003
   444203.108178095       2.204180815769031E-002  5.978860370659078E-003
   241938.243015951       2.163951418395381E-002  5.566755839968240E-003
   92465.4397592479       2.123568893716791E-002  5.154286666534248E-003
   269924.966773026       2.083242689745975E-002  4.741486785722926E-003
   62401.1478215109       2.122087754520974E-002  4.332212521237760E-003
   181087.214064502       2.160848336340333E-002  3.922468193202621E-003
   625305.442847618       2.199473662490581E-002  3.513636336300701E-003
   456720.513666250       2.238066687587989E-002  3.105724334795586E-003
   159660.626048421       2.107133379718078E-002  2.629321675603161E-003
   242868.317334319       2.068049653008977E-002  3.035123552415972E-003
   426860.501554873       2.029009593319460E-002  3.441063798343513E-003
   609503.248474095       1.990035056219653E-002  3.845512064860676E-003
   691599.829808145       1.952044926271536E-002  3.456419071611026E-003
   345881.087538209       1.914022001067991E-002  3.065406764869652E-003
   22254.7088408025       1.875934986259547E-002  2.674880583608724E-003
   721071.278326640       1.779654435361507E-002  3.670104079963257E-003
   424089.289426087       1.819734478661170E-002  4.038694301289382E-003
   105374.429066526       1.859966979561156E-002  4.407869947513650E-003
   78033.7250436629       1.900217680412282E-002  4.777094644368069E-003
   107319.881122478       1.861309298386268E-002  5.150817461705136E-003
   143558.763151669       1.822382312702637E-002  5.524569521941199E-003
   181483.292862431       1.783563357020648E-002  5.897653825350348E-003
   65413.2367744653       2.328372713615398E-002  7.196619469597675E-003
   150738.573711459       2.369552139095057E-002  6.821299035067598E-003
   171203.635506006       2.410597999538829E-002  6.445628805776578E-003
   367392.278161633       2.451634253049546E-002  6.070573034723289E-003
   317204.841273851       2.492674335294770E-002  5.696178295094989E-003
   347209.697675581       2.534717852978029E-002  6.053495105667098E-003
   217346.670649265       2.576760472582661E-002  6.411355990996642E-003
   189920.071454047       2.618826310412280E-002  6.769544968304672E-003
   144533.528575512       2.661007451919409E-002  7.127280372155393E-003
   624401.120159084       2.743554440201627E-002  6.265919903127246E-003
   374975.327260462       2.706267818208948E-002  5.859641424281964E-003
   277604.392887219       2.668934423149273E-002  5.453152499621925E-003
   123763.195202312       2.631580942532991E-002  5.046209977871965E-003
   253287.805289101       2.594193457856268E-002  4.639095553241100E-003
   137831.995791666       2.629794877357116E-002  4.120286550439532E-003
   223524.949468935       2.665152492560300E-002  3.601066255447492E-003
   432009.453437790       2.700376162379597E-002  3.080785733482430E-003
   531745.006864256       2.735422661537801E-002  2.561184424333104E-003
   306848.434275347       2.638220885436021E-002  2.492307969733333E-003
   747878.381708216       2.588350309233679E-002  2.871610128638779E-003
   655283.629950283       2.538501852346920E-002  3.249002266817718E-003
   685389.345326551       2.488543312498490E-002  3.625897523181053E-003
   792376.295270248       2.448071981095791E-002  3.267515483664259E-003
   452158.443275602       2.407568561687433E-002  2.908533756838439E-003
   148303.099139532       2.367028485546563E-002  2.548806214963261E-003
   608469.903066727       2.275215086097585E-002  3.498690186480893E-003
   281518.029226638       2.312383598481577E-002  3.892735412466028E-003
   54895.6835583867       2.349615138046842E-002  4.287245721628990E-003
   89108.1930529346       2.386988757361578E-002  4.681375047399384E-003
   78586.8076854080       2.351252901212414E-002  5.108825982226477E-003
   121777.011846324       2.315584120698209E-002  5.536316039572038E-003
   219732.492703153       2.279946683512116E-002  5.963363317962054E-003
   140122.165680671       2.829790403853490E-002  7.089610116537694E-003
   33485.6970283637       2.870201543139844E-002  6.628074709770512E-003
   82699.3098210786       2.910423310681602E-002  6.166601499705971E-003
   379151.680570411       2.950591059807690E-002  5.704502770692272E-003
   326630.278359655       2.990676443525317E-002  5.243536268854679E-003
   598759.877932140       3.035020653129501E-002  5.682154064233666E-003
   363131.787145748       3.079437308875651E-002  6.123543726906912E-003
   134040.719426947       3.123821020542450E-002  6.564550791930202E-003
   167996.166070152       3.168469478567019E-002  7.006157759343505E-003
   697500.887194024       3.242408258472606E-002  6.230114779101829E-003
   622189.825433919       3.196521297503215E-002  5.805284983489745E-003
   389458.713753401       3.150731031485798E-002  5.380317750323999E-003
   145046.872144420       3.104773909948095E-002  4.953716501709770E-003
   306691.893940564       3.058797318111985E-002  4.528039195325534E-003
   29031.2060772802       3.102646326846338E-002  4.078661663496084E-003
   210901.309207286       3.146326196446751E-002  3.628685721792021E-003
   647987.343604107       3.189842815160637E-002  3.179856617683666E-003
   462962.567756471       3.233488321399926E-002  2.733880967977558E-003
   190098.058971585       3.113212587004605E-002  2.458803293295305E-003
   239347.463886509       3.071154243159982E-002  2.923218591452016E-003
   528485.227003074       3.029178535611217E-002  3.387608654843185E-003
   719227.696628646       2.987232365555984E-002  3.849557761705070E-003
   1085394.95397680       2.935520563651949E-002  3.412361173853975E-003
   679122.634014590       2.883986103576591E-002  2.972201724889186E-003
   334010.937815613       2.832354070537718E-002  2.531322321176733E-003
   758640.045622557       2.781231355442001E-002  3.060535075135771E-003
   284167.238493008       2.826971080237524E-002  3.562378404667506E-003
   162430.708170535       2.872975349797990E-002  4.063474745666937E-003
   87998.8152323009       2.919176821803479E-002  4.564145835270915E-003
   7918.21086680011       2.875235147003658E-002  4.990164206928364E-003
   363540.614347886       2.831318902569527E-002  5.416322088824867E-003
   374067.622775516       2.787477090563568E-002  5.841333449956650E-003
   122837.192626563       3.320057191261833E-002  6.967216846495128E-003
   59998.0501024635       3.362427678080311E-002  6.461481167405229E-003
   84719.5191155490       3.404439065485670E-002  5.953530490398345E-003
   340905.762610652       3.446458532835152E-002  5.446872356695767E-003
   333737.013749704       3.488351299042158E-002  4.941694046632411E-003
   323633.077264786       3.531464215428728E-002  5.423391323389049E-003
   77863.5518956487       3.574614677737346E-002  5.905970590944091E-003
   121625.109485049       3.617955873245944E-002  6.389526599609504E-003
   140652.934770069       3.661285238705215E-002  6.871786664298948E-003
   296765.429010356       3.740900558743283E-002  6.029966999820210E-003
   503325.648619639       3.690593896811768E-002  5.624258757382524E-003
   361046.929562978       3.640240538263872E-002  5.216379860907086E-003
   170426.386593897       3.589987499083667E-002  4.808717307198750E-003
   182712.801350349       3.539645284165609E-002  4.400851501934011E-003
   180310.199093191       3.587761377632068E-002  3.967510510523258E-003
   269710.039694392       3.635689863463159E-002  3.535101600875598E-003
   496642.425900955       3.683720406181445E-002  3.102829195094418E-003
   274215.922271444       3.731710077432009E-002  2.672950897464657E-003
   206455.306387581       3.606152114073424E-002  2.371096114186867E-003
   39093.4410655805       3.565837107620137E-002  2.878308036886055E-003
   237669.488009804       3.525713962604128E-002  3.384193659700043E-003
   577930.754826147       3.485559022564483E-002  3.889174451705744E-003
   640093.244171264       3.441175459034480E-002  3.407279327373700E-003
   153270.825863482       3.396779059656482E-002  2.923208535799980E-003
   116427.681043584       3.352258046749428E-002  2.437674257968344E-003
   676456.779510853       3.283607228881610E-002  3.155149863447802E-003
   442793.935279893       3.333776675915426E-002  3.579148424553649E-003
   28539.7861364266       3.383884136744487E-002  4.004410065846250E-003
   239118.713645920       3.434215501171216E-002  4.429522829608124E-003
   53188.7137345959       3.386175254222414E-002  4.880236412588315E-003
   320821.136754899       3.338294250688856E-002  5.331734066138317E-003
   357013.580197736       3.290302138999372E-002  5.780857054357144E-003
   14479.1635233799       3.825041757130182E-002  6.824362304454377E-003
   85565.3838047730       3.866006670334862E-002  6.440241226142344E-003
   6644.77843736858       3.906982984035792E-002  6.055682685369521E-003
   76049.2092157232       3.947864730491507E-002  5.672458629228314E-003
   149012.452798446       3.988757698597516E-002  5.288665030764394E-003
   86428.7987411532       4.034398066267371E-002  5.647338095011058E-003
   119298.953292312       4.080020290394906E-002  6.005288169809038E-003
   102360.539003204       4.125556074639149E-002  6.364230753156419E-003
   5281.61908239804       4.171215688180220E-002  6.723026193307339E-003
   210994.022485916       4.240780015037162E-002  5.985211895188377E-003
   154495.218004690       4.202346324477874E-002  5.550512339498877E-003
   113424.032408368       4.163911953129126E-002  5.116655222613153E-003
   111894.903820354       4.125566343010081E-002  4.681683422332399E-003
   182454.295504698       4.087135008822525E-002  4.246507961143609E-003
   36752.8671821208       4.123045846326247E-002  3.772513772215690E-003
   63256.8683986038       4.158711842910776E-002  3.298731836791728E-003
   209438.762272952       4.194444034841686E-002  2.824155442318410E-003
   179770.571945296       4.230131935909481E-002  2.350936496817427E-003
   56998.1472804053       4.118172753851167E-002  2.107445155644193E-003
   270663.877771974       4.073093272454339E-002  2.493819343677323E-003
   221070.087675505       4.028091221504398E-002  2.878385836897888E-003
   461957.805140397       3.983036715025078E-002  3.264152928672482E-003
   544079.147815611       3.940370776464130E-002  2.904024626825667E-003
   376404.240073692       3.897811779413347E-002  2.544261434449526E-003
   209158.368558421       3.855140750892033E-002  2.182945956157733E-003
   298685.841811775       3.769880627262785E-002  3.080056740205608E-003
   105150.818026590       3.808085547546351E-002  3.488664411436100E-003
   75796.7036936519       3.846242642302686E-002  3.896431218653434E-003
   135590.958292622       3.884590146321983E-002  4.304888516874598E-003
   61726.2690719578       3.848611985676559E-002  4.736014438613454E-003
   9794.73830501569       3.812747728453460E-002  5.167031001888247E-003
   16141.8030445281       3.776795550401911E-002  5.598851974246911E-003
   6998.16294287294       4.314543118351193E-002  6.679979435518514E-003
   41845.1871804009       4.358028462929487E-002  6.288633991011899E-003
   39172.2112944179       4.401350554109872E-002  5.896014060963015E-003
   44421.9029703744       4.444779820286864E-002  5.504566280102208E-003
   79302.0843310635       4.488200740538612E-002  5.113167634178093E-003
   77638.3706947391       4.529411687170127E-002  5.478567563507124E-003
   98002.4371333414       4.570506678292060E-002  5.844318292108463E-003
   79966.7691479835       4.611714003431493E-002  6.211048735844977E-003
   7676.54704847729       4.652940636970879E-002  6.576691091212005E-003
   173387.548882569       4.739864948189811E-002  5.652816215420606E-003
   121544.682451375       4.700906463916078E-002  5.263558093172341E-003
   94566.8387060116       4.661839760877361E-002  4.874287398867439E-003
   94826.3760403594       4.622866805291726E-002  4.485933844322849E-003
   110073.253682389       4.583902491501190E-002  4.096365819722974E-003
   22066.8974231984       4.620418464968819E-002  3.656679648978112E-003
   14131.5245284055       4.656847021863460E-002  3.216564656673579E-003
   140683.576602338       4.693361199878381E-002  2.776634709587140E-003
   117141.786975061       4.729756551739313E-002  2.337001095432725E-003
   6302.49251686627       4.606955833154097E-002  1.965502484294483E-003
   127251.617349153       4.565394570989600E-002  2.358083927195669E-003
   127287.312040407       4.523827712137162E-002  2.749247441934728E-003
   278177.333705614       4.482293206315142E-002  3.140473317423282E-003
   354046.389131976       4.434981176543200E-002  2.776559922245319E-003
   257768.986266808       4.387773321730315E-002  2.412265301185841E-003
   144734.458360406       4.340455374873270E-002  2.046621609870739E-003
   260865.862749001       4.269169345113019E-002  2.801409393911361E-003
   105442.541056487       4.308329087989552E-002  3.253397478366247E-003
   16667.9164037374       4.347424339585154E-002  3.704546320884683E-003
   21371.2092824553       4.386582419084378E-002  4.156489899294235E-003
   49832.3779786817       4.350133782031722E-002  4.613901441238312E-003
   17478.4729060971       4.313707567772423E-002  5.071395952460333E-003
   22336.0724609958       4.277174906249463E-002  5.527731159268627E-003
   11979.7705672623       4.832250428372746E-002  6.521370441824773E-003
   27339.3936726409       4.871099527772677E-002  6.101036475719980E-003
   11090.0906453164       4.909897830536143E-002  5.680451727720111E-003
   72925.9116624468       4.948594514798523E-002  5.260059926154462E-003
   75799.1529900946       4.987382762667188E-002  4.839746769423779E-003
   76035.0316763096       5.025902381144232E-002  5.235899537245769E-003
   53191.0965819102       5.064321009155886E-002  5.632279120469382E-003
   24939.4891730473       5.102851027374254E-002  6.028657098103131E-003
   36724.6235934766       5.141401187488872E-002  6.424970426360635E-003
   139455.844964192       5.239108578027944E-002  5.385028013572006E-003
   123100.182873664       5.197203585338186E-002  5.024955109822659E-003
   97687.2215842012       5.155296378110694E-002  4.664788348362025E-003
   74704.4730659905       5.113387308657600E-002  4.305526227604209E-003
   60699.6386776612       5.071471779230873E-002  3.945151176524112E-003
   12466.6085634199       5.110884810572888E-002  3.486330586980434E-003
   4994.85811439492       5.150241313825241E-002  3.028273478093546E-003
   139549.328531887       5.189583573746877E-002  2.569425031650860E-003
   88540.0946185405       5.228918427446802E-002  2.111838555217080E-003
   46351.5180548670       5.111717943818877E-002  1.838801502786275E-003
   69095.3311293520       5.068451637196823E-002  2.261053173386453E-003
   85997.4254053036       5.025289739675839E-002  2.682981477164510E-003
   177525.137155960       4.982044145102926E-002  3.104855922335403E-003
   203599.928592398       4.938078119586683E-002  2.710238635192007E-003
   122439.685507511       4.894111105773127E-002  2.315302545003710E-003
   22305.9364385627       4.850126722887139E-002  1.920187630158479E-003
   202492.535709076       4.771785162236797E-002  2.752148700960550E-003
   101383.876123389       4.813812323942736E-002  3.167719852675786E-003
   16124.4792789241       4.855859946506214E-002  3.583441591736488E-003
   23764.7365634831       4.897944674538802E-002  3.999120249680693E-003
   33132.7507356940       4.858401440764375E-002  4.412849960324460E-003
   39370.5049739351       4.818879170729651E-002  4.825609572065495E-003
   29385.1246473839       4.779359380638370E-002  5.239164185974639E-003
   8340.03485099017       5.343096519070249E-002  6.361387993576705E-003
   53111.1340383724       5.379304488563011E-002  6.000894040229917E-003
   3222.17536193971       5.415476315635859E-002  5.641133068899268E-003
   30475.8011368151       5.451549507653363E-002  5.280506089696796E-003
   52404.8330528537       5.487721067722161E-002  4.919901404930872E-003
   36322.3015604429       5.527603595919881E-002  5.256325680615868E-003
   38316.6002747674       5.567583707230909E-002  5.592757601623684E-003
   59482.8472824406       5.607460399260442E-002  5.928228529348462E-003
   16940.3570848705       5.647451810683309E-002  6.264561956603250E-003
   90616.4995139864       5.738987422969918E-002  5.288987663877188E-003
   40145.1069478932       5.702886910055497E-002  4.911298178790812E-003
   50063.4435572890       5.666881358351886E-002  4.534650472059627E-003
   47481.7677461163       5.630773932327498E-002  4.156997921366107E-003
   41772.9983392932       5.594673212062008E-002  3.780296704033169E-003
   38486.5375659492       5.628202867782450E-002  3.334436557588486E-003
   16998.5324827658       5.661679450615630E-002  2.888255176835683E-003
   84193.0914636128       5.695050687595769E-002  2.441219068619919E-003
   81447.8447728803       5.728502985821791E-002  1.995137538946851E-003
   36981.1105431861       5.607860030106307E-002  1.623873659474026E-003
   110008.812649779       5.565424350092267E-002  1.985796201060189E-003
   74788.7095276068       5.523081118141483E-002  2.348435035472152E-003
   174882.825343788       5.480762932614398E-002  2.711268292296672E-003
   216174.186951205       5.435144828662153E-002  2.376439340788506E-003
   162665.086267616       5.389625951077469E-002  2.041450374714622E-003
   110684.984709427       5.344010496578058E-002  1.707267425618990E-003
   114017.234224215       5.265128151751881E-002  2.545819121784447E-003
   37188.9270982373       5.301256622530712E-002  2.981029634765031E-003
   28553.9851225742       5.337502357788246E-002  3.415248895403789E-003
   15046.7884154283       5.373785764069857E-002  3.850315150647218E-003
   1000.47890562151       5.340083335026645E-002  4.234260049719355E-003
   29811.8548152578       5.306382594831519E-002  4.617192563610796E-003
   3605.06936497028       5.272780454358426E-002  5.000974491165116E-003
   2301.88699012187       5.836546030004654E-002  6.204059795489719E-003
   21765.2048627027       5.874150281127046E-002  5.788805822469773E-003
   12149.9471653182       5.911629877823861E-002  5.373433492480718E-003
   44552.0442891652       5.949211509156108E-002  4.958107468177604E-003
   44304.2612401419       5.986683585591034E-002  4.543745734591237E-003
   79949.9835770404       6.031632551575950E-002  4.931347162356006E-003
   75823.4680065195       6.076577512122310E-002  5.320111570759666E-003
   66556.6488262398       6.121524064544452E-002  5.708939578525671E-003
   25212.1769009882       6.166482214208206E-002  6.097750003503627E-003
   88616.3169081700       6.239238892270832E-002  5.322088039223787E-003
   61053.3046248330       6.197587682704451E-002  4.898234155438868E-003
   43073.6753692092       6.155929293452664E-002  4.474349788352354E-003
   30093.5008926074       6.114262700664857E-002  4.050445874589926E-003
   30858.9546063870       6.072690841228637E-002  3.626487239629472E-003
   32244.7962120604       6.111581396383955E-002  3.211530732198441E-003
   27216.5661677648       6.150534609013236E-002  2.796399130827898E-003
   91414.8896323989       6.189483710890983E-002  2.381403937581173E-003
   70456.8401443493       6.228429212899061E-002  1.966555246852571E-003
   6859.20297226865       6.097516609446663E-002  1.519990333013364E-003
   51907.7696021459       6.058665408773311E-002  1.936062008470072E-003
   64040.9164495066       6.019817930955508E-002  2.351981004141033E-003
   122872.428158922       5.980983397127830E-002  2.766896875362134E-003
   155323.884554024       5.936261378719388E-002  2.379070953200712E-003
   92544.5178607215       5.891530326634631E-002  1.990168337718665E-003
   54542.8419656117       5.846694104810973E-002  1.601169274828669E-003
   122347.877588193       5.770133460620171E-002  2.416906878163539E-003
   75641.0698100024       5.811770150148826E-002  2.839868090461556E-003
   14969.9998269635       5.853413124128700E-002  3.261922416987133E-003
   36493.3149603968       5.894984170632894E-002  3.683904249002076E-003
   9905.89534091384       5.856045556511295E-002  4.084629894593884E-003
   33455.6494904649       5.817026386351387E-002  4.486462633414284E-003
   15560.0051343919       5.777998515560992E-002  4.887180235322610E-003
   3349.30932998637       6.316802597877089E-002  6.049418647150292E-003
   4454.71467486479       6.358985629166730E-002  5.567432279415287E-003
   9689.52590798606       6.401136903790539E-002  5.085298400793848E-003
   46005.3663418989       6.443276158390718E-002  4.602222754186791E-003
   46097.2547820218       6.485413421353295E-002  4.120260921413593E-003
   69301.9273819935       6.536571299348659E-002  4.571921904937614E-003
   47602.4418695022       6.587725894225928E-002  5.024777853918127E-003
   554.067601601534       6.638883543151315E-002  5.476718260804815E-003
   7683.81568864571       6.690058234516240E-002  5.928640334307555E-003
   33353.3853405494       6.739582375253349E-002  5.400295593840897E-003
   75585.0504079683       6.691232379830640E-002  4.918734462367072E-003
   28942.5221821895       6.642887586351651E-002  4.436921296028870E-003
   2344.60729859119       6.594431972807445E-002  3.955097719521291E-003
   17734.9638709838       6.546057112152200E-002  3.473307565192504E-003
   43335.9371714957       6.591664419227823E-002  3.098147607582253E-003
   46166.5759609727       6.637347915073460E-002  2.721953228251428E-003
   76507.4738484164       6.682936795773774E-002  2.346928943760270E-003
   45397.7544919872       6.728524544151891E-002  1.971004124404352E-003
   24668.5991032517       6.584792371579630E-002  1.427348728964240E-003
   8353.35398813739       6.550337995173983E-002  1.906956593185438E-003
   29526.9595047141       6.515795707938474E-002  2.387552579051230E-003
   75805.3762055036       6.481364287176293E-002  2.867066538516859E-003
   86219.1670187432       6.439716100549447E-002  2.412257223269661E-003
   23598.2862167281       6.398058210397695E-002  1.956277916585711E-003
   3616.43361254291       6.356392133927376E-002  1.501235395681730E-003
   86926.1855826513       6.276469717087609E-002  2.353249456449220E-003
   69157.2070486907       6.324509735889236E-002  2.740067948156790E-003
   19699.9176617655       6.372652626505375E-002  3.126991809886184E-003
   4714.95472607348       6.420717142919405E-002  3.513941569941911E-003
   8101.45283451642       6.375359370242027E-002  3.966074895202949E-003
   39826.5101990581       6.329919226554764E-002  4.418235648309863E-003
   42838.7442630554       6.284577949869802E-002  4.870203312696952E-003
   9959.12653415697       6.792409574180629E-002  5.895329389672691E-003
   4440.05777911661       6.840887197897443E-002  5.509245442150448E-003
   4507.56970949875       6.889352025769065E-002  5.123186253893674E-003
   21393.9233267604       6.937819329370840E-002  4.737229874650311E-003
   20920.4303262290       6.986293050404511E-002  4.352354408309377E-003
   23154.5016148977       7.034553627297883E-002  4.705926306369614E-003
   27076.0961833139       7.082714364592946E-002  5.060593818000567E-003
   1481.94363782225       7.130977340248022E-002  5.415241785982810E-003
   7999.75514856842       7.179240923011834E-002  5.769936103956487E-003
   8421.99580375678       7.238922588690463E-002  5.133284711027220E-003
   31348.7514591232       7.200429958105653E-002  4.674515216974953E-003
   6222.55193153107       7.161938948989018E-002  4.215654166399107E-003
   3682.31168975606       7.123446126222055E-002  3.757798282497487E-003
   14941.1143495567       7.085048596456783E-002  3.298897101358152E-003
   10169.2664968734       7.120897827870941E-002  2.966113943034841E-003
   7245.18114864475       7.156840324106635E-002  2.634255214046003E-003
   23231.9216910172       7.192779804019142E-002  2.301439223521573E-003
   18117.2805550004       7.228721084334394E-002  1.969644374152409E-003
   6122.78735051231       7.072264887631777E-002  1.171816841782324E-003
   8925.08550717496       7.041379848056212E-002  1.552058670657376E-003
   11921.6087928904       7.010595204529739E-002  1.932232114308595E-003
   37874.4912317344       6.979714570461738E-002  2.311464322336618E-003
   40982.4141206784       6.942555931000048E-002  1.954281724957616E-003
   25867.3588312526       6.905295171248367E-002  1.596038054274077E-003
   14259.2241265340       6.868130553636816E-002  1.237728893879778E-003
   46511.2525654364       6.766651907489543E-002  2.319918123449775E-003
   32671.8366977211       6.804780582591437E-002  2.667852479653395E-003
   16287.8286846828       6.842915777577639E-002  3.016829399558545E-003
   19921.7287651842       6.880950760261752E-002  3.364880899656561E-003
   29277.5362828891       6.845671633137092E-002  3.873678594549428E-003
   15662.7617565128       6.810301090840480E-002  4.382553908298687E-003
   9405.83877998970       6.774936883644683E-002  4.891428997323683E-003
   2109.21935521721       7.302577819660813E-002  5.729949341657472E-003
   3204.45329990325       7.348244521120738E-002  5.276933069660179E-003
   19362.9930611372       7.393901837428730E-002  4.822878553349426E-003
   10557.0671826087       7.439463402932360E-002  4.369871472571334E-003
   2949.67127472237       7.485120584486990E-002  3.915828820110008E-003
   3917.14773874278       7.530022309551210E-002  4.340451641413915E-003
   11124.2370917610       7.574819096330604E-002  4.764116781038336E-003
   9982.44571319246       7.619720068872085E-002  5.188721288448556E-003
   2271.75462181438       7.664616367247831E-002  5.612325730273066E-003
   12213.5363788475       7.738206866957981E-002  4.826988750740130E-003
   13851.0588396456       7.693018957462802E-002  4.406482666014985E-003
   14321.2659077421       7.647732606122880E-002  3.986008436700389E-003
   25666.1817257691       7.602550139238767E-002  3.566508382742496E-003
   13167.9082692063       7.557270479273917E-002  3.146000311276198E-003
   3363.12317944491       7.599839476263837E-002  2.725974863879069E-003
   12313.3409499585       7.642295534414172E-002  2.304923335649764E-003
   836.386936014868       7.684854935268025E-002  1.884858495780343E-003
   937.788384431778       7.727309514063931E-002  1.463829287852618E-003
   6113.95981711223       7.597861670942738E-002  1.069691040384480E-003
   2969.47265305137       7.558709067986612E-002  1.521670956511715E-003
   5891.99788484361       7.519451744382642E-002  1.972649185079322E-003
   30091.3871538171       7.480302294108510E-002  2.424626837712615E-003
   20999.7914044138       7.446809360226629E-002  1.996253899162389E-003
   12822.6016224379       7.413418788678885E-002  1.568803527878435E-003
   1946.48160559896       7.379922101958020E-002  1.140380216782429E-003
   31347.0711762524       7.273526515020801E-002  2.275305537133635E-003
   25663.7677893533       7.318433641128572E-002  2.581969391709434E-003
   21589.7595467422       7.363238801661565E-002  2.887677609208960E-003
   2820.34692743317       7.408149019735195E-002  3.194370671805566E-003
   14723.1999399282       7.365791957462155E-002  3.679356201916144E-003
   9406.87886365725       7.323532978519150E-002  4.163319631989697E-003
   21307.3501916807       7.281175957219042E-002  4.648297946315997E-003
   9421.80978531645       7.816731983416016E-002  5.562786948621455E-003
   11093.8958462702       7.858568294248658E-002  5.041968296538813E-003
   13412.0330834228       7.900398915847678E-002  4.520117780074129E-003
   14457.8975559577       7.942137026250704E-002  3.999302885327650E-003
   5243.10078940433       7.983971311906195E-002  3.477404721231449E-003
   7513.13778417425       8.020413665247982E-002  3.973740818691856E-003
   9516.97101685148       8.056949423557104E-002  4.469025562150652E-003
   13411.3410893447       8.093385634084371E-002  4.965346911907941E-003
   7759.43612773349       8.129916107151014E-002  5.460650476536664E-003
   1020.02550689579       8.236856912518442E-002  4.319223229103983E-003
   5742.93406247881       8.185045035508895E-002  3.986924093298722E-003
   391.340181439392       8.133135123505982E-002  3.655698848684353E-003
   16925.5862453061       8.081321928595873E-002  3.323483836160223E-003
   3606.20552528830       8.029418435155634E-002  2.992318973183365E-003
   5024.50788989345       8.078974015558227E-002  2.600031640284771E-003
   12945.8794704845       8.128426856538210E-002  2.207743637152760E-003
   10471.5746592702       8.177983648789147E-002  1.816422586712053E-003
   6946.63866156173       8.227436736000136E-002  1.424128335808589E-003
   962.652469658103       8.088615542150243E-002  9.790308068997342E-004
   1442.02690129259       8.052785274702393E-002  1.498950820573082E-003
   16950.6346165093       8.016849717562155E-002  2.017896725335827E-003
   19024.9022379246       7.980919869969434E-002  2.537894611878612E-003
   10794.5036950968       7.938695917828142E-002  2.043395723123543E-003
   12034.5634563855       7.896375359669716E-002  1.549897451938503E-003
   829.301371917857       7.854149370465156E-002  1.055369326470437E-003
   20603.8825196584       7.779303144647666E-002  1.854097969802870E-003
   15094.1867951188       7.831390696341323E-002  2.243371802027177E-003
   19073.8747236543       7.883382092807766E-002  2.633672029120771E-003
   1603.08930943301       7.935470244309664E-002  3.022944076391015E-003
   14083.3036477043       7.886106398066758E-002  3.474192946712383E-003
   14104.6025999202       7.836836587905117E-002  3.924416280437631E-003
   29693.1889800408       7.787468684515909E-002  4.375675858676683E-003
   8019.45258334069       8.350993966074249E-002  5.388594274052120E-003
   14026.8659877012       8.384244365014715E-002  4.875566570697007E-003
   597.208108946082       8.417391027229622E-002  4.361557116747562E-003
   4359.34183503836       8.450645745834935E-002  3.848526795992336E-003
   8004.77498644219       8.483801898276426E-002  3.335480504597935E-003
   7759.91927821150       8.530818934200522E-002  3.822395940222698E-003
   4147.75807230172       8.577835881315356E-002  4.309265743503404E-003
   12091.3321894435       8.624953241803773E-002  4.797093810948092E-003
   5569.74643755743       8.671963327833680E-002  5.283971024160321E-003
   374.353731121069       8.738002453092711E-002  4.579091286477716E-003
   7621.49392050627       8.686346511946877E-002  4.141690859414368E-003
   286.375197239287       8.634585428356746E-002  3.703379162090363E-003
   11623.9089186665       8.582928641665988E-002  3.266063591436529E-003
   4759.70003946113       8.531278057715186E-002  2.828737584766248E-003
   227.078783425674       8.580162041334835E-002  2.415652174398725E-003
   9737.44662878551       8.629046755318087E-002  2.002545230427202E-003
   10568.1281124580       8.678031356445620E-002  1.589386715788313E-003
   5862.16066034445       8.726914570694703E-002  1.176235475758957E-003
   3481.83741303412       8.594748344284217E-002  8.090736432936492E-004
   1089.60542453846       8.556705568598577E-002  1.324703347724731E-003
   8595.57096057421       8.518656911731760E-002  1.839328800014336E-003
   341.549676530297       8.480607957001653E-002  2.353986257403124E-003
   876.862858700702       8.441389126112075E-002  1.864523948157464E-003
   6021.34448616081       8.402171229717337E-002  1.375095805971225E-003
   6491.61031643107       8.363052277673735E-002  8.846334951972895E-004
   3631.40320952106       8.278837648502506E-002  1.783566100481293E-003
   1473.05663514998       8.330335069767068E-002  2.141956767489620E-003
   6755.36211293019       8.381735634988771E-002  2.501347392116978E-003
   13794.9429094785       8.433132955043926E-002  2.860716781698257E-003
   9857.23551385454       8.384087880846047E-002  3.224776651733492E-003
   13135.7696568530       8.335044093407608E-002  3.589876172228412E-003
   22381.7083172242       8.285896582359541E-002  3.954031530360012E-003
   5841.15878277123       8.808487889766098E-002  5.239485013236176E-003
   6083.42023047817       8.852299664680482E-002  4.744008204015406E-003
   4383.66633304064       8.896216527973587E-002  4.249494387335431E-003
   8171.62679656778       8.940032047901056E-002  3.754002797456220E-003
   5792.21920321404       8.983846225414727E-002  3.258466390175951E-003
   4153.03278892583       9.025995826928672E-002  3.725958184686907E-003
   1507.60949990961       9.068144320538478E-002  4.193436494525335E-003
   8954.42117957059       9.110287419696489E-002  4.659918016741470E-003
   5523.55098446791       9.152433083329407E-002  5.127396194804919E-003
   973.888604463136       9.237132018902743E-002  4.223348545697495E-003
   9478.34105368201       9.187733501217778E-002  3.833218074594548E-003
   3513.98059735583       9.138432930369472E-002  3.443095363785485E-003
   1759.27275759367       9.089032730864244E-002  3.053021053484167E-003
   2095.66182527462       9.039634776386414E-002  2.662952081327353E-003
   374.321474566831       9.086438925816506E-002  2.257507197751904E-003
   3922.65025064707       9.133244105550402E-002  1.852055525299107E-003
   5472.02554594771       9.179949560634387E-002  1.446627009782501E-003
   2767.76713394661       9.226757747202266E-002  1.042152933466579E-003
   1833.60179645485       9.092328988969438E-002  6.257345675757119E-004
   253.605185166703       9.054913036263758E-002  1.118172504074803E-003
   4729.77992821014       9.017499243953196E-002  1.611611308034693E-003
   2280.16165844181       8.980085347319225E-002  2.105066879061444E-003
   3032.21594913013       8.938835117130348E-002  1.637276283483234E-003
   1427.46041116242       8.897585104492534E-002  1.169509812007731E-003
   2327.09200823518       8.856339606443500E-002  7.027464161083186E-004
   3986.74989894180       8.776286232606482E-002  1.557328827209491E-003
   2473.34258569375       8.825557682511687E-002  1.938445667817878E-003
   2087.02508582582       8.874928717573237E-002  2.319513293271508E-003
   8388.38518437436       8.924297852838708E-002  2.700573869189738E-003
   2124.45925455553       8.877701210508482E-002  3.169946565490459E-003
   2385.84248433609       8.831101120452117E-002  3.639317400644626E-003
   11075.4301952906       8.784602500981040E-002  4.109666045526868E-003
   69.3788718276613       9.327538792789970E-002  5.070371846211665E-003
   456.117370869254       9.367012841034869E-002  4.718330514823156E-003
   292.686290803853       9.406487422581325E-002  4.366291861732765E-003
   1974.60003379575       9.445961975004855E-002  4.014252089080642E-003
   605.778394696618       9.485435483115667E-002  3.662199519313979E-003
   3536.01432330967       9.527816642951151E-002  3.987567668795313E-003
   3099.37917205262       9.570197398277648E-002  4.312947191648141E-003
   1103.53634695622       9.612578545831806E-002  4.638330607622577E-003
   961.106510249681       9.654959612336464E-002  4.963724655941831E-003
   800.628029123286       9.736954853520384E-002  4.088563043833246E-003
   2793.87247017062       9.701728845463209E-002  3.686817330965437E-003
   917.429532336334       9.666503020656307E-002  3.285059598806161E-003
   1867.02155770248       9.631276325616694E-002  2.883303523468312E-003
   101.754851111464       9.596049226535186E-002  2.481546158305131E-003
   4130.46623273346       9.628626568178011E-002  2.070695036207022E-003
   253.228893494701       9.661208447907774E-002  1.660854631661584E-003
   884.543581870275       9.693786301696695E-002  1.250010189231507E-003
   160.187898435593       9.726364099517328E-002  8.391675091741725E-004
   1895.03103680864       9.594500927311535E-002  3.198884230931169E-004
   1561.60232386474       9.555627684715751E-002  6.717472733551214E-004
   4289.85826041958       9.516854659331614E-002  1.023574689641793E-003
   3856.58859890471       9.477980133752954E-002  1.375416047640945E-003
   3066.91079548491       9.437895384784938E-002  1.049299436121537E-003
   3454.98275971364       9.397809867011966E-002  7.231974727321842E-004
   2482.54840573048       9.357724551974260E-002  3.970986945920660E-004
   1807.18579040996       9.261909211823993E-002  1.419887498708155E-003
   448.749086301582       9.297063313907489E-002  1.798621740382685E-003
   217.187796493624       9.332216829920735E-002  2.177355822988612E-003
   5111.09874261535       9.367370615670964E-002  2.556083277557647E-003
   1155.83743576016       9.334810642536132E-002  2.972896864594694E-003
   2353.54929600731       9.302251561961054E-002  3.389717510601534E-003
   2918.88771462703       9.269692150490152E-002  3.806536284724595E-003
   38438.5134439764      -1.270330564805171E-003  1.250227772699536E-002
   23468.5421084512      -9.509126678724339E-004  1.215554127945630E-002
   269281.447274720      -6.325505271358739E-004  1.180758064633892E-002
   559083.215616119      -3.141083764022793E-004  1.145929891365308E-002
   247534.743944041       5.174853332679237E-006  1.111157478087806E-002
   679139.540068487       4.209226587888765E-004  1.145824695839668E-002
   415589.923451005       8.353151551041669E-004  1.180495617607006E-002
   455377.452602764       1.250930818860821E-003  1.215091042125279E-002
   260710.071934550       1.665712787864117E-003  1.249704445410585E-002
   389143.809289963       2.511171410898657E-003  1.164385684752353E-002
   218717.762924890       2.159904146722133E-003  1.123272590883111E-002
   160544.998325341       1.809472805050228E-003  1.082144257391445E-002
   86212.8946474769       1.459293743602761E-003  1.041148732987581E-002
   177524.221765344       1.110340928796894E-003  9.999879460597981E-003
   11336.3052378027       1.457326748275654E-003  9.593985733979444E-003
   14394.1964736025       1.804091954005059E-003  9.187917005993793E-003
   132588.111013640       2.150656873211750E-003  8.781645730492466E-003
   48781.6971521283       2.497626488542694E-003  8.375844846478327E-003
   225357.734603505       1.210563781793323E-003  7.847943000140788E-003
   118237.994353097       8.068331838145852E-004  8.196937060607375E-003
   113576.543801111       4.031278202485296E-004  8.545945943172636E-003
   109557.832513865      -5.633550154504186E-007  8.895007843843035E-003
   86484.4496433979      -3.936794682307405E-004  8.547022144630021E-003
   6603.83910643087      -7.862713987269682E-004  8.199734296114963E-003
   137944.424312106      -1.179700000830968E-003  7.852344464675460E-003
   148894.886831206      -2.501997318390956E-003  8.433829961635322E-003
   159348.795837042      -2.152722157719085E-003  8.826545277084642E-003
   225666.139356990      -1.804005390099385E-003  9.219739748756624E-003
   269018.173798926      -1.455212165399315E-003  9.611663830063243E-003
   48790.8154911383      -1.105628457880724E-003  1.000379755259374E-002
   276843.404995912      -1.452218205467539E-003  1.032203730354202E-002
   48412.8925046679      -1.800257840698447E-003  1.063928348159893E-002
   177994.470506020      -2.148611199142257E-003  1.095649977698226E-002
   90683.3692970858      -2.496158003597714E-003  1.127499512493639E-002
   25904.1229551439       3.363766177241791E-003  1.248886582587537E-002
   253881.610126352       3.775520736151097E-003  1.209685129214652E-002
   404880.714071725       4.188130524741381E-003  1.170375317996230E-002
   809899.486980015       4.599847074191514E-003  1.131086421947717E-002
   344667.662137941       5.013101728731769E-003  1.091681241670763E-002
   806389.479153514       5.484232107294089E-003  1.130467992898164E-002
   328991.408879366       5.953579473216127E-003  1.169219030499665E-002
   383300.299120181       6.424351379495563E-003  1.207962201023757E-002
   550529.014398496       6.894365979040398E-003  1.246601375718706E-002
   176139.507640730       7.525512146981804E-003  1.182298887111441E-002
   204379.849572397       7.128797658322908E-003  1.136071491737303E-002
   143960.233937449       6.731828150740377E-003  1.089861911709727E-002
   251663.972644839       6.336155868179119E-003  1.043785416661459E-002
   416529.941519287       5.941710028684950E-003  9.974654509157304E-003
   178419.257154866       6.331208699568438E-003  9.562877689090732E-003
   162801.463165864       6.718990875177693E-003  9.150794074474517E-003
   7294.70402349935       7.107562815714707E-003  8.738864727701258E-003
   43810.8284713118       7.494784989852664E-003  8.325981371797421E-003
   136973.086394700       6.214866058262825E-003  7.861891909041565E-003
   12041.1315530993       5.810347750816424E-003  8.257969045688365E-003
   55255.6869563027       5.405780961996525E-003  8.652609870538869E-003
   165363.522050872       5.001334049022022E-003  9.048018704077326E-003
   125342.057741559       4.594380038454277E-003  8.658268941322874E-003
   59531.5483162775       4.187278203145884E-003  8.269657062093110E-003
   60497.1829464241       3.780172600158760E-003  7.879942900861334E-003
   31436.1352249087       2.891096749912848E-003  8.778535663478308E-003
   55561.6928611731       3.285294489016720E-003  9.181634261720372E-003
   105392.447074115       3.678637457630227E-003  9.584632423353877E-003
   113622.078480122       4.073414783766840E-003  9.987304497664863E-003
   48754.8945055781       3.683899686220338E-003  1.040182027438567E-002
   307675.376672235       3.293678943012882E-003  1.081460903176386E-002
   499199.784059796       2.902080407235321E-003  1.122890126117086E-002
   126671.453548123       8.168281291858282E-003  1.245322330627728E-002
   457668.726049794       8.631746336144067E-003  1.209101972696160E-002
   568014.190554193       9.095520334478968E-003  1.172840326627955E-002
   786215.942677013       9.558085166712299E-003  1.136408087173166E-002
   200033.722309347       1.002194816656228E-002  1.100086753362418E-002
   636399.073091275       1.043075920197415E-002  1.135242259018461E-002
   202015.370433442       1.083871142797766E-002  1.170534984848282E-002
   52251.7891174368       1.124660027025099E-002  1.205643819596335E-002
   107176.133387607       1.165423440445749E-002  1.240689717084028E-002
   18120.1615294932       1.253256064156420E-002  1.150214181020797E-002
   253579.794688849       1.216797275526292E-002  1.110560043556842E-002
   6145.36151395083       1.180344280524917E-002  1.070997006411095E-002
   363318.236802048       1.143830754324195E-002  1.031468681831218E-002
   342047.160195135       1.107615693854599E-002  9.918233235870969E-003
   150753.122969476       1.142912803267902E-002  9.405933848267147E-003
   164010.741334508       1.178107973805122E-002  8.891243412716984E-003
   122075.114162110       1.213206390637724E-002  8.377851116603389E-003
   90283.4763397269       1.248270000701398E-002  7.863917992948593E-003
   175681.021779042       1.150648996026283E-002  7.769667744707952E-003
   80822.9428224327       1.100366165757659E-002  8.135249953931577E-003
   102305.456927716       1.049958718651186E-002  8.500962132642760E-003
   571899.848734921       9.997584761305828E-003  8.866778209676168E-003
   564235.486202821       9.587111230538407E-003  8.513518349729046E-003
   489860.563531428       9.176713023532585E-003  8.158773751583234E-003
   95537.4290177778       8.766055398277434E-003  7.804760053277818E-003
   426536.178598839       7.856309615593861E-003  8.730768136210924E-003
   86274.9446594398       8.217285833064789E-003  9.135869347269692E-003
   24920.2883403471       8.579964081083739E-003  9.540785826639118E-003
   163824.769960129       8.942377644375988E-003  9.945489043508933E-003
   72141.1404743361       8.589914607284503E-003  1.041543324284650E-002
   176102.505105718       8.234950132060062E-003  1.088361774342396E-002
   397201.350294526       7.880456462884192E-003  1.135296499302273E-002
   64564.4148437156       1.343750837311932E-002  1.237979578497810E-002
   42250.4083094266       1.383281961946209E-002  1.190137764232701E-002
   224620.381717398       1.422825548686361E-002  1.142267665791389E-002
   241296.932494568       1.462424188863585E-002  1.094387577350739E-002
   125108.667883680       1.501991617311146E-002  1.046487304549729E-002
   159972.431350545       1.529955901166298E-002  1.093123939492964E-002
   97038.0922342186       1.557965060959150E-002  1.139891457294836E-002
   105256.897370994       1.585874722259378E-002  1.186650990292826E-002
   41913.9880282726       1.613881129635560E-002  1.233411083386287E-002
   145638.933169032       1.752798727334956E-002  1.089554372626539E-002
   79235.5693145306       1.705035443192530E-002  1.063200342902700E-002
   131187.614219315       1.657270100898861E-002  1.036974751608943E-002
   385089.808120422       1.609501590515182E-002  1.010686080184162E-002
   124308.043839024       1.561920554718312E-002  9.844702347669305E-003
   32295.8511172155       1.608572999172131E-002  9.471505364290346E-003
   214481.424534685       1.655221392356661E-002  9.097576209683317E-003
   9625.91228615876       1.701884860746372E-002  8.723952328328717E-003
   29178.7437776704       1.748499651994586E-002  8.349879173217355E-003
   104366.506645148       1.607008378026292E-002  7.808955690263331E-003
   28526.9389383097       1.571372122769287E-002  8.288761456611261E-003
   143899.242793998       1.535700756039803E-002  8.768187023142427E-003
   375666.933200174       1.500083121929500E-002  9.247129394619746E-003
   439421.949077298       1.448615850538568E-002  8.784387842672953E-003
   492967.383093552       1.397082971927347E-002  8.320560124193655E-003
   505191.386652442       1.345705229525584E-002  7.856412508914640E-003
   249713.198277994       1.296200607108644E-002  8.365778094344849E-003
   228094.768869590       1.344185527064368E-002  8.866063895223165E-003
   237379.639645430       1.392215188803300E-002  9.366851270946193E-003
   195527.050036390       1.440173479837870E-002  9.866335249539985E-003
   192481.496046597       1.393555191224713E-002  1.027476714042559E-002
   217504.914304476       1.346799943535018E-002  1.068350783494630E-002
   402098.082685648       1.300005620000277E-002  1.109237448158192E-002
   55575.8559406590       1.896605552679238E-002  1.228220285016892E-002
   143172.133272924       1.923093441057263E-002  1.183209951759510E-002
   93774.0756873049       1.949381959809851E-002  1.138117098203348E-002
   94907.7613661282       1.975815918071633E-002  1.093039493903751E-002
   12336.4653359057       2.002156476139383E-002  1.048036767283830E-002
   131755.406895676       2.047952282924230E-002  1.091611400662537E-002
   103597.856670329       2.093823148793666E-002  1.135283701599236E-002
   150216.477741062       2.139589808776145E-002  1.178921408091384E-002
   23777.1140040644       2.185417349437107E-002  1.222559520483510E-002
   97412.0314404780       2.254258092035852E-002  1.150999424911142E-002
   29999.4440495566       2.208773720979109E-002  1.106906417409843E-002
   88039.4203560577       2.163295150403192E-002  1.062948668658919E-002
   273109.146274909       2.117827041227936E-002  1.018913310606662E-002
   166132.841859354       2.072553271824821E-002  9.749261495586792E-003
   41686.7169765541       2.116320097677138E-002  9.321564932049001E-003
   87208.0144127055       2.160077681311470E-002  8.893256586813232E-003
   208.485686709986       2.203829618985833E-002  8.465174169013715E-003
   28271.1447056286       2.247584674176486E-002  8.037438296278289E-003
   53226.3382146290       2.122561014520020E-002  7.684382551853926E-003
   26549.9310997484       2.081559264690979E-002  8.138995135058280E-003
   35947.6403093633       2.040555169911894E-002  8.593255157410358E-003
   332342.723357919       1.999595632323315E-002  9.046743114128748E-003
   251246.880985565       1.962394321811462E-002  8.608610189213540E-003
   166781.058612228       1.925172244380536E-002  8.169188119734444E-003
   78185.2522471382       1.887904441417019E-002  7.729814729576004E-003
   429360.940035245       1.793730895884216E-002  8.705753122917477E-003
   275287.732427523       1.838895611258667E-002  9.062656738447314E-003
   226749.489182034       1.884076659982363E-002  9.419614856828688E-003
   7360.18041751170       1.929186874560812E-002  9.776668827799175E-003
   223102.907381606       1.885151797646852E-002  1.005551254383052E-002
   192813.817601169       1.841018012137622E-002  1.033557316691791E-002
   326180.725905189       1.796860685385197E-002  1.061445477213943E-002
   100188.350358033       2.325747773049301E-002  1.219751850818596E-002
   39575.1778726669       2.369952171919286E-002  1.175239005586071E-002
   192949.096381997       2.414037852691810E-002  1.130682967816947E-002
   284409.772620573       2.458239979759902E-002  1.086102855667328E-002
   89245.3823288411       2.502339327649646E-002  1.041493483739825E-002
   225081.050605525       2.540441219280038E-002  1.084359778611715E-002
   26833.1224510791       2.578510377709159E-002  1.127228420151174E-002
   57039.6999035380       2.616571205655301E-002  1.170074683719374E-002
   54959.7831479610       2.654629327227432E-002  1.212904715281131E-002
   68914.9731426159       2.753968691278302E-002  1.109133149536824E-002
   94530.2817866263       2.709454841612145E-002  1.072987672475020E-002
   20432.3103209791       2.664930700015458E-002  1.036881724991482E-002
   138218.921155402       2.620417087055674E-002  1.000793117556713E-002
   148689.945125428       2.575978977730712E-002  9.646687849274242E-003
   21233.8549854791       2.618839562458893E-002  9.223426521250305E-003
   68353.5776292329       2.661636174837129E-002  8.799773067790352E-003
   5479.09872272909       2.704429961125921E-002  8.376220605858077E-003
   50608.9809505599       2.747216318115118E-002  7.952736769500368E-003
   18849.3223342752       2.620562978674489E-002  7.573350574097430E-003
   33866.3546620683       2.580127272051302E-002  8.019385583892251E-003
   14987.2152454414       2.539682931883305E-002  8.465184046131127E-003
   213594.595100770       2.499265298572078E-002  8.911150794190525E-003
   185467.606462118       2.456549325742126E-002  8.482797084360453E-003
   119574.515406285       2.413829584680478E-002  8.054243767289295E-003
   40046.4815108107       2.371092611758936E-002  7.625598805809384E-003
   194030.327152961       2.292094904390856E-002  8.447222061411633E-003
   72534.4036092780       2.336576482036241E-002  8.857595680451399E-003
   12911.8843224050       2.381077610783276E-002  9.267975626266453E-003
   23659.4616297945       2.425616853081980E-002  9.678234881928188E-003
   14517.7964698217       2.382833193795853E-002  1.013565487946733E-002
   76284.2133057618       2.339986964777366E-002  1.059383845909040E-002
   264091.965019573       2.297104522881538E-002  1.105101589209452E-002
   84826.0129104881       2.857740051098387E-002  1.208406542491455E-002
   52700.4671437599       2.893773862063529E-002  1.157834720231023E-002
   101865.719144009       2.929788355219492E-002  1.107134431184238E-002
   190028.787346633       2.965833732478415E-002  1.056526381965946E-002
   66217.2525226141       3.001879536613612E-002  1.005863450814149E-002
   167215.212529787       3.048824605057718E-002  1.054493228936571E-002
   68481.6295708093       3.095761871724051E-002  1.103117031025610E-002
   36567.9082293169       3.142813873994492E-002  1.151803884218662E-002
   67420.1500450614       3.189742727346760E-002  1.200398361258631E-002
   106855.813402270       3.255131247683879E-002  1.131600101242200E-002
   76329.0203672347       3.204184398266840E-002  1.087206915475603E-002
   75467.9616176629       3.153149491971722E-002  1.042720661081605E-002
   261044.638898796       3.102228914979898E-002  9.983422009012933E-003
   213193.846563664       3.051398898228860E-002  9.539091875301333E-003
   32214.0457335988       3.100156707827553E-002  9.090903860642039E-003
   42473.1407000401       3.148786299229735E-002  8.641373800553376E-003
   129940.714405625       3.197508851736992E-002  8.193283926596916E-003
   87316.2094672990       3.246133382767080E-002  7.744674764967107E-003
   139517.361760343       3.126117130195309E-002  7.515721771826239E-003
   8556.68873364554       3.083936828003540E-002  8.026516041492338E-003
   44561.9348599321       3.041674958643957E-002  8.536014419223406E-003
   312189.819326933       2.999528225155232E-002  9.044995757598704E-003
   284890.217234522       2.957104762455841E-002  8.556881193631348E-003
   149808.895458508       2.914675985406174E-002  8.068343727078603E-003
   31241.9855368894       2.872221799814620E-002  7.578655113939008E-003
   261782.099396085       2.797897927161452E-002  8.355037029226324E-003
   152459.440059837       2.848642205355309E-002  8.757963169451143E-003
   71103.1581516537       2.899303528465178E-002  9.160910691078938E-003
   46521.6560337614       2.950027016285941E-002  9.563585221528895E-003
   78376.0383985699       2.901069798998924E-002  9.945361925008884E-003
   128848.031631319       2.852067823608335E-002  1.032712465359937E-002
   220104.987537535       2.802949965886970E-002  1.070895351923096E-002
   52103.1437827733       3.323869005785327E-002  1.196895689539308E-002
   101807.091788015       3.368533747827368E-002  1.153135170187870E-002
   275251.114412734       3.413258104578994E-002  1.109225004489926E-002
   270819.974409959       3.457886141892957E-002  1.065401048580006E-002
   33167.6481812421       3.502489528258552E-002  1.021442801674471E-002
   145914.033712485       3.550624662789426E-002  1.062742849296822E-002
   102021.914780854       3.598626132150801E-002  1.103962834276393E-002
   117709.898012888       3.646742094407354E-002  1.145229885364533E-002
   98025.7390422793       3.694824704199603E-002  1.186388737860097E-002
   102240.508914926       3.755506159051281E-002  1.122084568517630E-002
   97018.9881735032       3.711564283580243E-002  1.076484305456995E-002
   120015.505643184       3.667541561210163E-002  1.030899234810210E-002
   296082.001970442       3.623634607804747E-002  9.854203306495227E-003
   214133.359241437       3.579724314882486E-002  9.397742713438543E-003
   24384.2068309015       3.621313620567943E-002  8.965567260800923E-003
   114058.723192314       3.662681629215948E-002  8.532758914540164E-003
   5549.27324544573       3.704139924775652E-002  8.099176144928333E-003
   11614.3181841968       3.745497400579686E-002  7.666956416109497E-003
   82943.4029936025       3.620517518747563E-002  7.310332442737089E-003
   25331.8333229851       3.579677281442720E-002  7.749820799103425E-003
   35029.0563244010       3.538929035169531E-002  8.187847888494630E-003
   377604.965734545       3.498237706020686E-002  8.627145466089104E-003
   394957.984472910       3.453728763666615E-002  8.212347732329444E-003
   327250.175824478       3.409141449000117E-002  7.798009117442256E-003
   133518.686267242       3.364642765040612E-002  7.382328684058160E-003
   291410.056382351       3.289766515610566E-002  8.169276342544525E-003
   126382.380431907       3.333488291458732E-002  8.593431906836535E-003
   47506.1115436115       3.377158148115152E-002  9.018523886789157E-003
   32394.9641019923       3.420985700908235E-002  9.442360746338757E-003
   58490.9284683121       3.379511642472123E-002  9.910597096602098E-003
   78813.6492331088       3.338103464742696E-002  1.037867748923367E-002
   223134.504494235       3.296560571720877E-002  1.084762201041095E-002
   85488.9208024786       3.819727781935318E-002  1.182696595113616E-002
   42282.4892250495       3.865389124672682E-002  1.137103297682888E-002
   175380.961700665       3.911037783434444E-002  1.091577768778568E-002
   161730.297716676       3.956604640904251E-002  1.045950255377710E-002
   47563.1072355982       4.002254835838557E-002  1.000283056024034E-002
   101912.445330751       4.048199654882197E-002  1.043205785974916E-002
   58806.2761448858       4.094235214009186E-002  1.086095830166319E-002
   127029.020642802       4.140153500203063E-002  1.128859377925592E-002
   114221.562636282       4.186125023608515E-002  1.171727434682862E-002
   11506.5342704486       4.255386483060911E-002  1.098221441424410E-002
   25619.7272504993       4.209735566145593E-002  1.054888912121943E-002
   51157.7170756136       4.164190790544916E-002  1.011693664928947E-002
   189774.740037377       4.118561699435129E-002  9.684243717978110E-003
   20784.0714798274       4.073003733752403E-002  9.252292538940200E-003
   53591.0021377840       4.116037229374524E-002  8.793932988046597E-003
   127877.111726303       4.159042992522669E-002  8.335223256963129E-003
   106652.055419505       4.201969599020404E-002  7.877526779716718E-003
   71544.6821310902       4.244978017407113E-002  7.418478701103354E-003
   49259.7069498561       4.127917318844852E-002  7.178723160083914E-003
   46852.0533356568       4.084703247965338E-002  7.633430660125419E-003
   181100.938595497       4.041368930200964E-002  8.089096321536567E-003
   124325.693822516       3.998069122490441E-002  8.545329282179654E-003
   83475.2680611270       3.954825958730798E-002  8.115018905369028E-003
   129525.602265927       3.911595833268874E-002  7.684503301586177E-003
   46508.0396449024       3.868260231073918E-002  7.255054320401608E-003
   138531.485300783       3.790978383185575E-002  8.073672633646145E-003
   84349.9802468998       3.836345943130346E-002  8.481647657972843E-003
   118435.369649964       3.881821486080798E-002  8.888493037229059E-003
   5710.35028472656       3.927289155187726E-002  9.295425612411248E-003
   66618.8588137066       3.884340370053772E-002  9.776852645519103E-003
   81108.5314625650       3.841366759720940E-002  1.025729966210778E-002
   255293.847768886       3.798468009475282E-002  1.073869619747536E-002
   97854.5533968543       4.328816598676897E-002  1.167456247640493E-002
   55078.0171750236       4.372219313159768E-002  1.121425774179037E-002
   136399.343474214       4.415535321171857E-002  1.075376907698178E-002
   165428.346715956       4.458977967633696E-002  1.029310417502662E-002
   80598.2497199057       4.502299853508516E-002  9.831860908239103E-003
   103440.053407178       4.547883163656923E-002  1.026592237660090E-002
   46636.9983928887       4.593451925975204E-002  1.069985162388062E-002
   87963.7064529106       4.639010406765451E-002  1.113355570652175E-002
   64044.5556388567       4.684431623540412E-002  1.156737215663564E-002
   12546.9096533397       4.755484618132017E-002  1.081236812485523E-002
   28205.2163393183       4.709334565592077E-002  1.038536659681063E-002
   22824.5095808159       4.663182902443615E-002  9.957668186170920E-003
   147868.786499315       4.617041639799627E-002  9.530177698564931E-003
   27427.9057731902       4.570959450621871E-002  9.102440729960878E-003
   7574.89444317937       4.614564496709397E-002  8.688281496706637E-003
   94655.6070729412       4.658150142110180E-002  8.274870663367795E-003
   65001.2452814077       4.701739302880011E-002  7.860455911720800E-003
   32968.6620403562       4.745315183720378E-002  7.445853988631116E-003
   20512.5821857445       4.614210134906525E-002  7.036558066113771E-003
   9390.34804253487       4.575477824152856E-002  7.496463452175087E-003
   87739.9777383003       4.536828671507032E-002  7.956254247039983E-003
   70225.1685053135       4.498095845646621E-002  8.416355429370161E-003
   44807.7865824386       4.452169714118543E-002  7.982140672853938E-003
   91462.7689311158       4.406242735965211E-002  7.548116072609958E-003
   43640.6094980462       4.360419894547689E-002  7.114166531037587E-003
   72236.9193389706       4.291113894958599E-002  7.850481738417864E-003
   51358.7928777185       4.337229777730450E-002  8.281552798978268E-003
   95090.5128266948       4.383346655954698E-002  8.713457830441376E-003
   101916.798543711       4.429449396506075E-002  9.145353594112055E-003
   22735.5987409126       4.385967830913590E-002  9.603823022393088E-003
   70832.0187780445       4.342453602720379E-002  1.006333194148503E-002
   229021.016324416       4.298904933983889E-002  1.052192410669830E-002
   80218.0175797539       4.830926339094280E-002  1.152258467556936E-002
   9363.66450065833       4.873808256157051E-002  1.109986354298270E-002
   150581.983595357       4.916787057872778E-002  1.067683220711649E-002
   191786.176833752       4.959773696622959E-002  1.025263521204782E-002
   74517.6460224481       5.002753865660646E-002  9.829128789850787E-003
   154523.620606336       5.051071922943044E-002  1.022394234105898E-002
   23266.7257464378       5.099383896346816E-002  1.061960121386460E-002
   89693.7586130348       5.147684884304055E-002  1.101393251444050E-002
   115093.457415195       5.195854118439303E-002  1.140815691401574E-002
   14311.8598969449       5.255960886338148E-002  1.076796854621778E-002
   84923.3479760576       5.213460074878327E-002  1.031223896765155E-002
   22805.5860850855       5.170956833481451E-002  9.855983850319529E-003
   133891.796284831       5.128376887549009E-002  9.399851395565298E-003
   48021.9417731104       5.085960014328028E-002  8.943351743536426E-003
   14229.8091118456       5.125813557592262E-002  8.557965368486561E-003
   71332.8299974083       5.165743387926972E-002  8.173281632225594E-003
   77723.5327438261       5.205575813736595E-002  7.787631239503831E-003
   49001.1390148881       5.245410370899758E-002  7.401978842635826E-003
   4250.53055464911       5.105402092551827E-002  6.846430524777369E-003
   14476.7961722188       5.069390771530453E-002  7.267833912727797E-003
   78609.5985510925       5.033472373545497E-002  7.690149290476070E-003
   81212.6178991998       4.997473009620315E-002  8.111791440400605E-003
   48406.0537827522       4.956136761455542E-002  7.714464436500733E-003
   66193.8621987245       4.914898927886895E-002  7.316122983595334E-003
   10988.3656303446       4.873561218341386E-002  6.918858538624889E-003
   66986.3299031113       4.787538802282851E-002  7.833782778227169E-003
   31329.2955816009       4.829744319929798E-002  8.221912483513956E-003
   46592.6833358068       4.872051354341714E-002  8.608920925190409E-003
   26453.8575335280       4.914260858926656E-002  8.996941311909312E-003
   5924.47908391854       4.874628618173987E-002  9.450972549441748E-003
   47080.9757796339       4.834861837519554E-002  9.904960477477871E-003
   172075.735921251       4.795167650921656E-002  1.035892435619026E-002
   70790.2754298734       5.319955517053576E-002  1.136920503413134E-002
   21363.4695358486       5.365612844490666E-002  1.095921402116993E-002
   76612.6749260355       5.411382382181889E-002  1.054901980230251E-002
   89554.9583379574       5.457158212668050E-002  1.013866346059783E-002
   46472.6447799428       5.502919051615290E-002  9.727986544280483E-003
   57778.6286527058       5.549976595806975E-002  1.010912600179053E-002
   12157.5867039709       5.597131070022370E-002  1.049015197115373E-002
   56445.5521323297       5.644180522493211E-002  1.087108856640922E-002
   65443.7745575067       5.691222917123485E-002  1.125190337483510E-002
   24038.4430329153       5.755754751989110E-002  1.056405795910205E-002
   41393.6759803301       5.714702019020372E-002  1.011893973512302E-002
   18028.7411878273       5.673645990798393E-002  9.674063807573614E-003
   58120.5499147583       5.632598243158009E-002  9.228206125146037E-003
   6207.63217824044       5.591577669196202E-002  8.783229385117563E-003
   18677.3779910153       5.629938059707446E-002  8.383015931026038E-003
   29955.9970687794       5.668288751837995E-002  7.981696490020358E-003
   12530.8862348641       5.706649660285074E-002  7.581387037704659E-003
   1022.90334056714       5.744997568363860E-002  7.179919013438960E-003
   9093.40804947749       5.609820878803389E-002  6.672559245514038E-003
   1857.91711156721       5.572294427917374E-002  7.080610046865009E-003
   39762.8956429700       5.534659298232504E-002  7.488666505896861E-003
   10230.1316602001       5.497132892387053E-002  7.896843112473143E-003
   1779.31619962194       5.458592667245221E-002  7.512872832826104E-003
   17134.2271133397       5.420148637572685E-002  7.129041458003193E-003
   11649.8676312017       5.381609690333852E-002  6.745288602283461E-003
   10700.9305483644       5.286191873791470E-002  7.762102624056311E-003
   6403.39814352536       5.326960748573124E-002  8.122278666738581E-003
   14238.3053322452       5.367723426735064E-002  8.481362872615769E-003
   71014.0255317617       5.408488384945062E-002  8.841344986373499E-003
   35129.6478637941       5.370382913588080E-002  9.323186118275255E-003
   8071.83795087320       5.332258800002240E-002  9.805007659215926E-003
   84160.1823699263       5.294110793542991E-002  1.028682614161222E-002
   14231.3389796644       5.824540212658587E-002  1.120951837932180E-002
   17877.7476843663       5.868749915085897E-002  1.070229191249064E-002
   6266.87122123764       5.912958463313660E-002  1.019405583314171E-002
   33453.7371477724       5.957274417880198E-002  9.686797377771734E-003
   10422.9076946201       6.001476009883664E-002  9.178396270667541E-003
   35452.9094737639       6.037714729249929E-002  9.661004493264659E-003
   18702.9656357970       6.073855725649838E-002  1.014271096997477E-002
   7769.26439971001       6.110106181246112E-002  1.062538893661861E-002
   6768.42597683567       6.146358737428639E-002  1.110705706620280E-002
   51758.3149694111       6.254049007620101E-002  9.959012153439679E-003
   64056.3887052877       6.203677597039414E-002  9.628006012554263E-003
   66485.6190044137       6.153209203888552E-002  9.296993109324948E-003
   67788.5622782560       6.102845451845923E-002  8.966914610707860E-003
   19073.6741417003       6.052377030526770E-002  8.635844982145931E-003
   22474.3138391111       6.100356630128742E-002  8.183163417902355E-003
   1165.83925361114       6.148217932847622E-002  7.730450794410324E-003
   58292.2616123926       6.196181620056308E-002  7.277805266360441E-003
   34504.5687282876       6.244038449489445E-002  6.825156821969503E-003
   29989.7207049498       6.124374579089537E-002  6.604520669481010E-003
   15013.6738221944       6.082291419879246E-002  7.112406092838557E-003
   8219.62006277636       6.040205581966113E-002  7.619226575666761E-003
   45456.5594025939       5.998128964732618E-002  8.127016684177856E-003
   50403.5803939288       5.957782356939614E-002  7.645748204880757E-003
   35046.3433032423       5.917334420023763E-002  7.165570039553976E-003
   16346.3242026057       5.876983391390508E-002  6.684346200980466E-003
   47833.0706403949       5.795514569878507E-002  7.552840767154028E-003
   45032.3972066972       5.846121800553988E-002  7.924786007851018E-003
   48488.0732857131       5.896631071790388E-002  8.297715451352033E-003
   85642.1400787033       5.947238009387803E-002  8.669537075958843E-003
   8128.70081703119       5.899315160052350E-002  9.142870434559733E-003
   15315.1781625496       5.851500174624508E-002  9.617240244045588E-003
   4059.92910694275       5.803576213796216E-002  1.009063477595587E-002
   5130.39529266776       6.368842892510448E-002  1.103556312066952E-002
   4367.64080615040       6.402422160230847E-002  1.067660479462058E-002
   21115.0926938829       6.435980743749488E-002  1.031652841005046E-002
   13440.0989233551       6.469445787440073E-002  9.957544879265779E-003
   23086.8975476745       6.503001571708669E-002  9.598469099359208E-003
   35517.1156663904       6.546095384121643E-002  9.932646300545247E-003
   53523.2525994366       6.589181819860045E-002  1.026693784567111E-002
   31668.4360025706       6.632275553430460E-002  1.060220675448705E-002
   10315.4060948725       6.675365909910551E-002  1.093650925278554E-002
   44020.4256234246       6.754687150037506E-002  1.009039779288388E-002
   56241.5739420119       6.718563687966399E-002  9.681937055264402E-003
   32605.9975212773       6.682342756861709E-002  9.273423731092266E-003
   37478.7935413184       6.646216539713498E-002  8.864884384470787E-003
   27382.6310240702       6.610096490716291E-002  8.456257740514421E-003
   5548.71300992834       6.643293915656331E-002  7.948239648646655E-003
   33388.5053112297       6.676465417489637E-002  7.440052549844056E-003
   13954.1287436775       6.709732439904427E-002  6.931846172152901E-003
   12503.8154389223       6.742888333033664E-002  6.423694258985395E-003
   14695.7213653694       6.641512305854513E-002  6.292764236540311E-003
   26015.4456079419       6.592980457866490E-002  6.657824797162890E-003
   9975.93892952276       6.544439554437677E-002  7.021732089058856E-003
   67357.4297971433       6.495907686236650E-002  7.385706396870487E-003
   83286.3974159005       6.451131086920650E-002  7.051991575659065E-003
   78777.9792125009       6.406358189478915E-002  6.718184578067954E-003
   54560.3213731578       6.361580579082866E-002  6.383328333373370E-003
   60440.4979723786       6.280198506909355E-002  7.250738420588828E-003
   27616.2774671048       6.316461785776679E-002  7.676381353373241E-003
   12058.7005045709       6.352633483261139E-002  8.102062421734595E-003
   2533.49753996488       6.388811659359772E-002  8.527744110152127E-003
   19213.0803423782       6.355137809121503E-002  8.885770559530989E-003
   7365.76800196286       6.321471422461523E-002  9.242858171851644E-003
   5951.71450255002       6.287703907012206E-002  9.600901851732681E-003
   7782.78629234368       6.839276373803335E-002  1.088324577077350E-002
   11685.0509273539       6.879825214111664E-002  1.042289788339736E-002
   31079.4209260024       6.920355232097808E-002  9.962420090691993E-003
   8210.19026545636       6.960891308370198E-002  9.502981585067894E-003
   6383.16550001531       7.001421305547011E-002  9.042539138966037E-003
   2263.39943345234       7.045749145304288E-002  9.475309149505807E-003
   25909.5994635724       7.089970095595363E-002  9.907134787324497E-003
   8307.70973370707       7.134295465895485E-002  1.033989328768627E-002
   2851.33793598306       7.178512191667383E-002  1.077274506040380E-002
   5146.77754100558       7.254532294421144E-002  9.961581870564336E-003
   24428.3193499182       7.208465831979620E-002  9.548394246777996E-003
   14754.7363262891       7.162401069887168E-002  9.134167935603534E-003
   33838.4108820629       7.116438277120678E-002  8.720949696986375E-003
   16491.7771761081       7.070379463041948E-002  8.306723956310703E-003
   3259.44471943808       7.113541058694270E-002  7.821472340697581E-003
   21329.0201982832       7.156595783957730E-002  7.337189799815056E-003
   12099.0910362882       7.199748869928474E-002  6.851901619425166E-003
   15465.6398905682       7.242902944941219E-002  6.366643465741071E-003
   25494.0409431568       7.133607369818998E-002  6.232030473483790E-003
   16576.7585703163       7.087976836556302E-002  6.694130640702442E-003
   30014.4920791489       7.042442896263654E-002  7.155169943361458E-003
   35790.2895490945       6.996819003396595E-002  7.617302069969512E-003
   40075.0823531585       6.945714733757630E-002  7.186687619506636E-003
   47211.2779564174       6.894620710128319E-002  6.756924769796347E-003
   11572.5720202640       6.843519389304741E-002  6.326129887039084E-003
   59570.7580301541       6.789151142116336E-002  6.905896176423722E-003
   23439.6431429441       6.835411196669298E-002  7.388260911514079E-003
   19013.8999628891       6.881579622061244E-002  7.870669973896283E-003
   19614.8521528441       6.927853322613547E-002  8.353056855604753E-003
   28652.1965424233       6.884531689792811E-002  8.787391002629753E-003
   10128.2343124485       6.841314848877400E-002  9.221707774218721E-003
   35822.1599775519       6.797994806340640E-002  9.655992777957487E-003
   14502.2328489126       7.335625235953117E-002  1.072157394529161E-002
   1905.44845081214       7.377044513537045E-002  1.028501969789650E-002
   38941.5539741537       7.418557384504511E-002  9.847358321461675E-003
   51420.0151837674       7.459977777903715E-002  9.410704810375668E-003
   21520.5508819023       7.501494692954212E-002  8.972963187113159E-003
   37760.6139246449       7.537773269991466E-002  9.385292832648783E-003
   1949.20975682946       7.574041675502274E-002  9.796593751864171E-003
   12738.5824296264       7.610409246435916E-002  1.020882147448049E-002
   15987.8509056813       7.646664148824292E-002  1.062011401374760E-002
   26684.0441177562       7.753318673553575E-002  9.481756604925519E-003
   31491.2042939170       7.709892972791814E-002  9.146747132848959E-003
   19582.7716091445       7.666365614583497E-002  8.810821464380602E-003
   13903.1907425607       7.622942822616466E-002  8.475936791065270E-003
   6989.31792862568       7.579432417247792E-002  8.141069469526311E-003
   11213.5910225427       7.620406436528977E-002  7.692654351815574E-003
   24412.7216894272       7.661284130512500E-002  7.245222651403220E-003
   35486.1432733786       7.702264153782261E-002  6.796742298030159E-003
   27683.1225111813       7.743143643522053E-002  6.348220332952083E-003
   9412.38799621985       7.622507912159711E-002  6.049138895144150E-003
   21604.0164779326       7.580396226909461E-002  6.486959499252980E-003
   50140.3121560397       7.538376963631692E-002  6.923769589821437E-003
   6090.62155770059       7.496267704363051E-002  7.361748455225071E-003
   4014.46568212670       7.447813441502935E-002  6.953329010715355E-003
   17791.1496269451       7.399466596405220E-002  6.545844334791855E-003
   10176.5161801302       7.351016970595015E-002  6.137416838801967E-003
   5674.54763856299       7.286710065098471E-002  6.823651580853650E-003
   1526.84022432682       7.330615822299003E-002  7.280620781968183E-003
   16651.2673742801       7.374419885422782E-002  7.736588273868682E-003
   11950.8364875426       7.418321217889298E-002  8.193559841356024E-003
   11603.1766691486       7.377332717883117E-002  8.636053257592325E-003
   25011.2307306553       7.336432605468389E-002  9.077500161270078E-003
   56941.5793739146       7.295430504714603E-002  9.519985423878909E-003
   16152.0286351674       7.867139104101682E-002  1.054825480451595E-002
   14544.8394998990       7.900651124681023E-002  1.011428081941667E-002
   16723.1073112894       7.934263114048715E-002  9.679244293943953E-003
   40075.4156993140       7.967786077657187E-002  9.245222932235437E-003
   29897.4478126081       8.001311458530681E-002  8.811114419506912E-003
   39927.1381492934       8.038385930127777E-002  9.222207188512983E-003
   4829.00165831539       8.075354560347546E-002  9.633295081162991E-003
   16505.3384362545       8.112421302301792E-002  1.004531823133069E-002
   14335.2810237492       8.149479628130550E-002  1.045633334690972E-002
   17009.4592953911       8.253228998025453E-002  9.349006562971713E-003
   39632.4466927316       8.209779826932770E-002  9.005953864009000E-003
   20900.8547618507       8.166228784621711E-002  8.663029117570374E-003
   8984.41520174708       8.122783410474456E-002  8.321129106809344E-003
   2932.17819258536       8.079346464574362E-002  7.978216282794685E-003
   1835.33803545504       8.120498072213374E-002  7.616750871930792E-003
   24693.1243847380       8.161647637878976E-002  7.254239764908325E-003
   30161.5144652669       8.202902694378307E-002  6.892670377748180E-003
   19564.5549471356       8.244052962904788E-002  6.530080698954267E-003
   2098.24159075806       8.096408616517645E-002  5.894705045434693E-003
   7031.88624470334       8.063000800169529E-002  6.329731977471654E-003
   29444.1990163987       8.029485264094893E-002  6.763798507059895E-003
   9467.47907516035       7.996070884128390E-002  7.197909195108061E-003
   21320.8772985758       7.951207985685042E-002  6.789308144252403E-003
   405.450478905186       7.906444718561562E-002  6.380755987502871E-003
   5025.19494577357       7.861580593728927E-002  5.971290947410171E-003
   10340.4032375820       7.786849745809329E-002  6.769152269080746E-003
   1273.31717710828       7.830651866803298E-002  7.190017680500936E-003
   19006.5899111268       7.874347190341689E-002  7.609872831778157E-003
   12217.3190058486       7.918037296878362E-002  8.030742239195091E-003
   19317.5295762297       7.876887111234626E-002  8.393151168052750E-003
   39400.6634965669       7.835730234290414E-002  8.755601728813248E-003
   63181.4671149484       7.794473378710595E-002  9.119133284095625E-003
   12915.8315678126       8.363958624702146E-002  1.038656128150151E-002
   834.241882817804       8.398409712918439E-002  9.996240905832631E-003
   15558.1040093623       8.432864389169062E-002  9.605905951728784E-003
   28872.1879511421       8.467225221174680E-002  9.216577786518798E-003
   20456.6567556552       8.501682596749417E-002  8.826159927381694E-003
   28119.0053795625       8.544005316900270E-002  9.191539179769857E-003
   12406.4719679458       8.586323064602963E-002  9.555890798233527E-003
   7639.16898407677       8.628641483497707E-002  9.921212334876079E-003
   17824.5290913798       8.670957175380375E-002  1.028650459302404E-002
   11683.7531844155       8.753718688051179E-002  9.403087783593072E-003
   26291.1694494022       8.714492087115265E-002  9.004649883124858E-003
   7444.82122551388       8.675264440611297E-002  8.606288270105525E-003
   7842.90373147482       8.636139944212221E-002  8.207913227346198E-003
   5113.58799458118       8.596922308918208E-002  7.809551868943236E-003
   8327.80453673149       8.633324840064092E-002  7.343517568098010E-003
   3338.72956072671       8.669630777383690E-002  6.877516711737343E-003
   15023.0681800736       8.706037191267715E-002  6.410476672889185E-003
   12768.7853766382       8.742448163159597E-002  5.944392340918331E-003
   5052.53249428400       8.627818154469498E-002  5.677468926131891E-003
   15249.8076675736       8.583569186160148E-002  6.071017562441380E-003
   24474.4197917392       8.539415998190077E-002  6.463565677851311E-003
   12429.1783474799       8.495268238446624E-002  6.857166964902102E-003
   14980.0253327026       8.459246289800475E-002  6.489715889773318E-003
   4672.78432244284       8.423127644271806E-002  6.123346231260113E-003
   2320.36097013529       8.387107853995644E-002  5.755963371683335E-003
   16538.8240427978       8.283077518690364E-002  6.866512890475114E-003
   8775.67796145089       8.322096415290033E-002  7.201933772118550E-003
   2072.13041197028       8.361016834216689E-002  7.538360281015380E-003
   12721.9241116699       8.400031532724581E-002  7.873733378961136E-003
   1000.97030286993       8.363311336144487E-002  8.242773524008771E-003
   13143.4067842243       8.326683728906005E-002  8.610797970012985E-003
   28099.2612572678       8.289956399912037E-002  8.979877878820621E-003
   5309.89196773793       8.842061884237046E-002  1.023081999420951E-002
   2639.55784695884       8.881832817870464E-002  9.816702969292757E-003
   1045.98425171930       8.921612394047068E-002  9.403603817246101E-003
   2357.19993960801       8.961389968305965E-002  8.989491182686767E-003
   6361.91772120838       9.001169389182054E-002  8.576335270519510E-003
   1421.73450616786       9.045348300450121E-002  8.962174173061888E-003
   1496.03971486709       9.089430920606149E-002  9.349031973705704E-003
   2626.54909052202       9.133609491457416E-002  9.734857071900888E-003
   3360.29370035431       9.177690923685648E-002  1.012171001108773E-002
   1761.44406115870       9.253693365162582E-002  9.310576920509850E-003
   4576.77923636621       9.212221863252200E-002  8.895837404394036E-003
   1022.09684274913       9.170846564784060E-002  8.480081356968955E-003
   425.499343184209       9.129375210184605E-002  8.065359217013731E-003
   7807.70018094182       9.088000670334956E-002  7.649610641343185E-003
   768.432876672828       9.126657415285926E-002  7.230833597094722E-003
   379.076054202372       9.165416841991196E-002  6.812032864637117E-003
   2036.16192364344       9.204076905557074E-002  6.393256058926699E-003
   44.2184466112518       9.242835923149315E-002  5.974420367999072E-003
   2669.70821794318       9.113158766226503E-002  5.541354748795777E-003
   291.599223991014       9.073880743953482E-002  5.954323233279619E-003
   1639.31335494947       9.034605154877416E-002  6.368299635083625E-003
   10572.5193041954       8.995325091102051E-002  6.781277821722866E-003
   12401.5695915330       8.948641905235838E-002  6.396263003374338E-003
   8204.80756778011       8.901953435777855E-002  6.010309037281423E-003
   829.749542603701       8.855169621849887E-002  5.625414417087558E-003
   10494.9834203269       8.784013454466405E-002  6.385063576514390E-003
   1178.41873932637       8.825480318175651E-002  6.826735681691957E-003
   4896.36175245339       8.867040752864247E-002  7.267365367679109E-003
   16205.5862501828       8.908498669842944E-002  7.708024484794448E-003
   3404.17237981483       8.869855183011928E-002  8.131750990950282E-003
   1166.75288697140       8.831111135195742E-002  8.555526954410168E-003
   4409.99369260831       8.792465876143790E-002  8.979288291473023E-003
   1570.74290282804       9.334807720960647E-002  1.007062379208483E-002
   2469.85309707817       9.376310247631450E-002  9.664909974460090E-003
   217.956933792359       9.417913298610588E-002  9.259168939369096E-003
   2027.78065363930       9.459416193471561E-002  8.853460240700781E-003
   73.1364692071070       9.501021345413084E-002  8.448708769213375E-003
   4917.08514819645       9.544668160932979E-002  8.825712480417316E-003
   5073.60214279163       9.588317065348574E-002  9.203742075718668E-003
   1579.26526014803       9.631966616528473E-002  9.581778693202385E-003
   1843.41363040308       9.675616225447335E-002  9.959829320818857E-003
   1210.78628459713       9.753364214234851E-002  9.130139012764407E-003
   4118.99528156927       9.712809013838646E-002  8.719091484988041E-003
   1608.69472401167       9.672254004845193E-002  8.308025400063477E-003
   2575.89290120178       9.631697398370495E-002  7.896962467354194E-003
   3297.57092785222       9.591240079909041E-002  7.485863318508523E-003
   6067.40464586361       9.628974832734258E-002  7.060329656225279E-003
   265.860585523239       9.666809617800112E-002  6.634771658715568E-003
   279.734823108700       9.704643059055675E-002  6.209211429542782E-003
   221.359222399261       9.742476746439262E-002  5.783664929393924E-003
   1083.11950486222       9.614958685767221E-002  5.368984681004003E-003
   1981.73300691650       9.574957770947401E-002  5.774234455335581E-003
   6942.21737591390       9.534957473767099E-002  6.179480096496969E-003
   1882.40701021019       9.494952451053656E-002  6.583701117862412E-003
   154.049904153464       9.453101874375658E-002  6.206110670755044E-003
   1255.20290847066       9.411247400376556E-002  5.827530478711528E-003
   947.797887533372       9.369392982018268E-002  5.448951206472104E-003
   259.383409208901       9.283336704702443E-002  6.367444589986499E-003
   622.955833982806       9.323837198816018E-002  6.760470308377989E-003
   125.974763956257       9.364337349567467E-002  7.153497455936415E-003
   4210.86017612113       9.404737913119535E-002  7.546552604420409E-003
   491.326425755292       9.367052930066976E-002  7.988032889931636E-003
   1162.87087400629       9.329265711499597E-002  8.428552459633840E-003
   2826.81749273735       9.291481601727253E-002  8.870069799017735E-003
   102606.987223120      -1.835287164580415E-003  1.749384653330288E-002
   160938.098268547      -1.374698689198893E-003  1.700145181562723E-002
   369091.557595750      -9.135200473606664E-004  1.650927538229368E-002
   1019405.54212059      -4.500262030481240E-004  1.601548919527694E-002
   592506.084085316       1.271747307120008E-005  1.552092171476717E-002
   1053402.57325209       4.841723732870172E-004  1.601287592206633E-002
   155648.175274913       9.544664350478291E-004  1.650365939479641E-002
   281161.659912384       1.424851254654444E-003  1.699226558207792E-002
   327535.367474969       1.890315189335326E-003  1.748271376762011E-002
   873023.979906548       2.531097522474394E-003  1.683712817012040E-002
   597691.808399481       2.031052847155765E-003  1.637565151550214E-002
   591483.031708542       1.531119020623289E-003  1.591447672137568E-002
   133877.483354911       1.030494766865822E-003  1.545607216578981E-002
   201670.382562694       5.343937248114709E-004  1.499557364525924E-002
   606072.369704138       1.029043652725731E-003  1.458359810212899E-002
   722287.313530827       1.526588871220070E-003  1.417243355894911E-002
   1251944.71415369       2.022736498584564E-003  1.375843633010270E-002
   796587.207015038       2.518831527446274E-003  1.334365319238358E-002
   270139.210621087       1.254965491785225E-003  1.299147805069064E-002
   257186.534379031       8.411374691577942E-004  1.348432638226252E-002
   583191.826220701       4.270016539981154E-004  1.397853708440374E-002
   524657.730715547       1.077121595075058E-005  1.447310002433384E-002
   547437.142635770      -3.113276630784018E-004  1.398055635980241E-002
   47579.2405104155      -6.317553477945365E-004  1.348710275404459E-002
   193351.678844002      -9.512894639719912E-004  1.299471480659923E-002
   726036.584151606      -2.496238433522330E-003  1.373099455526852E-002
   747209.364046285      -2.000626059581771E-003  1.404914152948469E-002
   722635.394304304      -1.504348127766316E-003  1.436617065673714E-002
   396268.650600244      -1.006717095426922E-003  1.468222726290812E-002
   477301.655751260      -5.113943367434056E-004  1.499819688410439E-002
   75399.6068984133      -1.005516576648914E-003  1.545593859740066E-002
   597225.941382172      -1.503564047799425E-003  1.591391430673357E-002
   1016558.22515592      -2.001048786038535E-003  1.637201168680163E-002
   1182810.99520454      -2.497263822882108E-003  1.683398009953264E-002
   351364.857530145       3.173304927100835E-003  1.747673780374684E-002
   571787.893115542       3.638660980201943E-003  1.708307901217071E-002
   1231414.30590019       4.106973312338363E-003  1.668932191575195E-002
   2002491.61988714       4.574417146813910E-003  1.629221594601704E-002
   983991.441130182       5.043113026065406E-003  1.589383720139096E-002
   2125521.88912024       5.556223310990015E-003  1.628455805102395E-002
   1188774.06728805       6.069728547087113E-003  1.667295942373151E-002
   610451.960118900       6.583494432483711E-003  1.705643424046777E-002
   306814.058158133       7.092032258969613E-003  1.744033559602048E-002
   1424273.21131104       7.575427348973492E-003  1.694704517428833E-002
   1197757.87132040       7.165046277074266E-003  1.644924590008882E-002
   235341.972120107       6.757819461226341E-003  1.595559395521002E-002
   745634.242578943       6.352626409356098E-003  1.546265637480948E-002
   90570.4120900718       5.953060688602039E-003  1.496686596703502E-002
   28105.2862263759       6.347106995186720E-003  1.450046662217836E-002
   429940.401435783       6.742934603603506E-003  1.403519574777267E-002
   1504476.48564855       7.138911475189563E-003  1.356781939588995E-002
   1145830.55757419       7.537259765578497E-003  1.309909727577601E-002
   127060.621955481       6.431123007131595E-003  1.286334048062881E-002
   922314.365324212       5.964167906925318E-003  1.325869988196983E-002
   1225287.96249098       5.497865518170194E-003  1.365653196008197E-002
   506493.113662369       5.031096622652050E-003  1.405641933484364E-002
   862068.413286387       4.612608270783736E-003  1.366383129320564E-002
   271188.162262552       4.195986354759353E-003  1.327147645324432E-002
   266869.807269718       3.778678896465331E-003  1.288113412330578E-002
   642493.768674105       2.920583970243105E-003  1.375389039722956E-002
   516700.531183622       3.320474710490344E-003  1.416371347905778E-002
   1944.29042960328       3.721191509244235E-003  1.457135220815327E-002
   282097.136063422       4.119942148604092E-003  1.498061741682604E-002
   338008.684564330       3.726967190521156E-003  1.544564360302036E-002
   452259.440879315       3.329554323317527E-003  1.590770613007683E-002
   1258402.67565052       2.931165161440505E-003  1.637142112779632E-002
   224895.267950502       8.066399298179395E-003  1.743354453993251E-002
   1308247.17912787       8.569289115112332E-003  1.706084763661493E-002
   1459945.83130231       9.075724841730557E-003  1.668688865783208E-002
   2106226.96921002       9.580944733617832E-003  1.630909865696470E-002
   992016.556211608       1.008541745868809E-002  1.592928712427259E-002
   1499593.10418580       1.044945695448992E-002  1.629701548028986E-002
   596313.662170607       1.081292320834414E-002  1.666448526235554E-002
   219763.715030064       1.117481975607777E-002  1.703061494323615E-002
   173237.728402149       1.153594655842166E-002  1.739673321330176E-002
   918325.500671913       1.260107594747533E-002  1.629828052134286E-002
   1128585.66369590       1.221835073834321E-002  1.594924640563774E-002
   735518.278899611       1.183618844939725E-002  1.560242298327857E-002
   30695.2651209161       1.145453953611612E-002  1.525590720168286E-002
   165172.297739694       1.107598985662515E-002  1.490933502315686E-002
   62702.2446050334       1.144495232125348E-002  1.450443668244385E-002
   391989.528130977       1.181545788620125E-002  1.409959509063653E-002
   938986.010381580       1.218667030467624E-002  1.369387968431365E-002
   678171.630782552       1.255840547117795E-002  1.328700843758272E-002
   31425.1096009637       1.125714472019989E-002  1.278410651921471E-002
   517172.652787643       1.085820628469187E-002  1.316122237887027E-002
   840312.046674863       1.045868745787184E-002  1.353929894377383E-002
   619536.461556909       1.005894895721766E-002  1.391854215108867E-002
   1023770.30502915       9.585092395244060E-003  1.355058760799760E-002
   586923.293654998       9.112065271283738E-003  1.318412820638009E-002
   641103.818580209       8.638240322940645E-003  1.281926092247854E-002
   696831.842312892       7.922440449949429E-003  1.355968973599830E-002
   439805.736240425       8.305853819303365E-003  1.401938479011242E-002
   60776.6775088841       8.688319096078647E-003  1.447694910766053E-002
   149240.938478557       9.069032524273841E-003  1.493585645250600E-002
   701578.200024541       8.701553297485608E-003  1.544000684183505E-002
   48622.1606605079       8.329331953690790E-003  1.594168299840236E-002
   693368.610822412       7.954141717549275E-003  1.644344989849747E-002
   299790.970695447       1.369853216690282E-002  1.736528046369449E-002
   165333.627113984       1.404784619470124E-002  1.695614071186351E-002
   430380.421967207       1.439835162554763E-002  1.654850494272423E-002
   1200540.33994574       1.475060825275545E-002  1.613881238199117E-002
   781952.676276401       1.510296169942978E-002  1.572815178848404E-002
   1333607.08636024       1.552201121993141E-002  1.612635421063136E-002
   469655.063317966       1.594091829816536E-002  1.652409041625713E-002
   131826.596989616       1.635837688886262E-002  1.691934068429905E-002
   124799.087943131       1.677412180652103E-002  1.731550551478540E-002
   598363.852908905       1.762504208180634E-002  1.643298304248516E-002
   800351.789465312       1.720872690865263E-002  1.603250626423676E-002
   421609.809571313       1.679382156059434E-002  1.563350068531081E-002
   314592.563414660       1.637862297952521E-002  1.523459084407351E-002
   392358.855494608       1.596687182379922E-002  1.483521796146589E-002
   577765.682278425       1.636929091798250E-002  1.455851221760705E-002
   704445.936559341       1.677212693135016E-002  1.428039602925434E-002
   824493.379440503       1.717394012872093E-002  1.400268796402741E-002
   506784.225874152       1.757678156690571E-002  1.372365015476982E-002
   69642.7806913899       1.587372419602406E-002  1.274395556661085E-002
   124360.708355082       1.560879633046608E-002  1.315253954587756E-002
   369578.355112386       1.534235043063496E-002  1.356231212077305E-002
   367862.024661192       1.507628405387472E-002  1.397248648676269E-002
   667220.915902729       1.466561774320866E-002  1.357292428290234E-002
   231321.076199864       1.425514863441899E-002  1.317458849789746E-002
   211736.492166274       1.384510320332316E-002  1.277819038835705E-002
   482712.774273093       1.297370962556038E-002  1.368162988483394E-002
   362982.614229145       1.338697633596959E-002  1.407614074596025E-002
   42495.1135696504       1.380082267325269E-002  1.446962034247040E-002
   47571.2241963415       1.421326143523910E-002  1.486314794478735E-002
   212884.571356349       1.381200557849241E-002  1.522068822258993E-002
   841386.195516146       1.340843697952719E-002  1.557901719927854E-002
   1100492.43310552       1.300551119413004E-002  1.593770884335133E-002
   127617.125277445       1.850703225926742E-002  1.728540160980753E-002
   436764.431916164       1.890918948342492E-002  1.692164096068537E-002
   606359.512906872       1.931275874288107E-002  1.655781311488789E-002
   1001314.91390293       1.971736913769629E-002  1.619280899235744E-002
   483041.907118683       2.012116835547224E-002  1.582705285125225E-002
   710620.017534176       2.041375847935464E-002  1.617820867920515E-002
   201785.323382266       2.070419109847727E-002  1.652967323774844E-002
   92808.0655078570       2.099550677517697E-002  1.688047217764239E-002
   102072.817986122       2.128490276759681E-002  1.723155906853872E-002
   482311.726926251       2.262610411225616E-002  1.583262189865973E-002
   510368.569488723       2.226085327516806E-002  1.555871843707015E-002
   400915.937894513       2.189603289505594E-002  1.528393183815422E-002
   7971.37458239773       2.153126164200888E-002  1.501090064236868E-002
   143871.675038513       2.116799516227543E-002  1.473621894053787E-002
   194781.537630370       2.151751743803776E-002  1.428161352763754E-002
   107534.151653215       2.186733492603645E-002  1.382576466662341E-002
   381537.990710872       2.221804016283617E-002  1.337084708967690E-002
   376424.284334662       2.256924738865107E-002  1.291423480550456E-002
   241523.858963569       2.141052087473701E-002  1.259095360503802E-002
   451400.294455502       2.096707932145202E-002  1.295665008437514E-002
   662460.196473988       2.052247771923019E-002  1.332296254041023E-002
   172783.890698322       2.007959651416013E-002  1.369063695793654E-002
   195857.173094281       1.980095469017109E-002  1.333844332291131E-002
   41971.3639457265       1.952168905720652E-002  1.298652180565934E-002
   49637.9703465312       1.924350546665786E-002  1.263494171018542E-002
   349823.397966370       1.794155611211693E-002  1.398786133878507E-002
   389753.216830024       1.830525806349849E-002  1.425195406280161E-002
   196967.335964804       1.866913907883777E-002  1.451630086134816E-002
   24544.1849872887       1.903267261159608E-002  1.477935374423113E-002
   158880.811488834       1.868266349499305E-002  1.519252233453816E-002
   236635.924210009       1.833093399830834E-002  1.560614947182276E-002
   503485.194695106       1.797847049183451E-002  1.601932312523613E-002
   222060.965436268       2.402367955801470E-002  1.717320495056852E-002
   272838.056047082       2.429680095435354E-002  1.672519621840755E-002
   20815.5887595280       2.457143994319779E-002  1.627611349456549E-002
   422110.138127328       2.484614304620234E-002  1.582801248928325E-002
   436307.721468494       2.512306911160725E-002  1.537938526281250E-002
   871528.628945378       2.558726024288160E-002  1.581383423375666E-002
   330893.321205808       2.605153260452170E-002  1.624676144294259E-002
   132752.029456368       2.651558754452299E-002  1.667933317139937E-002
   79984.2706729852       2.697882633664574E-002  1.711105228208135E-002
   438664.082981938       2.765393778655254E-002  1.640398784999417E-002
   423023.806481550       2.719714997574583E-002  1.596173172409837E-002
   169511.073288645       2.673987039734236E-002  1.552160199107533E-002
   312468.793174303       2.628454673325182E-002  1.508203369447677E-002
   60299.3188358458       2.583183008090882E-002  1.464139078285242E-002
   223017.855466162       2.626928527066855E-002  1.426287410249733E-002
   434321.247425408       2.670717672231297E-002  1.388382794875208E-002
   656463.890280883       2.714603680119994E-002  1.350396493083974E-002
   408504.698935162       2.758392598703839E-002  1.312365181278446E-002
   164455.556473634       2.618500222221840E-002  1.257987764333538E-002
   68527.7040335079       2.582239404967014E-002  1.303114087747191E-002
   320604.326951371       2.545908328057826E-002  1.348153378255002E-002
   219798.831897905       2.509542074207685E-002  1.393266488511578E-002
   430414.205591995       2.463588499534742E-002  1.349782376884276E-002
   84714.1602603045       2.417523828308512E-002  1.306433475841111E-002
   24266.2307744846       2.371594483762404E-002  1.263066654259100E-002
   243678.904634590       2.302429573553452E-002  1.335446613408731E-002
   83916.8192326959       2.347995329819090E-002  1.379287578864711E-002
   239595.266830995       2.393403712658043E-002  1.423165673584782E-002
   59047.2634574441       2.438652836270391E-002  1.466984208963166E-002
   557887.483823794       2.394715968430806E-002  1.495973339724094E-002
   828743.963056603       2.350689159792872E-002  1.524930929763255E-002
   953506.962722804       2.306569082877161E-002  1.554083958577196E-002
   311818.088406748       2.835945855340215E-002  1.707917770308841E-002
   43006.7033862094       2.880299247292934E-002  1.660676848884090E-002
   398051.909306971       2.924744401778722E-002  1.613449810823667E-002
   992146.303239297       2.969277594872564E-002  1.566115751231769E-002
   524928.486979987       3.013805198096605E-002  1.518587084624122E-002
   937149.253448355       3.060966776949938E-002  1.563837585909884E-002
   237319.229762998       3.108208036493180E-002  1.608921061670329E-002
   80121.3384624815       3.155272978802884E-002  1.653889872009245E-002
   84356.0931921952       3.202217765401755E-002  1.698901898761015E-002
   428898.698554858       3.267797860739694E-002  1.629737953901445E-002
   647629.170547653       3.219796235179992E-002  1.585298590884958E-002
   311773.172886141       3.171780131203901E-002  1.541164664840433E-002
   292808.010715008       3.123841296524322E-002  1.497034680820833E-002
   91249.4443651595       3.076217539097641E-002  1.452891578840463E-002
   95921.2051871374       3.121688744834546E-002  1.406215220191712E-002
   356162.522040479       3.167269071286952E-002  1.359537967397648E-002
   654350.752760766       3.212885081931822E-002  1.312690088747642E-002
   455883.454349054       3.258484398162859E-002  1.265828481282449E-002
   3663.48140001622       3.145166779803447E-002  1.247895805841582E-002
   285238.720913537       3.100327486902046E-002  1.295348152491488E-002
   545601.810130954       3.055525604023431E-002  1.342843019019912E-002
   201669.339962806       3.010744239657213E-002  1.390471363553216E-002
   289926.034608686       2.972367877462824E-002  1.344935734178723E-002
   71460.6935490338       2.934064368793807E-002  1.299445061805049E-002
   37844.7002397175       2.895819928601174E-002  1.253973709323540E-002
   392433.567653804       2.805907182322308E-002  1.348355102885606E-002
   403677.410998527       2.853395893779057E-002  1.384328654035062E-002
   123793.778839226       2.900901982336379E-002  1.420198288438605E-002
   47665.0223082966       2.948320148171024E-002  1.456041231174076E-002
   97257.7778274616       2.902834088699094E-002  1.502052562258476E-002
   430958.193821253       2.857059519056358E-002  1.547992440927136E-002
   845367.601158707       2.811199645154573E-002  1.594030175911228E-002
   237469.494569746       3.336856036762263E-002  1.695409276562499E-002
   21274.2452626072       3.381437027488760E-002  1.648283676616541E-002
   362183.817080241       3.426109308906101E-002  1.601179184862040E-002
   823508.393163137       3.470946496645597E-002  1.553867603069805E-002
   432996.448741129       3.515652477786307E-002  1.506458473223105E-002
   644977.737714230       3.559940773179150E-002  1.551335328839869E-002
   74048.1719564197       3.604170524446627E-002  1.596221519137939E-002
   221603.740805934       3.648310564340209E-002  1.640949932865638E-002
   101111.551588602       3.692311048374925E-002  1.685706024707712E-002
   238870.843239805       3.769219363919274E-002  1.604328283314186E-002
   577069.156089567       3.721628329366771E-002  1.562935716214117E-002
   301337.265344614       3.673995037014659E-002  1.521718403143439E-002
   180975.282985474       3.626297950691698E-002  1.480606104405974E-002
   61895.5486628795       3.578919958627426E-002  1.439437877436660E-002
   2667.84992286292       3.623863290480274E-002  1.391375397426332E-002
   247784.615608780       3.668978574047627E-002  1.343404404295973E-002
   363960.470544001       3.714030988135324E-002  1.295295586336461E-002
   251085.992763035       3.759044980126600E-002  1.247067810123006E-002
   43331.8222056335       3.649202853454924E-002  1.233784385632591E-002
   173986.541452923       3.603486619296336E-002  1.281167400179003E-002
   391314.439555866       3.557820925297567E-002  1.328674604056626E-002
   119435.697371245       3.512081989006970E-002  1.376190495702186E-002
   236380.133297859       3.464967926573943E-002  1.331319890066814E-002
   43887.5601875547       3.417858308168956E-002  1.286451359811813E-002
   30975.5008659691       3.370708591421919E-002  1.241726806627082E-002
   232006.533850725       3.306094535870491E-002  1.310220293444827E-002
   180074.914682073       3.353692250319180E-002  1.354641046282344E-002
   82258.9559503793       3.401369198739103E-002  1.398867089715771E-002
   165173.717407811       3.448843409998686E-002  1.443098953663153E-002
   108308.730223672       3.403827448444367E-002  1.489664744329458E-002
   322148.487470520       3.358470139410415E-002  1.536275748803568E-002
   667190.073054099       3.313122052313435E-002  1.582865211145347E-002
   86652.0291802257       3.850571128467568E-002  1.681317216817299E-002
   164513.785599817       3.892187850874281E-002  1.640426911571958E-002
   319603.451432200       3.933874249861660E-002  1.599523092901931E-002
   454427.096686174       3.975573595292616E-002  1.558464606713341E-002
   236572.763628796       4.017246913030065E-002  1.517413355122728E-002
   310580.599664250       4.053034663276945E-002  1.556110734088142E-002
   26272.8010621648       4.088775572165239E-002  1.594899067003518E-002
   48539.3172784321       4.124595578293878E-002  1.633547365169138E-002
   96947.0363653409       4.160253453510567E-002  1.672215061155518E-002
   168998.569045886       4.268770776808387E-002  1.556977425953505E-002
   196427.255515363       4.227873610962828E-002  1.523718992335908E-002
   110685.358471006       4.186993741116115E-002  1.490386416229846E-002
   129012.531670860       4.146028186665126E-002  1.457203096917945E-002
   13887.6343904097       4.105254710624856E-002  1.423989912450986E-002
   102012.521992395       4.143774228983432E-002  1.378330796839203E-002
   124503.674052129       4.182403920476550E-002  1.332544704139967E-002
   194312.402487659       4.220983962031687E-002  1.286853621280536E-002
   170357.624183319       4.259553250676355E-002  1.240991894005292E-002
   80340.6578888224       4.142570418216589E-002  1.212730714962075E-002
   156677.977212960       4.099079727042474E-002  1.253754214314588E-002
   331693.457150088       4.055463885044474E-002  1.294901309330199E-002
   48074.1220115635       4.011988106495295E-002  1.336033516133986E-002
   127921.735793805       3.963870390848220E-002  1.297661572720063E-002
   27631.2964181023       3.915844009565408E-002  1.259243201071395E-002
   60954.9729857846       3.867731240504279E-002  1.220981394785422E-002
   33158.5176758399       3.800318687094297E-002  1.292703454414966E-002
   36922.5867717052       3.841553109214421E-002  1.338310002883547E-002
   174918.828613218       3.882853363394000E-002  1.383788355530441E-002
   158064.475127928       3.923995621121629E-002  1.429391420949528E-002
   33191.2803853780       3.885416557945340E-002  1.473105432291488E-002
   123958.698249976       3.846664612278178E-002  1.516817192975092E-002
   302768.918058847       3.807956608808479E-002  1.560547076587517E-002
   169285.732616999       4.383880255658210E-002  1.665433783958672E-002
   152222.304699783       4.417135378562708E-002  1.621450593938056E-002
   107747.017778943       4.450503315860071E-002  1.577433504171310E-002
   314183.084336731       4.483835980902920E-002  1.533410201370991E-002
   228603.019081195       4.517198730209918E-002  1.489229176305295E-002
   442775.746172571       4.564753943140896E-002  1.530981934451122E-002
   155183.472381138       4.612309553808279E-002  1.572551290749153E-002
   49321.8437828969       4.659845676930720E-002  1.614041589876865E-002
   68917.0567500442       4.707288215951295E-002  1.655521671073591E-002
   165380.894311175       4.770787793777335E-002  1.587887170317875E-002
   239833.842214341       4.726125071418201E-002  1.543191942686519E-002
   23312.4117477747       4.681478438131648E-002  1.498590758512864E-002
   241243.738781806       4.636895593342367E-002  1.454016294524558E-002
   26889.7372634930       4.592359762476202E-002  1.409381408058957E-002
   42443.0761417859       4.634282407309207E-002  1.364005588573048E-002
   164973.378398818       4.676128386729708E-002  1.318610340123866E-002
   259621.091197933       4.718005802098530E-002  1.273192214999405E-002
   197331.490903585       4.759873539479034E-002  1.227808761455657E-002
   15363.3963372499       4.641614245063911E-002  1.201057348695174E-002
   115546.215952958       4.598639936322349E-002  1.245379150462473E-002
   290514.135135731       4.555631068754588E-002  1.289717532409391E-002
   53457.8507085562       4.512652125934858E-002  1.334235086428547E-002
   146046.565437010       4.466712712442304E-002  1.292404856942203E-002
   7864.78957574106       4.420673502801586E-002  1.250737172518087E-002
   76934.4103326010       4.374754005656398E-002  1.209104817108401E-002
   80861.2024641835       4.304055046072246E-002  1.284341064419181E-002
   10839.2220570831       4.348537008513740E-002  1.327549086221093E-002
   154043.099872953       4.392993382655228E-002  1.370827969966450E-002
   56404.9018456902       4.437479324135089E-002  1.414019560366333E-002
   163125.123982420       4.395268032064351E-002  1.449666855028792E-002
   330321.529179784       4.353096854800995E-002  1.485340123215384E-002
   519938.293274552       4.310907139608253E-002  1.521153611245402E-002
   110406.930573653       4.838358867114649E-002  1.651415723024483E-002
   118903.372818038       4.882995236937673E-002  1.602271622801271E-002
   145034.574676402       4.927750592318269E-002  1.553244966077129E-002
   366361.142724755       4.972565418492672E-002  1.504073335455930E-002
   214306.346803388       5.017351271963314E-002  1.454761389037173E-002
   153185.291152534       5.049380078136597E-002  1.501605893763131E-002
   72818.6389637665       5.081340665091880E-002  1.548423270194668E-002
   214455.051479830       5.113235496144847E-002  1.595152838749477E-002
   116326.003828219       5.145118311368383E-002  1.641976857482208E-002
   118658.776076188       5.269443947152010E-002  1.509702604237473E-002
   365249.896685739       5.220567934470284E-002  1.480769731077871E-002
   274809.478530028       5.171747377636007E-002  1.451923891342572E-002
   108036.630875252       5.122826225360586E-002  1.423136394648709E-002
   47441.2950007391       5.073964559340936E-002  1.394394141060467E-002
   156870.416428051       5.120389041793161E-002  1.346037891058825E-002
   61195.3524189725       5.166883400234640E-002  1.297687243298903E-002
   131409.305245385       5.213318987749296E-002  1.249316513290413E-002
   84003.2793771052       5.259831229732313E-002  1.200957187801817E-002
   50607.5982193147       5.150439507524648E-002  1.190040407499699E-002
   40474.1841232129       5.104859160505702E-002  1.239165208140260E-002
   233507.713982907       5.059247688580388E-002  1.288418710840255E-002
   43896.6472951309       5.013676238364762E-002  1.337777931808915E-002
   57407.2491403962       4.967907110297193E-002  1.291335384796456E-002
   76191.8815427891       4.922146162063111E-002  1.244957539229909E-002
   109822.105115187       4.876435363013547E-002  1.198687145925935E-002
   133431.198259210       4.809206545063675E-002  1.270383304373058E-002
   75570.6392516456       4.858451002543342E-002  1.313005363098194E-002
   60721.2663926143       4.907789167109253E-002  1.355565559877156E-002
   182974.418638837       4.957073790723956E-002  1.398110241305876E-002
   54620.4309406879       4.910590703370619E-002  1.445504342454465E-002
   165133.547128643       4.863972809902585E-002  1.492882118826805E-002
   405211.617538599       4.817407567483316E-002  1.540313495580770E-002
   47833.9734843456       5.401748429448806E-002  1.634125100687768E-002
   47255.1275677925       5.430638650631260E-002  1.585147848310422E-002
   27793.2719745802       5.459573760470084E-002  1.536192871687836E-002
   54149.2928422705       5.488535658095885E-002  1.487237342716468E-002
   100298.176984294       5.517513503961616E-002  1.438243640811348E-002
   103790.878163297       5.562835615656260E-002  1.484952773443736E-002
   4990.21816153234       5.608153076124413E-002  1.531630744047645E-002
   43820.4328939681       5.653351745733662E-002  1.578301294694822E-002
   25041.9812696778       5.698615544596371E-002  1.624980480776724E-002
   39896.9854940566       5.771164729901524E-002  1.547798085105454E-002
   93431.9285766633       5.721690946572953E-002  1.505510411805728E-002
   45137.7549067787       5.672213122552983E-002  1.463355666003020E-002
   42426.6141377794       5.622740542025350E-002  1.421122506345663E-002
   52882.4585054691       5.573311164239137E-002  1.378882287133269E-002
   21357.8712526945       5.619978342970779E-002  1.331647336199796E-002
   35655.7755348841       5.666653368391473E-002  1.284303164219692E-002
   30106.7620030038       5.713331674105755E-002  1.237042104399070E-002
   2399.77039666506       5.759986075251239E-002  1.189740290247170E-002
   47137.6642088635       5.646960070205128E-002  1.174665352990938E-002
   39930.6804903524       5.602678003484321E-002  1.224134966217144E-002
   11429.2148835040       5.558272894561404E-002  1.273603449486042E-002
   37268.2558811519       5.513963719727874E-002  1.323084241337554E-002
   51686.3251390072       5.465429671389344E-002  1.276477171034809E-002
   6706.74927386117       5.416870208622258E-002  1.229950736700481E-002
   79182.3158403375       5.368333496939445E-002  1.183445554396912E-002
   66693.2987250705       5.309442582562030E-002  1.246296023611948E-002
   21047.5562206754       5.359062489577673E-002  1.291685871900304E-002
   84808.5573274784       5.408653630706248E-002  1.337057102351514E-002
   172562.271771456       5.458194787805190E-002  1.382435029106798E-002
   64669.3263762669       5.411022720269974E-002  1.414206353781809E-002
   130253.136334923       5.363830607251011E-002  1.446014623842362E-002
   141761.601892547       5.316639750830828E-002  1.477854525424673E-002
   17310.1965306187       5.848332102551749E-002  1.620337442158567E-002
   63790.3412362596       5.890940737018498E-002  1.580515719061724E-002
   115851.489821689       5.933451842252723E-002  1.540584168502241E-002
   153559.549935442       5.976065884505934E-002  1.500733556197168E-002
   64213.6875037085       6.018675455943311E-002  1.460866715736889E-002
   114472.651617364       6.058318172672397E-002  1.498106259216782E-002
   21495.6744211687       6.097941975262292E-002  1.535355141972776E-002
   4956.00109592702       6.137569172521266E-002  1.572689209728503E-002
   8328.41195004485       6.177280589691159E-002  1.609919767178983E-002
   24346.2136899123       6.270453281132229E-002  1.510586697611015E-002
   41638.0987291409       6.230724023221614E-002  1.473343245921403E-002
   19099.1055419249       6.190903840886668E-002  1.436210642835433E-002
   55140.0950218686       6.151186188071104E-002  1.399085101574321E-002
   51855.4797157868       6.111504355076842E-002  1.361938205632591E-002
   16995.8555312874       6.148898861667058E-002  1.326036977594372E-002
   52299.9852681205       6.186284276790355E-002  1.290223213989848E-002
   40794.7012148552       6.223769368213227E-002  1.254307185624717E-002
   25888.8684356336       6.261148898246885E-002  1.218387173281974E-002
   10347.3783289379       6.112900469499176E-002  1.150289452797754E-002
   5746.47992725332       6.079446144731924E-002  1.189975522728418E-002
   33364.4421163195       6.046081638239388E-002  1.229554096526075E-002
   26149.1637706690       6.012625665423441E-002  1.269147298820040E-002
   9240.90338017588       5.965631324112659E-002  1.232115729533724E-002
   10714.6482183140       5.918534004365075E-002  1.195094005175410E-002
   14183.8782192461       5.871533470498984E-002  1.157972584289838E-002
   17794.6095400362       5.799919584679136E-002  1.234287562224784E-002
   20072.2598216826       5.839949695120107E-002  1.278832677630266E-002
   20581.3259025803       5.879880046671545E-002  1.323481779266480E-002
   15710.5421062811       5.919806370824136E-002  1.368030885737495E-002
   17434.5140663307       5.882700946392294E-002  1.412998794907173E-002
   26147.4902471283       5.845569628197007E-002  1.457957844106020E-002
   83295.3948225503       5.808318384932906E-002  1.502821221449430E-002
   13768.1144425101       6.369772637279154E-002  1.603739905674230E-002
   7177.38070114718       6.406938554758029E-002  1.561043958649371E-002
   56316.0139700841       6.444010054902498E-002  1.518443775973246E-002
   90193.2540396553       6.481086596830381E-002  1.475738945038644E-002
   40231.1788395196       6.518168615507690E-002  1.433123334036820E-002
   77967.7221406719       6.559012972782947E-002  1.473210090149098E-002
   554.810581968311       6.599946736423939E-002  1.513397127349281E-002
   12056.4276552044       6.640775078030420E-002  1.553476857976481E-002
   6220.67240924458       6.681693000317736E-002  1.593655919604546E-002
   23132.6851416365       6.770479273101698E-002  1.498930722242554E-002
   33150.2197799432       6.727703598353957E-002  1.460699221148868E-002
   15892.3144253130       6.685034628804237E-002  1.422572463660966E-002
   46361.9735864963       6.642264377307240E-002  1.384359186902113E-002
   39502.9336103420       6.599625101489831E-002  1.346228655795628E-002
   5945.59829032460       6.639665649972414E-002  1.302919489399862E-002
   45229.1783211997       6.679796180850285E-002  1.259597338061829E-002
   27193.9985944231       6.719831322441704E-002  1.216280359732815E-002
   26290.3889005046       6.759960381531112E-002  1.172951689005348E-002
   34501.3259555300       6.634717259105138E-002  1.136483788531922E-002
   23489.3485311762       6.594068624796090E-002  1.179221038715696E-002
   51796.0881492735       6.553417625948524E-002  1.222054702040725E-002
   22016.8789674381       6.512772618800637E-002  1.264800574801270E-002
   5661.47716469737       6.476760885162511E-002  1.224544129589506E-002
   26479.5648934077       6.440850302361215E-002  1.184181460997833E-002
   5835.45825164153       6.404840108695928E-002  1.143925698978763E-002
   25514.0686657356       6.303749303338312E-002  1.251724093901300E-002
   7161.63707853464       6.346238264569237E-002  1.285077015077965E-002
   25054.7364992927       6.388827399648642E-002  1.318320068993274E-002
   8693.72276493765       6.431315051917755E-002  1.351668379649909E-002
   30737.5766128591       6.391160061816382E-002  1.391364331721525E-002
   60501.6448780458       6.350891897669064E-002  1.431063677384870E-002
   99662.9801497259       6.310717268629647E-002  1.470764453882679E-002
   2472.74116274133       6.865191923722670E-002  1.587708765312926E-002
   34873.5909699921       6.903713357378516E-002  1.553449977824803E-002
   56799.2028438784       6.942138366373200E-002  1.519289588638320E-002
   50657.6004512790       6.980662975258825E-002  1.485024721114365E-002
   18043.1350309565       7.019080926317288E-002  1.450752363853057E-002
   31243.4164111194       7.064743527913224E-002  1.482272419790818E-002
   11088.3986432121       7.110399306339621E-002  1.513795780219945E-002
   3965.07623387185       7.156055378277826E-002  1.545206407834637E-002
   38530.3529847273       7.201701146565830E-002  1.576718827126638E-002
   21295.1372563583       7.270932910415150E-002  1.502800346626938E-002
   23733.4777096398       7.236483715411092E-002  1.459321557935662E-002
   21181.0718783272       7.202147223876981E-002  1.415833962851640E-002
   51072.6272471079       7.167712453281085E-002  1.372352832324963E-002
   6388.34499126228       7.133294961248388E-002  1.328859090610530E-002
   16991.7839202093       7.164902672944810E-002  1.284923768599839E-002
   27462.9107320901       7.196501913963385E-002  1.241076328780002E-002
   33058.1981830248       7.228005979019050E-002  1.197133818254589E-002
   39666.4365766181       7.259613964951504E-002  1.153281986042092E-002
   39614.4395743074       7.136796983114695E-002  1.111640669329525E-002
   41246.8610825080       7.094976730704022E-002  1.145913383850678E-002
   68906.5990613935       7.053255558444643E-002  1.180281636696086E-002
   14787.0523135072       7.011448575108106E-002  1.214671688967981E-002
   6076.01880708458       6.968396972537111E-002  1.183062488688631E-002
   37720.0660392136       6.925352507620244E-002  1.151447928020730E-002
   22570.8865783183       6.882309574158881E-002  1.119939964027792E-002
   21228.7043625981       6.794309573486376E-002  1.213847163405140E-002
   10778.4177520534       6.828550371593244E-002  1.254751989001943E-002
   31750.2298591455       6.862893790920963E-002  1.295648562298977E-002
   5770.66581194887       6.897227441653150E-002  1.336552444675956E-002
   17659.4607259488       6.865515529865122E-002  1.377092497779805E-002
   20864.9499204967       6.833808719444501E-002  1.417737720239074E-002
   44698.1261658429       6.802192297542013E-002  1.458279331929191E-002
   34561.2109970516       7.344812899983348E-002  1.572010568928914E-002
   25742.9428899774       7.387958320607341E-002  1.526206888531363E-002
   51422.0052982840       7.431110002455575E-002  1.480396255526823E-002
   68214.3749233255       7.474274500002874E-002  1.434582185132141E-002
   38752.4236079406       7.517435413592126E-002  1.388749686357932E-002
   45520.7215605850       7.556689438144472E-002  1.431879528554328E-002
   10735.3347440390       7.596035292849468E-002  1.474994081647522E-002
   52059.8944519789       7.635268778292811E-002  1.518108318577519E-002
   35987.9280037878       7.674489677017704E-002  1.561223618907285E-002
   15800.4330747032       7.769926409229340E-002  1.459368022929074E-002
   60864.4287017651       7.724302216035323E-002  1.423032807594126E-002
   22584.8697751135       7.678672700962141E-002  1.386718574133071E-002
   29645.4603533245       7.633044751407332E-002  1.350316966047298E-002
   5905.04688614243       7.587440098630462E-002  1.314017366460848E-002
   4559.74598118065       7.630698081814007E-002  1.277720738591729E-002
   64216.8043133402       7.673959255979161E-002  1.241411878507375E-002
   76649.8676875704       7.717222317205449E-002  1.204996377926098E-002
   51631.3579070396       7.760485059983617E-002  1.168669104195363E-002
   6204.67411123366       7.613221100105121E-002  1.107505955513155E-002
   16221.1546684961       7.579667916865777E-002  1.153003454235245E-002
   76250.6531617972       7.546202974371281E-002  1.198499139904106E-002
   9254.13173549578       7.512741192980438E-002  1.244015771766800E-002
   35787.8239364269       7.468401408476005E-002  1.201047384230359E-002
   16676.5470059625       7.424167348359482E-002  1.158080641446776E-002
   16547.1581157420       7.379836964978177E-002  1.115124710732707E-002
   11332.7879802123       7.305399521123919E-002  1.194605108819523E-002
   3788.35175553399       7.351184211102708E-002  1.236022680170526E-002
   40819.3865622717       7.396963646363143E-002  1.277330594415491E-002
   10113.5546719121       7.442727921597324E-002  1.318744535639814E-002
   22352.3268836657       7.399789829979941E-002  1.364745884053891E-002
   45102.5191791161       7.356838968096233E-002  1.410749916945634E-002
   108844.833386133       7.313878766222279E-002  1.456759703616950E-002
   45370.6957968963       7.871763332626658E-002  1.554806152167843E-002
   38763.9229253600       7.908268018550731E-002  1.514033027092150E-002
   25032.6316142280       7.944775693885960E-002  1.473250558348063E-002
   53237.8563002319       7.981397789628929E-002  1.432560787139441E-002
   46820.1306725146       8.017916171858573E-002  1.391758543408265E-002
   69166.6911401751       8.067402887050240E-002  1.429767945397241E-002
   47012.4630988752       8.116790862061989E-002  1.467664572057621E-002
   23473.9632956513       8.166277939404828E-002  1.505645512953924E-002
   50450.9845217905       8.215754806518072E-002  1.543614769701615E-002
   9807.09176864741       8.271144017600934E-002  1.484482191797264E-002
   61870.7129766825       8.229966591380929E-002  1.437601009272762E-002
   4666.23880281675       8.188789005370239E-002  1.390744910780812E-002
   31919.7559540331       8.147729932364701E-002  1.343984974540517E-002
   21669.8279331696       8.106585879461513E-002  1.297121082160828E-002
   3832.85984737337       8.145007885906926E-002  1.260169551573855E-002
   22068.0883687259       8.183339965240989E-002  1.223318500591245E-002
   38343.0606380841       8.221772701641808E-002  1.186359936154285E-002
   28038.6284105445       8.260204411813506E-002  1.149393026466209E-002
   5219.54643651480       8.115081933609848E-002  1.086357531292832E-002
   13680.3067847274       8.080678612075198E-002  1.127083426912289E-002
   39985.8405493069       8.046366918854392E-002  1.167709421626202E-002
   32575.6613235448       8.011957724749902E-002  1.208446960845579E-002
   41695.2892108489       7.975771799885784E-002  1.170002983634817E-002
   18266.4512277026       7.939587597031576E-002  1.131674364923564E-002
   2583.94210158001       7.903306288698493E-002  1.093253665290826E-002
   44427.8109458226       7.801220058033426E-002  1.202252894490097E-002
   24206.6070570856       7.841953047279714E-002  1.235932973189153E-002
   2652.10367080553       7.882577375335172E-002  1.269510146839137E-002
   39679.5785585487       7.923295740191108E-002  1.303077428362466E-002
   7549.28065133744       7.884937917143817E-002  1.342113442023201E-002
   24060.4791645295       7.846672629453497E-002  1.381251323827216E-002
   78436.9564452351       7.808294981189612E-002  1.420297910756994E-002
   13171.0698445240       8.330284042359122E-002  1.539897226173294E-002
   19802.2128064561       8.376831254930003E-002  1.488572501752758E-002
   21757.1922897326       8.423393876677565E-002  1.437254285832058E-002
   17222.3349799095       8.469859946848464E-002  1.385936039542270E-002
   4221.97709241550       8.516419790552915E-002  1.334599873418461E-002
   19141.9939134444       8.549417449128943E-002  1.383353683997744E-002
   1439.04055916824       8.582417351514490E-002  1.432105522743559E-002
   6870.25509899759       8.615415216108208E-002  1.480859727470905E-002
   2601.85640871474       8.648414458681102E-002  1.529613037128550E-002
   3987.98645131607       8.768712957409537E-002  1.401245501322448E-002
   3607.23091133821       8.717921211772874E-002  1.371475808315547E-002
   397.757518618998       8.667127569681030E-002  1.341708571358840E-002
   11612.9598472925       8.616334438302790E-002  1.311940721348633E-002
   33638.2256767771       8.565536423798557E-002  1.282177954909639E-002
   12728.0191759980       8.613969320521091E-002  1.239492376974767E-002
   5057.98620011284       8.662411460165119E-002  1.196806873475585E-002
   2631.09475206170       8.710854575809879E-002  1.154117143420898E-002
   4934.99870175778       8.759293545047070E-002  1.111418916652950E-002
   13110.5773341010       8.631498395468334E-002  1.079749879526217E-002
   10198.1447134983       8.592037753752688E-002  1.130849470785092E-002
   2369.19255891653       8.552573192441806E-002  1.181949654195832E-002
   25660.5968833044       8.513106640391775E-002  1.233053653782238E-002
   8168.74831219699       8.475784296356495E-002  1.184447933632197E-002
   6087.26611163147       8.438565659323941E-002  1.135851579554201E-002
   18709.1687154254       8.401256869763243E-002  1.087256601869383E-002
   41116.3319507232       8.311153017719716E-002  1.183452631619543E-002
   32171.8380597632       8.362104074892791E-002  1.217504656852639E-002
   18956.5950060627       8.413051519243633E-002  1.251447870096373E-002
   51912.1700068946       8.463996455732928E-002  1.285481079567212E-002
   29832.9997402267       8.415791907867361E-002  1.335252342738682E-002
   20178.0592219644       8.367576203037963E-002  1.384923689694404E-002
   15792.4163081416       8.319360232287970E-002  1.434700194969284E-002
   320.707579968487       8.897082100022906E-002  1.521545349655546E-002
   757.621327410274       8.926892606974988E-002  1.472052816516481E-002
   785.508154603192       8.956702623392264E-002  1.422559932694402E-002
   2410.18852865704       8.986509499362708E-002  1.372967233382091E-002
   132.884627966553       9.016318316715188E-002  1.323473269053573E-002
   3960.83327598918       9.059469116067537E-002  1.370597400218074E-002
   1290.84425176974       9.102523499886962E-002  1.417825098067554E-002
   516.320073316480       9.145674858910928E-002  1.464949874915312E-002
   850.918502377161       9.188826679305248E-002  1.512074561007334E-002
   2481.45760205376       9.269766351617144E-002  1.425702049942043E-002
   3018.00374317749       9.219942656012202E-002  1.385698259135079E-002
   2527.62659073316       9.170119079445938E-002  1.345694024651312E-002
   689.260727593668       9.120198732890487E-002  1.305792657292981E-002
   3621.19951550136       9.070374175952449E-002  1.265788437745524E-002
   1198.77998145993       9.117455144906174E-002  1.221336461489616E-002
   583.623174965817       9.164639149294609E-002  1.176980804769526E-002
   3217.30652959292       9.211719855419578E-002  1.132528266662164E-002
   3039.90894261358       9.258802759617868E-002  1.088174347547415E-002
   1134.72162395494       9.136489302603733E-002  1.062034821355637E-002
   3119.27336020341       9.095188403222770E-002  1.111902290284759E-002
   2965.57304603551       9.053990130462360E-002  1.161865988151422E-002
   716.196981536866       9.012688279616536E-002  1.211732591782650E-002
   415.257283497360       8.970033635228637E-002  1.164592864502248E-002
   2560.80402418880       8.927374470265934E-002  1.117355322591489E-002
   4824.74575544299       8.884719097141044E-002  1.070217727691095E-002
   1921.95740923512       8.809103499904615E-002  1.150920816371288E-002
   3583.61971013700       8.858914688318940E-002  1.190420494688651E-002
   2350.47851489839       8.908824592214996E-002  1.229917714078513E-002
   9585.23590177154       8.958634015006048E-002  1.269418001452166E-002
   3415.16814629085       8.911178813262856E-002  1.302373666931371E-002
   4475.17354484540       8.863623962009723E-002  1.335333249401227E-002
   2739.49269175537       8.816168413272407E-002  1.368289219313636E-002
   1383.36448675296       9.356138784797295E-002  1.506640250634233E-002
   1905.81941063864       9.396276110185744E-002  1.460912062458202E-002
   1684.40931137336       9.436412375991993E-002  1.415183403595845E-002
   294.910227539641       9.476448303367289E-002  1.369458119209048E-002
   865.381557989202       9.516587291193888E-002  1.323829992642395E-002
   1408.60356848731       9.562401300446673E-002  1.366664377865249E-002
   2258.73433342934       9.608217631439404E-002  1.409600744810645E-002
   1613.17149562970       9.654134384324947E-002  1.452534248264805E-002
   1326.88192147965       9.699951522270589E-002  1.495471485359977E-002
   297.781535748528       9.769867632714149E-002  1.420863005353916E-002
   2417.73410594752       9.724050908634037E-002  1.377927233050096E-002
   841.551841687253       9.678231118278251E-002  1.334890351963192E-002
   925.027883583278       9.632413606866615E-002  1.291953520191575E-002
   4952.35373316591       9.586695607431561E-002  1.249013154216629E-002
   3056.94706314235       9.629594693855245E-002  1.205193563010045E-002
   1233.72649474751       9.672592307917327E-002  1.161370867072350E-002
   2143.81097672824       9.715589120714112E-002  1.117548767472070E-002
   251.534554677265       9.758586720091210E-002  1.073728805103334E-002
   1649.04348843030       9.634681628661576E-002  1.041739911676027E-002
   67.5222720538187       9.593747760686468E-002  1.087496453366585E-002
   4033.71212926793       9.552814844732810E-002  1.133252509851312E-002
   2578.88172059675       9.511878449048421E-002  1.178906944142537E-002
   3380.19741157706       9.467564068989875E-002  1.136023206806790E-002
   664.145302524979       9.423346211034056E-002  1.093035280266078E-002
   1575.84266022857       9.379027661804573E-002  1.050050270449525E-002
   4594.49361435722       9.304567897709395E-002  1.129509385206741E-002
   2369.51381906780       9.350336082657576E-002  1.170945627138962E-002
   264.368745590918       9.396101366104605E-002  1.212282678871778E-002
   1828.79574805386       9.441771001990912E-002  1.253722991924717E-002
   1292.81462282939       9.398845308758974E-002  1.296740875039351E-002
   148.983525273708       9.355816802996701E-002  1.339661813174660E-002
   707.844962895206       9.312791550200515E-002  1.382682126045471E-002
   329358.778835568      -1.937744594870505E-003  2.248264610623643E-002
   1060038.51581040      -1.449160358536370E-003  2.208644093850969E-002
   1632918.15448541      -9.585594294694677E-004  2.168968635637954E-002
   2524065.48628166      -4.669897540417843E-004  2.128930872585161E-002
   1135893.52142905       2.399811422346500E-005  2.088909752687499E-002
   2751238.94046856       5.422963881682704E-004  2.128374356691790E-002
   1514399.37048294       1.060736277463135E-003  2.167588227276889E-002
   1359715.26049076       1.581675411777559E-003  2.206093292555440E-002
   739136.962774261       2.096147461544704E-003  2.244503846485184E-002
   2686497.89176732       2.563032232320884E-003  2.196251910790703E-002
   749353.936473392       2.145604632912939E-003  2.146500227437075E-002
   37588.2664884121       1.732816683070132E-003  2.097023904069495E-002
   1239946.92345725       1.323356344858640E-003  2.047668158815623E-002
   74668.6405982675       9.225018803853948E-004  1.997775869585353E-002
   60901.9023046712       1.322266008588197E-003  1.951497553914455E-002
   605087.425926255       1.725072844575829E-003  1.905315127572983E-002
   1919350.80797043       2.128770429867253E-003  1.858923019456433E-002
   1690113.29161958       2.534426258981203E-003  1.812482661609658E-002
   431338.004986628       1.426151953485982E-003  1.788030690681308E-002
   1394336.54022297       9.566190332637444E-004  1.827693219903643E-002
   1878589.15452956       4.877379318247081E-004  1.867653071318029E-002
   536902.029416212       1.916370492611421E-005  1.907852641271440E-002
   1125965.03080776      -4.446227416032010E-004  1.868223766808382E-002
   526038.738310806      -9.084023437604882E-004  1.828426716740145E-002
   99046.7332663534      -1.371280985743048E-003  1.788847845090123E-002
   1410388.80128676      -2.491799294908670E-003  1.815860237281107E-002
   588407.701136929      -2.088726032540246E-003  1.861706407161977E-002
   167346.490864236      -1.685470244534893E-003  1.907280104522919E-002
   341737.789805065      -1.281923876219202E-003  1.952933237495594E-002
   656189.198693569      -8.825210464234826E-004  1.998677949729176E-002
   161646.240007141      -1.280220910893466E-003  2.047158190798502E-002
   813586.003524106      -1.684217646738500E-003  2.095497891728821E-002
   1736594.56053922      -2.089344783763414E-003  2.143842229027085E-002
   2940097.03020697      -2.495467150784435E-003  2.192675654643631E-002
   1745101.76614793       3.040413549983184E-003  2.243404364894281E-002
   777441.888182286       3.546002935013727E-003  2.200323210913466E-002
   1224922.18147619       4.059916434705771E-003  2.157325271804244E-002
   2339525.40351999       4.572679552969192E-003  2.113921669877038E-002
   1201100.52519219       5.084277174839362E-003  2.069856948237620E-002
   1651399.81375796       5.493528430429721E-003  2.112837830211384E-002
   364996.288639598       5.901492714517012E-003  2.155497366744587E-002
   361292.111636862       6.307467624051715E-003  2.198057087765645E-002
   1216862.52740732       6.709191231145348E-003  2.240843847299419E-002
   2191687.05349685       7.611459759930056E-003  2.148005406144581E-002
   1112330.44003866       7.163623484399807E-003  2.109097072996328E-002
   950382.171325251       6.717530382939639E-003  2.070335250774107E-002
   128836.437208329       6.272978658549461E-003  2.031728751283569E-002
   434393.976406744       5.831661075212825E-003  1.993049387256494E-002
   523481.765266101       6.262962527306984E-003  1.942885105761238E-002
   49735.6827990885       6.699030398070258E-003  1.892976356213181E-002
   1294629.80075919       7.139941381968837E-003  1.843037638086933E-002
   1265000.13050993       7.582044525016074E-003  1.792631303371243E-002
   220670.475564051       6.589025909755504E-003  1.787193978948110E-002
   1264202.69161783       6.081040119448550E-003  1.830416314055109E-002
   1752519.23752700       5.573131062402317E-003  1.873940560540906E-002
   1164018.76734320       5.067301089559329E-003  1.918051360765943E-002
   1553009.96269809       4.590433171861105E-003  1.875110100148303E-002
   454270.436176762       4.114717395896471E-003  1.832626467968656E-002
   53007.7977202990       3.639887144026513E-003  1.790268838633451E-002
   1515106.27043831       2.983274707361540E-003  1.858449834245830E-002
   854047.691687545       3.431805167632296E-003  1.904090219242486E-002
   220338.659291733       3.877803721347609E-003  1.949348917040225E-002
   518362.096929433       4.320329509911135E-003  1.994781069403082E-002
   814435.280469521       3.888689471092355E-003  2.045222812496414E-002
   354253.816883280       3.450944521594188E-003  2.095250524314416E-002
   1261791.38750679       3.008005989975370E-003  2.145488247964581E-002
   973592.487442760       8.533613911508730E-003  2.238770723654046E-002
   243873.669637703       8.925120743294176E-003  2.187822907184400E-002
   293908.987813406       9.322180615133112E-003  2.137236493095673E-002
   1433799.24060574       9.723795931855655E-003  2.086634545484024E-002
   1164634.63432847       1.012876701772946E-002  2.035720522849484E-002
   1994641.18958264       1.058674116684175E-002  2.086188682851863E-002
   196019.866052038       1.104364839086712E-002  2.135997511089533E-002
   48279.2582222170       1.149887641656365E-002  2.185616225652090E-002
   1302116.58148236       1.194657714880833E-002  2.235536860615241E-002
   1956981.91283921       1.267118508212732E-002  2.160914715701221E-002
   1297092.03568449       1.214771287783362E-002  2.117667688064353E-002
   1024043.06518474       1.162371129369189E-002  2.074656269394160E-002
   449226.208456937       1.110062367861652E-002  2.032107823301329E-002
   110186.090564366       1.058567490345753E-002  1.989276862908025E-002
   1108348.99207535       1.109691918330944E-002  1.954119335027726E-002
   1611334.30937568       1.161010767106726E-002  1.918557665594054E-002
   1949777.15342400       1.212192576518158E-002  1.882713827036383E-002
   1152907.05411915       1.263246344098154E-002  1.846526632664817E-002
   815974.511033489       1.118832793279664E-002  1.790767269216844E-002
   311745.159851754       1.083763906811880E-002  1.841637142480549E-002
   564963.608190405       1.048241282672282E-002  1.892427183621734E-002
   755887.174369340       1.012451797518241E-002  1.943403977474862E-002
   1655077.80219050       9.608799087237557E-003  1.892819238395159E-002
   495090.478505233       9.090840796626441E-003  1.842939540645127E-002
   35491.7308227544       8.574908514882015E-003  1.793300649633667E-002
   1258873.47263153       8.104986367890801E-003  1.842394918080982E-002
   675862.036480149       8.629702821652929E-003  1.891562042572343E-002
   388170.655458427       9.152374215106949E-003  1.940487582917139E-002
   77781.1355219963       9.667449093822026E-003  1.989717331956040E-002
   519448.478915047       9.156214849740350E-003  2.028922435532879E-002
   1762804.64789110       8.640207048670362E-003  2.068254045012874E-002
   1693580.20380071       8.125500510493714E-003  2.107964617208826E-002
   768836.249516903       1.341303578050678E-002  2.233854258013067E-002
   235316.051090497       1.384931962809777E-002  2.186148962743364E-002
   449329.321841041       1.429229045854586E-002  2.138631304811609E-002
   1855220.58899054       1.473561160106682E-002  2.090854283199997E-002
   1086061.67404463       1.517956770081997E-002  2.042478776949570E-002
   1098367.55276139       1.548839663819094E-002  2.089599662429776E-002
   87978.1579037284       1.579552590689322E-002  2.136520758714175E-002
   55337.0166333791       1.610068084848507E-002  2.183363232927654E-002
   724748.639370184       1.640320389036187E-002  2.230415777956368E-002
   1531371.42341020       1.770195324802781E-002  2.095527607944775E-002
   1124509.22353773       1.721546360974523E-002  2.067069020095001E-002
   1320033.15850798       1.673010780291391E-002  2.038638720791046E-002
   588531.699346529       1.624416163743073E-002  2.010346257424831E-002
   95741.7227080218       1.576002785231432E-002  1.982186935161391E-002
   196322.370563329       1.623181392773079E-002  1.941030751181257E-002
   603125.939252044       1.670613076758534E-002  1.899786110775991E-002
   1162099.71889642       1.718086645354414E-002  1.858439950120399E-002
   777750.892714159       1.765514489672646E-002  1.816872046572184E-002
   329011.282533475       1.637386170492349E-002  1.779599700177291E-002
   263010.813893702       1.597061845301934E-002  1.827556246731537E-002
   832342.371094037       1.556473702628830E-002  1.875605522445901E-002
   890698.213264558       1.515907385011116E-002  1.924008178671394E-002
   817025.554222771       1.479126772517714E-002  1.876920120015048E-002
   16940.9797513856       1.442413667836813E-002  1.830165247767287E-002
   170466.211129417       1.406002718304628E-002  1.783437007480228E-002
   1321321.29096298       1.311952913696351E-002  1.881228240986802E-002
   1241598.58453488       1.360648011597245E-002  1.915721898855905E-002
   641033.415349131       1.409363514157487E-002  1.950067158153349E-002
   281561.629980716       1.457961142051096E-002  1.984173079028595E-002
   514540.439798406       1.410750614867190E-002  2.028349277433586E-002
   699535.341069795       1.362997540166936E-002  2.072263749304296E-002
   1041260.00082228       1.315092267127477E-002  2.116524674257090E-002
   476490.057251537       1.904624068537363E-002  2.225855292825752E-002
   44854.3088877273       1.933211564418978E-002  2.175905494309973E-002
   186169.263320567       1.962074162155735E-002  2.126163302057739E-002
   1007227.77756610       1.991168362819178E-002  2.076263525200134E-002
   907722.754283874       2.020458975622832E-002  2.026324354484934E-002
   1241584.76877509       2.053983280701911E-002  2.075185031764453E-002
   57892.3782581999       2.087366954901002E-002  2.123985719509416E-002
   31402.3996919176       2.120539622538764E-002  2.172605513158152E-002
   693289.815674880       2.153398201375204E-002  2.221399463373604E-002
   1271367.53457317       2.273170136263465E-002  2.096325909111996E-002
   939142.715717838       2.222546632957600E-002  2.065603435176381E-002
   1064939.54614273       2.171992876829978E-002  2.034868676401888E-002
   207312.383931922       2.121298723194766E-002  2.004264104781011E-002
   567474.785975475       2.071065415925794E-002  1.973754260661605E-002
   905126.362875334       2.120324986851487E-002  1.944816024713311E-002
   1071267.45445714       2.169771178604871E-002  1.915819898572823E-002
   1165303.87836023       2.219056738519005E-002  1.886563506368741E-002
   700425.557609745       2.268312134155850E-002  1.857335142552469E-002
   373426.349567358       2.101348459577215E-002  1.773175124560791E-002
   132094.994986908       2.073935390084117E-002  1.823111548840781E-002
   342824.080700056       2.046476943410470E-002  1.873130016893006E-002
   504438.416850649       2.018706368864418E-002  1.923131543482233E-002
   839539.801059839       1.976520137815773E-002  1.874311783338339E-002
   72339.1032259048       1.934299211115413E-002  1.825669639465777E-002
   92850.8382712079       1.892345019642096E-002  1.777178314364708E-002
   852064.784301820       1.816211210148594E-002  1.856732161885272E-002
   705589.621139344       1.866928957409832E-002  1.896441691252458E-002
   89448.5022092617       1.917731525524929E-002  1.936049024846217E-002
   178083.054038345       1.968137573421012E-002  1.975540977708739E-002
   783138.012022563       1.918855947585434E-002  2.005299127926404E-002
   1458664.60005554       1.869208320190436E-002  2.035255489965175E-002
   1213148.40561947       1.819743206185837E-002  2.065364969667311E-002
   281377.103070449       2.397928485207322E-002  2.216518181661608E-002
   343836.336154483       2.428959990772488E-002  2.175477078663350E-002
   306756.369265125       2.460280741187141E-002  2.134572769288281E-002
   1052657.34648958       2.491715943504404E-002  2.093447146653126E-002
   724114.909898269       2.523147181376455E-002  2.052331389462022E-002
   1482226.51120282       2.574142189555725E-002  2.091650791165081E-002
   818629.837988424       2.625113800115495E-002  2.130834170676106E-002
   704792.847407580       2.676237162001941E-002  2.169597490509636E-002
   852597.275172343       2.726992877747960E-002  2.208340937079423E-002
   1518043.30044193       2.777312180424754E-002  2.155088021566102E-002
   457408.477000108       2.734880824986607E-002  2.106810137512855E-002
   47321.4637484251       2.692685172040698E-002  2.058677301655952E-002
   626771.871871855       2.650625554848634E-002  2.010672717879658E-002
   167656.869077140       2.609060083558760E-002  1.962351208351801E-002
   50579.2783185958       2.648665497070169E-002  1.916559010447444E-002
   362794.065069471       2.688572213982171E-002  1.870786375368026E-002
   1211297.07290403       2.728492807257957E-002  1.824912873925419E-002
   964620.939447168       2.768501831464333E-002  1.778788114212002E-002
   27655.9309617547       2.653428820724420E-002  1.752309070640698E-002
   718431.850590429       2.608764037898503E-002  1.793460514402923E-002
   1083151.43789261       2.564050325362901E-002  1.834855670860149E-002
   584665.238231729       2.519376706230745E-002  1.876358770867655E-002
   647043.913381384       2.489931313202004E-002  1.836567540713937E-002
   103186.532053402       2.460682013834099E-002  1.796739268406379E-002
   57314.6626320658       2.431399340312375E-002  1.757061400122828E-002
   785670.448426866       2.309631818111527E-002  1.884587960646093E-002
   666287.416161541       2.350909551087595E-002  1.911913441492772E-002
   252401.736566450       2.392272297714565E-002  1.939028340818176E-002
   45922.2585168987       2.433411045113855E-002  1.966211735232659E-002
   17684.7225947027       2.393577105774106E-002  1.998684749889656E-002
   599614.565738145       2.353437460595989E-002  2.031236741020767E-002
   620461.539330660       2.313387151373199E-002  2.063823668166476E-002
   634906.261043056       2.830264377328666E-002  2.205686662062242E-002
   359566.555189690       2.878908090520589E-002  2.161298158849068E-002
   589000.505451010       2.928014248705912E-002  2.116981031660355E-002
   1207583.04382150       2.977044409990439E-002  2.072427754469619E-002
   726405.396628345       3.026075186912522E-002  2.027578021401885E-002
   1219509.89775856       3.078614463761615E-002  2.069945611626761E-002
   613895.785748687       3.131360041981197E-002  2.112022553824389E-002
   408791.441318426       3.184021877735687E-002  2.153823864154584E-002
   937971.634871843       3.236260975367127E-002  2.195668033367253E-002
   1370547.42609056       3.280952355373536E-002  2.148440253279421E-002
   582546.497610531       3.235254003919043E-002  2.098801416914131E-002
   131999.801818926       3.189679961129323E-002  2.049422549915703E-002
   484918.093421788       3.144329747615511E-002  1.999981678481123E-002
   357477.239431739       3.099364609087393E-002  1.950443176503648E-002
   66798.3462619280       3.142039474195320E-002  1.904145623471810E-002
   418107.429917987       3.185032544874390E-002  1.857816377010093E-002
   1273369.20498348       3.228133094945612E-002  1.811438189490778E-002
   884977.625270063       3.271250967906643E-002  1.764715823730988E-002
   152053.844362579       3.157540997376795E-002  1.743336864731352E-002
   598011.356358725       3.112600011149720E-002  1.787697174228194E-002
   986441.970505749       3.067468418194809E-002  1.832216995674005E-002
   853256.588519446       3.022437055915619E-002  1.876953070804399E-002
   1176192.26102251       2.975674641659054E-002  1.834470777220120E-002
   386563.178475095       2.928931461869572E-002  1.792215239654047E-002
   104682.582326236       2.882290557464293E-002  1.750121880364980E-002
   933839.013693366       2.813843743428686E-002  1.822923685909685E-002
   521320.040909493       2.859134875114332E-002  1.866731533417666E-002
   216713.842261481       2.904316652064119E-002  1.910378761383929E-002
   285545.701119043       2.949167130489178E-002  1.954110309089540E-002
   348343.288129850       2.906587883538685E-002  2.004355926684688E-002
   292659.533115959       2.863647620465068E-002  2.054374120077839E-002
   752711.461942130       2.820519996291650E-002  2.104592705932426E-002
   509912.228245593       3.327938528294888E-002  2.193397348385877E-002
   513495.139328774       3.378067329209929E-002  2.150670881609182E-002
   698098.197116449       3.428571102083097E-002  2.107920621080619E-002
   1173422.62970524       3.479120165803275E-002  2.064788148010182E-002
   652357.396366656       3.529439565497317E-002  2.021482061897839E-002
   950298.070292154       3.575907483260473E-002  2.062204495877009E-002
   386484.069045098       3.622373494927630E-002  2.102882364731310E-002
   317180.412336208       3.668811327155327E-002  2.143310820710019E-002
   583102.076330511       3.714883175599437E-002  2.183811551535200E-002
   1075302.69491359       3.783007575252863E-002  2.111613217852158E-002
   488597.465803041       3.739372648887827E-002  2.068032421601968E-002
   279923.921039656       3.695836548078063E-002  2.024430655397182E-002
   243179.540411112       3.652290142008967E-002  1.980919898664098E-002
   221604.187586407       3.609087773358807E-002  1.937315932368514E-002
   88094.5697775370       3.649978442118105E-002  1.893757453524523E-002
   345961.310649768       3.691192919913765E-002  1.850234627988846E-002
   873031.568390861       3.732374583463124E-002  1.806606727826986E-002
   602509.258125948       3.773567299276426E-002  1.762815527220906E-002
   83741.4827620965       3.650701630057195E-002  1.728564670140069E-002
   405981.831735555       3.608881591489534E-002  1.771401163765044E-002
   708236.803472829       3.566992621752888E-002  1.814442793337643E-002
   707566.462186443       3.525067859737192E-002  1.857512072103226E-002
   1014407.49444165       3.477956346521094E-002  1.816799938589524E-002
   450146.450048259       3.430729584780210E-002  1.776197235622380E-002
   229740.978788719       3.383672715201683E-002  1.735843815589310E-002
   764101.118487835       3.314964384736207E-002  1.809173586862685E-002
   397072.219328753       3.358594297680161E-002  1.853361979641671E-002
   168343.115753965       3.402214315567240E-002  1.897531961811260E-002
   342239.268125641       3.445481115057985E-002  1.941667174112829E-002
   483384.329448873       3.404788483720105E-002  1.993388862852798E-002
   37100.3059591488       3.363657127002524E-002  2.045055219598982E-002
   481054.447788608       3.322387505266068E-002  2.096641311614953E-002
   363255.670857965       3.854970626254700E-002  2.179977415484950E-002
   263432.474160422       3.898723747139043E-002  2.135533895369564E-002
   368074.044349358       3.942859169548571E-002  2.091052286276390E-002
   949047.826288089       3.987029868449621E-002  2.046523309903367E-002
   550831.523704650       4.031185845165042E-002  2.001815013559088E-002
   865176.819921422       4.075052472594745E-002  2.044011908961407E-002
   268450.519331874       4.118778702889467E-002  2.086123857099664E-002
   230310.005143607       4.162591655486533E-002  2.128214253545805E-002
   354993.825830012       4.206117742378587E-002  2.170262993708443E-002
   738214.991248630       4.284589588230642E-002  2.086680724564091E-002
   375324.179917378       4.239552358791763E-002  2.045930506584029E-002
   261151.591750929       4.194486171459341E-002  2.005120176023264E-002
   238838.268673409       4.149576076462221E-002  1.964485074700302E-002
   77793.7635129058       4.104897399697108E-002  1.923652571027593E-002
   299074.970504615       4.147442640410743E-002  1.888026565504653E-002
   437849.016988178       4.190067767647962E-002  1.852375623495208E-002
   602045.353665154       4.232791125441482E-002  1.816549497433390E-002
   397970.869268614       4.275404250376025E-002  1.780760569982268E-002
   103480.758494492       4.127046624994073E-002  1.716609272523045E-002
   97416.6181743006       4.093652270945061E-002  1.761083342220178E-002
   314015.175207437       4.060294057914553E-002  1.805477060291920E-002
   357132.161244082       4.026874650113156E-002  1.849919557235366E-002
   557958.761447161       3.982704573558318E-002  1.807674932681879E-002
   184940.921524992       3.938542304424798E-002  1.765571895425394E-002
   114190.332038670       3.894439399996652E-002  1.723440859021681E-002
   507268.341083000       3.818552054920345E-002  1.804207484278324E-002
   361783.522692350       3.863586951628328E-002  1.845527349895673E-002
   14209.7686541743       3.908477185305748E-002  1.886751301755610E-002
   180210.246548265       3.953231525469961E-002  1.927975566534627E-002
   219227.479744476       3.910959289898800E-002  1.973884540903067E-002
   317999.418204014       3.868427430057979E-002  2.019724062082662E-002
   541782.147027459       3.825707269180866E-002  2.065667558161595E-002
   189163.678746837       4.368012297102168E-002  2.165324689237812E-002
   223948.571816665       4.408942354201112E-002  2.122395753266126E-002
   295563.488671213       4.450146708843386E-002  2.079504157370244E-002
   617322.633653183       4.491272992836241E-002  2.036526857096785E-002
   348297.986910930       4.532485835028801E-002  1.993520549162393E-002
   473893.500731202       4.570789359635931E-002  2.033968395394342E-002
   31494.2743264526       4.608945011221451E-002  2.074453298589694E-002
   99548.4249712379       4.647175013698941E-002  2.114862959805682E-002
   815754.949098455       4.685200592941556E-002  2.155382669935800E-002
   890518.205153684       4.784871298619716E-002  2.049075143127362E-002
   274087.164822423       4.741695974855509E-002  2.013753683331570E-002
   257047.258601892       4.698617431015914E-002  1.978398939074363E-002
   121543.734745754       4.655554715463916E-002  1.943241885041146E-002
   138910.356608128       4.612718856256520E-002  1.907968090232040E-002
   183461.945157802       4.653027855792314E-002  1.860810034372445E-002
   179943.659011830       4.693560931396921E-002  1.813656351008945E-002
   584984.631404021       4.734193141621935E-002  1.766456548436735E-002
   422026.822103290       4.774848452891935E-002  1.719117308113607E-002
   23915.6061770129       4.662434648493233E-002  1.698497979090652E-002
   382049.201860370       4.617414682235773E-002  1.741479252903442E-002
   691782.687485023       4.572353551598506E-002  1.784552031035750E-002
   274527.465097405       4.527352151823003E-002  1.827701340530424E-002
   321777.832918124       4.491410830480391E-002  1.787174478072050E-002
   27380.8722177810       4.455527591238738E-002  1.746589256701407E-002
   115969.215953165       4.419593893331424E-002  1.706039191711835E-002
   403236.094515007       4.318394880358612E-002  1.813923406554098E-002
   302686.355549396       4.361364860349995E-002  1.847147061475932E-002
   11009.3130328896       4.404323292975114E-002  1.880188778491129E-002
   105795.673837869       4.447087880950699E-002  1.913220763091389E-002
   82038.1899337956       4.406684988538521E-002  1.956605218929645E-002
   227235.267787439       4.366046278544645E-002  1.999876371821746E-002
   368200.435725128       4.325354551801190E-002  2.043310316104647E-002
   439139.433374035       4.890871114854255E-002  2.149081570528724E-002
   110261.645109334       4.926466279036590E-002  2.110500158245334E-002
   67280.4140909120       4.962255557126229E-002  2.072008147481590E-002
   309568.868750119       4.997964227732993E-002  2.033459984193663E-002
   323642.757025193       5.033773778614285E-002  1.994919775968984E-002
   407144.491439468       5.081967952168551E-002  2.031028600110811E-002
   260433.821810041       5.130077198703489E-002  2.067188254728704E-002
   237048.177599867       5.178297411168584E-002  2.103273950975769E-002
   128888.318521350       5.226436925418008E-002  2.139355251347228E-002
   373550.604756841       5.286630356324545E-002  2.075348412051925E-002
   128906.024011070       5.247480355173043E-002  2.029561173471577E-002
   26921.9683463768       5.208397297191614E-002  1.983792136164696E-002
   131361.158004356       5.169367968163112E-002  1.938133596503005E-002
   104005.412699409       5.130519573086085E-002  1.892331695317074E-002
   192835.097028018       5.167094136367768E-002  1.860878882005772E-002
   220693.646253280       5.203841104887837E-002  1.829438577784545E-002
   309203.246637426       5.240588551182517E-002  1.797957690658762E-002
   176529.292289531       5.277317820967194E-002  1.766421532257810E-002
   78241.3528954020       5.115853803496792E-002  1.680381723354650E-002
   29976.2377678257       5.086567160689551E-002  1.718797040545836E-002
   107040.087986112       5.057254620965285E-002  1.757230450806030E-002
   372855.039967675       5.027873192649975E-002  1.795549856039884E-002
   544162.769707088       4.980504898987171E-002  1.759408560558254E-002
   429776.201904655       4.933066817676909E-002  1.723336205653045E-002
   228845.382112179       4.885642089423713E-002  1.687365697601492E-002
   294551.281643041       4.814119914063302E-002  1.763929179889070E-002
   13297.0401003609       4.853302550783741E-002  1.808672159707633E-002
   172031.057780066       4.892377646921520E-002  1.853404525397094E-002
   340637.852947084       4.931268998093566E-002  1.898148767832314E-002
   35934.3536184916       4.894817881620782E-002  1.935852328998230E-002
   203769.651846862       4.858213696916858E-002  1.973490975073749E-002
   245767.163157874       4.821596793846137E-002  2.011301763172718E-002
   41174.4260479041       5.350572219926230E-002  2.135611841672025E-002
   235025.565642494       5.396483687051706E-002  2.097893202028930E-002
   241370.755940678       5.442471236009627E-002  2.060069122383923E-002
   402160.797210979       5.488345400216493E-002  2.022281251267944E-002
   190775.432939835       5.534318391171329E-002  1.984459145329003E-002
   328845.371710958       5.574032691903136E-002  2.019619251849782E-002
   141832.566275260       5.613722772313691E-002  2.054770879081176E-002
   157246.659791267       5.653419108674354E-002  2.089979215111492E-002
   125378.153767495       5.693041656971476E-002  2.125115845295797E-002
   339784.926919110       5.785978378476352E-002  2.026064774264797E-002
   131665.937062001       5.748281800573187E-002  1.988781286862263E-002
   102671.472475673       5.710535237978116E-002  1.951486784028108E-002
   60711.3621902814       5.672899196806094E-002  1.914218740538778E-002
   13007.8471262389       5.635330295803952E-002  1.876920807059756E-002
   28658.8054350563       5.670370900623146E-002  1.832067275353566E-002
   54666.3920412291       5.705446206890615E-002  1.787217026330530E-002
   206455.888930893       5.740651118973136E-002  1.742450459850509E-002
   182150.555908773       5.775777692231252E-002  1.697562338995979E-002
   67777.1317361314       5.655936527921530E-002  1.662659385722179E-002
   186800.612360059       5.613315433458421E-002  1.700439257845823E-002
   252020.378048412       5.570586719872597E-002  1.738152133876986E-002
   125633.401280307       5.527868411370361E-002  1.775902774210112E-002
   150889.821714531       5.496308611255737E-002  1.740474195720665E-002
   42214.3930840644       5.464767413890095E-002  1.705056180956501E-002
   22750.3313493413       5.433233866552779E-002  1.669551763235276E-002
   200835.231826973       5.314696299073055E-002  1.795674118861560E-002
   175641.227489531       5.352154660788102E-002  1.824926995462416E-002
   86722.4706331220       5.389511964253719E-002  1.854158151187006E-002
   16892.9624003872       5.426846407894346E-002  1.883384266709918E-002
   129584.511619918       5.391921000186267E-002  1.931415864851806E-002
   36191.8217910128       5.356904093463169E-002  1.979307999479077E-002
   126584.057891603       5.321749795599957E-002  2.027319927012664E-002
   108021.208149043       5.884938306657981E-002  2.119071261691989E-002
   38443.5010905384       5.922000904163469E-002  2.072641631360139E-002
   55099.8567353450       5.959147969456078E-002  2.026244781218959E-002
   281449.042204410       5.996319504975813E-002  1.979820462090284E-002
   178015.642245907       6.033517820830025E-002  1.933355936041151E-002
   300760.635398311       6.075549437451196E-002  1.977330732352162E-002
   63899.4877897278       6.117557621536944E-002  2.021275146755524E-002
   54987.8208700751       6.159652903971975E-002  2.065181233037260E-002
   132109.696762219       6.201580424393031E-002  2.109117163940588E-002
   264061.398921002       6.286624361573466E-002  2.018403818648252E-002
   158673.196542639       6.239959993616224E-002  1.979403191101561E-002
   131149.647963771       6.193311920046433E-002  1.940316185040000E-002
   57807.1796856586       6.146678027783996E-002  1.901364937323854E-002
   49439.1798902211       6.100128153086826E-002  1.862384572202894E-002
   93454.5547336080       6.144224712212064E-002  1.822619661779215E-002
   150702.794773267       6.188349976810364E-002  1.782845326957080E-002
   224496.628126978       6.232475216426542E-002  1.743042961360635E-002
   140505.558402541       6.276593395608883E-002  1.703116745830867E-002
   34578.0083295779       6.140237370217989E-002  1.656385155294957E-002
   47020.5579369214       6.103251004770954E-002  1.702833083455425E-002
   127550.992168574       6.066240898738631E-002  1.749289394917345E-002
   109322.855689840       6.029214856236969E-002  1.795770707216742E-002
   176728.674778897       5.983933554420922E-002  1.751878541104278E-002
   34892.6594329152       5.938659071090950E-002  1.708028977394837E-002
   21999.9973714146       5.893506563961641E-002  1.664198495792387E-002
   151459.821852547       5.822514143914777E-002  1.739910185015109E-002
   112734.252481397       5.869236996403208E-002  1.782130510682301E-002
   14923.5794296386       5.915951855222100E-002  1.824414964460778E-002
   1844.78189340406       5.962614002774441E-002  1.866705502217098E-002
   37387.7218560040       5.918512562287837E-002  1.906519280346573E-002
   215270.570388306       5.874341169012623E-002  1.946330821135385E-002
   241814.913564387       5.830167737999563E-002  1.986189483022612E-002
   60232.3525197365       6.377280651542030E-002  2.103516041172002E-002
   85211.9694245358       6.416482645987452E-002  2.062086713700113E-002
   95062.3393363470       6.455844427494849E-002  2.020671273783294E-002
   219826.905277167       6.495111126488300E-002  1.979229245283620E-002
   124651.839128631       6.534384914300911E-002  1.937856999920443E-002
   174040.605590262       6.567222218840986E-002  1.976902148329582E-002
   40722.4051713408       6.600136707816824E-002  2.016049221465870E-002
   52040.4748144131       6.632953078903955E-002  2.055180168801428E-002
   51144.0219170549       6.665736399579719E-002  2.094328443683875E-002
   147100.297673473       6.785551684458123E-002  1.966433417800958E-002
   78158.0587101603       6.744309440452291E-002  1.936279070611142E-002
   80868.9967852374       6.703087498148774E-002  1.906112916030710E-002
   18154.8288248924       6.661860728675700E-002  1.875866343060088E-002
   30276.2763170368       6.620777814912500E-002  1.845695848691829E-002
   24108.8647672928       6.659591231264864E-002  1.804944954653923E-002
   58937.8413895120       6.698519849978431E-002  1.764091527761739E-002
   98864.0798819083       6.737458817392905E-002  1.723328937025648E-002
   74564.0985119384       6.776394098815257E-002  1.682450053730657E-002
   16328.6452097184       6.643399082918394E-002  1.635088266318329E-002
   57303.0663027808       6.605190522197688E-002  1.676519374384801E-002
   95256.5559257361       6.566874110401991E-002  1.717962544938036E-002
   79128.8953001208       6.528651244536560E-002  1.759315558997126E-002
   104358.646268904       6.488940803470324E-002  1.720475066635907E-002
   32971.7092765224       6.449229660480175E-002  1.681559798453600E-002
   31972.5396343663       6.409527605321878E-002  1.642659289110949E-002
   90828.8296582255       6.318067156308596E-002  1.740282226499994E-002
   71839.1984275360       6.359516863728167E-002  1.777349538110182E-002
   5358.23206240856       6.400959737572469E-002  1.814397421428889E-002
   39087.8486742945       6.442283017218312E-002  1.851443378603665E-002
   25751.8516206727       6.403490421271418E-002  1.893148853840998E-002
   88348.2662735827       6.364552445192861E-002  1.934849940849541E-002
   125106.951609800       6.325604456065019E-002  1.976674649045985E-002
   40612.9442080925       6.913405041820883E-002  2.086281000714615E-002
   7811.68686513766       6.943373777961888E-002  2.038698609653054E-002
   5941.08275660611       6.973373021723162E-002  1.991032002957381E-002
   108067.256237285       7.003486020246094E-002  1.943453723772801E-002
   73616.8942205320       7.033518867359190E-002  1.895864445996414E-002
   127212.926723635       7.070073705727915E-002  1.941284902710176E-002
   13710.2444542761       7.106511188074699E-002  1.986703629030070E-002
   17506.2027171921       7.143048839066299E-002  2.032206532717134E-002
   38086.1639320876       7.179461443439047E-002  2.077623011889397E-002
   87099.7718109995       7.285976324304383E-002  1.963838744404472E-002
   58578.8922656535       7.238225972309809E-002  1.930501783573463E-002
   60305.6016840113       7.190380097095228E-002  1.897067580293725E-002
   21570.9429570338       7.142637423409626E-002  1.863744886630335E-002
   42025.5602185154       7.094926356355094E-002  1.830308780459542E-002
   25452.6311898667       7.140062781431911E-002  1.784224819979884E-002
   59317.5388043030       7.185206918423918E-002  1.738138038894138E-002
   55778.6491164107       7.230454653063438E-002  1.692042344259724E-002
   44696.1959483518       7.275592119764866E-002  1.645930354322608E-002
   22481.7690516285       7.158635406836646E-002  1.624737390187899E-002
   28830.7737261500       7.115565835092628E-002  1.672857305024098E-002
   61527.6342256031       7.072482927599558E-002  1.720878293892129E-002
   26823.1127311754       7.029400952107688E-002  1.768911555829361E-002
   41219.4163715450       6.988383405691868E-002  1.723626081396708E-002
   10802.7437134394       6.947271981015525E-002  1.678357166484008E-002
   4779.94479868577       6.906265253817251E-002  1.632990195692457E-002
   38709.3131562320       6.824281387853871E-002  1.720508175444345E-002
   40952.5241703561       6.872257862302589E-002  1.758462787701925E-002
   4189.82021708961       6.920137724225245E-002  1.796504707565405E-002
   11060.9804336488       6.967998703134935E-002  1.834443603562498E-002
   59685.0620098586       6.922429685850266E-002  1.867401616607508E-002
   125520.954401310       6.876839203150419E-002  1.900464435764074E-002
   117753.330295322       6.831149729060416E-002  1.933451337527206E-002
   16262.7952288897       7.399740673345402E-002  2.070377721563230E-002
   23409.3349330058       7.433377198152880E-002  2.031458793356509E-002
   25695.7644630880       7.467131706576149E-002  1.992544281214170E-002
   45849.1765908211       7.500789436340100E-002  1.953628040776461E-002
   27995.2934607882       7.534545082056857E-002  1.914696896019899E-002
   54007.2249399865       7.569889343834639E-002  1.951352739721822E-002
   9793.84662921315       7.605137685190741E-002  1.987989164166802E-002
   31268.8608237038       7.640485535816803E-002  2.024608494591800E-002
   213405.206189921       7.675693886316995E-002  2.061255036967182E-002
   171129.611424082       7.785695837552163E-002  1.943698127393063E-002
   9091.78780135490       7.746756061053142E-002  1.911007182626805E-002
   8625.54368684219       7.707842114533953E-002  1.878195661059146E-002
   53304.8325151046       7.668936746081305E-002  1.845496461610956E-002
   56367.3033018000       7.630037994662618E-002  1.812704167235796E-002
   61621.7260121938       7.666605417175237E-002  1.773742156719042E-002
   42874.0521963721       7.703167152418951E-002  1.734661394107769E-002
   77690.8853568866       7.739749403720532E-002  1.695677154081425E-002
   65505.3268618479       7.776332382919786E-002  1.656674595154356E-002
   7173.95981331763       7.637928152287347E-002  1.600197894488884E-002
   47039.9797083990       7.601353907490395E-002  1.639179278142454E-002
   134511.607354772       7.564666559330271E-002  1.678169925731889E-002
   6452.81458951317       7.528098159101392E-002  1.717196644550327E-002
   39925.6780572887       7.482266904513331E-002  1.680891821550803E-002
   15562.2189258421       7.436442460588555E-002  1.644589055737301E-002
   33647.1889632001       7.390619147923382E-002  1.608299728076549E-002
   2723.19431359792       7.314849747787625E-002  1.689251431584292E-002
   18736.7075878673       7.354100227193257E-002  1.732565321690641E-002
   62402.0585344174       7.393345427126002E-002  1.775873650137361E-002
   12964.6118588581       7.432568574761797E-002  1.819194378776218E-002
   20235.5926259751       7.395927805975429E-002  1.855398522998185E-002
   40288.2745287459       7.359281018149121E-002  1.891508554401885E-002
   47692.6196603462       7.322635121874614E-002  1.927725061456552E-002
   133807.248688372       7.903165085562279E-002  2.053778964678753E-002
   28861.3110515253       7.935628694166272E-002  2.006820270045348E-002
   39102.3053652316       7.968231102571935E-002  1.959782606450898E-002
   22680.3816515151       8.000750210811293E-002  1.912847090057019E-002
   42462.1868931181       8.033362493642436E-002  1.865779719453785E-002
   16505.4434443885       8.075118848106193E-002  1.910462473704033E-002
   1700.49138407797       8.116875460598372E-002  1.955040218521973E-002
   2772.81162957616       8.158633098435071E-002  1.999720091990845E-002
   3115.69784941140       8.200386453192944E-002  2.044300700711878E-002
   5258.48312757329       8.286288250793361E-002  1.952693580689252E-002
   5842.53877698349       8.239115496723509E-002  1.913888691025774E-002
   2907.35536571428       8.191841942746443E-002  1.875088047807736E-002
   15190.6988943330       8.144669063812869E-002  1.836283981451411E-002
   74929.3370183214       8.097390393117757E-002  1.797488916563097E-002
   21941.5280712504       8.141794359494407E-002  1.747847562782021E-002
   25866.1556609114       8.186124874511225E-002  1.698318702997383E-002
   14336.7575692801       8.230556483201096E-002  1.648680539066614E-002
   22547.1584687877       8.274879263290912E-002  1.599023104007371E-002
   44708.9314213683       8.169070052861051E-002  1.591018082503634E-002
   26123.8000328208       8.122376812353868E-002  1.638522677325001E-002
   19691.8235319359       8.075774330949219E-002  1.685931969628816E-002
   74397.3230376074       8.029070908838960E-002  1.733449339259150E-002
   42608.6965069945       7.989753770291459E-002  1.688704274922947E-002
   15484.0587815840       7.950334716975334E-002  1.644107420092852E-002
   51275.1749157876       7.911035228756468E-002  1.599409505802138E-002
   102209.545133559       7.823474760097605E-002  1.692954395800470E-002
   44994.1189867857       7.870722017466371E-002  1.729204368792176E-002
   9355.35793737568       7.917860137611908E-002  1.765542006082051E-002
   151604.227956452       7.965079117621729E-002  1.801756134566371E-002
   10952.7466785349       7.920190791796136E-002  1.837264275002984E-002
   22020.6400373839       7.875397016601035E-002  1.872695950930088E-002
   26406.5844548262       7.830505341027386E-002  1.908251157035637E-002
   473.443286584526       8.377894583372611E-002  2.038597121628552E-002
   4316.66078193407       8.416635678541456E-002  1.989428171257909E-002
   5191.26937158766       8.455378217983933E-002  1.940259031040847E-002
   18560.3331790726       8.494116725480451E-002  1.890987231563947E-002
   7294.89642001961       8.532858101069037E-002  1.841812637733539E-002
   16510.4724933530       8.570695733464415E-002  1.888512658567792E-002
   3160.91900519484       8.608535464213643E-002  1.935310327084657E-002
   2547.11961058847       8.646371476453314E-002  1.982006304068434E-002
   4395.82480091287       8.684204889165401E-002  2.028703278624772E-002
   10175.6946795886       8.785553044128072E-002  1.920559431095673E-002
   6343.21960018779       8.736498420244243E-002  1.885832428898226E-002
   5654.54792349129       8.687444766435765E-002  1.851105529906745E-002
   4337.07921767308       8.638291730467917E-002  1.816383407734262E-002
   6128.70760816598       8.589243414196356E-002  1.781656450202804E-002
   1353.99410032185       8.636104807393595E-002  1.748724532845420E-002
   5878.71824640045       8.683064222544018E-002  1.715786797236086E-002
   3633.12290278485       8.729923306359820E-002  1.682851523921494E-002
   668.403604821140       8.776781116461084E-002  1.649914634263024E-002
   4321.89988077129       8.618583744262201E-002  1.578503554824548E-002
   5931.21955005754       8.588752848325762E-002  1.627393886523188E-002
   2862.90356464884       8.558923582139193E-002  1.676382914569764E-002
   7337.22243089480       8.529090649883030E-002  1.725272079442092E-002
   3468.67535102919       8.479369944286293E-002  1.678951341715947E-002
   10376.7408585874       8.429743029543374E-002  1.632529066695021E-002
   3504.29312354220       8.380017728662013E-002  1.586210097657693E-002
   894.647156031610       8.324312075424832E-002  1.645646074123105E-002
   8101.01294245784       8.373745200659813E-002  1.692269561537103E-002
   2436.78931439563       8.423272713857941E-002  1.738794338829992E-002
   3523.92946784533       8.472705408954571E-002  1.785422382190362E-002
   11220.8590214442       8.426131898805769E-002  1.827241403660443E-002
   741.028819285806       8.379452200747274E-002  1.869060662825696E-002
   831.001383641448       8.332870944811883E-002  1.910877161278463E-002
   2373.74383035336       8.893694524061634E-002  2.021910149968927E-002
   2223.99279702524       8.928591509429021E-002  1.978057344964643E-002
   2652.57822122215       8.963494042750732E-002  1.934305351484862E-002
   8161.78358807948       8.998393768795598E-002  1.890452506693587E-002
   4605.20515130758       9.033293943911987E-002  1.846598405574382E-002
   8179.74785389827       9.074360654172584E-002  1.887987375150943E-002
   1807.82766013762       9.115526388067502E-002  1.929373452091348E-002
   2214.71570743111       9.156589227155675E-002  1.970661731036294E-002
   1180.87364280740       9.197754408184196E-002  2.012046894074127E-002
   3421.29627909214       9.285752560603897E-002  1.918140179568905E-002
   1114.32038783738       9.241782048757345E-002  1.879747852050727E-002
   947.968861103121       9.197915409961398E-002  1.841452108479610E-002
   3898.90373141957       9.153945759691651E-002  1.803060168624615E-002
   3300.00146652186       9.109981766132785E-002  1.764766608076657E-002
   1864.48837416471       9.151310692698121E-002  1.721803050696240E-002
   2788.70642631586       9.192642298308501E-002  1.678938995392028E-002
   1938.40406287063       9.233870614791249E-002  1.635978178807446E-002
   1165.57946782934       9.275198501588854E-002  1.593013772469261E-002
   952.292534816182       9.148633959223934E-002  1.556102091479790E-002
   380.532383156032       9.108438021467956E-002  1.600029655027416E-002
   1018.84073025670       9.068344961117723E-002  1.644053602633220E-002
   506.814958882442       9.028152011711739E-002  1.688080872049991E-002
   83.7759110786297       8.995383674067246E-002  1.646421381420380E-002
   112.956085927240       8.962615000811158E-002  1.604762806684596E-002
   434.753786054643       8.929849867382772E-002  1.563204206766602E-002
   730.412339748882       8.820477517350434E-002  1.679912931380285E-002
   136.768850592559       8.864073707765494E-002  1.709914500287512E-002
   279.488124518657       8.907769611350205E-002  1.739912606012036E-002
   2170.29765672996       8.951465588380726E-002  1.769910027947414E-002
   784.730152392219       8.909964070183618E-002  1.807572615682414E-002
   5267.36086736836       8.868460878760537E-002  1.845235232969933E-002
   6091.49889106215       8.827057397957860E-002  1.882895718769779E-002
   956.703707425292       9.379658434351995E-002  2.006138973045383E-002
   544.215904626094       9.418096889820650E-002  1.963569381485818E-002
   766.370847895695       9.456439406528526E-002  1.921103262463441E-002
   1962.42328560880       9.494878829251824E-002  1.878533747353725E-002
   865.598643499158       9.533218373584090E-002  1.835967102332223E-002
   1452.59575582518       9.564943287088444E-002  1.876258146335751E-002
   366.150673076444       9.596567654414226E-002  1.916553091110483E-002
   89.9961667330524       9.628288893873654E-002  1.956744658788060E-002
   21.5702472181867       9.660013332690906E-002  1.997036223728867E-002
   10.6709619367021       9.784274939388538E-002  1.864433228676304E-002
   60.9270719038270       9.742010003834174E-002  1.835389719139155E-002
   247.964364387330       9.699845062432690E-002  1.806342914464062E-002
   984.020322058846       9.657583246736291E-002  1.777399484860811E-002
   2207.47699954092       9.615318800224276E-002  1.748355467838611E-002
   841.549337065400       9.655155858674341E-002  1.702637205712988E-002
   336.127639527198       9.694992108305509E-002  1.656918760349581E-002
   906.723047586128       9.734724759304431E-002  1.611103818849300E-002
   122.707758280717       9.774560905647099E-002  1.565386602236775E-002
   365.072971181581       9.656915960431321E-002  1.538192502505076E-002
   538.088769864310       9.613777522225853E-002  1.580816474708858E-002
   1739.58163346021       9.570742587190074E-002  1.623536789447240E-002
   1821.02541374550       9.527707680800640E-002  1.666256615613219E-002
   2045.75600050703       9.484789810232921E-002  1.626328362996173E-002
   1275.39665316526       9.441971636835594E-002  1.586397043975509E-002
   1087.50157568065       9.399056543982018E-002  1.546568943843068E-002
   2657.06776405414       9.317826985085675E-002  1.633250630348437E-002
   935.395114785354       9.360354905019970E-002  1.673491682698944E-002
   294.863122035409       9.402979674469869E-002  1.713629494852873E-002
   868.175488784889       9.445608128742823E-002  1.753867009720294E-002
   697.946148803971       9.405617952081494E-002  1.794885842068832E-002
   1811.79529309019       9.365630696484749E-002  1.836004732979877E-002
   2252.19018099327       9.325740078052332E-002  1.877020784144409E-002
   4380823.57489320      -2.902000000000000E-003  2.500000000000000E-003
   1310226.65975079       2.436986036303994E-003 -3.613093633164715E-003
   4421516.72729949      -3.345000000000000E-003 -2.500000000000000E-003
   1212202.65919051      -2.512291099029658E-003 -3.355731348091492E-003
   2399913.89316511       7.384340227350066E-003 -3.080687286737666E-003
   962754.727791437       1.231789336598472E-002 -3.782657159003194E-003
   1045865.80964982       1.728980719297134E-002 -3.268625996022886E-003
   704817.696568838       2.224315352485852E-002 -3.714291767040070E-003
   1449628.54478433       2.720795552536934E-002 -3.543283362147143E-003
   851651.155661720       3.216886704072325E-002 -3.866042603205284E-003
   756569.900188931       3.714273619987287E-002 -3.917157989773986E-003
   515341.406252132       4.211417024881102E-002 -4.099475766276368E-003
   295591.566884974       4.709787679075057E-002 -4.214011144546941E-003
   166468.824007851       5.208345456137427E-002 -4.495637517087917E-003
   317355.891114441       5.709727695678893E-002 -3.906562561855772E-003
   91349.0034725302       6.207733280944443E-002 -4.448700052600144E-003
   35948.4451786426       6.706447442909147E-002 -4.881059094538317E-003
   28446.1197048428       7.205937989960354E-002 -5.080222863900105E-003
   24038.2029420381       7.705439463233242E-002 -5.277132866872243E-003
   5799.02400556441       8.205251384986582E-002 -5.395400442076270E-003
   378.681915564561       8.705184490494858E-002 -5.487191862059832E-003
   1791.59429369999       9.204697868993024E-002 -5.718174552036963E-003
   105.180443099999       9.813478056016862E-002 -9.073581171286727E-005
   4.49956890277112       9.803870237565526E-002 -5.090275972089286E-003
   3.04719379788986       9.703965134861013E-002 -6.026195315896772E-003
   685905.721682122      -3.429000000000000E-003  7.500000000000000E-003
   2514.93164109966       9.824469970427874E-002  4.908505158444001E-003
   537763.361927126      -3.728000000000000E-003  1.250000000000000E-002
   3802.37007607625       9.836331896318098E-002  9.907602393742075E-003
   276262.953045024      -3.162000000000000E-003  1.750000000000000E-002
   2013.55735881470       9.844475615096514E-002  1.490778187676782E-002
   1218160.39586671      -2.484891664065388E-003  2.304323689965207E-002
   4910603.12517510      -3.058000000000000E-003  2.250000000000000E-002
   179088.112883600       2.573879757391165E-003  2.290994822639660E-002
   216305.671723681       7.631932384190746E-003  2.330764723368359E-002
   38851.5856866085       1.268813751544222E-002  2.307843591144102E-002
   188674.330398852       1.774752220718544E-002  2.360015390153556E-002
   116824.235146991       2.278083509413451E-002  2.340883883677406E-002
   78890.8935563366       2.779960210535806E-002  2.258542239905377E-002
   102223.955298009       3.283230803385251E-002  2.240290726563277E-002
   77687.4724493838       3.786842713771187E-002  2.251830894221501E-002
   73383.0744354723       4.289530997017773E-002  2.248652877251699E-002
   132317.937808329       4.791188336152898E-002  2.254622810431578E-002
   54728.4398662457       5.290374870774136E-002  2.199510795295074E-002
   73404.9253114677       5.792015932054738E-002  2.217991961524518E-002
   21643.0116795298       6.292228573565080E-002  2.194132367417429E-002
   32180.8869131949       6.793595910757724E-002  2.214112596781667E-002
   10455.3131844774       7.293222691225792E-002  2.184125614058418E-002
   45400.9707233263       7.793172638122206E-002  2.171101826042270E-002
   529.085915203334       8.291992114318876E-002  2.130202334456558E-002
   1304.05609346602       8.792346214116059E-002  2.130050001240510E-002
   760.836049042662       9.291660415278702E-002  2.100044469612698E-002
   3.81110449900972       9.916877930172351E-002  1.988694834755942E-002
   5.62758021721521       9.792616326849828E-002  2.121297826206837E-002
