   246908.974750994      -1.329858648289296E-003  2.496506679321124E-003
   41573.4753204871      -9.997046786515884E-004  2.138557291681212E-003
   199107.794248926      -6.690436637963126E-004  1.781390656012180E-003
   549160.440145435      -3.385460166722482E-004  1.424536909536670E-003
   494753.294624834      -9.167923457809513E-006  1.066918226817187E-003
   1019236.09790509       4.484277972537477E-004  1.420330108887045E-003
   976381.133262040       9.038249907636643E-004  1.776056247700462E-003
   879884.792807985       1.360228569783825E-003  2.133010042910528E-003
   65392.8863021087       1.818706292980939E-003  2.489945594330754E-003
   1253761.40711673       2.482870882359966E-003  1.825257733603773E-003
   595850.380666571       2.130719495625921E-003  1.366087118052370E-003
   253186.082190036       1.776900416286469E-003  9.062907562774532E-004
   33009.7261805549       1.421655402908387E-003  4.472050125092615E-004
   492348.791090656       1.065740457916600E-003 -1.318888004046885E-005
   44612.4162136250       1.420625639345994E-003 -4.434671585190139E-004
   44353.4966854122       1.771656513006592E-003 -8.755387644009820E-004
   1263651.14370646       2.121743503933968E-003 -1.306406470998197E-003
   860681.567103372       2.468919641876548E-003 -1.737519302805823E-003
   645361.577561895       1.667545378700445E-003 -2.524096665397616E-003
   185189.439369160       1.244440112703499E-003 -2.162648207771923E-003
   1182710.65391454       8.249151742910037E-004 -1.800494013079799E-003
   1257858.91498924       4.048499338990628E-004 -1.440970494888922E-003
   1231868.15137592      -1.435364297536419E-005 -1.082030955725239E-003
   1650743.92979543      -4.046828918145023E-004 -1.437738173768811E-003
   982100.839147844      -7.963254923620618E-004 -1.792891877305552E-003
   688946.674246316      -1.186820507682202E-003 -2.149436786290457E-003
   1493167.64386816      -1.578769023770979E-003 -2.506774414686844E-003
   56461.4509780870      -2.505987696438618E-003 -1.581803277203382E-003
   811590.458065969      -2.152563335344046E-003 -1.188052575108242E-003
   456447.732272421      -1.798711854120434E-003 -7.942280183728249E-004
   135211.608867744      -1.444224103641441E-003 -3.988468138183825E-004
   448144.940151760      -1.086526768016376E-003 -5.248395544329319E-006
   21629.9335611812      -1.442394767036492E-003  3.273564194516830E-004
   247560.294181766      -1.796790559501879E-003  6.608858305490969E-004
   440052.686869394      -2.151096595887335E-003  9.941522832765330E-004
   137361.585229948      -2.506053705993051E-003  1.326275908313972E-003
   151609.788284977       3.148986523821657E-003  2.486995216542664E-003
   32832.9629259201       3.606829047716216E-003  2.014069829115225E-003
   145150.559610689       4.060061237571677E-003  1.540270783099068E-003
   942031.084857219       4.510858667619974E-003  1.066573387276517E-003
   718977.416085130       4.962383002120242E-003  5.961627151138496E-004
   1052812.74848984       5.425827605286475E-003  1.060673086062360E-003
   387599.160816890       5.888952049953007E-003  1.529323497286092E-003
   71906.1733543956       6.354597920723986E-003  1.998209345053026E-003
   295988.628697600       6.823767392392864E-003  2.466505859737349E-003
   1283563.90687916       7.453550828163256E-003  1.827504825303042E-003
   1074535.44987656       6.988061257793888E-003  1.364713180763599E-003
   668922.632041792       6.523957875838663E-003  8.979399530736381E-004
   27350.7547886947       6.057925349707895E-003  4.302477476268773E-004
   555481.996895554       5.589720496910057E-003 -3.704888165940232E-005
   144385.434473517       6.052621095941011E-003 -4.941212974423081E-004
   462657.776095401       6.510931905657978E-003 -9.516418011845961E-004
   1773767.12106932       6.967157735403451E-003 -1.407639392362596E-003
   1015857.78831264       7.423898236430641E-003 -1.861209943261055E-003
   86731.5156139788       6.709121249742976E-003 -2.561502006079541E-003
   461913.836119966       6.265517379485210E-003 -2.085148723105089E-003
   689720.805980944       5.827470347739498E-003 -1.607967190642921E-003
   1211169.68923512       5.391712089751752E-003 -1.132104848466878E-003
   1329024.47098643       4.955165152913623E-003 -6.607295622748564E-004
   1596626.60571085       4.534258719305732E-003 -1.126684782864811E-003
   296611.269648944       4.112286199978097E-003 -1.596301136425866E-003
   148658.875953259       3.688709994310004E-003 -2.066534069705309E-003
   99227.8886108664       3.260148348417613E-003 -2.535800795064873E-003
   1249261.26433013       2.932649064649455E-003 -1.313111113743489E-003
   1008706.82326652       3.395669777923095E-003 -8.866726669608960E-004
   52409.9420278941       3.860121529354771E-003 -4.575436689357453E-004
   34576.0870487085       4.328228925281546E-003 -2.920312868104784E-005
   65688.7946087289       3.864920137448296E-003  4.360566534409781E-004
   644729.253310840       3.403682571566740E-003  9.006805594931458E-004
   887595.501408440       2.943861807565012E-003  1.364135593474177E-003
   323802.587994610       8.094702253820869E-003  2.454666834243731E-003
   248591.577296649       8.555913338136529E-003  2.023118279969008E-003
   555454.815984917       9.014416665251181E-003  1.591040147501048E-003
   1044675.40818718       9.471348088358070E-003  1.160803753154971E-003
   767343.031110723       9.929063645491974E-003  7.334153376566399E-004
   927204.949885143       1.037529125477460E-002  1.152678956055910E-003
   410543.542846773       1.082143336002813E-002  1.573776074922713E-003
   11618.0810767398       1.126723033124504E-002  1.996199871352696E-003
   326546.987812805       1.171615144230699E-002  2.418640121137210E-003
   653517.563823011       1.242763165678615E-002  1.696149029560127E-003
   711091.740388820       1.200450421577703E-002  1.253274400495351E-003
   252785.638118688       1.158117752380746E-002  8.094303593392912E-004
   249073.054556865       1.115670776650969E-002  3.637618703162939E-004
   305331.888123432       1.072974636057090E-002 -8.127092490720094E-005
   452024.839628296       1.114927859490521E-002 -4.180787026092463E-004
   529457.477048974       1.156624609238221E-002 -7.543387419431223E-004
   1263565.73419118       1.198326872749477E-002 -1.089959260019129E-003
   746538.054874637       1.239880039087092E-002 -1.425221523876590E-003
   297409.359986941       1.120468483204433E-002 -2.591253734682348E-003
   216244.097945990       1.087967942485984E-002 -2.163693931393917E-003
   462599.424401072       1.055677346389087E-002 -1.734649186609826E-003
   768286.329590925       1.023515518691173E-002 -1.306862745822833E-003
   1062292.52088661       9.913998400911622E-003 -8.797798487396272E-004
   1563456.22976125       9.468513163268435E-003 -1.299613263657776E-003
   644294.026420199       9.024199138533426E-003 -1.722233619724194E-003
   527007.749954536       8.578524429209452E-003 -2.147401014560685E-003
   129293.430233388       8.128252786937471E-003 -2.571519730628827E-003
   786414.744900869       7.842864086526279E-003 -1.413659301612566E-003
   437824.045539770       8.263601950051059E-003 -9.648166891551990E-004
   415583.143694928       8.685890606973324E-003 -5.154752938122094E-004
   448514.313158715       9.112256356215102E-003 -6.640990190999110E-005
   218584.846738140       8.694631008425168E-003  4.074876513975855E-004
   312862.858083504       8.279625498354577E-003  8.818832770185952E-004
   774397.209674116       7.866186426136474E-003  1.356227980241635E-003
   245234.116543779       1.315126503429278E-002  2.405559021580953E-003
   119877.978733491       1.359245681411203E-002  1.903729982816846E-003
   80437.2570524293       1.402969678534127E-002  1.401718867979595E-003
   680901.148122009       1.446652871221267E-002  8.992944301853583E-004
   608543.236632703       1.490329888912630E-002  4.003095871697097E-004
   590902.367652561       1.532863228149616E-002  8.903692459591917E-004
   89800.9845110283       1.575459737483897E-002  1.383074376822782E-003
   119976.774857016       1.618100346320360E-002  1.874950277575315E-003
   173065.463772298       1.661059689410504E-002  2.366861446008576E-003
   598191.207349604       1.740618382890648E-002  1.552658049436287E-003
   788387.074825676       1.690918328180080E-002  1.134678622826641E-003
   624789.703404470       1.641384285257718E-002  7.160170650812391E-004
   230902.696011326       1.591754752602040E-002  2.948545192456891E-004
   175686.044296053       1.542048830825328E-002 -1.266034624038607E-004
   676475.074853556       1.590974560645831E-002 -4.897280849424125E-004
   695007.151886787       1.639677814617484E-002 -8.528915691760062E-004
   1249349.32687418       1.688323784083767E-002 -1.213938085318335E-003
   691539.199231628       1.737034290678440E-002 -1.574624447678690E-003
   69257.8235608183       1.627386065457868E-002 -2.643740977426705E-003
   359789.448751250       1.592541054340213E-002 -2.143036387140966E-003
   220038.702998828       1.557992732162185E-002 -1.641883517624807E-003
   598825.740251468       1.523560172686126E-002 -1.140486676278373E-003
   1072922.49664249       1.489321058910219E-002 -6.415749776573084E-004
   972618.718158011       1.456500672930195E-002 -1.133809820136743E-003
   114075.533580797       1.423539441682997E-002 -1.628496350324326E-003
   40527.4475165905       1.390337582445910E-002 -2.122677270269843E-003
   25940.2781216110       1.356902112656273E-002 -2.616030806737798E-003
   1077324.72334317       1.289283530673547E-002 -1.099856226906056E-003
   1213311.80138775       1.338634218086457E-002 -7.733807316286362E-004
   530908.942662576       1.388022670943896E-002 -4.455454989771522E-004
   36266.5161882929       1.437578815543122E-002 -1.160568203275881E-004
   51053.3284596848       1.388725300641439E-002  3.384597298006059E-004
   471116.729971014       1.340038485771109E-002  7.931184132987607E-004
   685586.669687169       1.291477414347311E-002  1.245095246428226E-003
   200752.590172072       1.822135025496257E-002  2.346636240351094E-003
   15817.7067763113       1.864012853765155E-002  1.940943162841758E-003
   283369.339290452       1.905620069840713E-002  1.535237832196587E-003
   679576.039182026       1.947283164217150E-002  1.130533194185785E-003
   510773.062871755       1.988944470229656E-002  7.271152172050715E-004
   754611.614259111       2.035361060343884E-002  1.119527864007047E-003
   485530.885761240       2.081749642742135E-002  1.513309009601094E-003
   231167.843675653       2.128073799334063E-002  1.908100279016303E-003
   51917.2308269548       2.174684830294275E-002  2.302804469196470E-003
   792987.305981451       2.239220778409163E-002  1.642460614233352E-003
   618927.672671476       2.199218704592511E-002  1.185014872713379E-003
   265827.762096153       2.159167871531143E-002  7.271788336634953E-004
   53166.4471543973       2.119022180914110E-002  2.677917535333820E-004
   346270.149274460       2.078732320809178E-002 -1.913083186824436E-004
   192376.675713857       2.117968837645935E-002 -6.815502590818091E-004
   156641.753289220       2.156915783190373E-002 -1.173216794845604E-003
   724808.695501645       2.195719637019839E-002 -1.665541913838802E-003
   514909.844293439       2.234355403946282E-002 -2.156126982944678E-003
   255638.729453142       2.176795893856512E-002 -2.712666134018648E-003
   70852.9154114607       2.129187103654744E-002 -2.304680757873880E-003
   745270.250183395       2.081717890728156E-002 -1.896876970715185E-003
   805148.937002240       2.034297830280673E-002 -1.491229042675455E-003
   747631.241896416       1.986848811898762E-002 -1.086889463490588E-003
   843599.440760547       1.951303122220001E-002 -1.481154271225588E-003
   306962.240158315       1.915705709873675E-002 -1.876400391554348E-003
   319781.520575627       1.880082246105061E-002 -2.272642243797001E-003
   114390.304576625       1.844212521194260E-002 -2.667756937362324E-003
   562966.516146225       1.776884677111547E-002 -1.223462878766115E-003
   499312.436229883       1.816868682170617E-002 -8.727506156164020E-004
   48756.2700878261       1.856876571707824E-002 -5.209507824537906E-004
   167397.256481457       1.897038388300321E-002 -1.692492277270001E-004
   213776.006897157       1.857759134695539E-002  2.619041663439286E-004
   172964.310598202       1.818646104049197E-002  6.933230689474500E-004
   491749.019526607       1.779608736608490E-002  1.123044336881017E-003
   76720.6277367452       2.305295372213807E-002  2.285954682413240E-003
   84666.7092469823       2.350891014411211E-002  1.800168033656926E-003
   71933.9072005453       2.396094263522471E-002  1.312071890366248E-003
   454103.036195850       2.441308093844069E-002  8.254179423656704E-004
   390558.455206895       2.486514999121655E-002  3.392645946654525E-004
   394983.615886963       2.529513462016263E-002  8.120952835724734E-004
   42432.9405004339       2.572640815744910E-002  1.285052219770623E-003
   83356.3473329446       2.615751588462929E-002  1.759311887754580E-003
   64829.0356966822       2.659121677736013E-002  2.231886943325435E-003
   471886.978521986       2.737618480492435E-002  1.421557262941991E-003
   454215.394683028       2.689346624913661E-002  1.003113902091011E-003
   325280.930476860       2.640996637750258E-002  5.846490414621834E-004
   22525.0790274792       2.592732000945496E-002  1.641913162683946E-004
   167221.793639915       2.544236473450000E-002 -2.553194804118413E-004
   381755.438043959       2.591560896367104E-002 -5.970713677851739E-004
   416320.789985665       2.638604579388324E-002 -9.398024873950008E-004
   778991.610194343       2.685771583342645E-002 -1.280342491005964E-003
   435233.712014142       2.732790154435250E-002 -1.620942122617652E-003
   87429.7357857902       2.613800089475781E-002 -2.770891556926257E-003
   215777.859261772       2.581361222588853E-002 -2.286683560888003E-003
   154441.542497385       2.549111512407896E-002 -1.800554064243234E-003
   392422.289201039       2.516811827461228E-002 -1.315945775880994E-003
   694045.481325020       2.484729813138280E-002 -8.311287848976369E-004
   1018263.17918083       2.436231418664794E-002 -1.303803590609114E-003
   286261.317099405       2.387782864497589E-002 -1.778205229372603E-003
   106676.496093617       2.339154958976563E-002 -2.255172497812316E-003
   5540.13510843568       2.290248288781603E-002 -2.729895437745878E-003
   665950.488811330       2.282322168927621E-002 -1.678858277406448E-003
   375763.813401635       2.330378109109437E-002 -1.198186097870322E-003
   280148.862020270       2.378441347193324E-002 -7.171870357067461E-004
   178971.644156037       2.426974758757192E-002 -2.375205300657569E-004
   68481.8919770737       2.379875204020029E-002  2.337316782710442E-004
   416610.260193641       2.333022103234923E-002  7.049159941123669E-004
   488997.835413330       2.286076268774047E-002  1.173783060677191E-003
   132445.777967972       2.818736516568362E-002  2.205694068944012E-003
   34827.2560178523       2.860555383464282E-002  1.737113637117017E-003
   131458.456011428       2.902128198413951E-002  1.268221379168804E-003
   532275.785031797       2.943749770650736E-002  8.009750332691474E-004
   361402.908165714       2.985260811227551E-002  3.339975374962993E-004
   425848.139544792       3.025753367105439E-002  7.880422062281665E-004
   42755.5417780950       3.066207243495001E-002  1.241902957567831E-003
   25299.6112401885       3.106847811626260E-002  1.696988932330502E-003
   142787.550318538       3.147674623065580E-002  2.151182204843562E-003
   661233.775861814       3.236144902210440E-002  1.235099493917534E-003
   597523.794077401       3.189697749399712E-002  8.430586055013817E-004
   521216.654666080       3.143250537919247E-002  4.502839481534178E-004
   211730.351419264       3.096910312502425E-002  5.735171910298129E-005
   172934.920425380       3.050365244069306E-002 -3.368603129767461E-004
   145009.045901344       3.095536300831836E-002 -8.516969984561718E-004
   29260.3568136470       3.140314910888620E-002 -1.366878674929167E-003
   653368.365550430       3.185051301052367E-002 -1.882704695682753E-003
   399536.810473058       3.229741696811903E-002 -2.396877595827703E-003
   24537.6482471605       3.180784764626646E-002 -2.868271598475857E-003
   94310.3440556726       3.131204379532964E-002 -2.396385173164956E-003
   466215.360795737       3.081883259942884E-002 -1.924251718354440E-003
   611691.431206930       3.032646171521631E-002 -1.454919180062998E-003
   534042.936149442       2.983228391751599E-002 -9.865828939311541E-004
   468555.170794456       2.949578732297168E-002 -1.441905734510513E-003
   17045.1291673627       2.915747298933422E-002 -1.896895625050083E-003
   43858.1999583730       2.881962442194390E-002 -2.353284953834582E-003
   21829.3661197009       2.848002282770880E-002 -2.808724629453624E-003
   508849.924291826       2.779088139625428E-002 -1.295443848835078E-003
   536461.717845920       2.825436355538926E-002 -9.700798244546012E-004
   219051.607470893       2.871673473086510E-002 -6.426607177370946E-004
   28548.0950845687       2.918121496933480E-002 -3.160262196378186E-004
   129564.643015886       2.872820761343563E-002  1.183054377910794E-004
   222461.980354194       2.827791971397523E-002  5.538723722788270E-004
   400718.461683366       2.782703207826233E-002  9.876931917228314E-004
   184112.869809267       3.327893479987894E-002  2.118449647693981E-003
   76892.0376261898       3.367105917638334E-002  1.690710168418357E-003
   194336.119097637       3.406157935665139E-002  1.262532420090476E-003
   589821.509875132       3.445064324971620E-002  8.350239919383347E-004
   395215.723692898       3.484034779917507E-002  4.082985220902714E-004
   691537.542864001       3.529937810346245E-002  8.192394416320955E-004
   307913.892748209       3.575841181614298E-002  1.231249438804910E-003
   132878.369090646       3.621871514498724E-002  1.644275068809493E-003
   191049.583076892       3.667971566546196E-002  2.057123271232608E-003
   566359.501618840       3.735066791757442E-002  1.362805761184790E-003
   438673.384302380       3.692645662605475E-002  9.157654083389802E-004
   193466.519602981       3.650178511731810E-002  4.666867292632697E-004
   171589.495883661       3.607638986285326E-002  1.803239760918035E-005
   113550.838010507       3.564920542864790E-002 -4.300063286469776E-004
   13440.7991727562       3.605952712974488E-002 -8.822795111573565E-004
   160776.243377222       3.646853016289719E-002 -1.334797628511835E-003
   660356.110075159       3.687711965364619E-002 -1.786597173154664E-003
   404111.627528152       3.728517889893046E-002 -2.237801191025491E-003
   91748.0475001004       3.654416934147435E-002 -2.951279770199257E-003
   112481.230413225       3.610898516478081E-002 -2.522719882424582E-003
   300583.729802087       3.567567897626343E-002 -2.093640236250940E-003
   468231.548670722       3.524264329390165E-002 -1.665354398356759E-003
   395463.731839007       3.480964448016117E-002 -1.237992665028438E-003
   674705.738923255       3.429947896698234E-002 -1.647816093567086E-003
   383470.092255865       3.379090838163555E-002 -2.059139823962601E-003
   296477.145139791       3.328158548383345E-002 -2.472017326121518E-003
   63857.3418191442       3.277022891948869E-002 -2.884956153811841E-003
   254460.561890066       3.272138039467335E-002 -1.897856916069885E-003
   23176.4951366050       3.314634579479910E-002 -1.397805916771880E-003
   281479.772816835       3.357256886272609E-002 -8.986442345604160E-004
   106768.245259672       3.400073327522870E-002 -3.994594497794937E-004
   18337.0768997498       3.358969819804111E-002  9.930971376129010E-006
   365556.482348555       3.317997419263717E-002  4.184140554223397E-004
   519310.301826132       3.277054334999653E-002  8.270656086738928E-004
   105872.782082764       3.804605217146206E-002  2.032519187368952E-003
   138722.469043148       3.849214237886062E-002  1.610563220398580E-003
   277416.028707004       3.893757703095247E-002  1.188342318324463E-003
   542920.990074287       3.938170243926549E-002  7.659385324102697E-004
   352970.722711492       3.982600260691664E-002  3.455983709520820E-004
   404223.222791253       4.020793215988203E-002  7.509311779163200E-004
   109651.959216386       4.059129546887322E-002  1.157720587591658E-003
   15875.8362720518       4.097408933770420E-002  1.563882855852971E-003
   154940.770859220       4.135890450426487E-002  1.969737933854667E-003
   463453.440035667       4.233377910742609E-002  9.573095721114207E-004
   450956.283052246       4.191630067579739E-002  5.880834517171348E-004
   320945.702527926       4.149871258610497E-002  2.193034365102903E-004
   66919.0656771941       4.107994536226476E-002 -1.510976711689242E-004
   122930.963798451       4.066130920570923E-002 -5.205255901009148E-004
   12885.3794594516       4.106516650255101E-002 -9.606153867598546E-004
   88014.6880959321       4.146844617419120E-002 -1.401234808016463E-003
   561564.567823035       4.187027145022034E-002 -1.841244492506103E-003
   356859.522630345       4.227138701037956E-002 -2.280931505886537E-003
   134988.751016698       4.148041046555818E-002 -3.040439335249263E-003
   29019.8677731634       4.105771650551368E-002 -2.618886577604439E-003
   363865.948344806       4.063658262698131E-002 -2.197000629597733E-003
   486558.342129130       4.021553339303199E-002 -1.775049070793236E-003
   485735.303304321       3.979459723729480E-002 -1.354846569950098E-003
   654034.322302249       3.934658515864826E-002 -1.759057046080923E-003
   276176.050733820       3.889850769913288E-002 -2.165200546532666E-003
   238564.411007488       3.845032081806535E-002 -2.571362955823184E-003
   77112.7871282318       3.800034214046494E-002 -2.977088244911567E-003
   325062.971650193       3.770210651426293E-002 -1.801129821129160E-003
   189279.765720106       3.811981673470535E-002 -1.364032824996638E-003
   160773.733165852       3.853910519610465E-002 -9.263485823516502E-004
   122083.282393316       3.895900023811363E-002 -4.892032881664193E-004
   68165.3646377837       3.855584543178034E-002 -2.610675169585321E-005
   207696.098849411       3.815291912394255E-002  4.372257392044018E-004
   420089.233562946       3.775161229685193E-002  9.009682029995380E-004
   38199.7515319369       4.334679701822889E-002  1.930788448058090E-003
   52182.0685664735       4.371582121493088E-002  1.508730709265548E-003
   78373.7764122795       4.408264436155581E-002  1.086204353968490E-003
   288528.530518378       4.445017846063181E-002  6.649823388435952E-004
   276008.725662370       4.481651159938477E-002  2.433546839427831E-004
   316822.542495875       4.522673201317710E-002  6.491187209644060E-004
   123932.106923864       4.563810684564386E-002  1.054293065517643E-003
   57472.9589041382       4.604875940344736E-002  1.460809541671891E-003
   34880.9937908665       4.646125470177346E-002  1.867047734435039E-003
   356465.347242905       4.732863736045337E-002  9.631933433299681E-004
   295095.333022232       4.690765520605451E-002  5.677069976514622E-004
   208213.688876981       4.648650179816089E-002  1.728829027722661E-004
   33784.9531513048       4.606615879159479E-002 -2.233820674247777E-004
   96417.3206931543       4.564418823792701E-002 -6.185802632309024E-004
   160963.154078762       4.605080087557780E-002 -9.868902483881204E-004
   159139.152075287       4.645523801226994E-002 -1.354550347462345E-003
   465485.477854010       4.686062508076546E-002 -1.722632271894230E-003
   282187.607611533       4.726545955404206E-002 -2.090812888121207E-003
   112256.337499883       4.617843027223336E-002 -3.132148624221069E-003
   46227.3903930137       4.582812503008839E-002 -2.710190522344010E-003
   227370.365937276       4.547894889538902E-002 -2.287786713016809E-003
   307946.750313882       4.513080515286378E-002 -1.866979376858023E-003
   467533.569740663       4.478226108616009E-002 -1.445329406315002E-003
   619103.187763647       4.434532319368879E-002 -1.850906682520784E-003
   259533.451620326       4.390828955342928E-002 -2.256301961506532E-003
   219624.729700852       4.347111318655791E-002 -2.663594998829322E-003
   82199.5860371171       4.303238424363139E-002 -3.070487727692586E-003
   311864.704510212       4.269120713215870E-002 -1.857146810070300E-003
   193991.489974146       4.311172274122635E-002 -1.433044950917397E-003
   132435.403632947       4.353172457064545E-002 -1.008362505914444E-003
   69436.6164138352       4.395420376107697E-002 -5.841912825022554E-004
   81494.9617197213       4.354829360229606E-002 -1.988524280504271E-004
   268397.810508369       4.314394965014397E-002  1.872796210905371E-004
   324142.743217778       4.273866616972368E-002  5.718548422705168E-004
   34980.3479718847       4.823294430078397E-002  1.829832390969227E-003
   99700.6519665286       4.862841043531672E-002  1.418818474728543E-003
   140640.307273301       4.902202266486289E-002  1.007604142232785E-003
   319918.276044626       4.941649684112061E-002  5.967691622316917E-004
   229930.947263638       4.980990355101576E-002  1.864267069364042E-004
   213263.397856758       5.011541595989540E-002  5.823003196889480E-004
   43483.9163541267       5.042129254365468E-002  9.782826271163448E-004
   6385.64590374339       5.072736554441583E-002  1.374413693764054E-003
   52725.7582055032       5.103394258161066E-002  1.770332634677381E-003
   290583.917846379       5.231365303486593E-002  4.349095416035707E-004
   302524.651678387       5.190618644927091E-002  1.454558084947098E-004
   277200.605413244       5.149859453285609E-002 -1.440773164994012E-004
   156593.006480368       5.109101713889680E-002 -4.339594560478964E-004
   18147.2183448987       5.068306105215238E-002 -7.238884484182287E-004
   74759.3057375767       5.107714011777759E-002 -1.112928210350287E-003
   78160.2010998932       5.147023169573907E-002 -1.502329867059098E-003
   332399.167823912       5.186321422832665E-002 -1.891328359822911E-003
   209675.549149553       5.225572589942447E-002 -2.280362769657018E-003
   101114.706247848       5.125484990475434E-002 -3.238202433869715E-003
   1185.57127888775       5.088362949290447E-002 -2.827665328613126E-003
   218513.137343464       5.051324191405916E-002 -2.416866904978099E-003
   273103.437490724       5.014284671921786E-002 -2.006584318165879E-003
   350908.043842789       4.977280408020322E-002 -1.596474489617770E-003
   388651.775672338       4.940697252779378E-002 -1.991204167314129E-003
   122359.410146424       4.904177863625989E-002 -2.386244115147793E-003
   125366.652925727       4.867544679471229E-002 -2.781696368266310E-003
   59529.1044094925       4.830805289981273E-002 -3.176655000628771E-003
   284155.668449030       4.767332965069310E-002 -1.739653654887250E-003
   255695.773115163       4.808170863305668E-002 -1.388608200660910E-003
   38296.2628405931       4.849013429282904E-002 -1.038040805269736E-003
   4415.17543140953       4.889935395084582E-002 -6.866085238190463E-004
   15685.5067338332       4.850599838102019E-002 -2.744818122555753E-004
   150862.094114879       4.811330341834302E-002  1.387088036802569E-004
   224072.040561929       4.772078703807327E-002  5.505373018846925E-004
   38852.3814824436       5.364935297973988E-002  1.713840016249068E-003
   48416.6782130346       5.393898826295971E-002  1.315253974271774E-003
   51621.7895043110       5.422797243194092E-002  9.163627967990787E-004
   231446.584890834       5.451685153656859E-002  5.167019235048579E-004
   186813.890823773       5.480541732276707E-002  1.181440557145322E-004
   250516.883736829       5.515398925678549E-002  5.027418898846880E-004
   91301.0067267902       5.550183103289964E-002  8.885537751588091E-004
   66720.5058924072       5.585081254838058E-002  1.273558151713761E-003
   59182.3740598463       5.620043317732282E-002  1.658280599386244E-003
   331196.074754322       5.731202459202411E-002  4.968973325299093E-004
   271133.955966282       5.691358834521944E-002  1.644206928742239E-004
   239021.481191135       5.651490762305189E-002 -1.680701680901039E-004
   111290.106898055       5.611521742196652E-002 -4.998837619766060E-004
   36336.1640017370       5.571610943936767E-002 -8.327349841603799E-004
   29901.6733673428       5.609780666903549E-002 -1.314891568504469E-003
   14471.2881178308       5.647948823172470E-002 -1.798517654124700E-003
   293512.952398994       5.685978585156615E-002 -2.280911847762858E-003
   197302.500147967       5.723955136738716E-002 -2.763008469410948E-003
   88381.9690157141       5.661911289790895E-002 -3.355688966730474E-003
   31409.3867438306       5.615526995440691E-002 -2.952299039895019E-003
   265800.175892047       5.569230377398627E-002 -2.548900495590838E-003
   287902.863992409       5.522824749274619E-002 -2.145157372999001E-003
   284943.816320070       5.476516018814862E-002 -1.742800654773469E-003
   331521.722700672       5.437788597470680E-002 -2.126660397820728E-003
   129905.285467067       5.399036567025580E-002 -2.511758160274709E-003
   125122.995317760       5.360279616307180E-002 -2.896249775397704E-003
   58488.6257600034       5.321443751121786E-002 -3.280430541714409E-003
   197390.626751632       5.265462728660882E-002 -1.908421391994000E-003
   159439.661268530       5.305394816036704E-002 -1.536519995031598E-003
   13378.3358509703       5.345438344658894E-002 -1.164280220793222E-003
   47222.2608877411       5.385448316353612E-002 -7.922045780799094E-004
   81242.9576975605       5.346913362113783E-002 -4.853017527753041E-004
   215709.286137903       5.308322518256383E-002 -1.783544312056508E-004
   224260.467030233       5.269828068061146E-002  1.282144402717441E-004
   50546.5657151782       5.847391732177191E-002  1.607605798362399E-003
   56507.0488285528       5.880656453955604E-002  1.221732429984010E-003
   59377.1661039485       5.913847662849259E-002  8.355244711473465E-004
   204028.941991019       5.946929912528479E-002  4.505648411712191E-004
   176928.766973266       5.980089464952082E-002  6.477434109392413E-005
   272243.027306531       6.024858280146499E-002  4.327266242100085E-004
   157232.312259861       6.069531578235406E-002  7.998976711993000E-004
   96675.8819319357       6.114310782532417E-002  1.168378057138473E-003
   31206.4817943653       6.159131177296086E-002  1.536892940523405E-003
   186976.665755620       6.231555624029425E-002  7.795298952098413E-004
   161218.129836352       6.192858442800208E-002  3.480534272760936E-004
   72051.6971051746       6.154140699861235E-002 -8.369753205187303E-005
   43437.8106358289       6.115501995351257E-002 -5.146178780716716E-004
   8778.14604130058       6.076706207894259E-002 -9.462954605730359E-004
   117468.396706409       6.113764968905527E-002 -1.277070230590066E-003
   110950.058125328       6.150676455225875E-002 -1.607984570684413E-003
   253007.566234256       6.187690242156025E-002 -1.939630245545060E-003
   156139.312776834       6.224674273433643E-002 -2.270424142893955E-003
   67357.2896167685       6.100865028531451E-002 -3.453046790976346E-003
   16826.7541479973       6.069522514754663E-002 -3.067671844316936E-003
   109057.243752217       6.038135579297435E-002 -2.682007044883316E-003
   140091.896657972       6.006845787258234E-002 -2.297611637664545E-003
   221955.523069982       5.975591466564935E-002 -1.912183193812453E-003
   343707.472125874       5.927552368429578E-002 -2.279439709158067E-003
   208305.747211303       5.879424296106753E-002 -2.646123810818952E-003
   191820.949389188       5.831401326703246E-002 -3.014439463959176E-003
   81107.0132015604       5.783295777380860E-002 -3.382729312574645E-003
   130718.622331463       5.762645962026966E-002 -2.297990742534469E-003
   39750.3466839905       5.801393741298494E-002 -1.832747780360187E-003
   105060.905770614       5.840085668875841E-002 -1.366338857425350E-003
   19299.0255035606       5.878948703602373E-002 -9.012788435851771E-004
   75477.2399663563       5.841954028345312E-002 -5.512785388062874E-004
   198626.821716628       5.805090455286796E-002 -2.023589728518239E-004
   222497.789229283       5.768129260852229E-002  1.472315678941842E-004
   19861.0946564948       6.307304331158710E-002  1.503209423306667E-003
   90407.6719620996       6.350487797752939E-002  1.137911635030882E-003
   98956.0766552331       6.393622533212895E-002  7.725515848860552E-004
   190421.853183455       6.436659101952190E-002  4.075188479643246E-004
   119646.160529451       6.479792235093197E-002  4.263346701171016E-005
   148550.358641740       6.515841264891793E-002  3.896283792797766E-004
   74487.1682231448       6.551900154528607E-002  7.367306604853898E-004
   44954.7501282495       6.587867684357425E-002  1.083974257965967E-003
   40917.1191037346       6.623965773359841E-002  1.431098773986638E-003
   187714.989577826       6.730358974534463E-002  3.177358790629077E-004
   159976.915175298       6.694120055076927E-002 -2.716249681572643E-005
   121623.706683385       6.657870956254391E-002 -3.711291068698610E-004
   52857.0246536526       6.621614744287914E-002 -7.162574202653604E-004
   32823.5062436390       6.585339032898943E-002 -1.061397391052165E-003
   28485.8748485852       6.619773672094312E-002 -1.542680957646090E-003
   33235.6770674016       6.654149110299619E-002 -2.024260769531008E-003
   164216.409895987       6.688497671110948E-002 -2.506745865401954E-003
   119258.982175362       6.722803384013419E-002 -2.988146765774428E-003
   88595.7035067697       6.660718830952908E-002 -3.580564912788210E-003
   57289.8068616406       6.614268948304870E-002 -3.214246038425882E-003
   197480.499158517       6.567766863789662E-002 -2.847955047362449E-003
   192182.082547673       6.521351478593253E-002 -2.482128834119308E-003
   176863.248596899       6.474939128169935E-002 -2.116435778854726E-003
   191058.905531097       6.442006651789817E-002 -2.464223651977434E-003
   76503.8927717015       6.409056074966431E-002 -2.812072872989484E-003
   88480.5826035567       6.376004008702817E-002 -3.160107599127927E-003
   45966.0446282038       6.342999576237747E-002 -3.507875031623331E-003
   146056.903920063       6.260819948946261E-002 -1.956181673803167E-003
   138987.932220271       6.297001278680124E-002 -1.641124607286760E-003
   44485.6717653992       6.333180194837926E-002 -1.326828746014376E-003
   7675.85949653379       6.369388777706914E-002 -1.012592532518928E-003
   53355.1750894239       6.334885972875137E-002 -5.643181604781809E-004
   37906.9519998464       6.300420363968348E-002 -1.169089398263732E-004
   84404.1362420449       6.265972116797000E-002  3.313490042626888E-004
   19480.4810377351       6.841711721962848E-002  1.381000875948992E-003
   40882.0403728065       6.876138262292422E-002  9.898464643963254E-004
   23965.6819518287       6.910414764871993E-002  5.974677271814348E-004
   93337.7332626858       6.944788401101516E-002  2.061877531150105E-004
   93695.8634851607       6.979152460096702E-002 -1.859550620134195E-004
   110863.620978288       7.020004869469144E-002  1.886240044535548E-004
   61435.2793027142       7.060860937801074E-002  5.622583928220279E-004
   29805.8517976181       7.101723422264783E-002  9.369872230609623E-004
   13377.1279684499       7.142594787093853E-002  1.310739559658175E-003
   74870.9417973844       7.230483647204727E-002  3.900128110328740E-004
   84416.7488911286       7.191290168302381E-002 -9.375540096791778E-007
   49978.2900216950       7.151994173884518E-002 -3.919865687289234E-004
   4243.87088670103       7.112791678512166E-002 -7.831265908793024E-004
   9363.44881765443       7.073469240672292E-002 -1.174177101716116E-003
   82056.0414427546       7.111169663233838E-002 -1.482134284060030E-003
   57128.3676384463       7.148736473340195E-002 -1.790237703620572E-003
   126348.370354958       7.186405141741109E-002 -2.099202306269003E-003
   79526.0503942926       7.223960676058734E-002 -2.407222634685399E-003
   33920.1121790658       7.090649713416192E-002 -3.679117984868974E-003
   537.890178791014       7.061651560063040E-002 -3.289165699935630E-003
   64504.8403590258       7.032581756904062E-002 -2.898069578618138E-003
   69837.7105042977       7.003606797074548E-002 -2.508145325021139E-003
   153424.086659556       6.974660285192603E-002 -2.117129768986928E-003
   220487.765349549       6.926551868284231E-002 -2.490120735350322E-003
   129134.521140481       6.878449571331111E-002 -2.862385537591750E-003
   114109.386989266       6.830247593603764E-002 -3.236000745996015E-003
   54774.6831657293       6.782093386535286E-002 -3.608598983711190E-003
   99720.2940392477       6.762082712374667E-002 -2.523788370424636E-003
   38163.0048202817       6.801496601405883E-002 -2.058265711218568E-003
   58502.9430880235       6.840833907356529E-002 -1.593606893324888E-003
   19787.8624022365       6.880318968002568E-002 -1.129177042280713E-003
   40876.3545963386       6.842763645074296E-002 -7.670676765634146E-004
   101597.255347784       6.805322137851437E-002 -4.050429388956461E-004
   102319.209231737       6.767777192509658E-002 -4.419553669426620E-005
   3710.94050991473       7.322547799188432E-002  1.268522919869347E-003
   27451.6522159251       7.361846905267690E-002  9.601771579319327E-004
   13993.1484004217       7.401125538897139E-002  6.517370940690205E-004
   37173.6653925297       7.440405425078037E-002  3.433815663027265E-004
   40467.4661253543       7.479687448446590E-002  3.608184628609685E-005
   40615.9426075069       7.521370007997952E-002  3.243131301527030E-004
   43239.1650541652       7.562951330877717E-002  6.136390200188468E-004
   27818.3701089834       7.604634698925081E-002  9.029534617290527E-004
   2008.06443673486       7.646219994420851E-002  1.192322358112232E-003
   38632.3746553956       7.730375435608233E-002  3.102707841776838E-004
   35790.3310614740       7.699533874501772E-002 -9.156431457996530E-005
   15516.3293581054       7.668688854883839E-002 -4.944530237353172E-004
   10089.3104238448       7.637841539171647E-002 -8.963439035174778E-004
   20956.2457676205       7.607092325746745E-002 -1.299291817991644E-003
   23826.6353324384       7.636184079702900E-002 -1.609215315242896E-003
   5137.88799471173       7.665350799372746E-002 -1.920312369065347E-003
   52932.7543858867       7.694523031432089E-002 -2.230326971186776E-003
   35375.4048903062       7.723681233552475E-002 -2.540427377902969E-003
   40927.8976106286       7.591983613556309E-002 -3.796506144329734E-003
   22573.1005804133       7.562396234795120E-002 -3.490442665321482E-003
   60719.6350651978       7.532823545116825E-002 -3.184300327105223E-003
   53862.2425664886       7.503145241971027E-002 -2.878243701734474E-003
   87569.1807904389       7.473580676938393E-002 -2.573097007177057E-003
   100534.984481736       7.443015352480128E-002 -2.864071421316572E-003
   54920.1039483759       7.412440498002745E-002 -3.156051870042469E-003
   64468.7409106871       7.381767627907423E-002 -3.448111746444099E-003
   32550.1010797599       7.351171082812671E-002 -3.740046113428471E-003
   60321.3584641265       7.254519477779557E-002 -2.115109986102907E-003
   57691.8294894480       7.285099953107750E-002 -1.822129203940420E-003
   17904.0817118068       7.315677306480046E-002 -1.530051783861592E-003
   1441.45619627477       7.346166725504562E-002 -1.237990112414353E-003
   11336.3209278609       7.317312174119191E-002 -8.309962323830996E-004
   11863.5849295947       7.288363135176329E-002 -4.239766434102431E-004
   13216.7229437561       7.259415121507416E-002 -1.701643891177987E-005
   2899.37443936071       7.818570567340903E-002  1.151568592121189E-003
   11817.2727686483       7.858533025075559E-002  7.450309775963262E-004
   10549.7968879192       7.898583561718811E-002  3.393808365705353E-004
   6284.89600944405       7.938533155271661E-002 -6.720422273954899E-005
   14583.8724889924       7.978583744475182E-002 -4.727954449230102E-004
   5881.33261329951       8.018409730955793E-002 -8.616435084554805E-005
   12766.3120374703       8.058236334883823E-002  3.014925977834705E-004
   14360.9248919281       8.098061906089168E-002  6.881370324038961E-004
   3962.11012784671       8.137992498400809E-002  1.075735208615385E-003
   32783.7430446265       8.230026226479233E-002  1.105984179358655E-004
   21680.0030887412       8.189417484803189E-002 -2.698375038707769E-004
   22798.1365152972       8.148910680083098E-002 -6.492924167769145E-004
   27560.6526608242       8.108304206370257E-002 -1.028730562836893E-003
   17565.4113728326       8.067801560735183E-002 -1.408230266824956E-003
   4836.90811784236       8.106260658034087E-002 -1.898527356224644E-003
   14994.2232594514       8.144798783866058E-002 -2.388974533080676E-003
   24720.3107683078       8.183234243301177E-002 -2.878381518376894E-003
   17381.2390841842       8.221758466484835E-002 -3.368798174038395E-003
   13805.0254146668       8.162695355220008E-002 -3.931774520489025E-003
   9530.55902903677       8.115561933357110E-002 -3.523306777821852E-003
   39351.7767815845       8.068534105690643E-002 -3.115885436284241E-003
   27512.7381332380       8.021403859382523E-002 -2.707558881328910E-003
   58316.4149799384       7.974275262522326E-002 -2.300218868771604E-003
   49473.4608759041       7.943067899533579E-002 -2.688986926570903E-003
   16312.8547030381       7.911752102457610E-002 -3.078756943720532E-003
   13115.9266813030       7.880536107593542E-002 -3.467590937435998E-003
   12831.5792872257       7.849306220900334E-002 -3.857369065346066E-003
   54813.7563208713       7.764068260598235E-002 -2.246840035479969E-003
   52684.2394072796       7.804360195011296E-002 -1.953244746361832E-003
   29200.7277476466       7.844754224691562E-002 -1.658608554914144E-003
   4348.72608056794       7.885053632882655E-002 -1.364950744524101E-003
   11709.3044679870       7.846430590000103E-002 -9.456588480856267E-004
   2190.71245171562       7.807709104153066E-002 -5.273345743273243E-004
   10437.2268605330       7.769088695166218E-002 -1.080804328367976E-004
   5147.70675517682       8.326535177104039E-002  1.030742902698946E-003
   10813.3242591813       8.364569892931763E-002  6.175975146824302E-004
   10037.2967350286       8.402494589775650E-002  2.043987397965261E-004
   9325.41506043825       8.440422997376316E-002 -2.077870480273550E-004
   2149.30732305845       8.478350356218732E-002 -6.209501721145075E-004
   10717.2189360073       8.521408574698372E-002 -2.271515345791089E-004
   876.871340362927       8.564363591975328E-002  1.656545000357241E-004
   7273.29621685589       8.607419988902357E-002  5.594160918328398E-004
   5760.64750651969       8.650374389698767E-002  9.531926910337921E-004
   1111.68403188069       8.730193382595182E-002  1.158532913328085E-004
   5984.08637167500       8.688797276814159E-002 -2.943484264974756E-004
   1835.38713695520       8.647398790139339E-002 -7.055182755818952E-004
   10612.9554535608       8.606104276530986E-002 -1.115701420296976E-003
   9132.54935384718       8.564711682936381E-002 -1.526875701456746E-003
   5317.86948380211       8.604224292032576E-002 -1.905393005049008E-003
   8777.43950994426       8.643630887762990E-002 -2.283939055266469E-003
   5973.97277190060       8.683140503884185E-002 -2.661505242855692E-003
   3948.82958832536       8.722647010270276E-002 -3.040077535589663E-003
   1509.80627580753       8.617721789759755E-002 -4.040243483846490E-003
   3397.57258828293       8.581800240807382E-002 -3.627532757025858E-003
   5207.69767136943       8.545977851438256E-002 -3.214851899933357E-003
   4425.88075162428       8.510051124637510E-002 -2.803166419530479E-003
   23068.9345757604       8.474130745919418E-002 -2.390436893815457E-003
   23980.6440362144       8.425090070448354E-002 -2.782855201874810E-003
   15084.1462663025       8.376053441553390E-002 -3.174332520345704E-003
   10536.8644898212       8.327113337030279E-002 -3.566873632936478E-003
   4999.49913416849       8.278063860720955E-002 -3.959371799045499E-003
   19037.6814795159       8.263279764829919E-002 -2.897549662438106E-003
   8660.05247122958       8.304801499498801E-002 -2.427253176679286E-003
   2481.17103890080       8.346229177956611E-002 -1.955910852069197E-003
   13815.7174950691       8.387761631797599E-002 -1.484601382882361E-003
   2154.99373878263       8.348302363386043E-002 -1.086039184051932E-003
   1090.65784684989       8.308941244116312E-002 -6.875201025679392E-004
   14563.6893231992       8.269478712303863E-002 -2.890012368382865E-004
   5392.39259285292       8.813924032707626E-002  9.140273434754204E-004
   5370.56735603268       8.854998004126569E-002  5.211423280005731E-004
   6204.99641193683       8.896174525735728E-002  1.292132850649625E-004
   10816.6454439796       8.937250178649599E-002 -2.636996574285682E-004
   7025.74874032533       8.978428505422235E-002 -6.556514928653350E-004
   13080.6358859135       9.027832726722683E-002 -2.853688842949544E-004
   8923.46151334165       9.077139750938781E-002  8.591872140114427E-005
   337.034141192451       9.126543891461718E-002  4.561628473294882E-004
   4487.13003402281       9.175948426023449E-002  8.273917617421902E-004
   5368.45130450751       9.230688380114008E-002  2.531350936968062E-004
   10930.9910684897       9.191233576007378E-002 -2.225603282738368E-004
   1081.27923973168       9.151879095523674E-002 -6.982425543645020E-004
   3997.99690492283       9.112429236859050E-002 -1.172899099998485E-003
   2000.80503455295       9.073079979990763E-002 -1.648592017798584E-003
   2468.32913821234       9.110166751204984E-002 -2.118574776710123E-003
   439.002667737329       9.147352544318579E-002 -2.589576772925062E-003
   6089.43597626217       9.184441770631048E-002 -3.059558493321349E-003
   4424.67129113733       9.221632309966088E-002 -3.529567541540910E-003
   2513.42494546430       9.154585555884512E-002 -4.168743071151321E-003
   539.441881828365       9.109413636562440E-002 -3.774853038125318E-003
   5597.99469324452       9.064237447238924E-002 -3.381962990535958E-003
   7315.76245294678       9.018963838816924E-002 -2.988035804626037E-003
   4137.39078322280       8.973788346297974E-002 -2.595117744564107E-003
   6550.14270202277       8.935983045904583E-002 -2.968183326337673E-003
   4001.17058223169       8.898175079028266E-002 -3.342236386005610E-003
   3723.45858701724       8.860469421980455E-002 -3.715304676659876E-003
   1028.74656243108       8.822662663203994E-002 -4.089352406598945E-003
   999.828333807595       8.761821476355820E-002 -2.680370573305471E-003
   170.983813269317       8.800892431132855E-002 -2.321634552071552E-003
   2308.83434370858       8.840065161649098E-002 -1.961925704831642E-003
   2204.80090070742       8.879136931139649E-002 -1.602191342530198E-003
   1029.33325224050       8.841954269407526E-002 -1.172205074127098E-003
   4070.29338194143       8.804666942550371E-002 -7.431964800749806E-004
   14211.5969606785       8.767480469486350E-002 -3.132056131381177E-004
   413.912548323888       9.288115386215660E-002  8.005759534237718E-004
   842.861101098776       9.335385500630110E-002  2.811381656016494E-004
   2532.79666197661       9.382656129226144E-002 -2.392834364258374E-004
   797.499642993720       9.429829695606697E-002 -7.586842498919593E-004
   1409.27870964454       9.477100447601750E-002 -1.279124337500506E-003
   502.662142518061       9.512305800112345E-002 -7.783867927182609E-004
   1153.04760671734       9.547609149828200E-002 -2.786651940446300E-004
   2653.63983108017       9.582815665438361E-002  2.220777176889595E-004
   1221.40728919755       9.618120079592431E-002  7.217958606737206E-004
   686.688091566196       9.729168055780349E-002 -4.430776620700859E-004
   2230.79336021708       9.677568131806509E-002 -7.718388833543393E-004
   893.917196241606       9.625871066583104E-002 -1.099586293501064E-003
   1022.63940718605       9.574271509360800E-002 -1.428364111767203E-003
   1117.38906414935       9.522573576782815E-002 -1.756125850988517E-003
   3377.29021646097       9.572373052617336E-002 -2.222168557272880E-003
   856.925812835513       9.622075876599935E-002 -2.687180983482675E-003
   216.842481849829       9.671876022788843E-002 -3.153218942688454E-003
   57.0265880973171       9.721578659421432E-002 -3.618232743480025E-003
   35.8154898962707       9.651358424490318E-002 -4.287638455938284E-003
   146.918087132178       9.607285717169632E-002 -3.768954842651493E-003
   580.060290181161       9.563115371505068E-002 -3.249248298675339E-003
   2288.23427286980       9.519042810439833E-002 -2.730562879727424E-003
   6806.53886394850       9.474871958570436E-002 -2.210862804748292E-003
   6002.01041948570       9.427563213214180E-002 -2.708688015508154E-003
   1347.15012756308       9.380156612591140E-002 -3.205456926433368E-003
   703.550529197203       9.332849229302996E-002 -3.703245322851807E-003
   369.223095380567       9.285547604834715E-002 -4.200050283299122E-003
   7108.31952288392       9.273524075627483E-002 -3.080851834965119E-003
   5004.31440490849       9.325516535562596E-002 -2.632182264069204E-003
   728.847435626061       9.377411049953725E-002 -2.182506562947305E-003
   5680.37661476505       9.429400453928485E-002 -1.733852858014994E-003
   1930.29986809103       9.379673827296921E-002 -1.236850897622269E-003
   76.5188223878342       9.330043820593767E-002 -7.408716728869098E-004
   1555.24252864302       9.280316232889323E-002 -2.438576217395083E-004
   102964.163155080      -1.442806946174716E-003  7.501380692920422E-003
   60627.5718832352      -1.082140549689447E-003  7.023513884057833E-003
   10895.2706334520      -7.220786686208873E-004  6.545428780410950E-003
   262178.935808686      -3.634689100529528E-004  6.067453936701433E-003
   230064.568476519      -4.359065425232974E-006  5.590834315738509E-003
   283753.446255485       3.956143582475204E-004  6.066508940625662E-003
   7106.11691636310       7.950820887069491E-004  6.543782906385547E-003
   17588.4668825175       1.196188921844147E-003  7.021180085803670E-003
   178847.305062613       1.598799098167566E-003  7.497783015877980E-003
   566672.504737127       2.492862449020578E-003  6.598860922779048E-003
   405025.419646686       2.016574352258602E-003  6.199006291210214E-003
   405027.242365502       1.540246091655007E-003  5.798796317135772E-003
   196083.124878447       1.064084215650448E-003  5.398692295056656E-003
   84473.9307358522       5.882434564760598E-004  4.997299195106416E-003
   108385.750200555       1.063186214975176E-003  4.535658309014854E-003
   195002.003392828       1.537074674420709E-003  4.074471565735271E-003
   738026.082827254       2.010679388701846E-003  3.613344757802994E-003
   507844.548211857       2.484165837684949E-003  3.153151441122951E-003
   217539.991100938       1.360291032112657E-003  2.969127428590956E-003
   247219.272018578       9.042535038954327E-004  3.449280862137573E-003
   415292.578938884       4.497639389724339E-004  3.928651927509837E-003
   470440.253410229      -5.607698510513318E-006  4.405758283946547E-003
   419341.607033078      -3.358131605733907E-004  3.929660620727618E-003
   72932.5144173304      -6.667714822367238E-004  3.452147238414204E-003
   192328.747326745      -9.984194938252044E-004  2.974562586718505E-003
   92428.5135154309      -2.502390511304346E-003  3.670098141691327E-003
   530369.305426161      -2.025741376489852E-003  4.001031533088313E-003
   373281.660687836      -1.549892705824140E-003  4.333304062360660E-003
   148362.594747188      -1.073953545585070E-003  4.666007846690396E-003
   150962.322356453      -5.979664169062725E-004  4.998724829667697E-003
   109794.280347365      -1.073307062589901E-003  5.361020497124815E-003
   286561.382161648      -1.548961399269969E-003  5.722208731639773E-003
   329376.795638710      -2.024668194723083E-003  6.083860863355251E-003
   353500.723038701      -2.500526202239622E-003  6.445050810508174E-003
   31267.1767703067       3.392829985349863E-003  7.491542626958220E-003
   158502.830687691       3.792673628049477E-003  7.114502135544372E-003
   98057.6636664386       4.191295106347602E-003  6.736887708016091E-003
   360870.928557362       4.588886239031585E-003  6.359762665323758E-003
   321590.246325840       4.987041675039159E-003  5.982632200004839E-003
   373890.339998612       5.348921092113966E-003  6.355443333956761E-003
   240645.535711478       5.710821716477026E-003  6.728836034180408E-003
   235387.273301642       6.072985714720846E-003  7.102480154027426E-003
   92791.6815615553       6.436342194426876E-003  7.475531605734948E-003
   737438.235803766       7.485673935316977E-003  6.413785795934984E-003
   491307.750496489       7.110415941896007E-003  6.054875722435839E-003
   450674.939314170       6.734632625170987E-003  5.696076889477993E-003
   320822.503757207       6.358779651655298E-003  5.336792627889216E-003
   218745.221007982       5.982770624984438E-003  4.977151107274833E-003
   16563.9683052286       6.356125594024015E-003  4.507822925660563E-003
   123945.788851526       6.726638603670896E-003  4.036893892250282E-003
   428389.571155509       7.096199160872124E-003  3.565246797923476E-003
   512618.508514489       7.464603296148504E-003  3.095270505788604E-003
   273711.954139157       6.361869358504989E-003  2.847254513118320E-003
   693069.473630712       5.900178204479555E-003  3.227470847207524E-003
   636029.407201921       5.439043318164351E-003  3.605985125064486E-003
   873000.956333576       4.978376696433201E-003  3.984365442067317E-003
   1131976.45467794       4.520977133881177E-003  3.611210411209227E-003
   789106.162316226       4.064479528290909E-003  3.237526206528826E-003
   542873.984158886       3.607139745640125E-003  2.862582805298200E-003
   583152.654184590       2.857195501544127E-003  3.611350487408279E-003
   216357.292354510       3.230950167444646E-003  4.070650163755948E-003
   160706.918651405       3.605749231762556E-003  4.529175754811500E-003
   87522.5783431140       3.982718226556784E-003  4.987673749186835E-003
   1037.71723168259       3.609485809469783E-003  5.390760612516538E-003
   226144.074411231       3.237080224208822E-003  5.793129676785913E-003
   240182.820100167       2.864660287537346E-003  6.195942041220217E-003
   49932.3182986283       8.548104966438133E-003  7.460538448294880E-003
   76876.0420542413       8.906643728546885E-003  6.989521739366614E-003
   110403.783430544       9.263055647880958E-003  6.517202649204032E-003
   326655.641909474       9.619097688640188E-003  6.045211554950623E-003
   312195.019429622       9.974221693013645E-003  5.573448697113825E-003
   411196.301030714       1.036001509576091E-002  6.037908016497980E-003
   100772.527787818       1.074515575007643E-002  6.503704726593150E-003
   47747.3606754919       1.113214813778488E-002  6.969756694400559E-003
   217188.669857240       1.152005487135748E-002  7.434898465165467E-003
   779792.518244645       1.247599279116558E-002  6.460247172271729E-003
   592302.808991221       1.200670100534769E-002  6.081568441899936E-003
   547172.044174106       1.153721390752954E-002  5.701489316867881E-003
   305617.648282758       1.106769846274533E-002  5.321364627229572E-003
   282638.117205216       1.059731193500660E-002  4.939701478926535E-003
   26805.6426400959       1.106061780238716E-002  4.485741100595125E-003
   301838.771391480       1.152082421484434E-002  4.031190642311490E-003
   764052.405019331       1.198038737210078E-002  3.579045442237294E-003
   473427.408553816       1.244052517095141E-002  3.128382424473701E-003
   241871.734630820       1.127519175559072E-002  2.894313666229302E-003
   224237.977722134       1.083770666681406E-002  3.370498345390837E-003
   589894.936680810       1.040038539539389E-002  3.845703098338271E-003
   754532.820694607       9.963318078913168E-003  4.318949623709383E-003
   959320.791272356       9.497431481365212E-003  3.854631369158005E-003
   371282.657473052       9.031554385847731E-003  3.388509576386260E-003
   32214.8902053049       8.563756595540458E-003  2.921372621759161E-003
   846942.749277181       7.932946413442991E-003  3.556929232037170E-003
   445567.220784481       8.400737454930763E-003  4.022067642894125E-003
   81479.0048489374       8.869325674114265E-003  4.487260845858854E-003
   100002.978740533       9.340750506707716E-003  4.951622018688259E-003
   124141.605195698       8.876278780384762E-003  5.317734194432391E-003
   442638.980827775       8.412771866770417E-003  5.683702357666419E-003
   320568.885031539       7.948870209588937E-003  6.048512557511642E-003
   193456.610218712       1.345228918471801E-002  7.414229171822493E-003
   12501.3136263548       1.383085481991136E-002  6.981521502507116E-003
   79925.2330611542       1.420848870166518E-002  6.547057381732218E-003
   497649.266996495       1.458456175168699E-002  6.114182027561163E-003
   414891.521100035       1.496118739015284E-002  5.682206683167815E-003
   590720.685395831       1.538784184608871E-002  6.104332856423362E-003
   257538.196378724       1.581360914671184E-002  6.527501727582366E-003
   80553.4596525237       1.624086810909353E-002  6.952314682778868E-003
   232789.006565034       1.666855246381843E-002  7.375851257485768E-003
   582683.712979713       1.746528320784354E-002  6.560993996615588E-003
   511034.234546965       1.703572586844529E-002  6.142787948173434E-003
   307855.592609918       1.660497213809367E-002  5.722699089888031E-003
   2761.05009562646       1.617475327124684E-002  5.302929970727383E-003
   183990.561444067       1.574319250567410E-002  4.882337934572121E-003
   39531.2231389901       1.616507334721654E-002  4.451526219473375E-003
   147274.287538309       1.658520750890826E-002  4.020270897629769E-003
   590014.582174046       1.700597385141383E-002  3.590795388815977E-003
   419495.916504455       1.742535300475136E-002  3.161058161450305E-003
   129589.460512912       1.619191267611310E-002  2.800653198850819E-003
   260554.377065031       1.577590448320523E-002  3.235820366728214E-003
   427453.925687183       1.535922120799823E-002  3.669164763705372E-003
   547028.642948509       1.494287281283652E-002  4.101716789835916E-003
   750384.942501541       1.449500067038864E-002  3.679722321548986E-003
   398073.117987395       1.404745523236391E-002  3.256093666219085E-003
   162674.785571542       1.360063265095046E-002  2.830323465525174E-003
   441906.302760762       1.286895203317544E-002  3.570998761462336E-003
   161640.359517181       1.329885639790162E-002  4.013622886469025E-003
   186555.588243302       1.372874475828856E-002  4.457707062316019E-003
   173037.905364341       1.416050233253018E-002  4.901243618076563E-003
   26960.0868138570       1.373850819077925E-002  5.292216707516049E-003
   389494.763316744       1.331774182607525E-002  5.682049701670022E-003
   503950.620260847       1.289615155008654E-002  6.071873226170781E-003
   75138.7049584067       1.828082979613446E-002  7.355830791553803E-003
   102162.458318646       1.869909908516688E-002  6.952390106023841E-003
   144453.555618072       1.911678880650995E-002  6.547452558329888E-003
   330547.018625934       1.953321845225190E-002  6.144090870649182E-003
   318770.801382448       1.995079773077003E-002  5.740709689374576E-003
   287711.825897423       2.038508566411395E-002  6.133012224214026E-003
   149354.646422412       2.081849038409493E-002  6.524615468484941E-003
   81865.3701827694       2.125314172120900E-002  6.917445208141063E-003
   86378.6492285068       2.168854089891249E-002  7.309058986941502E-003
   362245.775132832       2.245853081950019E-002  6.517304409271913E-003
   314781.205386506       2.205689920880368E-002  6.092965997610408E-003
   215000.368709217       2.165416271318489E-002  5.668190874317383E-003
   74061.0601650150       2.125229186371179E-002  5.244034671511997E-003
   182313.482734988       2.084892848507267E-002  4.818910060421428E-003
   101784.769867365       2.124119687106126E-002  4.350746909038829E-003
   100288.147791639       2.163043692916286E-002  3.881719482258681E-003
   544427.269223266       2.202014760260133E-002  3.414266104104378E-003
   342077.422292681       2.240847954035686E-002  2.946974644367914E-003
   47141.4170599992       2.129054274290520E-002  2.707706239480711E-003
   407783.562561706       2.083671120781182E-002  3.113579153402512E-003
   445262.107438638       2.038196889337456E-002  3.517436552925132E-003
   661223.638571539       1.992768278700185E-002  3.922027541698690E-003
   764806.860496142       1.950152611689556E-002  3.528988204195809E-003
   397378.503910653       1.907525234732939E-002  3.135848648409906E-003
   35140.6771614712       1.864942577404297E-002  2.740849896238140E-003
   656871.044367756       1.782479186238778E-002  3.580353950030511E-003
   278070.864819428       1.822532893120101E-002  4.000105598667865E-003
   89368.5924762424       1.862566202920980E-002  4.421462370439604E-003
   185843.586037407       1.902861358723537E-002  4.842500936836727E-003
   31610.5866877838       1.863649261329647E-002  5.273083775498743E-003
   167428.643364841       1.824597644209971E-002  5.702505147101990E-003
   278779.094691924       1.785483900923502E-002  6.132395043149009E-003
   17628.6051436466       2.325038842657231E-002  7.285998582062878E-003
   193200.166903070       2.367661907075903E-002  7.008479671993187E-003
   100887.864555795       2.410205177064822E-002  6.729577517400992E-003
   195631.007915040       2.452662127200608E-002  6.452062261165029E-003
   191803.150083667       2.495207621156028E-002  6.173573686314142E-003
   222090.066921478       2.531193015111826E-002  6.439807344866847E-003
   214407.120503496       2.567157498601691E-002  6.705417692981699E-003
   228687.285176423       2.603125810172917E-002  6.972154612431142E-003
   22731.5259220808       2.639136609918039E-002  7.237644879034553E-003
   317529.828061541       2.745060278751953E-002  6.145598791693832E-003
   152069.962733651       2.717498430777163E-002  5.793591578348019E-003
   121416.808035623       2.689796130130995E-002  5.441770838948493E-003
   82763.7676207100       2.662183480880242E-002  5.089827684797867E-003
   135820.825920818       2.634481402381455E-002  4.737667283233925E-003
   31890.5337475495       2.661094644060063E-002  4.308336545748298E-003
   49711.3171312137       2.687464486471688E-002  3.877175260012274E-003
   233249.030682823       2.713920528431007E-002  3.447270121207289E-003
   279380.528341894       2.740206342235037E-002  3.016495615666004E-003
   246873.745104937       2.617000436107695E-002  2.510470394773110E-003
   431936.506551090       2.575033553553829E-002  2.789857825774488E-003
   361835.600719674       2.532940676096260E-002  3.067528108706419E-003
   495344.114380163       2.491016309319145E-002  3.346733594994964E-003
   701028.363665173       2.444563792597217E-002  3.081472490184278E-003
   603762.075379385       2.398102779316442E-002  2.817205626289690E-003
   688614.046475368       2.351775097839093E-002  2.551164490965215E-003
   121414.918994654       2.268384670982014E-002  3.405852019757063E-003
   15597.8990666162       2.296134319707604E-002  3.863653675059184E-003
   147880.983020478       2.323828341039537E-002  4.322587465025579E-003
   19060.2994336739       2.351719949006803E-002  4.780974519812476E-003
   40270.6171734752       2.325160474236655E-002  5.215261422522608E-003
   57342.6762654601       2.298732654530570E-002  5.648665473644045E-003
   48644.9433705089       2.272206617705827E-002  6.082850860234826E-003
   12174.6205943828       2.854288377210867E-002  7.203897394752594E-003
   64046.6822165345       2.889307115718731E-002  6.808203584111145E-003
   11305.1621757736       2.924243102457028E-002  6.412028937582376E-003
   122667.178776224       2.959170002467885E-002  6.015033169427232E-003
   162166.441889092       2.994083179480309E-002  5.619194895110605E-003
   239609.440293280       3.044355355780673E-002  6.000621687522913E-003
   208100.983872641       3.094696286634161E-002  6.383685336160228E-003
   191796.491008272       3.144931346141615E-002  6.766212117477928E-003
   29185.0406610490       3.195241219178557E-002  7.148708934091025E-003
   367168.895688658       3.245487107014045E-002  6.629714337465581E-003
   134425.966912945       3.205816528100576E-002  6.138904496997897E-003
   43134.5090017101       3.166100971384642E-002  5.647778482341556E-003
   27987.6017522094       3.126238430287610E-002  5.155605674357826E-003
   166049.237339717       3.086441224194875E-002  4.664496124787275E-003
   62699.5265691008       3.124768318923954E-002  4.257045434108254E-003
   101549.689970174       3.163076473228223E-002  3.850129606918748E-003
   361137.748078053       3.201253739543140E-002  3.442618214370337E-003
   344639.423513208       3.239395273887407E-002  3.035440266040936E-003
   72132.7053826958       3.108408012813747E-002  2.549076076962134E-003
   300923.928682251       3.069216145401304E-002  2.946979802732318E-003
   379461.210086644       3.030132177843913E-002  3.345241707861621E-003
   429669.922210521       2.990979229503087E-002  3.742251618703267E-003
   546990.224156610       2.948027449201431E-002  3.358841977713433E-003
   244315.461625585       2.904936614927619E-002  2.974222894976127E-003
   70016.2076090120       2.861925288697523E-002  2.589995509884516E-003
   400819.741452006       2.779732174741921E-002  3.436113668635113E-003
   198919.245250859       2.819270242674974E-002  3.855534177735747E-003
   77999.9324308526       2.858945677937037E-002  4.276365818657362E-003
   47290.4747391046       2.898647157483180E-002  4.695717807344248E-003
   76514.1859953032       2.860253289682106E-002  5.058368055321555E-003
   170799.833417738       2.821779612221917E-002  5.420942963660321E-003
   151599.545985274       2.783399096093909E-002  5.783151120628398E-003
   52903.3301415851       3.297434995928335E-002  7.131664254284955E-003
   60071.2834424689       3.346277982455025E-002  6.636150873959071E-003
   104211.267406402       3.394979420229694E-002  6.139166234330948E-003
   322277.622651035       3.443757845191673E-002  5.643671280352034E-003
   209102.549522122       3.492464812479600E-002  5.149160836446886E-003
   179665.187898952       3.532067843665257E-002  5.628603202912217E-003
   15451.3050443222       3.571718090985721E-002  6.108514978244694E-003
   44377.5087412785       3.611531673236578E-002  6.589384627501338E-003
   131557.033892219       3.651346023016658E-002  7.068712980140049E-003
   381143.241976787       3.743854235482690E-002  6.108596474968422E-003
   353311.419868506       3.694669363463448E-002  5.728675126511823E-003
   338377.970984973       3.645395013139378E-002  5.347347181613223E-003
   198693.297287161       3.596237924689384E-002  4.966283872755979E-003
   126910.782801068       3.547036971433494E-002  4.584851105659348E-003
   68100.0403142374       3.594799654471908E-002  4.120378804067798E-003
   201497.353045525       3.642356926088538E-002  3.655405890010218E-003
   461342.503304293       3.689973871721959E-002  3.190212773684995E-003
   306223.018923371       3.737533043606538E-002  2.727449330027485E-003
   86082.6677951077       3.623507093143036E-002  2.553010761663940E-003
   182242.318591305       3.579090959410027E-002  3.050278534634663E-003
   385587.087185554       3.534837660577489E-002  3.545900710623106E-003
   464003.100205561       3.490585445503832E-002  4.040178849952796E-003
   448423.847097646       3.450017108252083E-002  3.560456442777446E-003
   24572.0174804608       3.409473342840289E-002  3.080048369461392E-003
   122851.933752539       3.368739954100303E-002  2.598521532645050E-003
   547328.459698200       3.288531164561147E-002  3.426475596356366E-003
   440767.463929399       3.337724227540235E-002  3.818581943754228E-003
   125274.750434981       3.386807642344018E-002  4.210685207325027E-003
   37000.9855617359       3.436020557065263E-002  4.603871669564224E-003
   65679.4239408126       3.388306934590115E-002  5.110210484381322E-003
   135564.365182595       3.340715906928288E-002  5.617963266085714E-003
   223658.416940380       3.293058269107675E-002  6.124291474113269E-003
   45442.3083601121       3.839928007852431E-002  7.032581638593122E-003
   57109.1555626459       3.878046149962379E-002  6.613611600106578E-003
   74861.7885120152       3.916174770733171E-002  6.195266484053802E-003
   206708.766463433       3.954180707863394E-002  5.776214324109125E-003
   198039.953481735       3.992188398206893E-002  5.358704252927906E-003
   143232.159115038       4.022228747544843E-002  5.762989559368288E-003
   30288.9281900864       4.052393553870082E-002  6.168415306116086E-003
   23969.1267638041       4.082476371190229E-002  6.572932303775962E-003
   68445.4297742666       4.112688073084071E-002  6.978364515683229E-003
   186387.265260917       4.242622265722782E-002  5.626224062675631E-003
   228034.667975685       4.200995512848935E-002  5.340470820914840E-003
   192406.998619957       4.159470621963725E-002  5.055515291448369E-003
   111229.821457953       4.117841000835566E-002  4.769349117209942E-003
   63256.1557063931       4.076288626307806E-002  4.484053588723068E-003
   101230.034988876       4.116550087193874E-002  4.099392150019367E-003
   154165.885623155       4.156822185297559E-002  3.713517040856546E-003
   263029.457381827       4.196981349298647E-002  3.329036455664526E-003
   181778.039535636       4.237253051400890E-002  2.944189009688899E-003
   13709.2722633374       4.099028698225228E-002  2.388991713905895E-003
   110646.991475225       4.062300631845478E-002  2.807108940268953E-003
   203974.338379455       4.025502942538949E-002  3.225956115735797E-003
   346814.070695735       3.988844626107479E-002  3.643616967676635E-003
   454418.700611500       3.942827531373106E-002  3.242321876284857E-003
   253790.387814291       3.896823025849393E-002  2.839212690895174E-003
   105226.392230912       3.850708705408634E-002  2.436417820006896E-003
   260145.414869198       3.779290994593847E-002  3.174242823052975E-003
   75580.7669085463       3.820983833810800E-002  3.622698796956485E-003
   128039.612951787       3.862835365713985E-002  4.070357042008002E-003
   115403.547088692       3.904695333184964E-002  4.517647317816677E-003
   32510.4154408182       3.864492567967964E-002  4.915449327775561E-003
   158678.584524179       3.824226245488357E-002  5.313119310225382E-003
   205020.297243234       3.784074669845745E-002  5.711382303434003E-003
   13764.3685847357       4.377841059247259E-002  6.924739817806461E-003
   44235.3885991264       4.406605194977226E-002  6.596777862937961E-003
   34192.6931774107       4.435227355459007E-002  6.269585592925384E-003
   94256.1554769509       4.463945799802702E-002  5.941495093623950E-003
   117792.304175164       4.492562293371522E-002  5.614548278495814E-003
   132934.802889296       4.533687821945084E-002  5.927029639273493E-003
   118467.014596451       4.574908203894083E-002  6.240696085825266E-003
   82014.4652268207       4.616032290884747E-002  6.553469051524188E-003
   10270.2466208051       4.657275218363807E-002  6.867242802764489E-003
   145479.802411492       4.743254818608868E-002  5.971357546942092E-003
   112126.097844555       4.710269698975378E-002  5.572078076016608E-003
   58434.8077069411       4.677376358647106E-002  5.173660907541400E-003
   26191.8936908609       4.644368523090253E-002  4.774213742859642E-003
   69384.8897062624       4.611457118934101E-002  4.375678321947081E-003
   36255.5831691367       4.642744547386213E-002  3.965951425805365E-003
   23411.5901969000       4.674063696380679E-002  3.554865351263665E-003
   164464.645428470       4.705275127113519E-002  3.144980936613976E-003
   166684.431026358       4.736559755544787E-002  2.734212827063571E-003
   76564.4825523661       4.606420580427880E-002  2.197817310077283E-003
   185393.606647771       4.566845302260530E-002  2.527516963196095E-003
   184744.577605572       4.527167805852787E-002  2.857902594601320E-003
   249396.885751039       4.487617860683701E-002  3.187397052068428E-003
   306112.365021517       4.449452914504471E-002  2.873959787627264E-003
   195822.581574956       4.411171660030611E-002  2.559459361314015E-003
   129226.100917796       4.372989257851613E-002  2.245660041031556E-003
   161004.694244409       4.270132414629703E-002  3.314865926575293E-003
   73867.5231845703       4.302929836775021E-002  3.684726173145770E-003
   36104.5200027208       4.335846430659778E-002  4.055698704200020E-003
   4812.14008933265       4.368708234460922E-002  4.425502666871529E-003
   41941.6168891366       4.337222586858094E-002  4.725266667624334E-003
   96415.6291197686       4.305646980379115E-002  5.025974439055283E-003
   102390.493005855       4.274168322680474E-002  5.325495614098714E-003
   2652.13526948205       4.832835631686090E-002  6.830515714719263E-003
   24759.0892468909       4.872615356243991E-002  6.421998585591945E-003
   14455.3562384751       4.912249453704102E-002  6.013253118871499E-003
   46960.3213922377       4.951978714778992E-002  5.603598184247801E-003
   77545.7008058559       4.991603158281163E-002  5.195042450597267E-003
   82956.8746843458       5.035521090129786E-002  5.585606462861733E-003
   78469.7573810534       5.079529457026486E-002  5.977443878970613E-003
   35888.3594599543       5.123443991616240E-002  6.368379707092668E-003
   38044.3650003952       5.167376860659263E-002  6.759319518789963E-003
   107750.510944208       5.243214329385393E-002  5.968020730136791E-003
   90934.9843963051       5.202343777046436E-002  5.545637831925842E-003
   44027.4884858404       5.161468815463630E-002  5.123105469375013E-003
   25227.9445034605       5.120478059568274E-002  4.699550710116794E-003
   55643.3609387210       5.079583732400000E-002  4.276894495667334E-003
   107220.842013635       5.118944736511873E-002  3.970093944597000E-003
   104375.176967371       5.158356958497010E-002  3.663122793268875E-003
   175127.341703710       5.197670069060482E-002  3.356414921242564E-003
   136404.684895872       5.236979736253872E-002  3.049847896025184E-003
   17996.1297950572       5.074464997353535E-002  2.176979106177953E-003
   59752.3449093153       5.045558826176455E-002  2.583659554489011E-003
   98730.5845867018       5.016662800545803E-002  2.991176859088208E-003
   206986.741040505       4.987802574559196E-002  3.397742127679372E-003
   259097.583158321       4.946752061699417E-002  3.006270401036157E-003
   127544.514003043       4.905585772268217E-002  2.613621223798409E-003
   54768.9807976705       4.864508342911885E-002  2.221713683478059E-003
   207480.898875908       4.777325309537234E-002  3.129705594088343E-003
   128194.209632629       4.818095858869494E-002  3.524499168125916E-003
   9588.24838165231       4.858983733438772E-002  3.920477661384815E-003
   6811.43571164937       4.899820096677930E-002  4.315339530220613E-003
   5572.67148327368       4.860688014644206E-002  4.728911941587336E-003
   48174.1828714353       4.821472407414180E-002  5.143498878512493E-003
   34515.5292975588       4.782351879639369E-002  5.556881979301041E-003
   25710.2352659094       5.322347711197190E-002  6.725935015602015E-003
   8473.36558880791       5.364523387647354E-002  6.285464953381250E-003
   9541.21974249100       5.406664013293517E-002  5.845858618974862E-003
   57229.6728836186       5.448896562763152E-002  5.405363193091140E-003
   68867.0115777225       5.491026475206791E-002  4.965055715728478E-003
   52508.3082698729       5.530132402127944E-002  5.387556901592011E-003
   43273.6607159167       5.569236891245508E-002  5.810233975165192E-003
   884.201143362856       5.608351796467383E-002  6.231907803278121E-003
   24736.2331045067       5.647478090223278E-002  6.654588968115225E-003
   80595.1337312527       5.742534129438075E-002  5.661436024833933E-003
   109566.776230558       5.698632647039182E-002  5.289074540780704E-003
   78135.1611638478       5.654837417597821E-002  4.916526402115293E-003
   67868.4057674220       5.610937431801061E-002  4.543938741291374E-003
   43517.4374360271       5.567035911723744E-002  4.171243854504953E-003
   54730.3475292233       5.609394604600669E-002  3.820636568430589E-003
   43059.6904693626       5.651708945592772E-002  3.470869931420888E-003
   107873.846783677       5.693919734688404E-002  3.120311445303270E-003
   102547.447977316       5.736226108526713E-002  2.769836565992510E-003
   12759.0379488987       5.586904824073962E-002  2.096934931247497E-003
   52750.6009777598       5.553784686566621E-002  2.534624912182955E-003
   75059.3568068691       5.520771511770876E-002  2.973130952661412E-003
   165784.383541736       5.487684283118918E-002  3.411646046347121E-003
   138660.476126622       5.457026541380822E-002  2.987076891150807E-003
   34668.9669683165       5.426346783312288E-002  2.562366126443684E-003
   16438.1432433590       5.395651042514477E-002  2.138594723277437E-003
   202299.897279642       5.280673383571593E-002  3.338403645744964E-003
   174745.377503727       5.324262335967534E-002  3.627176534283677E-003
   107622.250945214       5.367953364130206E-002  3.916111835116682E-003
   8540.55643618584       5.411668803235935E-002  4.205111763818021E-003
   43514.7338558628       5.369506808979203E-002  4.645666019551618E-003
   16621.8556192359       5.327370802313676E-002  5.087250971034486E-003
   30163.6226166399       5.285337314291931E-002  5.527659465828444E-003
   7814.63876832747       5.841834393713947E-002  6.611421336822990E-003
   4144.87445600118       5.879005030866256E-002  6.131990285268895E-003
   40422.5658351942       5.916143309934035E-002  5.652356191758121E-003
   23148.8721269665       5.953279354415691E-002  5.172781427479289E-003
   48816.7123613141       5.990405464066952E-002  4.693240579703666E-003
   59681.8445065289       6.038018205098057E-002  5.153537643601371E-003
   72183.3999712792       6.085523567364007E-002  5.614086621695395E-003
   35136.4288740098       6.133140197954683E-002  6.074613919299449E-003
   6663.12511432549       6.180673405442377E-002  6.535112950177303E-003
   89778.3900799891       6.243027479854661E-002  5.882853846167310E-003
   108332.946072311       6.194928936985562E-002  5.428702717367315E-003
   76238.2454893146       6.146834692164519E-002  4.973368962239575E-003
   77514.5228043213       6.098736722051125E-002  4.518970619456901E-003
   71089.3995481241       6.050634566873488E-002  4.063494681673666E-003
   12377.5687817255       6.096745057934915E-002  3.612533291992177E-003
   8949.35178171152       6.142798192055935E-002  3.162388349470850E-003
   99418.4315278091       6.188841833216063E-002  2.711470393442471E-003
   74631.0609694890       6.234888248836025E-002  2.260839312961495E-003
   53832.3926501630       6.116208076890484E-002  2.018188304239528E-003
   29013.0470888925       6.073322802396975E-002  2.499579688128231E-003
   53537.6755024471       6.030548939393911E-002  2.980750962858485E-003
   153911.656067905       5.987686230024847E-002  3.461744844647408E-003
   120216.509643652       5.952616011174700E-002  2.998394952583183E-003
   34250.1246643936       5.917626993640746E-002  2.534809401828858E-003
   38865.2394491184       5.882513538342581E-002  2.071234212060809E-003
   193186.652256219       5.784040890426245E-002  3.100071439836637E-003
   153369.464063737       5.831837897471068E-002  3.430648356380029E-003
   101753.153925904       5.879635273567108E-002  3.760385513314535E-003
   10019.4485203271       5.927458186468626E-002  4.091211492610415E-003
   45828.8859440655       5.881212612034870E-002  4.483832126427864E-003
   9882.90777846701       5.834984775573671E-002  4.876451275933784E-003
   8314.29644492825       5.788752672774011E-002  5.268901385519827E-003
   3664.35384311863       6.308240970871209E-002  6.506023568241698E-003
   6025.09773846845       6.353711464076864E-002  6.040366490787412E-003
   27718.1167416924       6.399248789846106E-002  5.574539121485502E-003
   20749.8893795105       6.444682458218626E-002  5.108826453392596E-003
   39283.5313729183       6.490217482060398E-002  4.644206903360243E-003
   43308.8254788298       6.539725155334004E-002  5.086900133719870E-003
   57083.1698731540       6.589228121105085E-002  5.530750390749658E-003
   2323.71191551956       6.638638818053176E-002  5.974627404413606E-003
   10985.6846177958       6.688153506937068E-002  6.418517952653901E-003
   18115.0384037380       6.742963518178945E-002  5.844660825329721E-003
   84724.9299278150       6.696384033965858E-002  5.370370637470587E-003
   34623.7726034444       6.649815676622130E-002  4.896853581407696E-003
   34954.5945835047       6.603236957326225E-002  4.422323288416024E-003
   41871.0039372908       6.556754433078626E-002  3.947735710145125E-003
   29394.9293932107       6.601342592132255E-002  3.584241501058596E-003
   20956.3891642116       6.646003490297542E-002  3.220661714539080E-003
   48212.6597631496       6.690667330351976E-002  2.858211548478417E-003
   41332.2646599073       6.735332846211385E-002  2.494898964882643E-003
   24719.8418991644       6.589717277886258E-002  1.894275310777318E-003
   4010.43590975079       6.555578119861480E-002  2.357439726803539E-003
   13893.5157898000       6.521345648578357E-002  2.820567890838181E-003
   102665.147963905       6.487128343887749E-002  3.282702283597413E-003
   116409.386771179       6.442159146678757E-002  2.838852216486154E-003
   67528.6642944851       6.397290766968823E-002  2.393687315979906E-003
   2818.31110648279       6.352308436194515E-002  1.948445243529055E-003
   125737.927203466       6.281329150738751E-002  2.690358369411125E-003
   68095.5291062755       6.327764029320505E-002  3.120169624492858E-003
   19885.4369669472       6.374209057400684E-002  3.549086830431806E-003
   31412.5221027724       6.420582339516129E-002  3.979003609722381E-003
   39552.0541459467       6.376254716387067E-002  4.455493886074456E-003
   2487.17065689278       6.331841480506084E-002  4.931041750877298E-003
   4278.08662178486       6.287432096239720E-002  5.407467272119575E-003
   5086.96951968282       6.800325113314204E-002  6.392431354848264E-003
   17038.4901807554       6.847742363315344E-002  5.908315273270811E-003
   62578.2895348965       6.895047238103007E-002  5.424131822722477E-003
   39723.3708806912       6.942456478879670E-002  4.940942294319758E-003
   2996.22313017362       6.989858873027992E-002  4.456706760804908E-003
   18721.8247842847       7.025155058222651E-002  4.921474465121159E-003
   25023.6747999447       7.060341488932087E-002  5.385335638153532E-003
   7399.76740244379       7.095633823002054E-002  5.850131326224219E-003
   2475.73873309337       7.130819427853904E-002  6.315007752761104E-003
   16144.5007724572       7.241550979828343E-002  5.154742589234554E-003
   34379.4542297625       7.193467375159719E-002  4.824974623176339E-003
   29976.6865299792       7.145387117008714E-002  4.494166356084871E-003
   70655.6916986334       7.097407797640919E-002  4.164394381364778E-003
   39159.3876872832       7.049340826444800E-002  3.833566668540151E-003
   3687.34156134130       7.095713778222265E-002  3.422556932629417E-003
   30912.0279468296       7.141964221038806E-002  3.011472085336309E-003
   1473.60676388578       7.188315650733169E-002  2.600441650120448E-003
   961.525123751060       7.234665654908669E-002  2.189452020312520E-003
   30073.8697454976       7.103703454847862E-002  1.793062987167176E-003
   8848.32554197549       7.064819557207294E-002  2.275418412638146E-003
   26125.3840590700       7.025932942904256E-002  2.756715660356120E-003
   70822.2964764003       6.987059363327108E-002  3.239063576020672E-003
   48059.9295434094       6.950702039707661E-002  2.774429861008458E-003
   35359.6803785664       6.914346230052847E-002  2.310649149779339E-003
   3410.05649050491       6.878078623193298E-002  1.845842598225522E-003
   82106.3647213917       6.783421701719837E-002  2.836803820456285E-003
   62223.1095531054       6.831500087222979E-002  3.177847778626559E-003
   59673.4736899593       6.879484235061424E-002  3.519931188850078E-003
   9212.94981488254       6.927572900170771E-002  3.862038139951739E-003
   48341.6047629007       6.881395384985782E-002  4.357932719818201E-003
   34642.4660992990       6.835319616024231E-002  4.853822115265664E-003
   67336.3298313182       6.789136901135732E-002  5.348691877595358E-003
   14111.6081051874       7.357550678844516E-002  6.261650047458073E-003
   16416.5097449515       7.390625290431900E-002  5.811905534514944E-003
   32177.6043400923       7.423788431106151E-002  5.362999744564649E-003
   41359.2349655034       7.456857007853530E-002  4.913130018991183E-003
   14400.9467585661       7.490029774736076E-002  4.464186190584845E-003
   40892.6543988527       7.528075976840294E-002  4.896220422380500E-003
   12686.4521973972       7.566115308856911E-002  5.329265226374838E-003
   9787.73957857656       7.604151077631145E-002  5.761249852332674E-003
   9652.58908013403       7.642177463933572E-002  6.194291296449760E-003
   13851.6965459445       7.741747946454233E-002  5.150410321555765E-003
   8087.54632049856       7.696676172533748E-002  4.791024562500260E-003
   4727.02009410034       7.651708659671035E-002  4.431628367465465E-003
   39294.6596811238       7.606641103463312E-002  4.072341315134297E-003
   28705.2960659465       7.561691153960012E-002  3.712962785957591E-003
   2287.02363714443       7.604829095389644E-002  3.292739555945017E-003
   33045.5407329564       7.648059057414071E-002  2.873405724134667E-003
   24857.7304129872       7.691189435447848E-002  2.453114168519115E-003
   18730.3939036739       7.734420806951353E-002  2.033784224923012E-003
   18746.2377487833       7.606366514771930E-002  1.643848305138276E-003
   15123.7789945836       7.566410234827180E-002  2.094404327478401E-003
   40473.3570302368       7.526552883202849E-002  2.545911008465624E-003
   34807.3845044777       7.486601710017439E-002  2.996550246863071E-003
   20379.1502495081       7.445587682606676E-002  2.565115733941779E-003
   31442.0474099809       7.404575007087230E-002  2.132599078717409E-003
   2199.07664857457       7.363559758151648E-002  1.701097259554142E-003
   46062.6603500698       7.279786234028619E-002  2.578896690274477E-003
   23823.5667893308       7.324799677187828E-002  2.968475363795108E-003
   31390.4093600508       7.369917025894285E-002  3.358010582168216E-003
   19665.7761761775       7.414932755612411E-002  3.747609601110860E-003
   39395.6785270536       7.371639574647068E-002  4.099832488840027E-003
   42181.7789214607       7.328240206403146E-002  4.451089015389999E-003
   71685.3770974306       7.284939063472358E-002  4.803303616341289E-003
   23883.8633160875       7.846110854046731E-002  6.145909775009980E-003
   8182.23371378830       7.882158004096924E-002  5.732454679351096E-003
   39152.8693170248       7.918204388750454E-002  5.319904864391616E-003
   63383.6556021416       7.954255739403245E-002  4.906330077702975E-003
   30934.7274523043       7.990309267032929E-002  4.492678540057774E-003
   62613.3737016594       8.032385682527994E-002  4.887684174917618E-003
   11034.5497942155       8.074556124054046E-002  5.282603518492665E-003
   22497.3386360963       8.116619055196840E-002  5.676457649356047E-003
   34206.0157672828       8.158673041868691E-002  6.071291453544967E-003
   20895.1906156148       8.242108329500661E-002  5.196139854104141E-003
   42926.0256926181       8.200622498290595E-002  4.794949406613436E-003
   9293.76869762273       8.159237050728393E-002  4.393876122925909E-003
   36410.7338626447       8.117755359797685E-002  3.991897853669196E-003
   10695.6413627697       8.076296779204295E-002  3.590849478013381E-003
   9123.31989407999       8.115875506057275E-002  3.192495508443100E-003
   33445.2526040441       8.155449076042814E-002  2.794044667879509E-003
   41460.9675083259       8.194927544456784E-002  2.395602841872192E-003
   28966.8003437505       8.234502884556953E-002  1.996077205492248E-003
   5042.78006634270       8.099962378661013E-002  1.489804306752030E-003
   15781.1421939203       8.062024036132528E-002  1.902852418625280E-003
   50279.6142373187       8.024082115388241E-002  2.316899126046205E-003
   13668.5868421981       7.986148179547338E-002  2.731097295469540E-003
   2002.99132865708       7.944198258608806E-002  2.335971279410263E-003
   18311.3709502818       7.902351236536639E-002  1.940826382924650E-003
   8017.41683959217       7.860406779150278E-002  1.546740470987681E-003
   8767.01427325195       7.775882744423525E-002  2.433017587480519E-003
   4576.23283157828       7.817241790566144E-002  2.833300599548002E-003
   21107.2125756151       7.858699005997939E-002  3.232514388997758E-003
   2541.66271739937       7.900152903907082E-002  3.632747189384653E-003
   17062.1748587255       7.860534623722010E-002  4.012108203419997E-003
   39001.9990023542       7.820906580552575E-002  4.391474141772305E-003
   75710.5810249353       7.781372701077931E-002  4.770840920362621E-003
   25665.3836225602       8.329610749880977E-002  6.030559133479057E-003
   8026.40796443895       8.369708564792099E-002  5.602084630878560E-003
   27110.3211162508       8.409811485410042E-002  5.172580958554982E-003
   47899.8210183180       8.450022840969178E-002  4.744003296744568E-003
   29318.8671891309       8.490132111462273E-002  4.315316271311305E-003
   35713.6133829889       8.528538984002763E-002  4.725181700369269E-003
   4109.19912344230       8.566940684773094E-002  5.135014224291727E-003
   21957.3207605984       8.605339703880606E-002  5.545816919966806E-003
   25621.4000340318       8.643833172992288E-002  5.955567529938123E-003
   8939.70507902060       8.741701347446593E-002  4.928908076298871E-003
   36583.5986559709       8.698908540319399E-002  4.564017159065467E-003
   13890.0661910826       8.656014629188781E-002  4.200266277018425E-003
   13780.8836467186       8.613223630667301E-002  3.836539227380397E-003
   1978.03367107300       8.570444136818643E-002  3.472792481543046E-003
   9815.88223125488       8.611330506287562E-002  3.041998583675170E-003
   13291.6812771913       8.652220543181394E-002  2.612173398866741E-003
   21555.9882274447       8.693211728748537E-002  2.181307696889212E-003
   15182.3075065877       8.734104578195043E-002  1.751408859140745E-003
   571.585800847162       8.609386040303721E-002  1.382032135260073E-003
   9080.10666957613       8.568295512832062E-002  1.811900786714430E-003
   28582.0394561061       8.527299170349588E-002  2.240761366693292E-003
   4043.07161805256       8.486206243213966E-002  2.669733098134175E-003
   9097.84487715723       8.446309439282589E-002  2.260171265716684E-003
   6014.64700146598       8.406412400421694E-002  1.850689186084837E-003
   4877.33774863278       8.366515907767454E-002  1.440238258811519E-003
   10152.1719195960       8.277334459365521E-002  2.375886424259957E-003
   6266.79009950297       8.320258388243762E-002  2.754676227984889E-003
   9574.64394431202       8.363080674653743E-002  3.133434414831159E-003
   26141.1802753098       8.405898895272827E-002  3.512162862648865E-003
   3265.80119217281       8.364985896266142E-002  3.932837049741296E-003
   19382.3956443397       8.324065351569485E-002  4.354524947832816E-003
   51218.9668771709       8.283035711164839E-002  4.775279088465352E-003
   7853.34535432828       8.844367402491210E-002  5.907706186764154E-003
   6067.66329725902       8.880934800685537E-002  5.512936832104381E-003
   4261.15631512298       8.917403934999892E-002  5.117192485507962E-003
   8407.37178230902       8.953878033591307E-002  4.722435390547534E-003
   11534.9203791033       8.990350288333807E-002  4.327617892330007E-003
   5965.55158182848       9.029762689019645E-002  4.704312057375398E-003
   2683.24739255216       9.069274324538183E-002  5.080978129069153E-003
   6232.41550293178       9.108687030654961E-002  5.458667838865363E-003
   6040.56258671508       9.148198242161497E-002  5.835314573095720E-003
   1160.78683193954       9.241683993261932E-002  4.854773239670530E-003
   11063.7640783139       9.202173669409767E-002  4.478066967158854E-003
   3976.66602820386       9.162563733417922E-002  4.102421760167076E-003
   696.151700171645       9.123052180434563E-002  3.725756471707823E-003
   6332.63264308489       9.083544423148890E-002  3.350090216354306E-003
   1309.39872935120       9.120973034763474E-002  2.856025485667935E-003
   2154.86698907078       9.158407279151018E-002  2.362977554246097E-003
   1823.67077641958       9.195940033024323E-002  1.868901147378115E-003
   119.443719858616       9.233372661038046E-002  1.374822867705580E-003
   3586.55850559148       9.128384483620544E-002  1.224822453251906E-003
   899.038839775451       9.080821135378637E-002  1.623262153715495E-003
   1343.47212773506       9.033355109305330E-002  2.020695106108598E-003
   11854.6354596374       8.985788233749629E-002  2.418152503820069E-003
   12446.1904000514       8.942772528542658E-002  2.042315301774251E-003
   8942.82493335660       8.899854127433142E-002  1.666528597882957E-003
   657.437368405030       8.856835166629791E-002  1.289791556633268E-003
   11110.6921904301       8.773706601916961E-002  2.162014378147933E-003
   869.147715344600       8.813408788815702E-002  2.573570399856912E-003
   5165.99766013958       8.853005236628379E-002  2.984139001434137E-003
   21451.4339540445       8.892602476841245E-002  3.395689068752174E-003
   1624.70974479957       8.854903405484497E-002  3.778698720397911E-003
   4683.07434730996       8.817203651801776E-002  4.161738721034912E-003
   14830.3114091432       8.779401615900692E-002  4.544820146511434E-003
   6026.04466893565       9.339743976177607E-002  5.789708320435422E-003
   5814.59134059396       9.377371963561584E-002  5.378584193071935E-003
   4431.83055245300       9.414901801504891E-002  4.967509110124669E-003
   10602.4422929977       9.452530362245563E-002  4.556413305032540E-003
   3478.97855931306       9.490059761734300E-002  4.146337405129883E-003
   15281.4144031223       9.536595470029872E-002  4.536372842669377E-003
   10324.2221200031       9.583132108273482E-002  4.927454872191664E-003
   6351.90761997292       9.629669948805478E-002  5.318563974942367E-003
   6653.37410771828       9.676209117354127E-002  5.709704224744812E-003
   2893.55959830407       9.742188157480834E-002  5.017833037175696E-003
   11971.3892374690       9.700921034626041E-002  4.571501646831835E-003
   2896.89726781026       9.659654255647659E-002  4.125116716267587E-003
   8992.13622358700       9.618383764323475E-002  3.678733768767831E-003
   2626.10925604184       9.577209154930082E-002  3.232339359875910E-003
   10607.1419262313       9.616484837049689E-002  2.882824041186438E-003
   519.631058596091       9.655859723499309E-002  2.532308986988902E-003
   756.049278546139       9.695235204265794E-002  2.182785572473727E-003
   486.528308884241       9.734608627428512E-002  1.832273830153013E-003
   3207.27058142573       9.584991715512252E-002  1.131842652818421E-003
   3276.38501193685       9.551962742820402E-002  1.541853696422954E-003
   11875.3051317775       9.518834761099333E-002  1.951889493387624E-003
   6863.33515206929       9.485801234215024E-002  2.360859526873398E-003
   3638.63801894831       9.436357610426460E-002  1.971533265916903E-003
   5496.65896560544       9.387010680977068E-002  1.581193618803969E-003
   5518.48464107806       9.337563342658889E-002  1.190881667655713E-003
   683.179570561939       9.274720458373667E-002  1.850079946668562E-003
   119.338158518133       9.316067549303632E-002  2.325341557980653E-003
   931.952482790223       9.357411485632532E-002  2.799608920973766E-003
   5207.48952202429       9.398657833662200E-002  3.274899441798917E-003
   139.866104135814       9.359486412470101E-002  3.669355436586114E-003
   5049.95651296725       9.320220148535358E-002  4.064844983948501E-003
   12904.8448556726       9.280952253734107E-002  4.459330901064987E-003
   38956.7366137845      -1.925026636990596E-003  1.250015899655367E-002
   96050.3002491937      -1.443279842373235E-003  1.206934420522367E-002
   174658.368527853      -9.604938164329292E-004  1.163697594843457E-002
   449726.377300618      -4.787143974126887E-004  1.120496924135888E-002
   169933.865517167       4.265893713081438E-006  1.077288485391968E-002
   430606.315120138       3.657494053625284E-004  1.120409751927006E-002
   191530.191112474       7.269359981076058E-004  1.163510402810514E-002
   129571.827712898       1.087071663674641E-003  1.206674325217325E-002
   212402.306909006       1.447891281825641E-003  1.249735124086711E-002
   144952.255472964       2.508917981678706E-003  1.142865703389906E-002
   251034.974118309       2.075000038434672E-003  1.107108964487220E-002
   208256.063564332       1.640198425878764E-003  1.071467104962026E-002
   38881.4834460611       1.206515933714699E-003  1.035745539391256E-002
   178590.806837146       7.736679606141772E-004  9.999868386311908E-003
   31971.9748612488       1.204863173675640E-003  9.597866548314968E-003
   16093.3168778406       1.635948084608289E-003  9.196751227241222E-003
   82790.8480951023       2.067870607578766E-003  8.794456062545629E-003
   81.5636109443870       2.498898741470592E-003  8.392307617513556E-003
   106997.339621667       1.199439330387055E-003  7.930987360567859E-003
   63596.7091973931       7.997279263741614E-004  8.364881244189930E-003
   76274.9029671536       4.009671689689254E-004  8.797712688874446E-003
   74553.8554009663       1.080425262373611E-006  9.230424026464183E-003
   55558.2507727644      -3.602127984491335E-004  8.798527382841981E-003
   16029.5229937126      -7.205843460526440E-004  8.366681846801437E-003
   116582.403238244      -1.081933787530397E-003  7.933743126405563E-003
   68555.2334546079      -2.499948031533586E-003  8.558981337116299E-003
   92081.7921704476      -2.067335446691571E-003  8.919786340874621E-003
   179424.783202336      -1.633973729340719E-003  9.281016258048422E-003
   251420.107326333      -1.201439023286860E-003  9.641153907580673E-003
   148704.976679059      -7.684435012175654E-004  1.000200121944541E-002
   223538.458842984      -1.199313606818301E-003  1.048402996295482E-002
   6761.29187117519      -1.631684490134074E-003  1.096420103355868E-002
   247139.028159540      -2.065550090968278E-003  1.144538403626956E-002
   129185.748905463      -2.498253265440993E-003  1.192657096952886E-002
   86313.2214417253       3.577811490601436E-003  1.248895423183833E-002
   23075.4443369517       3.935273693462206E-003  1.201213021350551E-002
   119237.334585544       4.292093309454198E-003  1.153524773777178E-002
   468404.835957596       4.650337763690960E-003  1.105808420495973E-002
   212732.201795585       5.009122729423174E-003  1.058043181483361E-002
   361750.164407592       5.290946304519432E-003  1.105403012228823E-002
   40013.3125104557       5.570779931422127E-003  1.152756573309957E-002
   111875.423085873       5.851246503313090E-003  1.200093725710312E-002
   91385.4374414536       6.131381374190568E-003  1.247437391888327E-002
   129209.401762483       7.515255160080984E-003  1.107261556554369E-002
   347145.440836465       7.036841274542288E-003  1.079856188127136E-002
   317708.237111193       6.558247980823264E-003  1.052501527823214E-002
   49098.5767665959       6.079574288925397E-003  1.025307910658092E-002
   257788.563127572       5.601951675853248E-003  9.980111449474477E-003
   17085.2648030677       6.076360930052828E-003  9.616687127956394E-003
   153746.621875585       6.550448466385816E-003  9.252834058057196E-003
   108317.878936474       7.024628066061294E-003  8.888978556874981E-003
   27157.5004560365       7.498645596007392E-003  8.524891558665556E-003
   13012.4452869056       6.078131708786573E-003  7.953567781350373E-003
   2635.98176743259       5.719871925732454E-003  8.431644515970024E-003
   148565.773362167       5.361339569414195E-003  8.909596882744458E-003
   168200.275293089       5.003037202262769E-003  9.388044045168645E-003
   95902.4879899419       4.600024747169314E-003  8.914173152968649E-003
   91650.3204666059       4.198146212110498E-003  8.440129760468479E-003
   9074.52166589541       3.795310134036849E-003  7.965998172139577E-003
   38064.9334393039       2.976642029083705E-003  8.791239493484360E-003
   14528.4275761718       3.454264212262307E-003  9.190351720853543E-003
   13453.5489630133       3.932049844080946E-003  9.588276277286582E-003
   130781.078833261       4.410023072062241E-003  9.987026820684622E-003
   109749.877929747       3.935537540607383E-003  1.034745191045540E-002
   341149.547521750       3.459951656082192E-003  1.070767648209232E-002
   420781.357680744       2.984299519206520E-003  1.106733933567559E-002
   20275.5387577479       8.917387685028260E-003  1.245472188389611E-002
   56029.1621396830       9.192660219207255E-003  1.211887333412963E-002
   191314.658481604       9.467591588103995E-003  1.178240353413909E-002
   327881.041604612       9.741943766012709E-003  1.144690554410412E-002
   185336.239413239       1.001746998071468E-002  1.111010191404015E-002
   386056.940615071       1.046833929965917E-002  1.144080734676588E-002
   156048.746872901       1.091860700001457E-002  1.177102299602967E-002
   5577.97296503660       1.136894382471859E-002  1.210172930189082E-002
   214993.102837966       1.181825672409835E-002  1.243192388389131E-002
   81139.0757106918       1.252460591478260E-002  1.171309042261979E-002
   166068.287276251       1.218531928860517E-002  1.126997006718285E-002
   1541.97459988623       1.184603649664252E-002  1.082644541046817E-002
   193216.856431794       1.150797233498595E-002  1.038302253604045E-002
   202460.043555329       1.117018305413944E-002  9.938773583151816E-003
   23999.1577205075       1.150253140643870E-002  9.551833371647448E-003
   112864.176626904       1.183302993624310E-002  9.165281947932724E-003
   53215.1466200470       1.216443548494380E-002  8.777765363465747E-003
   75533.1503112153       1.249569222630605E-002  8.391282291355155E-003
   110562.927498121       1.114060802250170E-002  7.773778664563640E-003
   162477.723044979       1.076010821876995E-002  8.112445152048401E-003
   111497.873395226       1.038041321889628E-002  8.449736402604029E-003
   222116.239325582       1.000013692346280E-002  8.788386203356870E-003
   237672.311869632       9.637313408927628E-003  8.455802538267318E-003
   151377.902018867       9.273989772832411E-003  8.124898031549022E-003
   76319.9766533262       8.910724898897307E-003  7.792973402139207E-003
   133598.001688762       7.836530510617603E-003  8.882829383898935E-003
   84806.6726050883       8.173941377289615E-003  9.241240480339143E-003
   27703.0157884004       8.510314823400592E-003  9.599602201563851E-003
   91484.9744613215       8.848303235613532E-003  9.957364200076362E-003
   159396.574902439       8.515044124295764E-003  1.023601193769356E-002
   280768.034227309       8.182468113766600E-003  1.051382646310160E-002
   470673.133285413       7.848602038945617E-003  1.079274148223772E-002
   22358.8818067411       1.324402633827233E-002  1.241926263015780E-002
   69114.3555828421       1.368519963613541E-002  1.186693002488963E-002
   119559.535798561       1.412727498605246E-002  1.131441239239606E-002
   176973.113396954       1.456930221349461E-002  1.076167958090689E-002
   30895.4318591337       1.501115504279991E-002  1.020851296740439E-002
   104712.626231690       1.540686868952520E-002  1.075146278556251E-002
   53874.5248212158       1.580157382692871E-002  1.129439662233396E-002
   59158.7620773384       1.619731676178504E-002  1.183725467518584E-002
   99517.2174642411       1.659212974632818E-002  1.238009673598195E-002
   157725.160626877       1.752612066482702E-002  1.142236015048845E-002
   48873.2392784858       1.697342059836177E-002  1.104130585883739E-002
   80997.3856691475       1.642066775785188E-002  1.065942903942129E-002
   243985.966488889       1.586797983165883E-002  1.027866495341104E-002
   209299.570751613       1.531591210396598E-002  9.896712390243581E-003
   13771.3265887833       1.585875182341352E-002  9.464355537709681E-003
   53641.8465742362       1.640033590991729E-002  9.033144941001768E-003
   103340.496945841       1.694211273614074E-002  8.601707973523715E-003
   55258.1887941480       1.748441526556159E-002  8.172152166074177E-003
   134879.395562948       1.625223331311541E-002  7.929888825152744E-003
   85441.1152488566       1.583545105904931E-002  8.484275133931279E-003
   4585.03374501259       1.542033791874669E-002  9.038803225172028E-003
   339355.575915617       1.500460371298431E-002  9.592703762236322E-003
   196444.138488398       1.461691702771689E-002  9.048625829264932E-003
   22477.8673599628       1.422961957640230E-002  8.503702796384431E-003
   215725.235510039       1.384041081462021E-002  7.959069095144388E-003
   413686.718270914       1.304730736550041E-002  8.767678178151512E-003
   297184.337317906       1.359804141657745E-002  9.146330839509680E-003
   226455.002850224       1.414859831870354E-002  9.524457423612256E-003
   54432.6427089916       1.469982687230121E-002  9.903982342459665E-003
   105669.416615397       1.415632416101546E-002  1.035687924205529E-002
   103350.553898531       1.361249658249975E-002  1.080940726221071E-002
   108943.063340483       1.306855019447543E-002  1.126175383755940E-002
   32490.2648299443       1.848376585879339E-002  1.235519737542373E-002
   21265.1330188671       1.886715055373020E-002  1.195627224949927E-002
   139814.184303846       1.925104286468607E-002  1.155687296975045E-002
   196182.016208772       1.963395976786977E-002  1.115743255108612E-002
   25597.1227775291       2.001804911440510E-002  1.075912452362354E-002
   173598.155374927       2.037230112849127E-002  1.114675330254176E-002
   31671.5365803844       2.072528706497965E-002  1.153545452700160E-002
   39783.2300777525       2.107921463123776E-002  1.192395997181378E-002
   17650.3650354434       2.143311823301638E-002  1.231231622693631E-002
   14059.7036221242       2.252542740202339E-002  1.118711945311320E-002
   74315.8250262804       2.212618698061318E-002  1.084499167415313E-002
   9155.20744895016       2.172689063340608E-002  1.050315628767365E-002
   107873.058894309       2.132769754456947E-002  1.016245563339665E-002
   126656.287785944       2.093003688640668E-002  9.820478583586707E-003
   63140.9887305665       2.131743706999102E-002  9.385093630049369E-003
   57280.7650659255       2.170518864178824E-002  8.950218796912490E-003
   17767.5209428209       2.209297430750191E-002  8.514447232013878E-003
   9183.95589052259       2.248074882458281E-002  8.078777929516025E-003
   16641.1306875917       2.126427281274752E-002  7.709423106984304E-003
   18846.2147741264       2.084002331424481E-002  8.109714721836905E-003
   55248.0791099090       2.041668275888180E-002  8.509780753016227E-003
   228075.277436040       1.999275301395408E-002  8.909284982753314E-003
   222768.134427883       1.956417116558858E-002  8.522191475003845E-003
   196149.904930282       1.913673964947560E-002  8.133665484396958E-003
   32892.0397729079       1.870820917670362E-002  7.744965106888496E-003
   157205.475719775       1.788342103593929E-002  8.589993197643574E-003
   17284.4558822090       1.828232594917300E-002  9.009317625433942E-003
   26540.2244468155       1.868157789571029E-002  9.427557744531410E-003
   120302.272040429       1.908016824759576E-002  9.846739386027306E-003
   5167.41367449919       1.869267073606281E-002  1.024127794417088E-002
   46285.0656523845       1.830378585289191E-002  1.063455746834647E-002
   130087.269701883       1.791479014346117E-002  1.102873574500002E-002
   45368.6030194032       2.365059206904158E-002  1.227920541793953E-002
   54273.3605824649       2.399125637111965E-002  1.177236084259595E-002
   24707.4933575038       2.433187550680601E-002  1.126441992538746E-002
   49642.7188484761       2.467175523908083E-002  1.075753318132138E-002
   33775.5554816129       2.501268173084166E-002  1.024932903979140E-002
   49955.1810977831       2.535965961343066E-002  1.074677914198038E-002
   39545.0168319906       2.570647103599995E-002  1.124318652107275E-002
   54626.3531719736       2.605321335560410E-002  1.174058303236990E-002
   22750.2232558466       2.639987091586483E-002  1.223701425552739E-002
   38279.6133010811       2.752606231822146E-002  1.107546326968769E-002
   9881.04509352778       2.701882118082781E-002  1.074429991212920E-002
   14517.6050850435       2.651053057003418E-002  1.041332082715752E-002
   102500.758290454       2.600324752352314E-002  1.008249206425059E-002
   22668.9601477212       2.549529157544286E-002  9.751693988700559E-003
   45636.7354198060       2.599300734738761E-002  9.388079713180883E-003
   36652.8313906618       2.648946349927210E-002  9.024329827890077E-003
   29710.0999007571       2.698700282336923E-002  8.660698344595520E-003
   45036.3488455766       2.748340419089795E-002  8.296939104593889E-003
   39080.1331389574       2.604287801397542E-002  7.744974046756718E-003
   4472.54599464282       2.569461680868804E-002  8.253461069585723E-003
   52096.0532389213       2.534626930463360E-002  8.760867365524243E-003
   116462.201804443       2.499813628504655E-002  9.269443459396709E-003
   98529.1378596418       2.456092578556175E-002  8.773172566904680E-003
   86460.6971437620       2.412471577394421E-002  8.277848193792141E-003
   22101.1154307007       2.368745085248976E-002  7.781515638464321E-003
   111264.563265659       2.298902791987872E-002  8.500983607849866E-003
   81816.8991456137       2.349816670497941E-002  8.923335002553771E-003
   91560.6994975426       2.400632088981176E-002  9.344615468303544E-003
   61992.2011990838       2.451553170440889E-002  9.766798725737763E-003
   83484.2368566290       2.401756015295521E-002  1.012187701519388E-002
   93562.7447145422       2.352045656017191E-002  1.047611059702991E-002
   137823.153225311       2.302232734143844E-002  1.083144932190194E-002
   50522.6989774735       2.868731114309001E-002  1.220118887319813E-002
   43625.9711101430       2.902070842710338E-002  1.181936024812965E-002
   66068.6112949463       2.935386779428396E-002  1.143623384840089E-002
   77499.0479691150       2.968720311529829E-002  1.105411485512050E-002
   25546.1887310504       3.002046674681430E-002  1.067078563798783E-002
   75374.4321370555       3.041283754696165E-002  1.104228353466603E-002
   4360.07525588616       3.080409289651128E-002  1.141276629484666E-002
   54922.4074411782       3.119633689774443E-002  1.178409144963772E-002
   24570.5291650240       3.158756719199476E-002  1.215428227558739E-002
   80200.6566625523       3.252947133220033E-002  1.118053665574899E-002
   2259.05351842396       3.214614089519885E-002  1.080193373321008E-002
   51736.3870326184       3.176177517159468E-002  1.042254304544028E-002
   112476.281472615       3.137853435287508E-002  1.004416963453639E-002
   24094.2760536860       3.099460410238120E-002  9.664650567054718E-003
   70746.6135079754       3.136486172035505E-002  9.161773872871848E-003
   25401.7890125988       3.173355003826331E-002  8.657537083659270E-003
   43548.6411116046       3.210324788494335E-002  8.154345231412166E-003
   64971.6607722160       3.247178935485277E-002  7.651179034524530E-003
   48366.3546036339       3.146180314799300E-002  7.533879904805994E-003
   89672.5152713076       3.097128725680676E-002  7.920018150262255E-003
   19156.8226365403       3.047961857824630E-002  8.304953144637127E-003
   160555.963788758       2.998923587610775E-002  8.691192660454877E-003
   155402.668328997       2.962774092933435E-002  8.318827193223095E-003
   96827.0898130575       2.926607611451960E-002  7.947621122795179E-003
   44968.9611560550       2.890437950407311E-002  7.575364179275831E-003
   120984.496728373       2.786587451954040E-002  8.646717532150525E-003
   85074.1770136862       2.824918223356332E-002  8.996718745130465E-003
   44154.6635115441       2.863151474933457E-002  9.346737170346770E-003
   77857.4497415609       2.901511602155866E-002  9.696532048026896E-003
   8113.96566204548       2.864241540950765E-002  1.004111527627126E-002
   26560.3622605667       2.827065395850263E-002  1.038577593057974E-002
   110059.033190077       2.789773058154672E-002  1.073042104244873E-002
   97808.1535459313       3.350285610033121E-002  1.212188816071388E-002
   118283.882163417       3.388040403332392E-002  1.165216861354073E-002
   52965.2496394289       3.425878788808225E-002  1.118213134776148E-002
   134251.708265389       3.463646466491262E-002  1.071206131515314E-002
   67487.1444016138       3.501516699966443E-002  1.024060804592081E-002
   162221.839423748       3.556085979723541E-002  1.069581558396186E-002
   31242.0971336435       3.610564995825475E-002  1.114983031512449E-002
   51512.8542466403       3.665166731489135E-002  1.160333018403113E-002
   43485.1763855470       3.719740176948103E-002  1.205670614381619E-002
   22252.8387610813       3.754371412627834E-002  1.169694683442610E-002
   21939.8226658761       3.706923637158882E-002  1.116910571761676E-002
   28484.3982294334       3.659503310057080E-002  1.064133037202021E-002
   127982.930259366       3.612116663585501E-002  1.011443795894308E-002
   98234.2136625482       3.564697629619167E-002  9.586067642908603E-003
   4827.94914250986       3.610507757759516E-002  9.188314007583036E-003
   5704.74243596172       3.656158524547487E-002  8.790341476854986E-003
   40208.2947453201       3.701792898745119E-002  8.391444010675637E-003
   49845.5962877161       3.747432369412053E-002  7.993772253714965E-003
   28554.4722688197       3.613347731438488E-002  7.540246760170828E-003
   73514.4870574505       3.575253324879427E-002  8.011681936022308E-003
   107865.785126134       3.537262204621250E-002  8.482884356488810E-003
   175213.866104277       3.499279766231785E-002  8.954862822578897E-003
   206641.278991253       3.448844255235458E-002  8.498427986800150E-003
   90675.4653602829       3.398304881191593E-002  8.043030712053662E-003
   68792.6001902549       3.347873318196048E-002  7.587382206787136E-003
   91135.9814318548       3.294365776142067E-002  8.140253400747833E-003
   57906.8009566304       3.341558212421954E-002  8.629485921938521E-003
   36075.4861198350       3.388765027604137E-002  9.119730204173658E-003
   79057.0046305484       3.436123641761597E-002  9.608618923574412E-003
   25658.2154928410       3.390286601012212E-002  1.000186904293401E-002
   49562.3206658929       3.344505752633519E-002  1.039412759041664E-002
   177529.084465102       3.298707534740747E-002  1.078748223835703E-002
   46147.5452848809       3.790314963998029E-002  1.204310841200089E-002
   150236.508163550       3.843329407312585E-002  1.164917757213820E-002
   188809.663719903       3.896343717129963E-002  1.125403517930686E-002
   202087.288730578       3.949243390094859E-002  1.085966243962704E-002
   49147.6372807571       4.002233130721618E-002  1.046517494969181E-002
   120038.160694214       4.047527430862741E-002  1.083993951460708E-002
   8113.31157167951       4.092793997191972E-002  1.121497766607208E-002
   799.181105271692       4.138065713564887E-002  1.159085724036365E-002
   89470.1140651069       4.183424263294581E-002  1.196570748698042E-002
   7125.24295789773       4.253876161181009E-002  1.123256107556911E-002
   42738.9118771980       4.214577126013160E-002  1.079429539653339E-002
   25259.0874604267       4.175182954201951E-002  1.035716299143311E-002
   59762.3555577474       4.135886751261774E-002  9.920118895373694E-003
   108373.655494818       4.096636234350109E-002  9.482756679050627E-003
   13766.2591287562       4.134461083616741E-002  9.181964207990169E-003
   11941.4854809129       4.172251650918690E-002  8.880037484068093E-003
   28129.5806051079       4.210141071199517E-002  8.579185355535394E-003
   28246.2959961764       4.247938512658592E-002  8.277580872096846E-003
   6001.68825115623       4.084076229454268E-002  7.368509895902205E-003
   17726.8666379478       4.055561240306692E-002  7.759516438053099E-003
   33770.5680254453       4.026949540451707E-002  8.149468337657610E-003
   125602.037765132       3.998461244460408E-002  8.539477868918404E-003
   135999.587606777       3.958857663981604E-002  8.163167907307199E-003
   91480.1138624384       3.919250773266037E-002  7.786756900187715E-003
   13366.8608161909       3.879535141145467E-002  7.409277778433378E-003
   102126.077027766       3.786560196422661E-002  8.375168320268413E-003
   36198.8199871017       3.825780777413627E-002  8.757816974968701E-003
   6662.95864560797       3.864912570030127E-002  9.139491478319630E-003
   17646.9968899157       3.904067417529799E-002  9.521087132070642E-003
   23980.9267846867       3.866720507969898E-002  1.006540318112661E-002
   21888.3549609534       3.829333027914544E-002  1.060852267010078E-002
   117923.354482645       3.791816004800622E-002  1.115260160808650E-002
   35435.8811727884       4.327197058502251E-002  1.193683646861068E-002
   88353.0445186592       4.371071444972990E-002  1.156277627337319E-002
   84873.5859225186       4.414839308182236E-002  1.118869207265953E-002
   104866.168561786       4.458599867798108E-002  1.081356201139243E-002
   21411.3998728920       4.502368460300321E-002  1.043952233824107E-002
   88287.1541798751       4.548340738548493E-002  1.079493630932304E-002
   13333.2135265211       4.594201000989784E-002  1.115148128260260E-002
   32226.2652640567       4.640164743232789E-002  1.150683438867630E-002
   37076.5467156852       4.686009816088704E-002  1.186225489542677E-002
   38698.2864342830       4.753959353364445E-002  1.115381527174565E-002
   2800.57277711609       4.716506921006711E-002  1.071065258488957E-002
   4458.96903287467       4.679067451980027E-002  1.026646105380198E-002
   54256.7965818349       4.641531399314750E-002  9.823365833157884E-003
   63133.9655603182       4.604124838926855E-002  9.379035075846007E-003
   3641.64797296732       4.639804199564040E-002  8.966582817586796E-003
   33734.5033683480       4.675557868971894E-002  8.552951806305770E-003
   3802.28345615230       4.711214851454637E-002  8.140393953890384E-003
   3339.90043598970       4.746865074239633E-002  7.726845597339571E-003
   30109.9205243926       4.617432801153797E-002  7.240674117699510E-003
   3843.47572052056       4.577697086248753E-002  7.614085188886759E-003
   19878.3972465144       4.537860252453294E-002  7.988422724346382E-003
   67093.8398689125       4.498135971810676E-002  8.361856822879652E-003
   44532.4478910045       4.468111186437237E-002  8.002953653826748E-003
   42129.8588714060       4.437989437518980E-002  7.642926629976102E-003
   13652.4237431656       4.407959653527372E-002  7.283901023075621E-003
   75417.4004822650       4.285026075913166E-002  8.563988747606152E-003
   35014.8460608423       4.322098890034189E-002  8.849613996847401E-003
   29497.2334119814       4.359282276043055E-002  9.136195204180813E-003
   47264.6714629390       4.396362513083448E-002  9.421895464205295E-003
   14204.0403918093       4.360779387405495E-002  9.874382931474230E-003
   35976.1246423145       4.325080263238761E-002  1.032678428126078E-002
   43892.6657843937       4.289478692228028E-002  1.077916551087146E-002
   19133.3754017457       4.824780544697870E-002  1.183306010953015E-002
   72013.8297303740       4.869217384477947E-002  1.150179916609117E-002
   105595.008973940       4.913752389303467E-002  1.116941982329419E-002
   101881.418209128       4.958190673992465E-002  1.083801197367909E-002
   29455.3193630803       5.002723064398674E-002  1.050648181246997E-002
   61069.2502104802       5.046620302068852E-002  1.081901839977313E-002
   8633.34212874354       5.090600875652414E-002  1.113167195881368E-002
   7201.72113169125       5.134487718171585E-002  1.144518539074067E-002
   14410.7998412337       5.178356818064014E-002  1.175771082775569E-002
   16904.6772033248       5.253804392689233E-002  1.097029565483874E-002
   5043.45538472202       5.220675799060390E-002  1.054543528318902E-002
   11912.5023308027       5.187459753449647E-002  1.012058331729116E-002
   63507.4856439121       5.154341668876975E-002  9.694778346393042E-003
   39945.5361002451       5.121256035556291E-002  9.269757389255218E-003
   13274.1336935492       5.152561285524004E-002  8.832120468367401E-003
   38026.5700803855       5.183839179165852E-002  8.393278809880760E-003
   32554.6739941896       5.215224180414580E-002  7.955440774241530E-003
   23372.1138682030       5.246508409216439E-002  7.517607612827272E-003
   30270.1421593290       5.124968798978735E-002  7.090480771194671E-003
   20761.6681793181       5.082561597193924E-002  7.422617125859910E-003
   50479.0048082447       5.040047102919774E-002  7.753699661703618E-003
   54826.3278331301       4.997652042821250E-002  8.084982637276934E-003
   53441.7011211215       4.956491766472064E-002  7.771673456948632E-003
   72626.3137710021       4.915237297938106E-002  7.458322032103356E-003
   38982.6962360666       4.874078385305500E-002  7.143977329124014E-003
   43809.7048454217       4.779907309075720E-002  8.125883086202032E-003
   14744.8368922026       4.813038483728832E-002  8.524024287887781E-003
   22212.0763680739       4.846078541700360E-002  8.923136034809060E-003
   616.353917154302       4.879114348014510E-002  9.321281040817123E-003
   10010.4070128679       4.847862652264433E-002  9.779866612390208E-003
   24725.8356452296       4.816602597748336E-002  1.023746248594518E-002
   72601.6667098030       4.785233283595678E-002  1.069607895087222E-002
   35917.0065311803       5.332511607170282E-002  1.172440933454752E-002
   4016.02875752632       5.374690413673652E-002  1.123045415082500E-002
   76860.9916590416       5.416869758490039E-002  1.073540973212147E-002
   127412.784912066       5.459164720821538E-002  1.024127669840038E-002
   52401.8948640790       5.501357406677484E-002  9.745934930002571E-003
   97721.2258173657       5.543355066016702E-002  1.022261948359390E-002
   20922.9895795398       5.585335279878583E-002  1.069827342512884E-002
   17077.9458566467       5.627212576559464E-002  1.117484603750898E-002
   3843.89705676058       5.669166105500917E-002  1.165049897257929E-002
   20628.4104268495       5.753741501834483E-002  1.076652031257804E-002
   28650.6119044730       5.704329185428784E-002  1.036841320100687E-002
   22853.3506694297       5.654821170965990E-002  9.971420972947731E-003
   70964.1951424484       5.605410610050365E-002  9.573574396992954E-003
   74048.1005771620       5.555939533180680E-002  9.175605441317783E-003
   41917.3648096169       5.603713062199013E-002  8.782966575138551E-003
   67087.1142900838       5.651372150008330E-002  8.390272178755792E-003
   47926.8105569219       5.699131025124655E-002  7.997585874860559E-003
   33495.3578595048       5.746786828672035E-002  7.604917681975370E-003
   28534.9831320672       5.610346122317261E-002  7.147947581308333E-003
   23339.7795447803       5.573216243725151E-002  7.642318605137444E-003
   50288.3188812410       5.536079532796510E-002  8.135659716628919E-003
   45326.5475856668       5.498949753965804E-002  8.630079109027869E-003
   20045.8277505575       5.454815401919056E-002  8.153661974499278E-003
   47126.2283772867       5.410590808339621E-002  7.678146985411274E-003
   15188.1997243125       5.366459828565541E-002  7.201620104821647E-003
   51678.7815861432       5.295927608248280E-002  7.937918205923451E-003
   12017.5383772357       5.345435428558293E-002  8.358368717871155E-003
   32862.0429361249       5.394852686269774E-002  8.779763374335033E-003
   29866.6239374575       5.444366875567525E-002  9.200148697927046E-003
   48733.7074458705       5.396695077195758E-002  9.642384489120677E-003
   85159.1113637557       5.349099401582349E-002  1.008554418162741E-002
   139377.292903794       5.301393649011514E-002  1.052777891477899E-002
   7016.13243749659       5.842113359311504E-002  1.161201160533597E-002
   20787.7414243300       5.882231440187868E-002  1.124528015329852E-002
   86116.2060667524       5.922245977058905E-002  1.087742576902946E-002
   108878.850044094       5.962369023608013E-002  1.051048475307455E-002
   44524.9437371792       6.002488972014245E-002  1.014243439145081E-002
   79100.0614090655       6.035114779156971E-002  1.049400969761705E-002
   9125.16624346436       6.067818503848522E-002  1.084469780030274E-002
   5371.03476712787       6.100425122275063E-002  1.119632106262338E-002
   27397.5724030073       6.133125203260766E-002  1.154690138145925E-002
   4078.90207097275       6.252930945214334E-002  1.029360073741209E-002
   33596.1894268051       6.216413364329965E-002  9.982768778177071E-003
   17838.0307368808       6.179799097118632E-002  9.673024034102551E-003
   36431.5655982015       6.143281853047515E-002  9.362338863042226E-003
   45735.8673538860       6.106693275911726E-002  9.052501357904960E-003
   9631.55916227840       6.141554082389272E-002  8.578581584499530E-003
   33420.5930123079       6.176298868204103E-002  8.105542494044153E-003
   8287.82981682601       6.211145878874531E-002  7.631520768518474E-003
   5196.92613457411       6.245885243359776E-002  7.158429162533010E-003
   39784.0183697569       6.134982837148602E-002  6.903522184517690E-003
   6113.81947032611       6.089204492767334E-002  7.273008424384286E-003
   30895.9389470840       6.043518018091012E-002  7.641384639757760E-003
   40180.0160230817       5.997746328845838E-002  8.010915921245986E-003
   37232.2670856948       5.958763660094013E-002  7.660551496458250E-003
   42773.2235209943       5.919782744860117E-002  7.311212160564440E-003
   10589.3384194500       5.880798550729250E-002  6.960893687214314E-003
   28705.2589754330       5.783433784999003E-002  7.978739841974961E-003
   7045.65325287694       5.820168749246470E-002  8.352670260839780E-003
   10959.1709260095       5.856807330065258E-002  8.726569235571836E-003
   8019.58900197732       5.893549108319279E-002  9.100408771224649E-003
   6939.20995008139       5.858562325904369E-002  9.517140504763705E-003
   37107.4323843852       5.823661795236169E-002  9.933838026998990E-003
   98740.2454252207       5.788647409577471E-002  1.034957588959647E-002
   2928.87278678592       6.378263809903145E-002  1.149130934342669E-002
   19504.2376434850       6.409348519563375E-002  1.112221382191549E-002
   50242.7615140754       6.440326161114732E-002  1.075305002801907E-002
   54766.9094364345       6.471408109579858E-002  1.038386282765482E-002
   12278.8420948496       6.502388495983578E-002  1.001463947197897E-002
   46449.7848180905       6.549225331492393E-002  1.036580358743633E-002
   18444.9805601309       6.596050399908232E-002  1.071707224311279E-002
   12392.6636150182       6.642883308334362E-002  1.106817385008381E-002
   21701.3091453965       6.689701845892695E-002  1.141930920208342E-002
   15675.4051053428       6.754161459528515E-002  1.074393667067264E-002
   46204.5479134026       6.716895228812590E-002  1.029270271421152E-002
   26656.4607982245       6.679645460798304E-002  9.841357549282096E-003
   70297.9792435978       6.642395762321185E-002  9.390049732458472E-003
   39832.2088668500       6.605172723240584E-002  8.938532439042902E-003
   4280.15257105192       6.640276545337183E-002  8.445378409420567E-003
   45405.7709544349       6.675357869475648E-002  7.952047430060800E-003
   26134.9255655534       6.710444611207188E-002  7.459731136132730E-003
   34185.8120847301       6.745525243310281E-002  6.966381021654921E-003
   54843.2631170464       6.640490467298214E-002  6.791713100498825E-003
   28634.4866639557       6.592931690873245E-002  7.164857714800912E-003
   52019.8935590068       6.545268578089880E-002  7.537926119486500E-003
   52526.8174346744       6.497620351366473E-002  7.911146959585783E-003
   54463.4469193556       6.450218250806299E-002  7.559973617185369E-003
   78356.7310705406       6.402924270321037E-002  7.208674207608762E-003
   44925.7244688986       6.355528626562555E-002  6.857407755144314E-003
   56606.2284260299       6.283118443912653E-002  7.614976321074565E-003
   20375.3337661102       6.320350908292141E-002  8.072636973859210E-003
   26601.6717164843       6.357589735979532E-002  8.529263122064739E-003
   17266.5450137271       6.394828775833125E-002  8.986936754365765E-003
   38973.3903298338       6.359354494575860E-002  9.313066331391484E-003
   42726.3783119279       6.323881197295547E-002  9.640217632524886E-003
   63772.8640660025       6.288401211569819E-002  9.966354198783991E-003
   21152.3713350660       6.821659828940248E-002  1.138811294120524E-002
   3597.03616896315       6.866526604764513E-002  1.088464010309948E-002
   87667.8165919524       6.911395005495495E-002  1.038011101238675E-002
   103914.922582855       6.956281816027671E-002  9.876572823601236E-003
   43138.0335938543       7.001164617041916E-002  9.371835931426091E-003
   62518.6502128903       7.041953618687299E-002  9.856129807850155E-003
   49408.4259661220       7.082725007616533E-002  1.033927305381699E-002
   49414.1723451324       7.123484502012595E-002  1.082336377277650E-002
   41271.6063153537       7.164108838021668E-002  1.130666664396169E-002
   46228.2689731033       7.253654146293352E-002  1.036831677263159E-002
   32869.1190281320       7.203415029274360E-002  9.985101268589675E-003
   18490.0039916642       7.153074042102663E-002  9.601059824597491E-003
   82021.6991846636       7.102832585780791E-002  9.217258269246430E-003
   32888.5183278816       7.052530590130243E-002  8.833477061273676E-003
   54857.6597533656       7.101155369641024E-002  8.480378113088615E-003
   129463.356690219       7.149681554040987E-002  8.128108219895460E-003
   123675.061666656       7.198306090412110E-002  7.774722898391416E-003
   77013.1773886094       7.246825174103115E-002  7.422234577181635E-003
   4712.42401791370       7.097871013062747E-002  6.815701239581419E-003
   15067.0909877817       7.064810598960949E-002  7.317385137971373E-003
   105820.670091913       7.031828520034772E-002  7.818026060858027E-003
   24149.3940171152       6.998746650695242E-002  8.319979639509005E-003
   22984.5354240514       6.949102205530848E-002  7.837637311470422E-003
   61498.0888159669       6.899469518803497E-002  7.356239910154061E-003
   27712.2153340988       6.849935658310578E-002  6.873887520059897E-003
   37523.7041013600       6.795942068344804E-002  7.439668830635579E-003
   20639.1946475674       6.846454450756201E-002  7.911895218013165E-003
   83888.9077409090       6.896872356911214E-002  8.385032023853311E-003
   36224.0896460650       6.947366719488733E-002  8.858266738416394E-003
   85569.9814225103       6.899022840571163E-002  9.329580876918327E-003
   97610.8934645970       6.850765515146390E-002  9.800878914913986E-003
   155800.151798210       6.802403247944494E-002  1.027225551637925E-002
   62968.7773459282       7.347435733799523E-002  1.126356214774633E-002
   36073.5160099155       7.385930363666630E-002  1.081790960135606E-002
   66172.8234235482       7.424531443329664E-002  1.037211038553676E-002
   118272.469028176       7.463151638281409E-002  9.926238106496782E-003
   74985.5166202087       7.501768763799287E-002  9.479068469395252E-003
   116833.089415845       7.547640342639544E-002  9.906187289135506E-003
   18843.9610938917       7.593604737712233E-002  1.033209322717916E-002
   37048.5474936437       7.639461007986226E-002  1.075782513651144E-002
   58361.5777933437       7.685290371031271E-002  1.118355487642471E-002
   34865.2475100045       7.754282329553877E-002  1.045986711963552E-002
   65749.7091435540       7.709490442159357E-002  1.002250191344168E-002
   7663.56318362653       7.664699450036772E-002  9.585418453730609E-003
   78194.7460216897       7.619919992649052E-002  9.147454701139876E-003
   6351.73301782433       7.575087101004627E-002  8.710339878965988E-003
   18673.3263356487       7.618022531416851E-002  8.330378735092890E-003
   75298.8327387691       7.660861881761401E-002  7.950333234348145E-003
   96033.8493458608       7.703706178885847E-002  7.570212023921392E-003
   69179.7888487578       7.746548517034538E-002  7.189979624498659E-003
   933.562198194052       7.606212711594668E-002  6.639742859482506E-003
   29628.8805359554       7.570233913477599E-002  7.085173779096051E-003
   87002.8915833418       7.534243719538916E-002  7.530629425119546E-003
   20268.5134976331       7.498258726757009E-002  7.977293860560947E-003
   43812.0640172126       7.463013860564988E-002  7.547574720719400E-003
   15445.7644577225       7.427879419786679E-002  7.118936652502288E-003
   5813.56838273043       7.392650283144245E-002  6.690393057783067E-003
   31008.2139171319       7.291342615739493E-002  7.752685633589210E-003
   30769.3300248330       7.335849666144949E-002  8.084190847704278E-003
   21661.6469539668       7.380354026286159E-002  8.414538244650719E-003
   32804.9819326565       7.424944436428450E-002  8.745824107780282E-003
   19683.0165249293       7.382068345901975E-002  9.151531861537590E-003
   70287.6236430240       7.339268218581510E-002  9.557265381770045E-003
   151653.513040932       7.296454045663105E-002  9.963095078871744E-003
   52266.1496300926       7.826625836280737E-002  1.114988623945614E-002
   26636.0535961191       7.870336316475952E-002  1.067980871331228E-002
   51045.2064070738       7.914071627296923E-002  1.021070996701356E-002
   100167.092145416       7.957918384955427E-002  9.740458187119605E-003
   61363.3895883903       8.001656666765053E-002  9.269872341330291E-003
   43139.8152472428       8.032284772765602E-002  9.722491967560934E-003
   13906.7653331573       8.062897645692108E-002  1.017501090086770E-002
   59786.3302225485       8.093491179179271E-002  1.062655351042839E-002
   46431.1072025764       8.123984280544574E-002  1.107908448229013E-002
   33380.6525256089       8.252886523349154E-002  9.727075311547350E-003
   102804.283122281       8.206183252179283E-002  9.444046913665726E-003
   71186.9265546229       8.159565529671731E-002  9.160249390073752E-003
   26270.5944801033       8.112850023078326E-002  8.876610718517598E-003
   21957.2912397079       8.066149644586409E-002  8.593101544567997E-003
   36215.5259114174       8.111162753634883E-002  8.171641665841051E-003
   35584.8633981215       8.156191563954991E-002  7.749134381456745E-003
   55959.2207437582       8.201133599280865E-002  7.327566861997000E-003
   39041.2789567981       8.246169307296482E-002  6.905753089863735E-003
   10554.4600782375       8.118669378303944E-002  6.540623810269522E-003
   18538.6793343887       8.078650038866267E-002  7.008976988603369E-003
   86350.0072966473       8.038520279258550E-002  7.478418364704694E-003
   28233.9838321132       7.998496984580394E-002  7.948135011539736E-003
   31351.0123655887       7.960380456350977E-002  7.497255589377027E-003
   21460.6606029232       7.922272899781294E-002  7.046505359155360E-003
   27119.3698102415       7.884179694521391E-002  6.596779957712228E-003
   56312.2958203651       7.793443160265585E-002  7.548855186635162E-003
   45480.6686441061       7.840234817613791E-002  7.907681668669595E-003
   2686.40321040251       7.887126520757780E-002  8.266307334904679E-003
   44419.9221090248       7.934003488835405E-002  8.624850751769631E-003
   17018.0784480119       7.889076876194261E-002  9.083246892253363E-003
   34703.9303542614       7.844121281525503E-002  9.542612120916321E-003
   104420.732022468       7.799247590007044E-002  1.000105969373233E-002
   24846.2346662297       8.388089043695202E-002  1.101640393442153E-002
   28446.4847691571       8.416305858385163E-002  1.051671764315038E-002
   16752.0467757271       8.444632648734274E-002  1.001607109106973E-002
   6025.44695992774       8.472973646325921E-002  9.516449066578727E-003
   35203.7901762865       8.501322079334846E-002  9.016698975513280E-003
   25256.4914778195       8.543299882609054E-002  9.499848015620864E-003
   1266.07342108100       8.585375998462122E-002  9.982825379268784E-003
   33637.2062755700       8.627343772231405E-002  1.046682589981567E-002
   30377.4809914210       8.669402400886039E-002  1.094980764708505E-002
   9011.87214902259       8.753921616423423E-002  1.006359295398930E-002
   46157.1599690841       8.703655352125195E-002  9.666349675460087E-003
   18462.8264186186       8.653283735676207E-002  9.270305024001399E-003
   5783.66898534614       8.603012869537544E-002  8.873315477892016E-003
   33477.7171371702       8.552757435402557E-002  8.477358934821962E-003
   5798.11729497011       8.601161816339406E-002  8.092002409251231E-003
   24356.3068677766       8.649574094261536E-002  7.706569995852997E-003
   24831.6600085282       8.698086482077527E-002  7.321027516821304E-003
   9457.00452756045       8.746488412419069E-002  6.934362161114907E-003
   21348.8860606509       8.607516248574411E-002  6.457176601321106E-003
   16043.5572888343       8.571296652727432E-002  6.959753042733828E-003
   13892.7496357751       8.535064092870695E-002  7.461309298597844E-003
   24598.8267067858       8.498826466802278E-002  7.962949851157950E-003
   23769.3248253725       8.456538114130344E-002  7.479914547679939E-003
   4967.73239830838       8.414148400355775E-002  6.997158885921569E-003
   28935.1612533156       8.371868826587291E-002  6.513400145785120E-003
   40526.8006210396       8.296455675415211E-002  7.304830745124932E-003
   16448.4519559589       8.346844900913077E-002  7.703739189974251E-003
   16257.4695564742       8.397131724387245E-002  8.103546830603773E-003
   64092.1787728816       8.447398494358586E-002  8.502298135788434E-003
   27392.4432675907       8.398799390422033E-002  8.808531743405915E-003
   46634.2860380561       8.350194652073081E-002  9.114936974583019E-003
   53686.1592322180       8.301490774644286E-002  9.421482480439928E-003
   7436.47453122085       8.842546245716965E-002  1.090895542648153E-002
   3460.99761230836       8.882508663806610E-002  1.050846365815532E-002
   2845.73521709950       8.922376329031315E-002  1.010800078626117E-002
   612.088886183805       8.962343006754415E-002  9.706493081167949E-003
   8073.29390928675       9.002206727876573E-002  9.305913456355194E-003
   9139.55903484356       9.049817662829519E-002  9.685726038553621E-003
   8346.15852200054       9.097529747237895E-002  1.006653625142438E-002
   8480.52792032677       9.145138997244542E-002  1.044638574613591E-002
   358.297911927096       9.192749447028545E-002  1.082623852921758E-002
   8123.75212413981       9.254340023361503E-002  1.018050910687124E-002
   1746.55123074280       9.214149408390125E-002  9.722873936265163E-003
   151.809641736279       9.173957008384959E-002  9.265241487871140E-003
   1635.52420381262       9.133660769106121E-002  8.806635342261629E-003
   7699.63621521824       9.093465626617007E-002  8.349009784553975E-003
   2741.81049584700       9.131636990021660E-002  7.954813538438974E-003
   2470.74075977709       9.169908139772881E-002  7.559610617969602E-003
   7020.84716853336       9.208081150160960E-002  7.165427353241093E-003
   8429.28579673883       9.246249281335674E-002  6.770216473222816E-003
   4412.32327116113       9.110539142778838E-002  6.235357962772475E-003
   7508.36596756940       9.072981999119724E-002  6.635393087526680E-003
   11048.4846705232       9.035326769209873E-002  7.036448970855497E-003
   11238.2511216244       8.997766459120524E-002  7.436452487722677E-003
   6739.55651930383       8.959443927285021E-002  7.054425432222599E-003
   10570.0606443217       8.921114041477728E-002  6.671500969059328E-003
   3524.75529091528       8.882789381596796E-002  6.289585690880911E-003
   10333.1336853666       8.786476142449900E-002  7.299906634372730E-003
   2421.00113530196       8.826460790032559E-002  7.664419586860927E-003
   3435.46076374583       8.866541297062563E-002  8.028908040099252E-003
   38338.7550718848       8.906523062780054E-002  8.393370345559030E-003
   10546.5565735914       8.868398354297938E-002  8.810389929249225E-003
   9692.85107495516       8.830177070623389E-002  9.228468580726280E-003
   2427.26719790224       8.792049746146550E-002  9.645528766646292E-003
   9817.01297736559       9.318915671277972E-002  1.079640203163589E-002
   10492.0246689566       9.364461834771996E-002  1.030340397236592E-002
   553.899655154728       9.410004629136856E-002  9.811390469837882E-003
   10399.3742475528       9.455642093631549E-002  9.318369497073833E-003
   6335.20867919030       9.501180136600422E-002  8.825423530069114E-003
   9863.45803520083       9.542699372089035E-002  9.297751670458787E-003
   2981.94058417106       9.584117913698469E-002  9.770179496723545E-003
   14254.4562488687       9.625638267910076E-002  1.024158864396123E-002
   9600.82656469469       9.667162910703848E-002  1.071400630709401E-002
   787.266257772532       9.753552887436291E-002  9.808346498250201E-003
   18010.8316984603       9.704417116912402E-002  9.415845298197025E-003
   4097.32320218304       9.655384332088701E-002  9.023246228217199E-003
   4305.69560862600       9.606251473264564E-002  8.631646995887487E-003
   15463.6328575629       9.557111165081313E-002  8.239032431886261E-003
   17765.6954166840       9.604214629735337E-002  7.771603120127430E-003
   3083.86548747702       9.651311674861530E-002  7.304170448564555E-003
   6093.93968370659       9.698304900595832E-002  6.836778744922880E-003
   849.825934062209       9.745400592549255E-002  6.369438431656104E-003
   4560.09171249274       9.631770574884735E-002  6.202510738524694E-003
   1124.77408988045       9.587333504390055E-002  6.694311503752171E-003
   19462.5053194875       9.542901930952029E-002  7.187088899911081E-003
   1441.31179702544       9.498466766338955E-002  7.679769022230616E-003
   2030.25839362923       9.458839743993856E-002  7.206997938189531E-003
   5385.79466306820       9.419110528079408E-002  6.734231195109252E-003
   10340.1051478963       9.379480208820350E-002  6.262448727820299E-003
   14106.1296655012       9.295348895462154E-002  7.144645112959965E-003
   9742.99758239223       9.344344478076877E-002  7.518137143220220E-003
   2791.03778800357       9.393441973176693E-002  7.892640111092405E-003
   6356.51328301913       9.442539047054906E-002  8.266168567081903E-003
   7496.73942605842       9.395459171912293E-002  8.744535068508754E-003
   3050.61422989256       9.348387502399691E-002  9.223908557218795E-003
   12646.3224813861       9.301414879451803E-002  9.702228723767610E-003
   320308.021770104      -1.242685571328629E-003  1.749021587663231E-002
   333351.308847691      -9.310393064094562E-004  1.703213032653988E-002
   16509.0124006331      -6.191313819596520E-004  1.657369328500739E-002
   639345.166770329      -3.059330802069252E-004  1.611523695876872E-002
   567737.320217337       9.093129197701505E-006  1.565557334301278E-002
   1328418.33553491       5.087710619369042E-004  1.611650066104597E-002
   589276.259086526       1.009254098028672E-003  1.657420252701234E-002
   630884.747268840       1.510305629816577E-003  1.702942108819236E-002
   81720.4722636067       2.007678013965906E-003  1.748490492312911E-002
   868247.301590924       2.526068579901568E-003  1.695986088537176E-002
   382750.225999858       2.059185749432391E-003  1.646936286799383E-002
   223310.387970354       1.593599220465134E-003  1.597877289458155E-002
   431182.282475407       1.129728982592314E-003  1.548847388021294E-002
   296109.937685632       6.689855720630859E-004  1.499596313527908E-002
   708930.021924434       1.131437069063529E-003  1.463794765837852E-002
   743424.669442582       1.593600454824026E-003  1.427937785442596E-002
   1155241.14792884       2.055177048632254E-003  1.392030961382895E-002
   710717.607129172       2.517168828513577E-003  1.356030424498155E-002
   328630.429334350       1.091068142344310E-003  1.295773250683901E-002
   73256.1942724025       7.327160996176143E-004  1.341661821482112E-002
   272924.464015012       3.725142240094451E-004  1.387566070724329E-002
   411581.971625157       1.101520787930799E-005  1.433595150158793E-002
   786152.426937978      -4.734640484961855E-004  1.387446711099156E-002
   411863.900987239      -9.573905007942116E-004  1.341546265341739E-002
   65157.0402963036      -1.442198484414319E-003  1.295764512200362E-002
   782469.893466990      -2.497361593899652E-003  1.307490011677559E-002
   486252.485664314      -2.034405389351968E-003  1.355528840139786E-002
   141971.956800888      -1.571432691443233E-003  1.403513824483893E-002
   207860.245825394      -1.109553909774295E-003  1.451382542991699E-002
   367715.065825901      -6.490573203681778E-004  1.499459951924336E-002
   627924.590529692      -1.111388837192304E-003  1.530379832236490E-002
   995224.073603036      -1.574133890412795E-003  1.561330635231945E-002
   1165358.85540370      -2.036712254679207E-003  1.592390856005172E-002
   931528.267925253      -2.498136319037330E-003  1.623649998287916E-002
   287510.475325402       3.048735500474319E-003  1.747866712133994E-002
   373972.517973206       3.542660206940265E-003  1.705023977793321E-002
   818723.074832325       4.040549949101943E-003  1.662179838924809E-002
   1375539.25566926       4.538640824529353E-003  1.619035295488667E-002
   753928.921547485       5.036172705269444E-003  1.575788852838218E-002
   1195486.32218029       5.498410700205224E-003  1.618426337873870E-002
   456390.357439853       5.959439250852633E-003  1.660982573228062E-002
   214833.455292508       6.420516979017124E-003  1.703278797408296E-002
   498585.745497856       6.879297096254840E-003  1.745545906854371E-002
   402130.274952711       7.554903626694899E-003  1.677036539128285E-002
   980375.745856474       7.117830655602783E-003  1.631812426725365E-002
   313087.929182946       6.680438583885462E-003  1.586907720049553E-002
   378098.218338038       6.243425274564505E-003  1.542207002810956E-002
   252786.241596267       5.810964680926496E-003  1.497286242037621E-002
   789208.093292714       6.240562508301898E-003  1.469524233125655E-002
   940380.241046316       6.672170224011395E-003  1.441809744325043E-002
   1222921.83996651       7.102608397521385E-003  1.413879207180603E-002
   747588.837279283       7.533521460935708E-003  1.385952352525284E-002
   186579.746728084       5.857402107803168E-003  1.290523411699646E-002
   181621.133073207       5.581568086181028E-003  1.333524231151421E-002
   557045.402647249       5.306014360673105E-003  1.376665626290797E-002
   520213.692701146       5.028268351322081E-003  1.419775254752264E-002
   829686.416486809       4.663648938250969E-003  1.377041128866470E-002
   134559.340792580       4.300256368502795E-003  1.334244053375031E-002
   150823.808196971       3.938362452309479E-003  1.291625520115770E-002
   724678.770599110       2.951928157592095E-003  1.391660050350429E-002
   704959.038059426       3.385938642501297E-003  1.427187353563971E-002
   178731.011873499       3.821073895519751E-003  1.462676972328674E-002
   193481.013172171       4.253293507745480E-003  1.498200659341068E-002
   218370.619861656       3.825351685661428E-003  1.547672495012799E-002
   378716.393191217       3.392930669894491E-003  1.597001798518817E-002
   986246.529954736       2.959712614080697E-003  1.646396349202402E-002
   264515.336109178       8.239502028348111E-003  1.744848688214103E-002
   216804.878185313       8.693271507766180E-003  1.713209761008159E-002
   559605.528209017       9.148451132660405E-003  1.681570529494496E-002
   868327.993149342       9.602563873200918E-003  1.649673463963747E-002
   521592.848872663       1.005759942671065E-002  1.617676987104865E-002
   922873.089265151       1.056942037917814E-002  1.648948238675888E-002
   782771.068220856       1.108249078293005E-002  1.680157994582265E-002
   719730.743746820       1.159508712237777E-002  1.711121148033515E-002
   210283.255552382       1.210655967448768E-002  1.742091757321985E-002
   575839.028558651       1.257246444040971E-002  1.694451434534869E-002
   291512.056168179       1.224678970847530E-002  1.644163970283430E-002
   45303.9413004741       1.192396520117894E-002  1.593942169968160E-002
   285935.594645373       1.160134184531700E-002  1.543613606308579E-002
   109245.701028022       1.128032331957973E-002  1.493298315074852E-002
   62804.3436459069       1.159340981109701E-002  1.448437397649957E-002
   24682.0692767370       1.190766877834194E-002  1.403621584340586E-002
   513625.946901531       1.222147527272613E-002  1.358769498068261E-002
   465705.844558226       1.253726572998323E-002  1.313972177646982E-002
   150702.488603720       1.137463413325009E-002  1.275102417411108E-002
   503760.853939466       1.092872154847911E-002  1.306922327609445E-002
   559749.162246030       1.048286283483086E-002  1.338935622234953E-002
   464805.659476321       1.003687166809269E-002  1.370987776956011E-002
   489159.438564639       9.756252047856641E-003  1.339507379624912E-002
   270603.557910755       9.476459775957636E-003  1.308134308141505E-002
   203701.850000874       9.196019185134293E-003  1.276902289087649E-002
   718164.253082834       7.855082512171154E-003  1.413303288113954E-002
   617312.502647287       8.174495410856792E-003  1.440715153900282E-002
   404780.265690089       8.494725150605552E-003  1.467961005415845E-002
   160616.137379005       8.815016431498379E-003  1.495218332644213E-002
   451749.315622237       8.501998932087583E-003  1.540725663968250E-002
   113435.064882342       8.187198873106500E-003  1.586055401557960E-002
   333725.554890042       7.872196734284180E-003  1.631499177167287E-002
   176152.830290383       1.304785896019818E-002  1.741135622113687E-002
   393294.012546069       1.355177124387202E-002  1.695596400568015E-002
   554827.239804667       1.405821719638439E-002  1.650082843883088E-002
   1070976.32255802       1.456551252984559E-002  1.604290379745064E-002
   493367.633977203       1.507118527232464E-002  1.558430074485907E-002
   836434.118331583       1.550139798743674E-002  1.603133427273637E-002
   253465.540694075       1.593116464542046E-002  1.647824848150979E-002
   71058.9296937752       1.636020719170205E-002  1.692334577525147E-002
   135112.378079284       1.678798491185879E-002  1.736847221155864E-002
   364589.680963312       1.759203586817336E-002  1.654142963156259E-002
   651741.411678748       1.713102613468491E-002  1.612654808591381E-002
   354722.018483355       1.666976185442066E-002  1.571326574122715E-002
   135114.340655507       1.620805300529998E-002  1.530084629382755E-002
   134722.736391397       1.574971706770887E-002  1.488774359941542E-002
   212964.020707986       1.619872785772793E-002  1.449462529212525E-002
   383870.547217644       1.664964256277628E-002  1.410233668255001E-002
   632830.620311835       1.709964559673315E-002  1.370833053657322E-002
   406939.961190090       1.754974281274245E-002  1.331484592117672E-002
   69615.9740284347       1.620967372804832E-002  1.283699929767577E-002
   189074.912717308       1.582492472783591E-002  1.329344234627678E-002
   422982.079614644       1.544062124316105E-002  1.375121040236473E-002
   258220.990877981       1.505499985475183E-002  1.420884376264673E-002
   456282.215729943       1.460084547874989E-002  1.376146005015111E-002
   66597.3465423000       1.414718158295879E-002  1.331348841527805E-002
   123038.892152118       1.369406856998630E-002  1.286690535793347E-002
   435395.280036341       1.299710467237359E-002  1.358110447944345E-002
   411226.484265158       1.345681101724134E-002  1.402285610699483E-002
   82693.1921873289       1.391758917544640E-002  1.446355117894329E-002
   133301.269024826       1.437621900778821E-002  1.490440821862897E-002
   229828.297530586       1.392869990372620E-002  1.541459993303695E-002
   274143.297825312       1.347706424842194E-002  1.592431543101945E-002
   594569.887290251       1.302500291575357E-002  1.643344933611650E-002
   142185.575502738       1.841891332663616E-002  1.734697506348627E-002
   76670.5693586220       1.883365963971639E-002  1.687804538139488E-002
   90634.4360816340       1.924999702153661E-002  1.640860205375165E-002
   456211.318185279       1.966706351285184E-002  1.593965110167812E-002
   320172.708895736       2.008423446542041E-002  1.546933085024191E-002
   388913.777163239       2.047767112944289E-002  1.592838572993514E-002
   64705.5215563693       2.086967988953593E-002  1.638688301475278E-002
   126172.109089363       2.126218174191948E-002  1.684610608719118E-002
   30194.9206748432       2.165320195742578E-002  1.730430706236571E-002
   121704.562668792       2.260063354429397E-002  1.632861191191773E-002
   369399.189985362       2.212915105924373E-002  1.595122866457617E-002
   217330.729427252       2.165633249566372E-002  1.557380413065224E-002
   44082.4335123499       2.118471921701895E-002  1.519789032191305E-002
   15995.3963550251       2.071426629059808E-002  1.482084028323908E-002
   125438.509521627       2.117462763333194E-002  1.446718708954853E-002
   226042.556828678       2.163548815510081E-002  1.411429965101726E-002
   305737.974120564       2.209732858602182E-002  1.375993937210405E-002
   177355.829869774       2.255804868351372E-002  1.340518063219596E-002
   86395.3573610268       2.109189914496337E-002  1.278166536570317E-002
   17766.2343125160       2.075016193748527E-002  1.325183790252702E-002
   164426.745283137       2.040899035726468E-002  1.372107077164834E-002
   187941.526233612       2.006646117480819E-002  1.419071377493605E-002
   233114.111356186       1.966940712033863E-002  1.373147105501039E-002
   20026.2050978195       1.927359528682781E-002  1.327318286735139E-002
   14793.2544435934       1.887731692266846E-002  1.281416540029707E-002
   295268.817019932       1.802176019144617E-002  1.369591789796702E-002
   286665.484301766       1.849442361725335E-002  1.407787836739354E-002
   64813.0167171296       1.896604177261861E-002  1.445796663175908E-002
   190985.995263759       1.943692970101128E-002  1.483868186130185E-002
   60112.4339272559       1.897722963494181E-002  1.526366397288327E-002
   268595.015820670       1.851603227280178E-002  1.568864622547314E-002
   442057.460606773       1.805349565546596E-002  1.611452927046463E-002
   21077.1460288550       2.357660299862973E-002  1.727624001266110E-002
   89980.1009031196       2.395387751462784E-002  1.681249613395810E-002
   48079.7503204462       2.433270618355242E-002  1.634981309918467E-002
   234613.031158119       2.471098142134156E-002  1.588598294858227E-002
   183826.717438312       2.509043911239301E-002  1.542151661266206E-002
   272712.829954739       2.554658607367138E-002  1.587340186188552E-002
   73623.4527085916       2.600267736033822E-002  1.632473560348753E-002
   79945.9059647947       2.645845223765194E-002  1.677473985897959E-002
   133015.474872042       2.691367830887858E-002  1.722576337034974E-002
   61171.8886282541       2.761044112329272E-002  1.650698906778162E-002
   226954.160501349       2.714367249565396E-002  1.606611655936125E-002
   82929.9831234182       2.667774266833800E-002  1.562601461134808E-002
   94818.5185103220       2.621109563240769E-002  1.518623935459075E-002
   7792.76012312410       2.574538007572055E-002  1.474619439179166E-002
   84193.2723537050       2.619945331015004E-002  1.440079075274359E-002
   153177.151168841       2.665374716288556E-002  1.405521279209591E-002
   197230.625803106       2.710704291165315E-002  1.370939890446764E-002
   122167.825324119       2.756128367718363E-002  1.336335516048472E-002
   44485.9481125487       2.606795309179948E-002  1.270081721324275E-002
   16713.3327573643       2.573570586144482E-002  1.316351810979105E-002
   111744.670782248       2.540322484568219E-002  1.362725591922430E-002
   93431.4686673819       2.507056570366807E-002  1.409125251545839E-002
   120470.348946095       2.471490949422171E-002  1.363769883609045E-002
   6408.47768931728       2.436040719955787E-002  1.318456704226192E-002
   14979.8167951356       2.400516958241147E-002  1.273256386543248E-002
   153600.979732757       2.302298251545420E-002  1.374596052576662E-002
   138987.005532574       2.348674279675195E-002  1.408672684416096E-002
   31701.8188670356       2.395145701907321E-002  1.442609250998329E-002
   80804.3849549643       2.441583274209730E-002  1.476623882024443E-002
   22381.3090195506       2.396231568596762E-002  1.515684543467108E-002
   183368.301141518       2.350811809098918E-002  1.554659481573179E-002
   297653.629006291       2.305478508097479E-002  1.593776981457327E-002
   29236.6501617566       2.832925358137813E-002  1.720368969503825E-002
   34385.2358205091       2.877030860005624E-002  1.674244612336293E-002
   112649.523763755       2.921176093805479E-002  1.628014303843821E-002
   215396.727913993       2.965346577049983E-002  1.581856878065096E-002
   116937.026528876       3.009501401025823E-002  1.535534264131904E-002
   188530.907952786       3.054066339886207E-002  1.580365472071930E-002
   5553.32099430696       3.098733008570839E-002  1.625018284340803E-002
   99960.6533881444       3.143270983075257E-002  1.669737071287802E-002
   53715.5171506633       3.187825374090177E-002  1.714373349296744E-002
   121985.093305596       3.261544073966532E-002  1.638074370775815E-002
   135627.583158777       3.215208420329201E-002  1.595092030041803E-002
   18840.9801283964       3.168777145001614E-002  1.552271241150099E-002
   156474.814508534       3.122474983790296E-002  1.509386415245593E-002
   71577.1062217085       3.076161226988483E-002  1.466589462522726E-002
   19510.2424331301       3.121174655987845E-002  1.427359643642885E-002
   188774.044258294       3.166116257423147E-002  1.388195471056220E-002
   281819.018804042       3.211172199453177E-002  1.348894441158016E-002
   181797.817686833       3.256121905978310E-002  1.309651124118202E-002
   70080.6290451278       3.121010916041952E-002  1.261488920947273E-002
   39944.7480398083       3.083105953667880E-002  1.307634538479350E-002
   244353.292310883       3.045256205677657E-002  1.353687004078656E-002
   31464.8161154133       3.007313929458522E-002  1.399917603095729E-002
   80132.2925096070       2.972621065822588E-002  1.354911956294366E-002
   57450.0209938907       2.937960487974079E-002  1.310019463310054E-002
   70641.4140415705       2.903321095341972E-002  1.265032074744897E-002
   129717.418709570       2.802212527504163E-002  1.369496119664398E-002
   109180.792500489       2.848392250908377E-002  1.402639773746987E-002
   7108.72429461953       2.894475516980446E-002  1.435747197202834E-002
   48674.3813566711       2.940623026421370E-002  1.468839072931774E-002
   32640.4219073012       2.895737674397802E-002  1.514287167451989E-002
   72190.5708362095       2.850889629963195E-002  1.559724077007781E-002
   205351.113444258       2.805910311934282E-002  1.605180873577314E-002
   145380.066408855       3.337745399331452E-002  1.711768337272579E-002
   131103.071262407       3.380830101013980E-002  1.666275753795518E-002
   164721.146407997       3.423870788052772E-002  1.620769275518145E-002
   263792.133482556       3.467068773660820E-002  1.575237129388305E-002
   196019.559635448       3.510143823785798E-002  1.529598337950685E-002
   288630.365756714       3.570013022926227E-002  1.573436932409935E-002
   133989.409002455       3.629845063560904E-002  1.617198360499658E-002
   74872.2446021876       3.689880198891510E-002  1.660789244243494E-002
   45635.7805210540       3.749773876548815E-002  1.704282991339444E-002
   69898.7508905031       3.763655015139485E-002  1.689935402505924E-002
   25325.7045260614       3.717395947526240E-002  1.631926682717973E-002
   145217.178112087       3.671244620052929E-002  1.574005131598066E-002
   255858.329943833       3.625229686308790E-002  1.516086314253009E-002
   53975.2484046232       3.579350299926712E-002  1.457951776772647E-002
   17564.9572042223       3.623356910739850E-002  1.403533796715874E-002
   94856.5061912284       3.667434333360238E-002  1.349241893630389E-002
   333072.743674522       3.711558343580086E-002  1.294833263879298E-002
   240308.397636562       3.755680145769744E-002  1.240317618912750E-002
   90762.1996126691       3.666797620098985E-002  1.251430518662393E-002
   242585.374513774       3.613744271158208E-002  1.297162696157460E-002
   277402.993469060       3.560792224672778E-002  1.342935956495066E-002
   164211.592814508       3.507772053682692E-002  1.388766593998424E-002
   163701.139916210       3.468298062473824E-002  1.344577721523952E-002
   19897.6850959609       3.428941859636482E-002  1.300445020973081E-002
   97170.9247684534       3.389524760366022E-002  1.256332625973031E-002
   198049.480695896       3.301769604577776E-002  1.347349237947391E-002
   112860.379908468       3.347415337391230E-002  1.385104308867498E-002
   58559.6739681969       3.393045320886352E-002  1.422709593360013E-002
   177402.125410181       3.438614380507679E-002  1.460400074667889E-002
   21523.1199424009       3.394408946348450E-002  1.504711171776244E-002
   144269.039112984       3.350137826471578E-002  1.549136437680856E-002
   397090.988823166       3.305819056484542E-002  1.593494443215910E-002
   172245.300025785       3.777940797470240E-002  1.703820950146791E-002
   546469.757806880       3.836616368451700E-002  1.668382533992342E-002
   603323.654359530       3.895245400644027E-002  1.632633976720201E-002
   495292.769838502       3.953659298398889E-002  1.596862801152618E-002
   199706.257893082       4.012104945838790E-002  1.560928397562381E-002
   354265.937994170       4.066178094333627E-002  1.594651167941500E-002
   216394.820023561       4.120250984599974E-002  1.628251330961248E-002
   43709.5863561908       4.174345976569541E-002  1.661864998008322E-002
   64492.4302019986       4.228337949659957E-002  1.695323403726824E-002
   156899.845342462       4.264432041237569E-002  1.657822294361332E-002
   196870.793150585       4.228504938197460E-002  1.605253027444984E-002
   48438.2328323844       4.192545901113742E-002  1.552773305484411E-002
   191749.114768974       4.156750619843722E-002  1.500283262100535E-002
   4404.70192343872       4.120956119360760E-002  1.447731045269685E-002
   3702.14257552290       4.154921773187281E-002  1.402609698021602E-002
   88852.9588220231       4.188801570745637E-002  1.357480729694326E-002
   253138.790345350       4.222801636859013E-002  1.312333667957299E-002
   199989.404217158       4.256724945605882E-002  1.267065598157935E-002
   57600.2464553866       4.139501705595586E-002  1.232091916329256E-002
   174296.734922315       4.095627826654018E-002  1.267702987946582E-002
   235887.741668718       4.051744060277514E-002  1.303234305884725E-002
   86807.5363780376       4.007875561333379E-002  1.338902459429712E-002
   196110.733064810       3.953458335974952E-002  1.305153583359818E-002
   120152.684809808       3.899133369565767E-002  1.271527111715463E-002
   146502.068278018       3.844685627593591E-002  1.237859800369315E-002
   27799.5978418585       3.791547761221537E-002  1.293280761939119E-002
   28462.6381971154       3.827450114793798E-002  1.346220485810890E-002
   107393.793729448       3.863214297315869E-002  1.399066087728651E-002
   67508.9662387837       3.899030592663400E-002  1.452041992478380E-002
   180883.714566997       3.865351668577798E-002  1.511624170973869E-002
   170768.436374692       3.831675999312142E-002  1.571039956702828E-002
   172921.625863006       3.797754134924519E-002  1.630471365093301E-002
   12457.2559904426       4.301887605439048E-002  1.693960809008119E-002
   366376.942009261       4.354576206526452E-002  1.656041920646365E-002
   358876.483813481       4.407290682094235E-002  1.617966582673088E-002
   419520.988328562       4.459958900998738E-002  1.579911942646323E-002
   175033.039769140       4.512599664417730E-002  1.541821228982126E-002
   269480.856864968       4.550449368288906E-002  1.578008336384111E-002
   85106.8320807919       4.588260071107479E-002  1.614210254786380E-002
   66335.6293233489       4.626070678416548E-002  1.650483229638938E-002
   1651.27781643186       4.663836027894304E-002  1.686669259406912E-002
   166146.467483032       4.763686369381107E-002  1.582540241271732E-002
   169739.871414361       4.725852328018344E-002  1.546334696188545E-002
   131116.594059861       4.687938711186487E-002  1.510138902246342E-002
   19867.6596965023       4.650126649797075E-002  1.473969085081416E-002
   68681.6277100795       4.612379447098433E-002  1.437766608196469E-002
   17563.4292624159       4.648439838675159E-002  1.391823212835376E-002
   50959.9928381463       4.684524824788596E-002  1.345984639713191E-002
   138099.457568684       4.720721085411874E-002  1.300035457241264E-002
   120899.565961375       4.756832491314619E-002  1.254173075722496E-002
   69109.4391258391       4.641672647554053E-002  1.224134464248827E-002
   129779.792095333       4.597212411235583E-002  1.262145195173397E-002
   151038.300658837       4.552848919311046E-002  1.300069609428492E-002
   87429.7388414154       4.508387929250721E-002  1.338010770728234E-002
   136578.176433149       4.463091860504390E-002  1.301944199606113E-002
   47929.1028468845       4.417803107729147E-002  1.265888101107281E-002
   115473.007227233       4.372513317622399E-002  1.229754022398746E-002
   87262.0177578262       4.294711526162540E-002  1.310882286298773E-002
   96949.6591480796       4.332759493074426E-002  1.354604626959809E-002
   9914.28327780055       4.370706001660658E-002  1.398303219805557E-002
   3593.21608333675       4.408627366842021E-002  1.442006813766099E-002
   132774.673978106       4.372732109428756E-002  1.496003259803469E-002
   29161.3086260859       4.336747065425427E-002  1.549947629320376E-002
   94107.8519416960       4.300588070153513E-002  1.603874271682425E-002
   24656.5996929899       4.867781280935476E-002  1.682388535504584E-002
   132596.447567875       4.904090175386568E-002  1.647949987363399E-002
   181430.346151658       4.940427374028090E-002  1.613607996241405E-002
   309799.035565624       4.976763854463419E-002  1.579140464731852E-002
   145929.755015010       5.013126475345073E-002  1.544775977875846E-002
   288815.828294882       5.047426491989138E-002  1.577616520061455E-002
   124153.481181710       5.081794520998439E-002  1.610566470899646E-002
   99080.4391803503       5.116062631036562E-002  1.643388265759116E-002
   3503.14624220739       5.150297402793738E-002  1.676318543641316E-002
   173519.688167326       5.263628520120186E-002  1.557873580606472E-002
   129320.341298835       5.229145818898304E-002  1.525146811651694E-002
   86800.7385250674       5.194789397351281E-002  1.492416260501198E-002
   50569.5830405584       5.160335167797169E-002  1.459610381650870E-002
   59559.9486977162       5.126043321671821E-002  1.426870022353006E-002
   32626.7060566643       5.158738372264495E-002  1.382998813980627E-002
   56370.6665854653       5.191530704289973E-002  1.339011896608467E-002
   126267.845969329       5.224245777157303E-002  1.295123769037912E-002
   128342.284991322       5.257072224718818E-002  1.251214901273597E-002
   81105.2877514250       5.135867078001317E-002  1.210354122953417E-002
   131250.620827671       5.093355305093217E-002  1.244844302124509E-002
   190526.218755252       5.050738280032933E-002  1.279447158184370E-002
   39360.3438753479       5.008239152233015E-002  1.313984473870746E-002
   94926.0908722888       4.962310328974361E-002  1.281359813832903E-002
   27461.7332931869       4.916488133464679E-002  1.248633258820145E-002
   51547.7975820124       4.870566103831800E-002  1.216027869851508E-002
   38794.0597641148       4.791523640118359E-002  1.298534995616187E-002
   30308.3864488157       4.826092741598154E-002  1.343000756085373E-002
   31436.0855351764       4.860756560527468E-002  1.387351487243033E-002
   54349.9669262917       4.895297691632913E-002  1.431816540771216E-002
   6625.84194592163       4.862493099578066E-002  1.469500390690053E-002
   124289.488877453       4.829535809037057E-002  1.507164339707364E-002
   192001.872044524       4.796669046618105E-002  1.544843860810342E-002
   62013.4098359599       5.382030088434445E-002  1.671194333045116E-002
   48195.2981575460       5.414488386288741E-002  1.622915471329665E-002
   18393.0350433009       5.446985789590821E-002  1.574746443530501E-002
   180215.817360070       5.479618516353253E-002  1.526470971229063E-002
   135904.749074589       5.512189719955380E-002  1.478167647463138E-002
   226069.893141250       5.552633542890675E-002  1.524862176167608E-002
   8487.13620855645       5.593045539636239E-002  1.571525147653922E-002
   33334.6017051267       5.633328456887521E-002  1.618071020030731E-002
   66590.4313793845       5.673649068987926E-002  1.664743627985686E-002
   170461.886339798       5.764503093065983E-002  1.569805043868883E-002
   167910.285190465       5.715975881409716E-002  1.531573702868684E-002
   136063.473166311       5.667553569256343E-002  1.493468636083537E-002
   51062.4590092676       5.619030970040467E-002  1.455311491390213E-002
   48296.6039749748       5.570585781959971E-002  1.417143790842103E-002
   71561.7315009862       5.617328454364712E-002  1.375273768887466E-002
   169700.683426554       5.664098594541137E-002  1.333389907432639E-002
   233061.140599581       5.710774194939031E-002  1.291580196264790E-002
   145902.174725245       5.757537515967986E-002  1.249636674984244E-002
   18754.4408442158       5.629309988582133E-002  1.213499030382131E-002
   59968.1844693363       5.589504840858363E-002  1.261830605757092E-002
   174766.096450652       5.549571411438137E-002  1.310270641540696E-002
   72697.7403277081       5.509632527612576E-002  1.358754760378267E-002
   132329.551007892       5.465342448789130E-002  1.312128887348385E-002
   25863.0879339496       5.420966058475004E-002  1.265532779191657E-002
   20765.3916113476       5.376709210704675E-002  1.219051803476860E-002
   74869.9082329680       5.305656192174852E-002  1.293354174451221E-002
   58834.9649325557       5.354134378202628E-002  1.335475121507503E-002
   74773.5998238528       5.402711029125942E-002  1.377659841247704E-002
   46320.9420516356       5.451228668704183E-002  1.419756280409388E-002
   173763.715504464       5.404324159408683E-002  1.454220016519142E-002
   270616.267956393       5.357384389445440E-002  1.488802734252084E-002
   297928.966415079       5.310548243268218E-002  1.523319436925903E-002
   59354.7564264445       5.859379470178231E-002  1.660671267705424E-002
   39575.7487069886       5.897873438136179E-002  1.622279662541553E-002
   135085.936810119       5.936298983514061E-002  1.583982474128700E-002
   218405.894671961       5.974837553206284E-002  1.545563598918067E-002
   142229.574711013       6.013375567493048E-002  1.507111667162472E-002
   234367.941555993       6.063866104630208E-002  1.543585251366012E-002
   101590.183163590       6.114349671845416E-002  1.580047828883479E-002
   62036.9604036773       6.164838454965346E-002  1.616361608513321E-002
   43103.6446837199       6.215372957204173E-002  1.652763972587256E-002
   144678.312468387       6.265717654318653E-002  1.600109545396776E-002
   83927.9966314171       6.226924608563681E-002  1.551290881126249E-002
   3375.16501366762       6.188267707824747E-002  1.502600633378240E-002
   120003.653897096       6.149539218262465E-002  1.453920661655114E-002
   33540.1536717918       6.110880486157529E-002  1.405199426962078E-002
   97696.2446479540       6.147787544905646E-002  1.372594294442744E-002
   137665.300294885       6.184702338270436E-002  1.339880939497486E-002
   191734.865818503       6.221520011871545E-002  1.307254941921202E-002
   126007.384721536       6.258441318918331E-002  1.274520560263396E-002
   9849.07410175362       6.102075483823640E-002  1.192975766902493E-002
   47385.5249920900       6.071098204714834E-002  1.231150647215991E-002
   98842.3948420439       6.040012437108897E-002  1.269433696067692E-002
   84599.1392315494       6.009017308186360E-002  1.307725169066408E-002
   144359.777849985       5.967250760175492E-002  1.271041552835303E-002
   59909.5015594334       5.925485165073897E-002  1.234383986107921E-002
   45915.9445695427       5.883826649784753E-002  1.197848279111052E-002
   73864.5379658067       5.796098539272555E-002  1.289662089219227E-002
   35752.3266659009       5.834530549791130E-002  1.329587433159517E-002
   46584.5476455271       5.873051394146860E-002  1.369594216386631E-002
   47771.7448422799       5.911542309491859E-002  1.409605682792238E-002
   12210.5237725532       5.874792886149873E-002  1.449663333683857E-002
   100283.352668248       5.838012012957593E-002  1.489723683615566E-002
   199044.372654970       5.801308898867944E-002  1.529697261447915E-002
   26796.1426847694       6.318330070714417E-002  1.650469794864754E-002
   178559.338845708       6.367209474632927E-002  1.611018040092872E-002
   208635.067158791       6.416020341264732E-002  1.571650486411080E-002
   283225.322422284       6.464813956938971E-002  1.532140973307114E-002
   121363.991649563       6.513600860509773E-002  1.492709807557384E-002
   245242.361893146       6.563853390636375E-002  1.529832906319016E-002
   119522.432395365       6.614102702243363E-002  1.567046381709738E-002
   104712.976935628       6.664459699642770E-002  1.604111671651610E-002
   49175.4606862169       6.714671128956981E-002  1.641273309635730E-002
   170111.835316512       6.766108211235106E-002  1.587317453116652E-002
   76715.5079039958       6.726463147534192E-002  1.538967651849448E-002
   14177.1920353029       6.686950092162330E-002  1.490537124259727E-002
   103019.365957804       6.647366201439771E-002  1.442216186887852E-002
   39925.2518770911       6.607949716792796E-002  1.393852677910589E-002
   17453.9968911654       6.645197065950009E-002  1.346997485926878E-002
   75229.9851865193       6.682556534150040E-002  1.300136329375155E-002
   148219.579370044       6.719830361380077E-002  1.253269179049324E-002
   130178.238377096       6.757211184671187E-002  1.206378364505645E-002
   73528.4842682322       6.644587694158090E-002  1.181368674238441E-002
   122868.561312407       6.599446231826672E-002  1.220705213230462E-002
   159474.344154793       6.554301525880593E-002  1.260152154313519E-002
   48847.0104802896       6.509163794450615E-002  1.299521307488043E-002
   73430.9289215511       6.476463495974755E-002  1.261979098546769E-002
   12965.5510579486       6.443681101611004E-002  1.224333239755080E-002
   31235.8687171981       6.411000411636690E-002  1.186797158143935E-002
   77934.1148671569       6.297604125125195E-002  1.305515756361408E-002
   102831.843331372       6.336638034439077E-002  1.336435916359770E-002
   37492.6981683658       6.375782581701077E-002  1.367431352447796E-002
   39583.8439102762       6.414805327317970E-002  1.398334443655362E-002
   64258.2453366414       6.377654525392473E-002  1.448767679329221E-002
   26624.4965968013       6.340344044772883E-002  1.499173651740689E-002
   111804.428030300       6.303097589109506E-002  1.549578384952014E-002
   17744.0683680104       6.820030766943376E-002  1.638780059861741E-002
   124117.542211961       6.868434880100363E-002  1.599171421964681E-002
   140099.822117002       6.916980469314234E-002  1.559658516533362E-002
   174356.950108126       6.965419519220556E-002  1.520021524404736E-002
   80732.6912857492       7.013846791528217E-002  1.480455841849861E-002
   120952.958522586       7.052994127122304E-002  1.517920500372956E-002
   30309.0368850122       7.092135731500217E-002  1.555472160699056E-002
   17445.9024180608       7.131272868782899E-002  1.592903728428638E-002
   85492.4218998673       7.170381101052356E-002  1.630444012850943E-002
   98627.4533004090       7.265219333466427E-002  1.530896940302812E-002
   34906.4224221925       7.225772184902006E-002  1.493662875176522E-002
   8095.60762769813       7.186444120111234E-002  1.456426712061387E-002
   72362.3461276102       7.147024820753158E-002  1.419206580056773E-002
   24792.1811667651       7.107738348018441E-002  1.381973159912989E-002
   25100.3792073835       7.145213372243696E-002  1.341522213023277E-002
   65333.9280498701       7.182798049935094E-002  1.301058851953761E-002
   110676.944585598       7.220300983330631E-002  1.260592878824442E-002
   102426.544625338       7.257908410467298E-002  1.220203952503870E-002
   45404.0451519271       7.125501598341308E-002  1.170048302707147E-002
   93260.5734579558       7.086777296973640E-002  1.209340389340570E-002
   170859.879244549       7.048044212656245E-002  1.248743093269732E-002
   49712.8318076105       7.009322284226865E-002  1.288081205431883E-002
   101555.760486570       6.962387903013532E-002  1.250800897004418E-002
   1769.58855353659       6.915461106096756E-002  1.213426431908537E-002
   19527.5606224204       6.868537057943937E-002  1.176176712721412E-002
   29939.6231903317       6.796841166755491E-002  1.251429469023014E-002
   17513.7500033139       6.836348864628133E-002  1.296477757798325E-002
   66989.9317890869       6.875949943543412E-002  1.341507553586347E-002
   19796.4650816343       6.915414564807254E-002  1.386557723313836E-002
   18171.6762786325       6.878177805470650E-002  1.436719476539443E-002
   37160.4534812198       6.840812097515149E-002  1.486874995052415E-002
   99093.8346906348       6.803523459717634E-002  1.537134078327721E-002
   81988.8400815651       7.364695203354374E-002  1.625731403594324E-002
   93676.7771634399       7.401766581149964E-002  1.577594988362629E-002
   17715.0549645683       7.438864692733167E-002  1.529459772347421E-002
   105201.162646654       7.476003836848429E-002  1.481423342276159E-002
   96223.7318987683       7.513151616074366E-002  1.433242603444201E-002
   111698.967768050       7.554538208885873E-002  1.479548203998992E-002
   5988.83226931844       7.595910790803388E-002  1.525716468371980E-002
   84444.1694680599       7.637257671556119E-002  1.571976681164659E-002
   77019.1887434230       7.678570334478525E-002  1.618245590932418E-002
   67111.1810452318       7.765616095883003E-002  1.526947243257401E-002
   133790.033872580       7.717325522798285E-002  1.487886652367837E-002
   62612.7504846688       7.669022582928628E-002  1.448869829430398E-002
   44539.0222355285       7.620829173623711E-002  1.409879024470314E-002
   63952.0861311738       7.572583221157761E-002  1.370894206568186E-002
   42679.2030036981       7.618834748755808E-002  1.325062724323942E-002
   77847.1176841679       7.665024576854856E-002  1.279130859209405E-002
   141293.732881277       7.711333947375769E-002  1.233274693408095E-002
   92212.2997589897       7.757629018129994E-002  1.187370253015476E-002
   33160.6777658939       7.641606590499511E-002  1.166638838229734E-002
   38998.1612189527       7.597878478883566E-002  1.214914352455842E-002
   153980.216825259       7.554022250412908E-002  1.263105905421065E-002
   61148.0298515820       7.510279836874098E-002  1.311451274751744E-002
   73087.0346148085       7.469509377225379E-002  1.265130145598040E-002
   31812.7049946391       7.428753944933332E-002  1.218942616170415E-002
   72798.9627955422       7.388022533633727E-002  1.172660674480014E-002
   105369.538383300       7.306175319745488E-002  1.258567191074871E-002
   60162.8754656505       7.354448836670863E-002  1.297000222223378E-002
   38542.9599217086       7.402617571839511E-002  1.335403502026708E-002
   76824.7232267675       7.450847965163722E-002  1.373793977449750E-002
   52423.2541819730       7.404436677168794E-002  1.413026012355070E-002
   130100.864214420       7.358093634386581E-002  1.452277717680101E-002
   213838.443207788       7.311643556488866E-002  1.491560587220765E-002
   68825.7193393221       7.856883752830258E-002  1.614016653698970E-002
   99501.3424822441       7.896008586241114E-002  1.567849559643308E-002
   3259.90556094131       7.935167032907389E-002  1.521784952307955E-002
   74301.9264417029       7.974354125494147E-002  1.475614892712192E-002
   83333.0692612312       8.013546390975441E-002  1.429504459644248E-002
   97193.6380264240       8.059745920595635E-002  1.473625314857896E-002
   35994.0615069671       8.105952907673518E-002  1.517806543367479E-002
   95374.8906257320       8.152035925620960E-002  1.561877451350744E-002
   89009.0058606786       8.198199809231739E-002  1.606037831718445E-002
   7630.07248892356       8.266224258838326E-002  1.534736090845057E-002
   128508.923924114       8.219837637067771E-002  1.490706842510035E-002
   15834.7928388426       8.173536180694002E-002  1.446831038897265E-002
   49819.2474184800       8.127152930568791E-002  1.402869573916828E-002
   45695.7912604280       8.080908179164553E-002  1.358900336765580E-002
   17395.0785125001       8.125416456638976E-002  1.328387775207831E-002
   75156.2398687541       8.170033027463404E-002  1.297854951056823E-002
   77589.9272304318       8.214551725030560E-002  1.267311555562736E-002
   40489.8952990843       8.259161053583275E-002  1.236842876730548E-002
   38532.3497490385       8.095659357777499E-002  1.153858097915826E-002
   23387.5930202108       8.067227177221596E-002  1.199712089294425E-002
   39614.2007256385       8.038779684043632E-002  1.245663229200024E-002
   48593.5067838785       8.010319662324372E-002  1.291527698754998E-002
   89196.1291220832       7.964416939673057E-002  1.247391832779908E-002
   42509.9814591086       7.918395211613857E-002  1.203215025535367E-002
   21960.2096337123       7.872490695904692E-002  1.159155348575211E-002
   77865.2003286877       7.804038165514778E-002  1.231059712663378E-002
   9824.46306411207       7.850342920042647E-002  1.274722366704584E-002
   47479.4351482673       7.896726618355510E-002  1.318469884832442E-002
   122548.958791782       7.942973961260015E-002  1.362121206764831E-002
   10603.9215140892       7.898707251321811E-002  1.403290348653210E-002
   65739.7387809927       7.854311727794351E-002  1.444477242482616E-002
   154546.760770473       7.810005037978605E-002  1.485686960160489E-002
   24494.1427816242       8.337540002119145E-002  1.602808310610196E-002
   19527.7849922857       8.381553952379567E-002  1.556187578253479E-002
   16119.3024180327       8.425481601203560E-002  1.509472947518675E-002
   13725.1011814850       8.469512802144590E-002  1.462848021343709E-002
   12912.9666034574       8.513532468418133E-002  1.416200096161867E-002
   25085.3702918186       8.560288977177818E-002  1.460711836395318E-002
   5565.28802014233       8.606947682825701E-002  1.505222998147858E-002
   13619.6285036300       8.653705829195109E-002  1.549835421003929E-002
   3858.11284724381       8.700361879117861E-002  1.594350587132048E-002
   10316.8187601913       8.766162334980886E-002  1.525390058066854E-002
   3345.73259774523       8.719506047804268E-002  1.480871025195592E-002
   1856.47406003289       8.672744483260561E-002  1.436257242652192E-002
   11680.4895372976       8.626084889834780E-002  1.391741264274038E-002
   45337.8112023753       8.579415735786000E-002  1.347131391330202E-002
   14603.1083824780       8.624031457079762E-002  1.305279187408762E-002
   9255.48472501592       8.668658533695821E-002  1.263330495198917E-002
   3937.36465380972       8.713390811802424E-002  1.221475402517636E-002
   7103.10849591333       8.758016386250332E-002  1.179511409874450E-002
   14451.7735215820       8.629587867780660E-002  1.141516698404027E-002
   7016.09321481661       8.589874112402075E-002  1.188153029923688E-002
   1676.94521497604       8.550054380717717E-002  1.234695033954963E-002
   42707.3919820536       8.510331103279334E-002  1.281238184519966E-002
   15699.5106836580       8.479738300785264E-002  1.236352043907615E-002
   3846.82167587276       8.449145432473083E-002  1.191484143047099E-002
   19895.3706386300       8.418561208193254E-002  1.146515097805999E-002
   61489.4003517013       8.305461758621017E-002  1.265149809860289E-002
   45797.3665405809       8.351865974944614E-002  1.293546701913030E-002
   34446.6050873475       8.398166636488652E-002  1.321938827237943E-002
   81274.7388941280       8.444464932215645E-002  1.350314856059463E-002
   49337.3500889600       8.399942831826160E-002  1.396442210079233E-002
   39765.8082499827       8.355412545814613E-002  1.442570573151118E-002
   29715.1896197208       8.310770924890670E-002  1.488603822654303E-002
   1954.20972323734       8.835122670250972E-002  1.591189169828506E-002
   321.382119987431       8.879783214913872E-002  1.550531111909183E-002
   7975.56600175627       8.924541576985824E-002  1.509868063201111E-002
   2474.46958052222       8.969199981892047E-002  1.469206818985737E-002
   2276.67749348963       9.013958036850109E-002  1.428639807806017E-002
   3748.51244497762       9.060274616079829E-002  1.467058169529933E-002
   6086.91933839938       9.106592129601898E-002  1.505578894715868E-002
   2899.50496809607       9.152909976250068E-002  1.544099990240585E-002
   1471.97796482875       9.199328272369882E-002  1.582619242208833E-002
   4777.56985890253       9.266002780556915E-002  1.512730861075071E-002
   4249.18338964785       9.225344789537979E-002  1.468175450769695E-002
   949.216677644040       9.184688862686047E-002  1.423719165264194E-002
   1646.48008218751       9.144031748765487E-002  1.379263129566688E-002
   1982.14782130915       9.103474912772830E-002  1.334803943855740E-002
   4718.02534710130       9.141863136067414E-002  1.287183836832078E-002
   3797.51141256645       9.180348478807288E-002  1.239461131232065E-002
   1327.52940429401       9.218835501223710E-002  1.191838244536163E-002
   3423.40099640092       9.257320831430488E-002  1.144214144253421E-002
   2260.58570756296       9.146996864168726E-002  1.123315708088784E-002
   1736.99113967016       9.101245467725563E-002  1.164007772292701E-002
   2749.67518270489       9.055393504410732E-002  1.204701136135167E-002
   1852.06326385794       9.009638307611569E-002  1.245290817711071E-002
   352.123287530960       8.967917710105040E-002  1.206763424187009E-002
   2502.72402386941       8.926093672562557E-002  1.168140772321136E-002
   9170.26673419244       8.884370969254146E-002  1.129515519995261E-002
   5547.19894648184       8.798569216880948E-002  1.219467381109664E-002
   3232.02591603730       8.839121955414159E-002  1.259319462964406E-002
   2594.29112314790       8.879675404547950E-002  1.299272227394786E-002
   10121.6872131210       8.920126497881813E-002  1.339126492230372E-002
   1857.25937067915       8.881712296316788E-002  1.385740598806663E-002
   5147.90215394353       8.843196318830432E-002  1.432257737629013E-002
   822.232861501740       8.804680392585344E-002  1.478873304531776E-002
   2971.78146317540       9.335890910921980E-002  1.579402645059033E-002
   5371.43045139777       9.380244744036040E-002  1.530141594431312E-002
   5611.03092471339       9.424495720236889E-002  1.480881244311992E-002
   2701.43761098940       9.468742952990897E-002  1.431520612678597E-002
   1343.97460598257       9.512991826576572E-002  1.382260511065960E-002
   2112.48570991359       9.554614322738893E-002  1.429490116661353E-002
   4717.78109025204       9.596236866187528E-002  1.476825403430232E-002
   4115.34342587276       9.637958616814200E-002  1.524058784361782E-002
   3027.66875957643       9.679580869157210E-002  1.571295368367250E-002
   487.975780694326       9.765389212043149E-002  1.481350429702470E-002
   6037.63876539592       9.716250847108614E-002  1.441996199863163E-002
   983.336824871350       9.667110970896015E-002  1.402539303140417E-002
   1003.68353717317       9.617871424162525E-002  1.363184649058952E-002
   15867.3217722603       9.568730382799850E-002  1.323826432066822E-002
   6268.87726194321       9.615960166947611E-002  1.282287080880104E-002
   8030.93078412823       9.663286750629234E-002  1.240846529012480E-002
   8879.61005877796       9.710509449531492E-002  1.199311350937041E-002
   1260.73744572075       9.757735629273252E-002  1.157783409211208E-002
   5651.00802476546       9.627916678200697E-002  1.120551768140915E-002
   1982.42108792284       9.588672546197541E-002  1.169702315846056E-002
   12357.4824432427       9.549534836421315E-002  1.218949892228653E-002
   10183.1864266168       9.510295215511316E-002  1.268094238415319E-002
   14460.4997509571       9.462477743070305E-002  1.221009032866079E-002
   4929.41832113781       9.414558282279389E-002  1.173821859070870E-002
   8159.65655305944       9.366738584308135E-002  1.126730938178661E-002
   16555.9943071649       9.306604433346513E-002  1.189762093954399E-002
   5462.43335253388       9.355885645911682E-002  1.235316544697084E-002
   3472.45272821216       9.405270926454132E-002  1.280970483036766E-002
   3871.97766388498       9.454559356970234E-002  1.326525410996130E-002
   2568.52611630671       9.407444631015825E-002  1.373053079389965E-002
   452.532933060688       9.360230495611330E-002  1.419582286485043E-002
   1167.80393714219       9.313115783438318E-002  1.466107350825671E-002
   1074401.71134520      -1.858157135962561E-003  2.247510057669591E-002
   190651.300747719      -1.396248521315922E-003  2.196895266093447E-002
   368992.937799655      -9.284379497055408E-004  2.146445784010922E-002
   1580047.78106791      -4.571366869213580E-004  2.096055898690331E-002
   813773.739535950       1.498752421846901E-005  2.045268741614932E-002
   1518105.25626000       4.939516107793405E-004  2.095360145755317E-002
   213584.715861441       9.719255051763897E-004  2.144890200804684E-002
   322501.485330757       1.448118365730734E-003  2.194350294882156E-002
   1518981.27277862       1.915645619221600E-003  2.244091225078841E-002
   2119014.32182834       2.550574368946711E-003  2.179613300764192E-002
   941344.875289368       2.032582273094486E-003  2.133695742940510E-002
   652005.351050227       1.512509823098523E-003  2.088123310356052E-002
   845962.431673253       9.941689918171869E-004  2.043054402771311E-002
   43713.1462367810       4.835880529556733E-004  1.997697280535259E-002
   23744.8976382716       9.923992931348108E-004  1.948502877432948E-002
   863078.672367482       1.504730021267873E-003  1.899373893323253E-002
   1702283.40150850       2.019115655281301E-003  1.850047658794398E-002
   1201962.15082962       2.531202927333609E-003  1.800446575610105E-002
   121087.290324352       1.514405461221728E-003  1.799051569287138E-002
   659581.347061497       1.014608860422302E-003  1.849473284510169E-002
   1496232.97589342       5.129183470115041E-004  1.899892914864870E-002
   91785.7822870843       1.282856422875141E-005  1.950832359009681E-002
   312598.037195261      -3.021250335140769E-004  1.900406632399861E-002
   126266.582449893      -6.158451841999275E-004  1.849965753138813E-002
   466895.991962115      -9.287021044810997E-004  1.799396651767791E-002
   541518.610414823      -2.492215194162025E-003  1.874900594648153E-002
   401611.865280866      -1.984414525020537E-003  1.905942570607266E-002
   153697.452696821      -1.474138254280260E-003  1.936753479085667E-002
   204273.175965313      -9.648834846630220E-004  1.967508782971584E-002
   253049.506436892      -4.569860652107045E-004  1.998242186274846E-002
   408567.953551418      -9.653927466021132E-004  2.044416376335969E-002
   1385567.75926198      -1.478668330397464E-003  2.090557585559683E-002
   1868460.71247622      -1.992789000929291E-003  2.137060265972703E-002
   2593875.39624599      -2.503388760427758E-003  2.184094005442897E-002
   2194106.40266261       3.189912644211347E-003  2.243703001182253E-002
   136162.549657250       3.654166020730115E-003  2.199324216410302E-002
   282242.783321426       4.125189784778626E-003  2.155001465089664E-002
   1295043.16012982       4.595890667364073E-003  2.110488253526020E-002
   815125.039887957       5.066770802720179E-003  2.065455847235559E-002
   942937.798202256       5.437572079648627E-003  2.110223428116515E-002
   195002.015056419       5.807461329111481E-003  2.154721645358244E-002
   149425.578423848       6.176426165776779E-003  2.199230280292899E-002
   634271.277382192       6.543250659679298E-003  2.243783066827695E-002
   1325821.67042442       7.581384063833987E-003  2.138721847433697E-002
   886131.060249764       7.126413988800128E-003  2.102570438905088E-002
   820793.815842389       6.671301107317471E-003  2.066538621442545E-002
   237334.281791252       6.217336580272793E-003  2.030674883936320E-002
   389993.368847506       5.764524806579358E-003  1.994835508446802E-002
   283358.584191382       6.212065180209864E-003  1.949513369535873E-002
   27078.2270607366       6.661639051285009E-003  1.904366132346573E-002
   525529.211449361       7.113186694923334E-003  1.858998889132653E-002
   332322.436813920       7.563282977091255E-003  1.813356885302433E-002
   441369.344263796       6.426432627192076E-003  1.790226055238026E-002
   58910.3865116895       5.971042335910258E-003  1.834977534004005E-002
   421533.649086384       5.515600235526802E-003  1.879750669082789E-002
   744411.859300306       5.059044050170327E-003  1.924818172275169E-002
   1125374.11811638       4.556146089674203E-003  1.880044824490925E-002
   765054.221676165       4.051167531989684E-003  1.835880244077870E-002
   243644.804996416       3.546909997567519E-003  1.791863777662217E-002
   948358.719297227       2.991175984459719E-003  1.849392326275628E-002
   263297.075480179       3.451646477949088E-003  1.898071564209608E-002
   237074.162014531       3.908428912413990E-003  1.946670114114770E-002
   897738.916010022       4.362788679207840E-003  1.995358705979188E-002
   773580.306831054       3.914271799252946E-003  2.041451274670206E-002
   172247.622535774       3.461804128444490E-003  2.087285777249566E-002
   542400.598577469       3.006358930920360E-003  2.133391411001353E-002
   318960.059210719       8.628768400668643E-003  2.242894666093114E-002
   318350.592657189       8.991790069779959E-003  2.199602058259372E-002
   346312.730907206       9.356916247006802E-003  2.156535480836637E-002
   1259061.49736115       9.722507035878151E-003  2.113226241622347E-002
   760054.027486741       1.008905330885155E-002  2.069872597487353E-002
   1635034.40733641       1.057984932287452E-002  2.112581593779115E-002
   705678.738435704       1.107137098501798E-002  2.155093746617292E-002
   556872.469507888       1.156209925980971E-002  2.197182294028832E-002
   972969.575210566       1.204966314261967E-002  2.239404662712528E-002
   1611640.08543778       1.261895867995920E-002  2.180706043210805E-002
   555254.347395700       1.217315301406644E-002  2.133418080197311E-002
   160273.286373080       1.173022449062744E-002  2.086398573231010E-002
   702723.284298540       1.128854574465678E-002  2.039355486622599E-002
   153654.729044472       1.085282738318986E-002  1.992070065675451E-002
   260158.674460088       1.128226715942988E-002  1.941350210326615E-002
   189763.562278228       1.171466628751081E-002  1.890579729597465E-002
   1035351.41176789       1.214767606124194E-002  1.839843843287753E-002
   888901.874888835       1.258202822500241E-002  1.788832108832412E-002
   89348.8064805668       1.160250807758642E-002  1.785428843279430E-002
   577908.869728089       1.109472033896725E-002  1.828604293536336E-002
   922499.009982114       1.058555226131114E-002  1.872035293695544E-002
   313764.992638219       1.007852786213834E-002  1.915630830159872E-002
   567103.736515691       9.617734124746999E-003  1.872791225126613E-002
   231450.769385779       9.157655368450144E-003  1.830051750641213E-002
   327887.290136877       8.697619256320437E-003  1.787497900063895E-002
   713497.747855418       8.002220576153832E-003  1.858575679599893E-002
   180991.140784575       8.440618081892342E-003  1.903536418228103E-002
   185246.698647677       8.878955885848569E-003  1.948316340892753E-002
   169206.361456040       9.314501553811142E-003  1.993211178846998E-002
   67764.7101109590       8.884426029736102E-003  2.029528505148316E-002
   660360.144406777       8.450420167542938E-003  2.065792701444285E-002
   748317.643594525       8.017067611905805E-003  2.102213199591195E-002
   804050.879346060       1.320243797216636E-002  2.237944433878167E-002
   60343.0840724713       1.367889357365139E-002  2.189747857971414E-002
   275576.979028042       1.416012484484463E-002  2.141866168741284E-002
   1360489.63475891       1.464385389962435E-002  2.093700760492664E-002
   762101.936013044       1.512725311204878E-002  2.045281242000254E-002
   1109081.70087016       1.553725381822166E-002  2.092857481364438E-002
   124769.465848762       1.594619773691272E-002  2.140316810706122E-002
   54258.9984818809       1.635377965651146E-002  2.187584085452367E-002
   680974.571321600       1.675693400938144E-002  2.235111629916639E-002
   1255537.58002507       1.765199015305588E-002  2.143416848083176E-002
   916004.129916866       1.716115125897268E-002  2.104253829347716E-002
   826331.434322061       1.667154850941106E-002  2.065093609561794E-002
   64011.7269686068       1.618106687003642E-002  2.026143221352199E-002
   41059.8721329339       1.569487896292486E-002  1.987168101815628E-002
   207011.857000006       1.617264557106173E-002  1.944922438682497E-002
   543545.271281964       1.665370454218826E-002  1.902643574585466E-002
   1019866.16888123       1.713375472726089E-002  1.860169459304663E-002
   573268.433601862       1.761418841550741E-002  1.817492341982995E-002
   412581.987187574       1.637311773229563E-002  1.785279217832800E-002
   67556.4962561317       1.595532413520823E-002  1.833488562362216E-002
   508521.253644231       1.553588953686084E-002  1.881833578510362E-002
   592419.186149739       1.511562066479864E-002  1.930254488151619E-002
   1053243.80134366       1.459859790517140E-002  1.882698539580535E-002
   520968.873581847       1.407922005085496E-002  1.835398072843053E-002
   276295.175675305       1.356143308089609E-002  1.788381685363336E-002
   772444.381973974       1.307567870745971E-002  1.838907131818007E-002
   385837.901945375       1.356853913316660E-002  1.888672938254694E-002
   158865.325288221       1.406073276262294E-002  1.938444762225863E-002
   218620.819933417       1.454819763800318E-002  1.988272789125925E-002
   328897.199521521       1.407054669057247E-002  2.036310232744195E-002
   633034.362619119       1.358687225725434E-002  2.084199330002506E-002
   999183.739844275       1.310314183036815E-002  2.132220373459414E-002
   259515.254948389       1.856628639403381E-002  2.233269148554470E-002
   445777.078770278       1.896020636283206E-002  2.193136711478285E-002
   457122.786181335       1.935794252219939E-002  2.153193415584152E-002
   1148990.58838750       1.975578337450028E-002  2.112994507669192E-002
   695848.984607388       2.015411778277473E-002  2.072682792970039E-002
   1180425.65530310       2.059105116504684E-002  2.111969356592249E-002
   502784.019647218       2.102739148224403E-002  2.151183617099986E-002
   439827.701683564       2.146260654531940E-002  2.190144577101300E-002
   373050.083108207       2.189639565506455E-002  2.229261858667610E-002
   1057446.89645686       2.267439400301113E-002  2.149116707690799E-002
   598397.307583297       2.226558529562187E-002  2.106976575422440E-002
   392177.819437279       2.185898771669456E-002  2.064988094978610E-002
   212983.370407514       2.145204463415214E-002  2.023001126415024E-002
   67968.2426888151       2.104783001996397E-002  1.980902042909321E-002
   236604.399598429       2.144219240317375E-002  1.942017389143268E-002
   380237.800932924       2.183781293143299E-002  1.903240727586697E-002
   780834.658829453       2.223257175690105E-002  1.864274319309769E-002
   472888.619128521       2.262866172142821E-002  1.825344188547235E-002
   119341.228772174       2.127486929141871E-002  1.770715732290775E-002
   245322.482024793       2.089393643519518E-002  1.810854204529939E-002
   441063.796802095       2.051352210440589E-002  1.851149063369311E-002
   511694.886219070       2.013148964549423E-002  1.891491380330013E-002
   762894.712616419       1.970289633867220E-002  1.852104084652843E-002
   462105.235893544       1.927403564979655E-002  1.812878680794353E-002
   251568.732854973       1.884560365629629E-002  1.773848864864885E-002
   555801.213260703       1.802184430709386E-002  1.858984523739198E-002
   280971.970063615       1.842780552758367E-002  1.900402295778083E-002
   43801.0492011543       1.883391777110446E-002  1.941759556559001E-002
   166589.891811386       1.923872785867814E-002  1.983121376297261E-002
   212645.826531672       1.884436953321162E-002  2.023218318354384E-002
   395905.101475550       1.844748173080507E-002  2.063242606428237E-002
   540682.760457595       1.805101233251098E-002  2.103381143667876E-002
   42481.8348789850       2.347424099794341E-002  2.227163727287577E-002
   783890.219839711       2.389833206070663E-002  2.195713509581719E-002
   686137.887794756       2.432341212993020E-002  2.164201658992124E-002
   1100231.77215209       2.474907364954043E-002  2.132635406587224E-002
   563759.782818085       2.517518461777518E-002  2.101051670662640E-002
   987707.968958594       2.555849694664557E-002  2.131388979453856E-002
   530756.513033402       2.594200346696341E-002  2.161745326866923E-002
   614474.978929747       2.632477352084432E-002  2.192084567596718E-002
   207902.841364150       2.670661286856390E-002  2.222406636208597E-002
   997885.223675056       2.768486658286653E-002  2.121214124904630E-002
   397447.010240903       2.736583922009853E-002  2.084155195811313E-002
   314907.151304301       2.704747350854554E-002  2.047138190127254E-002
   110687.475333543       2.673021176434607E-002  2.010101180204375E-002
   56987.4268155187       2.641472387524124E-002  1.973076624151448E-002
   89129.0630433823       2.671781093938773E-002  1.927901879570993E-002
   24469.4784928445       2.702170093691067E-002  1.882749616426840E-002
   459441.322987254       2.732713075877873E-002  1.837568809713631E-002
   404020.630624102       2.763252353491830E-002  1.792358238651206E-002
   194467.293439896       2.647016180860473E-002  1.754131376715704E-002
   495074.538126262       2.602554106278487E-002  1.785794387214454E-002
   558786.970975954       2.558097114435429E-002  1.817436276027770E-002
   362774.754695761       2.513648797853955E-002  1.849133070012234E-002
   521188.080484837       2.474567547983073E-002  1.818713493532229E-002
   353226.794434380       2.435580960370326E-002  1.788359400651684E-002
   305143.853730070       2.396505853956666E-002  1.757963205644111E-002
   384647.561431003       2.294650245878458E-002  1.863209855610565E-002
   240879.110580636       2.326446262212334E-002  1.901178100272753E-002
   38302.6425812967       2.358108363033294E-002  1.939004836500016E-002
   36139.1569688331       2.389728890395016E-002  1.976917378295568E-002
   286484.825238686       2.359408782598208E-002  2.020040158084053E-002
   138360.831799585       2.328888443401187E-002  2.063067636221768E-002
   278386.278194017       2.298214956312780E-002  2.106059183761983E-002
   87239.2309977997       2.869462662723578E-002  2.219223267906594E-002
   487983.043740724       2.906598828499275E-002  2.183127537950479E-002
   473500.828224431       2.943838579633158E-002  2.147103777277039E-002
   1042824.68897646       2.981169100236599E-002  2.111057360468654E-002
   540061.319797001       3.018487611837864E-002  2.074906397556889E-002
   952505.472754467       3.052288016577081E-002  2.109849410572365E-002
   368534.418406532       3.086071763013919E-002  2.144715964848405E-002
   406898.568412539       3.119768363091476E-002  2.179580604805333E-002
   220569.618529782       3.153278135987772E-002  2.214538066764368E-002
   925178.834924480       3.269469823628034E-002  2.093946396373803E-002
   522897.553443735       3.233026441124971E-002  2.061810159607951E-002
   483692.586778673       3.196710429194095E-002  2.029612747185542E-002
   14132.4231096471       3.160488987986131E-002  1.997410644818807E-002
   172008.739307656       3.124355472690796E-002  1.965222344307493E-002
   50937.3969003131       3.159220252652007E-002  1.921016344544917E-002
   102628.392152487       3.194053019163914E-002  1.876721842983183E-002
   380187.524339377       3.229038883715765E-002  1.832501233844713E-002
   327805.445271876       3.264064787426337E-002  1.788123632588698E-002
   132664.708476465       3.144595131362595E-002  1.750595776364098E-002
   351205.203854018       3.101384233037727E-002  1.786831292845638E-002
   470029.069626896       3.058059799220226E-002  1.823024917424891E-002
   291684.836400648       3.014849787782127E-002  1.859382238902836E-002
   472336.602434005       2.969335323114075E-002  1.824522477161047E-002
   312672.899071545       2.923811005127363E-002  1.789836581156963E-002
   234508.479948180       2.878300392126317E-002  1.755114137164032E-002
   360796.196806093       2.799805300555334E-002  1.836538260743451E-002
   178156.140665837       2.836291179322191E-002  1.880669049134193E-002
   22781.0672432242       2.872628436640588E-002  1.924761829246958E-002
   64151.1428378268       2.908998325866257E-002  1.968858035481799E-002
   84393.4617238990       2.874042873343691E-002  2.006918268350441E-002
   413534.858284033       2.838983052087705E-002  2.044994424464294E-002
   522337.995445808       2.803803136323329E-002  2.083066431788567E-002
   53662.4671583653       3.389878015641232E-002  2.210334923894151E-002
   425394.999632529       3.422130933823314E-002  2.174605538282703E-002
   400422.342143718       3.454572535821566E-002  2.138960739395778E-002
   920019.449476128       3.487104032499120E-002  2.103216006876902E-002
   491928.720062469       3.519624139181392E-002  2.067467873370605E-002
   978704.430872546       3.560187234459792E-002  2.101803965886989E-002
   401254.711420753       3.600554917333544E-002  2.136157795280805E-002
   469785.947973321       3.641035338228493E-002  2.170380924497157E-002
   386977.357945780       3.681300290623165E-002  2.204689968234211E-002
   1041535.82235145       3.771224033920342E-002  2.111012011801209E-002
   442128.178247833       3.734930689470512E-002  2.072239342442380E-002
   353532.540697295       3.698784581023140E-002  2.033436814765855E-002
   154158.143955464       3.662659282802477E-002  1.994830963905920E-002
   120313.471108677       3.626745682985738E-002  1.956020808912211E-002
   256312.859430479       3.660850115858986E-002  1.896458553324736E-002
   215331.850480337       3.695025230321152E-002  1.837043040628814E-002
   76545.5204232657       3.729380392741090E-002  1.777629988112614E-002
   311404.186067818       3.764065112084469E-002  1.718181231545860E-002
   839955.772060448       3.691065734299714E-002  1.740183529126897E-002
   738032.218397741       3.632395326127737E-002  1.776315458598264E-002
   610143.429701992       3.573959745212212E-002  1.812585272961504E-002
   170867.338341172       3.515534560217357E-002  1.848972746716140E-002
   275496.085184656       3.471101305244410E-002  1.814598517462328E-002
   139905.778296691       3.426560453261573E-002  1.780295107940765E-002
   14673.6812613367       3.382148405485751E-002  1.746034960210371E-002
   309499.250099184       3.300211071643731E-002  1.831255488978903E-002
   112483.053385570       3.336320200762663E-002  1.874225386124191E-002
   48557.3480508749       3.372391174004165E-002  1.917260909056217E-002
   47647.6254495256       3.408413878229977E-002  1.960189904229108E-002
   28093.2298498435       3.373833355515682E-002  1.993618245582822E-002
   455976.049020452       3.339091699234865E-002  2.027087597711568E-002
   507585.523986950       3.304346887207528E-002  2.060546261037595E-002
   225304.589545837       3.864648365496975E-002  2.201168621306613E-002
   331145.088518136       3.903532778163394E-002  2.163267049555223E-002
   312373.986854941       3.942640313393191E-002  2.125449215871415E-002
   816517.650970804       3.981661228188644E-002  2.087632882211436E-002
   409304.773578464       4.020850997342551E-002  2.049686414623198E-002
   810198.452624568       4.057996873406773E-002  2.086247223563373E-002
   324121.544325896       4.094974408914963E-002  2.122689091915269E-002
   362509.456962555       4.132064312323413E-002  2.159126289164101E-002
   287903.205573669       4.168886083126862E-002  2.195638290313155E-002
   790188.390317063       4.272179287434438E-002  2.087954777234078E-002
   296637.019616947       4.233938439705458E-002  2.052738101438085E-002
   249328.338725676       4.195816195732421E-002  2.017372152960476E-002
   158042.633517177       4.157815533181840E-002  1.982178264495721E-002
   32554.1358704142       4.119879690097281E-002  1.946815054533528E-002
   250666.980682625       4.156252630750023E-002  1.892980843612777E-002
   40960.5435272091       4.192580561741636E-002  1.839166045801405E-002
   215501.929382750       4.229130121245506E-002  1.785379222236355E-002
   311471.344140788       4.265757410050650E-002  1.731470908783345E-002
   242787.657862348       4.175602047867689E-002  1.733326510811381E-002
   404422.724323059       4.122770621365128E-002  1.771410459915679E-002
   512130.035775747       4.069960952396706E-002  1.809486114763637E-002
   122189.022036715       4.017239143121401E-002  1.847792037797337E-002
   357396.226065631       3.957474269945128E-002  1.811550773782905E-002
   371734.385423021       3.897732063203654E-002  1.775511797407061E-002
   216938.842929891       3.837770888007207E-002  1.739554806973139E-002
   44439.2457046551       3.802905253534918E-002  1.776255400198012E-002
   244492.772167021       3.841500341746461E-002  1.834260752182945E-002
   258213.361568064       3.879834639945179E-002  1.892283791487872E-002
   4373.49801077784       3.918170987656230E-002  1.950492608721344E-002
   1580.41987376185       3.881571006482877E-002  1.990631954204073E-002
   449320.027829897       3.844902033241120E-002  2.030622575637028E-002
   554298.226996432       3.808119341919823E-002  2.070815912179953E-002
   307870.098268324       4.379622337550368E-002  2.191397305284946E-002
   90671.6854380876       4.414701645170915E-002  2.139728558622690E-002
   113461.316776795       4.450094083503374E-002  2.088171958197565E-002
   539288.908119578       4.485510335355801E-002  2.036611115594726E-002
   388994.861731680       4.521186298481368E-002  1.984954996518489E-002
   666847.092609363       4.559131659531803E-002  2.035270258498352E-002
   19795.1142911515       4.596987004231581E-002  2.085475328270614E-002
   15095.0626867226       4.634785586612851E-002  2.135633966656306E-002
   304062.706362487       4.672434917427198E-002  2.185871407582641E-002
   536211.993143174       4.773840027579014E-002  2.080007400328965E-002
   372047.466598985       4.721805361557128E-002  2.044550273208339E-002
   404376.143391329       4.669788879300087E-002  2.009115001602640E-002
   84307.7858214295       4.617762396824401E-002  1.973789231403864E-002
   252726.552334316       4.565956759396550E-002  1.938431101771014E-002
   288707.493265691       4.616464529905917E-002  1.900567919481416E-002
   417237.025588486       4.666981509505173E-002  1.862633394817986E-002
   470690.899649899       4.717464433891613E-002  1.824624019509184E-002
   290091.040742658       4.767916952226327E-002  1.786567656719282E-002
   136951.869082892       4.627898746574313E-002  1.738456506132829E-002
   33484.5962813499       4.591867877837237E-002  1.790193989288601E-002
   174769.104978310       4.555756081233879E-002  1.841910521067255E-002
   62450.1321936222       4.519576431789054E-002  1.893673490852612E-002
   330573.298939517       4.465163234643166E-002  1.843580466506645E-002
   89104.9429594212       4.410659041302296E-002  1.793673498007971E-002
   33809.1216067646       4.356168105582450E-002  1.743858276134391E-002
   171033.935040256       4.318080634467705E-002  1.783731966344228E-002
   52762.1825399055       4.370441553114113E-002  1.835835174469953E-002
   176094.999926986       4.422721594906754E-002  1.887911654259719E-002
   86042.5138556116       4.474807018179821E-002  1.940096776175599E-002
   382895.120844295       4.424229511283011E-002  1.976965815079604E-002
   787993.772041571       4.373499798507129E-002  2.013800594349820E-002
   714222.437317159       4.322832112328744E-002  2.050899725218574E-002
   196436.356588805       4.879556520218604E-002  2.181565077862673E-002
   11613.1658925262       4.915120165618200E-002  2.131604434892570E-002
   12770.0094320807       4.950826595647381E-002  2.081713966872247E-002
   380764.624437820       4.986592143539705E-002  2.031798129425387E-002
   295144.614392734       5.022418381891861E-002  1.981795207712498E-002
   408384.339680541       5.060866748289043E-002  2.030253121337670E-002
   13277.9969809270       5.099161646097611E-002  2.078656174587674E-002
   19939.8676960609       5.137522445462178E-002  2.127024412958751E-002
   192792.759813074       5.175785889507306E-002  2.175441167000150E-002
   362561.826076265       5.274843058176452E-002  2.071875644762550E-002
   258426.528012228       5.224618176969443E-002  2.035802861521828E-002
   263352.441243423       5.174407647116575E-002  1.999745908503837E-002
   22701.4339854835       5.124196847422218E-002  1.963855315688287E-002
   106540.102345324       5.074108273919269E-002  1.927844349598745E-002
   243883.154275929       5.122741152828628E-002  1.893385171656612E-002
   291003.989036454       5.171412416463416E-002  1.858792978639665E-002
   361679.084651107       5.220067265934896E-002  1.824245734344430E-002
   224046.005359266       5.268711988700871E-002  1.789671692826139E-002
   107096.403763758       5.117891329038175E-002  1.726290916165200E-002
   5061.59454476287       5.085419385123643E-002  1.776231572573594E-002
   125522.841405876       5.052800783281741E-002  1.826174477885342E-002
   179098.259701561       5.020223949029658E-002  1.876144997793536E-002
   227497.919569288       4.982036344526432E-002  1.827658339672842E-002
   11516.9103078997       4.943884902155724E-002  1.779245464340650E-002
   18576.9226009713       4.905781214550235E-002  1.730845279650098E-002
   261731.686788544       4.818103113347890E-002  1.822491313929636E-002
   258606.116582602       4.868279093451101E-002  1.858397312311484E-002
   77827.9290702709       4.918458284236622E-002  1.894236631893124E-002
   36713.1001880589       4.968562009077786E-002  1.930051628872260E-002
   102220.150947017       4.919965585123749E-002  1.967472399675080E-002
   385907.448605286       4.871253305116409E-002  2.004915762625688E-002
   374738.842816932       4.822554025634958E-002  2.042451265536913E-002
   98134.3895687786       5.378320883268339E-002  2.171036022320601E-002
   69687.7446893581       5.414558794047026E-002  2.126586544227003E-002
   78068.7456920846       5.450882930381377E-002  2.082171190143409E-002
   292926.528553682       5.487125281096450E-002  2.037824140725413E-002
   195460.714450950       5.523484465671001E-002  1.993329511089880E-002
   253946.801767454       5.558549860762350E-002  2.036241566372673E-002
   38404.3593378866       5.593475849492081E-002  2.079042642417115E-002
   48154.6102038169       5.628492997145501E-002  2.121915959740169E-002
   126556.565140805       5.663444359520089E-002  2.164822688569306E-002
   287225.090866502       5.774988502348841E-002  2.048156397846091E-002
   184845.172988131       5.730458815288587E-002  2.015168907029790E-002
   186404.949252790       5.685954773831654E-002  1.982174154619235E-002
   27257.9727465457       5.641551302651331E-002  1.949315658666590E-002
   19564.0562366193       5.597106002284963E-002  1.916346519166937E-002
   54815.7381992162       5.639938602937599E-002  1.876149627502685E-002
   113870.777721553       5.682726902440484E-002  1.835963100903733E-002
   203701.178862228       5.725630784745949E-002  1.795850935359397E-002
   157051.543696346       5.768531744464469E-002  1.755606293749653E-002
   10331.7616029208       5.635292152846105E-002  1.709242022942819E-002
   107758.686144323       5.596999207851552E-002  1.753737301684656E-002
   191675.414225726       5.558586561407894E-002  1.798157125092746E-002
   187836.470682242       5.520163701445532E-002  1.842709341754106E-002
   199433.935759547       5.485609781901377E-002  1.799779125570116E-002
   33401.0049385760       5.450983117568527E-002  1.756983524981899E-002
   6962.05628435218       5.416476356908587E-002  1.714102664916468E-002
   214232.010902798       5.313223970035928E-002  1.822172923302624E-002
   187654.316322127       5.357719861583010E-002  1.854667063055442E-002
   58494.7214068719       5.402114193059337E-002  1.887226686777406E-002
   15167.2287236926       5.446561857804454E-002  1.919674721692586E-002
   4298.67341271313       5.403671035938550E-002  1.957731590406513E-002
   178003.648074741       5.360809994220868E-002  1.995682999815453E-002
   203300.679150257       5.317842543081173E-002  2.033778720497605E-002
   70595.5406363151       5.891581305247130E-002  2.159778513839150E-002
   51990.8293214164       5.924597997386167E-002  2.115168535002843E-002
   53560.6278709767       5.957681630333200E-002  2.070587575860653E-002
   245572.211524597       5.990677678329527E-002  2.025983589404037E-002
   153820.916426426       6.023799172628650E-002  1.981348377828907E-002
   307965.384957540       6.067908451175909E-002  2.024240202531873E-002
   105262.608926709       6.112015263425351E-002  2.067084669665859E-002
   90826.6886533966       6.156119884496448E-002  2.109880629339326E-002
   149889.515983697       6.200157444245605E-002  2.152692768189941E-002
   278607.272111312       6.276277035300028E-002  2.072800923998983E-002
   100093.673900384       6.231271966384279E-002  2.030901565776691E-002
   55601.6914366325       6.186299328907826E-002  1.989012554204400E-002
   118419.155794704       6.141353635570600E-002  1.947146737791827E-002
   30693.3320629407       6.096495988658775E-002  1.905244524211506E-002
   64402.7956230233       6.139300780154624E-002  1.854745664925526E-002
   57407.7012344891       6.182160018569652E-002  1.804262471439534E-002
   168468.353047081       6.225065654414599E-002  1.753773702088555E-002
   166475.260086884       6.267972976141539E-002  1.703121891117189E-002
   65750.7610509554       6.166607560225749E-002  1.697665044697098E-002
   161570.830469720       6.117889118924921E-002  1.742572805507246E-002
   255652.515134762       6.069164543636576E-002  1.787518998078796E-002
   92115.3965282308       6.020473699394745E-002  1.832533769684360E-002
   123437.100032348       5.980135835198901E-002  1.789547522266113E-002
   5039.91872450070       5.939815643264183E-002  1.746588503496508E-002
   54807.0675076687       5.899621152792085E-002  1.703638782020580E-002
   163633.770804448       5.813353799291701E-002  1.793921375354662E-002
   108853.522838279       5.858172759642540E-002  1.832105782944566E-002
   5649.52678616290       5.902988360551765E-002  1.870356328693754E-002
   1166.09317516386       5.947764324391362E-002  1.908600983951949E-002
   31885.5459648064       5.904619370200438E-002  1.943500140646574E-002
   176193.714862934       5.861417404457393E-002  1.978297009778165E-002
   182738.129486537       5.818216160457743E-002  2.013229573159713E-002
   149597.882313604       6.356094005466828E-002  2.148977930966641E-002
   81954.0230680394       6.397782079528773E-002  2.092759597471955E-002
   83062.6764993837       6.439583192320138E-002  2.036611230284338E-002
   152581.509965498       6.481479894054908E-002  1.980495191888970E-002
   134621.194321908       6.523441345234635E-002  1.924304368323852E-002
   188960.260802920       6.568864027795149E-002  1.978526006493928E-002
   42023.2015765345       6.614271203327117E-002  2.032673256437426E-002
   33955.4728287991       6.659634394298948E-002  2.086824127204401E-002
   129002.131957080       6.704931545194862E-002  2.141017196832409E-002
   168343.058791285       6.777157912291527E-002  2.065258480848813E-002
   120162.485047515       6.720761778301708E-002  2.022599648012811E-002
   125464.391033356       6.664345669277895E-002  1.979979239344034E-002
   50315.6485269490       6.607915496568526E-002  1.937413822278676E-002
   13144.6224958794       6.551582182542380E-002  1.894838692278267E-002
   68918.7223666641       6.605826060596734E-002  1.844386501380652E-002
   146145.047128320       6.660116372852909E-002  1.793926672396995E-002
   173239.304205345       6.714377936534435E-002  1.743310067563195E-002
   109950.600523384       6.768585521790883E-002  1.692718584278425E-002
   40839.5220988148       6.666658900079736E-002  1.697657733046567E-002
   8816.27521032976       6.618470575439492E-002  1.753997716798926E-002
   112078.510046904       6.570319046610665E-002  1.810315217791028E-002
   65010.8775422353       6.522156111953802E-002  1.866685554833783E-002
   106396.455009297       6.471167117953795E-002  1.812587580060495E-002
   60473.4801946995       6.420171373676455E-002  1.758585050716793E-002
   63010.2549408540       6.369242954767169E-002  1.704565397147089E-002
   117920.234208270       6.324463104329169E-002  1.751551316255272E-002
   97397.8917774708       6.381003035946722E-002  1.799794025701376E-002
   53258.5006897222       6.437561673109041E-002  1.847959192270615E-002
   79271.4400714249       6.494021000652453E-002  1.896138812224407E-002
   120361.684531113       6.439601095969777E-002  1.940199575988019E-002
   280398.956843453       6.385109700320157E-002  1.984311150679060E-002
   262167.622215079       6.330668947655389E-002  2.028522694028910E-002
   97705.0019386793       6.852873932310419E-002  2.137527626545858E-002
   61274.8403264844       6.895531186131532E-002  2.079764504832084E-002
   78056.9405248666       6.938261408691583E-002  2.021952719966788E-002
   72872.2062882840       6.981064682719985E-002  1.964274907017198E-002
   86628.9530312246       7.023920437290401E-002  1.906553626610377E-002
   122411.170444999       7.072347126679426E-002  1.962212773022286E-002
   21100.4262545204       7.120674961653353E-002  2.017804522246819E-002
   27300.2728762845       7.169067554649260E-002  2.073502725891887E-002
   68723.7930742511       7.217309760449080E-002  2.129135935366360E-002
   88012.9670792889       7.278011854154379E-002  2.065464308227090E-002
   86682.7324978015       7.220065383948995E-002  2.019937143062040E-002
   84167.3535905741       7.161992430830706E-002  1.974349463653769E-002
   24281.9478978903       7.104008362977962E-002  1.928900185683773E-002
   8190.31979056690       7.046098227865503E-002  1.883335936875195E-002
   106950.441082765       7.102047506389948E-002  1.843879588042121E-002
   125207.042139898       7.157988031611050E-002  1.804374101501729E-002
   88720.7143297029       7.214001983047716E-002  1.764831456591112E-002
   52088.7403779203       7.269886633903209E-002  1.725256306301897E-002
   43862.5365833536       7.133556369695200E-002  1.688118028519085E-002
   56155.9226920147       7.096717671867346E-002  1.745879648770997E-002
   4770.43349265829       7.059834683796540E-002  1.803516202630539E-002
   33335.8325326723       7.022896549807567E-002  1.861147631115646E-002
   87979.9039857116       6.972182202605451E-002  1.805534799784363E-002
   11111.1946645583       6.921453559436398E-002  1.750002019739658E-002
   20300.0441063210       6.870661855565995E-002  1.694362078607311E-002
   80262.3910973310       6.826585633401479E-002  1.740653144087305E-002
   71877.4621297997       6.884717515727062E-002  1.788640917146266E-002
   9729.59081434080       6.942758171529451E-002  1.836489573485370E-002
   61875.7080968553       7.000722994859943E-002  1.884359493318015E-002
   61125.8833952296       6.944857189444918E-002  1.929501277556465E-002
   166804.988057372       6.888948195401956E-002  1.974687973622585E-002
   144729.897067282       6.832984242865527E-002  2.019951226018437E-002
   22916.5696528012       7.341668447433333E-002  2.126188171399465E-002
   31569.6683765069       7.387560508643258E-002  2.082909409291932E-002
   55433.9692511329       7.433572080315910E-002  2.039626993729043E-002
   39326.4578417192       7.479483136080164E-002  1.996234911871510E-002
   29934.2349845782       7.525474757094901E-002  1.952903646881311E-002
   14047.3565413047       7.568004312613807E-002  1.994080662675457E-002
   42463.5198681870       7.610645291640300E-002  2.035311580137114E-002
   28748.7444353239       7.653174167512683E-002  2.076426743935481E-002
   433233.816169436       7.695641546043197E-002  2.117570886351878E-002
   269902.108541300       7.777532854818787E-002  2.031615032263000E-002
   13006.3892535596       7.734290789279059E-002  1.991194508056417E-002
   25969.8201795466       7.691075542063804E-002  1.950770274446453E-002
   88303.7852013685       7.647769946705683E-002  1.910269299244271E-002
   122996.348133410       7.604585916574463E-002  1.869874847817878E-002
   71989.9038223142       7.645845195592907E-002  1.828770686475003E-002
   90001.3349531842       7.687228044262356E-002  1.787645588544589E-002
   169596.104036122       7.728535834532962E-002  1.746504982160505E-002
   113834.503992268       7.769840940058580E-002  1.705323942379712E-002
   25746.9817579410       7.639368213460135E-002  1.661318193176551E-002
   62610.9554934759       7.600128410436492E-002  1.704393087008450E-002
   209741.934229377       7.560864883889118E-002  1.747583373364041E-002
   52664.0778919571       7.521615509100800E-002  1.790736082944165E-002
   93568.6869906294       7.482366985806753E-002  1.749493771142684E-002
   6453.06577507911       7.443129543749999E-002  1.708162728463024E-002
   74495.7976486626       7.403906475959506E-002  1.666943778214697E-002
   61645.7370273164       7.313018919210426E-002  1.762417759281831E-002
   3257.59413047861       7.356156846630946E-002  1.799549142857122E-002
   91697.6744399591       7.399384501875937E-002  1.836664129288091E-002
   73924.0056201213       7.442473286545864E-002  1.873791341968169E-002
   6550.15720870425       7.401398561314711E-002  1.921753389013309E-002
   4923.31347150153       7.360217561412925E-002  1.969623075858654E-002
   26586.5291095852       7.319121119160145E-002  2.017590072186807E-002
   236332.624961226       7.863380059167714E-002  2.113624226648417E-002
   15634.2141088709       7.903997712303346E-002  2.076221324213069E-002
   17012.3983721752       7.944671205730014E-002  2.038836795421723E-002
   2248.56219337179       7.985450344032330E-002  2.001430901664990E-002
   61817.2539259336       8.026105947289500E-002  1.963977171946279E-002
   9451.99663400154       8.072630692139000E-002  1.999426178356906E-002
   15974.1635732323       8.119266365142680E-002  2.034856028869749E-002
   6697.43479052481       8.165798708525902E-002  2.070289181273856E-002
   17303.5846584288       8.212424748534179E-002  2.105721274687655E-002
   31928.6936210839       8.277869345848289E-002  2.037195806395540E-002
   14323.4351816352       8.240315941776882E-002  1.992249057281872E-002
   2914.85813809728       8.202767036177201E-002  1.947404617735068E-002
   16518.6432153710       8.165220828157728E-002  1.902459454310909E-002
   107626.909764058       8.127666089581424E-002  1.857625377761894E-002
   19396.6616739710       8.163083549228679E-002  1.811712633282847E-002
   29833.6739773026       8.198543192196345E-002  1.765822566834011E-002
   967.614677102857       8.234015665495979E-002  1.720027003366495E-002
   10067.3032450547       8.269480958821805E-002  1.674101380907625E-002
   32095.0846746603       8.153949654866853E-002  1.643514232289262E-002
   8364.82904701742       8.109790879617328E-002  1.681006663035225E-002
   14559.6891871682       8.065528432568780E-002  1.718520129006128E-002
   139718.202502188       8.021249774589262E-002  1.756028956957899E-002
   144599.147893310       7.980159262342273E-002  1.720467585866761E-002
   124286.475783947       7.939045227473591E-002  1.684968716690426E-002
   7726.32980448819       7.897950054995267E-002  1.649486543477874E-002
   144237.665452877       7.807345339010233E-002  1.744629994605252E-002
   27099.0506070499       7.844840516962859E-002  1.783903938287007E-002
   20407.0222338908       7.882304130552478E-002  1.823172501566186E-002
   192979.108576655       7.919759413738826E-002  1.862420576629717E-002
   68429.0016199638       7.884216339271723E-002  1.904677675056452E-002
   39597.4053333669       7.848678496226687E-002  1.947052669186359E-002
   21119.5968433917       7.813123101904784E-002  1.989338558432307E-002
   12743.1628728977       8.346387500872940E-002  2.102647350104359E-002
   7237.04795733642       8.391056498403382E-002  2.052719116992073E-002
   13977.7417016338       8.435635895067023E-002  2.002795078602502E-002
   45861.2199616955       8.480316297225500E-002  1.952861168284649E-002
   23033.0858045415       8.524892866131113E-002  1.902916132742653E-002
   37687.9883856131       8.567740490751531E-002  1.950826817910607E-002
   4813.50974658614       8.610586148005445E-002  1.998730479253624E-002
   3224.64013321573       8.653529134930488E-002  2.046627738239917E-002
   18220.0492998019       8.696363092452697E-002  2.094531128179701E-002
   31066.9381807362       8.777493892860468E-002  2.009502145692340E-002
   19452.8888248731       8.727619116730040E-002  1.968962378578354E-002
   16345.4471029047       8.677743077877509E-002  1.928325651440392E-002
   9485.84828828206       8.627870792139922E-002  1.887793974162926E-002
   3397.40752880793       8.578011104291788E-002  1.847258638051310E-002
   2163.19909325291       8.625836679252616E-002  1.800437279375244E-002
   12179.6372604473       8.673666816934600E-002  1.753714121742837E-002
   17768.9384161798       8.721494206597159E-002  1.706887130616893E-002
   9150.73670946533       8.769320843085812E-002  1.660154261831931E-002
   7318.69234866783       8.655918428443038E-002  1.644298068573898E-002
   970.897851070572       8.611369059189689E-002  1.694245222843491E-002
   8952.77382931411       8.566915487539663E-002  1.744189566476927E-002
   2319.89191526032       8.522361079015506E-002  1.794139684804129E-002
   6667.43824154633       8.476127960894149E-002  1.746302830573983E-002
   5787.16072156054       8.429894297308801E-002  1.698472460995872E-002
   19631.4447204281       8.383766209040920E-002  1.650638776959922E-002
   28024.7091663429       8.319419660498836E-002  1.718058634110373E-002
   8817.26343202953       8.369361928817648E-002  1.761904853107820E-002
   5540.27909972405       8.419304841834538E-002  1.805848497851550E-002
   12400.9213039326       8.469244636069488E-002  1.849790139037556E-002
   18720.2491547856       8.421416002829174E-002  1.896593541839690E-002
   8553.25224182289       8.373572017699069E-002  1.943490362517273E-002
   17646.6779802291       8.325720396870655E-002  1.990290570580628E-002
   10182.2961472449       8.862515670702140E-002  2.090640984898318E-002
   5342.37391433018       8.903160996499736E-002  2.045083378154717E-002
   8090.22928364762       8.943914194741129E-002  1.999525961043825E-002
   22990.9337082620       8.984569219344360E-002  1.953967749516942E-002
   13623.9493127714       9.025223958910904E-002  1.908403615599957E-002
   21111.2664948493       9.072065045193987E-002  1.951914331325014E-002
   5129.85994087497       9.118905186983112E-002  1.995424441008119E-002
   5673.53150774050       9.165846270786157E-002  2.038928668949880E-002
   4686.37420517804       9.212684921765774E-002  2.082435208810500E-002
   9662.85558963190       9.277794879601774E-002  2.014180512063962E-002
   2320.37698230672       9.232124719070027E-002  1.969445730877865E-002
   919.472556279784       9.186454097958957E-002  1.924611384502192E-002
   11614.9667493354       9.140787325755763E-002  1.879877698097363E-002
   5468.16131217009       9.095127468338199E-002  1.835139682377748E-002
   5549.66677305870       9.138651204601916E-002  1.788704207565652E-002
   6643.68737698608       9.182174088786933E-002  1.742267882631425E-002
   6231.48120039475       9.225696399888060E-002  1.695830920486649E-002
   3661.74600308004       9.269215518148081E-002  1.649293068827421E-002
   1888.58629553139       9.154889219197500E-002  1.628277101687518E-002
   1585.48485776279       9.110549488548417E-002  1.673932014380106E-002
   2303.99851103941       9.066208945200899E-002  1.719586189692967E-002
   1434.58151843803       9.021867932402319E-002  1.765240003904123E-002
   4043.24789322700       8.975130831725454E-002  1.721724347718788E-002
   768.140208890663       8.928492210920369E-002  1.678211278668418E-002
   2314.13096692540       8.881754958169670E-002  1.634702185500883E-002
   4457.16272299515       8.814983725928305E-002  1.704692840708317E-002
   194.783515274185       8.860648135928224E-002  1.749329302109844E-002
   4270.47720966368       8.906308423838262E-002  1.793864334343826E-002
   11691.2710468320       8.951968875830231E-002  1.838498949366043E-002
   1740.15656144974       8.908355367366090E-002  1.881222767523609E-002
   11806.1124275180       8.864735946075235E-002  1.923946354855607E-002
   16610.9526209145       8.821117078807499E-002  1.966773272774299E-002
   4334.94793356968       9.346047359614221E-002  2.079292212850632E-002
   214.446610585272       9.390690398178203E-002  2.029629728687034E-002
   1822.71461859997       9.435436640008987E-002  1.979966111502991E-002
   6596.18777280468       9.480086476195949E-002  1.930404079338552E-002
   3286.23692654367       9.524733676036883E-002  1.880739524524229E-002
   3994.86644165315       9.565668037293511E-002  1.928387699535758E-002
   995.900474566616       9.606599022538746E-002  1.975937170641506E-002
   246.187850686265       9.647532659433827E-002  2.023586255623683E-002
   61.6892061098210       9.688566185419401E-002  2.071233084490983E-002
   35.5085280543460       9.777104898082885E-002  1.978422100770248E-002
   166.680529987446       9.727578647742376E-002  1.939677796890479E-002
   674.277545600442       9.678054847592127E-002  1.901033377529135E-002
   2706.06200707601       9.628630675677395E-002  1.862386916033613E-002
   5314.67482281705       9.579107750377941E-002  1.823741730263555E-002
   1263.35164317352       9.626739733023451E-002  1.782104390460905E-002
   2864.73658016320       9.674269729694318E-002  1.740469836363314E-002
   3373.40376295574       9.721897021060907E-002  1.698734196875066E-002
   436.237532544008       9.769527973175604E-002  1.657101131239741E-002
   2633.41865606615       9.640237387057886E-002  1.620838980660039E-002
   1276.12267237610       9.600794836183819E-002  1.670384932546317E-002
   3086.37665839036       9.561451408141208E-002  1.719828445433505E-002
   3809.50452013773       9.522110839361386E-002  1.769370315571055E-002
   4678.54227344549       9.475580166183468E-002  1.721852928920568E-002
   2921.78272157231       9.429051573477742E-002  1.674435862419028E-002
   1713.30605205933       9.382520493903491E-002  1.626918708667608E-002
   4444.14083497357       9.318873401300026E-002  1.693635046089834E-002
   1448.31230713222       9.368527997722524E-002  1.737878413446210E-002
   407.989218880888       9.418082877122785E-002  1.782123738171919E-002
   3880.47233232392       9.467738591291024E-002  1.826366012791497E-002
   280.176469579227       9.420228959461885E-002  1.873294084884975E-002
   4694.24054604789       9.372816969407202E-002  1.920219709244675E-002
   6872.29954921502       9.325306899516526E-002  1.967249158466782E-002
   1125481.15320197      -3.672000000000000E-003  2.500000000000000E-003
   1164469.14496055       2.457683439097092E-003 -3.328370477909542E-003
   2681228.98523283      -3.425000000000000E-003 -2.500000000000000E-003
   550561.634915213      -2.508247647072075E-003 -3.431869372081050E-003
   1397804.47734361       7.413756816158705E-003 -3.277894746227262E-003
   737195.595926257       1.237428254301224E-002 -3.788043097210044E-003
   612014.868305724       1.734611349880801E-002 -3.741644542037351E-003
   906871.922325465       2.232649553723325E-002 -3.289356236303586E-003
   418141.620912948       2.729007886678597E-002 -3.962028457287371E-003
   719888.710849820       3.228071205147512E-002 -3.358280997627300E-003
   542003.241282448       3.725935669884445E-002 -3.693070946681429E-003
   431918.624333417       4.224135568807384E-002 -3.832222808789941E-003
   257448.807822494       4.722096783202739E-002 -4.220014346081552E-003
   191662.660778919       5.221351191943122E-002 -4.239680995831292E-003
   273967.646123538       5.721251171193852E-002 -3.976498159148522E-003
   112904.434155721       6.219190533700103E-002 -4.691640055361710E-003
   168121.641317108       6.720002490379308E-002 -4.201699089422506E-003
   36581.5599106395       7.217865130298277E-002 -5.012454226873001E-003
   18027.8347118623       7.717598842165034E-002 -5.113688120882270E-003
   28046.2155839419       8.218999332005646E-002 -4.522448483622728E-003
   3221.60310762881       8.717736523448465E-002 -5.089493897533445E-003
   7084.85125762312       9.218501366665176E-002 -4.839199023928791E-003
   1016.88666038157       9.845655206021094E-002  6.673933216168109E-004
   24.2209048369630       9.788519220918344E-002 -4.320435073014797E-003
   16.4028593332353       9.718298994226716E-002 -4.989840706926497E-003
   401452.601105850      -3.557000000000000E-003  7.500000000000000E-003
   11434.4194946455       9.811372422149167E-002  5.677576115372790E-003
   510081.047815583      -3.074000000000000E-003  1.250000000000000E-002
   11780.3361071363       9.844115548806642E-002  1.067217757545421E-002
   491872.506069015      -3.756000000000000E-003  1.750000000000000E-002
   4177.94273020191       9.855332841335974E-002  1.567156485735866E-002
   1027412.36471862      -2.483440901163112E-003  2.312048649640740E-002
   2437315.37427844      -3.140000000000000E-003  2.250000000000000E-002
   30138.1330996740       2.554627674443264E-003  2.307079741763795E-002
   122186.123519503       7.590376097300895E-003  2.347415467357315E-002
   56837.6747943959       1.263343676231292E-002  2.296197938697168E-002
   42374.6479371120       1.767065677138029E-002  2.324494790375070E-002
   107746.580371288       2.269562816514182E-002  2.306956301406996E-002
   269358.238431609       2.771658561536535E-002  2.320037875476345E-002
   205071.078032130       3.273675103437431E-002  2.330554241570328E-002
   197587.792524480       3.774737913432316E-002  2.294444524343713E-002
   189002.088435395       4.276391890246002E-002  2.298766394462837E-002
   38131.3017127744       4.778147608791344E-002  2.287206434455559E-002
   24341.8651076120       5.279252600872441E-002  2.274455020151208E-002
   37206.5357077396       5.780033643272386E-002  2.276321507460345E-002
   32426.5523969695       6.279986577061314E-002  2.228776640724713E-002
   8074.98097623679       6.780647602007008E-002  2.213230706192721E-002
   10996.0911497152       7.280961675463543E-002  2.189835018421337E-002
   30882.7323707713       7.781486278984481E-002  2.199253325690364E-002
   2288.04201831037       8.280943155155084E-002  2.171162679247570E-002
   1372.19396756000       8.781384277255069E-002  2.175658859782676E-002
   1225.15765439467       9.280937730587210E-002  2.147544073193427E-002
   14.9402528253794       9.869915869990013E-002  2.066960811615872E-002
   22.0611822782075       9.781377166767989E-002  2.159771785439571E-002
