   625192.700635634      -1.719784993924698E-003  2.494251865552555E-003
   293446.467228056      -1.293827197891068E-003  2.132712011856066E-003
   556354.903977070      -8.663443684640720E-004  1.772258245201226E-003
   927305.270676933      -4.396187116952517E-004  1.411661843337575E-003
   632497.601359211      -1.371579693629563E-005  1.051385712051172E-003
   982012.853011321       3.585499730657888E-004  1.408761574724501E-003
   700173.733791125       7.315177642281150E-004  1.768768485214573E-003
   650626.760832394       1.103905307578865E-003  2.128601890633829E-003
   105499.278791500       1.479841262583883E-003  2.487406681757009E-003
   1419937.03907042       2.478781454205430E-003  1.484447786618392E-003
   911807.706628186       2.123037792697498E-003  1.109644681375730E-003
   740881.009409107       1.765845584326230E-003  7.360249566483620E-004
   419474.514038574       1.407155562378502E-003  3.604974182519806E-004
   350109.623997788       1.048918078664991E-003 -1.467714633979929E-005
   75447.9643573512       1.407533982676918E-003 -4.475992102554424E-004
   3620.14275382438       1.762404865853341E-003 -8.828375014630871E-004
   1467089.53323037       2.115259220109205E-003 -1.316622562294945E-003
   982193.951793994       2.465025508416537E-003 -1.749429249354347E-003
   679986.032563804       1.675376037572836E-003 -2.525753750524775E-003
   242040.679710745       1.250138110892597E-003 -2.161291558259080E-003
   1359557.43516951       8.278844057418169E-004 -1.796092372247631E-003
   1391533.72981286       4.050403700360526E-004 -1.432904748475397E-003
   1463497.27165843      -1.654463467912838E-005 -1.071027903358040E-003
   1738722.39516863      -3.549830105971607E-004 -1.430445599778382E-003
   905013.679186979      -6.944419319335460E-004 -1.789946454595739E-003
   549862.851086596      -1.035031234687492E-003 -2.149635097341761E-003
   1539941.60659988      -1.375946969954167E-003 -2.510090532004256E-003
   5878.32763422876      -2.507639419684403E-003 -1.380575095575307E-003
   1160641.35775653      -2.151083884070040E-003 -1.038267075892680E-003
   832985.253743123      -1.794618407759536E-003 -6.946509194095706E-004
   178751.159352334      -1.436848836330265E-003 -3.512261625169386E-004
   588201.575793468      -1.076795980126678E-003 -8.633036616641199E-006
   257334.470404302      -1.436182585499219E-003  4.208717729749809E-004
   65261.9363175185      -1.794330061811049E-003  8.518298871867005E-004
   336227.813585499      -2.150938534386102E-003  1.283772553019805E-003
   144947.833684946      -2.507595623248606E-003  1.713785822436203E-003
   295753.355271426       3.484120715260253E-003  2.480037748129702E-003
   68178.4654479983       3.858162933697695E-003  2.075851128727837E-003
   179994.397787130       4.227700156558928E-003  1.669285537392183E-003
   958711.942174685       4.597374861232615E-003  1.264804352646458E-003
   849264.410271590       4.964934611234978E-003  8.613703140958062E-004
   1443171.91301152       5.436996978185183E-003  1.257795609232122E-003
   1024435.10294884       5.907177844620356E-003  1.656732504191488E-003
   608498.180525615       6.378363876159717E-003  2.058857755882862E-003
   18660.0707413295       6.852096614950175E-003  2.460528574357001E-003
   1131620.92881174       7.455699896543821E-003  1.854179901395639E-003
   845907.173003742       7.059450411612223E-003  1.381019469364668E-003
   246387.767797874       6.660900795565278E-003  9.058312647519059E-004
   264982.550724017       6.261249560501405E-003  4.312587836422993E-004
   373076.187942468       5.858673559127092E-003 -4.327428501837468E-005
   318167.893990841       6.255976398019090E-003 -4.280511066960299E-004
   393390.507030634       6.649878152941734E-003 -8.138574622675406E-004
   1463557.43767409       7.044514291351348E-003 -1.197879858983820E-003
   888339.169457838       7.436170034888979E-003 -1.582196381308594E-003
   399891.165258792       6.444660617848695E-003 -2.554494429255196E-003
   180413.613824088       6.068571818856112E-003 -2.149513171089144E-003
   726972.231744540       5.696287879036510E-003 -1.742029402766277E-003
   982486.706809906       5.324145048434194E-003 -1.337400875723273E-003
   1249231.53410746       4.953368819953698E-003 -9.335180318390209E-004
   1734593.41307203       4.527781542321811E-003 -1.331335789634188E-003
   790101.192358244       4.101803371533921E-003 -1.731148585650408E-003
   675469.067598265       3.675480837309093E-003 -2.134347591190637E-003
   334008.718390299       3.245771604195349E-003 -2.535466866762061E-003
   986672.177451033       2.860373655260667E-003 -1.321663597854890E-003
   631668.089293479       3.258711202798352E-003 -8.919633740160050E-004
   247732.910557152       3.657270011115471E-003 -4.606146848573640E-004
   32514.8842029983       4.059611921157441E-003 -3.037085788331786E-005
   141035.239911667       3.662690600278927E-003  3.489661336423554E-004
   817568.833100249       3.267928721969690E-003  7.292229623875474E-004
   1030888.92122031       2.872314292544124E-003  1.106628079819159E-003
   57009.3552992529       8.062680542166176E-003  2.455065470736611E-003
   43050.3402736297       8.534646697099248E-003  1.981403079707778E-003
   173249.763039732       9.001707575991717E-003  1.507101192622326E-003
   974956.594816503       9.466541587794896E-003  1.033425606485951E-003
   684845.126284371       9.932719372899372E-003  5.627780491295191E-004
   744061.062128363       1.033931331866244E-002  1.027682537039177E-003
   156374.444552261       1.074665552997522E-002  1.494548615734370E-003
   102825.770261722       1.115569993642020E-002  1.960779478933473E-003
   6139.46249430808       1.156775060499757E-002  2.426781225983020E-003
   1081723.18451346       1.242805871589120E-002  1.551868286137430E-003
   1104661.38222086       1.196175618893654E-002  1.147985717077071E-003
   870985.385758864       1.149684827087870E-002  7.422733500231922E-004
   380069.127866601       1.103084692689781E-002  3.346825892711051E-004
   490193.113674713       1.056302374798942E-002 -7.355680571069284E-005
   114901.188877117       1.102659075605830E-002 -5.401715154512697E-004
   94729.8467286298       1.148468968136739E-002 -1.007807281524033E-003
   1237394.83319326       1.194021293995651E-002 -1.474934742584251E-003
   750391.847901220       1.239583532232418E-002 -1.940322736422094E-003
   131287.588491861       1.171879679519112E-002 -2.598782247346603E-003
   275978.096887528       1.126709111882919E-002 -2.122539966364321E-003
   712616.524601869       1.081959187131421E-002 -1.646340167098999E-003
   1086604.19189180       1.037349861680764E-002 -1.171762741410479E-003
   1196595.00388552       9.925959182133751E-003 -7.005511810317089E-004
   1197329.21176109       9.550819982380960E-003 -1.166591628853754E-003
   105088.096397617       9.174095382482985E-003 -1.634678644183226E-003
   74518.9231611359       8.795840388796074E-003 -2.102749614143652E-003
   62073.6813640831       8.413323663471195E-003 -2.569796309568835E-003
   1185829.14289939       7.900073473057146E-003 -1.204938119128719E-003
   1125824.71270090       8.363610773748982E-003 -8.269283350281620E-004
   294134.618592495       8.828036556967921E-003 -4.463683703241168E-004
   150039.750817791       9.295635227731634E-003 -6.556010051795099E-005
   324499.742953298       8.832129896965612E-003  4.156610997187274E-004
   415581.975291744       8.372349324195985E-003  8.967279476389509E-004
   771997.463111270       7.914588692690011E-003  1.376875961052327E-003
   198667.764135213       1.330416769226896E-002  2.410045041756155E-003
   202978.752165828       1.370758351828468E-002  1.907205555283635E-003
   66027.5007134573       1.410738464879015E-002  1.403642213044739E-003
   780788.418725899       1.450514827115179E-002  8.993896383307262E-004
   661195.013454897       1.490173171444454E-002  3.984179485867697E-004
   906385.476341507       1.533549905583625E-002  8.893872088052257E-004
   92993.3937355461       1.576885868634982E-002  1.384329743827807E-003
   234049.300074652       1.620533582158538E-002  1.878764111498723E-003
   139821.903415480       1.664441343098722E-002  2.372656906843694E-003
   940862.255738894       1.740074003402352E-002  1.597659426328068E-003
   1056062.40028021       1.690388285615041E-002  1.170788677414932E-003
   757500.528744104       1.640894308596401E-002  7.401872943392631E-004
   75263.5051282782       1.591282075793365E-002  3.082628497131175E-004
   408503.270921875       1.541440281233319E-002 -1.247753881237589E-004
   115030.963520447       1.590250931131230E-002 -5.705200564633028E-004
   470206.833767433       1.638734457254780E-002 -1.016799348755326E-003
   1320871.82689543       1.687084179487834E-002 -1.461717931501389E-003
   733950.724099289       1.735549015192848E-002 -1.903833759207418E-003
   29249.1684288122       1.658206430039022E-002 -2.653928276032704E-003
   482032.382075627       1.615513566063773E-002 -2.148647175438518E-003
   303985.348532572       1.573145459615465E-002 -1.642563370941665E-003
   847878.004149633       1.531035756740859E-002 -1.136665999018747E-003
   936584.619631587       1.488955302555327E-002 -6.350520893327991E-004
   1245245.04467304       1.443338923988021E-002 -1.126231311859980E-003
   176068.783448750       1.397834841816121E-002 -1.622341930427736E-003
   4293.85948811958       1.352055786546888E-002 -2.118848344338421E-003
   78336.2101213208       1.305778527225309E-002 -2.614259778153614E-003
   929737.917934368       1.289037094693306E-002 -1.486111977909898E-003
   668714.615095256       1.338347110284655E-002 -1.029155147645309E-003
   242612.145817713       1.387826545020103E-002 -5.707552535978420E-004
   226059.108372579       1.437692054936927E-002 -1.123857388159262E-004
   183571.823088267       1.388843857875568E-002  3.058658200842412E-004
   854966.064369651       1.340168946404871E-002  7.234741568207985E-004
   986414.661106365       1.291563751171268E-002  1.138574343413537E-003
   285871.461130904       1.817726177070175E-002  2.352041433153576E-003
   180233.015860547       1.860322970633936E-002  1.849893832301998E-003
   91400.8128881858       1.902667019700263E-002  1.345331937111741E-003
   856543.880679989       1.944729909452094E-002  8.424457449603810E-004
   654463.081811405       1.986859159211001E-002  3.424592713151526E-004
   807207.852599933       2.030712676804760E-002  8.305052390245196E-004
   23558.9424078268       2.074641312311309E-002  1.321026133917686E-003
   260138.728637496       2.118778262228618E-002  1.812914660713930E-003
   302948.467779091       2.163273360656526E-002  2.302157942028854E-003
   894638.715027559       2.237235372220869E-002  1.538653465665269E-003
   997217.421552344       2.187679460987903E-002  1.109495254840653E-003
   721914.564565906       2.138116545784104E-002  6.776604315531110E-004
   60053.3202520020       2.088649251260994E-002  2.434674381373452E-004
   347133.408974380       2.038884579535598E-002 -1.908986066938720E-004
   157845.077990872       2.087426294048976E-002 -6.348572747777764E-004
   466338.987884381       2.135588445156542E-002 -1.078235935100148E-003
   1233089.84632652       2.183823769714812E-002 -1.520491904224005E-003
   680644.518564592       2.231972637147481E-002 -1.960090644974010E-003
   28165.3494313225       2.153398812044178E-002 -2.720101048471212E-003
   424274.897286877       2.111076093905306E-002 -2.217579105713529E-003
   289917.597551772       2.069041398667377E-002 -1.712432624194102E-003
   777581.158890158       2.027247550425336E-002 -1.209355625850079E-003
   869160.902833304       1.985393927517346E-002 -7.091170840985763E-004
   1084945.27505626       1.942004769994769E-002 -1.197566818359853E-003
   105850.272695536       1.898580877954217E-002 -1.689252742711921E-003
   10328.9218188144       1.854899022273921E-002 -2.183018443646260E-003
   67704.7283532897       1.810900206456457E-002 -2.673923341651686E-003
   829619.336385263       1.784857296863917E-002 -1.474530125623306E-003
   665836.972864304       1.834260006119183E-002 -1.042442625354723E-003
   146996.075831814       1.883602032631496E-002 -6.090776607457482E-004
   308715.150079091       1.933345413375367E-002 -1.762198380118377E-004
   11414.6965981193       1.884821353714340E-002  2.694613777678337E-004
   658712.849372855       1.836613099687509E-002  7.140522747091740E-004
   924621.040826257       1.788330062071922E-002  1.157529407262751E-003
   240663.446275755       2.313746365058529E-002  2.276151322040666E-003
   170740.339526704       2.356606036712156E-002  1.813302049654259E-003
   386340.139467255       2.399209004454841E-002  1.350898738878042E-003
   925951.081525719       2.441745964247652E-002  8.887739241288939E-004
   593264.415712955       2.484318651595399E-002  4.300170236286872E-004
   564830.685434544       2.520614896705108E-002  8.774294244917025E-004
   35898.5118039818       2.557048363060151E-002  1.326279781270680E-003
   128972.188310669       2.593581559623167E-002  1.774409296383797E-003
   318724.072337210       2.630312061781985E-002  2.222610179713985E-003
   776386.232635542       2.734782873287304E-002  1.140514166003317E-003
   831231.574018640       2.689129901659993E-002  7.894668599085415E-004
   756496.584186353       2.643578765088399E-002  4.375871105016095E-004
   310985.415614214       2.597951090082563E-002  8.424064660123492E-005
   147808.110743042       2.552277856818507E-002 -2.694011632259707E-004
   114927.871750971       2.596669637397732E-002 -7.882422119289142E-004
   14198.7778955231       2.640781488088220E-002 -1.308870502002215E-003
   941421.886268002       2.684606852642512E-002 -1.829932860691908E-003
   577750.759264824       2.728477888570519E-002 -2.347536659153967E-003
   26907.5795260798       2.681405118246220E-002 -2.801747797754201E-003
   54384.3545327954       2.631406463464775E-002 -2.336266633501016E-003
   686638.384402469       2.581662126231116E-002 -1.871428983789434E-003
   838280.623461892       2.532002335935655E-002 -1.407943549802580E-003
   810833.230146182       2.482244410809994E-002 -9.478308773809258E-004
   929023.020168360       2.438831549005783E-002 -1.394143779436682E-003
   248073.241934652       2.395503273267595E-002 -1.843558393295845E-003
   169775.687463606       2.352000260791544E-002 -2.293229495080171E-003
   8094.24705781116       2.308270431938180E-002 -2.742717232610810E-003
   632487.187714251       2.277427405379232E-002 -1.534102788487937E-003
   453631.089772643       2.322849186340216E-002 -1.106112890766154E-003
   146264.574512665       2.368436576496221E-002 -6.777065418914370E-004
   285210.097500250       2.414195403419742E-002 -2.487819458431043E-004
   121415.255796597       2.369757989281704E-002  1.985759944423607E-004
   376946.783508323       2.325475258790997E-002  6.463872240338564E-004
   646244.442481312       2.281384847727760E-002  1.093138080947331E-003
   129703.484882313       2.843140696836844E-002  2.182844408021062E-003
   149315.999995976       2.878405559320244E-002  1.827990096367426E-003
   217179.447876619       2.913509762648625E-002  1.472533473429587E-003
   449440.749103358       2.948581431983974E-002  1.117567358803490E-003
   434018.358193460       2.983647299008616E-002  7.633799753570475E-004
   610529.639997727       3.032376353425764E-002  1.100638135351494E-003
   447253.589337561       3.081193914127819E-002  1.438436335782635E-003
   258147.425160964       3.129898931832202E-002  1.777222448888851E-003
   56751.1748001286       3.178682977153409E-002  2.116607780570303E-003
   337731.345050320       3.234717147986996E-002  1.535028887457678E-003
   281245.693683616       3.199306374410331E-002  1.059312603892439E-003
   4693.82361616347       3.163819072911390E-002  5.828320618311671E-004
   205370.413581812       3.128245703895571E-002  1.053325639234250E-004
   89005.0922332574       3.092552441047194E-002 -3.705555989144119E-004
   324086.013599657       3.126714096418562E-002 -6.489752533704692E-004
   274949.395203356       3.160760393303230E-002 -9.289293792660071E-004
   624387.906889990       3.194833011937130E-002 -1.207150831868923E-003
   382095.412376399       3.228797533356613E-002 -1.487153245469044E-003
   233531.680269544       3.084608704272669E-002 -2.870444261324186E-003
   18153.3582495910       3.058074288413860E-002 -2.517956534360963E-003
   290806.216408191       3.031788658430718E-002 -2.164635011119587E-003
   345345.489098237       3.005383015317063E-002 -1.811931501604783E-003
   587645.331108180       2.979171520653603E-002 -1.458945905699805E-003
   992166.113147738       2.927871216501290E-002 -1.795970095058020E-003
   764051.957512627       2.876631609867088E-002 -2.134280313566900E-003
   795370.263220245       2.825375373594769E-002 -2.474753038597522E-003
   328988.231508424       2.774041595046259E-002 -2.816254257846194E-003
   110071.167464197       2.763571813297260E-002 -1.842175384380384E-003
   146887.541737948       2.798924071320597E-002 -1.335542737919380E-003
   437071.888769064       2.834440616450725E-002 -8.301752470308433E-004
   186260.980436277       2.870157761680825E-002 -3.259941866498344E-004
   157018.665082010       2.836252389823734E-002  4.125244530251744E-005
   396063.644898712       2.802389393846987E-002  4.081287548880091E-004
   529052.598000319       2.768546432025065E-002  7.743346610442220E-004
   103795.491920451       3.292907347371098E-002  2.094300637966177E-003
   47750.3702989408       3.340204634052291E-002  1.635284224555217E-003
   147928.375285374       3.387341901558911E-002  1.176009754754464E-003
   472781.256528704       3.434564478209244E-002  7.176061174829838E-004
   295700.064370463       3.481705282463995E-002  2.602158954190261E-004
   268206.840140613       3.515618341803059E-002  7.018228298186184E-004
   63178.4706615829       3.549573894065250E-002  1.144002051023601E-003
   60475.8011613384       3.583588852392940E-002  1.586243810484043E-003
   100817.671230823       3.617670821205662E-002  2.028284152420541E-003
   399871.716975547       3.732513985417661E-002  8.329996216994193E-004
   509825.738565217       3.687180179098237E-002  5.102031946698167E-004
   439168.325877507       3.641860633311397E-002  1.868745063774673E-004
   301977.239576633       3.596537955440739E-002 -1.369957878844163E-004
   70438.2853878261       3.551171561642406E-002 -4.612729660267717E-004
   97064.9938938613       3.595224096243577E-002 -8.506870311718947E-004
   138158.487136591       3.639100423239341E-002 -1.241567244477411E-003
   515111.504702464       3.682960237589306E-002 -1.630723142493250E-003
   307670.262204278       3.726763830114108E-002 -2.019830161020392E-003
   110363.694519565       3.626410251506236E-002 -2.980536952851779E-003
   79758.5812199418       3.589465119512529E-002 -2.523844065680503E-003
   264567.649897025       3.552659314897189E-002 -2.066668306634545E-003
   412441.699030669       3.515768580316658E-002 -1.610236166869248E-003
   495042.138805910       3.479024301428531E-002 -1.154530546385737E-003
   398353.120238245       3.451285111488724E-002 -1.597796386984405E-003
   19738.3798639270       3.423337241559929E-002 -2.041173044801651E-003
   24800.7774786181       3.395456513673822E-002 -2.484881558919608E-003
   55176.6620008799       3.367336514972624E-002 -2.927769317179709E-003
   569260.235161001       3.273952287773959E-002 -1.223498220087174E-003
   650549.896366690       3.319152153848303E-002 -9.611842179667201E-004
   416698.978414360       3.364326693611332E-002 -6.969853714900300E-004
   150651.926446552       3.409583663337319E-002 -4.336909080574702E-004
   201616.426954559       3.365708577015489E-002  5.825403047671137E-005
   94472.2666774680       3.321999606549418E-002  5.518168436439146E-004
   257092.240336996       3.278348687075849E-002  1.043916667114125E-003
   67735.3496131615       3.852048143993743E-002  1.979761177329703E-003
   56123.0116511464       3.884303153734393E-002  1.493363190325246E-003
   82324.4464589651       3.916434276482130E-002  1.007283907826121E-003
   228207.834125292       3.948516546925901E-002  5.203546363953211E-004
   265337.355318626       3.980536105485560E-002  3.491730330515679E-005
   389553.508699276       4.027453295523838E-002  5.030627451553427E-004
   157825.022209196       4.074377620188425E-002  9.730583379606288E-004
   84919.5791243240       4.121452472621918E-002  1.442321139608949E-003
   30630.0794355264       4.168564526052800E-002  1.912028947334291E-003
   456485.456211076       4.232612506515666E-002  1.243062008494062E-003
   399497.276441456       4.183908576970879E-002  7.926837510479725E-004
   308815.704557293       4.135319282571073E-002  3.404372782137795E-004
   105487.882732786       4.086615893210796E-002 -1.114374674526306E-004
   151763.647313988       4.037916011575968E-002 -5.632060194087949E-004
   42510.5287906295       4.084612589158704E-002 -1.082973026280875E-003
   27141.5383540336       4.131195939590374E-002 -1.603781681465927E-003
   393121.095920149       4.177600478798521E-002 -2.124248019293062E-003
   232597.994292189       4.224096799164161E-002 -2.643605307265727E-003
   22872.8131504584       4.176248254666365E-002 -3.100356665026325E-003
   101945.416801971       4.126599042550212E-002 -2.608126596905154E-003
   249272.991486667       4.077117908766014E-002 -2.116592566197028E-003
   310597.319938087       4.027635636985211E-002 -1.625158983218012E-003
   428483.066138125       3.978100867785824E-002 -1.135989341701268E-003
   396150.397239780       3.939446912315566E-002 -1.606278419792363E-003
   48043.9227966317       3.900649499775537E-002 -2.078557226236862E-003
   20193.8458554911       3.861893933285105E-002 -2.550158483738536E-003
   11283.2782532181       3.822992626438345E-002 -3.022058887990591E-003
   399324.470529795       3.775254436411959E-002 -1.650359542586030E-003
   370815.893965760       3.823662880019722E-002 -1.280577682484530E-003
   104304.968150643       3.872177177998010E-002 -9.089578971970877E-004
   52966.4431012167       3.920700719456113E-002 -5.381564549723502E-004
   83104.8541589994       3.873648631728569E-002 -1.946596770857185E-004
   316844.985504144       3.826573571806973E-002  1.484718643766901E-004
   299203.382237649       3.779581282879643E-002  4.907404485434186E-004
   25063.1221707227       4.299540674950311E-002  1.882673880637977E-003
   74761.9433477000       4.344595330486831E-002  1.411397679274461E-003
   107808.811297506       4.389608613140373E-002  9.396434879019320E-004
   340272.867846400       4.434493092140607E-002  4.684254456453757E-004
   206536.544655083       4.479389281734439E-002 -1.884315218407648E-006
   230952.106796838       4.518981156406427E-002  4.497384260735866E-004
   4641.08477737221       4.558613043138545E-002  9.017113974324969E-004
   63923.4121963260       4.598289119096216E-002  1.353811807371423E-003
   80392.1543642397       4.638041852393004E-002  1.805591501839544E-003
   272076.092279990       4.731029009785537E-002  8.321653982300408E-004
   301508.730230132       4.684261123771551E-002  4.557834579358954E-004
   239083.943585429       4.637501179374683E-002  7.891095624706955E-005
   57631.5389692711       4.590741247568885E-002 -2.985264257954211E-004
   67643.5577936202       4.543915449985290E-002 -6.760469448693477E-004
   38852.1627892427       4.588819854298682E-002 -1.165302721617812E-003
   33453.4836034919       4.633616304890242E-002 -1.654938268484868E-003
   294663.357830780       4.678373040220828E-002 -2.144267315618207E-003
   178231.796372373       4.723118498885328E-002 -2.632039048463479E-003
   17580.8138531469       4.662883784401730E-002 -3.206926025219384E-003
   59151.7886483004       4.616272960048715E-002 -2.735104812048181E-003
   162627.220205596       4.569665820200940E-002 -2.263049879950386E-003
   251140.854726312       4.523068603542291E-002 -1.791563869883400E-003
   240599.342180499       4.476451608056296E-002 -1.320854856037942E-003
   357629.004320752       4.424814212751569E-002 -1.769746785454606E-003
   155131.754610344       4.373220194238917E-002 -2.219798492334449E-003
   76362.3908497989       4.321618093791470E-002 -2.670675746091453E-003
   19606.2855220631       4.269861335644310E-002 -3.121225412338983E-003
   204939.162123287       4.270969286752826E-002 -2.145110687584135E-003
   61240.9104606072       4.317857662712748E-002 -1.645603352804766E-003
   141415.313664004       4.364815907968689E-002 -1.145853484730395E-003
   124831.013525319       4.411905005879579E-002 -6.467063682659445E-004
   49310.5830763670       4.366983991918750E-002 -1.742416965452464E-004
   166257.873734406       4.322168359495208E-002  2.984222498662171E-004
   248331.094373660       4.277385201894835E-002  7.715442236666879E-004
   54396.0724146238       4.828411239638619E-002  1.761273414302707E-003
   45053.8713674146       4.866099354676869E-002  1.319959160112425E-003
   64288.9899734583       4.903718422438159E-002  8.783862040799877E-004
   205297.350949844       4.941319343021280E-002  4.370353918931588E-004
   155275.569847186       4.978907285581712E-002 -4.932935522979748E-006
   188790.619758405       5.017728637522231E-002  4.192827884540701E-004
   42364.1632393116       5.056570062588171E-002  8.426768590322220E-004
   5724.13934676089       5.095429926337592E-002  1.266231821648046E-003
   68441.2856651369       5.134331216811702E-002  1.689662343319710E-003
   170988.512070303       5.230400243304704E-002  6.829881252680112E-004
   182255.136816106       5.186388506625374E-002  3.141713411558571E-004
   135777.707413513       5.142373700128336E-002 -5.488384922720639E-005
   16771.2094868887       5.098353441411685E-002 -4.242196184438300E-004
   27139.0513193736       5.054187107398807E-002 -7.934760466778731E-004
   52134.9930173095       5.096507297995214E-002 -1.215033676408200E-003
   81993.7624943085       5.138667068050694E-002 -1.636706058249502E-003
   244879.646269360       5.180817858811101E-002 -2.058077333777563E-003
   150333.240125493       5.222950917410353E-002 -2.479299220474736E-003
   34467.6967643014       5.135366683731375E-002 -3.314564259033720E-003
   30396.4526744114       5.095295612292738E-002 -2.872600409159388E-003
   113003.357832230       5.055286570656886E-002 -2.430444786306969E-003
   170061.095369594       5.015287939453007E-002 -1.988577476020503E-003
   207686.797431812       4.975306487464425E-002 -1.545974207151294E-003
   301543.810794679       4.926634220149491E-002 -1.967914402107730E-003
   137337.377125782       4.877978939020177E-002 -2.389489515803748E-003
   101619.994552421       4.829321638446447E-002 -2.811644370965996E-003
   19112.0725680378       4.780675463920212E-002 -3.233688984570198E-003
   134244.039491426       4.767246473987936E-002 -2.164453231610354E-003
   50003.9988685002       4.811408838426594E-002 -1.695482434689585E-003
   107927.352987016       4.855613773505775E-002 -1.226323897448068E-003
   54016.5278892918       4.900006106524975E-002 -7.575628300745146E-004
   37516.0297982888       4.857646335630729E-002 -3.598820610666037E-004
   157725.930372548       4.815429723487036E-002  3.772745315765884E-005
   190308.558939955       4.773219995921938E-002  4.349998766569850E-004
   30608.4442418088       5.331092415156394E-002  1.643122806169898E-003
   33736.8800748953       5.368137375771439E-002  1.274930858819222E-003
   55127.5122312063       5.405142927305757E-002  9.066241287101482E-004
   126200.022402364       5.442141544424022E-002  5.384755389112936E-004
   108971.368690303       5.479133760914722E-002  1.695079168472721E-004
   148130.067205941       5.522939594363661E-002  5.191062825370712E-004
   102188.817168346       5.566639414479200E-002  8.679689455178116E-004
   59605.5883323092       5.610445820114315E-002  1.216979038991093E-003
   35052.1077518948       5.654183765186492E-002  1.566000536474493E-003
   163505.158074168       5.730496178050503E-002  7.656731464571338E-004
   116327.542627939       5.693642381381464E-002  3.452790670687436E-004
   53422.1662711114       5.656771361710005E-002 -7.628134803385422E-005
   4166.36942154907       5.619886789364625E-002 -4.969404798675571E-004
   73873.8628444577       5.582880018134837E-002 -9.185723372188033E-004
   21093.1777921963       5.617827280798277E-002 -1.366488178996523E-003
   16535.0937462555       5.652619777906621E-002 -1.814626872024963E-003
   166310.956012918       5.687395017144333E-002 -2.262624222711548E-003
   117633.261379060       5.722131842195201E-002 -2.709622792755189E-003
   89379.5861960207       5.645834390844735E-002 -3.435686976644704E-003
   35316.9076978312       5.602934737767416E-002 -3.065714982947703E-003
   173705.322353979       5.559983096835638E-002 -2.695672743932110E-003
   184425.858658165       5.517022374893834E-002 -2.326016706204413E-003
   184254.167598431       5.474071301904173E-002 -1.955489971361429E-003
   244083.886731538       5.432200234698886E-002 -2.305734247735710E-003
   129836.835223207       5.390323862363822E-002 -2.655148642448139E-003
   134224.303308720       5.348450406837559E-002 -3.004905009950511E-003
   54041.3265445886       5.306525742403864E-002 -3.354521611512159E-003
   87036.1847699242       5.259720363252630E-002 -2.076415753364170E-003
   52653.1401326306       5.296529147947927E-002 -1.673586756947873E-003
   55430.6685240476       5.333352606991631E-002 -1.270586375077331E-003
   26841.9425466726       5.370322030761482E-002 -8.677940051675625E-004
   4830.10883181155       5.335243637668327E-002 -4.799628839897684E-004
   74414.5683070233       5.300284946626913E-002 -9.218429648909536E-005
   112831.081243344       5.265333202403849E-002  2.954257111498226E-004
   31763.0583837700       5.810547608233703E-002  1.528327377420680E-003
   11195.1272611886       5.852329458301254E-002  1.056762110107627E-003
   12003.7874218340       5.894154951926713E-002  5.839411769286526E-004
   103501.324191784       5.935866580808644E-002  1.122591475227516E-004
   93824.8756251126       5.977669295078285E-002 -3.601871746926835E-004
   105790.887767223       6.020336290352775E-002  9.151467251638373E-005
   34440.4628033749       6.063005670653527E-002  5.424825454963670E-004
   8159.63838509361       6.105694430878555E-002  9.945316183332265E-004
   51028.3510832099       6.148311291036097E-002  1.445510247614615E-003
   116321.588050094       6.229932233395236E-002  5.882402974587008E-004
   120594.907014151       6.182872453260514E-002  1.846923203098995E-004
   81712.1014647678       6.135713766638629E-002 -2.200659086495624E-004
   19484.2355633118       6.088648428917992E-002 -6.250275716859163E-004
   43319.5191124849       6.041455735520393E-002 -1.029978142376155E-003
   72739.8956486431       6.086792333547113E-002 -1.384751344834937E-003
   77934.0602760445       6.131984671451257E-002 -1.738565207580065E-003
   177581.283744654       6.177276421354073E-002 -2.093137154339922E-003
   101838.116132445       6.222453126713885E-002 -2.447709444929653E-003
   28328.7240605968       6.106782843041411E-002 -3.547853154848369E-003
   41560.9782323715       6.073635144000458E-002 -3.078264154281923E-003
   54799.4339021589       6.040534491926039E-002 -2.607475715868493E-003
   103401.709757405       6.007539421075831E-002 -2.137885596425673E-003
   171339.152101112       5.974471137749297E-002 -1.667435375281854E-003
   222705.566668842       5.929558831510679E-002 -2.118749116950904E-003
   59350.1884018770       5.884641080640350E-002 -2.569472793778096E-003
   31999.8671266779       5.839702070611421E-002 -3.021454424783880E-003
   16145.4838096115       5.794798154366197E-002 -3.472210248787412E-003
   161229.309348299       5.769189509302772E-002 -2.282774796349070E-003
   117409.196921478       5.816356097231248E-002 -1.854649995662113E-003
   22037.4217701616       5.863435640729753E-002 -1.426183402059866E-003
   17592.9274397971       5.910679605905069E-002 -9.978992470316226E-004
   10357.4185690010       5.865560436231308E-002 -5.563018555879953E-004
   90189.7125138567       5.820569053161066E-002 -1.157533492212510E-004
   106222.108447669       5.775481802978189E-002  3.255530344853082E-004
   29672.0998785892       6.315670606064697E-002  1.404001326898489E-003
   8173.35774126495       6.355966553169654E-002  9.095923391474316E-004
   6662.58511817698       6.396322511157788E-002  4.149741680549159E-004
   63324.0022142061       6.436661825585317E-002 -8.056873531278423E-005
   71320.3324548082       6.477000857203087E-002 -5.748363518538988E-004
   53425.0087742898       6.518063117189625E-002 -1.009092209994099E-004
   14159.3088844429       6.559135787955277E-002  3.741286871219089E-004
   9697.48903282124       6.600118952371754E-002  8.481923135171688E-004
   23915.1789909003       6.641216503509442E-002  1.322176781095668E-003
   65452.5126104446       6.729421654882781E-002  3.947279715817128E-004
   86403.2649972673       6.680060107517848E-002  8.053853414625046E-006
   71855.5096546397       6.630707529652555E-002 -3.777658033534630E-004
   44813.2066481276       6.581253446075866E-002 -7.646765554897351E-004
   30404.4497535093       6.531888373213141E-002 -1.151657534936104E-003
   56356.6161267071       6.579401224615290E-002 -1.513961693680898E-003
   40893.1781910127       6.626973075502868E-002 -1.877379349404122E-003
   102509.210286760       6.674449872799153E-002 -2.239592107299383E-003
   57113.9641404173       6.721917012349279E-002 -2.602800351761039E-003
   12924.6362750040       6.609383445700198E-002 -3.672530546217405E-003
   26011.9538836932       6.575513451904731E-002 -3.179703905383710E-003
   34078.7708316772       6.541769723912659E-002 -2.686786290241156E-003
   55062.1969199282       6.507933666659750E-002 -2.192961354773237E-003
   137256.002657567       6.474213691936903E-002 -1.700264234231810E-003
   116949.604153682       6.438802811982564E-002 -2.175770020184361E-003
   1618.77173363661       6.403467398287840E-002 -2.652544973915247E-003
   3785.76686025965       6.368016221157427E-002 -3.128367028317155E-003
   2594.57645175500       6.332521202796207E-002 -3.603947786026226E-003
   132339.572154351       6.271631885766057E-002 -2.116612407555051E-003
   139562.198379442       6.320818180070734E-002 -1.785495612627507E-003
   58881.3865916223       6.370098719859402E-002 -1.455118724942692E-003
   28902.1734817363       6.419313373669103E-002 -1.123627753788560E-003
   11812.1847676819       6.371972064414175E-002 -6.952513176357775E-004
   50793.1074365623       6.324557554422240E-002 -2.668921781136473E-004
   60551.8192680967       6.277244606996631E-002  1.612261141793927E-004
   4260.47687981122       6.822161865893187E-002  1.276427906122769E-003
   8276.14937186702       6.860894626213281E-002  8.044407382363653E-004
   7991.24965378893       6.899508384217651E-002  3.333634112792469E-004
   15619.9319762881       6.938216764683257E-002 -1.386934911835427E-004
   28573.6205943902       6.976925952316806E-002 -6.106324111550934E-004
   9960.74558073199       7.020176720262730E-002 -1.594459562559382E-004
   10646.4733434936       7.063529511750249E-002  2.917079598688257E-004
   2710.45133916895       7.106783082361395E-002  7.418659577654468E-004
   4463.61603220513       7.150140050837651E-002  1.192995255581221E-003
   20709.8037647020       7.229447330276723E-002  3.585132313134575E-004
   31575.0782935682       7.182194999233345E-002 -5.154359185843274E-005
   27489.2335949793       7.135048777611898E-002 -4.606707362253592E-004
   29365.3930604823       7.087801513783019E-002 -8.707896414821767E-004
   21771.1842382792       7.040558926598033E-002 -1.279935140868473E-003
   14663.5437729480       7.085640271370112E-002 -1.731562444795742E-003
   6442.11459758124       7.130700713889512E-002 -2.182311287762529E-003
   28166.9240263363       7.175655546863532E-002 -2.633992320234866E-003
   16383.9582252262       7.220708495001214E-002 -3.084677619149623E-003
   6581.76214509820       7.144639728491989E-002 -3.807449878231738E-003
   1078.33872224026       7.101934282977752E-002 -3.334335959012027E-003
   28301.8331810284       7.059135240766745E-002 -2.862184457379559E-003
   20974.6565944502       7.016436615154087E-002 -2.389158351015086E-003
   75228.5722026545       6.973642343285386E-002 -1.916130304150408E-003
   59305.7998060460       6.937526080322114E-002 -2.369229386994957E-003
   8011.11410369399       6.901302615557071E-002 -2.822443713097523E-003
   6596.05756722953       6.865173309526974E-002 -3.274731399470821E-003
   2906.07332573853       6.828918210162103E-002 -3.727872403422442E-003
   66831.0703779897       6.768955058227832E-002 -2.263426788475048E-003
   65365.3622433688       6.815896505691676E-002 -1.925024479837505E-003
   27118.6965627792       6.862940736282623E-002 -1.585516170236266E-003
   28513.3621082781       6.909996433512314E-002 -1.246960230744885E-003
   12386.7842152959       6.864819837611150E-002 -8.362249227066153E-004
   10894.3567594571       6.819651147107333E-002 -4.255208343246008E-004
   5452.41152674010       6.774580689475355E-002 -1.592945635750780E-005
   6899.77595376098       7.312884575906040E-002  1.151399020773244E-003
   10943.3046451848       7.354095477220257E-002  7.548280436705278E-004
   13251.5157900833       7.395196966665356E-002  3.572169854863124E-004
   19117.2181350592       7.436403012403507E-002 -3.941449256390306E-005
   3787.20300978616       7.477509387855927E-002 -4.369947638694811E-004
   25708.3918722922       7.525690691324459E-002 -6.218845538711291E-005
   10049.5979390179       7.573769686517301E-002  3.116005288356504E-004
   2243.96301249280       7.621950991305181E-002  6.863051345341040E-004
   5407.65930965947       7.670021927103043E-002  1.060031047383752E-003
   16644.7364907283       7.729833475799028E-002  4.305010614625291E-004
   10449.2890066186       7.690030985551316E-002 -3.043004226541482E-005
   1253.66150857496       7.650129689749471E-002 -4.922958116798624E-004
   15841.4510149965       7.610334914156137E-002 -9.531733353124144E-004
   6063.38413541452       7.570445314788132E-002 -1.415060897887331E-003
   8893.63067638276       7.607900501028485E-002 -1.910717658136468E-003
   8877.35482373564       7.645250669331571E-002 -2.406396935651985E-003
   15866.8932840090       7.682702189570716E-002 -2.902110725124157E-003
   9968.01021106587       7.720053216280846E-002 -3.397829377870202E-003
   1563.66644394212       7.663047324281518E-002 -3.939427911277277E-003
   5558.02735059935       7.615451371394044E-002 -3.541165904694605E-003
   23.9858464733124       7.567853194111061E-002 -3.141922006151349E-003
   12367.7935550133       7.520250119932510E-002 -2.743687899879556E-003
   19002.0435273022       7.472653768485421E-002 -2.344390782503393E-003
   15980.4754350905       7.427688965890876E-002 -2.720066196433025E-003
   9796.18814813936       7.382827607455446E-002 -3.094811580656916E-003
   7828.67632088711       7.337862459960073E-002 -3.470553918936993E-003
   3353.12523056526       7.292992910079099E-002 -3.845298980109398E-003
   15332.8810960977       7.260403671041188E-002 -2.655627728517310E-003
   9515.92374103758       7.300203953823949E-002 -2.225586660268266E-003
   1783.78385900648       7.339903575514597E-002 -1.796497937216938E-003
   15286.4743339987       7.379707808210989E-002 -1.366426705219050E-003
   3198.75664106554       7.342093585253466E-002 -9.356819587936945E-004
   8680.78666992677       7.304577554809114E-002 -5.039860371381028E-004
   26697.0916973656       7.266957581570933E-002 -7.327003610278727E-005
   8632.66779927131       7.792778117584823E-002  1.028612186242314E-003
   12533.4680087585       7.838857004685749E-002  6.207875268739534E-004
   25967.6126019065       7.885037628435917E-002  2.119174574116256E-004
   37886.4320610045       7.931121138180031E-002 -1.959711833640285E-004
   17942.9787718230       7.977301552774202E-002 -6.049199424058397E-004
   27495.4855039095       8.014217221960991E-002 -2.172791421846017E-004
   7965.58798241508       8.051127312466956E-002  1.693333984358015E-004
   8648.01716411046       8.088036572972614E-002  5.569247430360779E-004
   18064.7425354136       8.124940127369490E-002  9.435028926146195E-004
   19945.0390439238       8.228578673024817E-002 -1.473725083009014E-004
   30921.7117944216       8.188065099058936E-002 -4.961241519671751E-004
   16182.3366537579       8.147450276949290E-002 -8.447840249050895E-004
   1266.91624159390       8.106937504548756E-002 -1.193437236103639E-003
   797.127207116519       8.066331197302484E-002 -1.542067848199287E-003
   2372.35525465798       8.105064442928130E-002 -1.926020253216424E-003
   10078.4785273011       8.143702724376554E-002 -2.308962752775645E-003
   27428.7011886563       8.182440088813883E-002 -2.692954433673225E-003
   17648.0357388709       8.221081050736360E-002 -3.076916751640974E-003
   8060.12866487792       8.118044244186820E-002 -4.055969192015582E-003
   1736.90255563042       8.081669067287429E-002 -3.650573628952822E-003
   13628.5384647789       8.045289614798877E-002 -3.244201928352474E-003
   26012.5489456545       8.009006421845259E-002 -2.838829824305718E-003
   9289.33325987911       7.972626898259030E-002 -2.432378346271947E-003
   20399.8099740652       7.923020496246215E-002 -2.816797008263546E-003
   8943.62339139351       7.873416931229162E-002 -3.200202751570411E-003
   9215.99747601676       7.823809826950441E-002 -3.584567492857455E-003
   2466.84939123092       7.774209518094148E-002 -3.967930867131792E-003
   4159.21883239733       7.760893309042988E-002 -2.922172648407450E-003
   608.363139657063       7.801830204378098E-002 -2.446552124601524E-003
   9675.68157457655       7.842664860224896E-002 -1.970911992506033E-003
   2180.28134782579       7.883593633288413E-002 -1.495262660182569E-003
   3877.88755322086       7.845113059423338E-002 -1.013310777880443E-003
   9845.15103196965       7.806722192721206E-002 -5.324119418294720E-004
   26696.5713636308       7.768229707636914E-002 -5.047483081801639E-005
   2142.67718963468       8.337666948552293E-002  8.891551292389253E-004
   906.190222152352       8.372373714939280E-002  4.191561629164637E-004
   3992.09092383304       8.407085318254330E-002 -5.179963129435224E-005
   3916.46326024487       8.441801210677884E-002 -5.217627108145516E-004
   11382.1905556771       8.476515588551617E-002 -9.927558908065211E-004
   8058.54632493664       8.526579184599944E-002 -5.433476173273102E-004
   7881.62723590373       8.576540352798935E-002 -9.492230553395696E-005
   5299.66523464507       8.626603057184795E-002  3.544797548564568E-004
   1783.65580784928       8.676661491797839E-002  8.028911787252432E-004
   10963.6452424339       8.729757399631294E-002  2.442187375172606E-004
   12299.7900155250       8.682424584115590E-002 -2.329202656808774E-004
   9160.83054959315       8.634990969756208E-002 -7.100118909073858E-004
   7829.16774055568       8.587660057585951E-002 -1.186119676654865E-003
   9665.52116369615       8.540226975284086E-002 -1.663196190123140E-003
   7875.24399535057       8.585345560012797E-002 -2.092779843599260E-003
   2072.04966434117       8.630373142304498E-002 -2.522299533584137E-003
   16832.2162209778       8.675498854404851E-002 -2.952870696577698E-003
   9642.44845620635       8.720528604836303E-002 -3.382428706418851E-003
   2478.14335550213       8.635754618510980E-002 -4.188184847368661E-003
   2138.24492244276       8.595138597403558E-002 -3.716748361790149E-003
   10861.9398513285       8.554420389089261E-002 -3.244299792288031E-003
   10696.9669613918       8.513799546064632E-002 -2.772841009949495E-003
   30127.6045256344       8.473178815943362E-002 -2.300369422017558E-003
   28458.9035844265       8.434597529949582E-002 -2.752655805055571E-003
   6661.40394934491       8.396120861914680E-002 -3.203913212953998E-003
   4426.37029523691       8.357544085561601E-002 -3.656116649080157E-003
   2212.30658797939       8.318977610505482E-002 -4.107354232334780E-003
   21537.3377546216       8.268132987782641E-002 -2.714864326969779E-003
   18972.0057883450       8.315282915926855E-002 -2.352847272443999E-003
   2002.38610546465       8.362329327036999E-002 -1.991846258791519E-003
   7454.40468942239       8.409471044147755E-002 -1.629867273937901E-003
   3710.14390089378       8.364199452802534E-002 -1.259263685520341E-003
   10775.4605884594       8.319026297809969E-002 -8.886611880110439E-004
   8756.52449844385       8.273753754171624E-002 -5.179975448936030E-004
   305.722629177031       8.785626611491576E-002  7.752259743011732E-004
   2905.61744660746       8.833652980215308E-002  4.259212335282283E-004
   1874.85010199192       8.881681941518516E-002  7.662594516140040E-005
   1076.39402955199       8.929610554269872E-002 -2.726544976518121E-004
   1995.44805650783       8.977638254322522E-002 -6.219760120186821E-004
   1874.11153998082       9.019780144956539E-002 -2.955685028130887E-004
   128.408983714114       9.061822431277809E-002  3.086347883474302E-005
   1425.23786961252       9.103964707014248E-002  3.572748390310086E-004
   954.985565967875       9.146107233751259E-002  6.836893636626184E-004
   920.904401217383       9.228823944794040E-002 -1.865938466502897E-004
   153.748119530636       9.194086294628963E-002 -5.909077430937641E-004
   1066.27071150419       9.159348501243876E-002 -9.952251299432165E-004
   2648.09285668039       9.124613028500936E-002 -1.398544050402688E-003
   3488.05439663763       9.089874124021589E-002 -1.802857204255708E-003
   2160.58330411374       9.122649121902526E-002 -2.170310405572241E-003
   2041.55638590233       9.155429421670239E-002 -2.536743109084321E-003
   757.135509571619       9.188206874488901E-002 -2.904180728664155E-003
   482.366146711113       9.220987548869015E-002 -3.270615310681939E-003
   1878.56555540591       9.111715504898475E-002 -4.309213723161724E-003
   1689.19933789857       9.076782451454904E-002 -3.963232809063107E-003
   3825.77123316066       9.041748995156533E-002 -3.617227480592348E-003
   1239.87520257485       9.006816189715475E-002 -3.271237454311096E-003
   9378.04480766126       8.971781523479262E-002 -2.925239833108186E-003
   10485.5107663862       8.929135531501986E-002 -3.251504554848203E-003
   6651.40014975599       8.886489369401178E-002 -3.577753924026986E-003
   7050.64935977034       8.843743390770442E-002 -3.903963381597317E-003
   3119.82393839687       8.801100653507986E-002 -4.230210064919249E-003
   6429.96858247635       8.755285402342515E-002 -2.973148349186971E-003
   4207.76345756601       8.790042534471884E-002 -2.562866425118183E-003
   295.399328206264       8.824796358596906E-002 -2.153594164960289E-003
   4834.29893071729       8.859548961790630E-002 -1.744322291884877E-003
   2160.42822575403       8.827102137254379E-002 -1.246936527807684E-003
   1736.15924635246       8.794653114926178E-002 -7.505475479834542E-004
   4881.44770549394       8.762206353319955E-002 -2.531570025935985E-004
   1429.52939211035       9.315853187397799E-002  6.405828873054292E-004
   1509.46990782128       9.356148946941119E-002  2.402112925236465E-004
   1273.09687990650       9.396444979904292E-002 -1.601546926083268E-004
   1946.48291817579       9.436640678869504E-002 -5.604948857770870E-004
   879.931467801140       9.476936255421672E-002 -9.608582482741737E-004
   2494.50003942794       9.530208716738232E-002 -5.842602671093182E-004
   1481.43377275192       9.583581000095674E-002 -2.076833893482170E-004
   1118.94347736264       9.636853250890899E-002  1.689256983345038E-004
   1141.43040553779       9.690225995508138E-002  5.455151368908688E-004
   479.949162052466       9.729782545432221E-002  1.293382562587166E-004
   1678.71916279228       9.689466110518294E-002 -3.845962051248566E-004
   790.089223555545       9.649151987899938E-002 -8.975397336495666E-004
   1786.83479052673       9.608834691913083E-002 -1.411481236164467E-003
   236.466811068044       9.568519084380722E-002 -1.924417729773673E-003
   779.830755297291       9.606663180631038E-002 -2.266216371535269E-003
   202.419399250618       9.644807663004368E-002 -2.608011595399428E-003
   51.1252975988756       9.682954578678406E-002 -2.948808085627957E-003
   12.6172063103764       9.721098983345632E-002 -3.290604002080738E-003
   6.38320104756777       9.600858281969807E-002 -4.433440576736175E-003
   34.6115360375159       9.568659293411648E-002 -4.035136016344684E-003
   137.124730675825       9.536560246075260E-002 -3.636857117448529E-003
   528.119270106142       9.504361330631660E-002 -3.238551816159610E-003
   1221.58595337323       9.472162054236252E-002 -2.840250197600732E-003
   667.824076863645       9.435283037691806E-002 -3.221006769585003E-003
   23.3692501451137       9.398504220543598E-002 -3.601790165415648E-003
   77.2137655429623       9.361625535870109E-002 -3.982548151068891E-003
   327.157111450636       9.324847008865284E-002 -4.363332550201023E-003
   1607.61263513480       9.260884199661779E-002 -2.922629948098350E-003
   1508.41515679499       9.300783432998265E-002 -2.573646168146300E-003
   1035.21016336851       9.340680207440254E-002 -2.225663802731905E-003
   443.982086053240       9.380579389683351E-002 -1.876681518555597E-003
   206.022296010623       9.342640885759279E-002 -1.453906669355819E-003
   992.571608649665       9.304700224428085E-002 -1.032131515246336E-003
   3240.58875405888       9.266762390184115E-002 -6.093573531403731E-004
   59627.0340958039      -1.819537589397768E-003  7.499465525497830E-003
   58297.2546206476      -1.365528888542094E-003  6.981173294741077E-003
   41560.5743619402      -9.131530674491466E-004  6.461652111441987E-003
   405191.137989032      -4.602348081455065E-004  5.943319270193312E-003
   251489.711789978      -7.628933341194004E-006  5.424432955130043E-003
   222194.691565318       3.207302107861548E-004  5.942204681960145E-003
   66705.4074307890       6.502594795114864E-004  6.459587930093212E-003
   61947.2826128278       9.806848731808660E-004  6.977845265797433E-003
   138547.355899730       1.312327876890329E-003  7.494423208981928E-003
   539830.855635213       2.488743065891374E-003  6.311420589104622E-003
   567717.989763925       1.972387248036582E-003  5.982927934455474E-003
   658314.146503784       1.455182660897474E-003  5.654186483875888E-003
   569619.908824463       9.394404241111320E-004  5.324501024507823E-003
   42388.3665779677       4.223181926282327E-004  4.994031982469098E-003
   268640.246809344       9.393488661253927E-004  4.616830000905385E-003
   247121.783179662       1.453516840213646E-003  4.238677513248881E-003
   615153.672167674       1.969054554606980E-003  3.862824987740294E-003
   500202.614098573       2.483319721266508E-003  3.486004536872597E-003
   285193.978195119       1.105373190777044E-003  3.005926338863824E-003
   48621.4801101177       7.338022087296805E-004  3.526553909070683E-003
   205574.963350879       3.618661427916174E-004  4.045902496081134E-003
   542243.376151079      -8.038256571984468E-006  4.565377890971170E-003
   584632.341419920      -4.343516563205722E-004  4.047694233035112E-003
   158113.693385402      -8.614288271309600E-004  3.530119139064856E-003
   123233.447730827      -1.290696136042054E-003  3.011577349855148E-003
   8803.00352505505      -2.502123666501495E-003  3.279526951383615E-003
   730028.961460115      -1.985948104700200E-003  3.706560941818381E-003
   580892.260547618      -1.469827284823528E-003  4.136225795082253E-003
   324075.024565712      -9.549518602078313E-004  4.565797408965923E-003
   299468.789151195      -4.377874018979505E-004  4.995379409150868E-003
   46304.9151034836      -9.550675031429141E-004  5.451748128866824E-003
   216846.652321725      -1.470087496128181E-003  5.908501646592374E-003
   289626.555931120      -1.986166105298268E-003  6.363731283178489E-003
   320497.490038032      -2.501666835197879E-003  6.819122330698753E-003
   48778.2695844776       3.672347745474922E-003  7.485914751711236E-003
   83603.7974490647       4.001322011540335E-003  7.054396684781510E-003
   4353.70554159853       4.328904909552076E-003  6.622098872044132E-003
   376543.059757190       4.656382971142023E-003  6.190247353728467E-003
   373677.882867629       4.983159543667915E-003  5.759497792678744E-003
   456622.476543242       5.375289629534642E-003  6.186383699053657E-003
   233160.745524998       5.767605660936727E-003  6.615143174411134E-003
   205697.676747927       6.159481069793268E-003  7.044195415056811E-003
   89535.7633164996       6.554031396330669E-003  7.472465995909588E-003
   799050.277655658       7.481265237347196E-003  6.534693219356597E-003
   623771.892767102       7.051502314174315E-003  6.145131449558285E-003
   576968.501564635       6.621398607242662E-003  5.756346271489126E-003
   387004.667854782       6.191242246305682E-003  5.365774935396446E-003
   240571.423418270       5.761611858561835E-003  4.974798995670425E-003
   102730.365879133       6.188706258486132E-003  4.496334697999264E-003
   134330.947838308       6.613150012029864E-003  4.017374661423980E-003
   1021458.53411283       7.036584105683828E-003  3.538629701009910E-003
   570636.732613789       7.459557632592212E-003  3.062081256523825E-003
   175647.909712006       6.380422206080891E-003  2.896250178161252E-003
   561456.411774775       5.912113741687181E-003  3.332542039453604E-003
   687606.202997905       5.445181487804613E-003  3.766975899284715E-003
   975432.012617712       4.977626826681572E-003  4.199246018201958E-003
   1005333.02329354       4.605963441783319E-003  3.771249858163515E-003
   424058.013442272       4.232436320318190E-003  3.341456638780486E-003
   68215.9108539368       3.858985705262174E-003  2.911065685428492E-003
   1017506.94280968       2.912412400782006E-003  3.858725278096819E-003
   640505.364886426       3.340723747462954E-003  4.232486088212875E-003
   182196.458256444       3.769540830301078E-003  4.607992633182477E-003
   196416.105275296       4.199436353874314E-003  4.982113348927047E-003
   28104.4884756457       3.771684981403085E-003  5.314581545443621E-003
   306143.263155981       3.343918045519758E-003  5.647233207017983E-003
   264731.496401820       2.916002205714414E-003  5.979133463572422E-003
   42862.9566702555       8.419908481652336E-003  7.459688625235291E-003
   260097.982783665       8.810436150012998E-003  7.170235482523401E-003
   188425.511345221       9.198385569795950E-003  6.881002899631759E-003
   353652.276864933       9.587313454783631E-003  6.591308839140720E-003
   422230.978096628       9.976220417712798E-003  6.303040739054453E-003
   630249.719238820       1.054171208041806E-002  6.582221630950841E-003
   827840.822322710       1.110634977579893E-002  6.863413582021550E-003
   915588.678951818       1.166919964022332E-002  7.144566027626013E-003
   301902.354938034       1.223328529456250E-002  7.428140218971509E-003
   582540.775176408       1.247663874501796E-002  7.181511241325539E-003
   200562.434029985       1.219032545428662E-002  6.619138257786782E-003
   134642.759033963       1.190246257935667E-002  6.057149636534428E-003
   137447.139576974       1.161227329943492E-002  5.494653330611639E-003
   320994.517911949       1.132271169233779E-002  4.932289643132816E-003
   178022.261984622       1.160489410718386E-002  4.521173943677562E-003
   91001.6579139220       1.188544300304648E-002  4.108622311922272E-003
   832641.015911055       1.216480354464163E-002  3.696951839538406E-003
   737791.064658433       1.244354267425907E-002  3.285336812587597E-003
   341800.087019183       1.116271842488171E-002  2.718105981046729E-003
   857926.194042173       1.075947239894141E-002  3.008719077249954E-003
   791409.986530693       1.035589351574696E-002  3.298872225179126E-003
   1009503.61742205       9.953620183550387E-003  3.588874643484142E-003
   1461625.56702739       9.480669554064109E-003  3.307221139077579E-003
   1231602.27338920       9.008541338952123E-003  3.024400762114686E-003
   1144502.35628164       8.536047673081680E-003  2.740842806420285E-003
   384061.776197205       7.744036971278939E-003  3.535702171390579E-003
   38436.5635020411       8.029608599176358E-003  4.009947719883659E-003
   396465.623318661       8.317471066256337E-003  4.483241864458898E-003
   66270.4798699928       8.606702581289675E-003  4.956244511626904E-003
   48533.4660558248       8.325284444877871E-003  5.351360677855575E-003
   237627.944758636       8.043178976756838E-003  5.746368030349050E-003
   294849.403736341       7.762127596195653E-003  6.139838539757984E-003
   179287.573538513       1.272328967247855E-002  7.423773426694986E-003
   452420.469913720       1.328340606023412E-002  7.060399831162700E-003
   259423.728588846       1.384107271769525E-002  6.697512059082142E-003
   347885.036476118       1.440038527135873E-002  6.335695628525657E-003
   333772.842526148       1.496005311518307E-002  5.973403685663876E-003
   352201.829161687       1.540599663462879E-002  6.324997963194010E-003
   361264.176722761       1.585132350380435E-002  6.676837944186861E-003
   343218.973341386       1.629687429636183E-002  7.029031356020435E-003
   148886.444121524       1.674478577262187E-002  7.380772359291938E-003
   772534.293230838       1.746322928293140E-002  6.646331790678165E-003
   364617.841953686       1.710467438935010E-002  6.206069103537533E-003
   231582.421718848       1.674541426605625E-002  5.766564412709283E-003
   148766.226820346       1.638567187776162E-002  5.326732167313109E-003
   424065.556298873       1.602505150420165E-002  4.886349925718094E-003
   48315.7844713522       1.637803988955313E-002  4.446620517798677E-003
   37620.4704250281       1.672672670774545E-002  4.006327587746442E-003
   833135.358991415       1.707448911072700E-002  3.565831189663654E-003
   727800.967870162       1.742084683277901E-002  3.127199837254211E-003
   293260.186335193       1.621698824126318E-002  2.736793020769142E-003
   913231.475287079       1.579056298094431E-002  3.100696333897604E-003
   957914.654958649       1.536491967886764E-002  3.462664031308542E-003
   1091809.77863093       1.493916952215209E-002  3.825461931867170E-003
   1354540.61122605       1.453174707066724E-002  3.471473025969682E-003
   704000.284036794       1.412323459759805E-002  3.118556614600777E-003
   497992.851300346       1.371458993665743E-002  2.764270512654872E-003
   866895.205898568       1.279950673929228E-002  3.690301048092653E-003
   528194.873583616       1.315635260833244E-002  4.096214773014632E-003
   77184.9202668455       1.351373900238598E-002  4.503105464538143E-003
   86640.2612080812       1.387484481191487E-002  4.908801668502333E-003
   161746.564311787       1.352317144867507E-002  5.476866099533612E-003
   47585.1931997559       1.317330188801649E-002  6.045444566461470E-003
   9529.81134511688       1.282420479951418E-002  6.613211993187112E-003
   109042.924895130       1.819876986839248E-002  7.362902121954905E-003
   107503.419620480       1.863801785940408E-002  6.956686534285359E-003
   117784.923186509       1.907421488290943E-002  6.549813172710915E-003
   391790.734465870       1.951011435876618E-002  6.143635817932550E-003
   394697.449966414       1.994597973610783E-002  5.737322384660893E-003
   432930.850967011       2.039039953458087E-002  6.130495861940905E-003
   325034.303221195       2.083559872554635E-002  6.523568426151995E-003
   203520.994401877       2.128014450549898E-002  6.917030006194991E-003
   110008.755366059       2.172583681506121E-002  7.310237144209732E-003
   632816.770302102       2.245357000183143E-002  6.560292415011324E-003
   467575.188050481       2.205007560669955E-002  6.126476283935567E-003
   291373.861789434       2.164633484638670E-002  5.691985200695468E-003
   138767.191958257       2.124215466208869E-002  5.256075761416449E-003
   344146.864468636       2.083650703946502E-002  4.821000146707471E-003
   67865.2993560110       2.123055262010697E-002  4.376253598615393E-003
   69196.8389708821       2.162057816303322E-002  3.930170502836115E-003
   581837.499397667       2.200973785140556E-002  3.484720702091494E-003
   526326.751209196       2.239832786339214E-002  3.040491543782616E-003
   169883.086911262       2.120358986818259E-002  2.710862023547304E-003
   615227.311801837       2.077583127678237E-002  3.119198118440703E-003
   699919.904479327       2.034809014829091E-002  3.526009127712997E-003
   969097.609505909       1.992097157589505E-002  3.933312689985894E-003
   1188309.40410409       1.948560550430234E-002  3.538776976208300E-003
   589319.272161484       1.905088054674330E-002  3.144075832753868E-003
   298011.094390381       1.861470592942506E-002  2.747978007999876E-003
   842338.287745737       1.782130036501156E-002  3.555349774000782E-003
   449894.382247338       1.822242252358435E-002  3.985965429354525E-003
   121726.721717280       1.862446448736152E-002  4.416545320117338E-003
   90693.3617522337       1.903008529516273E-002  4.847321655450405E-003
   57403.0091749696       1.863659988459645E-002  5.297300144723694E-003
   214669.572164575       1.824504176392249E-002  5.747296993136106E-003
   329313.132516833       1.785380251056452E-002  6.196551320756054E-003
   16986.3214197951       2.320365101669057E-002  7.285901595519201E-003
   82884.0894738490       2.363637848961021E-002  6.797899619405076E-003
   62694.9087375983       2.406707154469771E-002  6.308817491304760E-003
   209699.867989277       2.449831716665263E-002  5.820024995075804E-003
   249148.996797223       2.492841363293010E-002  5.332094560566994E-003
   176875.928761833       2.532178036159431E-002  5.805092564678554E-003
   54362.0864539898       2.571636381449628E-002  6.278649121629275E-003
   23247.5900641803       2.611043893921305E-002  6.752239422722983E-003
   90603.6507150127       2.650515844471953E-002  7.225564344899247E-003
   285528.504465207       2.744243938191343E-002  6.253170027417347E-003
   322518.773270926       2.695639249600154E-002  5.876191652036143E-003
   276134.893591728       2.647049634650712E-002  5.498780731403114E-003
   190277.301686795       2.598458665897593E-002  5.119926523671328E-003
   169689.590464844       2.549835198354966E-002  4.741788003703935E-003
   248280.497914003       2.597171694128746E-002  4.372478299240944E-003
   281118.551300290       2.644342699283531E-002  4.003034054800486E-003
   399746.876031378       2.691513076843691E-002  3.634402839066403E-003
   279036.114423517       2.738725078564221E-002  3.266786832845561E-003
   94262.3595091257       2.595343714845705E-002  2.710510269919275E-003
   72932.3575207268       2.560435564909288E-002  3.198460563061807E-003
   239715.840163507       2.525591712167492E-002  3.686108251447524E-003
   612263.867843075       2.490838403924817E-002  4.173237003946504E-003
   701320.420728170       2.446688917440660E-002  3.700332707222285E-003
   172063.556228775       2.402512869348617E-002  3.225747641223770E-003
   30360.7923442660       2.358236165201102E-002  2.750562035145079E-003
   661268.950233223       2.288278162988670E-002  3.469333736147515E-003
   461983.961199749       2.336694139106606E-002  3.899692612863077E-003
   17307.7161110594       2.385143581210258E-002  4.331256265430154E-003
   119733.450411526       2.433808554663120E-002  4.762542690799682E-003
   20540.8257318857       2.386625450135640E-002  5.212307763726851E-003
   217905.205441264       2.339531104918366E-002  5.662967822302341E-003
   162516.998395293       2.292427192605890E-002  6.111696891952087E-003
   61432.0627390581       2.841502748039734E-002  7.189295145108186E-003
   23677.8762309134       2.879333183257558E-002  6.764349840766989E-003
   13497.3461476484       2.917080822440458E-002  6.339119407803675E-003
   170418.995724633       2.954908285601053E-002  5.914163283226821E-003
   172498.922331682       2.992630389639824E-002  5.489743320108422E-003
   159504.003574347       3.031643496038455E-002  5.899337475014224E-003
   80342.5782327977       3.070656091620576E-002  6.309513051928536E-003
   31576.8752095279       3.109706870496138E-002  6.719774503378399E-003
   130161.535435369       3.148913138667107E-002  7.129894410860010E-003
   284461.951198501       3.243706838463031E-002  6.144220259530222E-003
   296127.773979823       3.201359749564696E-002  5.768476062752416E-003
   193802.604508171       3.159017816216969E-002  5.393280432826164E-003
   108556.599393840       3.116658863580493E-002  5.017774875590564E-003
   184166.132955402       3.074280193571113E-002  4.641963444925341E-003
   119294.336721952       3.115068725629467E-002  4.150757564924917E-003
   32006.7482808273       3.155723651803689E-002  3.658026781492631E-003
   266690.705569503       3.196316891470950E-002  3.166560428869318E-003
   214111.898833702       3.236890500102726E-002  2.676096015750786E-003
   86387.2269078735       3.131327925747358E-002  2.544776880903829E-003
   180755.244898878       3.084089717458091E-002  2.972830298984965E-003
   282457.115483103       3.036761941984582E-002  3.400076308320303E-003
   307836.717484514       2.989521402537323E-002  3.826536216691415E-003
   294200.460863132       2.952974165078450E-002  3.416176001189129E-003
   114783.473378028       2.916408843033413E-002  3.005208581679378E-003
   74698.9421365060       2.879796004976429E-002  2.594068251711433E-003
   393387.905653970       2.780995348263658E-002  3.617756977102310E-003
   236035.450408349       2.823248835560060E-002  3.969461968201140E-003
   74972.3664978662       2.865527743425031E-002  4.321536165990130E-003
   109671.204191064       2.907862565333789E-002  4.673805595299143E-003
   77639.6439768385       2.866904673278440E-002  5.068685814093519E-003
   70859.0720499504       2.825999586114991E-002  5.464486628617391E-003
   131825.113663476       2.785107706703142E-002  5.858899889574999E-003
   62084.2689190812       3.342298664297773E-002  7.090838655492425E-003
   22993.2513198801       3.379852884516277E-002  6.649669817919367E-003
   48525.1825774263       3.417219801277563E-002  6.208069168243477E-003
   81858.6003728711       3.454565820186403E-002  5.766611372387441E-003
   146273.847830847       3.491893876422440E-002  5.325423703356111E-003
   194467.622875110       3.541925823622674E-002  5.747745406384572E-003
   159398.920475649       3.591830438050601E-002  6.170722304195380E-003
   64220.8794072064       3.641843398978743E-002  6.594002098884211E-003
   49462.8507880714       3.691911531185884E-002  7.017279429053865E-003
   184308.814656942       3.744091916557838E-002  6.473274380396339E-003
   172755.031032665       3.699874574637317E-002  5.990407356948913E-003
   54745.3464128326       3.655648061201079E-002  5.507020306868636E-003
   8637.26681240571       3.611384033382813E-002  5.024562927066833E-003
   102030.923546614       3.567075650419468E-002  4.541209953103178E-003
   159574.422548816       3.609664924029197E-002  4.199538433431590E-003
   170531.530689317       3.652185877095637E-002  3.857836839486286E-003
   303471.309623102       3.694714949143661E-002  3.516650413359745E-003
   183135.677204741       3.737240508310950E-002  3.175726911274205E-003
   121331.561077945       3.585353162039265E-002  2.468679415614763E-003
   11949.8696112694       3.553095881590029E-002  2.909310911727838E-003
   80521.7159234867       3.520864265965581E-002  3.349764307899410E-003
   295161.532321863       3.488692108534444E-002  3.790206725799525E-003
   429721.899279141       3.439762711939129E-002  3.367402651637708E-003
   292436.825756610       3.390772748525747E-002  2.943593996073614E-003
   117520.827289911       3.341878573385431E-002  2.519036284062859E-003
   267266.204469112       3.280954829224545E-002  3.149797125484022E-003
   62687.4113297411       3.325044517994830E-002  3.624282906239239E-003
   96853.0636509063       3.369210865196294E-002  4.099826411993938E-003
   101382.091686371       3.413483518682739E-002  4.573925624679005E-003
   7732.29740761836       3.371012458490541E-002  4.966588501668331E-003
   123818.278314651       3.328571284948737E-002  5.359095048367912E-003
   127624.679013161       3.286125677544435E-002  5.751162190182630E-003
   3580.08340176293       3.798496409993619E-002  6.994517732038218E-003
   90295.2479810354       3.846941232274243E-002  6.633672031694205E-003
   78048.1415589573       3.895342462767679E-002  6.273850708282992E-003
   132827.799628360       3.943649859913863E-002  5.913375625017784E-003
   125656.121011041       3.992064560875009E-002  5.553096604992325E-003
   118467.735447294       4.036577778587243E-002  5.893513804523401E-003
   112662.025095215       4.080985949016908E-002  6.234098123205796E-003
   113807.327161941       4.125498171232959E-002  6.573690177479772E-003
   32552.0777952884       4.170040508382730E-002  6.914141560896639E-003
   212515.195754312       4.243289616017416E-002  6.149017293722945E-003
   142060.971087570       4.207407646891348E-002  5.718858020612385E-003
   109635.716963786       4.171615179671859E-002  5.288574243304725E-003
   80748.8065406737       4.135719213994932E-002  4.859195257308062E-003
   87271.5646999200       4.099820846081757E-002  4.428708485816365E-003
   44151.6040482599       4.133871002251494E-002  3.960114183558719E-003
   40830.8060339724       4.167810302817729E-002  3.490885390028088E-003
   242377.186803550       4.201628505296392E-002  3.020901898838308E-003
   213005.385198031       4.235485576945974E-002  2.551922159903841E-003
   98889.5508047044       4.123267183930969E-002  2.272560010508117E-003
   294893.244039674       4.077931861045771E-002  2.632136165885983E-003
   233924.158115223       4.032674664461910E-002  2.992053602103902E-003
   341720.676906543       3.987452732015766E-002  3.352172054081802E-003
   360526.550938317       3.953633980385134E-002  3.008999855042590E-003
   199544.497503369       3.919785315330781E-002  2.665791846346773E-003
   93583.3267025568       3.885926047915014E-002  2.323351602592933E-003
   290295.600241264       3.772852020177357E-002  3.500387546490221E-003
   191972.821206637       3.808364707378049E-002  3.825398508270149E-003
   55031.2121255621       3.843991264987514E-002  4.150579076399143E-003
   11731.3996241711       3.879673537109986E-002  4.475564781719006E-003
   66519.7604648678       3.845712097185403E-002  4.975185510064293E-003
   9049.26143831963       3.811778220506637E-002  5.473940946961586E-003
   22141.8247310032       3.777966371452347E-002  5.973625129595895E-003
   28386.5949050630       4.319791430761535E-002  6.880805847139268E-003
   80510.2452151125       4.362788435420439E-002  6.502112234337681E-003
   4305.94257583563       4.405729361411568E-002  6.123098125204350E-003
   93468.6741174922       4.448578757647754E-002  5.745304631100480E-003
   101047.599063480       4.491508639477382E-002  5.366409529832167E-003
   134257.299516544       4.532804724221812E-002  5.725881177524324E-003
   136779.647528425       4.574085254398545E-002  6.084658111154488E-003
   97218.1943587009       4.615377084645710E-002  6.444486592637976E-003
   3047.44264448854       4.656587312828058E-002  6.804327696172991E-003
   179691.253593152       4.742675319237955E-002  5.903528913603488E-003
   147984.647880023       4.704917584951139E-002  5.508095797060416E-003
   98821.2145797557       4.667151038684594E-002  5.111537792900007E-003
   80628.4613576153       4.629471132701386E-002  4.714907833633464E-003
   80834.8783642095       4.591692514395007E-002  4.318152528517791E-003
   65976.1816211577       4.627730761623783E-002  3.922517839870240E-003
   40126.8991185941       4.663581815979833E-002  3.526479261783117E-003
   164702.091371715       4.699522015147820E-002  3.130649327869786E-003
   146518.299136370       4.735451907931109E-002  2.735106295547680E-003
   47811.0269274557       4.600231993628903E-002  2.184043091817018E-003
   160759.933913973       4.562449174660316E-002  2.562387927786497E-003
   170370.489838557       4.524664683936425E-002  2.939368541743044E-003
   308323.036318644       4.486924854203145E-002  3.317484883915218E-003
   413156.019770426       4.440120914465359E-002  2.958866052283756E-003
   282292.237337453       4.393311028600238E-002  2.601101238278777E-003
   230325.943608022       4.346401729237791E-002  2.241920757144788E-003
   243276.385797753       4.273266165977437E-002  3.004624231372320E-003
   123649.118933003       4.311082174018970E-002  3.458704650882456E-003
   25159.4721749174       4.348827772670941E-002  3.911983681147083E-003
   43168.0139674529       4.386747290091784E-002  4.364907437544331E-003
   24212.1752395526       4.350831047257646E-002  4.811144556397896E-003
   55802.3684280156       4.315042349832653E-002  5.256502616567752E-003
   17581.8618670748       4.279148943571175E-002  5.702671260376737E-003
   5060.08182476452       4.832731495202078E-002  6.763540609955817E-003
   31423.9552302005       4.872062548647865E-002  6.278280667213922E-003
   50932.5012043296       4.911431675802444E-002  5.792611821249609E-003
   32237.7269854105       4.950795533675213E-002  5.307031422446440E-003
   55882.2302641391       4.990149080605499E-002  4.821577392399815E-003
   26631.6011443007       5.023934787559747E-002  5.289687287109697E-003
   20914.5172148921       5.057822518461488E-002  5.757902865279226E-003
   14914.4904527354       5.091618106563215E-002  6.226143247558501E-003
   23029.4254478970       5.125426351653044E-002  6.694323302236677E-003
   88899.3361274775       5.241694297425637E-002  5.475702719463829E-003
   77106.6246748985       5.193358968262251E-002  5.159989622271197E-003
   83687.0672289220       5.145022554102866E-002  4.844284825515882E-003
   92677.0817831747       5.096684869430325E-002  4.527531646500823E-003
   51051.8874919973       5.048352090351162E-002  4.211688509114553E-003
   49099.1570406586       5.095058856997540E-002  3.821216750560771E-003
   38096.5183484911       5.141715105051301E-002  3.430636964071973E-003
   85485.9163905078       5.188370942479362E-002  3.040277224394387E-003
   57849.3917472466       5.235034549481638E-002  2.650166378793595E-003
   33853.2380417080       5.097569574761211E-002  2.174828800714991E-003
   17388.3138996109       5.060826913783069E-002  2.660027419649826E-003
   40096.4702882878       5.024097252122904E-002  3.145113981498679E-003
   173625.387144659       4.987391438750600E-002  3.630115077421857E-003
   157527.006243974       4.947683346200515E-002  3.163163308304062E-003
   36666.3298237713       4.907958360569679E-002  2.695863671105051E-003
   7692.56926533627       4.868206438475298E-002  2.228483258761505E-003
   192099.061899914       4.783876195195359E-002  3.110901857998998E-003
   161540.661306915       4.832295628329205E-002  3.486954332314888E-003
   71938.6059303864       4.880717266745335E-002  3.863301197982475E-003
   20039.1649878321       4.929176912672759E-002  4.239712277309998E-003
   28146.9871639645       4.882534494343369E-002  4.656043467589193E-003
   43182.5143617384       4.835912521789944E-002  5.072329528483152E-003
   4330.86352536191       4.789282818820863E-002  5.488338415479445E-003
   5987.79234880616       5.363557320974451E-002  6.637853274498828E-003
   11134.2976593747       5.395293540173364E-002  6.219215543748637E-003
   16305.6600477786       5.427004728708150E-002  5.801398019795999E-003
   277.650553463394       5.458812856068900E-002  5.382597174654978E-003
   28468.1368528047       5.490522101558433E-002  4.963911156622173E-003
   6255.56168956780       5.533588843766016E-002  5.364666352798141E-003
   18210.3691370792       5.576650167861399E-002  5.765539883035718E-003
   2437.55021609007       5.619714698039653E-002  6.165401674472520E-003
   27012.5042010558       5.662686523376961E-002  6.566287105085179E-003
   37539.4048613039       5.742404509583316E-002  5.729891112090209E-003
   38143.0865182112       5.700319696068495E-002  5.319905802766178E-003
   19841.9782524182       5.658334735409884E-002  4.908820064872680E-003
   23931.6427108821       5.616246075915169E-002  4.497743104176236E-003
   52499.5942640385       5.574161705452738E-002  4.086585441164452E-003
   3444.48178032794       5.614230642344045E-002  3.646678439176715E-003
   3539.95057232601       5.654273630397565E-002  3.207663530232347E-003
   47560.4444766839       5.694207293350789E-002  2.767754707127185E-003
   45035.6748211127       5.734242290122316E-002  2.328978658108147E-003
   10753.8967204297       5.612286557966203E-002  1.987454182583161E-003
   31097.4417000257       5.570301184009108E-002  2.407906333368559E-003
   45337.2231616765       5.528421694472316E-002  2.829206977915528E-003
   88623.7417024633       5.486449386433505E-002  3.250474869526379E-003
   88095.8975152263       5.447619241701557E-002  2.848551904780926E-003
   42403.8866413205       5.408786126517454E-002  2.446470457567716E-003
   12786.5345716961       5.369944803866187E-002  2.045323721134624E-003
   93623.8818019467       5.276995603926205E-002  3.019305220785198E-003
   45975.8727884886       5.318852544433288E-002  3.388673846596235E-003
   3379.22531226518       5.360818342797313E-002  3.758092331669882E-003
   34213.6456971829       5.402801425390934E-002  4.127520136773461E-003
   2999.89807815853       5.362495326082843E-002  4.464389533604682E-003
   14518.5408226414       5.322191999318766E-002  4.802181970099133E-003
   1512.57223214759       5.281984567151514E-002  5.138856992203227E-003
   3883.40769176869       5.826040672356952E-002  6.526807709894568E-003
   13244.2276801826       5.866886566286899E-002  6.038720628397398E-003
   35231.6891725160       5.907816613933381E-002  5.550503467436897E-003
   7893.88607415464       5.948744237422249E-002  5.062294022309495E-003
   15425.5084000832       5.989665975055275E-002  4.574070575722773E-003
   13798.8057326906       6.036912204769026E-002  5.040549616633245E-003
   32661.5775369316       6.084156960788228E-002  5.507113036815378E-003
   8022.24186951847       6.131310671960972E-002  5.973653243455541E-003
   33278.0364666401       6.178571092999204E-002  6.440138555576593E-003
   48823.3221174534       6.242629455282218E-002  5.767008218143174E-003
   66146.6058382542       6.193720236147171E-002  5.318086338627685E-003
   48633.2253696923       6.144820975594635E-002  4.870044804520249E-003
   60364.9578454187       6.095919488509092E-002  4.420959440978386E-003
   40811.9824561167       6.047024125355013E-002  3.971782641886801E-003
   8260.79100491128       6.093802261489704E-002  3.543991298023171E-003
   17647.7419324074       6.140554368753832E-002  3.116105008932990E-003
   1751.84920799874       6.187303289906142E-002  2.688284208057078E-003
   5824.12517722837       6.234057429863115E-002  2.261578013967412E-003
   17424.0298393522       6.108005884688381E-002  1.933792514687465E-003
   1230.06832738381       6.067605510883529E-002  2.422088556705830E-003
   2030.22177687168       6.027207609212017E-002  2.910313367770056E-003
   75863.1481382701       5.986815603161869E-002  3.398495918248329E-003
   76631.7422774259       5.942702325177630E-002  2.931145921249529E-003
   49085.6845139045       5.898691703994698E-002  2.463576238578452E-003
   10525.4708590177       5.854573557637306E-002  1.995973643503867E-003
   76720.5909564033       5.783040343110635E-002  2.746273881571587E-003
   48557.6524400687       5.831836275897923E-002  3.164713762075005E-003
   26286.1831072987       5.880636675357689E-002  3.582191321530467E-003
   10180.5805980140       5.929455424275058E-002  4.000639434278871E-003
   28223.3439293438       5.882689657188926E-002  4.433252929004967E-003
   3474.20188646905       5.835929933995365E-002  4.865854734865812E-003
   13675.3920012919       5.789166510887681E-002  5.298365892697193E-003
   20262.4390683852       6.309924676323604E-002  6.407238744638071E-003
   30444.4257426776       6.354609781897107E-002  5.825009760060270E-003
   42094.6257648154       6.399186830876770E-002  5.241740102591926E-003
   56650.1963585056       6.443882514899027E-002  4.659469714555550E-003
   28026.4371197222       6.488579622746966E-002  4.075986840126532E-003
   20480.8677688342       6.520231948192211E-002  4.639961467147488E-003
   30237.0692377678       6.551765858838425E-002  5.203004845704108E-003
   19649.6612928775       6.583396691792423E-002  5.767073157121925E-003
   14975.9900679150       6.614918883590847E-002  6.330229950894813E-003
   8271.79006790982       6.741025057624250E-002  5.004050104004698E-003
   9004.25806772513       6.683180377894322E-002  4.717538110792088E-003
   12534.9462347153       6.625231343127995E-002  4.430097480770163E-003
   36280.7010921310       6.567379645286686E-002  4.143755618655362E-003
   45985.5311324591       6.509438587236951E-002  3.856583607497023E-003
   22651.4656110016       6.565626936714881E-002  3.443122388372866E-003
   33821.6207094403       6.621704610379527E-002  3.029732514210363E-003
   21055.8309402893       6.677885864465903E-002  2.617378494758201E-003
   14500.1699872635       6.733965586255228E-002  2.204091674378910E-003
   17861.1987308470       6.602763194609321E-002  1.903117115420452E-003
   18848.2473701311       6.564412874626539E-002  2.485057647151170E-003
   44008.6911224155       6.525960357208685E-002  3.066050195652671E-003
   53397.3581011424       6.487512385388801E-002  3.648110796783141E-003
   25542.1291782294       6.444534096944048E-002  3.086744118494612E-003
   21081.7639159502       6.401554292068443E-002  2.526166694207956E-003
   15289.3284023148       6.358560634841659E-002  1.964613355227039E-003
   57389.7125854436       6.292161334172777E-002  2.662202384457814E-003
   44824.3727060360       6.350357102400056E-002  3.063933595835006E-003
   60809.1938524775       6.408450771615651E-002  3.465713233475899E-003
   25037.5799137570       6.466652095989583E-002  3.867457951715369E-003
   75417.0559081704       6.410597077222702E-002  4.342573158145629E-003
   60864.4486125690       6.354632920864947E-002  4.817621083366343E-003
   93645.7626483783       6.298570242822239E-002  5.291713334300775E-003
   14079.0623688846       6.873631516304667E-002  6.264705389225637E-003
   11394.8850834218       6.902746235696916E-002  5.864368011324896E-003
   33956.9770755289       6.931950477249914E-002  5.464863938323194E-003
   54799.1060973759       6.961059005675829E-002  5.064384463858452E-003
   24828.4225709249       6.990274187582803E-002  4.664848309002368E-003
   60855.5486628113       7.029583022164831E-002  5.046852623684029E-003
   9808.10399225796       7.068985906000597E-002  5.429825007603360E-003
   9584.39406642159       7.108283582410108E-002  5.811744046182675E-003
   6642.71064000376       7.147674553629137E-002  6.194633284055206E-003
   15380.8769531905       7.241774798478962E-002  5.204236833881095E-003
   33297.3257643933       7.201492775610492E-002  4.830445864533841E-003
   12126.9228530906       7.161315600320739E-002  4.457707584323946E-003
   30956.1541449313       7.121039139386691E-002  4.084063217841500E-003
   21313.4366757407       7.080884202807303E-002  3.711312608699864E-003
   10176.7759278109       7.119014168870876E-002  3.280578510858253E-003
   27640.4843221484       7.157233641670152E-002  2.848726318090197E-003
   32786.2178965275       7.195360231157565E-002  2.417898465755258E-003
   27305.0967509750       7.233584122746849E-002  1.986003244668882E-003
   12924.3299771359       7.108950870055063E-002  1.596575113637613E-003
   18357.7042734299       7.067854873200885E-002  1.999130581418801E-003
   45512.8168878936       7.026657241213596E-002  2.402701153921589E-003
   20928.6377409422       6.985566369596716E-002  2.805384561729538E-003
   9442.60123579970       6.944686974984610E-002  2.423679464653744E-003
   24702.1978451007       6.903808716297553E-002  2.040946610890582E-003
   8171.38442942294       6.863032079338317E-002  1.659209572805150E-003
   15685.5437253281       6.774265050213454E-002  2.592958886049442E-003
   5339.06843779599       6.814456865044199E-002  2.980901886894474E-003
   16584.6914342226       6.854753586410041E-002  3.369779329358716E-003
   16098.6847164301       6.894946944079250E-002  3.758701917333951E-003
   26838.0528228710       6.856522108468854E-002  4.070484997634519E-003
   41012.5957738832       6.817987419219362E-002  4.381287129908419E-003
   71096.9897371960       6.779550502810559E-002  4.693057474446909E-003
   28519.0197805736       7.340798964167755E-002  6.145142113502587E-003
   16318.7852901340       7.378235492295313E-002  5.759670788980191E-003
   31235.6066708230       7.415572802103695E-002  5.374143944317064E-003
   51328.1268995413       7.453017699413667E-002  4.988565840674737E-003
   32027.1147244594       7.490363591717775E-002  4.602929809876749E-003
   63416.5998820204       7.542929667796545E-002  4.965555106003737E-003
   41934.0922756636       7.595598859869210E-002  5.328057451870719E-003
   17624.7968806541       7.648169370598262E-002  5.690431714945089E-003
   45883.0328411477       7.700829062677822E-002  6.052635430773314E-003
   3231.96728736221       7.743091556257854E-002  5.607650666571252E-003
   41817.8542522636       7.704147438898039E-002  5.100561518421434E-003
   16887.4885895696       7.665212105056232E-002  4.594666954741138E-003
   39941.2177546079       7.626289031604420E-002  4.087735943557561E-003
   5883.47212896943       7.587387554984230E-002  3.581689337565419E-003
   14379.9762677251       7.623776514974440E-002  3.100349060925549E-003
   11166.0377341975       7.660168967069499E-002  2.619981937626282E-003
   27387.0740014362       7.696565476069765E-002  2.138610342309830E-003
   28652.6141459940       7.732966422208994E-002  1.658163446124930E-003
   14752.3859300231       7.623891781294453E-002  1.447821939753261E-003
   27154.3111583413       7.577655521304312E-002  1.835662982408356E-003
   44529.2965899025       7.531517347260891E-002  2.223513392821452E-003
   6579.87201565161       7.485285473480469E-002  2.611498849270524E-003
   17489.3338769910       7.442231753833195E-002  2.246398461183071E-003
   326.781340658673       7.399078104790792E-002  1.881382939497883E-003
   4372.93349397250       7.356025892749114E-002  1.516392777483503E-003
   7841.37490868816       7.272261342756489E-002  2.398183958101954E-003
   1023.43491095745       7.310930718938463E-002  2.809352184142696E-003
   17153.6427967471       7.349599794735499E-002  3.221485568977864E-003
   11495.1022327256       7.388260482302803E-002  3.632627122520493E-003
   8838.99990528911       7.351644796022599E-002  4.024951327289446E-003
   31065.7830502954       7.315024026469480E-002  4.418297708733710E-003
   72159.1528523499       7.278394488447248E-002  4.810678362139924E-003
   14886.7227975002       7.787592522109801E-002  6.030438841260925E-003
   20481.6461270658       7.838021905339983E-002  5.529535844894104E-003
   15543.4725047276       7.888365394875239E-002  5.028706528769093E-003
   12876.1670883619       7.938811898640444E-002  4.527821049849005E-003
   1901.17161117038       7.989156387407025E-002  4.027853200629691E-003
   14106.3263831248       8.032482652150801E-002  4.503961309271894E-003
   1905.26341241125       8.075812966030993E-002  4.981035457293104E-003
   16502.9044425127       8.119140194302575E-002  5.458131991166473E-003
   12762.6806201773       8.162469175805145E-002  5.935211028140643E-003
   9335.27785174718       8.241964116190764E-002  5.098756022943489E-003
   7418.29306298527       8.192109840218965E-002  4.690283265169100E-003
   3628.36563877364       8.142251840677699E-002  4.281867908200740E-003
   3216.86964146348       8.092394860977277E-002  3.873454665019217E-003
   25042.0963388825       8.042635417805843E-002  3.465054933282730E-003
   7212.42220484088       8.090403460962006E-002  3.093853669633315E-003
   4674.48925359526       8.138276189909252E-002  2.722600746147066E-003
   1045.34901865914       8.186149629169770E-002  2.351315875344111E-003
   2155.13678608413       8.234017997211748E-002  1.979945438199963E-003
   8235.31064090981       8.090295939111604E-002  1.440412924220428E-003
   9517.20640343820       8.055652733163982E-002  1.937340303696695E-003
   1446.72219015683       8.021005063791686E-002  2.434258107624895E-003
   16314.4005302795       7.986352254072349E-002  2.930202653543179E-003
   18338.1088156179       7.937907212864384E-002  2.455445957848557E-003
   3229.86202222143       7.889555631122049E-002  1.979819212072136E-003
   7261.98772849858       7.841109331243838E-002  1.504258638581596E-003
   19749.0796867201       7.782971800788319E-002  2.116474044445476E-003
   6811.15848478443       7.832980949544562E-002  2.575688193087715E-003
   10126.4164304920       7.882983091815933E-002  3.033845508103817E-003
   38825.0113431806       7.932876693006698E-002  3.493043664625434E-003
   17165.8046566633       7.885508430895273E-002  4.021147559657987E-003
   13151.6820564257       7.838038042505850E-002  4.550267417140884E-003
   6863.11639236866       7.790562185131358E-002  5.078418201256213E-003
   1301.52790180552       8.325614191582299E-002  5.893769841526843E-003
   9249.81403356034       8.366823560812614E-002  5.539171508358841E-003
   11886.8443374792       8.408032691265385E-002  5.184580378795009E-003
   19755.7526919765       8.449242040962746E-002  4.830000942507312E-003
   5976.89450364197       8.490448900789570E-002  4.475398517993778E-003
   17677.2365292863       8.526505801826934E-002  4.810369857539406E-003
   6825.97122278085       8.562564903574121E-002  5.145337230084706E-003
   2299.58284213353       8.598624473363189E-002  5.480322319287351E-003
   3379.42038747101       8.634586068454878E-002  5.815334229569397E-003
   10168.1554647790       8.741076229762935E-002  4.694942913285625E-003
   12065.0226373410       8.705800036018066E-002  4.352781729797309E-003
   6888.84715206800       8.670520465084519E-002  4.009607261302256E-003
   2508.73706596373       8.635240294537395E-002  3.666417636403836E-003
   7049.45636040420       8.599956209404523E-002  3.323245213080221E-003
   4819.67568103088       8.633098878176854E-002  2.825632647136756E-003
   4296.83255007452       8.666245895699136E-002  2.329039606864616E-003
   6275.10420432113       8.699388319927533E-002  1.831443683931388E-003
   7350.80573447912       8.732530228280748E-002  1.333867698850708E-003
   9300.45378097349       8.628653791775096E-002  1.159227925491458E-003
   9364.56027181361       8.580646844601751E-002  1.515555834634886E-003
   14357.3092444877       8.532740398161864E-002  1.871857064709859E-003
   4522.28668160513       8.484731125057139E-002  2.228145416479764E-003
   2888.28058134683       8.447967120461446E-002  1.893371290216222E-003
   7513.12702500403       8.411200748038056E-002  1.558626871042881E-003
   2948.75033170865       8.374434681611449E-002  1.223881392106341E-003
   2513.41477550258       8.269321129984143E-002  2.330052989351855E-003
   5821.26959245861       8.304624773306504E-002  2.680151609918903E-003
   2900.00255036311       8.339926887002677E-002  3.030263465595369E-003
   13164.5192921945       8.375230302702805E-002  3.380361590466976E-003
   1383.15331227749       8.341910563436149E-002  3.809951563629265E-003
   8679.34448665133       8.308595014810113E-002  4.239565563015408E-003
   12980.0423017527       8.275279627522232E-002  4.669169960826187E-003
   2314.78997282684       8.853116816788677E-002  5.759822735976289E-003
   3243.85251963151       8.887461100276038E-002  5.457978363226151E-003
   6596.32889111572       8.921903674917024E-002  5.156108254663361E-003
   9918.62753366628       8.956348247294002E-002  4.855245770219981E-003
   5904.59010766318       8.990790281909490E-002  4.553395588239288E-003
   10070.7854991701       9.035017659722386E-002  4.835264557982997E-003
   6267.91673195038       9.079343135261543E-002  5.116107645267588E-003
   1706.30771998098       9.123571196645111E-002  5.397989325685849E-003
   2880.14973339193       9.167799771084123E-002  5.679885762315344E-003
   2007.35382106465       9.241750019062939E-002  4.901867235716385E-003
   4417.58519729898       9.211357356493327E-002  4.474435855904351E-003
   743.831731344568       9.180964088111186E-002  4.046991413482712E-003
   4574.28144982019       9.150667270669985E-002  3.618520751285050E-003
   357.490254833512       9.120270724536021E-002  3.191088443450881E-003
   2093.20386135669       9.148511121170301E-002  2.770765373066409E-003
   1700.66136699218       9.176655041531520E-002  2.351477698467673E-003
   2347.53294523016       9.204895653038607E-002  1.931163593170287E-003
   2499.25124628186       9.233136331522236E-002  1.510857103603571E-003
   1660.70436380937       9.105565097404454E-002  9.870954639556713E-004
   2249.63322078550       9.065023138393326E-002  1.290496332373370E-003
   4847.41770787904       9.024579083630321E-002  1.592872589390742E-003
   155.581142190867       8.984036494420083E-002  1.896257572610923E-003
   1510.87225497702       8.934408545425347E-002  1.615774523685468E-003
   498.821397160293       8.884883631538511E-002  1.336251085918037E-003
   812.704084790796       8.835256443588840E-002  1.055737897900887E-003
   2079.70580406506       8.763060046881170E-002  1.815298107555372E-003
   2077.43990070961       8.793592125560586E-002  2.296721088392933E-003
   3575.20695957228       8.824022328351513E-002  2.777170421370724E-003
   2663.46598333080       8.854555401229830E-002  3.258592464008741E-003
   1951.92358610006       8.826160190534715E-002  3.617945542233325E-003
   5941.68435351429       8.797865632836814E-002  3.977268328170224E-003
   10283.8318410636       8.769471762944149E-002  4.336609044244502E-003
   2012.00459301722       9.319552114299504E-002  5.641356482221536E-003
   1530.46919472608       9.362002393655619E-002  5.222424318007011E-003
   1720.56477024000       9.404451324810267E-002  4.803492444957634E-003
   3470.51222594655       9.446999564292649E-002  4.384540537551341E-003
   2468.20796384336       9.489448152319072E-002  3.965628275532292E-003
   2397.84964082478       9.527870673167813E-002  4.364007834803013E-003
   573.443076357511       9.566193469642116E-002  4.762416943212543E-003
   2217.85082785900       9.604616712955141E-002  5.160802218247415E-003
   1553.40884702358       9.642939985553371E-002  5.559217545647857E-003
   256.393460652556       9.740954629446290E-002  4.528000439653420E-003
   3124.26613503936       9.699221444293511E-002  4.165479982619681E-003
   804.446027589668       9.657486180065730E-002  3.801948298250844E-003
   942.863433078642       9.615753109732471E-002  3.439413761646148E-003
   1403.43073919624       9.574016781520088E-002  3.075879637364446E-003
   2457.27665001028       9.613475860081820E-002  2.542678995061897E-003
   625.194503807080       9.652931844935887E-002  2.008476271718672E-003
   50.6628084429469       9.692389441810106E-002  1.475270387712657E-003
   27.6153527148695       9.731844282965399E-002  9.410742868888903E-004
   600.143316564996       9.638879591483289E-002  9.667083580916465E-004
   1467.37619356836       9.587633667667000E-002  1.387869374573674E-003
   2870.53592989143       9.536287701419881E-002  1.809048674373287E-003
   822.259730596661       9.485041020472321E-002  2.230191544907564E-003
   953.270027997675       9.442719425139995E-002  1.832804600608120E-003
   163.285404204192       9.400497995162675E-002  1.435381574118120E-003
   1545.79721854162       9.358176141766220E-002  1.037980832887939E-003
   1868.42127607961       9.274970386446436E-002  1.913371849361054E-003
   302.535496950175       9.316804647708234E-002  2.315892160076670E-003
   1073.70616453427       9.358636761066814E-002  2.717417063932207E-003
   3455.09136156299       9.400471782972268E-002  3.119945083420048E-003
   653.574524806564       9.360789802249814E-002  3.565183821884914E-003
   1498.10476380843       9.321111149199619E-002  4.011419655615712E-003
   4779.37670365536       9.281430624507232E-002  4.456650297061637E-003
   4090.37442203593      -1.558879538590030E-003  1.250029280476825E-002
   9497.76204264808      -1.168459341147568E-003  1.204137235686795E-002
   115808.358455356      -7.785323075050101E-004  1.158097288957450E-002
   196926.456115340      -3.886416171020101E-004  1.112140358246163E-002
   34188.9629654918       1.238986579817947E-006  1.066073054789305E-002
   182631.870618511       3.541020704315020E-004  1.111964203118526E-002
   18344.8625990003       7.067891877132623E-004  1.157753297606565E-002
   77396.9029146891       1.059624558807688E-003  1.203615040059650E-002
   36108.2696913055       1.412081018210764E-003  1.249398395494993E-002
   55618.7254063694       2.504419309558237E-003  1.139359246043670E-002
   36203.2395444833       2.043885684448113E-003  1.104459542981783E-002
   4564.66346102412       1.582679539321464E-003  1.069531499016039E-002
   130017.945059891       1.122480751396557E-003  1.034618674028715E-002
   130666.853991124       6.618539305718789E-004  9.996728119444555E-003
   34356.5792513388       1.121331717852732E-003  9.665384999249033E-003
   26392.1609468000       1.579267203497811E-003  9.333732063360875E-003
   15411.6165364333       2.038189813897710E-003  9.002187542659133E-003
   41629.5692459231       2.496100071187772E-003  8.670733572556006E-003
   8174.79149810247       9.838322339601549E-004  7.954590572513055E-003
   48280.9948548268       6.553679360931871E-004  8.415716478760752E-003
   26713.3602373707       3.268591214164136E-004  8.875673690284053E-003
   227447.505880384      -1.378241678713999E-006  9.336720956647041E-003
   228234.809714459      -4.562487995374421E-004  8.877451724923243E-003
   127867.711655290      -9.109966882133900E-004  8.418761330204102E-003
   22474.6086319094      -1.364788461715376E-003  7.958764750764730E-003
   293951.513777707      -2.500726285923217E-003  8.180945052400320E-003
   134936.347737561      -2.041844976584139E-003  8.635621361159179E-003
   11237.6126788628      -1.582066557759276E-003  9.089777636980358E-003
   79316.5695931067      -1.122949744389711E-003  9.544895593848784E-003
   53220.7567429862      -6.621457359214036E-004  9.999691747967549E-003
   80015.7394850432      -1.121302642217913E-003  1.039027854459227E-002
   22327.6854308227      -1.579954047351291E-003  1.078050844734748E-002
   63575.6738322844      -2.039822305619225E-003  1.117056383384693E-002
   15466.3595860145      -2.498460155638990E-003  1.156099959985401E-002
   49163.2286359203       3.603956102988221E-003  1.248460261535258E-002
   82844.9504880872       3.953990274217966E-003  1.209516431041655E-002
   132184.042254976       4.303835246203412E-003  1.170425229841604E-002
   285996.383850586       4.654011538991348E-003  1.131422650333127E-002
   115727.581542617       5.004480267295646E-003  1.092405783895847E-002
   307691.541186809       5.412404915286073E-003  1.131065243758235E-002
   95612.0403520253       5.819945719706291E-003  1.169731511757880E-002
   75998.1706904245       6.227369630438376E-003  1.208464171690335E-002
   250940.830491741       6.633774254007763E-003  1.247059461126250E-002
   92647.2627003137       7.509625839885506E-003  1.158526636849714E-002
   185486.299640733       7.118142392864714E-003  1.118319544497974E-002
   32113.0401244433       6.725476351689530E-003  1.078080848423854E-002
   146564.842318414       6.334035392074566E-003  1.037857694052494E-002
   161619.089778118       5.943542051645413E-003  9.975872258296185E-003
   47722.1937472294       6.331144525120185E-003  9.581999052396284E-003
   82363.4846369352       6.717947868736013E-003  9.187533495536157E-003
   53465.0893057117       7.105793883849350E-003  8.794213333205313E-003
   119459.958378392       7.492260446360499E-003  8.399629795580050E-003
   21150.4609531307       6.164232039807854E-003  7.863624476714943E-003
   123498.575932599       5.775730005975473E-003  8.255910899870354E-003
   45844.8973043414       5.385980938071530E-003  8.646826799817049E-003
   242386.580089645       4.996638571787164E-003  9.038093624002966E-003
   214249.462386490       4.665777872086161E-003  8.650241439262818E-003
   97230.0478230341       4.334568144243607E-003  8.262636975204676E-003
   16799.6458136433       4.003319389675462E-003  7.873933462817874E-003
   156421.561421001       2.886306858676381E-003  8.998940886789956E-003
   103128.401414022       3.277254696399065E-003  9.327532625934576E-003
   23900.3409770918       3.667232200500069E-003  9.656159922098255E-003
   27364.7871689091       4.057684333420335E-003  9.984438955143980E-003
   40330.1132520450       3.670039151305970E-003  1.033649243503707E-002
   172785.923325906       3.281829157812350E-003  1.068846078600545E-002
   341749.529055252       2.892400554249732E-003  1.104058709759489E-002
   12843.8887169641       8.395615182450784E-003  1.246036019826677E-002
   24025.5135075610       8.797370687678833E-003  1.202604034098510E-002
   146626.200956686       9.199933579518496E-003  1.159141983576287E-002
   163903.717439135       9.602613889171413E-003  1.115673196979388E-002
   16775.3229988883       1.000520731172461E-002  1.072177131306606E-002
   146033.517976414       1.041213555623123E-002  1.115018706254964E-002
   16783.3649838542       1.081796556447501E-002  1.157854075658411E-002
   70417.7933889280       1.122493286730925E-002  1.200652061731114E-002
   67210.6254734335       1.163098321085911E-002  1.243426841621608E-002
   220384.295668019       1.251243808181290E-002  1.153576289502846E-002
   127093.805647148       1.207690353641356E-002  1.113818295611459E-002
   186206.063290817       1.164146770181356E-002  1.073974046475508E-002
   322818.354095707       1.120627253677037E-002  1.034228452130407E-002
   114972.374541774       1.077189082727527E-002  9.943319714877384E-003
   32641.2002549896       1.120040080553756E-002  9.375755686262909E-003
   202729.929649568       1.162747685007424E-002  8.807159187177937E-003
   147050.163939799       1.205402497189229E-002  8.239338181794807E-003
   179541.416478725       1.248000323267220E-002  7.670931642326475E-003
   161731.923156491       1.167296276523024E-002  7.866387101367778E-003
   135679.904426981       1.111463552496974E-002  8.304269372089251E-003
   5250.97026622777       1.055478942499588E-002  8.741095130914051E-003
   363411.536933576       9.995020545789050E-003  9.177957496475738E-003
   317334.709197894       9.601217616660834E-003  8.748787379258974E-003
   209676.626547106       9.207291919971598E-003  8.319291185820348E-003
   15515.7575736752       8.814016466608144E-003  7.889701873583177E-003
   391808.764825590       7.926348376398157E-003  8.788069220383835E-003
   229417.261119922       8.359961235314095E-003  9.176384544259489E-003
   142062.466915629       8.793807768033988E-003  9.565788644663977E-003
   32158.6849616929       9.228121385773350E-003  9.955150061480480E-003
   59813.9596835333       8.798686037129173E-003  1.036287780214962E-002
   78652.1684564837       8.369061378177407E-003  1.077058286696678E-002
   167615.385324005       7.939243369411741E-003  1.117823096085029E-002
   76322.6929718129       1.341046752538622E-002  1.241564347795580E-002
   117768.008017102       1.380843942254660E-002  1.193909945115211E-002
   160634.656842236       1.420679468302301E-002  1.146292020662875E-002
   97995.9689263255       1.460451149686790E-002  1.098585069433912E-002
   11113.1154492439       1.500304418064873E-002  1.050926851962480E-002
   50932.3817010567       1.545103879773838E-002  1.097556682169492E-002
   146975.473334291       1.589905681130550E-002  1.144219578862318E-002
   247367.544395505       1.634677247087377E-002  1.190752016063051E-002
   66204.2480097582       1.679381503923667E-002  1.237402582961169E-002
   54903.3861392582       1.751744586801459E-002  1.163329058999112E-002
   20512.5701884678       1.703888070289331E-002  1.119734501950862E-002
   139021.753716625       1.656124292147802E-002  1.076205633286463E-002
   334017.037483609       1.608287960714954E-002  1.032717920974891E-002
   33897.4797879486       1.560650179594009E-002  9.892085974627030E-003
   123125.866930098       1.607458442632764E-002  9.444817389070189E-003
   189482.231702525       1.654327950844849E-002  8.996959835510217E-003
   203635.279595706       1.701117193803837E-002  8.548975142729971E-003
   60634.6669241897       1.747989450122029E-002  8.099590550177529E-003
   7114.80016805029       1.630601942197886E-002  7.858352095643952E-003
   29044.6681873187       1.586777329735294E-002  8.334769006619343E-003
   271772.798901334       1.542913097455460E-002  8.812067344296161E-003
   284337.816238173       1.499094767618425E-002  9.289325138860912E-003
   347795.336215211       1.442297923097357E-002  8.823978441619086E-003
   476438.556795693       1.385558239519974E-002  8.357165909098803E-003
   515206.684920047       1.328970283234449E-002  7.891062911287026E-003
   344531.683922284       1.295623017007289E-002  8.229962363194178E-003
   205267.601991777       1.343218911306440E-002  8.788175055611627E-003
   191001.815517405       1.390988340369019E-002  9.347158781492164E-003
   27283.8380168094       1.438696301974617E-002  9.906027471518968E-003
   142033.169527881       1.391882195759965E-002  1.031367373969953E-002
   95402.1190288355       1.344964687823652E-002  1.072049823562751E-002
   278201.587331761       1.298120650769753E-002  1.112815370681800E-002
   239897.098376505       1.825701670244623E-002  1.235611245440742E-002
   183783.499746076       1.869337179957597E-002  1.179596385323049E-002
   115778.163978241       1.913003414105927E-002  1.123483958278632E-002
   321364.695534514       1.956773550906750E-002  1.067485071720841E-002
   170748.675575070       2.000548582668180E-002  1.011213491077780E-002
   182259.164791693       2.045014471129477E-002  1.066092226822039E-002
   232665.193192791       2.089321421170654E-002  1.120787288609358E-002
   206639.705521216       2.133633423495487E-002  1.175620416112409E-002
   156810.034108666       2.177725737531063E-002  1.230445016997463E-002
   16973.1128475926       2.253188756146465E-002  1.152673242116517E-002
   130444.029729647       2.196850557703081E-002  1.110247372537914E-002
   107131.228635667       2.140359784240283E-002  1.067818523736070E-002
   281725.446898963       2.083928159987000E-002  1.025620165626658E-002
   119468.731356829       2.027560766394753E-002  9.833613843225855E-003
   75603.1527793341       2.082680936498511E-002  9.385051334189079E-003
   204414.277658147       2.137640548554579E-002  8.935230957056119E-003
   142812.176632671       2.192689762694876E-002  8.486386759481452E-003
   78898.2268279628       2.247625819756174E-002  8.037530638733529E-003
   53910.8902792816       2.129440747552096E-002  7.873205580031288E-003
   47997.0805660067       2.086284242830449E-002  8.437134148043497E-003
   193248.885215036       2.043000688466795E-002  8.999949156809964E-003
   271389.988424813       1.999805243485414E-002  9.563940981705488E-003
   177125.804245503       1.954810003773293E-002  9.013853757460947E-003
   205631.007520977       1.909842959086250E-002  8.464223798439049E-003
   45494.7224359842       1.864871816495070E-002  7.913396997135051E-003
   225353.945377805       1.804151616957483E-002  8.535959458353420E-003
   100756.820486666       1.860376099129317E-002  8.971777448063021E-003
   193207.246816105       1.916525029440048E-002  9.407126531793594E-003
   85678.4363651575       1.972791673778135E-002  9.841991709109410E-003
   194687.937781541       1.917552641488320E-002  1.028928671442143E-002
   299004.011114380       1.862275632260184E-002  1.073645390592500E-002
   460450.494134134       1.806911089608087E-002  1.118419212795435E-002
   94547.8805345422       2.330844838919743E-002  1.228066258331621E-002
   187576.473752731       2.373733987233437E-002  1.194109082182046E-002
   459274.478364079       2.416704489194883E-002  1.160065376235303E-002
   498340.148482903       2.459583275971465E-002  1.125981033133898E-002
   199212.242723855       2.502535404751067E-002  1.091832447760862E-002
   337130.629280533       2.541838850249009E-002  1.124453390409493E-002
   59061.1563455823       2.581063379494214E-002  1.157140898246591E-002
   8626.29709986701       2.620295279357547E-002  1.189781997480811E-002
   6373.47406998194       2.659505976922869E-002  1.222406691582474E-002
   15713.4055250624       2.753342803530539E-002  1.125085929749503E-002
   115655.197811748       2.719206833370621E-002  1.087113196534563E-002
   33644.8798816516       2.685081601446140E-002  1.049169759554149E-002
   185757.347192964       2.650957070569554E-002  1.011254656469108E-002
   178518.941147644       2.616956488538065E-002  9.732541683508254E-003
   25947.4840728431       2.649713934296125E-002  9.340644549063059E-003
   80011.2507112639       2.682394250876470E-002  8.947202868549123E-003
   3372.12083849813       2.715082698599933E-002  8.554907739198489E-003
   8474.68051035433       2.747754217516464E-002  8.162579240400598E-003
   20761.6827847408       2.612534987648951E-002  7.566817670403827E-003
   47209.9697610122       2.574568684188995E-002  7.908069291508169E-003
   13915.5228932861       2.536487817286014E-002  8.249051208705730E-003
   189310.675300922       2.498556797829524E-002  8.590474979643672E-003
   208425.257858810       2.454031528338196E-002  8.264023367912340E-003
   182625.057046334       2.409379838224474E-002  7.938098959478498E-003
   159175.630288461       2.364842110379198E-002  7.612169722699157E-003
   59190.1397644979       2.281780489541305E-002  8.471449207831310E-003
   36387.0676174182       2.315913135946982E-002  8.905515366327469E-003
   11805.1008260969       2.350047051554584E-002  9.340484609121428E-003
   143675.477401962       2.384221112526557E-002  9.774068422698609E-003
   97820.5649892089       2.351543121009491E-002  1.021269954046906E-002
   5105.00911029232       2.318805736094989E-002  1.065019650605272E-002
   271920.796114501       2.285998854060938E-002  1.108856644847716E-002
   36744.0136216460       2.850635356055236E-002  1.218857754297110E-002
   95714.0976372277       2.888689309362639E-002  1.186188604083632E-002
   210722.637528077       2.926727277383374E-002  1.153484123995562E-002
   289320.358325309       2.964770105031439E-002  1.120666416103285E-002
   98678.1145120277       3.002835314786420E-002  1.087958101054548E-002
   292472.025357397       3.056827582637392E-002  1.118871085614188E-002
   154420.487307258       3.110890548838612E-002  1.149924138867594E-002
   158158.019806017       3.164881577524550E-002  1.180822546150561E-002
   48042.2587302225       3.218958000855291E-002  1.211676528790628E-002
   52425.5546283383       3.254794347945180E-002  1.174327100434775E-002
   24811.6716063907       3.221647079887806E-002  1.121620583343803E-002
   36554.6068831463       3.188560097131203E-002  1.069020760998448E-002
   155379.993848635       3.155393966636032E-002  1.016318350598186E-002
   158781.612546955       3.122427252529561E-002  9.636427548351666E-003
   22203.7020550254       3.153722733413693E-002  9.247165851709158E-003
   57108.9863747012       3.185061943079293E-002  8.857522521962712E-003
   33347.5836811757       3.216294006269672E-002  8.467951581565032E-003
   3019.92626860948       3.247528977898120E-002  8.077609340704076E-003
   15262.0710410560       3.111170393800911E-002  7.457867974607493E-003
   46502.6354753914       3.073520176309742E-002  7.785573016851889E-003
   34533.1319642537       3.035869351729059E-002  8.114073724161383E-003
   164456.574419770       2.998247773788019E-002  8.441800227513461E-003
   157318.434415645       2.959092863269994E-002  8.129049668220910E-003
   127197.820011777       2.919828627991150E-002  7.815295624281269E-003
   12151.6190155359       2.880652415827165E-002  7.502509071663568E-003
   173621.783222808       2.780464293190808E-002  8.542156038470267E-003
   54558.3481955142       2.813143794489736E-002  8.922271896791553E-003
   13746.6493166116       2.845942457197784E-002  9.303343227530687E-003
   43682.1590581533       2.878661241311145E-002  9.683364742321083E-003
   13391.6897025328       2.847395089184844E-002  1.007525985252739E-002
   96492.5063458676       2.815982583626583E-002  1.046695633351271E-002
   210938.747139721       2.784653912309233E-002  1.085868190843864E-002
   5503.71701470342       3.292129073069754E-002  1.210174862636540E-002
   103935.832249052       3.344658848807647E-002  1.165328144633489E-002
   123918.026839442       3.397121229731850E-002  1.120580237240098E-002
   158153.308601537       3.449670793550677E-002  1.075702989546606E-002
   38245.2570821619       3.502105667374829E-002  1.030903153385567E-002
   87714.4691167126       3.543551342032771E-002  1.073717974462926E-002
   9575.87003571837       3.585084166305346E-002  1.116630379916611E-002
   61286.4138254385       3.626508278217332E-002  1.159433673908970E-002
   12015.8596431701       3.668029178841737E-002  1.202327548507303E-002
   40512.4057214062       3.753941310631961E-002  1.112695995770364E-002
   40585.6271294176       3.709281909154693E-002  1.073032354324663E-002
   7193.32919585239       3.664717753780297E-002  1.033491996305789E-002
   87632.0003803712       3.620057779722631E-002  9.938639127321293E-003
   71055.2689775815       3.575538639587023E-002  9.543165625412410E-003
   14387.4931128705       3.618222168884531E-002  9.041978047133708E-003
   41851.7934020401       3.660963996064112E-002  8.541507256786469E-003
   12874.5182489503       3.703597641209518E-002  8.040112343502777E-003
   6572.66107809141       3.746327822406170E-002  7.538837037173868E-003
   33925.9537859410       3.643649251692688E-002  7.465908842286473E-003
   16159.2071182951       3.595401554806022E-002  7.913512505094629E-003
   12293.6242396726       3.547252321881766E-002  8.361895749534184E-003
   127648.027200446       3.499012894080678E-002  8.809356837436735E-003
   111750.407740308       3.459859437406772E-002  8.380410815472606E-003
   84359.2613452791       3.420703764268936E-002  7.950333391447179E-003
   22165.2271351346       3.381539585735135E-002  7.521226737586269E-003
   115386.939009576       3.292098587967647E-002  8.452365030268374E-003
   41901.0444246179       3.336542661880130E-002  8.826527722687411E-003
   20576.3949265857       3.381099711954135E-002  9.200613453699028E-003
   2725.75543466864       3.425575180306547E-002  9.574657604602877E-003
   16547.3371069069       3.382975967376292E-002  1.011636867177796E-002
   35381.6955360405       3.340240438980269E-002  1.065891318172309E-002
   97145.9004532621       3.297574148948568E-002  1.120042814896354E-002
   11607.7009694998       3.843572991650629E-002  1.198594176730741E-002
   7237.57878100348       3.883359713065486E-002  1.159247955670119E-002
   49226.2047872345       3.923037518721517E-002  1.119891198852525E-002
   60739.6066702231       3.962817405553695E-002  1.080528676363641E-002
   12410.6212813428       4.002496490575743E-002  1.041163230068301E-002
   53378.9798827109       4.045942923951796E-002  1.078715686367961E-002
   3888.71340437447       4.089382258334356E-002  1.116270132070290E-002
   30254.1683261094       4.132827842174490E-002  1.153809760883153E-002
   19342.9114018045       4.176253139781613E-002  1.191359221996213E-002
   16960.8223646959       4.254097308160281E-002  1.110000733364694E-002
   32156.4113762248       4.214653368233513E-002  1.068280960828699E-002
   15114.7638804685       4.175227961732472E-002  1.026548594238492E-002
   58586.2540354238       4.135803667583285E-002  9.848225038960283E-003
   31047.2224261976       4.096401061466966E-002  9.430820205720506E-003
   19839.2367587568       4.133958538574239E-002  8.984595624267408E-003
   32179.6049546829       4.171493224331083E-002  8.539189207103250E-003
   32391.2885161442       4.209029547819691E-002  8.092845887164468E-003
   21892.3205592000       4.246549040077868E-002  7.646364670745835E-003
   18931.9551326650       4.127085401021506E-002  7.308592576326456E-003
   27376.6107861858       4.084145941693993E-002  7.703138247023711E-003
   5979.98848707879       4.041297323119174E-002  8.097536385799664E-003
   76826.2947411695       3.998362708321918E-002  8.492093448991090E-003
   85868.1986862926       3.948367541396310E-002  8.117802037162815E-003
   78509.5185549131       3.898474781966108E-002  7.743444686812181E-003
   40568.9826495937       3.848483717645709E-002  7.369036996799145E-003
   59262.7678536114       3.785848718393475E-002  8.022431385525247E-003
   14749.1292293787       3.825371661425089E-002  8.506162812483377E-003
   2812.39202947807       3.864903313410092E-002  8.988870774021048E-003
   1255.87631724493       3.904451216404292E-002  9.472507727487551E-003
   6383.39201007604       3.866832145260533E-002  9.885626739758976E-003
   6542.38567934655       3.829205427554263E-002  1.029970793424430E-002
   40592.9320450808       3.791569089824334E-002  1.071276702194909E-002
   12599.1016736656       4.335408057147789E-002  1.187792286259326E-002
   64223.4242012860       4.377319820026666E-002  1.154777107339175E-002
   145050.930966766       4.419218252023295E-002  1.121638755091141E-002
   132765.964255459       4.461125361141018E-002  1.088597498122935E-002
   34341.6818319019       4.503022385562729E-002  1.055538827933164E-002
   83937.8675685900       4.553672069172475E-002  1.086467739067272E-002
   8215.14365191087       4.604306279891907E-002  1.117407182769593E-002
   43779.1951267826       4.654852068751431E-002  1.148414786533988E-002
   69627.8698765808       4.705476131277078E-002  1.179296897452033E-002
   20752.2924278073       4.754795117839355E-002  1.127619840392912E-002
   34367.6884490504       4.721531180194719E-002  1.078518389423200E-002
   62432.3883707106       4.688193117223983E-002  1.029519514619774E-002
   121762.050178461       4.654963787456368E-002  9.804151210354568E-003
   47627.6321108077       4.621781438164069E-002  9.312741489317140E-003
   31809.1508963723       4.653001967067673E-002  8.900810457299728E-003
   66282.6908261068       4.684179301624905E-002  8.488516533996932E-003
   28549.3231720936       4.715469531561631E-002  8.076281435695300E-003
   23001.4364786243       4.746650379574491E-002  7.664929156345852E-003
   51103.1427559051       4.616914067093780E-002  7.134374671684966E-003
   21287.2210010535       4.577151107883081E-002  7.465526327107167E-003
   83505.2922131970       4.537372829347763E-002  7.795538100863206E-003
   95304.8939042976       4.497629890082271E-002  8.125958872933839E-003
   95469.9828172397       4.453137178762082E-002  7.814994740198063E-003
   121490.891074891       4.408752542766634E-002  7.503928679576867E-003
   110269.926717833       4.364266200106309E-002  7.191903746352826E-003
   61298.2596965457       4.279598550082703E-002  8.076968434273442E-003
   36258.7248314214       4.312747487368881E-002  8.507621674681345E-003
   40333.3713686685       4.345801965936730E-002  8.937267625179478E-003
   5639.09082762742       4.378856367155529E-002  9.367962180637686E-003
   20416.6096020423       4.347701536396814E-002  9.800877561238406E-003
   32906.7648467759       4.316542242130166E-002  1.023384158813312E-002
   115513.812769226       4.285265261486961E-002  1.066679540275758E-002
   63560.9299013153       4.806425604732013E-002  1.176910327186236E-002
   17270.3414073534       4.855241881281002E-002  1.127901143716468E-002
   131765.542369547       4.903972726847616E-002  1.078887277803231E-002
   92868.0202398311       4.952821947479481E-002  1.029963847394367E-002
   29654.9346776440       5.001642917935310E-002  9.808915286211020E-003
   9788.76422422082       5.044783655633634E-002  1.027749085186485E-002
   98370.1341760473       5.088012017860054E-002  1.074485632061187E-002
   105430.797556731       5.131128641756082E-002  1.121316357305717E-002
   124891.186901413       5.174207376990382E-002  1.168166932761410E-002
   8626.79793231211       5.254189324578828E-002  1.084350159597638E-002
   25126.8534638925       5.205296616945197E-002  1.043511517828063E-002
   55558.0059980920       5.156405005388179E-002  1.002694598353095E-002
   161862.085846777       5.107615279103192E-002  9.618022586611310E-003
   4190.28370589071       5.058771139630594E-002  9.210089525907347E-003
   8817.77807531409       5.105936837183295E-002  8.872383844461984E-003
   132683.714544996       5.152982667857443E-002  8.533365664460387E-003
   121918.399073641       5.200135810104672E-002  8.195270694539765E-003
   69578.7530502596       5.247283287625731E-002  7.857072005744896E-003
   9997.18648720821       5.093854988929311E-002  7.180740894720069E-003
   4260.47722626979       5.062268916690795E-002  7.667121026333067E-003
   123823.837444356       5.030559128919360E-002  8.152465863909658E-003
   83674.1133545664       4.998964465442816E-002  8.639185068932064E-003
   34608.7111737946       4.957363073354279E-002  8.170100565172811E-003
   103733.569451151       4.915775544719788E-002  7.701979179437447E-003
   50382.4446429817       4.874187411293854E-002  7.232896043025423E-003
   78349.9746544964       4.795479737727611E-002  8.057461899820420E-003
   60241.6808971752       4.844298756227451E-002  8.451056780917135E-003
   131292.084857072       4.893022310812496E-002  8.844469511997482E-003
   66052.7398754401       4.941824849424439E-002  9.237867019494778E-003
   67545.8107656041       4.895062525722555E-002  9.747543656004040E-003
   61591.2605065072       4.848382443199696E-002  1.025721752030013E-002
   185311.342062760       4.801576342940808E-002  1.076593622469749E-002
   88597.4523530730       5.337923314888022E-002  1.164300138909590E-002
   71759.6520172301       5.378922017048794E-002  1.119200488998680E-002
   87958.0549705497       5.419923139357904E-002  1.074078535602661E-002
   150131.259294330       5.461048185026304E-002  1.028943242365596E-002
   91039.3524752714       5.502069094584503E-002  9.837713956842974E-003
   146973.809906240       5.552656489054920E-002  1.026765813097094E-002
   23346.0983925167       5.603238273782653E-002  1.069748287409135E-002
   9877.85184457316       5.653817303364956E-002  1.112703685867582E-002
   12145.6097258387       5.704347568602997E-002  1.155670783769028E-002
   75728.3407633022       5.755112557055380E-002  1.102446460497692E-002
   65884.9028615121       5.709692695377577E-002  1.054019831903517E-002
   28534.0822071780       5.664279204876085E-002  1.005623145016938E-002
   75509.6264427006       5.618879000535875E-002  9.572408237501846E-003
   36180.1570487197       5.573531702044300E-002  9.088307257613601E-003
   33136.7173720185       5.616732320542027E-002  8.656926740108230E-003
   49695.2804827481       5.659930469000031E-002  8.225488261543986E-003
   69318.8344213494       5.703126884933148E-002  7.793991580272918E-003
   46048.1107127742       5.746325811213149E-002  7.363471095198221E-003
   2057.16141882587       5.621758240654047E-002  7.018225351744514E-003
   19680.1411830379       5.580717520697084E-002  7.470119044676449E-003
   35702.6873307732       5.539671589011079E-002  7.922003261332473E-003
   7993.59670546041       5.498624903883583E-002  8.373934808754811E-003
   18912.5573086259       5.464873709377261E-002  7.939813392272939E-003
   8564.89622111434       5.431021983656282E-002  7.505879778945311E-003
   17854.3467557887       5.397273148986947E-002  7.071977877697926E-003
   11500.9828580795       5.292273687846590E-002  8.173267792447080E-003
   23923.9137236148       5.337245417423995E-002  8.489629401691656E-003
   4303.21674568328       5.382219158516015E-002  8.806864465145631E-003
   55272.7068336725       5.427184820672403E-002  9.122998636488636E-003
   5740.93208549807       5.383967331819550E-002  9.552676453144565E-003
   59621.2308485681       5.340715259915615E-002  9.983354684372552E-003
   187895.798597128       5.297438791444513E-002  1.041312578793833E-002
   3968.98612055600       5.808307954957959E-002  1.153208186276007E-002
   178286.271158614       5.856928776488102E-002  1.113751260597032E-002
   183841.744842183       5.905551264060042E-002  1.074177507591889E-002
   232993.251830853       5.954159589937448E-002  1.034675213563747E-002
   80819.4457394896       6.002761465004475E-002  9.950655496349832E-003
   173450.388877166       6.041164545745024E-002  1.032501714193018E-002
   48591.0790480952       6.079445921183618E-002  1.069839188480048E-002
   44384.1551354223       6.117830390407810E-002  1.107250362939719E-002
   31425.1159994165       6.156178399184921E-002  1.144572826715029E-002
   105531.155126555       6.254120865058652E-002  1.041539781926951E-002
   60445.3674371617       6.214846413284413E-002  1.005141463684933E-002
   39478.8116962309       6.175493290852411E-002  9.687436729959791E-003
   64066.0653303547       6.136247986594632E-002  9.324607121286153E-003
   40893.6225542429       6.096945065364729E-002  8.960593320736416E-003
   24904.4332391190       6.134220936817190E-002  8.490518435702993E-003
   54307.4383253608       6.171393302357618E-002  8.020338353346541E-003
   118082.919372964       6.208682821398915E-002  7.551086810173869E-003
   99526.3762411287       6.245878526237338E-002  7.080718647926757E-003
   38799.4193686151       6.133423925994429E-002  6.834254120251011E-003
   84573.9485991683       6.088354956371531E-002  7.229319210903452E-003
   137925.891482365       6.043177413952040E-002  7.623478385915393E-003
   14805.1875364215       5.998021257841871E-002  8.018962613575141E-003
   14225.2024343073       5.954984734544837E-002  7.645549979098768E-003
   33546.8286424088       5.911964626460437E-002  7.273001482676452E-003
   2717.72081896257       5.868941603718886E-002  6.899494204443462E-003
   10799.0734294134       5.785649528976489E-002  7.773999605204899E-003
   30200.3573223001       5.825068313056628E-002  8.185557389214244E-003
   4896.36221176512       5.864394854671715E-002  8.597027348631625E-003
   50066.4289436567       5.903809479855901E-002  9.008549663718385E-003
   37213.5712405992       5.866639062458723E-002  9.512720608074251E-003
   25729.0706967890       5.829522903877158E-002  1.001661866747773E-002
   74576.1144781484       5.792281739492781E-002  1.052051170156866E-002
   64843.9665271491       6.357091111024565E-002  1.139459025489991E-002
   49172.2620143124       6.393452763845398E-002  1.096985205212942E-002
   58809.7907358720       6.429832984024837E-002  1.054603530190302E-002
   126417.222610299       6.466138473607209E-002  1.012120988283886E-002
   103442.534087230       6.502554909251304E-002  9.697107704984220E-003
   184548.988935908       6.556931873601524E-002  1.009858112338874E-002
   95051.1473381813       6.611424584235404E-002  1.050073426828732E-002
   7079.41959547031       6.665829834915006E-002  1.090136987913846E-002
   59871.2506977433       6.720199008807266E-002  1.130270648031830E-002
   5623.89334568868       6.755941152564224E-002  1.092642986740517E-002
   65386.0898318325       6.712915304904438E-002  1.040453423923027E-002
   47623.4874601482       6.670016133534987E-002  9.883029420694136E-003
   128057.373539398       6.627058731524031E-002  9.360411072794544E-003
   30525.5214776684       6.584270682667648E-002  8.838313914988054E-003
   109983.626247000       6.625030511919140E-002  8.526259070435341E-003
   138508.329115759       6.665898100147777E-002  8.215071443959582E-003
   174942.190889591       6.706660885333364E-002  7.902768792312772E-003
   111609.693389222       6.747531033025851E-002  7.591427503150804E-003
   21664.9520948385       6.585875810091693E-002  6.753540512129281E-003
   23908.8884176365       6.556705235641844E-002  7.175765391811121E-003
   72556.3994662111       6.527626046384198E-002  7.598998205606401E-003
   59862.0432837768       6.498434150697753E-002  8.021359179366956E-003
   123669.893369972       6.451271226810296E-002  7.618035204652656E-003
   32169.2096778224       6.404105106305073E-002  7.213956053995412E-003
   17036.8759507142       6.357044054852964E-002  6.811123840242814E-003
   42671.1054352700       6.288674002191194E-002  7.530906024142595E-003
   6381.57861430553       6.331349231251078E-002  7.979976056539866E-003
   76712.8457912659       6.374110408161886E-002  8.429900336780666E-003
   13968.1995457506       6.416730650350341E-002  8.880022528390354E-003
   87032.8354398058       6.376141998228751E-002  9.263791593576173E-003
   149750.305554295       6.335432781596913E-002  9.646728490316387E-003
   236453.410078688       6.294816746936137E-002  1.003082231398305E-002
   76367.9042403927       6.793547571008575E-002  1.128406061860007E-002
   15152.6089125331       6.845813169907089E-002  1.085758172867493E-002
   91825.2771552314       6.898114820089853E-002  1.043086611208094E-002
   119211.772097352       6.950507486966551E-002  1.000374215480478E-002
   64142.8901681373       7.002777044001071E-002  9.576254641886536E-003
   102053.571112077       7.056964517802782E-002  9.976414843929367E-003
   76541.1894864136       7.111168716135276E-002  1.037622338059884E-002
   76743.5939538402       7.165272780755649E-002  1.077574023278609E-002
   131347.436015132       7.219443294779102E-002  1.117500928320233E-002
   16500.0065500046       7.256147371501556E-002  1.078854360010502E-002
   105927.259703476       7.213325106487033E-002  1.026852429932615E-002
   35189.1191747254       7.170509008925541E-002  9.750066592804283E-003
   69829.6975799780       7.127725790601644E-002  9.230517284037350E-003
   33549.7118122905       7.084978750010222E-002  8.710762350048744E-003
   1623.23850481562       7.125394844001799E-002  8.317623903477431E-003
   53342.7929499880       7.165824651877405E-002  7.923444556281651E-003
   104344.529877303       7.206264946038406E-002  7.530158703445230E-003
   76400.8645431008       7.246706161690822E-002  7.135749891147160E-003
   5270.82001879313       7.110340185024498E-002  6.618064804165828E-003
   46202.9599046702       7.073085025928323E-002  7.041446922547995E-003
   100701.744999945       7.035720614370868E-002  7.464946623112809E-003
   53504.9042582740       6.998456560077582E-002  7.888631344930347E-003
   59663.3503839131       6.967176788482383E-002  7.482627035491899E-003
   11001.9082113940       6.936010824609867E-002  7.076676738158446E-003
   4785.92291644952       6.904752090502915E-002  6.670823008682348E-003
   94544.3953315870       6.789724128525587E-002  7.881624805498585E-003
   100571.673426200       6.831903119587010E-002  8.172927262409160E-003
   46304.0174598542       6.874082442100106E-002  8.463027526331228E-003
   27681.8337185932       6.916250922719047E-002  8.754049184964835E-003
   74229.2704943806       6.876226533190687E-002  9.296992334821801E-003
   36589.1970895482       6.836164797757006E-002  9.840721591059190E-003
   76952.9964298163       6.796060488991834E-002  1.038335515391272E-002
   51416.0364763744       7.294798954284244E-002  1.115595117219721E-002
   65751.6814673461       7.346767670219798E-002  1.070810468667520E-002
   21913.4668827152       7.398657263810546E-002  1.025918262877207E-002
   30215.3039007004       7.450647558332028E-002  9.811044990474265E-003
   8680.59475116964       7.502618130490579E-002  9.362567841014508E-003
   49483.1905425852       7.549402950662421E-002  9.785748460944524E-003
   17104.1761888149       7.596189295086833E-002  1.020892765817015E-002
   31570.8549525337       7.643072870539371E-002  1.063317006042749E-002
   16585.1977889542       7.689857939377116E-002  1.105643844252129E-002
   24055.2557972858       7.755236933261077E-002  1.036874391139590E-002
   8252.07997697644       7.710599652475186E-002  9.922840823823637E-003
   1373.59703709491       7.665851732998603E-002  9.476019719615706E-003
   25609.4423252770       7.621203203522348E-002  9.030174396091396E-003
   56471.5600445560       7.576540168035634E-002  8.584437124908627E-003
   23588.2249791112       7.618687961445580E-002  8.057612521609487E-003
   29447.3331952397       7.660857482604827E-002  7.529930118276366E-003
   17106.4361196226       7.703140522532895E-002  7.003236891208030E-003
   18252.3845762229       7.745319551056574E-002  6.475381702636846E-003
   23141.6971522696       7.650254491770125E-002  6.500348324371978E-003
   609.231052794351       7.599771398054549E-002  6.949120859325073E-003
   4420.63696864145       7.549186511511809E-002  7.397067091678064E-003
   62416.6500461163       7.498702785627834E-002  7.845066740327283E-003
   43355.5796992132       7.459263930672785E-002  7.420122405260819E-003
   10402.1723888232       7.419724092826208E-002  6.995476314390708E-003
   23694.2928586191       7.380296757673542E-002  6.569844472315908E-003
   85672.8044018293       7.291214442489399E-002  7.508373304220193E-003
   51917.4030501766       7.335818195331867E-002  7.879829335781708E-003
   15536.7521037870       7.380317714242965E-002  8.252168496805098E-003
   97982.7421742708       7.424804416118545E-002  8.623376542721748E-003
   54715.9405516858       7.382682413807432E-002  9.164960598772715E-003
   64626.7130651388       7.340553050598343E-002  9.706494349273740E-003
   36470.1159038559       7.298301970848615E-002  1.024697531202836E-002
   247.589489414925       7.824012760930926E-002  1.102258645972366E-002
   8963.25615594985       7.868514376497512E-002  1.054416467278460E-002
   12816.3161394837       7.913110767161947E-002  1.006569586958351E-002
   26772.7181226500       7.957604590324753E-002  9.587257710876609E-003
   11723.2323662102       8.002095781227263E-002  9.108820634398187E-003
   28095.6586089164       8.054954082562173E-002  9.562583051805532E-003
   8906.87253711936       8.107712005942458E-002  1.001639561190083E-002
   2628.82188206372       8.160569482346500E-002  1.047023078754178E-002
   3849.01149598403       8.213432468575015E-002  1.092406152329107E-002
   10927.9105113892       8.255622994490946E-002  1.048023468182273E-002
   13291.2299813269       8.207638139760506E-002  9.975216993853822E-003
   4594.03003563093       8.159652979877680E-002  9.470141806777247E-003
   11602.4969258822       8.111667146784982E-002  8.966058539311941E-003
   14271.7608147459       8.063669170179959E-002  8.461032439603281E-003
   15415.5983362502       8.109281574390707E-002  8.028328367731992E-003
   14018.4140330046       8.154893031032963E-002  7.595618946867690E-003
   23947.9386909345       8.200504877163135E-002  7.162918399139751E-003
   19060.2539916259       8.246114278544825E-002  6.730190574954954E-003
   6523.28303613099       8.121569761177908E-002  6.412718140339302E-003
   15175.3622011133       8.080674397977242E-002  6.890247791485726E-003
   16520.6894678301       8.039778661014090E-002  7.367764706981354E-003
   4668.95822665778       7.998883038735267E-002  7.845268879524137E-003
   10206.3830747319       7.946115375681559E-002  7.391501902892495E-003
   5807.32487814953       7.893244018982831E-002  6.937802633246604E-003
   6365.51471253242       7.840471413106118E-002  6.484082557606977E-003
   4080.01305015803       7.793320356188448E-002  6.980276299371540E-003
   10850.3287979175       7.841317593106843E-002  7.484189538751128E-003
   1167.87343137205       7.889314598475473E-002  7.989140676751551E-003
   20747.6668880113       7.937311545042551E-002  8.493082330377589E-003
   14878.8320297383       7.891790247343002E-002  8.961772065644150E-003
   25844.9768499962       7.846272876921349E-002  9.430467031403588E-003
   29908.2716509577       7.800757198578782E-002  9.900127784619800E-003
   216.097949948059       8.300005875836994E-002  1.090210306144620E-002
   698.859237762402       8.350614145867109E-002  1.046507483279907E-002
   2104.49552762886       8.401217845537234E-002  1.002804404385393E-002
   7189.64317767491       8.451721757969899E-002  9.591063680520016E-003
   5669.03630113912       8.502324106842271E-002  9.153083211893065E-003
   4517.54163714532       8.539088167802282E-002  9.568888661902773E-003
   2727.51268682693       8.575949479469298E-002  9.983693740560365E-003
   3490.11427709775       8.612712524959490E-002  1.039852382803082E-002
   4574.15109227975       8.649576420253512E-002  1.081333237230590E-002
   6295.49434993671       8.753827491466429E-002  9.716513690870973E-003
   11328.8813647287       8.710535033100272E-002  9.369396335793265E-003
   6463.19805725977       8.667245961277378E-002  9.023254689387389E-003
   4285.55213859033       8.623953518833505E-002  8.676105326369107E-003
   5823.59260027060       8.580563189097805E-002  8.329965289671646E-003
   821.356353176850       8.622156409476671E-002  7.967248636274274E-003
   4944.11942710681       8.663646278420573E-002  7.604555616913587E-003
   9562.43889299158       8.705135391828986E-002  7.241878209449219E-003
   7286.27756585884       8.746627413757085E-002  6.880223276900746E-003
   1942.62372443763       8.600574769863015E-002  6.248148360454171E-003
   3382.14104089134       8.566465030133259E-002  6.680985072986142E-003
   9133.17324949968       8.532356529631380E-002  7.113810421322957E-003
   11664.1836262836       8.498251879403888E-002  7.547619693433616E-003
   14835.5968275240       8.455093395685677E-002  7.133425182981943E-003
   3918.29777262946       8.411936450783478E-002  6.720209457193350E-003
   5153.54546609928       8.368778385198355E-002  6.306975203492232E-003
   12240.1731115103       8.289561566098537E-002  7.140309986797503E-003
   10780.9982746516       8.333010713633884E-002  7.550436146280243E-003
   1097.79355246522       8.376460332045269E-002  7.960589611433134E-003
   2540.15372864828       8.420013337022893E-002  8.370713994447936E-003
   5593.01222510663       8.378838041920521E-002  8.898361373526752E-003
   852.491946577500       8.337763100817400E-002  9.424997103413909E-003
   2655.78851343559       8.296692534294456E-002  9.952627926519556E-003
   2496.91977723543       8.863508900406433E-002  1.075897677303649E-002
   1918.68272549789       8.898176055328152E-002  1.030800805270653E-002
   891.385401009555       8.932740836881414E-002  9.857054477899054E-003
   2511.04862312930       8.967404728162688E-002  9.406080396990609E-003
   4357.41813973329       9.001968748546516E-002  8.955152053129852E-003
   2304.44830018389       9.040377432761865E-002  9.387538651065211E-003
   1040.48358601873       9.078786048688978E-002  9.819940590991621E-003
   2372.92054293549       9.117095718335398E-002  1.025236807959353E-002
   2808.13650896956       9.155506099280575E-002  1.068477055675436E-002
   3064.89991897981       9.253811302868674E-002  9.650466815188599E-003
   5844.46871877173       9.208679705258732E-002  9.288815291643498E-003
   3092.36644071554       9.163551097481683E-002  8.928149523798079E-003
   1572.08656430806       9.118419486392096E-002  8.566478097832567E-003
   5573.62715330642       9.073287402342722E-002  8.204798192595741E-003
   2586.60383642795       9.116368906769798E-002  7.758682471178960E-003
   1092.25887058659       9.159445487714113E-002  7.311564343190731E-003
   3988.66588528800       9.202523771294523E-002  6.865456122359941E-003
   2264.19848813711       9.245602795755535E-002  6.419374129019178E-003
   3189.54378191639       9.125436210611948E-002  6.132825273835002E-003
   195.983725832493       9.083074247660655E-002  6.585762993147311E-003
   4092.31125776209       9.040613411481384E-002  7.038717594234654E-003
   6100.20597645962       8.998252699991981E-002  7.491629972796125E-003
   4609.64247139589       8.961945242556908E-002  7.058702444245428E-003
   864.796017249632       8.925637498655907E-002  6.625750631716638E-003
   3775.27996508785       8.889328043489453E-002  6.192797494224347E-003
   10083.9916906702       8.791701601559078E-002  7.219887011033080E-003
   6287.72587022621       8.836777926085032E-002  7.560569428124540E-003
   2587.96599720454       8.881854871511086E-002  7.901265215978609E-003
   7127.16689145936       8.926932913640100E-002  8.241975919291633E-003
   2205.26860669718       8.883654110757261E-002  8.610125237837819E-003
   1511.55151525912       8.840378910437349E-002  8.979264003083329E-003
   3142.10261017156       8.797101574726532E-002  9.347390600386826E-003
   1639.95946772682       9.357241963828600E-002  1.063349975962920E-002
   870.542895102833       9.393541822833644E-002  1.023513568763770E-002
   869.830926361746       9.429740786314865E-002  9.836795920900145E-003
   1889.68871943163       9.466039257420165E-002  9.438433762487920E-003
   2416.74252366762       9.502338079079282E-002  9.040083609699613E-003
   2014.65093212221       9.547811100619572E-002  9.417654674572375E-003
   1282.43894754250       9.593383932876441E-002  9.795207037894318E-003
   1484.73658055829       9.638857081154119E-002  1.017278797955452E-002
   1187.37314708332       9.684430414152065E-002  1.055034827669014E-002
   345.804911759634       9.754384045253979E-002  9.814340547396470E-003
   2202.90355312870       9.714364449664419E-002  9.378364736347088E-003
   238.069278257765       9.674347549933907E-002  8.943379266198476E-003
   1168.11657216919       9.634327595770792E-002  8.507393838593100E-003
   2003.56302767432       9.594309665024144E-002  8.072408820022366E-003
   231.927601636217       9.632247106565622E-002  7.688639641676495E-003
   1310.84246290593       9.670186605423621E-002  7.305871181567921E-003
   1296.13067415760       9.708123274997418E-002  6.922105267308291E-003
   174.969324086532       9.746063027719143E-002  6.539349929043465E-003
   530.167339083023       9.606640318753665E-002  5.957579273282304E-003
   85.1221147291773       9.570240619760903E-002  6.355961704790726E-003
   1436.29616311037       9.533941356534625E-002  6.754317796738286E-003
   2385.23170126242       9.497542307347881E-002  7.152695818973465E-003
   3210.14374759394       9.453069658698740E-002  6.774870936076991E-003
   2525.06110402574       9.408497653671564E-002  6.397055315419875E-003
   622.820247245588       9.364025257182979E-002  6.019208034906593E-003
   2438.44220643048       9.285593064923958E-002  6.844365468206545E-003
   621.762429901782       9.325583584824507E-002  7.269365952375482E-003
   1839.86826459773       9.365577561755174E-002  7.695366595000962E-003
   4416.33490248244       9.405569577232914E-002  8.120369031232342E-003
   547.381735744542       9.367630202056279E-002  8.503150650503949E-003
   837.909203020872       9.329691039449670E-002  8.885926704514178E-003
   2634.84460804648       9.291749777105615E-002  9.267699257060218E-003
   125914.737953950      -1.430672579133935E-003  1.749436941613620E-002
   308675.335502224      -1.072038054332499E-003  1.695446717950522E-002
   3354.27542892495      -7.123855029215672E-004  1.641326102210471E-002
   702256.053403149      -3.522199962774600E-004  1.587326836608554E-002
   485616.865739617       1.086430138656928E-005  1.533133869731506E-002
   684762.204315366       3.571835446278579E-004  1.587151955741722E-002
   154590.245914851       7.013390639477974E-004  1.640988432921912E-002
   53960.8249270777       1.043449762499691E-003  1.694921177583291E-002
   192703.807537056       1.384858850265042E-003  1.748852433732802E-002
   418402.734920460       2.522665089543956E-003  1.634342266834888E-002
   635834.741269280       1.978646675859283E-003  1.600519203448076E-002
   821324.897946077       1.433483003683703E-003  1.566823289381064E-002
   394995.576364298       8.885016512154651E-004  1.533177726938399E-002
   629353.481387908       3.443053074003568E-004  1.499570784430601E-002
   705328.441449676       8.868460817140797E-004  1.464421878525425E-002
   568709.345698596       1.428901207752739E-003  1.429223454096627E-002
   645998.496934392       1.971273192273647E-003  1.393926767624726E-002
   363035.035526829       2.512433403445343E-003  1.358610615966524E-002
   137009.824314117       1.063219093569914E-003  1.303599465906339E-002
   29868.9225561664       7.131386667162462E-004  1.357831251241436E-002
   182443.255167004       3.621799576109202E-004  1.411952433533541E-002
   312345.414421562       9.692995271204059E-006  1.466214710436175E-002
   444047.880318143      -3.837878547373495E-004  1.412099033716368E-002
   15270.8744956810      -7.761959046179423E-004  1.358120510319864E-002
   38750.3662269231      -1.167847853861853E-003  1.304037986149965E-002
   519030.516559606      -2.497407325674279E-003  1.344114156094170E-002
   457776.020518352      -1.954920503617896E-003  1.383097078538287E-002
   498636.407260094      -1.410928425857376E-003  1.422016148649625E-002
   310283.633150023      -8.674698903025742E-004  1.460866352838041E-002
   645833.670519150      -3.237885124269686E-004  1.499713165477287E-002
   502646.996610854      -8.668750348358659E-004  1.535489178089953E-002
   807047.044000285      -1.410530463357400E-003  1.571195370910432E-002
   887726.835265133      -1.954642629701494E-003  1.607102035173358E-002
   702491.408915791      -2.496269086300635E-003  1.643109826892221E-002
   77972.8379359171       3.666831315049097E-003  1.747912107627509E-002
   236246.233778713       4.006711087290377E-003  1.715239999403131E-002
   592490.200998430       4.345679255544971E-003  1.682390248355772E-002
   995546.859095839       4.685969476107132E-003  1.649578832791434E-002
   536494.858574205       5.027072107043538E-003  1.616670717013959E-002
   1094129.18928926       5.433986194221983E-003  1.649161400430210E-002
   574100.318344648       5.840276373863549E-003  1.681502504002160E-002
   320957.881330931       6.246402930185703E-003  1.713804587212704E-002
   54597.1878467169       6.650664140311485E-003  1.746001187057949E-002
   773110.908759678       7.537109058738182E-003  1.656129384018915E-002
   636247.409181343       7.204243417365693E-003  1.616239636610412E-002
   257668.097078818       6.871548139062635E-003  1.576422295736573E-002
   258425.734982875       6.540577368681653E-003  1.536682236836820E-002
   59475.9532453577       6.210718255455511E-003  1.496866651872277E-002
   145681.524169674       6.537731680552388E-003  1.456405724743817E-002
   248804.310406183       6.863815650195396E-003  1.415879409364278E-002
   747388.224311481       7.191639270610002E-003  1.375313950579734E-002
   603829.233645549       7.519459399808050E-003  1.334817913024660E-002
   146208.017387146       6.231321449925088E-003  1.279824830901874E-002
   535888.168841168       5.826301691091797E-003  1.312667374669235E-002
   833416.358090464       5.420950613532157E-003  1.345473604283086E-002
   227307.431840490       5.016294147892193E-003  1.378544649587452E-002
   434682.766328805       4.662552588172480E-003  1.345956844427890E-002
   149108.197747976       4.309359723658302E-003  1.313463591274563E-002
   93899.0194381666       3.956206138568678E-003  1.280924928036854E-002
   275214.324805868       2.842295173776740E-003  1.393510578747111E-002
   174779.641419638       3.172600871229505E-003  1.428407358243117E-002
   77531.2610148029       3.501818686332868E-003  1.463256191590454E-002
   186600.060523139       3.831069594046052E-003  1.498142116610216E-002
   56066.9165144627       3.504832036893516E-003  1.532211343015784E-002
   425135.783862845       3.178012001781385E-003  1.566220282793737E-002
   763442.837336279       2.849733868292515E-003  1.600171237631139E-002
   381417.984408004       8.433469217878495E-003  1.744796950726568E-002
   19000.9255044125       8.833907365293490E-003  1.703586231540174E-002
   527887.285594452       9.236343845465848E-003  1.662361774149652E-002
   1408333.00842812       9.639708060324196E-003  1.621000021457822E-002
   798955.974088380       1.004411002642172E-002  1.579626362794388E-002
   1465813.12254023       1.047755337927621E-002  1.620378318155239E-002
   598779.846813314       1.091002996564189E-002  1.661153337479745E-002
   180671.658699455       1.134187343565998E-002  1.701775420279208E-002
   62757.5387224876       1.177162794975705E-002  1.742393166665491E-002
   698921.331783615       1.256345636252270E-002  1.661661924759846E-002
   1053434.90448146       1.214253216752572E-002  1.619526813630929E-002
   588606.430645917       1.172182249804921E-002  1.577596493171053E-002
   172440.345750944       1.130197523804367E-002  1.535785952021014E-002
   290054.076999901       1.088666098168819E-002  1.493840588039827E-002
   196957.272229756       1.129583088926077E-002  1.453290204262823E-002
   350240.717764503       1.170680354446272E-002  1.412832268642969E-002
   620440.928829158       1.211794110792484E-002  1.372209272556008E-002
   406894.781849801       1.252917287857227E-002  1.331620515137755E-002
   29231.2317490937       1.123269934785531E-002  1.284991970788049E-002
   223115.661875131       1.083223484560436E-002  1.326525048952263E-002
   399656.631758495       1.043229887613742E-002  1.368092990990344E-002
   318727.572467571       1.003106672434619E-002  1.409617083474167E-002
   509522.684742124       9.621132030060616E-003  1.368698398345984E-002
   221217.022367239       9.211204525783050E-003  1.327803745916782E-002
   201834.084704141       8.801791391983086E-003  1.286968871984769E-002
   535468.165087627       7.938022006175402E-003  1.374888041411287E-002
   438415.176810256       8.355855161330797E-003  1.415037281295597E-002
   155196.111931098       8.773393784431607E-003  1.455094492609249E-002
   50707.4758924106       9.189131467447665E-003  1.495119925015214E-002
   119226.525349409       8.779795208451189E-003  1.535314355312172E-002
   649068.920455549       8.366110943117943E-003  1.575422528682520E-002
   1153803.15618833       7.951595116792821E-003  1.615665397260813E-002
   64039.2115593933       1.337092703217521E-002  1.741046661266390E-002
   798958.895864149       1.379330048009062E-002  1.705926842767307E-002
   779877.147321956       1.421731408867593E-002  1.670918685263743E-002
   1243035.14635150       1.464092478930627E-002  1.635657792607505E-002
   524499.712241736       1.506494097969783E-002  1.600464268042757E-002
   1033228.52584864       1.540886740061826E-002  1.634601433704470E-002
   483279.854837659       1.575192402251304E-002  1.668823556038056E-002
   229524.331388727       1.609382358349596E-002  1.702847053949447E-002
   135057.326141319       1.643593941614542E-002  1.736942586058560E-002
   467414.746380408       1.757349448770085E-002  1.619311959827522E-002
   463600.150378277       1.721848472392424E-002  1.586353397836574E-002
   195034.655793843       1.686502076892143E-002  1.553547399095946E-002
   281771.085529419       1.651102103436921E-002  1.520704139743314E-002
   78218.4503855204       1.616005606334923E-002  1.487773101403414E-002
   336461.852924169       1.650241176455203E-002  1.443341260206730E-002
   113637.054059297       1.684556587286882E-002  1.398840231787896E-002
   326438.385925426       1.718885802971229E-002  1.354352444311691E-002
   394880.321534432       1.753360411648120E-002  1.309780348314830E-002
   311636.983576762       1.635503402891764E-002  1.272562352844343E-002
   483729.852130783       1.591565034799455E-002  1.307684836361398E-002
   797060.847882664       1.547597334386691E-002  1.342957537899269E-002
   31551.7091654627       1.503749632120370E-002  1.378333442869217E-002
   202631.147078016       1.462954015410422E-002  1.344174313215311E-002
   35488.8086305025       1.422291389924094E-002  1.309930047536180E-002
   10366.7629916328       1.381544935010966E-002  1.275834049920791E-002
   232087.423632743       1.288330634602404E-002  1.371371455450924E-002
   189928.457622988       1.323575130047213E-002  1.411230099546194E-002
   27722.3263031526       1.358919446274751E-002  1.450924641551350E-002
   69995.4945427538       1.394105137734210E-002  1.490728157352198E-002
   253732.251764649       1.359963580683726E-002  1.533518732534340E-002
   200591.547354960       1.325492743822504E-002  1.576200081603127E-002
   371261.831204543       1.291051830460417E-002  1.618934700666505E-002
   240858.818921355       1.874876404633439E-002  1.733089413899819E-002
   453551.100626651       1.907597000746919E-002  1.678357664921696E-002
   314625.890482041       1.940373847586807E-002  1.623618502125290E-002
   128087.394052354       1.973500347169454E-002  1.569080702430440E-002
   436016.352271811       2.006925897866808E-002  1.514330574576792E-002
   632230.872981859       2.055218601563934E-002  1.568059834554066E-002
   110367.423674016       2.103628518561750E-002  1.621389562479934E-002
   229402.670169470       2.151783768227572E-002  1.674811219437200E-002
   2332.35672682152       2.199781637321387E-002  1.728280928455220E-002
   269296.624634465       2.260279282806891E-002  1.665952095854796E-002
   428318.976400672       2.204942098410532E-002  1.619600073516922E-002
   296895.265888466       2.149396629245966E-002  1.573570154993998E-002
   322680.921586602       2.093937553194176E-002  1.527621228692809E-002
   36540.3225569782       2.038758969569501E-002  1.481686031785658E-002
   420352.974468136       2.092965517957869E-002  1.437889351655820E-002
   641029.814653499       2.147170836222932E-002  1.394105032939277E-002
   687380.172621249       2.201390838894584E-002  1.350050918151640E-002
   393778.490762126       2.255387198068580E-002  1.305929492782297E-002
   164208.893193735       2.135168382363050E-002  1.285314922676544E-002
   9371.31679410836       2.092330676835878E-002  1.340183462141485E-002
   375030.296606639       2.049400111549897E-002  1.394891072880349E-002
   299071.612541253       2.006248872496158E-002  1.449832599135868E-002
   355809.611219803       1.960892395734054E-002  1.396098901688879E-002
   297883.023893912       1.915599386265715E-002  1.342730724617382E-002
   337997.595623619       1.870507697554710E-002  1.289214406706487E-002
   409812.580801104       1.808556197496997E-002  1.353238620220150E-002
   323437.524875882       1.863954756812763E-002  1.396492545627858E-002
   278098.202659293       1.919305346992166E-002  1.439501297830955E-002
   191125.469501167       1.974437527872746E-002  1.482465357784424E-002
   968585.009873752       1.920067083804108E-002  1.516340700299883E-002
   1100591.72382304       1.865739507989341E-002  1.550493459217287E-002
   1049164.42369241       1.811427998668852E-002  1.584764921445769E-002
   337268.445505296       2.322461491724408E-002  1.726448250710120E-002
   190461.490417915       2.369070724776413E-002  1.677052271070118E-002
   325292.106874133       2.415762695022756E-002  1.627686313443997E-002
   582646.035819343       2.462667262901211E-002  1.578255059314379E-002
   362431.573054439       2.509397512168001E-002  1.528554753129345E-002
   472181.667972744       2.560700546180106E-002  1.576596291667970E-002
   48242.4462372582       2.611980078343380E-002  1.624382634568003E-002
   495299.895810219       2.663284553611599E-002  1.672036601971441E-002
   432570.228688708       2.714224335771082E-002  1.719758829570659E-002
   4779.88711657148       2.762756648052512E-002  1.669508696626364E-002
   322393.901678094       2.712623001838732E-002  1.620360695585558E-002
   108899.433686539       2.662411540847606E-002  1.571409000716778E-002
   582986.361948785       2.612319358436260E-002  1.522629508102428E-002
   121498.267109165       2.562550870526443E-002  1.473606692981967E-002
   210339.304279797       2.611079763759833E-002  1.434437420256558E-002
   576053.347040944       2.659662393010334E-002  1.395175261755304E-002
   695527.043921763       2.708234480290688E-002  1.355807365130557E-002
   412325.783939614       2.756754031810427E-002  1.316329427889164E-002
   181424.639257345       2.621760713169454E-002  1.271937431808130E-002
   8579.60806959604       2.583875277590104E-002  1.321410668330223E-002
   427640.718440262       2.545865622109672E-002  1.370871472889332E-002
   108039.515146296       2.507809172260640E-002  1.420464075656869E-002
   280583.553581909       2.463404935433746E-002  1.372266719516902E-002
   155674.628866656       2.419125107343136E-002  1.324209458316936E-002
   219832.127800255       2.374832859819072E-002  1.276189383936265E-002
   240771.385282040       2.305252570054162E-002  1.348384383208868E-002
   122441.568034564       2.355132256581892E-002  1.390828816496594E-002
   283851.589142456       2.404992040980937E-002  1.433048564056488E-002
   360322.527225947       2.454671314427410E-002  1.475371650514030E-002
   21133.7472975560       2.406255170467133E-002  1.522884261598225E-002
   301951.657522427       2.357623351865409E-002  1.570466572374437E-002
   744889.561564986       2.308902983502204E-002  1.618030710790593E-002
   376593.374317019       2.812861098470928E-002  1.718094762130072E-002
   215225.961476087       2.862337084466707E-002  1.671827974179115E-002
   373216.271378536       2.912063101985973E-002  1.625508078148533E-002
   595245.747104460       2.961710670703134E-002  1.579042248129630E-002
   331652.186471698       3.011341231373000E-002  1.532328490574767E-002
   435612.010743897       3.062321908625459E-002  1.577084516159936E-002
   110090.842856561       3.113407235227728E-002  1.621749240127343E-002
   174402.902745886       3.164343353617413E-002  1.666347667057731E-002
   115143.780201118       3.215207780484827E-002  1.710981175941557E-002
   141288.152155980       3.264468679379309E-002  1.659887756733788E-002
   416308.314215306       3.217520949658634E-002  1.610749939765639E-002
   119129.607082143       3.170533521583663E-002  1.561906800753959E-002
   182218.546499298       3.123600127088206E-002  1.513019038369265E-002
   61939.8185656349       3.076833827001822E-002  1.464165314752719E-002
   66797.0868550538       3.121605312448067E-002  1.410061237889071E-002
   21284.0928872131       3.166459944447061E-002  1.355896073960774E-002
   247272.612842849       3.211374962624433E-002  1.301822577936246E-002
   186104.362718390       3.256284609410211E-002  1.247543609987164E-002
   13197.6938220351       3.166432941766691E-002  1.258389663034530E-002
   166229.252463372       3.113891612472861E-002  1.305085464979717E-002
   234064.655215742       3.061252183484057E-002  1.351841895379661E-002
   139485.825594936       3.008755173703096E-002  1.398674946769368E-002
   133875.026101612       2.969147463052814E-002  1.353660112049143E-002
   42603.7272578262       2.929551914376527E-002  1.308744951681029E-002
   28217.8044826156       2.890012157221263E-002  1.263846823914915E-002
   265050.972224703       2.803441013921140E-002  1.353999674962256E-002
   243982.800231531       2.850091966963250E-002  1.391660185747304E-002
   72077.1468052219       2.896737304121101E-002  1.429238624423560E-002
   340203.530696861       2.943334847389424E-002  1.466763103041467E-002
   322374.209932390       2.898448874211188E-002  1.517513553121053E-002
   59001.4581482262       2.853322096193751E-002  1.568064941665264E-002
   488162.763747079       2.808029134322657E-002  1.618716087200904E-002
   72421.0908758192       3.315528726136899E-002  1.709220811480689E-002
   279784.830060113       3.364849784975892E-002  1.666989154887091E-002
   321201.343769774       3.414109548743552E-002  1.624720934142893E-002
   449467.178805956       3.463434770923489E-002  1.582467183308107E-002
   193040.169498614       3.512623564875043E-002  1.540053669198650E-002
   262267.102605340       3.544785776683593E-002  1.580757479531550E-002
   44885.0244722694       3.576900538872597E-002  1.621357143003417E-002
   22614.8198708951       3.608999515578860E-002  1.662036755780345E-002
   27066.4595579890       3.640965548116604E-002  1.702723646378087E-002
   146779.365956498       3.763602027619655E-002  1.574818047855851E-002
   240189.675536966       3.721499675662057E-002  1.544597296329782E-002
   186585.225688780       3.679396999583587E-002  1.514302601799192E-002
   22060.8606470802       3.637397896614866E-002  1.484039249546525E-002
   57676.1524126433       3.595361929308083E-002  1.453764255003356E-002
   1366.53900079356       3.635933856949625E-002  1.412466765452609E-002
   101901.435283027       3.676426006704821E-002  1.371060767446855E-002
   174114.533277125       3.717034772079259E-002  1.329734596551594E-002
   113935.744299851       3.757638001726262E-002  1.288273997521787E-002
   13944.2779514186       3.628294975425079E-002  1.244516205706797E-002
   61774.2958055928       3.588626951677304E-002  1.286701784121437E-002
   157567.534563384       3.548836045847377E-002  1.328801149855244E-002
   73442.8074893852       3.509149788344407E-002  1.371035161875586E-002
   170832.263202191       3.454950094187098E-002  1.330741562435688E-002
   118348.390640631       3.400631210067884E-002  1.290590275070234E-002
   119245.235150496       3.346397325169429E-002  1.250381265016453E-002
   70508.6602796762       3.298899945114830E-002  1.300043634204136E-002
   9076.84787145827       3.341479936420153E-002  1.352407346261291E-002
   58411.5508283722       3.383923466985504E-002  1.404874945889775E-002
   43540.1378262660       3.426420082364928E-002  1.457265109982665E-002
   143352.110926142       3.386042489243842E-002  1.507917344343578E-002
   2426.40248112165       3.345656770026849E-002  1.558607909568137E-002
   110817.317958121       3.305095555074779E-002  1.609187170150912E-002
   93878.2536462849       3.891475024899069E-002  1.697437150443587E-002
   34467.5154882786       3.921679288865714E-002  1.653346009139293E-002
   67805.8448088705       3.952002977701278E-002  1.609245912215973E-002
   257059.801327631       3.982355803100046E-002  1.565132969110051E-002
   174205.809485227       4.012748963812213E-002  1.521098979789178E-002
   385426.912868490       4.061305926560824E-002  1.563438269221720E-002
   149543.418256375       4.109763023754389E-002  1.605846869672089E-002
   131020.252485660       4.158331434226700E-002  1.648187163436128E-002
   15203.4770134001       4.206836730080074E-002  1.690527867669512E-002
   185908.595401111       4.265540027394487E-002  1.629033876584335E-002
   107902.955779073       4.220860190019216E-002  1.582574048170767E-002
   44299.8046250339       4.176216554199707E-002  1.536139194720618E-002
   157064.395765503       4.131613744057514E-002  1.489817289848324E-002
   88741.7294440748       4.087223418785731E-002  1.443327977847164E-002
   89039.6165786339       4.129732993009924E-002  1.399816716257939E-002
   145022.761755396       4.172349432532529E-002  1.356292277358384E-002
   203525.396379820       4.214967168876998E-002  1.312750377546638E-002
   153083.090008119       4.257581507142062E-002  1.269189079452076E-002
   23777.5686180716       4.134608641876140E-002  1.235769274585399E-002
   79262.2342053434       4.092930012027119E-002  1.280166308707475E-002
   133771.345391244       4.051234818937200E-002  1.324565781637169E-002
   52876.5366081572       4.009535441064480E-002  1.368883844990744E-002
   111280.399333736       3.968074224693714E-002  1.326365461556220E-002
   8508.29457200157       3.926518531358923E-002  1.283771383471817E-002
   15836.3919212412       3.885071245318224E-002  1.241192853852455E-002
   63751.9225983011       3.802045703892384E-002  1.327915385162379E-002
   50826.0096992824       3.846433869539409E-002  1.367454012594643E-002
   39089.9105744518       3.890818238685236E-002  1.407070149408385E-002
   50470.3523781609       3.935065687822038E-002  1.446593485249929E-002
   134507.118297628       3.892310768965798E-002  1.478645784136541E-002
   262019.722493116       3.849405605425273E-002  1.510703141202665E-002
   323285.707544037       3.806496299569223E-002  1.542789349705891E-002
   40508.7413804044       4.326976904825473E-002  1.687743020094781E-002
   35409.9699548543       4.373529662610928E-002  1.644072590950990E-002
   190342.237554008       4.420155166085352E-002  1.600398232002940E-002
   324385.338906344       4.466698122239279E-002  1.556682271228521E-002
   151265.088769064       4.513329408726492E-002  1.513004025001015E-002
   240435.502841230       4.554911020122476E-002  1.554613438548899E-002
   39234.1596668679       4.596470293177932E-002  1.596297875582953E-002
   58149.1369110040       4.638006645575350E-002  1.637954604319867E-002
   45339.0232120358       4.679493769129386E-002  1.679616485059889E-002
   132801.280583353       4.765407868050015E-002  1.589577344928545E-002
   190083.093744422       4.721698684296134E-002  1.550094744156422E-002
   90874.6059390950       4.677989074083753E-002  1.510660168603831E-002
   83043.2112095838       4.634295603313374E-002  1.471258655432940E-002
   8180.97429072398       4.590776766148860E-002  1.431835124776126E-002
   69436.4885412889       4.632245014964485E-002  1.381022422419900E-002
   71156.5837960732       4.673839129104748E-002  1.330207139905791E-002
   120098.338126640       4.715475566821818E-002  1.279489565582889E-002
   111917.983294672       4.757104074200134E-002  1.228607904903587E-002
   79518.8914689283       4.656533008444742E-002  1.223062584561397E-002
   125153.331703557       4.607653082002745E-002  1.266838902767874E-002
   224805.021091634       4.558661903269761E-002  1.310640554598594E-002
   26128.8677629599       4.509702184905681E-002  1.354403462474856E-002
   60193.8254536127       4.466099073471209E-002  1.312814340134286E-002
   38393.6041684905       4.422505328731707E-002  1.271141871181587E-002
   28295.5047932473       4.378926098920775E-002  1.229482436061126E-002
   70876.6897820784       4.301289931600866E-002  1.310795479109625E-002
   56897.2033896489       4.344985784591336E-002  1.352390220139442E-002
   31523.0592020946       4.388680642913528E-002  1.393955767274864E-002
   31330.4413640326       4.432247981215830E-002  1.435522924427554E-002
   39906.7765139345       4.390726931618073E-002  1.483908155452488E-002
   105943.096798364       4.349024445468618E-002  1.532174215998514E-002
   281006.517602351       4.307281661958021E-002  1.580563326635980E-002
   28471.4343356038       4.855419597972619E-002  1.675512184179211E-002
   2235.99693449839       4.894905081405734E-002  1.630928209155744E-002
   83385.8094646345       4.934428838924474E-002  1.586349041537019E-002
   144323.353675534       4.973976826354930E-002  1.541758565670937E-002
   91402.4784156522       5.013519466038333E-002  1.497121897193556E-002
   108532.243495245       5.052084086172038E-002  1.539902955403352E-002
   22794.5370382661       5.090629612528225E-002  1.582670459933606E-002
   56878.3444881793       5.129161889082705E-002  1.625423650579854E-002
   32137.6361479967       5.167761076135849E-002  1.668185132825220E-002
   59570.9276220116       5.265304845496957E-002  1.565956747516268E-002
   70526.6034816982       5.220698836649006E-002  1.529406384447367E-002
   28501.1316771162       5.176099579598369E-002  1.492975602363635E-002
   86161.7088074401       5.131506241794904E-002  1.456569401010071E-002
   18069.8625696966       5.086957802539223E-002  1.420156091107548E-002
   26702.6865324392       5.129699105517837E-002  1.377198042269035E-002
   102619.672959082       5.172444170803251E-002  1.334123396327672E-002
   77128.5291116294       5.215210967439639E-002  1.291144311842435E-002
   67226.6082207392       5.257954761218912E-002  1.248117732148318E-002
   41478.6531311649       5.133205684979741E-002  1.212785320695005E-002
   43886.4055849922       5.092201644953100E-002  1.257420314878656E-002
   152864.117070646       5.051074002022232E-002  1.302059236441574E-002
   13594.5532126874       5.010062564936557E-002  1.346739434018226E-002
   57810.9758300113       4.959117599755828E-002  1.304238800846914E-002
   39833.7553499037       4.908163979873529E-002  1.261776053018178E-002
   66293.3461285012       4.857313599740309E-002  1.219346379526273E-002
   16098.0282442638       4.802018234036898E-002  1.277422424236782E-002
   54906.0236598567       4.846917130276854E-002  1.326109410658769E-002
   133765.324467002       4.891795700186011E-002  1.374887800434669E-002
   79535.2646961191       4.936627568832437E-002  1.423690319866441E-002
   59668.3745281795       4.893846285497931E-002  1.465133241667215E-002
   122691.635838955       4.851041512653058E-002  1.506589875398963E-002
   196655.304945063       4.808222308478656E-002  1.548066707075369E-002
   51420.8505074286       5.367484887017653E-002  1.663477544693373E-002
   8322.64548977286       5.404104487820204E-002  1.620138013982072E-002
   87964.0495289089       5.440628411830117E-002  1.576888876267387E-002
   53984.9270770277       5.477172322826300E-002  1.533542735776360E-002
   40898.4456081075       5.513695782325991E-002  1.490152435541403E-002
   41506.2301428134       5.569615691819113E-002  1.531318741252371E-002
   57112.7656227088       5.625661410587067E-002  1.572432051580131E-002
   77721.6723908582       5.681638430328674E-002  1.613366574098131E-002
   193465.902933480       5.737582974813351E-002  1.654339543518596E-002
   43520.4554223829       5.767105333678658E-002  1.623229421673727E-002
   197833.126568591       5.723199544468689E-002  1.569543599821615E-002
   181331.629863556       5.679450815258003E-002  1.515829570449976E-002
   220141.552175583       5.635650631041578E-002  1.461976929401968E-002
   84876.0017012832       5.591913294310209E-002  1.408167596154525E-002
   65260.2671020323       5.633297038578129E-002  1.357760199674927E-002
   91757.2153111726       5.674709772543307E-002  1.307350015497996E-002
   234437.241065684       5.716065876800397E-002  1.256932900959406E-002
   212808.236378103       5.757531416531150E-002  1.206456353778246E-002
   77207.4343593972       5.655808442268856E-002  1.199238485446981E-002
   184818.258221108       5.607204730246641E-002  1.242705631620789E-002
   293750.678044016       5.558594067648318E-002  1.286302509568128E-002
   45042.1580233034       5.510023244009353E-002  1.329972745286905E-002
   73762.8424185753       5.466994061623804E-002  1.288514048560734E-002
   69045.6308204748       5.423883912576437E-002  1.247065978077661E-002
   113180.611684039       5.380886770072320E-002  1.205736411472475E-002
   16127.7574593821       5.301459288734573E-002  1.289082311611022E-002
   37338.8673689093       5.344860143466849E-002  1.330022292343445E-002
   158043.291989503       5.388354808705931E-002  1.371037804897181E-002
   68951.7590262835       5.431793760161645E-002  1.411973348671604E-002
   108088.100634598       5.390140965691263E-002  1.450415481774182E-002
   92006.3216018092       5.348499953294278E-002  1.488885400903681E-002
   162179.690291575       5.306943343450896E-002  1.527354460367153E-002
   218413.287199966       5.798127721454310E-002  1.652723711219041E-002
   93827.3126026158       5.851833360262128E-002  1.599251926384794E-002
   238670.011151893       5.905721265413275E-002  1.545863086298368E-002
   350292.924230682       5.959740376973527E-002  1.492320412479328E-002
   178686.649154935       6.013572557486417E-002  1.438731823478257E-002
   244989.095760513       6.065599282581190E-002  1.489724836956029E-002
   14864.3554606928       6.117666394508730E-002  1.540695180324229E-002
   160637.283207464       6.169684113250247E-002  1.591533347785552E-002
   132261.751356099       6.221594373892212E-002  1.642419470281841E-002
   56872.9747846460       6.267980497198386E-002  1.593659348075648E-002
   205492.325369341       6.214318852753458E-002  1.544394402367909E-002
   44243.3225242450       6.160601594529472E-002  1.495263335205469E-002
   161969.813266620       6.106815046693934E-002  1.446179403900720E-002
   22146.5047732509       6.053279336091465E-002  1.397028779372205E-002
   211233.133948953       6.104728164489365E-002  1.358444075668493E-002
   274181.604057658       6.156303985095739E-002  1.319915504864057E-002
   308315.728015371       6.207751957367804E-002  1.281235367313828E-002
   182697.670516242       6.259175334755879E-002  1.242518981672751E-002
   85658.6844378519       6.120105152179955E-002  1.197753608378442E-002
   13272.5208745252       6.083969939318757E-002  1.250902550835120E-002
   125089.346028655       6.047880015938616E-002  1.304137340811459E-002
   92256.9387684789       6.011633672322872E-002  1.357311175452055E-002
   206037.321015212       5.960753319360115E-002  1.306268795453514E-002
   30411.7535477640       5.909867931898476E-002  1.255196150779170E-002
   10374.6062269538       5.859026930810250E-002  1.204237467436611E-002
   121348.725582368       5.811108715531940E-002  1.254669693433652E-002
   118157.370284659       5.864713925093526E-002  1.302813356723459E-002
   76843.3965755921       5.918420240336844E-002  1.350893997307774E-002
   21670.7174768147       5.971926629018504E-002  1.399008056445784E-002
   5071.67099459829       5.920870961026684E-002  1.455023472661114E-002
   147849.861602796       5.869554312494616E-002  1.511062519415296E-002
   460547.333679908       5.818273289326921E-002  1.567028475366966E-002
   157869.029750556       6.316695889765199E-002  1.640073065988566E-002
   75534.3678872311       6.366370313073376E-002  1.599795182959054E-002
   188113.365934759       6.416083980115009E-002  1.559456940052809E-002
   237901.731067978       6.465792534803157E-002  1.518956168086230E-002
   137108.786594431       6.515466245389162E-002  1.478482490145904E-002
   231049.818568966       6.570740496788451E-002  1.516261079973724E-002
   195773.340752088       6.625948749927979E-002  1.554083426867991E-002
   86043.3331926625       6.681264638774569E-002  1.591736343655254E-002
   230092.541909039       6.736415425222776E-002  1.629336318790625E-002
   19173.7031340424       6.768919059192374E-002  1.595104469613819E-002
   214462.119970518       6.728172730590058E-002  1.542070382219515E-002
   68789.7746084590       6.687451904166827E-002  1.489039165539673E-002
   130173.640237128       6.646706700315438E-002  1.436086425904093E-002
   93805.4064110910       6.606126140619847E-002  1.382989822775732E-002
   112919.472620142       6.643949175438182E-002  1.328766012468058E-002
   55912.2518771040       6.681917369990620E-002  1.274465051129060E-002
   87236.9804944213       6.719843657797474E-002  1.220280089426697E-002
   98297.2302406797       6.757805799719085E-002  1.166044655783571E-002
   36593.4969140756       6.667866477107720E-002  1.170685700394788E-002
   150722.926075082       6.615482028061173E-002  1.211137363357814E-002
   188080.425197275       6.563015754638452E-002  1.251745640856786E-002
   89552.1261261727       6.510679622425466E-002  1.292304732603424E-002
   106435.634284310       6.472237214460445E-002  1.254084644626966E-002
   38085.9435885971       6.433889727259472E-002  1.215804394862615E-002
   21322.9908504822       6.395466031510728E-002  1.177639242508400E-002
   158036.126428641       6.299386884654656E-002  1.278886398494820E-002
   92570.9288679698       6.339585446445400E-002  1.315235983724804E-002
   18576.9234973827       6.379867275538134E-002  1.351460649370928E-002
   131216.459001325       6.420036027228523E-002  1.387768261945219E-002
   155738.175217828       6.382139034359477E-002  1.439250146344154E-002
   83663.1996319309       6.344073510163507E-002  1.490703641731067E-002
   166618.097253554       6.306035542485335E-002  1.542140122073372E-002
   81062.3049428850       6.803161822425799E-002  1.627680493058709E-002
   94273.3785755466       6.856145583280074E-002  1.583237580763598E-002
   50835.1597908222       6.909286600042142E-002  1.538879466451111E-002
   41294.8788266204       6.962320095229578E-002  1.494388062889589E-002
   18431.8428846638       7.015424908398642E-002  1.449842594551850E-002
   57579.6439880593       7.052883184227332E-002  1.492122430709033E-002
   6669.41289262202       7.090250300375643E-002  1.534393651799588E-002
   37864.4333999685       7.127705107699893E-002  1.576572239776733E-002
   9758.40821845788       7.165168248520302E-002  1.618845810056661E-002
   16468.6587358305       7.267039170024940E-002  1.511800939004344E-002
   36441.2251561840       7.222950712693516E-002  1.476472398031462E-002
   15774.7031113634       7.178950980370322E-002  1.441154993720019E-002
   50886.6407609665       7.134855858135393E-002  1.405938160385221E-002
   102222.511066109       7.090739496952375E-002  1.370640127924910E-002
   52236.1703472887       7.132564336350079E-002  1.316502085006888E-002
   65390.9318739840       7.174426630248289E-002  1.262387931174939E-002
   58177.3358822327       7.216208002300653E-002  1.208380179640588E-002
   63409.2212948383       7.258078028585087E-002  1.154232691000093E-002
   86208.2103508452       7.167452486830798E-002  1.161945830231946E-002
   42470.3102867530       7.115532848469630E-002  1.206303733426567E-002
   28901.5089441458       7.063514136003123E-002  1.250789357402164E-002
   96631.2067932745       7.011495711939013E-002  1.295287148395338E-002
   132988.828096920       6.957050435144063E-002  1.253450982363322E-002
   127251.001532041       6.902461196373998E-002  1.211697941745493E-002
   6385.73696627497       6.847969350016664E-002  1.170095077839850E-002
   110709.453042106       6.802488123277288E-002  1.218176961162295E-002
   39536.2414821894       6.847051568980261E-002  1.270243476884118E-002
   74228.3894717672       6.891658015216483E-002  1.322420159582850E-002
   178505.413415735       6.936216247719569E-002  1.374520366987824E-002
   93588.4105547774       6.894397455025225E-002  1.429727141246029E-002
   97275.3561709404       6.852560743791149E-002  1.484821877525999E-002
   74201.6721393053       6.810797062542893E-002  1.540002711413713E-002
   8083.76829837714       7.374096099818953E-002  1.613683879257864E-002
   3499.65827153739       7.409404280939898E-002  1.569199332287101E-002
   4155.52863777066       7.444710223902606E-002  1.524613363214181E-002
   4014.85203215918       7.479918680597476E-002  1.480127799151965E-002
   5933.67809437936       7.515220028814995E-002  1.435532377836540E-002
   122.784896390977       7.552602775522965E-002  1.478310082371414E-002
   3117.56588230884       7.589884446065992E-002  1.520989689265642E-002
   1198.31764131546       7.627269265729006E-002  1.563766572677632E-002
   9655.01310589771       7.664555007913841E-002  1.606443339678285E-002
   19689.3113014321       7.766881693834889E-002  1.498840721689520E-002
   7344.32423973359       7.722389798608527E-002  1.463746605527801E-002
   10490.5767310743       7.677794470864184E-002  1.428556102482366E-002
   8687.00516243113       7.633302776487257E-002  1.393461262368268E-002
   6985.86368421413       7.588708952841461E-002  1.358268023610217E-002
   6973.82359263480       7.631246694727878E-002  1.311483669162757E-002
   8519.21061788987       7.673678373879694E-002  1.264698956819580E-002
   26829.9657035960       7.716204668756359E-002  1.217812248236360E-002
   25038.6327580215       7.758629073477337E-002  1.171026605754538E-002
   15904.9389402095       7.645275494009789E-002  1.150380394768769E-002
   29483.1427606984       7.600599930130789E-002  1.195220072185446E-002
   31527.5048437991       7.556019980422503E-002  1.239952980461816E-002
   14211.8259730337       7.511440814869098E-002  1.284781853463770E-002
   18860.9086537421       7.457264036499463E-002  1.242421481545455E-002
   16175.2127914835       7.403080313329492E-002  1.200174453724902E-002
   43098.4863381315       7.348994405200394E-002  1.157826543038441E-002
   10700.5499882534       7.303001586519436E-002  1.206210898525331E-002
   27523.8226169816       7.348024407957403E-002  1.258081512103075E-002
   2517.23458303184       7.392941107037686E-002  1.310063229550106E-002
   44683.1268588696       7.437961935750180E-002  1.362039919718105E-002
   26813.0956433008       7.395186336407578E-002  1.399505855493846E-002
   22623.3999828001       7.352505425740379E-002  1.436870258591750E-002
   14142.8284109718       7.309723117522901E-002  1.474336422110870E-002
   2286.73038429501       7.874486951980951E-002  1.601156769316251E-002
   2018.60601564686       7.909609855272569E-002  1.557759556168124E-002
   8487.09100152983       7.944827230127544E-002  1.514355444760989E-002
   9314.81902198481       7.979947359824793E-002  1.471053815674641E-002
   507.593168539063       8.015165040616087E-002  1.427650039244987E-002
   8057.15499875843       8.052031987568431E-002  1.469228400596429E-002
   192.457774812500       8.088894903991010E-002  1.510707334134187E-002
   4024.70084134129       8.125660250445241E-002  1.552287820185108E-002
   1051.78138842664       8.162526109549119E-002  1.593864644393706E-002
   6499.89081125978       8.266682293988621E-002  1.484291377271123E-002
   506.351675183510       8.223289318104310E-002  1.449579587453457E-002
   3124.38871159396       8.179898305939089E-002  1.414969582143250E-002
   9953.30825827825       8.136605257411143E-002  1.380257599116110E-002
   10311.9941500592       8.093215614493243E-002  1.345546295764920E-002
   1326.24804298151       8.134397476555295E-002  1.292785236925135E-002
   6160.82272066385       8.175474305950922E-002  1.240122095138374E-002
   5969.58958982092       8.216646187384540E-002  1.187356586044525E-002
   2794.20018302681       8.257816274607914E-002  1.134593774578716E-002
   1241.24984564601       8.162827710208143E-002  1.136208973415967E-002
   8885.45295714444       8.112226457876574E-002  1.180010558732145E-002
   4896.78647647469       8.061721219270017E-002  1.223705253356038E-002
   21407.2725474977       8.011119284156162E-002  1.267502208668519E-002
   23271.5584820571       7.964369027583630E-002  1.226169300074851E-002
   10477.9234525185       7.917621308093448E-002  1.184932979810159E-002
   12488.4215698661       7.870770707960666E-002  1.143595769057713E-002
   12382.1444761780       7.802258374887179E-002  1.215642139483503E-002
   9740.40229910048       7.845893067242554E-002  1.260358862776803E-002
   2313.21161681740       7.889427097964068E-002  1.304980504787360E-002
   4722.26560536240       7.933066458979415E-002  1.349597789356030E-002
   1464.97639036196       7.891497567785018E-002  1.386960288036325E-002
   1358.53664025188       7.850024464850620E-002  1.424218617038894E-002
   5293.59504250969       7.808452636843456E-002  1.461577725863678E-002
   1336.38628148314       8.376256724113934E-002  1.588444182163767E-002
   3610.46899928845       8.411273424079578E-002  1.557045396414603E-002
   4947.49945792758       8.446185989207658E-002  1.525548078511139E-002
   3807.74605634330       8.481200992288329E-002  1.494148442805742E-002
   680.759728153996       8.516215960108016E-002  1.462749117568681E-002
   1589.49486118950       8.547381763757442E-002  1.492465580900555E-002
   2337.23836355959       8.578545732327204E-002  1.522184214750226E-002
   592.595064239187       8.609712827511694E-002  1.552002234237480E-002
   185.179686566310       8.640877097905705E-002  1.581720656410554E-002
   1395.15011801624       8.765975838529091E-002  1.450101234447559E-002
   2069.85068834234       8.734713881418642E-002  1.420485830420772E-002
   818.799908107223       8.703352274335871E-002  1.390872550549926E-002
   3388.00597357924       8.672090011151555E-002  1.361257272957375E-002
   5201.58120147139       8.640829716070673E-002  1.331640013158294E-002
   395.266412017432       8.670414959279144E-002  1.295176572683933E-002
   675.712443479167       8.699995485636894E-002  1.258611893392301E-002
   1287.39891526740       8.729678416172282E-002  1.222145139279249E-002
   818.238943426870       8.759259052548275E-002  1.185581962876952E-002
   1753.75950102840       8.614562620735258E-002  1.112734640093460E-002
   361.609124839850       8.579651458052778E-002  1.144232786753618E-002
   388.847681274984       8.544637871611308E-002  1.175632782957621E-002
   7151.30617031842       8.509725767362385E-002  1.207031250017745E-002
   10192.0671135945       8.457270381046686E-002  1.177854073522533E-002
   12077.8730899215       8.404916165965330E-002  1.148672572772784E-002
   9717.72739319164       8.352459971223999E-002  1.119392344024825E-002
   4376.92817342543       8.289613000725983E-002  1.185504610889446E-002
   1286.95139926426       8.321511788172085E-002  1.236414000931232E-002
   1961.36142675307       8.353309992906970E-002  1.287225376916073E-002
   3285.67930216415       8.385111415626234E-002  1.338136578517791E-002
   938.825903801356       8.355529763775624E-002  1.374699954607388E-002
   99.4814777563704       8.325947943533035E-002  1.411263001134072E-002
   782.786027537425       8.296263367211652E-002  1.447728110815721E-002
   514.416362782124       8.897594390565500E-002  1.575197655689565E-002
   296.015975284153       8.927002485241151E-002  1.535737953613692E-002
   1173.75472011413       8.956412284523035E-002  1.496377643315044E-002
   571.155258489735       8.985819607783233E-002  1.456917525984642E-002
   1105.45895545758       9.015226956647379E-002  1.417457615836577E-002
   495.082029828372       9.063694595741759E-002  1.454937726518685E-002
   2352.20902780297       9.112161483195033E-002  1.492419000647969E-002
   683.231582344131       9.160626050247658E-002  1.529800297964414E-002
   592.733342250349       9.209093315463392E-002  1.567281788567533E-002
   1273.73762014889       9.267550209706488E-002  1.505776977682310E-002
   1936.82905271665       9.227656913728195E-002  1.459275446989444E-002
   274.012773223634       9.187863581892949E-002  1.412770885693137E-002
   1172.09010655250       9.147969769651021E-002  1.366269009255679E-002
   3315.63564481982       9.108076455826665E-002  1.319766536918599E-002
   414.627780887873       9.145816985123108E-002  1.281494442639241E-002
   120.453028857647       9.183556298473561E-002  1.243221956416307E-002
   1480.25710870422       9.221197952955486E-002  1.205052391557952E-002
   987.756717564542       9.258937208795631E-002  1.166781164165640E-002
   1066.70770184129       9.119201479234355E-002  1.108113675579384E-002
   436.549911412492       9.082994577443247E-002  1.147647485510024E-002
   1354.93988719198       9.046690515454374E-002  1.187283381012607E-002
   3972.23120616635       9.010387043477192E-002  1.226919229911535E-002
   3757.59108048882       8.973717016983873E-002  1.189138494463857E-002
   3015.74364651900       8.936947110656117E-002  1.151359423276422E-002
   1720.76935972656       8.900278951596111E-002  1.113677828072743E-002
   6217.28782775473       8.798855242676992E-002  1.220386580367271E-002
   2582.49424697646       8.838347949430551E-002  1.255095602787456E-002
   1593.84508931194       8.877943780711017E-002  1.289902047636289E-002
   1761.76930839932       8.917537410582509E-002  1.324608914453486E-002
   1899.48447444326       8.879621822863072E-002  1.355982769522757E-002
   1138.48170381129       8.841706327131588E-002  1.387356455125240E-002
   1478.93640059101       8.803890756001562E-002  1.418727311169115E-002
   514.084202843517       9.329054795530285E-002  1.564232978018190E-002
   727.415814030449       9.375533724874463E-002  1.523438173329218E-002
   183.194140258523       9.422011997611959E-002  1.482643366468456E-002
   221.023910655233       9.468490203563258E-002  1.441848903346558E-002
   682.107479969131       9.514968681033971E-002  1.401055062648982E-002
   169.865347551898       9.557161153562221E-002  1.439595539119883E-002
   586.642389845187       9.599453301043169E-002  1.478134085925054E-002
   796.381758104468       9.641645708547041E-002  1.516675188610400E-002
   544.329126829784       9.683938132444886E-002  1.555213960344019E-002
   61.7641373475643       9.766751854659549E-002  1.468082204084203E-002
   1023.73977229958       9.726115816845179E-002  1.427801420328190E-002
   129.972357109724       9.685482445316590E-002  1.387620175305630E-002
   78.1348742253696       9.644846254797138E-002  1.347338988417583E-002
   2067.87115762644       9.604212691373712E-002  1.307157483921314E-002
   1216.02580709446       9.642669508600571E-002  1.261664815461176E-002
   146.237507429837       9.681123096956509E-002  1.216072024868350E-002
   637.799192473164       9.719578741279651E-002  1.170579297478836E-002
   84.8089733552068       9.758032045637277E-002  1.124987539678732E-002
   113.100350394072       9.640851368271176E-002  1.095756654077960E-002
   851.529251538267       9.597372517456254E-002  1.136475482677600E-002
   2124.18492307771       9.553793948692191E-002  1.177196475841680E-002
   1900.44615025390       9.510315258152181E-002  1.217914360071345E-002
   1890.30536057438       9.472022237640720E-002  1.179274420633915E-002
   912.065478752614       9.433729161240373E-002  1.140633950425377E-002
   1612.36150958243       9.395535571739765E-002  1.101990886290522E-002
   3448.02864843368       9.299471403175562E-002  1.203062810802298E-002
   1360.88746439815       9.340002657822026E-002  1.239245488491173E-002
   284.660556037510       9.380536772651042E-002  1.275528324869727E-002
   1597.05787408374       9.421071236653504E-002  1.311811379333836E-002
   1157.88644350324       9.382690614858114E-002  1.360302873738766E-002
   724.068078243462       9.344310197906221E-002  1.408794360802633E-002
   87.4059857610788       9.305930082341010E-002  1.457285776834817E-002
   75232.8763527942      -1.917081118498128E-003  2.248446803185257E-002
   429113.093199088      -1.435946581225915E-003  2.203563026031371E-002
   996294.456814193      -9.512458381377719E-004  2.158740787506183E-002
   1900861.25039763      -4.655343195600822E-004  2.113750702912366E-002
   1005265.80198262       2.041149673198497E-005  2.068583639934235E-002
   1862173.36973956       4.929938802862782E-004  2.113435827156626E-002
   558979.498930914       9.643381338180622E-004  2.158021078691699E-002
   382859.470481671       1.436014857260531E-003  2.202331726686556E-002
   650154.248388921       1.901602829208872E-003  2.246781267153199E-002
   1745255.20160035       2.544950569198693E-003  2.181690787006486E-002
   998499.268961516       2.084684279633429E-003  2.135741875404353E-002
   614804.509308833       1.625299106565947E-003  2.089940490232224E-002
   520517.891082801       1.167420993847640E-003  2.044429203116566E-002
   413439.363904768       7.152098717804112E-004  1.998594128754864E-002
   1025615.95943043       1.167499661912506E-003  1.964741648300312E-002
   1201949.50492799       1.621597179692216E-003  1.930847314343342E-002
   1789506.89763274       2.075368766380112E-003  1.896864445432934E-002
   1170156.37547193       2.529942271621744E-003  1.862790939847232E-002
   232264.084391066       1.046640248509271E-003  1.793956763699096E-002
   411538.192854122       7.060533912320960E-004  1.838895080349541E-002
   884164.176580495       3.633726699199640E-004  1.883907647427751E-002
   717680.464765157       1.911712083450981E-005  1.929042147143069E-002
   1155200.15932275      -3.451087288212681E-004  1.884090066750800E-002
   346391.138099265      -7.068493013495332E-004  1.839126071580749E-002
   34038.5884267294      -1.069118411777436E-003  1.794237177172058E-002
   1206943.96541815      -2.490056134817368E-003  1.856356567326868E-002
   803448.033971619      -2.036538566430762E-003  1.892079577886748E-002
   555588.698008346      -1.582172803506062E-003  1.927729048300561E-002
   1684.52875604832      -1.128042352078619E-003  1.963222836597106E-002
   671644.038455208      -6.766703293116434E-004  1.998953403551983E-002
   121515.983234086      -1.128169897676585E-003  2.046826793123852E-002
   980970.026443662      -1.584040708337277E-003  2.094547091040599E-002
   1658597.64982685      -2.041190208740666E-003  2.142420816383643E-002
   2339102.09632806      -2.497758501204346E-003  2.190696815353882E-002
   779699.061299067       3.192768524288180E-003  2.246414866121916E-002
   903060.389731751       3.655600934228868E-003  2.208146694618214E-002
   967448.302555166       4.123189540400114E-003  2.169884742384755E-002
   1741528.05864508       4.589294888804904E-003  2.131213786278668E-002
   887663.850487826       5.056074909087675E-003  2.092430873030920E-002
   1325931.70705715       5.411761335173385E-003  2.130558757610071E-002
   448106.788691734       5.766440066273758E-003  2.168683656587536E-002
   515878.614190451       6.119953094955847E-003  2.206542680045049E-002
   930213.554952285       6.470712327587259E-003  2.244582918897037E-002
   1731218.81321646       7.570143126426731E-003  2.132223350049715E-002
   712569.176285482       7.177094873183339E-003  2.098049609125270E-002
   641800.969587454       6.786356737481475E-003  2.063873916138974E-002
   97510.7081215427       6.394884943355206E-003  2.029766281437500E-002
   93958.2599797381       6.007000221376489E-003  1.995604714878223E-002
   99909.4870576628       6.389630250957449E-003  1.955474529885676E-002
   425100.956234546       6.775329147475860E-003  1.915344972613736E-002
   1124045.11174390       7.161229669090295E-003  1.875116092718385E-002
   966175.922531799       7.547901195715355E-003  1.834740991820129E-002
   73909.1874886819       6.250558031210712E-003  1.784450375382215E-002
   714789.276753013       5.848108048216030E-003  1.822899297845687E-002
   1223240.09984681       5.444895445914307E-003  1.861585892543254E-002
   731683.628068724       5.041764764840478E-003  1.900385679123079E-002
   895720.220113136       4.695701462252282E-003  1.862220517915989E-002
   178950.981904079       4.350753916283987E-003  1.824043773222701E-002
   120877.491637093       4.007576484702236E-003  1.786060846803004E-002
   1118812.81308633       2.921225036822437E-003  1.896472233254071E-002
   985503.854268242       3.311122390512674E-003  1.930065994394274E-002
   379242.800417300       3.702011565589604E-003  1.963579625335430E-002
   39908.4329303658       4.090273784825790E-003  1.997059953499351E-002
   628618.974530679       3.708898969523929E-003  2.043347405037994E-002
   139488.389491628       3.322482810757666E-003  2.089353921534035E-002
   519253.986227445       2.935089244211011E-003  2.135535566948073E-002
   631219.406549738       8.688252672863330E-003  2.242624923591277E-002
   122729.743262611       9.032002762648888E-003  2.197759275455060E-002
   108617.085741052       9.378788046434133E-003  2.152992105812911E-002
   1126939.97134757       9.727633515559745E-003  2.108215017281010E-002
   881572.998587958       1.007799914728434E-002  2.063271180802778E-002
   1634235.30162014       1.054379648991285E-002  2.107616050827412E-002
   624036.402352353       1.101027659670049E-002  2.151569555412212E-002
   434201.922523092       1.147629846547923E-002  2.195338746003920E-002
   1083056.70133505       1.193761092676634E-002  2.239117013383143E-002
   1799912.06347451       1.260862971758103E-002  2.169929109994640E-002
   734758.916876574       1.214803663305731E-002  2.125262802456781E-002
   357940.105851597       1.168792654963909E-002  2.080763982053078E-002
   572886.938239385       1.123080591064960E-002  2.036402350243982E-002
   376302.103914773       1.077866347398778E-002  1.991864130187219E-002
   76529.8662549920       1.122510347237979E-002  1.949546404479127E-002
   709907.102149057       1.167488472099702E-002  1.907231240959085E-002
   1607870.75353797       1.212664682689894E-002  1.864708358430522E-002
   1171915.78201641       1.257754882149643E-002  1.821941628878236E-002
   320269.745885292       1.134971319839402E-002  1.787105033916013E-002
   534177.505720351       1.092360536292961E-002  1.831796019509850E-002
   1234483.45587901       1.049587250769865E-002  1.876527613307093E-002
   865266.301527982       1.006793995942298E-002  1.921576751766333E-002
   1161811.46199426       9.656992346948917E-003  1.877203864768781E-002
   196988.182602549       9.246992305353011E-003  1.833057413294926E-002
   203282.416354827       8.838552956993076E-003  1.788926547052089E-002
   1122741.93691545       8.003496244497711E-003  1.874558975367647E-002
   716383.578938730       8.460097768442471E-003  1.914153543323739E-002
   121896.521282566       8.915035424416727E-003  1.953541816174148E-002
   56899.7597680305       9.366549989135440E-003  1.992945260745738E-002
   257859.838835456       8.920035304210271E-003  2.027655691821848E-002
   1037165.69076911       8.470773823676161E-003  2.062396292017445E-002
   1056766.91379836       8.020574136378345E-003  2.097264692556928E-002
   941313.342771753       1.329617434369155E-002  2.237402597124525E-002
   222188.985935793       1.374583262117100E-002  2.184954203211321E-002
   59844.7391681840       1.420249874822627E-002  2.132867001298984E-002
   1645183.31588542       1.466279097390671E-002  2.080713215932471E-002
   1076963.82729559       1.512371845722792E-002  2.027977693716007E-002
   917390.642382788       1.542863677669783E-002  2.079924350636278E-002
   262925.003484542       1.573005869558972E-002  2.131727001418763E-002
   133807.540437653       1.602991760358248E-002  2.183513359709548E-002
   541297.194533491       1.632683742156950E-002  2.235473644079954E-002
   1222498.57071541       1.764776826598388E-002  2.099356019783431E-002
   1177957.63608737       1.711509483805789E-002  2.071202257903214E-002
   1474096.10536785       1.658263587330919E-002  2.043045439598752E-002
   927526.306297340       1.604918968649122E-002  2.015130040572117E-002
   417309.771650754       1.551832264877571E-002  1.987334931604911E-002
   841213.099569075       1.604063588114531E-002  1.953490167893315E-002
   985721.054814284       1.656514444635777E-002  1.919460667513771E-002
   1150245.16165841       1.708862691588374E-002  1.885271463510499E-002
   621835.154690583       1.761113319315850E-002  1.850813487482204E-002
   502864.526841891       1.610855471203609E-002  1.789725780511030E-002
   214393.217497379       1.577997297720518E-002  1.842387460822153E-002
   290846.112557936       1.544814392144210E-002  1.895004296491966E-002
   842497.072821424       1.511318475280980E-002  1.947733962187169E-002
   1005707.14497847       1.467327627483344E-002  1.895889403071443E-002
   29175.8202183913       1.423525255921150E-002  1.844395196469771E-002
   49867.4942849878       1.380044717898513E-002  1.792872560023175E-002
   1354030.00930532       1.311251058854052E-002  1.863907596755928E-002
   1398183.75861343       1.364856210445658E-002  1.905644072119198E-002
   691112.998733482       1.418563024919003E-002  1.947015207693749E-002
   95480.4402647780       1.471940237670435E-002  1.988284602548413E-002
   200919.158257281       1.419653255886565E-002  2.033432425771880E-002
   1164880.81257058       1.366638268644394E-002  2.078490402663185E-002
   1363047.47157614       1.313657284803886E-002  2.123993096891465E-002
   157359.600014994       1.900650794715010E-002  2.231850999370065E-002
   386104.996218333       1.929046846120812E-002  2.191901952629810E-002
   330989.162436183       1.957720819783975E-002  2.151995302876477E-002
   1105069.53958919       1.986397471439826E-002  2.112071552207024E-002
   741936.551227128       2.015197962914172E-002  2.072096931250433E-002
   1485457.19446188       2.061236743693615E-002  2.110883123808786E-002
   682712.462672206       2.107254380639067E-002  2.149506515842970E-002
   625377.646959993       2.153268388084851E-002  2.187994180809786E-002
   810658.249187977       2.198901047855756E-002  2.226462149685637E-002
   1648569.97063781       2.268050083362199E-002  2.154547370524017E-002
   670463.108367058       2.227058383676294E-002  2.110564423865842E-002
   363343.085729326       2.186162860310869E-002  2.066665813274160E-002
   397715.961446237       2.145497149235343E-002  2.022882258904748E-002
   124316.072710754       2.105181453817958E-002  1.978957003276305E-002
   208208.749603387       2.144106621671682E-002  1.931517132306495E-002
   141957.726634457       2.183237773414393E-002  1.884032853580414E-002
   939858.104808006       2.222622135372070E-002  1.836596599105050E-002
   807034.886340557       2.262027529619660E-002  1.788921767253882E-002
   196358.619326032       2.153049790516661E-002  1.768263991783001E-002
   814737.736107097       2.106163337036304E-002  1.808351855644009E-002
   1088136.80733713       2.059169824627769E-002  1.848511255851850E-002
   577890.770749449       2.012351008071542E-002  1.888879249109154E-002
   750553.353120044       1.977855356063845E-002  1.849864904596395E-002
   256227.119504630       1.943416531872654E-002  1.810937958256290E-002
   81099.2598050575       1.909121721209169E-002  1.771983053286038E-002
   575860.999191671       1.801488164475218E-002  1.883671253855025E-002
   393846.013207436       1.841902393632637E-002  1.916393641273781E-002
   29355.7644829829       1.882181273294263E-002  1.949131993196962E-002
   53132.5568139199       1.922313140371709E-002  1.981874552683582E-002
   124909.329269492       1.883147015647586E-002  2.011236614675536E-002
   697180.758584201       1.843776356619154E-002  2.040557228781342E-002
   676384.820747117       1.804312395942980E-002  2.070013308340388E-002
   520671.408244654       2.339600296619664E-002  2.224043634794151E-002
   452508.496374068       2.383851346353049E-002  2.181081937882336E-002
   605784.470161167       2.428525106668847E-002  2.138314999824530E-002
   1448942.28848993       2.473243806238586E-002  2.095226987645151E-002
   777338.435340774       2.517949832362073E-002  2.051889171030704E-002
   970035.636082535       2.550755027045628E-002  2.093777279415537E-002
   77662.7132304285       2.583393941707789E-002  2.135608430837454E-002
   185607.365679795       2.615981454613514E-002  2.177236788711241E-002
   855681.319552770       2.648229796234508E-002  2.219160353839644E-002
   1513605.78887179       2.769697640841042E-002  2.093031822010337E-002
   864032.819796763       2.726129648839670E-002  2.062394278202445E-002
   922771.730657312       2.682813320495796E-002  2.031668805790821E-002
   264919.350553963       2.639374697699687E-002  2.001133671819010E-002
   80553.2974163697       2.596157597347872E-002  1.970586101785943E-002
   393387.344373207       2.637872996929254E-002  1.919973346431362E-002
   20426.6739128955       2.679889164924035E-002  1.869585824430593E-002
   584339.247655199       2.722027677134393E-002  1.819090807328476E-002
   489533.256978111       2.764323720470883E-002  1.768415092905762E-002
   108935.475542937       2.664648220186031E-002  1.762681468516045E-002
   641263.310865299       2.614716290984659E-002  1.805577224472201E-002
   954271.567902278       2.564883691958495E-002  1.848792851180922E-002
   605356.055976605       2.515073031511793E-002  1.892283856383047E-002
   828871.104532665       2.466856151272626E-002  1.850583865672520E-002
   347400.929459053       2.418509448452706E-002  1.809110558591195E-002
   34798.5804072761       2.370353276687764E-002  1.767871377053224E-002
   794631.315720063       2.305915054883770E-002  1.835340915946662E-002
   345881.883148611       2.349667461153913E-002  1.881418498152471E-002
   163122.736770426       2.393406234695135E-002  1.927474968486089E-002
   279451.687294489       2.436915573471876E-002  1.973473869261335E-002
   303533.651383894       2.395052966402059E-002  2.018709735974487E-002
   488094.378205730       2.352818805150812E-002  2.063841739116912E-002
   835005.303343003       2.310550954268454E-002  2.109120003942248E-002
   461160.834559794       2.895363686446870E-002  2.214989324864425E-002
   215365.015025022       2.926192303604921E-002  2.172994761112816E-002
   144860.926636168       2.957361853697046E-002  2.131078727622104E-002
   889784.730601772       2.988580339056541E-002  2.089163667624454E-002
   644465.181321025       3.019910060639046E-002  2.047045795977981E-002
   1152568.97350443       3.061626432945435E-002  2.087986511225696E-002
   404022.459202438       3.103187409919176E-002  2.128713967234537E-002
   387337.708092975       3.144839900231031E-002  2.169378025817892E-002
   539813.209067826       3.186232536588399E-002  2.210024781771797E-002
   1126486.58731358       3.272234750833875E-002  2.120411169391261E-002
   457947.350927417       3.229499010990126E-002  2.080783906138321E-002
   324349.296887024       3.186800011634170E-002  2.041163828236803E-002
   314661.086915415       3.144270011874575E-002  2.001747432049248E-002
   102395.520393317       3.101923448645053E-002  1.962126614433866E-002
   234081.617203651       3.142863818631048E-002  1.911770804811353E-002
   90753.1588633907       3.183846924177371E-002  1.861355093826146E-002
   559219.941134014       3.225061231951788E-002  1.811011665797596E-002
   476531.528973678       3.266205103051513E-002  1.760375231837282E-002
   39296.9406243169       3.165812289924293E-002  1.753092065821771E-002
   426350.005427471       3.116312869977404E-002  1.795317182990456E-002
   675639.812231920       3.066691187360450E-002  1.837562137572896E-002
   348713.221444063       3.017251816188124E-002  1.880088848350899E-002
   635076.930334552       2.966101087616724E-002  1.839235312602946E-002
   355496.018477695       2.914947275493741E-002  1.798745801739682E-002
   114506.887032365       2.863709991375182E-002  1.758354043902064E-002
   407980.860632204       2.807213277368158E-002  1.817631970528567E-002
   122454.353535499       2.850132404480714E-002  1.866716623453798E-002
   443077.701304694       2.892760463134925E-002  1.915694874646862E-002
   244025.343317091       2.935273454919300E-002  1.964861899274493E-002
   283283.870171827       2.893996610211673E-002  1.996820353078714E-002
   852633.456218023       2.852643788008803E-002  2.028806408034322E-002
   830911.835668771       2.811201833641352E-002  2.060962469138142E-002
   482069.832239859       3.361540279546057E-002  2.206655419507004E-002
   81345.8421693413       3.401200904803972E-002  2.155752530891984E-002
   44020.0647897721       3.441202023966132E-002  2.105116841288840E-002
   850329.910333406       3.481274149303892E-002  2.054345667441275E-002
   576294.240722042       3.521576678694256E-002  2.003473423985084E-002
   882912.690650475       3.560378042985709E-002  2.052977232548573E-002
   20167.5298428853       3.599182945840893E-002  2.102434401126704E-002
   38946.4061039538       3.637818521678507E-002  2.151723021314149E-002
   387161.482645788       3.676264064081593E-002  2.201207292073627E-002
   696683.910483100       3.774416135979893E-002  2.098660908537887E-002
   469561.075658588       3.723001440983027E-002  2.062419058352908E-002
   483226.270231667       3.671714624915099E-002  2.026206947915915E-002
   146801.893921396       3.620324675217584E-002  1.990030627615557E-002
   299812.315325954       3.569325349379092E-002  1.953895250899965E-002
   478377.263274590       3.619166796261775E-002  1.921887705334259E-002
   569175.189692542       3.669123034723631E-002  1.889782146474716E-002
   621155.450578691       3.718936381309729E-002  1.857587066208657E-002
   362300.886521321       3.768830242316983E-002  1.825452085077921E-002
   215855.998754264       3.610928178827708E-002  1.753674796110375E-002
   95893.4744918157       3.580683183405179E-002  1.804469971174136E-002
   134256.207734782       3.550352175422066E-002  1.855344085458760E-002
   156235.169135172       3.519909890978483E-002  1.906153058051839E-002
   497411.281934878       3.468819854424918E-002  1.856769476205658E-002
   149945.116392974       3.417549165469277E-002  1.807538038571746E-002
   60524.7830710520       3.366449590040556E-002  1.758488386558076E-002
   379723.385943888       3.317819998123191E-002  1.809391071052309E-002
   221229.106296558       3.369373001965241E-002  1.858125752229090E-002
   114349.480517638       3.420956005058870E-002  1.906868952620346E-002
   84373.4339992828       3.472200613521381E-002  1.955600406869377E-002
   191373.810356467       3.422439645676156E-002  1.996653443356922E-002
   856720.718000874       3.372299426570560E-002  2.037642325875439E-002
   885848.715282826       3.322300691594395E-002  2.078959552076866E-002
   245185.793006884       3.876778893025159E-002  2.197004570944950E-002
   27497.9422859327       3.913145926085663E-002  2.147450044816562E-002
   36929.1766187364       3.949697275853555E-002  2.097879719365446E-002
   604612.939310581       3.986418430390192E-002  2.048356623038758E-002
   401865.168176110       4.023104094568148E-002  1.998704282083573E-002
   593481.734793988       4.064602510932358E-002  2.046615976863050E-002
   13350.7913539705       4.106020624433305E-002  2.094445032065480E-002
   14773.4688879585       4.147370032494853E-002  2.142332501002019E-002
   342376.366748234       4.188542474205306E-002  2.190207807852311E-002
   609615.286780235       4.276124467106482E-002  2.098536507535857E-002
   467219.113313109       4.226118382044870E-002  2.059585529414187E-002
   448107.279849125       4.176016466512742E-002  2.020694916046766E-002
   13877.6974985954       4.126006487015592E-002  1.981918301203537E-002
   81756.2744819769       4.076177473466287E-002  1.943118126431271E-002
   88182.5039269878       4.124071637537645E-002  1.894675092191647E-002
   233554.499860723       4.172104719204267E-002  1.846359733037080E-002
   526269.354187189       4.220261161959515E-002  1.797871120227059E-002
   328548.346127898       4.268288932751804E-002  1.749275385869263E-002
   66804.3484087098       4.160423553345158E-002  1.740371119198402E-002
   203086.665762291       4.113849056712644E-002  1.790254739364543E-002
   380619.402348241       4.067317771075820E-002  1.840080345807834E-002
   260809.390706816       4.020700887836649E-002  1.890025870376546E-002
   194375.242082619       3.988250167496899E-002  1.841879955442714E-002
   85000.2086881310       3.955878096089541E-002  1.793789744988863E-002
   76969.0077425167       3.923565622782421E-002  1.745600527087616E-002
   407660.308789626       3.818524004139150E-002  1.855464669152400E-002
   442156.538031621       3.868306269987849E-002  1.885567336658182E-002
   266213.619886065       3.918007755987232E-002  1.915584941286261E-002
   6001.28660345396       3.967648979290607E-002  1.945538560550893E-002
   32202.9950433330       3.919509870206857E-002  1.983725682709844E-002
   456084.788782841       3.871186776676594E-002  2.022016624398660E-002
   467772.920273265       3.822764150098266E-002  2.060324578604861E-002
   110701.843963806       4.367672583010167E-002  2.186295002657812E-002
   237590.632718367       4.406946194022658E-002  2.148205611651017E-002
   230473.551509063       4.446352172455899E-002  2.110257576349410E-002
   477632.972925612       4.485758222546184E-002  2.072143299744481E-002
   297279.916987974       4.525176710709704E-002  2.034076778771411E-002
   481407.753662945       4.569147470455772E-002  2.070270836942362E-002
   229370.588446125       4.613096232856876E-002  2.106547639964579E-002
   228851.956998840       4.657048801752533E-002  2.142656189778162E-002
   147879.304803582       4.700911000838050E-002  2.178883786808870E-002
   430554.965025759       4.777089314547997E-002  2.099025331816249E-002
   182160.683276258       4.738653400863711E-002  2.056954969863858E-002
   107568.873182757       4.700381553112173E-002  2.014888552253313E-002
   122565.711238884       4.662037979388896E-002  1.972858011148440E-002
   7505.59883821072       4.623901777002707E-002  1.930772685373662E-002
   67690.3621296666       4.660191544147146E-002  1.889497580219347E-002
   147234.352812893       4.696637646722744E-002  1.848228298544067E-002
   299888.309637793       4.733001671538777E-002  1.806930929058236E-002
   211474.276567632       4.769470024398521E-002  1.765582013654484E-002
   14417.2191950155       4.639840557905574E-002  1.717750800610436E-002
   151548.817588350       4.600133478618424E-002  1.755787556170694E-002
   234829.647245394       4.560407849016422E-002  1.793951929250546E-002
   250070.186399331       4.520661232637750E-002  1.832037833832422E-002
   402743.449228221       4.472212849769336E-002  1.795910710140471E-002
   285087.008700332       4.423832741684076E-002  1.759766176825358E-002
   186445.618587540       4.375355181857972E-002  1.723798774552242E-002
   199786.630583442       4.306866308973632E-002  1.795839234189029E-002
   23720.9800691981       4.345278560912774E-002  1.842357362099589E-002
   127215.328622926       4.383722000430663E-002  1.888761839153465E-002
   123590.235744370       4.421992724681816E-002  1.935293692323775E-002
   65366.4624370999       4.385674295325104E-002  1.976094811411408E-002
   168360.714729770       4.349168641183381E-002  2.016880322718193E-002
   237209.057478071       4.312737202751839E-002  2.057711527253295E-002
   45335.5404516228       4.856864668057559E-002  2.175294463585874E-002
   233585.532790307       4.899066998916776E-002  2.139581576345287E-002
   228632.164936703       4.941359065881341E-002  2.103984913965946E-002
   397438.271505292       4.983642518530256E-002  2.068233004817772E-002
   206157.703176913       5.025935204871664E-002  2.032455350542445E-002
   355278.735548349       5.063746241998471E-002  2.066352367941570E-002
   168658.875045502       5.101429816365427E-002  2.100251779855127E-002
   189319.936651260       5.139220966970198E-002  2.134003247013461E-002
   78453.7830263543       5.176953721036593E-002  2.167878274744542E-002
   296871.765381511       5.276942692949913E-002  2.062843589682650E-002
   85114.1325149887       5.241172593165187E-002  2.026854415893722E-002
   63599.7250545919       5.205556410510051E-002  1.990839804251549E-002
   96022.8327341705       5.169851890628969E-002  1.954953040955044E-002
   18929.8013796080       5.134216181172727E-002  1.918928703224480E-002
   8332.85309954086       5.168145640604680E-002  1.880670573296147E-002
   97095.1844022690       5.202095846939767E-002  1.842406589091294E-002
   167965.510223524       5.235965328417277E-002  1.804135103446859E-002
   149741.775485332       5.269935126834808E-002  1.765732819077064E-002
   70278.3262991174       5.130958166539028E-002  1.703804906128002E-002
   139447.320551727       5.094235763120417E-002  1.739335359917736E-002
   218692.624800039       5.057502463555207E-002  1.774980633083664E-002
   129618.368278032       5.020772231259323E-002  1.810654718434953E-002
   211702.177348850       4.979411802446725E-002  1.776814726882737E-002
   108560.544440036       4.938055542892236E-002  1.743000820470036E-002
   95241.0421323515       4.896707312482900E-002  1.709316571281223E-002
   137085.885261518       4.805296343172812E-002  1.805227183657475E-002
   83794.0543863668       4.840984666375903E-002  1.844873302423548E-002
   22204.5514489970       4.876758649273229E-002  1.884494622597526E-002
   25180.6292489701       4.912498833372097E-002  1.924120154551738E-002
   74834.2287241689       4.878704658168808E-002  1.967850685093933E-002
   96432.8295616978       4.844837417427440E-002  2.011555643705070E-002
   169453.723846568       4.811045592065528E-002  2.055287341558806E-002
   107635.408625914       5.381890811382883E-002  2.162874933148748E-002
   21718.9817485856       5.417541684758556E-002  2.110846854304091E-002
   1631.26344745557       5.453272741534591E-002  2.058856064793363E-002
   257321.593186841       5.488949539719520E-002  2.006757607566285E-002
   180109.632222657       5.524772520430370E-002  1.954689815244171E-002
   354456.037029629       5.573835421076415E-002  2.004623438313673E-002
   39532.7310915105       5.622824335627825E-002  2.054556377994965E-002
   18502.1484977308       5.671893672579426E-002  2.104333814683710E-002
   188607.477649093       5.720873050305479E-002  2.154145107932329E-002
   242225.434591319       5.778933368443807E-002  2.092814634843125E-002
   120391.326032323       5.726355699892603E-002  2.046655450120241E-002
   73363.8425402939       5.673776879010757E-002  2.000548816038390E-002
   183774.003101114       5.621132973459383E-002  1.954579025576289E-002
   37720.9738783131       5.568743145797882E-002  1.908433469526799E-002
   33771.4056793789       5.618631062953724E-002  1.852324508252951E-002
   172692.990639650       5.668683650045856E-002  1.796140991184041E-002
   195116.824583414       5.718677879723679E-002  1.740048119378119E-002
   141822.489587301       5.768623616020800E-002  1.683836279935540E-002
   162082.181907787       5.683909544425140E-002  1.706843947883985E-002
   177585.196748609       5.630152207767276E-002  1.759311771227161E-002
   267738.562483174       5.576285086908593E-002  1.811905575982409E-002
   50050.9329991734       5.522564490777992E-002  1.864471555698266E-002
   42803.3584105560       5.483752094930897E-002  1.814251150731234E-002
   93180.3295664181       5.444979858728634E-002  1.763948063551982E-002
   68908.2794521130       5.406248925350511E-002  1.713734343021096E-002
   132351.589508863       5.322072975108277E-002  1.802098037272550E-002
   145203.506708546       5.374212445037766E-002  1.838343973552828E-002
   34550.9089722107       5.426469549454532E-002  1.874531650688973E-002
   9593.61116349228       5.478595048809930E-002  1.910687059831967E-002
   118608.441947776       5.428257482277939E-002  1.948701064587580E-002
   285665.648743348       5.377740272143488E-002  1.986635583481721E-002
   279109.433204435       5.327338092523647E-002  2.024726427008524E-002
   145019.622434435       5.840207299155242E-002  2.150929971164921E-002
   60167.3026504096       5.886536210458183E-002  2.102560295382661E-002
   27118.1901759278       5.932949923039676E-002  2.054139258240778E-002
   55019.5680856708       5.979314723356468E-002  2.005840029925095E-002
   4671.19560952010       6.025778286167023E-002  1.957403354573993E-002
   46990.4999470444       6.086000009386252E-002  2.003218389302088E-002
   1829.16792891588       6.146276650487966E-002  2.048700221383527E-002
   338586.943338965       6.206802769437485E-002  2.093991427418216E-002
   2912452.76028657       6.267072848499204E-002  2.139008738539458E-002
   743064.959386280       6.280852174162078E-002  2.124538143289785E-002
   271958.540347199       6.231776351269415E-002  2.067175916491943E-002
   443904.789118113       6.182698982946376E-002  2.009928420814909E-002
   400881.712461501       6.133958029035724E-002  1.952572909726957E-002
   340493.600999035       6.085274370638613E-002  1.894949746800598E-002
   243827.936403687       6.131445520918397E-002  1.843478206917601E-002
   91814.1849760884       6.177658955458081E-002  1.792045340550705E-002
   454434.927404719       6.224059830420162E-002  1.740562085279074E-002
   293280.251054416       6.270325379722544E-002  1.688895727340040E-002
   167458.216538894       6.172091729649332E-002  1.690562895704776E-002
   162615.976950942       6.122372120912074E-002  1.738756218995073E-002
   453748.218895571       6.072604907366193E-002  1.786929845726491E-002
   94650.3887499293       6.022924691622512E-002  1.835400102564689E-002
   183498.920227271       5.966787735820363E-002  1.789509164512669E-002
   43197.7544187012       5.910486982878089E-002  1.743843344458357E-002
   210030.823768374       5.854243059181093E-002  1.698216058442211E-002
   90640.8297602576       5.817378055420581E-002  1.737337636765270E-002
   227297.189687276       5.866202176864574E-002  1.790750094702999E-002
   381319.522024552       5.914822259975606E-002  1.844316176714277E-002
   153459.452638767       5.963380681208445E-002  1.897901622775923E-002
   123498.835303405       5.917188953725835E-002  1.946587444855365E-002
   125660.516266738       5.871116225076767E-002  1.995213643481306E-002
   169486.388977900       5.824958850707803E-002  2.043987178577363E-002
   1582545.39943955       6.295217977862683E-002  2.138432437177107E-002
   129262.841958545       6.353523730080080E-002  2.096533490634095E-002
   168281.409531036       6.411893567964991E-002  2.054264174943350E-002
   92563.2880747224       6.470001807651105E-002  2.011744170644940E-002
   104676.294187772       6.528060070701568E-002  1.969021253419995E-002
   75833.9560688266       6.578130865068460E-002  2.009118523695960E-002
   32165.1395664129       6.628301695891452E-002  2.049213744244075E-002
   39968.0974350690       6.678360132771785E-002  2.089330195924974E-002
   9757.50368742839       6.728512609272913E-002  2.129457547588620E-002
   3141.36389967517       6.780645346017672E-002  2.074823449519989E-002
   35531.3965324975       6.738193488480709E-002  2.026597939324627E-002
   33000.4942213018       6.695727949890232E-002  1.978482960051889E-002
   64003.0661976207       6.653249408301085E-002  1.930275650259136E-002
   183828.654267635       6.610746663218671E-002  1.882190055050731E-002
   53946.8973533855       6.650640699276385E-002  1.827032440130718E-002
   130326.234263503       6.690618858730309E-002  1.772031362651696E-002
   102068.297578770       6.730623892236330E-002  1.716942272319801E-002
   115328.888148996       6.770625154148868E-002  1.661891419914432E-002
   153181.310845667       6.683355182553578E-002  1.671804374962308E-002
   52617.8156702361       6.630144491998545E-002  1.714314190493173E-002
   64294.7382349710       6.577039581374608E-002  1.756877017933874E-002
   247942.647395052       6.523823128092592E-002  1.799445401885171E-002
   320066.971561710       6.472056681482817E-002  1.759408585726073E-002
   290846.339729697       6.420202581814674E-002  1.719558270108613E-002
   20425.1049249177       6.368366522632919E-002  1.679805603118747E-002
   310351.107902216       6.313170667046275E-002  1.738356832186356E-002
   38990.8673596244       6.355977006221074E-002  1.787671761913249E-002
   143331.101955773       6.398664591252941E-002  1.836988628589094E-002
   489006.818154164       6.441271345266529E-002  1.886323901958164E-002
   362529.392365630       6.401419952315837E-002  1.946101833135189E-002
   492536.424570825       6.361470964911646E-002  2.005670993284419E-002
   359011.364041215       6.321297655987838E-002  2.065140183803742E-002
   26264.6585176341       6.835283989510169E-002  2.126960079314552E-002
   51284.0924575375       6.883609238885542E-002  2.088909614820061E-002
   46381.1035366618       6.931830192490210E-002  2.050848608627612E-002
   69966.4233511693       6.980140418911271E-002  2.012769337308879E-002
   25459.1316524577       7.028351276614178E-002  1.974789278344411E-002
   72417.3901287446       7.073661523560341E-002  2.010488419803569E-002
   46729.9426483760       7.118976131105326E-002  2.046279432424284E-002
   45527.0297368649       7.164294453133491E-002  2.082057864923931E-002
   10828.3815837304       7.209603824184889E-002  2.117833814494917E-002
   50134.7400973059       7.280177279155386E-002  2.043641028726376E-002
   2264.52033212115       7.242167714612242E-002  2.000185477167682E-002
   8960.94134521447       7.204170784890991E-002  1.956727713919186E-002
   33888.4316840845       7.166182154784990E-002  1.913270063123580E-002
   3361.26556790415       7.128308443969637E-002  1.869801673582390E-002
   7788.46456221648       7.164213302515093E-002  1.832521605311344E-002
   17569.3934211008       7.200215258877972E-002  1.795330950026763E-002
   26134.4338333798       7.236216151088430E-002  1.758037690768833E-002
   12291.0350919650       7.272216024146652E-002  1.720739958554599E-002
   25962.6967697594       7.129692731477603E-002  1.656621108397233E-002
   16839.9099311204       7.094211398792764E-002  1.694394685422474E-002
   3802.94629891773       7.058824897731349E-002  1.732164402064222E-002
   17273.3275844774       7.023339349378026E-002  1.769844267658657E-002
   6575.59544795292       6.968260705636563E-002  1.734368772735944E-002
   37833.1248033927       6.913270651558587E-002  1.698800614561271E-002
   32113.0300377179       6.858180895393992E-002  1.663231335697716E-002
   20598.5436529876       6.808836489350772E-002  1.715065418854999E-002
   23723.8272480222       6.847054213573935E-002  1.768338610053371E-002
   7075.91552350868       6.885261058281865E-002  1.821522489175246E-002
   13938.6324506004       6.923377859472533E-002  1.874803754133846E-002
   51197.2236536408       6.887793413301212E-002  1.924772872403962E-002
   32478.6238925476       6.852091135310605E-002  1.974829843249941E-002
   30326.7721069173       6.816375496333239E-002  2.024780688080225E-002
   25308.4249726401       7.354357481528113E-002  2.114219528682159E-002
   12794.6064511487       7.397378839434020E-002  2.058246004082997E-002
   7214.08486405637       7.440422052711414E-002  2.002284959481371E-002
   46342.1086132591       7.483482900698701E-002  1.946327600069741E-002
   35901.0161335080       7.526552144938713E-002  1.890352161121209E-002
   53220.9640773862       7.575348663335632E-002  1.944040373522295E-002
   6213.08719528178       7.624145346768123E-002  1.997705423214692E-002
   9873.51302034871       7.672828697202856E-002  2.051373361063119E-002
   35628.2127706355       7.721590052224787E-002  2.105052351580445E-002
   44999.9584759061       7.780556494544429E-002  2.043051695323267E-002
   37425.5800148758       7.724464320360459E-002  1.997045670746245E-002
   33041.0966487107       7.668365907068435E-002  1.951155846718203E-002
   13646.6411091969       7.612262217844169E-002  1.905181555866934E-002
   13340.9240524810       7.556186807795409E-002  1.859200816194913E-002
   50038.8700460310       7.610181565558498E-002  1.821559954587271E-002
   51051.3905610393       7.664181861852408E-002  1.784008585038966E-002
   59034.0026233745       7.718171761424722E-002  1.746345394546352E-002
   30615.0116447734       7.772160856984328E-002  1.708778554007277E-002
   21192.3316714196       7.629746894694048E-002  1.662228869115732E-002
   7035.03903014315       7.594825152850385E-002  1.718008607329779E-002
   14580.1500832566       7.559992231605481E-002  1.773782234411919E-002
   17628.4766949314       7.525043665505317E-002  1.829562976162422E-002
   21360.5570714283       7.487265453123193E-002  1.775592929972454E-002
   13116.0815599934       7.449599668365393E-002  1.721625789350021E-002
   15025.3415358896       7.411843635448506E-002  1.667657623490399E-002
   37948.7099976524       7.328011140562381E-002  1.755770426056693E-002
   41240.3789504874       7.383810748038168E-002  1.790793981247826E-002
   21794.4897702312       7.439612820142300E-002  1.825707081290531E-002
   6477.25742741628       7.495409346510130E-002  1.860712331503212E-002
   18191.3664871720       7.441609017750746E-002  1.906428637538159E-002
   54742.5753935379       7.387789688148112E-002  1.952149181939479E-002
   55482.6889085152       7.333978242117040E-002  1.997887659221853E-002
   17052.8205714347       7.842548662166009E-002  2.102028874471994E-002
   10669.9509216978       7.888772795188050E-002  2.054272099402539E-002
   19002.2264038195       7.934907303568262E-002  2.006419304849187E-002
   42831.6832946963       7.981144640228185E-002  1.958654960969245E-002
   24564.3105926659       8.027373605418747E-002  1.910775693706486E-002
   29587.1720745944       8.068653549163854E-002  1.956444280124732E-002
   4636.47443213879       8.109928693698733E-002  2.002010147943678E-002
   4917.08548283438       8.151205775903592E-002  2.047672385897500E-002
   11569.5629126178       8.192574681448654E-002  2.093234239192372E-002
   21377.3106229167       8.279775896035223E-002  2.001488566426683E-002
   10559.5882098884       8.232164120656862E-002  1.962486420071397E-002
   9125.48318000051       8.184456878387908E-002  1.923587487613640E-002
   10273.0224549970       8.136850595981769E-002  1.884689066980049E-002
   2803.89786802069       8.089153397635614E-002  1.845789488832201E-002
   14348.4220558812       8.134936246581043E-002  1.808825129513113E-002
   18229.0998008735       8.180622814759207E-002  1.771862324343102E-002
   23134.1008266337       8.226411472676010E-002  1.734993766527649E-002
   12852.3636897295       8.272096402862414E-002  1.698024636099980E-002
   4041.35335530755       8.127916223404555E-002  1.641351574463765E-002
   3037.83086516191       8.093405301648128E-002  1.688934934618271E-002
   11294.0822393877       8.058788996079339E-002  1.736421467027336E-002
   15574.8346897338       8.024172137813133E-002  1.784009998722888E-002
   16268.9786134897       7.986692172658082E-002  1.738244370590918E-002
   2992.56421142251       7.949317663764104E-002  1.692582517280442E-002
   1349.62430086389       7.911844812817291E-002  1.646824626605266E-002
   24853.9115365509       7.819672169688181E-002  1.743787247883972E-002
   25951.1785078170       7.867282890161886E-002  1.778893843896776E-002
   10215.3270682101       7.914791483474327E-002  1.813896160037331E-002
   17801.3985140641       7.962397737056526E-002  1.848992193177525E-002
   18459.0582938093       7.916904436759056E-002  1.897534690900117E-002
   4551.61907444594       7.871495408737059E-002  1.946069058875104E-002
   17364.0641451126       7.825976383448781E-002  1.994508589113831E-002
   9114.79470051849       8.371515780991402E-002  2.088694908910109E-002
   1884.78439350332       8.410410087330765E-002  2.036696801083182E-002
   593.306012859640       8.449208352602411E-002  1.984604372691783E-002
   13884.2234228850       8.488012667302003E-002  1.932611384276983E-002
   10900.5400690665       8.526816259463389E-002  1.880513256251323E-002
   12828.8815669845       8.563006882877326E-002  1.930709918853968E-002
   766.633018337082       8.599192844836802E-002  1.980806291165119E-002
   508.806824787209       8.635380999555549E-002  2.031001681379547E-002
   3020.14219296247       8.671564872693593E-002  2.081098024837561E-002
   6145.63321600151       8.779125382502015E-002  1.967928570258820E-002
   4784.28388966306       8.727253426555974E-002  1.934335745968784E-002
   5955.08470081539       8.675281829685819E-002  1.900745576649775E-002
   3297.17812138795       8.623409804159148E-002  1.867154417673270E-002
   6930.36629352762       8.571441612017214E-002  1.833564360741026E-002
   9387.29420814764       8.621755290898869E-002  1.801877216531905E-002
   7158.33625089884       8.671969027151888E-002  1.770192431379419E-002
   6285.98329515625       8.722282228537505E-002  1.738504634576015E-002
   3381.12967127498       8.772494999837903E-002  1.706818941830274E-002
   163.331278950196       8.611781220828171E-002  1.633475742812541E-002
   444.251742076545       8.582687477248252E-002  1.685330714434919E-002
   1113.62442563733       8.553590544099757E-002  1.737085684667950E-002
   3691.41442326456       8.524494843718819E-002  1.788940572217999E-002
   3661.54160727226       8.487405749112371E-002  1.738766272596464E-002
   3989.18646960811       8.450320760114767E-002  1.688694290233351E-002
   2658.13408434770       8.413334443453990E-002  1.638520098292686E-002
   4122.40936242792       8.323992622405098E-002  1.732516988040901E-002
   8551.23907755731       8.375984145987039E-002  1.766908973155345E-002
   2559.32534527413       8.427879076820249E-002  1.801400314915989E-002
   5349.32470487223       8.479871908348564E-002  1.835887416095073E-002
   4757.45497941577       8.429800605685324E-002  1.877260193851203E-002
   15638.6806423686       8.379824213945813E-002  1.918631832592363E-002
   16398.4470141004       8.329748490977985E-002  1.960010284657544E-002
   1033.62716762771       8.892293506586464E-002  2.075490934866983E-002
   1920.55924556508       8.926247541538843E-002  2.037817021719566E-002
   1761.34748713821       8.960200330532392E-002  2.000043726110600E-002
   3944.28227938268       8.994155745805392E-002  1.962369932608603E-002
   2204.61716297500       9.028111307546320E-002  1.924695661385067E-002
   3532.58091671178       9.062536259955328E-002  1.960632387364273E-002
   847.154425003409       9.096960508651748E-002  1.996569692023850E-002
   1188.95768130365       9.131387507371812E-002  2.032606528063979E-002
   137.220075079511       9.165811638826407E-002  2.068543530408305E-002
   1252.94518556640       9.278827186927972E-002  1.949633572202749E-002
   374.177141432646       9.241187610668578E-002  1.917079605561550E-002
   467.408991188874       9.203448382691330E-002  1.884528011345165E-002
   1515.64692811528       9.165809035734751E-002  1.851974159651145E-002
   1464.18315825838       9.128170733960818E-002  1.819419494116121E-002
   466.089969610126       9.163752651771884E-002  1.770999927310553E-002
   888.568432379798       9.199334373035616E-002  1.722580198466211E-002
   490.623811835751       9.235016099524455E-002  1.674157953820441E-002
   767.744571318490       9.270597801852140E-002  1.625738197780472E-002
   1569.49774258190       9.162543096516611E-002  1.605276776812341E-002
   1001.92955012386       9.115995580516759E-002  1.643371732088494E-002
   1070.23232077649       9.069445506273055E-002  1.681366588799072E-002
   185.463786264022       9.022895566692807E-002  1.719361527967667E-002
   420.258179050475       8.991570684217973E-002  1.683345398968342E-002
   366.772970985046       8.960245698566506E-002  1.647329661447772E-002
   1612.70363759243       8.928918013233962E-002  1.611214278526998E-002
   664.418574995222       8.810056349250643E-002  1.736273266254858E-002
   497.987516332021       8.847716486522973E-002  1.765726302627101E-002
   267.080968002575       8.885276781470122E-002  1.795181448700689E-002
   964.666133131359       8.922837088269829E-002  1.824636328182078E-002
   696.130997593670       8.886934789988506E-002  1.860458507585981E-002
   2651.35520024116       8.851031959395582E-002  1.896280772315079E-002
   2988.41181476238       8.815029076967029E-002  1.932106090325168E-002
   115.269404155080       9.397736834258595E-002  2.062649264119062E-002
   406.908850621995       9.430512078976408E-002  2.033707312638117E-002
   351.822653448435       9.463287523668405E-002  2.004765475381649E-002
   612.853142732099       9.496062976399697E-002  1.975823583308214E-002
   153.823454610474       9.528841003622691E-002  1.946981635987306E-002
   401.682954485064       9.573738225119482E-002  1.973849507209770E-002
   114.406770469710       9.618637771655106E-002  2.000817637078454E-002
   32.3145979457388       9.663437403797903E-002  2.027788234244036E-002
   9.39983767733741       9.708336990856319E-002  2.054756309004377E-002
   5.31156712791960       9.779751217058423E-002  1.979617846428036E-002
   21.8760235986408       9.750537422834271E-002  1.936145968146503E-002
   77.5055371354500       9.721326186344505E-002  1.892774043882794E-002
   271.933313371903       9.692112339141364E-002  1.849302208870796E-002
   631.736594360478       9.662998739270030E-002  1.805827603585748E-002
   51.6619411987237       9.689943152551980E-002  1.763929429748439E-002
   124.769332289967       9.716984732002343E-002  1.721928622656565E-002
   156.946081477454       9.744028740558461E-002  1.680027798480972E-002
   54.3984120033043       9.771070338911947E-002  1.638027321544019E-002
   298.571782387498       9.643365521078104E-002  1.584354615904847E-002
   415.145234765823       9.602892806121542E-002  1.613492453453633E-002
   575.631014175457       9.562320187967066E-002  1.642632741802739E-002
   875.974999012657       9.521845117445353E-002  1.671670566590946E-002
   1166.30681297440       9.473649396853363E-002  1.644886245348916E-002
   1374.14859078454       9.425451144004078E-002  1.618001944342059E-002
   84.9350149643433       9.377252826160835E-002  1.591117667001881E-002
   1267.08779228441       9.299895268191471E-002  1.672508749764004E-002
   30.2906247412206       9.329192513793216E-002  1.719279742924407E-002
   40.1015756996791       9.358489945313250E-002  1.766050655884449E-002
   97.7416582066148       9.387687536614901E-002  1.812824062464839E-002
   421.597088623187       9.360547485808307E-002  1.847024492381448E-002
   702.330399294673       9.333307422649907E-002  1.881227481495863E-002
   785.746671269201       9.306067372025004E-002  1.915430552947263E-002
   2039655.97888105      -3.283000000000000E-003  2.500000000000000E-003
   1180031.98590591       2.455552280853284E-003 -3.318281956944851E-003
   2946528.55707508      -3.629000000000000E-003 -2.500000000000000E-003
   619806.148198927      -2.511579436921322E-003 -3.638643891305891E-003
   1043769.96469612       7.421149492914936E-003 -3.548885957510322E-003
   1186976.21031100       1.238047670397459E-002 -3.277223566953241E-003
   1052095.32530113       1.733552035534033E-002 -3.428672664458759E-003
   919668.927933977       2.229706590737604E-002 -3.507008317576043E-003
   836614.667751656       2.727009478986836E-002 -3.272905897873846E-003
   271144.354258797       3.223088537867144E-002 -4.314148310476062E-003
   344116.923278140       3.722619511837638E-002 -3.984977886969241E-003
   456865.872034960       4.222011036620201E-002 -3.579093960109068E-003
   276689.496133507       4.720441794676780E-002 -3.809524606843487E-003
   140097.554631855       5.218950759088828E-002 -4.190679546466382E-003
   159081.112440974       5.718485744291795E-002 -4.199035013201648E-003
   102752.121939336       6.216845657991840E-002 -4.704870510325835E-003
   57049.3293557169       6.716383269572705E-002 -4.798025301291166E-003
   21668.8486293959       7.216923735469333E-002 -4.568174817274000E-003
   16280.4511664936       7.717203131258941E-002 -4.509475971040335E-003
   18000.9407264965       8.215942061040554E-002 -5.086281545578240E-003
   10378.1948526014       8.716326276780333E-002 -5.035905646620976E-003
   141.837230048984       9.215575460305209E-002 -5.401928112658268E-003
   2104.00016183081       9.771400007107897E-002  5.248976451583372E-004
   3.54993764338218       9.835382638368528E-002 -4.493011010846027E-003
   2.40408540661555       9.715141939060709E-002 -5.635847565845962E-003
   30263.9572147854      -3.181000000000000E-003  7.500000000000000E-003
   2221.51803688334       9.844075509685585E-002  5.508133403318564E-003
   425079.119488622      -3.440000000000000E-003  1.250000000000000E-002
   1949.66439870188       9.827984325867901E-002  1.051386811795953E-002
   413838.242155107      -3.566000000000000E-003  1.750000000000000E-002
   788.873079639110       9.853883382918574E-002  1.550895505908862E-002
   1003251.58646464      -2.487443218194258E-003  2.306748861894332E-002
   3478086.69476640      -3.080000000000000E-003  2.250000000000000E-002
   230509.798586249       2.548856954843644E-003  2.310992391458019E-002
   329128.886083439       7.589458925652509E-003  2.353983238300074E-002
   91827.2608337211       1.262558911565976E-002  2.306041055173435E-002
   74613.7671549712       1.768445891341752E-002  2.367417072349866E-002
   166665.289296136       2.270462836641265E-002  2.295430278936620E-002
   214657.875568804       2.773877992784722E-002  2.340175694445808E-002
   166399.626509649       3.275583675932493E-002  2.295858988544400E-002
   50132.1691543891       3.778620894099861E-002  2.299271488439402E-002
   15895.3973149811       4.280052927626061E-002  2.277736500471675E-002
   70463.6815010077       4.780680416882800E-002  2.255007542799373E-002
   90388.5901553193       5.281932195654016E-002  2.267799925327070E-002
   14264.7143033362       5.782148214877986E-002  2.212188915216552E-002
   607695.419952798       6.281437308409517E-002  2.152567782366136E-002
   12667.2462842336       6.783145351833118E-002  2.181594049761443E-002
   16048.9661013697       7.283789246388962E-002  2.188398427007648E-002
   5065.05589681331       7.783580670888668E-002  2.164016901383776E-002
   2243.90339729884       8.284315017840263E-002  2.180432612188115E-002
   446.593628467974       8.784732621717685E-002  2.188657802424503E-002
   486.704949125493       9.284721398369647E-002  2.181558734289438E-002
   2.56641285975167       9.854889677994730E-002  2.051032072380885E-002
   3.78963480091351       9.783475453100425E-002  2.126170533581225E-002
