   109633.046342142      -1.342871261850056E-003  2.498075254987716E-003
   11512.1553701606      -1.007758100312191E-003  2.085377103919896E-003
   99077.5652848488      -6.734874577250562E-004  1.672948170541807E-003
   260327.931350088      -3.382729006144531E-004  1.260686705428602E-003
   170181.780189589      -4.423282893829037E-006  8.472926702089671E-004
   285536.096165344       3.688052434043871E-004  1.260060496586371E-003
   122492.647151557       7.432645227826266E-004  1.672069865657715E-003
   108814.822845951       1.116905749122966E-003  2.084306406850393E-003
   32367.2915535447       1.491287904335654E-003  2.496225999857301E-003
   364114.705630046       2.493261829220889E-003  1.492615156855711E-003
   300527.980362916       2.082065557249984E-003  1.118929524126052E-003
   274949.785432643       1.670644175277023E-003  7.451825698531453E-004
   143722.777052341       1.259207855859817E-003  3.700582055679848E-004
   14965.6697453951       8.463418547343610E-004 -4.077221850473012E-006
   46254.5717717924       1.259133486782459E-003 -4.671189876644127E-004
   35698.0605340585       1.669682757466055E-003 -9.307241328539302E-004
   364078.521345238       2.079892703325609E-003 -1.393974035073869E-003
   231227.667230431       2.489683892203224E-003 -1.856814694560324E-003
   65952.1595052560       1.836928789069955E-003 -2.507532855482960E-003
   5788.71229814830       1.375622691023216E-003 -2.094050698983104E-003
   265872.458252417       9.153455201548638E-004 -1.680408877978258E-003
   285639.412425338       4.550536905375153E-004 -1.267460757933892E-003
   364509.709981181      -5.064308026497014E-006 -8.538061947071930E-004
   495644.326262494      -4.877595882661099E-004 -1.266575183242321E-003
   314956.697553471      -9.714885609060576E-004 -1.678653008689680E-003
   179019.268751017      -1.454296314928382E-003 -2.091241582904204E-003
   670746.338010826      -1.937861574318629E-003 -2.503856972934174E-003
   73089.2735481384      -2.500815148142231E-003 -1.940338999378777E-003
   387442.058945372      -2.090320941249189E-003 -1.456910729085696E-003
   190375.698731696      -1.679730124201370E-003 -9.725660043889032E-004
   8718.25251918057      -1.268701561593585E-003 -4.869526270093828E-004
   129551.493131648      -8.556303183737482E-004 -2.753512332409769E-006
   9075.08056486113      -1.268588711190289E-003  3.325762251647772E-004
   104937.844548323      -1.679945664886413E-003  6.692559685789819E-004
   165923.406480196      -2.091242896055647E-003  1.004847624642348E-003
   73844.6761671721      -2.502731902582113E-003  1.341057722447797E-003
   5393.91027578335       3.497215061445228E-003  2.493653343825721E-003
   178241.419149885       3.870978628490042E-003  2.188898101840169E-003
   157766.592300862       4.244002006203427E-003  1.882813441284233E-003
   274927.415215584       4.618049553583130E-003  1.578067853475986E-003
   187774.061527508       4.990988959511927E-003  1.272478465462886E-003
   248857.770838766       5.314813511534090E-003  1.577134093229324E-003
   147852.679988694       5.637789235215690E-003  1.880854081918804E-003
   111667.744347227       5.961798223486454E-003  2.185775491401849E-003
   16744.0114147557       6.285143289209363E-003  2.489616208622614E-003
   230907.686678371       7.489558974326947E-003  1.282270389020710E-003
   179798.067102227       7.185764140171442E-003  9.594876225087144E-004
   126675.037977513       6.880734599863920E-003  6.357002594913863E-004
   31282.9764642792       6.576640323895936E-003  3.127387985524659E-004
   37677.6337087683       6.271239060903143E-003 -1.115433444132843E-005
   19317.5943820686       6.575835534894322E-003 -4.189478179361516E-004
   24633.2802552380       6.878868080559587E-003 -8.260312326036240E-004
   186105.598105181       7.182787879038053E-003 -1.233942153699864E-003
   138013.353850827       7.485127048742403E-003 -1.642033779792164E-003
   161513.669078150       6.610523553843897E-003 -2.512659340648817E-003
   91909.3738840394       6.204168055896064E-003 -2.207639043630796E-003
   242787.683015204       5.798347659333925E-003 -1.901475322146900E-003
   241418.565860933       5.393388877140970E-003 -1.596738272323285E-003
   238435.310097067       4.987596541895628E-003 -1.291004990669651E-003
   348830.799983457       4.526046511010051E-003 -1.595487824526446E-003
   250068.268583461       4.064503412086605E-003 -1.899190276209823E-003
   288330.225873320       3.603116836158373E-003 -2.204443704621502E-003
   138377.874534771       3.141018794923627E-003 -2.508670208463414E-003
   82065.0148286233       2.792685881852199E-003 -1.394501227102075E-003
   19420.2168132963       3.097466598628128E-003 -9.322257040167583E-004
   99921.8003118346       3.401530808179749E-003 -4.698093883209233E-004
   31173.1725974576       3.707153848410038E-003 -7.647546418825785E-006
   292.212521242498       3.402737499861387E-003  3.672095511624341E-004
   120032.698067205       3.099676681252584E-003  7.431278887052257E-004
   156424.055284835       2.795678455171354E-003  1.117776506092340E-003
   58992.8906420616       8.697197115396979E-003  2.486171705476325E-003
   31627.8621270858       9.019660709438191E-003  2.021293360702140E-003
   27812.9283567162       9.342508852939767E-003  1.556101421074721E-003
   192593.899294502       9.664096767550978E-003  1.090029867598424E-003
   162599.663043088       9.986166963855899E-003  6.250691964493522E-004
   269515.008746316       1.039073745907283E-002  1.088355566521199E-003
   75496.8554210695       1.079551316792243E-002  1.553165107915491E-003
   27646.1377101226       1.120065566713236E-002  2.017173838796280E-003
   71518.1486601174       1.160663438839240E-002  2.480851056306675E-003
   327181.486191118       1.248468016226489E-002  1.599209409489655E-003
   292307.401163518       1.202098931528831E-002  1.195174066966772E-003
   246419.677399326       1.155728874288786E-002  7.907838747415466E-004
   92394.2123963979       1.109254072543321E-002  3.859150353928965E-004
   54040.5077027764       1.062816939841352E-002 -1.899871907025249E-005
   29754.9357978370       1.109102119142931E-002 -5.110948960655362E-004
   27830.4317990467       1.155366098472750E-002 -1.003692298713666E-003
   316581.255804756       1.201485401023334E-002 -1.495968777604714E-003
   188056.449663040       1.247594358337696E-002 -1.987536310080258E-003
   2768.63524524998       1.193459659604119E-002 -2.525754797090893E-003
   70584.7605996327       1.144601500778850E-002 -2.059330505085014E-003
   171779.155665886       1.095861259938168E-002 -1.592634180773361E-003
   249785.722450561       1.047132334222473E-002 -1.125568589492182E-003
   245055.228776602       9.983818735388355E-003 -6.603219104506819E-004
   277148.337387279       9.577214574576489E-003 -1.123677312520307E-003
   65817.8832978737       9.171406657745082E-003 -1.588475715371055E-003
   31500.6096971589       8.764334575487679E-003 -2.052528277581528E-003
   32851.3499274381       8.356520457549352E-003 -2.516301792125115E-003
   229744.349152032       7.948829988158396E-003 -1.235758395720433E-003
   190761.942561856       8.412594382876584E-003 -8.292000626572419E-004
   23322.6638606975       8.877427738073519E-003 -4.232224728299539E-004
   74938.7836019440       9.341986034395299E-003 -1.633555069155350E-005
   92097.0225912519       8.878773901545104E-003  3.091318855660293E-004
   243231.455765008       8.415084697845666E-003  6.335299027655985E-004
   238736.041475553       7.952286802662164E-003  9.584514966167109E-004
   76094.7200306573       1.336681627222804E-002  2.476379486878298E-003
   22905.3904953168       1.377082200159547E-002  2.046691386226302E-003
   44834.6982744158       1.417395790043397E-002  1.615656039798805E-003
   204145.344124417       1.457685967727039E-002  1.185866602516709E-003
   162816.089853889       1.497962738707932E-002  7.554914220631224E-004
   252484.760263457       1.545094520321468E-002  1.183164688225425E-003
   127527.314396607       1.592218568106293E-002  1.610286896945171E-003
   39477.9841188527       1.639351352134800E-002  2.038798688604384E-003
   78728.4763083386       1.686541638479677E-002  2.466309028851384E-003
   181402.090530703       1.747989746355195E-002  1.848808493608202E-003
   169193.023679508       1.705166125960895E-002  1.378834862675772E-003
   60650.6108015280       1.662232752831252E-002  9.083720011821620E-004
   63210.8857242080       1.619366950719062E-002  4.377441223926627E-004
   61362.5181293077       1.576333166194581E-002 -3.263652399578383E-005
   44162.0001211477       1.619101463485788E-002 -4.445064879629095E-004
   74770.7453635594       1.661712711644558E-002 -8.565022639074480E-004
   249772.548620598       1.704416077964816E-002 -1.268184961664410E-003
   148892.547885228       1.746998204655869E-002 -1.679754849800583E-003
   38630.5141298610       1.660742845202378E-002 -2.536652436694744E-003
   49970.2865832440       1.619870301726653E-002 -2.106958285830107E-003
   100787.846647991       1.579064838820416E-002 -1.676015779712113E-003
   156752.365661870       1.538269731578909E-002 -1.246354380147221E-003
   198444.515018759       1.497490886120025E-002 -8.159401304917829E-004
   310456.248855532       1.448489384169450E-002 -1.243603043262287E-003
   164999.361608037       1.399515587957851E-002 -1.671016952981857E-003
   120276.177130397       1.350546590284600E-002 -2.100101446997761E-003
   22568.4740276631       1.301483726562413E-002 -2.528145339547911E-003
   127754.817678519       1.290342610415108E-002 -1.497925060489352E-003
   27300.4767361242       1.333229684287683E-002 -1.007870331526193E-003
   121158.135137417       1.376070701966736E-002 -5.176898125974937E-004
   80143.2884391406       1.419101964251402E-002 -2.790147944881105E-005
   16723.2045192500       1.376347418869974E-002  3.791736726288093E-004
   159728.479154472       1.333742187705548E-002  7.861993064044301E-004
   205891.593155213       1.291045413054594E-002  1.192807826640911E-003
   56276.1088136867       1.809763770930540E-002  2.462724901282421E-003
   20806.0174728769       1.856733781764120E-002  2.027661469605290E-003
   60448.2621203380       1.903638829866074E-002  1.592468581364415E-003
   155406.718564190       1.950534183459333E-002  1.157581496046468E-003
   110789.994599887       1.997439386112768E-002  7.231419298075514E-004
   131677.268354755       2.041411277288637E-002  1.154898552987100E-003
   60065.7088235964       2.085285205520102E-002  1.586891223121847E-003
   9986.26496889926       2.129272253059832E-002  2.019015173883390E-003
   42607.8628898934       2.173192592779906E-002  2.451081987310190E-003
   124827.597764353       2.247574638580866E-002  1.702894679377917E-003
   130745.060307233       2.204200011317018E-002  1.266203361091625E-003
   75996.4747647841       2.160825975604744E-002  8.282357665046932E-004
   7311.63676406038       2.117441456077633E-002  3.911084618944853E-004
   63566.2962108564       2.074026669140272E-002 -4.698388707093242E-005
   1967.43393377101       2.117195717605634E-002 -5.027714367807052E-004
   12090.0684771322       2.160302814924235E-002 -9.578147689870933E-004
   170419.457859197       2.203391535104340E-002 -1.413676680017595E-003
   106001.664735682       2.246461530941901E-002 -1.868364542814664E-003
   29929.3322399048       2.177632279247778E-002 -2.551730474419025E-003
   19706.7130280037       2.132484988575798E-002 -2.116753285877930E-003
   111700.449107244       2.087290174552252E-002 -1.681666377939355E-003
   140204.373144286       2.042196882364444E-002 -1.246924491599128E-003
   173117.861510831       1.997006747193586E-002 -8.124434796772813E-004
   201465.155319767       1.955973404401038E-002 -1.244399618524937E-003
   63649.6240632855       1.914932878199509E-002 -1.676724811944641E-003
   49576.4612992785       1.873878034283530E-002 -2.109303138134291E-003
   16497.6867392835       1.832756491578198E-002 -2.541633567614990E-003
   150097.953203046       1.790317421512900E-002 -1.270673580732895E-003
   115632.160148752       1.833656249618510E-002 -8.614672140850024E-004
   5760.75145011906       1.877006135002906E-002 -4.519605588778134E-004
   60405.3862038195       1.920404388527598E-002 -4.249963854809712E-005
   55411.8753202908       1.877250179680651E-002  4.304124675381435E-004
   39578.6951497949       1.834143741061807E-002  9.034489063817642E-004
   104302.918516453       1.791060635119555E-002  1.376297446415768E-003
   22269.5556483788       2.322405028576192E-002  2.446288723435806E-003
   6175.08496437245       2.366070869572457E-002  2.007497121837663E-003
   12356.6310545624       2.409793797625862E-002  1.568548273468352E-003
   69948.5337764070       2.453404072485890E-002  1.129717717774506E-003
   73545.2081225540       2.497115127303976E-002  6.911444702770633E-004
   95186.5042041787       2.550334023307573E-002  1.126265531973220E-003
   73711.0379781408       2.603641129340307E-002  1.561589697227644E-003
   36898.1455214957       2.656844891172693E-002  1.997103044442970E-003
   13594.6016553895       2.710175014728118E-002  2.432625626575291E-003
   69191.4041674765       2.747448623371688E-002  2.057326140920334E-003
   73507.7598549997       2.703621385070372E-002  1.526817751228650E-003
   16890.4481298720       2.659788563550487E-002  9.970210485989030E-004
   16220.5401852783       2.615935297541576E-002  4.662268559735996E-004
   47848.7307863735       2.572057268705574E-002 -6.344611739113645E-005
   33008.1229569974       2.615619029629810E-002 -4.702231693821732E-004
   24114.5087499539       2.659144616991127E-002 -8.771342401648345E-004
   109108.048462092       2.702667756612476E-002 -1.283887407090991E-003
   63781.9811659150       2.746180146623227E-002 -1.690605765355514E-003
   19060.6474851139       2.657863859838411E-002 -2.567177530660808E-003
   22158.6306711586       2.617521397796245E-002 -2.128519943602834E-003
   51045.8433385488       2.577209034756366E-002 -1.689749853993253E-003
   63158.3169384507       2.536899358408145E-002 -1.251138460946184E-003
   127949.591782281       2.496602619148522E-002 -8.125885025103742E-004
   163820.473174240       2.451125814520188E-002 -1.248113881164184E-003
   69417.4308284456       2.405754594652057E-002 -1.684021411581670E-003
   46495.9769531447       2.360275486251412E-002 -2.120188477303778E-003
   12242.5861724455       2.314843123930686E-002 -2.556225951538310E-003
   100862.800060525       2.290226180200154E-002 -1.416536801978665E-003
   56304.8113444611       2.334004993038895E-002 -9.635019085444972E-004
   34128.1214551602       2.377801815090067E-002 -5.112903188023975E-004
   57321.8553446574       2.421643057018328E-002 -5.819112221317282E-005
   10097.4855879748       2.378105188160424E-002  3.827352055327758E-004
   47266.4353353290       2.334588297125761E-002  8.226350291737226E-004
   78332.6491048905       2.291079143506901E-002  1.263352188418803E-003
   10697.7502259006       2.784979112629199E-002  2.429890644239486E-003
   31507.1197025159       2.838008713965125E-002  1.974683136691760E-003
   34654.2647833724       2.890912778344690E-002  1.519483502899052E-003
   57108.7275463985       2.943922669905028E-002  1.064478264505466E-003
   36641.1815852454       2.996846190075038E-002  6.097118189761097E-004
   11025.9335918136       3.028289127653326E-002  1.061687303437053E-003
   6900.17080209169       3.059639170051626E-002  1.513691618573323E-003
   17273.7095062885       3.091096731822313E-002  1.965677761586008E-003
   14490.8422273597       3.122561041555918E-002  2.417636654321641E-003
   42910.1229989525       3.247007922557920E-002  1.164093490392533E-003
   60532.4706717204       3.201607384843886E-002  8.527718980943297E-004
   56593.1150220840       3.156210102327909E-002  5.413847965326451E-004
   46944.8525875302       3.110814955179492E-002  2.309296195990933E-004
   20881.4731435806       3.065418086665159E-002 -8.059346528597792E-005
   2036.41857247130       3.110568543125307E-002 -5.343552926948846E-004
   3346.72171093417       3.155689801919850E-002 -9.872536285508253E-004
   53723.4261683641       3.200802266920792E-002 -1.441096195928740E-003
   33904.7162137707       3.245907707939064E-002 -1.893883104217428E-003
   11232.8847081141       3.176247346829325E-002 -2.585158978843608E-003
   3953.62960039130       3.131320878268579E-002 -2.130320675124983E-003
   44803.0852824770       3.086311870608961E-002 -1.675454663687596E-003
   54100.4069472991       3.041401956944148E-002 -1.220743505968948E-003
   78156.5200541296       2.996391924068611E-002 -7.661558066431437E-004
   75830.9037811713       2.955779949772604E-002 -1.217887058881448E-003
   9801.46039874155       2.915160033568825E-002 -1.669748718231939E-003
   7064.10828444227       2.874530308414019E-002 -2.121683436953403E-003
   2044.80953607915       2.833869681325509E-002 -2.573476847477280E-003
   76038.1630970459       2.791579893222254E-002 -1.287092422507926E-003
   66881.6702141928       2.836984003226693E-002 -8.835037809265010E-004
   12219.3034905439       2.882388695425802E-002 -4.797473554566574E-004
   20491.8200996366       2.927813394578630E-002 -7.598466664800778E-005
   30270.3035312119       2.882694000710110E-002  4.567714501245119E-004
   5100.01705471217       2.837597120224561E-002  9.906525699469499E-004
   14335.9991944069       2.792517834062044E-002  1.523555843046514E-003
   9240.67957891801       3.372362741637582E-002  2.408334942433044E-003
   550.267657723159       3.403497072222874E-002  1.943143395630442E-003
   8076.94360092329       3.434618286009131E-002  1.477870432931318E-003
   12046.1365647257       3.465636416571164E-002  1.012613844218756E-003
   24085.3239622279       3.496750531664009E-002  5.483932387295684E-004
   32587.6763932389       3.547714008981356E-002  1.009433826211555E-003
   24800.0273993095       3.598774096988905E-002  1.471549280926852E-003
   12027.5543938046       3.649734855151051E-002  1.933713753534143E-003
   871.245439833959       3.700702940571134E-002  2.395871528311581E-003
   25427.9305048026       3.747228644545425E-002  1.927108426564781E-003
   28585.1396307300       3.700652694058998E-002  1.420876130033333E-003
   12820.5197800346       3.654076947130760E-002  9.145609789285661E-004
   2038.32063821811       3.607495632012261E-002  4.072352372214881E-004
   16161.4667663573       3.561006592116808E-002 -9.906271051338479E-005
   12014.1684276737       3.607161784003222E-002 -4.829214280918726E-004
   6486.61105925888       3.653404414710350E-002 -8.678279898440518E-004
   29236.7955533899       3.699647233994269E-002 -1.251684600401514E-003
   16737.2234596414       3.745886814531429E-002 -1.636537649731178E-003
   5060.33772919937       3.648508716590413E-002 -2.602666477503628E-003
   7283.18739472157       3.610389870891360E-002 -2.137126494901593E-003
   13100.0740282476       3.572379287031199E-002 -1.671555922829694E-003
   16402.8127065052       3.534269531572368E-002 -1.206026573887887E-003
   45002.5511291516       3.496264051366416E-002 -7.415231990685606E-004
   54153.0400992589       3.450916695944811E-002 -1.202843985535557E-003
   17810.8592027366       3.405670597450550E-002 -1.665316841520017E-003
   8730.31637821201       3.360319859767545E-002 -2.127863798719946E-003
   1171.72951432926       3.315050206374059E-002 -2.590354025212003E-003
   37898.7544522184       3.292448222274985E-002 -1.444541711041559E-003
   23871.3018124045       3.338991027790331E-002 -9.941124757575834E-004
   9245.35979585778       3.385538722040933E-002 -5.446080379688032E-004
   12846.5986751128       3.432003684321818E-002 -9.413767633000708E-005
   13546.9579840514       3.385826621420279E-002  2.207274559240036E-004
   28574.0199074059       3.339552948894562E-002  5.345515749669541E-004
   23235.9503240016       3.293278024741741E-002  8.493051659709872E-004
   1335.57858285547       3.794102789208856E-002  2.392283618972846E-003
   2220.50593230061       3.844698750593247E-002  1.850282722904528E-003
   6502.40900905155       3.895283289169241E-002  1.307219475393093E-003
   6215.90336473460       3.945965612695803E-002  7.651663758917586E-004
   7791.27899840176       3.996550913715758E-002  2.222096679401658E-004
   1968.35747427389       4.045054945518017E-002  7.613621339720389E-004
   3013.59533438885       4.093661780398439E-002  1.299486371998679E-003
   844.515901222282       4.142171903689133E-002  1.838591423949584E-003
   835.901007085724       4.190783011740184E-002  2.376680371486473E-003
   4271.89595816193       4.247160009191201E-002  1.808432780823616E-003
   12604.2965933773       4.192971832927183E-002  1.326593643465842E-003
   11465.9880662902       4.138686705280975E-002  8.457318693881732E-004
   14042.7566946636       4.084503590824613E-002  3.638460332958187E-004
   7015.80289518909       4.030224162654295E-002 -1.170648244124666E-004
   5204.19897898431       4.084161366370429E-002 -5.452034383461941E-004
   621.946899460220       4.137990454308534E-002 -9.723697509032850E-004
   8532.49587799165       4.191918910457144E-002 -1.400519764750538E-003
   4325.07378819269       4.245747410892169E-002 -1.828653958905325E-003
   135.908465599343       4.165733881210373E-002 -2.622492550229363E-003
   3047.82326438232       4.123347189638008E-002 -2.080798119124596E-003
   4272.69243774721       4.080963791809989E-002 -1.538090842685877E-003
   5195.97259058058       4.038680792127088E-002 -9.964052986193950E-004
   24200.9610868000       3.996298296839011E-002 -4.537606074353362E-004
   12516.4878957057       3.957913044397747E-002 -9.933687303134734E-004
   8976.20009094160       3.919420360343702E-002 -1.532028514276360E-003
   7127.50529265026       3.881019628715526E-002 -2.071668402275215E-003
   2165.19351214323       3.842509386238188E-002 -2.610241807869435E-003
   27974.4504781934       3.800023527860819E-002 -1.255615554362339E-003
   32067.0775206421       3.854257566613146E-002 -8.756598275207238E-004
   19339.2257869540       3.908388026892208E-002 -4.946139604159293E-004
   9735.53256141205       3.962623201064325E-002 -1.145097431312805E-004
   10298.6966465626       3.908717783083220E-002  3.956561265673039E-004
   1886.98132224677       3.854921842862486E-002  9.068496142904093E-004
   1393.70705210668       3.801026126891476E-002  1.417002309074598E-003
   3090.19324532123       4.303981304692424E-002  2.372162761749906E-003
   3303.73164646457       4.352194728912273E-002  1.893272554111322E-003
   5321.77315520839       4.400308270850272E-002  1.414380869490463E-003
   10004.5918347349       4.448523002036578E-002  9.354840577596002E-004
   2875.55264715052       4.496638046532390E-002  4.555906130877925E-004
   8363.50884768550       4.534831840384094E-002  9.320716890590194E-004
   743.491806459995       4.572924061651397E-002  1.407532014053050E-003
   4317.96072496638       4.611114388246271E-002  1.882982924672434E-003
   5537.82179979279       4.649201945247156E-002  2.358448044820270E-003
   8570.40818089362       4.747013738118233E-002  1.372572755590903E-003
   9617.42152624740       4.699160948547046E-002  9.954623518893617E-004
   6351.74631744366       4.651307292479991E-002  6.173739556434398E-004
   1474.42157113006       4.603454346671273E-002  2.403080240382172E-004
   969.591525676406       4.555504220294170E-002 -1.377477519756936E-004
   4965.36608710429       4.603110673127536E-002 -6.365858075740128E-004
   3848.93688361156       4.650618013727559E-002 -1.135425247055195E-003
   9343.23288452528       4.698126404096256E-002 -1.634275623408347E-003
   5562.79102076127       4.745634442026170E-002 -2.132153694259310E-003
   1045.99663452997       4.694131373302168E-002 -2.643125264818973E-003
   3139.23530043373       4.644720188687769E-002 -2.164200611642147E-003
   1828.77814192118       4.595205233473624E-002 -1.685285982202182E-003
   8869.72865805795       4.545688979101569E-002 -1.206366181547848E-003
   5225.97029682643       4.496174628325547E-002 -7.264098572681509E-004
   2498.75461800178       4.453389826269388E-002 -1.202733931767171E-003
   1070.47655631184       4.410705715748225E-002 -1.678083349963642E-003
   114.511155951795       4.367920583374681E-002 -2.153431268946876E-003
   305.610455316416       4.325133248014211E-002 -2.628769464783215E-003
   4919.68287901043       4.293611696685761E-002 -1.404526131299742E-003
   3600.53249881738       4.341475975923833E-002 -9.803894372759215E-004
   1880.67534235316       4.389340191358664E-002 -5.572423490319934E-004
   7101.49784066328       4.437305601211394E-002 -1.330923321039904E-004
   1965.48134072938       4.389695241210233E-002  3.517844497395779E-004
   5986.20490324382       4.342183123511380E-002  8.376503252479424E-004
   12711.2541296312       4.294670336700557E-002  1.322522913969288E-003
   998.930728174001       4.845599353848296E-002  2.350716096199813E-003
   1189.01126127411       4.883322542376152E-002  1.901248348288597E-003
   39.4423221596346       4.921148056756736E-002  1.451787504036190E-003
   3517.91966357860       4.958874744916542E-002  1.002328908721102E-003
   4633.22021349025       4.996702011314348E-002  5.528540880593432E-004
   5509.21930103525       5.043678548181837E-002  9.990249789885862E-004
   2199.30303900117       5.090655221777988E-002  1.445182899294808E-003
   951.160837437491       5.137631337050728E-002  1.891333051663465E-003
   1810.85156240170       5.184605906325340E-002  2.337484538148017E-003
   3938.40107950695       5.247160565499469E-002  1.707043934047220E-003
   5027.43167692014       5.202176216133204E-002  1.240792579614616E-003
   1799.43187856407       5.157191636847661E-002  7.745584277019212E-004
   1418.53994452684       5.112207770919774E-002  3.083302822693439E-004
   1699.61697906548       5.067225638153954E-002 -1.579025863037274E-004
   4132.09701070259       5.111902872926731E-002 -4.746293369336875E-004
   4051.16585917610       5.156581647389718E-002 -7.913540230761084E-004
   7691.85074716411       5.201260239056079E-002 -1.108089334657956E-003
   4449.21989370986       5.245939495431919E-002 -1.424821651888474E-003
   1201.94462610019       5.121457686253138E-002 -2.660003777751825E-003
   1675.74947665930       5.090132591010742E-002 -2.210787479126796E-003
   1943.63244218670       5.058805749317660E-002 -1.761580118889718E-003
   3672.00826616439       5.027478613303910E-002 -1.312366776692511E-003
   7261.21863148635       4.996150336973221E-002 -8.631501915230516E-004
   11645.5804788998       4.946270925996427E-002 -1.309201444504738E-003
   6013.42202452516       4.896390089871723E-002 -1.755221472003960E-003
   4250.00775909961       4.846508639846416E-002 -2.201213089960507E-003
   564.029474751349       4.796729840199139E-002 -2.647205220136274E-003
   2783.75201164215       4.790635720085016E-002 -1.637956995688358E-003
   553.572798463362       4.835635887903123E-002 -1.142772899494147E-003
   5958.10175557150       4.880633689009206E-002 -6.475879762657644E-004
   2838.20237360538       4.925627520314880E-002 -1.523820203730898E-004
   3532.35854232036       4.880974822996129E-002  2.293408126333809E-004
   6607.82321646532       4.836320986274468E-002  6.100726809775926E-004
   7793.00578851669       4.791667581190572E-002  9.918185347341808E-004
   827.650981688818       5.310204543443785E-002  2.332606517471933E-003
   395.038079259449       5.356832180430157E-002  1.888803269158521E-003
   604.362211967831       5.403460795744785E-002  1.444003427160077E-003
   2334.71949530660       5.450089923145723E-002  1.000196971513538E-003
   2361.61028927395       5.496718715636479E-002  5.563795851588635E-004
   1393.59818803708       5.539090927144735E-002  9.967363441235034E-004
   832.429125111667       5.581563029806842E-002  1.437085793955096E-003
   173.895373903647       5.623935079162798E-002  1.878439654003023E-003
   1159.53490577625       5.666406172093041E-002  2.318791663133482E-003
   2932.56123312026       5.747091634440103E-002  1.505661395482596E-003
   3424.71441106523       5.702727046526104E-002  1.084373764642223E-003
   2551.15400096013       5.658262599487814E-002  6.640959856976765E-004
   1948.16999865347       5.613897768939119E-002  2.428180386074059E-004
   2075.28012243651       5.569533417500905E-002 -1.774569736501060E-004
   546.693416333860       5.613560080040064E-002 -6.231584906888383E-004
   33.7224163724320       5.657588466632817E-002 -1.069850112962664E-003
   4252.78221023587       5.701717716511866E-002 -1.515550492878135E-003
   2610.66383623994       5.745747516573083E-002 -1.961250772999410E-003
   882.198531774969       5.673168429405847E-002 -2.681457151035649E-003
   203.350466353703       5.628939507134902E-002 -2.237753527067267E-003
   3366.96635422087       5.584709686605299E-002 -1.793052083486771E-003
   3722.75323030888       5.540379535401544E-002 -1.349336282388845E-003
   5972.36470389826       5.496149146402265E-002 -9.056183407040999E-004
   5046.52038951527       5.464474676241183E-002 -1.346383480507583E-003
   653.308867549356       5.432800969933126E-002 -1.787142605025317E-003
   850.572159967302       5.401127255077064E-002 -2.228897077499714E-003
   458.698281934392       5.369455623615047E-002 -2.669660389899323E-003
   5111.12521138341       5.290264045156700E-002 -1.111554814374921E-003
   5348.46135668016       5.334687957893713E-002 -7.982889880500466E-004
   2278.52076937865       5.379011957134240E-002 -4.850286240229847E-004
   1014.99268000064       5.423334894366431E-002 -1.717697791058449E-004
   1671.78675864633       5.379317353759056E-002  2.979317467692265E-004
   51.8793821217914       5.335298889261032E-002  7.676309356903015E-004
   834.944339116948       5.291179930329575E-002  1.237337383382519E-003
   18.0506793764069       5.828404898491936E-002  2.312532067226335E-003
   769.264443542278       5.870553276853469E-002  1.920900804694675E-003
   209.413439115656       5.912602107392902E-002  1.528278123058347E-003
   97.7190237312580       5.954751316429047E-002  1.136649372224249E-003
   875.656911875343       5.996800328569601E-002  7.450197950168162E-004
   259.644179689547       6.030450633421486E-002  1.133723847478311E-003
   86.4691164774021       6.064000982997249E-002  1.522431741701263E-003
   147.696211144516       6.097651690443678E-002  1.912136460093433E-003
   68.0014623671488       6.131202027326695E-002  2.300845234134252E-003
   538.017092436681       6.246952565431127E-002  1.134369416404381E-003
   485.418851832751       6.207823877518606E-002  8.018761714111698E-004
   599.201709265965       6.168594760934305E-002  4.683867288045435E-004
   919.349883606953       6.129465995307147E-002  1.358932062615628E-004
   1073.40600746558       6.090336683936923E-002 -1.975994308995119E-004
   568.668661757023       6.129169689363440E-002 -6.291032214722381E-004
   612.835805339623       6.168003578079641E-002 -1.060600983674424E-003
   644.768243027356       6.206937900329014E-002 -1.491103868775884E-003
   426.609430375451       6.245772117400136E-002 -1.922602339679349E-003
   559.161425130009       6.167371552710087E-002 -2.700587340276652E-003
   395.836658681336       6.124522177377810E-002 -2.308933317041421E-003
   1372.88833635680       6.081772969046322E-002 -1.916283005752824E-003
   673.212842002748       6.038923564024061E-002 -1.524624773947304E-003
   3124.03162205393       5.996073779902294E-002 -1.132969608850657E-003
   3521.07027708774       5.951521986748319E-002 -1.521248275994867E-003
   1978.38824112996       5.906870082810518E-002 -1.909516502333747E-003
   1680.49288986188       5.862317874284292E-002 -2.298783141540773E-003
   656.136204803753       5.817767135528736E-002 -2.687052164310417E-003
   2101.79931766995       5.784920851740807E-002 -1.518769140687044E-003
   1141.14302901764       5.824193665526475E-002 -1.076293847093272E-003
   508.753277596118       5.863366497851200E-002 -6.328178683215303E-004
   1635.37579847161       5.902538276762832E-002 -1.903406883639704E-004
   375.129107726355       5.863701585144577E-002  2.331575380550120E-004
   6.76694188285727       5.824865290001862E-002  6.576574221808546E-004
   455.245728143496       5.785928542609966E-002  1.081163167659978E-003
   195.445634337872       6.363600406485898E-002  2.291881700561402E-003
   375.309578709091       6.396847091915793E-002  1.894593788193306E-003
   332.443223621993       6.430194045881012E-002  1.497304551365783E-003
   507.602870183854       6.463440910659669E-002  1.100018843194973E-003
   125.443701898442       6.496788080757127E-002  7.037288723111712E-004
   625.108150112546       6.536339894699524E-002  1.097207171163676E-003
   109.169754222265       6.575992151926728E-002  1.491682435793037E-003
   237.894749190564       6.615544475509161E-002  1.886162403552827E-003
   351.973199896905       6.655096937897698E-002  2.280642441389299E-003
   380.331963808217       6.747040231203644E-002  1.354089413020734E-003
   536.285221264175       6.707288764439800E-002  9.616193690112158E-004
   180.811816559712       6.667537288605709E-002  5.691479236983812E-004
   289.636352205806       6.627785368431109E-002  1.756756087765408E-004
   190.773837523184       6.588133643739039E-002 -2.168002266822423E-004
   329.715889121580       6.627446433576481E-002 -7.023222937600497E-004
   240.044607076655       6.666858966689850E-002 -1.188846847982870E-003
   443.320110791945       6.706271822661435E-002 -1.674371261747029E-003
   297.476834672085       6.745684292205892E-002 -2.160894790900466E-003
   5.62780533782730       6.689268021893932E-002 -2.720723179626394E-003
   80.3645512618460       6.640921089263992E-002 -2.322854539996213E-003
   83.2431428754034       6.592674286931656E-002 -1.924989398791781E-003
   478.965764715741       6.544327546248613E-002 -1.527120252843836E-003
   525.992009431083       6.496080282779353E-002 -1.130257105998293E-003
   396.867946254791       6.452928023166142E-002 -1.523594998704085E-003
   240.470875449678       6.409775362737891E-002 -1.917931704523751E-003
   135.616467880334       6.366722769555749E-002 -2.312271944416508E-003
   136.450661073117       6.323570385665198E-002 -2.706609127377154E-003
   658.584157269174       6.285537979540325E-002 -1.494132849350777E-003
   469.580846541847       6.325303421761531E-002 -1.066664175206107E-003
   260.598272695324       6.365069219934717E-002 -6.381963698580902E-004
   406.695898060160       6.404734988207154E-002 -2.097252984964147E-004
   285.953421339887       6.365364546281554E-002  1.267958169667729E-004
   400.805271664406       6.325893811632433E-002  4.623212467890896E-004
   874.075441204493       6.286423513490716E-002  7.988470099161496E-004
   160.714520438332       6.839695672786678E-002  2.273521422047108E-003
   105.536779834312       6.878951440402330E-002  1.899002963513129E-003
   288.095785490075       6.918207127179138E-002  1.524484538394841E-003
   512.687636700240       6.957563166931002E-002  1.150962702773490E-003
   337.322926674397       6.996818804858135E-002  7.764452773452631E-004
   493.837937369179       7.036662251608737E-002  1.147911199052302E-003
   222.899446292881       7.076505343892603E-002  1.518377557965384E-003
   8.56553896549634       7.116348857435573E-002  1.889844407697043E-003
   257.621085993088       7.156092451761022E-002  2.261315212243416E-003
   413.527783618176       7.247039537499139E-002  1.344799463241158E-003
   461.834849543145       7.209587188574999E-002  9.502415128180076E-004
   231.968586839855       7.172134444100389E-002  5.546827433259263E-004
   28.7079368640996       7.134781662070000E-002  1.591196458782179E-004
   91.4743163070223       7.097328780673408E-002 -2.364394217755186E-004
   66.8899535165394       7.134452940431772E-002 -6.928764123658828E-004
   38.1833662631407       7.171476986454321E-002 -1.149309934518569E-003
   521.874473853976       7.208600972751651E-002 -1.605746951694754E-003
   357.321637601906       7.245724869133653E-002 -2.062183635283623E-003
   177.233434002985       7.177462978228057E-002 -2.739553537736859E-003
   70.2090652749695       7.132107280569271E-002 -2.364799252253231E-003
   436.115540437729       7.086751724504206E-002 -1.990044822526067E-003
   525.295760385109       7.041395777165201E-002 -1.616291303963225E-003
   387.125990030644       6.996040206955734E-002 -1.241538513343587E-003
   608.563695787802       6.947496851633675E-002 -1.612668710458463E-003
   381.574182557869       6.898853901697845E-002 -1.982795710049505E-003
   379.781810887900       6.850310606056476E-002 -2.353927782725460E-003
   137.538824696482       6.801667211240518E-002 -2.725056344754151E-003
   71.6269095696671       6.783170802284455E-002 -1.677335444742439E-003
   52.0160737806624       6.820657046333033E-002 -1.194775977851526E-003
   280.262589007567       6.858043760149482E-002 -7.112126643568867E-004
   56.4561793683522       6.895530232603679E-002 -2.286540126025374E-004
   48.8525426009038       6.858382552761601E-002  1.667831606802875E-004
   275.143063966786       6.821335339134754E-002  5.632165106717579E-004
   478.803740592666       6.784187776486161E-002  9.586532969738057E-004
   68.2030842603676       7.338691145130152E-002  2.254268302419793E-003
   58.1249586898117       7.378152733187686E-002  1.894742002252493E-003
   57.3733389727236       7.417714205432933E-002  1.535211358507466E-003
   180.916183947672       7.457275661015506E-002  1.175681057797357E-003
   218.622538187101       7.496837121495001E-002  8.161513129249299E-004
   202.600707885409       7.539474950175874E-002  1.172507887326519E-003
   170.448859331125       7.582112769613925E-002  1.528864800256393E-003
   87.7117965568198       7.624750603437178E-002  1.885221843864685E-003
   61.2986677526365       7.667388468703186E-002  2.241578926177393E-003
   247.348092390105       7.747079050900206E-002  1.438496455458318E-003
   220.836251971659       7.711115329001081E-002  1.014881790082730E-003
   117.617337018807       7.675151600768686E-002  5.912667831238598E-004
   58.4103360539536       7.639187851774225E-002  1.676516530796686E-004
   169.245649563852       7.603224088236650E-002 -2.559635784260033E-004
   26.8657383586313       7.638869855212556E-002 -6.563429838184935E-004
   60.0045879366970       7.674515496922245E-002 -1.056723144896803E-003
   211.157332973233       7.710161126319628E-002 -1.457103015201039E-003
   149.550166044103       7.745806689922555E-002 -1.857483076240527E-003
   160.841041841538       7.655058284828578E-002 -2.757984713550217E-003
   83.8921370185078       7.615296834686600E-002 -2.398446348444683E-003
   296.404788796155       7.575535449245549E-002 -2.038907853125776E-003
   261.266847899923       7.535774039772770E-002 -1.679370040584873E-003
   459.464269030086       7.496012680453802E-002 -1.319832001514266E-003
   608.258495313598       7.450375022228441E-002 -1.676073291445239E-003
   396.000365734283       7.404737377881693E-002 -2.032315313439072E-003
   381.448746037073       7.359099746249276E-002 -2.388558306696846E-003
   176.397107873727       7.313461981291035E-002 -2.744801230038007E-003
   219.670618495844       7.281699923598690E-002 -1.608567497956699E-003
   76.4876919179808       7.317675084457786E-002 -1.154951178536749E-003
   158.984589108697       7.353650308892666E-002 -7.013345750387194E-004
   151.272192330368       7.389625642689050E-002 -2.477183808694244E-004
   5.44169854944832       7.353979173685017E-002  1.506614216476199E-004
   137.762152855859       7.318332728191951E-002  5.490410231844996E-004
   193.660943743511       7.282686296920356E-002  9.474202168105482E-004
   22.3774710834335       7.827387272483867E-002  2.235401015605298E-003
   64.3653707976781       7.869692796210018E-002  1.730763754079072E-003
   63.7331873387152       7.911998621281927E-002  1.227125937181675E-003
   38.8711185922982       7.954304051996262E-002  7.224882324329250E-004
   74.1235320949745       7.996609476076998E-002  2.178508122117472E-004
   27.5459158360167       8.039603383729328E-002  7.191941936860434E-004
   36.8105177012503       8.082597306683806E-002  1.220537409690625E-003
   60.8523988540905       8.125590850567868E-002  1.720880551189453E-003
   15.5632029950944       8.168584791762346E-002  2.222223590311380E-003
   117.712722817446       8.247079861251032E-002  1.431186033720465E-003
   87.5680848810376       8.196614956766911E-002  1.005132052378483E-003
   122.074164169924       8.146250054541662E-002  5.790742679092869E-004
   152.665582227550       8.095785167574771E-002  1.530202909222892E-004
   58.3311300203125       8.045320305038735E-002 -2.730337947735766E-004
   52.9419821214581       8.095426488939547E-002 -7.759729069644567E-004
   29.6066261667752       8.145532953394920E-002 -1.277912610349689E-003
   112.009339403066       8.195539007926268E-002 -1.780848341015269E-003
   59.8020182450366       8.245645443892230E-002 -2.282787637824489E-003
   2.23985463973023       8.195653459480917E-002 -2.778860242494042E-003
   22.9681528495610       8.145848132196527E-002 -2.273932269203510E-003
   96.5762442430297       8.095942466401901E-002 -1.770000330158079E-003
   64.7736604233668       8.046137180337981E-002 -1.265072705424636E-003
   283.452314010901       7.996231882725781E-002 -7.601416145187920E-004
   217.238859078321       7.956138125411576E-002 -1.261597515850445E-003
   9.38396353708753       7.916044333352010E-002 -1.763054039192094E-003
   24.6431536280966       7.875950873791832E-002 -2.263510618298047E-003
   11.6337678499218       7.835856940415400E-002 -2.764966754897257E-003
   287.640312593424       7.796260272552333E-002 -1.460428277239312E-003
   270.625505911972       7.846613842736962E-002 -1.063369212636678E-003
   123.160741780069       7.897067402545591E-002 -6.663133977223227E-004
   53.0788985881599       7.947521026121497E-002 -2.692573889452991E-004
   41.3602333833661       7.897385505577294E-002  1.576821985156373E-004
   49.4035813139599       7.847250016194611E-002  5.846217356185437E-004
   24.5879846768288       7.797214518023657E-002  1.011557037674689E-003
   16.5807233234367       8.326183601082807E-002  2.216136275852144E-003
   35.5766507836873       8.368840008606002E-002  1.843486001017318E-003
   22.2509441564307       8.411496388353852E-002  1.470835521047047E-003
   16.7559430070036       8.454152771170785E-002  1.098185096227427E-003
   8.23897981642231       8.496809159124361E-002  7.255347690788114E-004
   23.3267762091472       8.538052161050547E-002  1.094944468168832E-003
   7.51736415422541       8.579195162324191E-002  1.464357996842258E-003
   15.6354377115079       8.620438160310744E-002  1.833767629027412E-003
   14.5394950950506       8.661581157110122E-002  2.203181082039641E-003
   1.79892750848422       8.747049106881910E-002  1.341873434202415E-003
   20.1198940344213       8.709791013713228E-002  9.333095030446587E-004
  0.775895396564329       8.672532532786477E-002  5.237456606680441E-004
   15.9266325459164       8.635274441829636E-002  1.151818263159609E-004
   21.3735750191612       8.598015971736073E-002 -2.943820202450775E-004
   16.4373560696478       8.634939965164093E-002 -7.508115435546992E-004
   15.3668982893876       8.671863943007144E-002 -1.207241189704186E-003
   4.70217989182650       8.708787535781791E-002 -1.664670816669549E-003
   3.06622253926766       8.745711511504836E-002 -2.121100471992702E-003
   6.41871514684471       8.677549746063182E-002 -2.797472682519903E-003
   7.88742321712119       8.632193389707542E-002 -2.424717975804528E-003
   15.3017529019022       8.586737033509508E-002 -2.051959421197627E-003
   6.18987806256035       8.541380672271688E-002 -1.679204786753361E-003
   56.1554853175427       8.496024320253937E-002 -1.306450040344682E-003
   67.6889407137274       8.445781421289229E-002 -1.675512212821593E-003
   50.4691812517316       8.395638528970464E-002 -2.044578411404127E-003
   44.9233447727289       8.345395639216280E-002 -2.413640896752671E-003
   13.8011423593906       8.295252723990111E-002 -2.782707248031788E-003
   32.6132206194201       8.282938240142144E-002 -1.784224169127635E-003
   4.71036250287142       8.320231437557958E-002 -1.284660609798735E-003
   20.4202069602484       8.357524261486284E-002 -7.860970207017654E-004
   43.2977832964830       8.394817483887818E-002 -2.865334789847554E-004
   5.02737180316011       8.357883077730677E-002  1.428964196658524E-004
  0.165429437074969       8.320948666763307E-002  5.723262646378090E-004
   37.1517763478325       8.284014253433619E-002  1.001756047551873E-003
   5.65557882149816       8.833179870785460E-002  2.196552959469354E-003
   2.98075224572547       8.874031631319163E-002  1.811972225149958E-003
   7.12178374857274       8.914983392197232E-002  1.427387614226222E-003
   12.1563226981767       8.955835155312020E-002  1.042806855753169E-003
   7.60173686687892       8.996786917785901E-002  6.582222139206961E-004
   11.1941590008232       9.037734552895794E-002  1.039643423810699E-003
   4.99166478962193       9.078682186880246E-002  1.421064633621719E-003
   2.06889929950556       9.119629820179316E-002  1.802485834172417E-003
  9.394782743015334E-003  9.160477454266186E-002  2.183910882645511E-003
  0.306952158537536       9.247041147516263E-002  1.311560818008059E-003
   9.45949625716581       9.208584225352004E-002  9.060432033323957E-004
   3.19315018629804       9.170126915989084E-002  4.995256241754514E-004
   2.35054719196292       9.131669607488585E-002  9.300805048981535E-005
   1.41758621879249       9.093212301829717E-002 -3.135095352739006E-004
  0.251921685623664       9.131348630273969E-002 -7.379857330772643E-004
   1.16209167043412       9.169484959043545E-002 -1.162461931410092E-003
   3.37155852851602       9.207621287950610E-002 -1.586938132921405E-003
   2.12117332445852       9.245757617161030E-002 -2.011414336067179E-003
  0.576343103626400       9.164646124785296E-002 -2.816287363837910E-003
  0.396584502141621       9.122494376490646E-002 -2.431656363233899E-003
   1.37895290918886       9.080342627374446E-002 -2.047025365503040E-003
   2.22029974857373       9.038190878113712E-002 -1.662394365109422E-003
   2.23409067630699       8.996039128844636E-002 -1.277763360988003E-003
   4.79737404082418       8.950391530909060E-002 -1.659003050608608E-003
   5.37121014081819       8.904743931412551E-002 -2.040242715906491E-003
   4.82963886804568       8.858996332074939E-002 -2.421478504723437E-003
  0.692824068776091       8.813348732392218E-002 -2.802718147954276E-003
   3.07605603478719       8.784186976036838E-002 -1.667583271026734E-003
   4.16275494960298       8.822662825159663E-002 -1.213066070329415E-003
   4.27349907513360       8.861138286489068E-002 -7.595488553055607E-004
   5.18351171401272       8.899613747180204E-002 -3.060316381192086E-004
  0.400201336048472       8.861472782455596E-002  1.064446119072140E-004
   5.18681375169751       8.823331429251899E-002  5.179208701650020E-004
   14.4660600538403       8.785190460716438E-002  9.303971294252208E-004
  0.199633658069439       9.334276156691357E-002  2.177197777643872E-003
  0.171153347051057       9.374839890309991E-002  1.823628345447260E-003
  0.314291084913383       9.415503237923967E-002  1.469055063018388E-003
  0.510480606862359       9.456166971865476E-002  1.115481770295879E-003
   1.05363177336545       9.496830319465277E-002  7.609084805946310E-004
  0.888285730980696       9.542366329132268E-002  1.112152248324915E-003
   1.31858303388963       9.588001951876700E-002  1.462392163274802E-003
   3.72138126944379       9.633537962110729E-002  1.813635932440948E-003
   1.55512204608732       9.679173585820934E-002  2.163875847236663E-003
  0.559569624536533       9.747109648924430E-002  1.479246649123202E-003
   2.80773326002706       9.711734164756995E-002  1.025609674822328E-003
  0.811373692728137       9.676259068094245E-002  5.729765455723286E-004
  0.296334212960478       9.640883584354215E-002  1.193395587477211E-004
  0.501909673611355       9.605408487647768E-002 -3.332935754183435E-004
   1.06324758469235       9.640542133726530E-002 -7.646538556067152E-004
  0.295451990786640       9.675576167407672E-002 -1.195010275810832E-003
  8.080715881490398E-002  9.710709813931355E-002 -1.626370552365854E-003
  2.254102564608768E-002  9.745743461240583E-002 -2.057726966047631E-003
  1.289218051116348E-002  9.667342377839817E-002 -2.835704480007919E-003
  5.474178444717094E-002  9.624478660755516E-002 -2.482046204585378E-003
  0.199961547668752       9.581615329895757E-002 -2.127387937015857E-003
  0.720495520922024       9.538851612160114E-002 -1.773733523003150E-003
   2.12069644959540       9.495988280933594E-002 -1.419075259854641E-003
   2.38784237922361       9.453552247396395E-002 -1.770438765317431E-003
   2.03175217072722       9.411116599789206E-002 -2.120802270830814E-003
   1.81914867314926       9.368680565986093E-002 -2.472165765444139E-003
  0.819117071405752       9.326244919178961E-002 -2.822529269108127E-003
   1.34138741835347       9.281120742342819E-002 -1.589777119646387E-003
  0.607603881980987       9.316583866246536E-002 -1.168143765758976E-003
  9.095805265930401E-002  9.351946990563338E-002 -7.465065507194777E-004
   1.81153007795225       9.387410114022510E-002 -3.248732001637293E-004
  0.422510529134987       9.352267969582324E-002  8.448723160217283E-005
  0.422884051970705       9.317225824301699E-002  4.938438024475968E-004
  0.456576284790108       9.282083679696916E-002  9.032042388425061E-004
   45550.1789298148      -2.199229936480985E-003  7.499166716837410E-003
   28899.9984393331      -1.649929214609406E-003  6.961751208953971E-003
   37329.4800442797      -1.100385478857461E-003  6.424521596417083E-003
   66374.8587160408      -5.517002733981558E-004  5.886415993024753E-003
   58435.0858039000      -1.958100164927777E-006  5.349305303987167E-003
   74864.8906658275       4.659303844811151E-004  5.885919853806054E-003
   50531.2308309675       9.349455881125600E-004  6.423581493148213E-003
   45383.0354402294       1.403117693173980E-003  6.960199315157367E-003
   24976.1996169041       1.871483164340030E-003  7.496715266979497E-003
   93466.3562476757       2.497917535422499E-003  6.869101065515188E-003
   104171.937668819       1.960795256848915E-003  6.401745895288470E-003
   116578.637543954       1.423776486399942E-003  5.934300443947709E-003
   119880.812549475       8.858649610177816E-004  5.465742513986360E-003
   5541.46979133157       3.489935710290707E-004  4.998127777128436E-003
   128117.526745507       8.856339849392180E-004  4.623249265578395E-003
   75643.1093485455       1.422742498651334E-003  4.247303597111042E-003
   144429.701324719       1.958974986194672E-003  3.872655526100464E-003
   115323.213951786       2.495200294390075E-003  3.498045603187989E-003
   46058.5329754371       1.117761683220589E-003  3.033724942335136E-003
   25471.6432123275       7.446100160173543E-004  3.571437632806203E-003
   44318.1336918869       3.706201106058123E-004  4.110081308556786E-003
   188807.500366518      -2.059942267931950E-006  4.647509845014244E-003
   129052.243294181      -3.362445322140664E-004  4.110485132882082E-003
   6523.93724255668      -6.719074041542980E-004  3.572333475895555E-003
   71255.3844784541      -1.006904796472716E-003  3.035248030415946E-003
   20536.4914334223      -2.500708415016910E-003  3.656981166325572E-003
   208681.614451411      -1.963764900287026E-003  3.992382363232491E-003
   199227.328086117      -1.427156283011433E-003  4.327223079232474E-003
   156284.793139998      -8.896827094709397E-004  4.663269922693401E-003
   118653.513559868      -3.529770712967021E-004  4.998436127412070E-003
   5806.74583340583      -8.898387485396024E-004  5.548493247845812E-003
   13778.0861859280      -1.427562090928422E-003  6.097675603322845E-003
   19378.4249846077      -1.964181014610480E-003  6.647995552403255E-003
   40432.0589827357      -2.500641842325645E-003  7.198475532614295E-003
   329.878672359200       3.125459816647836E-003  7.495278930568530E-003
   6210.53415620695       3.593090579481897E-003  7.059558542443868E-003
   10562.8644175578       4.060428316590802E-003  6.623734794441088E-003
   67814.6382324102       4.528765400196270E-003  6.188057002912325E-003
   59085.7507931780       4.996029729046536E-003  5.752410331602689E-003
   60408.0339587282       5.329220203252289E-003  6.186920611959636E-003
   38982.8187018831       5.662392431314733E-003  6.621706124736704E-003
   2095.08846941930       5.995728561882033E-003  7.056503226149123E-003
   36003.1551852908       6.329242146701043E-003  7.491261895593157E-003
   121465.189799012       7.495799349537453E-003  6.321791529815022E-003
   135405.704112746       7.060712528604448E-003  5.989376990200869E-003
   109344.527949920       6.625644299604222E-003  5.656840701081555E-003
   93605.5819366978       6.190522618771525E-003  5.324204741526890E-003
   36457.2196802406       5.755384861536521E-003  4.991379996109299E-003
   57643.5379745359       6.190021147437795E-003  4.666382913839187E-003
   73428.7986521240       6.624234561976613E-003  4.342342207020696E-003
   152018.764402588       7.058450358871998E-003  4.017567843897307E-003
   115592.553420101       7.492609317476190E-003  3.693903959733532E-003
   54147.0606354937       5.962623323747065E-003  2.925360733858039E-003
   24190.8335451731       5.639424967517101E-003  3.361229568142174E-003
   72428.1612200543       5.317345372804593E-003  3.796967524279211E-003
   149257.179546005       4.994559601606952E-003  4.232644922201843E-003
   165834.891346135       4.620716019539029E-003  3.798057359124388E-003
   72188.1944240766       4.245717591785354E-003  3.363324702967031E-003
   1454.26314099255       3.871536630431524E-003  2.928512977981209E-003
   199531.301459526       2.930229647984326E-003  3.871321085439862E-003
   145855.600313422       3.365135971812378E-003  4.244914799728882E-003
   75078.8853968953       3.800095878151783E-003  4.619664037205751E-003
   41242.2806706436       4.235349784297989E-003  4.993400169891014E-003
   53365.4318097372       3.800738106083355E-003  5.462037722063238E-003
   9122.03284703164       3.366415947623361E-003  5.931816200124850E-003
   9242.25618346143       2.932121763684154E-003  6.400485429076686E-003
   14815.4164894936       8.665276559697597E-003  7.487721780728455E-003
   11128.0955336926       8.997819439450619E-003  7.043149681391206E-003
   14862.7660129784       9.329989175967245E-003  6.599350697695855E-003
   58146.2353594459       9.662117247573031E-003  6.154636557760473E-003
   73724.1101085109       9.994126129555610E-003  5.710006867493644E-003
   63717.7133669272       1.036758477985710E-002  6.153293389860908E-003
   34544.0056898904       1.074207665937214E-002  6.596749076136513E-003
   16815.8182123577       1.111569471135299E-002  7.039225929079175E-003
   36310.3987200738       1.149054666157663E-002  7.482604902510267E-003
   136843.794499287       1.249456732820086E-002  6.474684904909319E-003
   118983.385825195       1.205021189682715E-002  6.101585874332393E-003
   107489.550575690       1.160685174287428E-002  5.729409372532417E-003
   86364.7453515315       1.116248477421845E-002  5.356112209059504E-003
   52836.3257323777       1.071807621892716E-002  4.983705639504184E-003
   24755.4041542735       1.116148892224356E-002  4.577500136323583E-003
   14158.5702898496       1.160431066815895E-002  4.171052726780274E-003
   112926.100153338       1.204604552306600E-002  3.764786740594363E-003
   105389.584466303       1.248867617447329E-002  3.358635837099112E-003
   13381.4039066132       1.120268781948973E-002  2.926070861075071E-003
   76310.2031254364       1.079905031320175E-002  3.370350557317692E-003
   96507.7471756673       1.039544588095883E-002  3.815382429293451E-003
   180999.935646101       9.991996641876893E-003  4.260283784106943E-003
   158252.150790543       9.668073705638944E-003  3.816694296204426E-003
   46853.3116846909       9.344950162351194E-003  3.372918977042234E-003
   20165.2146022368       9.020635955526634E-003  2.930067591116672E-003
   189905.830427197       7.936685879978617E-003  4.016186631603562E-003
   148362.706378091       8.379660151914518E-003  4.339745279452394E-003
   72095.2362989106       8.823680651879362E-003  4.662472090777958E-003
   12979.9004372243       9.268016185589227E-003  4.986226505987176E-003
   3995.78968488535       8.824545888947804E-003  5.320204427926658E-003
   54757.2401624182       8.381258334443035E-003  5.654153385389247E-003
   41936.0161516767       7.938940612892709E-003  5.987911882187421E-003
   15324.6905435878       1.350255356575325E-002  7.478092927194859E-003
   687.546202421393       1.387567731389514E-002  6.984109176347729E-003
   43182.6205674281       1.424735545991467E-002  6.490845302783936E-003
   67409.4640249275       1.461993848653213E-002  5.996639850880285E-003
   65723.6849098251       1.499131969741325E-002  5.502513121251123E-003
   44907.0147864663       1.530315951136012E-002  5.994655307522080E-003
   7268.56936523638       1.561516314142669E-002  6.486937112173122E-003
   5988.76549626394       1.592631633631603E-002  6.978218957184356E-003
   19882.8948507946       1.623871666800449E-002  7.470373701279240E-003
   139525.136540880       1.749213500523167E-002  6.209906703362379E-003
   139822.500739613       1.699861102599487E-002  5.900315449836744E-003
   161764.698299940       1.650608452672070E-002  5.591725647910048E-003
   165960.918670801       1.601262660647508E-002  5.282002088388460E-003
   37349.2559417613       1.551916942612161E-002  4.972136866782282E-003
   2384.56767166257       1.601104921860572E-002  4.499203311598247E-003
   1769.68574513641       1.650215660452438E-002  4.025980819225083E-003
   91237.8269001347       1.699213816814685E-002  3.553001479709114E-003
   60840.4231048522       1.748323183782910E-002  3.080473851321063E-003
   60364.8067884661       1.639588690430838E-002  2.961282569279589E-003
   27023.3350662623       1.592681794688649E-002  3.455388602316513E-003
   52851.2538191273       1.545790508352672E-002  3.950258805998382E-003
   184288.204843112       1.498900901952404E-002  4.444778949604557E-003
   162608.683214344       1.458379365587724E-002  3.952740514025816E-003
   58887.8601251226       1.417844478754654E-002  3.460301438338957E-003
   33754.9690892882       1.377276389765190E-002  2.968823778214927E-003
   223733.096330770       1.298209764650522E-002  3.762239513669820E-003
   165201.368254011       1.347428555546629E-002  4.166301772596330E-003
   93438.7927060334       1.396750424780660E-002  4.570607919263437E-003
   11663.1485405179       1.446110374723014E-002  4.974972953103510E-003
   27635.1905631789       1.396900410803661E-002  5.349544530107590E-003
   60498.0913673965       1.347720281235559E-002  5.725090623239291E-003
   37374.9355257767       1.298632160997736E-002  6.099357464842336E-003
   16833.5546506746       1.875268447169345E-002  7.462730093700630E-003
   644.513575762614       1.906245220741863E-002  6.982713470115849E-003
   36683.6879968988       1.937080577174434E-002  6.501431471730551E-003
   42815.0381694021       1.968008505568113E-002  6.021183246981076E-003
   60103.7537501023       1.998914910852781E-002  5.539976473704069E-003
   88508.7502180243       2.042232489597978E-002  6.018477775830843E-003
   42534.2076258433       2.085450810290593E-002  6.496203030532395E-003
   9284.12520626213       2.128782173911737E-002  6.974980827803362E-003
   11596.8760260967       2.172034330652167E-002  7.452702720599152E-003
   81650.0368614523       2.249178771877745E-002  6.676097463528251E-003
   100959.239215864       2.201168998913535E-002  6.246769876160835E-003
   74669.0341896113       2.153064400102239E-002  5.816264595428270E-003
   37280.1872399621       2.105055823976744E-002  5.386638783460301E-003
   30067.8756869571       2.056927295089736E-002  4.956015197733666E-003
   22072.0340393565       2.104777274938637E-002  4.515044437253576E-003
   32333.0649207893       2.152493133837617E-002  4.075022785871140E-003
   90767.6574066470       2.200307738975893E-002  3.634205574878186E-003
   48369.7661288015       2.248029821229921E-002  3.194642193849699E-003
   47705.7082432065       2.129544574995151E-002  2.931832844695963E-003
   7371.70642062294       2.085828047128991E-002  3.413709808368256E-003
   33994.3485925907       2.042226061855989E-002  3.894507816044130E-003
   104939.021495749       1.998535325922384E-002  4.376171541962159E-003
   133973.429190608       1.951344767551420E-002  3.897720961059141E-003
   73024.8715195552       1.904167307060643E-002  3.419842528936621E-003
   2591.64414104098       1.856978716600811E-002  2.940782705509651E-003
   113649.707364227       1.796306943175796E-002  3.550096140186821E-003
   44955.8985605648       1.844383668239233E-002  4.020069502614242E-003
   14899.1179184774       1.892379776144838E-002  4.490130297026805E-003
   11791.0868672189       1.940519343704286E-002  4.960050568606428E-003
   34915.1450875385       1.892631965261922E-002  5.272926562247823E-003
   90517.5964616142       1.844860091853679E-002  5.585701175408350E-003
   63370.6333786329       1.796979116089921E-002  5.897240495862054E-003
   9137.88518080446       2.326836919016516E-002  7.447222298267561E-003
   22833.8019646886       2.369820827389532E-002  7.093586922660149E-003
   15905.9305151556       2.412883122989029E-002  6.738879978924826E-003
   47672.8946658306       2.455846141499708E-002  6.385280961471098E-003
   43753.5056408016       2.498908280945196E-002  6.031748099694024E-003
   64054.6258969718       2.551216948918210E-002  6.381868429913804E-003
   68511.0344694274       2.603420748585116E-002  6.732057281443418E-003
   61797.6239106636       2.655722677166229E-002  7.083296021625688E-003
   19673.3496980641       2.708031668037448E-002  7.433553738102819E-003
   59024.6298001742       2.749189256271467E-002  7.019076133143395E-003
   49047.2769630425       2.713837672376684E-002  6.498379463309836E-003
   16557.7617971823       2.678377887327577E-002  5.977566978608833E-003
   4485.26890770825       2.643009511711090E-002  5.457742074177164E-003
   29396.7722022344       2.607634557995699E-002  4.936927070899861E-003
   4488.26360588909       2.642661199860925E-002  4.404616525014260E-003
   30642.8977979273       2.677658479312848E-002  3.871116614215286E-003
   47282.5727720813       2.712744355877014E-002  3.338605324725514E-003
   39348.0039584951       2.747709392197531E-002  2.805186789665051E-003
   20000.9750294759       2.657113360334206E-002  2.786881903278384E-003
   71850.0714265142       2.604170250243549E-002  3.142031946294560E-003
   49397.6116852682       2.551117541333293E-002  3.495973627906269E-003
   83152.9912919281       2.498168492254053E-002  3.849931080328675E-003
   105160.150728082       2.454177469786173E-002  3.499452325386928E-003
   86046.7130959804       2.410290687404799E-002  3.148831481109275E-003
   45837.4227724543       2.366301750298805E-002  2.797105895550457E-003
   65349.6478482897       2.283340223541482E-002  3.631531933637282E-003
   16799.2001378190       2.318756906500071E-002  4.069552584029062E-003
   11844.8335333569       2.354086209809774E-002  4.506589790848754E-003
   23242.2592460602       2.389429597044776E-002  4.944598230052224E-003
   21009.8110322787       2.354378597618927E-002  5.377976114312148E-003
   9121.58751257391       2.319338176712740E-002  5.810384630263794E-003
   16261.7262185313       2.284201791722388E-002  6.243733917697361E-003
   7566.20913645682       2.790631764359382E-002  7.430453043561235E-003
   25502.2493736779       2.842708337914389E-002  7.082381038577659E-003
   5393.56009102625       2.894768445931415E-002  6.735299811034046E-003
   30979.5175563768       2.946732166132618E-002  6.387330849915844E-003
   23123.9174677148       2.998794675622540E-002  6.039371521926820E-003
   31094.4985480415       3.034914385250397E-002  6.384015243774406E-003
   28531.2946815011       3.071132641756795E-002  6.728701910645055E-003
   12134.1293237004       3.107253149193029E-002  7.072397372059737E-003
   1128.26318047956       3.143373743208905E-002  7.417125583678483E-003
   25953.7387052716       3.248891977131139E-002  6.354207772715121E-003
   36043.3781555612       3.214166842304720E-002  5.995516651544706E-003
   21361.6536609181       3.179543525854494E-002  5.636767082000649E-003
   16237.6274580894       3.144816939475442E-002  5.277017987610209E-003
   8715.52189623931       3.110090051698426E-002  4.918246084859492E-003
   11769.7025546615       3.144581988255569E-002  4.603965311832645E-003
   3097.48421197631       3.179062296811885E-002  4.290609713653787E-003
   16883.0320340761       3.213442731208521E-002  3.976296491985251E-003
   14190.8161167484       3.247922375286686E-002  3.662005542177706E-003
   1313.21227143934       3.091389996605041E-002  2.764857543493873E-003
   11671.1855171595       3.060220947548657E-002  3.111071386199545E-003
   9811.74356967290       3.029151844885026E-002  3.458241059509138E-003
   46368.5662698843       2.997991943507833E-002  3.805473860299387E-003
   72474.0786195799       2.944782672931119E-002  3.461465778003450E-003
   77633.6476718534       2.891480887371537E-002  3.117360883343140E-003
   79098.6225133649       2.838284787155000E-002  2.774152188744206E-003
   36256.1540586315       2.782459312817288E-002  3.335969673960079E-003
   5006.83246373803       2.817125040654462E-002  3.865849626108318E-003
   7150.67608733105       2.851903654700499E-002  4.396712880069291E-003
   10366.5851624176       2.886690095225425E-002  4.926547809961174E-003
   23953.0778878826       2.852276890276209E-002  5.449883667033796E-003
   3553.22273389853       2.817874294467518E-002  5.972291242205747E-003
   8644.38936944044       2.783575437770170E-002  6.495677872514559E-003
   7034.72292542391       3.355170119605130E-002  7.409137095318615E-003
   14782.8651413997       3.390992830368532E-002  6.901851395728678E-003
   12934.8206211372       3.426803619607642E-002  6.394473475592591E-003
   1561.86817903434       3.462717194352831E-002  5.887112362492182E-003
   6045.13254554315       3.498529004641112E-002  5.379740941259377E-003
   3686.70992660301       3.544020416186425E-002  5.883969204157924E-003
   15971.4721764404       3.589512912213464E-002  6.388165713210050E-003
   13643.6073253751       3.635005597585419E-002  6.892343306156585E-003
   8603.92553772363       3.680495146566912E-002  7.396537104172052E-003
   11091.0066522960       3.749032864523463E-002  6.705864455802331E-003
   16765.9654417726       3.698259679760176E-002  6.254867586007750E-003
   19147.6064411955       3.647487574568882E-002  5.803883674836356E-003
   32584.0964343471       3.596717030282811E-002  5.352918099376512E-003
   4208.49478507925       3.545953422600887E-002  4.901929933372300E-003
   6675.36071122360       3.596368203720533E-002  4.391998098151815E-003
   12290.0528360757       3.646772262992159E-002  3.881005996583044E-003
   4029.54597097512       3.697175828761578E-002  3.371029291809267E-003
   301.330463428037       3.747578976826221E-002  2.861074366763656E-003
   11668.2916500378       3.650094333867750E-002  2.903852681386141E-003
   1197.34584468339       3.599490374414806E-002  3.411849832090850E-003
   9850.89975171570       3.548785605844683E-002  3.919811688353230E-003
   31204.5652553173       3.498181749611803E-002  4.427766695928367E-003
   15063.8830689869       3.466707653011700E-002  3.922945377704271E-003
   4695.06219319576       3.435329515235559E-002  3.418072985854782E-003
   6352.50442702300       3.403846459462515E-002  2.913209475440721E-003
   37063.3810148318       3.298633316176302E-002  3.973080518915009E-003
   35179.0374101774       3.349340497415692E-002  4.284207591976439E-003
   35551.1709136941       3.400046759862497E-002  4.594355932006635E-003
   4004.89843246551       3.450755062489903E-002  4.905533945256298E-003
   17441.7640932540       3.400285754262181E-002  5.267441619806684E-003
   3800.21027808728       3.349819947776300E-002  5.630357090738809E-003
   20164.0515140280       3.299351613054784E-002  5.992230239481548E-003
   13265.3123738477       3.818089374262817E-002  7.391146712974414E-003
   8543.46370809867       3.863224170327098E-002  6.942477338679407E-003
   18790.4296544145       3.908356654115733E-002  6.492763622594344E-003
   19802.7730729539       3.953492382417765E-002  6.044040551358860E-003
   7329.74196615526       3.998625939622498E-002  5.594265015182811E-003
   13927.4257247425       4.045809646009063E-002  6.040363513531002E-003
   4470.59978047355       4.093092478855417E-002  6.485418454544387E-003
   17598.8125131029       4.140273872221872E-002  6.931439257020413E-003
   19076.0004088821       4.187548993043318E-002  7.376455855705458E-003
   1203.94339113917       4.249104345458418E-002  6.756014671743241E-003
   7444.17597845679       4.204212527400050E-002  6.286812539513314E-003
   5193.42677198724       4.159220166925116E-002  5.818683634121576E-003
   20856.7537514143       4.114330109856876E-002  5.349573116315923E-003
   2580.18497026922       4.069349068377243E-002  4.881432126026165E-003
   5401.18866784281       4.113964944400540E-002  4.396713111438209E-003
   11246.3417165228       4.158477733175346E-002  3.910966447128176E-003
   12526.2077443572       4.203092419917560E-002  3.426211573109013E-003
   9952.38737240194       4.247605920028838E-002  2.940434151769971E-003
   4447.36279035284       4.142558387995787E-002  2.825573405037113E-003
   5696.16437194497       4.094431674280615E-002  3.275454914900763E-003
   17180.8354893824       4.046202840639442E-002  3.724333586613727E-003
   13543.0474862933       3.998077570594280E-002  4.174260415523900E-003
   13251.5436526287       3.947106356378293E-002  3.728274964166489E-003
   18051.0333660056       3.896036930068716E-002  3.283285981584276E-003
   17775.4852157443       3.845068278225525E-002  2.837291658244279E-003
   10687.5047973592       3.792470719726133E-002  3.367327907592919E-003
   8423.90701507686       3.837463685238759E-002  3.873569727833713E-003
   9905.09233722260       3.882358368609539E-002  4.380805116954479E-003
   3291.08884035598       3.927352731710691E-002  4.887037317647277E-003
   4632.27803447304       3.882726185482400E-002  5.341725391587813E-003
   8000.91960421261       3.838195970339787E-002  5.796408069386231E-003
   29263.0886556487       3.793562146819027E-002  6.251091839235301E-003
   7673.12449975918       4.311143306343548E-002  7.371575636390601E-003
   4298.54232509243       4.358092748489191E-002  6.979798271361656E-003
   10075.9157056882       4.404943424743139E-002  6.588002289320322E-003
   8582.76992154451       4.451895858661577E-002  6.197190241839281E-003
   6409.40239318085       4.498745709286952E-002  5.805337475869346E-003
   3648.69815398870       4.539400501958842E-002  6.193729476062521E-003
   702.392419192415       4.580054193103879E-002  6.581114893719837E-003
   8495.57699053158       4.620807075479857E-002  6.969491987079801E-003
   7481.49681360006       4.661459758880269E-002  7.357860697477092E-003
   2159.51055239284       4.749014157582597E-002  6.475445117368921E-003
   7083.37495368440       4.709854973097369E-002  6.071967048384845E-003
   516.237147266799       4.670694048372859E-002  5.667520699783342E-003
   3634.50861302487       4.631634307537064E-002  5.264076820354405E-003
   3096.47269372869       4.592476334910544E-002  4.860634678099811E-003
   91.7438272408745       4.631327551348113E-002  4.479129652127408E-003
   5049.15113577820       4.670079991463678E-002  4.098622899010360E-003
   5652.46570412840       4.708932990730255E-002  3.717108250438686E-003
   3982.73342162128       4.747785496527516E-002  3.336570154185079E-003
   1330.97628875015       4.611454303972040E-002  2.749905768061879E-003
   2940.26134865822       4.573606477027004E-002  3.141377467814453E-003
   7670.83525956535       4.535857148023362E-002  3.531848299770342E-003
   5188.39130695068       4.498008349589649E-002  3.923338941408618E-003
   8649.58705165516       4.449551422716459E-002  3.535251163117618E-003
   3442.70700536486       4.400993716754650E-002  3.148200883162092E-003
   109.115037503882       4.352535490221575E-002  2.760177077295926E-003
   1339.73324774718       4.286803276256752E-002  3.422845461967605E-003
   3599.83355343209       4.325998010775631E-002  3.904241959889085E-003
   8611.25668988487       4.365090775780475E-002  4.386640330369869E-003
   10352.8391536273       4.404280196543418E-002  4.868047193006832E-003
   1068.06495690806       4.365463002171995E-002  5.339523257460539E-003
   257.017479336706       4.326745262265781E-002  5.812002977795546E-003
   13358.6818835419       4.287924198558461E-002  6.283484828602694E-003
   1977.61012625403       4.837256085353949E-002  7.351010331069884E-003
   1980.17218483250       4.877650253135869E-002  7.078446871380976E-003
   884.494194262231       4.918144002154928E-002  6.804872525612544E-003
   427.896381384903       4.958538560328649E-002  6.532302305456898E-003
   1629.83210256356       4.998931768639194E-002  6.258717019239003E-003
   1162.57738816850       5.027637097139567E-002  6.529603555657171E-003
   85.4371450803443       5.056342528768990E-002  6.799483836184618E-003
   2128.82247989737       5.085047905349148E-002  7.070367713534164E-003
   2181.14731678262       5.113753577258805E-002  7.340244151564826E-003
   24.5277866235282       5.248824419607458E-002  5.978991295027073E-003
   2533.03005309598       5.221613674056719E-002  5.694040399877571E-003
   1033.64017842267       5.194302131929536E-002  5.409102700237155E-003
   1654.28862340465       5.167090925281154E-002  5.124158624554800E-003
   2634.20853174492       5.139779108982863E-002  4.839225010223551E-003
   434.478648377803       5.166795321363953E-002  4.370170139692102E-003
   1491.85466694836       5.193712980898949E-002  3.901128848642692E-003
   69.5948179696253       5.220730943286625E-002  3.432083439191022E-003
   861.845871742592       5.247649387164574E-002  2.963038764653598E-003
   1634.07803568759       5.137911230621505E-002  2.610290394260056E-003
   2837.52501513300       5.091216754597948E-002  2.884103576950230E-003
   2086.62294587246       5.044522114077056E-002  3.156924478552673E-003
   4714.47720067617       4.997827262946812E-002  3.430739857346301E-003
   5411.85789075543       4.959720185587005E-002  3.160225671436012E-003
   4732.78767368279       4.921713114261844E-002  2.890716978105615E-003
   3454.12555498134       4.883605728151000E-002  2.620217478429167E-003
   1807.37092295525       4.775035300646329E-002  3.714495242657315E-003
   104.629199120207       4.802384764178907E-002  4.093415669184325E-003
   1331.47225765593       4.829633275452108E-002  4.471339425932852E-003
   3878.40148382197       4.856981991536775E-002  4.850257101820181E-003
   488.797862789793       4.829939582080275E-002  5.256299441305272E-003
   1139.49752977841       4.802998041369901E-002  5.662346542571487E-003
   1210.57512118638       4.775956221284279E-002  6.069394730805445E-003
   775.691810921773       5.384951057869721E-002  7.329731619102294E-003
   882.387221812065       5.413378649649157E-002  6.887618440628385E-003
   1245.67433188396       5.441806683534663E-002  6.444513113258570E-003
   2550.49379605314       5.470234773287631E-002  6.002407602067368E-003
   691.250681216761       5.498662475899051E-002  5.560302141954372E-003
   3107.45010420627       5.535931509614835E-002  5.999869504661416E-003
   168.095878848433       5.573201038195923E-002  6.439438419164477E-003
   669.157547108397       5.610571118311355E-002  6.880007323107533E-003
   1057.62611528657       5.647841444354181E-002  7.319578252678752E-003
   1152.89826513357       5.748948291226404E-002  6.300666832480612E-003
   1345.62530112612       5.704705979075653E-002  5.931370759999062E-003
   659.793681747311       5.660363150445149E-002  5.561075393696878E-003
   2045.58590499621       5.616120614485267E-002  5.191771235016527E-003
   1916.43442763850       5.571876940191181E-002  4.822470472567814E-003
   369.094185436770       5.615812243676226E-002  4.398761763464933E-003
   1922.15103775342       5.659747794660122E-002  3.974059164325337E-003
   1926.08605393905       5.703783598407682E-002  3.550352606203217E-003
   1381.36462921263       5.747719028326041E-002  3.125650550719305E-003
   545.824564002180       5.624277274558762E-002  2.761424687652491E-003
   669.738819017025       5.582249022709525E-002  3.205055038147657E-003
   2347.07435519364       5.540120622862107E-002  3.647690896654381E-003
   2584.61330935407       5.498091729921439E-002  4.090315642321359E-003
   2019.27900981774       5.451120117460637E-002  3.651131873059798E-003
   2232.43382535100       5.404148175486556E-002  3.211955186571081E-003
   471.586155213341       5.357176054767590E-002  2.771780043058818E-003
   2710.34144430277       5.291931695512978E-002  3.429325339681085E-003
   1112.23969393630       5.336314153263792E-002  3.895601528114308E-003
   899.935380315138       5.380596229564536E-002  4.361881295523402E-003
   2271.65393155827       5.424878066369379E-002  4.828160272070285E-003
   2107.58578548578       5.380889496351003E-002  5.115867965740150E-003
   2606.81374970062       5.336901324556339E-002  5.403577564373926E-003
   3715.75477376930       5.292813279278270E-002  5.691291791282753E-003
   1292.46780768382       5.850840521606291E-002  7.311739959242114E-003
   794.321394380982       5.887783223370713E-002  6.905298890850593E-003
   1425.80802074710       5.924826225728335E-002  6.499857102794689E-003
   2519.66520609244       5.961768409215371E-002  6.093420175240322E-003
   1580.36249675822       5.998710915181046E-002  5.687988246379454E-003
   2768.64148163252       6.045365598412283E-002  6.090192872041997E-003
   805.687922197695       6.092020790221518E-002  6.493400039634275E-003
   912.276863181002       6.138675687081912E-002  6.895612378058010E-003
   1466.52572023542       6.185331423208364E-002  7.298827247893700E-003
   269.021649724193       6.249084228073115E-002  6.656362359379383E-003
   1543.00080011802       6.208405910771664E-002  6.192926765786617E-003
   150.468254679797       6.167827561009100E-002  5.729480284623753E-003
   1869.18339555537       6.127148834976381E-002  5.266036230555338E-003
   517.003175016363       6.086569123662048E-002  4.802593108046626E-003
   389.063743159526       6.126838988719173E-002  4.466031404032698E-003
   1483.20524624922       6.167209421592462E-002  4.130469158303966E-003
   1604.76698510725       6.207479387153520E-002  3.793911400532876E-003
   1067.18853480700       6.247849780938042E-002  3.458351266171616E-003
   30.5719776391613       6.097958665247927E-002  2.707133569060495E-003
   244.608396002364       6.064615079838996E-002  3.112426024192230E-003
   1230.21795003859       6.031372083634508E-002  3.518715077105984E-003
   186.845327182603       5.998028549993827E-002  3.924004348715999E-003
   449.554307183441       5.955672985699335E-002  3.521637340360538E-003
   380.525146651581       5.913217071988649E-002  3.118270889277948E-003
   28.6402470744934       5.870861510735807E-002  2.715898083119605E-003
   229.242644167396       5.788381627418454E-002  3.547087392589679E-003
   215.690665493419       5.828944192438754E-002  3.967527047488141E-003
   986.695757330516       5.869607237825392E-002  4.388964927508456E-003
   715.438041293323       5.910170158583222E-002  4.809406591480743E-003
   848.776293890416       5.869914258584787E-002  5.181974179522023E-003
   1933.84237011584       5.829558739845725E-002  5.554543911774975E-003
   3733.36857098643       5.789303887863480E-002  5.928107730532641E-003
   765.058742149191       6.313330939029642E-002  7.293886264833277E-003
   175.599451147472       6.359676036617776E-002  6.892087684576500E-003
   867.793242260704       6.406020455161879E-002  6.489290422035173E-003
   1071.52563708365       6.452365164116755E-002  6.087495388170366E-003
   688.440851847369       6.498710080210177E-002  5.685705216640939E-003
   511.131769938883       6.536663802404173E-002  6.084245975191287E-003
   4.96809522672796       6.574517600645886E-002  6.482791618129521E-003
   791.613572140880       6.612471924253484E-002  6.882333807449826E-003
   773.599958043583       6.650325874935063E-002  7.280881105045572E-003
   37.3030274981175       6.748943385569958E-002  6.287068021068784E-003
   834.959203011117       6.708798382342585E-002  5.911614561643754E-003
   160.966272618420       6.668553134760473E-002  5.535161636451792E-003
   332.229617444384       6.628408183204985E-002  5.159704030047308E-003
   343.389444783727       6.588262653756947E-002  4.783246359970155E-003
   347.496247239297       6.628110326483837E-002  4.387703338882833E-003
   301.751183102050       6.667957536218866E-002  3.991160983682723E-003
   412.197531212163       6.707905000481998E-002  3.595614956587849E-003
   365.675499305252       6.747752512022670E-002  3.200074819354077E-003
   152.692356106415       6.615851673428974E-002  2.682162341728614E-003
   351.657765384027       6.576606833469024E-002  3.084681253814395E-003
   918.548633050969       6.537261704810209E-002  3.486203495109095E-003
   364.976146536416       6.498016493556949E-002  3.887719442185095E-003
   418.467449997294       6.464362720539656E-002  3.489013468596827E-003
   97.1641227367133       6.430808935506997E-002  3.090301438888737E-003
   60.6573002235084       6.397154684744602E-002  2.690592382772758E-003
   526.993689802837       6.287977884610486E-002  3.790808639693678E-003
   427.040164553478       6.328206575430698E-002  4.124261332624886E-003
   88.0218779497900       6.368334912205115E-002  4.456719678665997E-003
   1012.05190454606       6.408463728434854E-002  4.790179382078678E-003
   450.643443414647       6.368643520346311E-002  5.256725218310711E-003
   65.2669045688595       6.328823536631709E-002  5.723271037933782E-003
   980.453340779620       6.288903855806996E-002  6.189820466239682E-003
   177.113974980188       6.848324645335600E-002  7.273239726852063E-003
   235.713215212454       6.885827998718258E-002  6.762787469270280E-003
   144.790346397247       6.923431643740073E-002  6.253330797231607E-003
   189.099470157061       6.960934824213118E-002  5.742877733071109E-003
   97.1837812663541       6.998538405514203E-002  5.233422134776602E-003
   208.643281831194       7.039034180701881E-002  5.739863283657081E-003
   75.7325176013516       7.079530336857993E-002  6.247304795986506E-003
   253.657535203879       7.120026158832721E-002  6.753745959761688E-003
   217.484898828738       7.160522353303429E-002  7.261187235360724E-003
   122.112652804343       7.248978906429820E-002  6.369765199714952E-003
   93.0603240281785       7.197923698975139E-002  5.968733486854240E-003
   53.6530767092352       7.146968545788802E-002  5.567697054425398E-003
   6.53424112205663       7.095913386555427E-002  5.166664268711317E-003
   436.386041939101       7.044958245900489E-002  4.765626995853348E-003
   194.988498864372       7.095604671219466E-002  4.366667765941893E-003
   8.45874756329702       7.146351017964217E-002  3.967705008396998E-003
   10.6829527188376       7.196997355258197E-002  3.568746632514243E-003
   20.4321284334019       7.247744134660421E-002  3.170785479966074E-003
   144.345201502751       7.116689175179509E-002  2.771840878880732E-003
   147.395165352522       7.077185528697967E-002  3.281370402481837E-003
   21.1249907765473       7.037682329982187E-002  3.791900057586878E-003
   187.954755291514       6.998178763341853E-002  4.301429116428866E-003
   62.6852747395040       6.958583283004073E-002  3.794952381397153E-003
   118.473042853564       6.918887411072851E-002  3.287477624264385E-003
   217.082031277691       6.879291816074470E-002  2.780999083371966E-003
   282.070464928821       6.798803978088538E-002  3.592108678022623E-003
   166.691105356507       6.849755426642233E-002  3.984147248186852E-003
   60.5089365700194       6.900807271043051E-002  4.377183128892946E-003
   755.426492214814       6.951758846872122E-002  4.769223744499560E-003
   96.5757628256660       6.901105142653373E-002  5.149184220967548E-003
   18.8210611043909       6.850351091248089E-002  5.528147493630603E-003
   98.1938156178549       6.799697439083957E-002  5.908106138384499E-003
   2.54592689389500       7.338121070491969E-002  7.254329818760465E-003
   78.5150736548149       7.378257868466774E-002  6.830777024888134E-003
   104.608316568807       7.418395059225311E-002  6.408224189019222E-003
   238.188571430185       7.458531866501042E-002  5.984671239791691E-003
   55.3483224695576       7.498668707558484E-002  5.561118542944661E-003
   244.990229078698       7.538031452375853E-002  5.981601513837338E-003
   55.9156619821235       7.577394173967450E-002  6.402084368412829E-003
   23.7502972133442       7.616756505576544E-002  6.821566913007469E-003
   22.1547375430836       7.656119184289885E-002  7.242049513377533E-003
   112.159572099357       7.748958564624731E-002  6.306456962793492E-003
   96.2865625109891       7.706607440365232E-002  5.916089787130671E-003
   51.5707443867998       7.664356331294549E-002  5.525718890648303E-003
   103.007841688705       7.622005234216005E-002  5.135352088197425E-003
   126.844989731205       7.579654208815419E-002  4.744984990584307E-003
   15.9638488631536       7.621689853705925E-002  4.318359064746953E-003
   95.7628342996962       7.663725469944227E-002  3.891732859091276E-003
   113.416929824705       7.705661098216561E-002  3.465110547476240E-003
   90.8923599809205       7.747696733274972E-002  3.038484413098838E-003
   64.9518063491110       7.625051698891902E-002  2.665216745971651E-003
   80.5483062519254       7.582714529640265E-002  3.087854518296984E-003
   159.927642215384       7.540377739603743E-002  3.511492249818654E-003
   119.791522731175       7.498040980318187E-002  3.935130402951714E-003
   69.9902745441046       7.458178398230496E-002  3.514666391363322E-003
   125.320130075441       7.418315850506400E-002  3.094201817352776E-003
   35.0575529788196       7.378453674566750E-002  2.674737201100754E-003
   79.6128782074387       7.290096662820120E-002  3.565153657857098E-003
   40.2858105816925       7.332349554785662E-002  3.960526131079116E-003
   15.5775982574131       7.374702479463513E-002  4.355894568199388E-003
   224.980918555857       7.417055405382579E-002  4.751263145601267E-003
   71.2917093010041       7.375011310833421E-002  5.155889722184569E-003
   165.928860542019       7.332967170628567E-002  5.560516013813322E-003
   187.538597982986       7.291023034462842E-002  5.965138580328102E-003
   75.5674952341797       7.842517767064158E-002  7.234850646918068E-003
   64.4829474564457       7.881548731386234E-002  6.796340753091023E-003
   71.2926490624597       7.920579337712164E-002  6.356830817429865E-003
   139.203784211335       7.959610365374306E-002  5.918320809902042E-003
   91.9330669936758       7.998641392375420E-002  5.479810297582420E-003
   140.474513308319       8.045509879633865E-002  5.915003205918096E-003
   3.00698767457310       8.092378367292803E-002  6.350195729248227E-003
   113.071985059119       8.139347227845965E-002  6.786384022260288E-003
   128.932267644420       8.186215653795219E-002  7.221576149383354E-003
   20.6579266989714       8.249071475903953E-002  6.588143720388141E-003
   73.0478884342465       8.205191378772081E-002  6.122835235604913E-003
   35.7001082072920       8.161210894939076E-002  5.656531154817846E-003
   161.431149705319       8.117330824059785E-002  5.191223362119814E-003
   20.2417887499927       8.073450823733000E-002  4.725915287645304E-003
   30.9695151642888       8.116985248875430E-002  4.296231326722450E-003
   106.579916880009       8.160519669254301E-002  3.866547121151826E-003
   120.751761448311       8.204154103315188E-002  3.436858957121905E-003
   77.4644958842766       8.247688525308364E-002  3.007174298123562E-003
   2.61535133404503       8.125953872426352E-002  2.660872914626873E-003
   30.5070217789879       8.083323317239723E-002  3.100522232586619E-003
   142.780103046267       8.040692352124340E-002  3.539171547758744E-003
   26.6356669284925       7.998061404410406E-002  3.977821321100129E-003
   1.76433310975030       7.955392941624465E-002  3.542466050986356E-003
   80.1883753649261       7.912724483699690E-002  3.107111046852450E-003
   78.9193085577233       7.870055655437780E-002  2.670756172092374E-003
   15.0286950527581       7.791560560911288E-002  3.461793529522599E-003
   6.85235051839441       7.835524376935468E-002  3.885098644459279E-003
   86.2881129441188       7.879388189581060E-002  4.308407345824659E-003
   91.2826865614637       7.923251976759912E-002  4.731715990867115E-003
   62.3918610837422       7.879703646589091E-002  5.125399867931361E-003
   133.439871797687       7.836155290630724E-002  5.519083945002155E-003
   244.524004553057       7.792506918072316E-002  5.912772105272561E-003
   80.6875463912147       8.312414672427627E-002  7.216702020083652E-003
   57.1601950259129       8.358957164399800E-002  6.807902290314767E-003
   95.0070169768667       8.405599679587974E-002  6.399098503348652E-003
   112.956129448549       8.452142210937058E-002  5.990298377489737E-003
   67.5971499790834       8.498684721964800E-002  5.581497747164263E-003
   67.1301468809821       8.545941599311981E-002  5.986675366933938E-003
  0.299170364162117       8.593098471951491E-002  6.391856735511784E-003
   103.420198223389       8.640355332340627E-002  6.797034095931035E-003
   77.8671146170435       8.687512174053001E-002  7.202215213983723E-003
   22.3636823960559       8.749073023935380E-002  6.581833144126736E-003
   82.1818321469239       8.708191776993701E-002  6.113408549570467E-003
   8.05888699421945       8.667310132788178E-002  5.643984388770380E-003
   67.5734594789004       8.626428888140204E-002  5.175560297243482E-003
   15.2296875490579       8.585547289520423E-002  4.706136087485958E-003
   22.3316382771797       8.626088253489186E-002  4.293567352581165E-003
   26.6725557522931       8.666629599330165E-002  3.881998507590997E-003
   30.2756806465448       8.707170564885021E-002  3.469429650077004E-003
   19.1698499345557       8.747711912570565E-002  3.057860665072558E-003
   7.17576788700991       8.620738662808587E-002  2.611761492598323E-003
   1.24557047813993       8.579796163865482E-002  3.020345785587701E-003
   40.3062761923571       8.538953656115340E-002  3.428926209024644E-003
   4.42861354002644       8.498011156625566E-002  3.837510659463843E-003
   9.10297164166689       8.455054264259147E-002  3.432166787162931E-003
   11.8312752390442       8.412097360280267E-002  3.026823242151467E-003
   15.1379988622307       8.369140462284130E-002  2.621479822205273E-003
   2.07153203825035       8.288553567895814E-002  3.433598811742477E-003
   19.3360092946553       8.329418593955916E-002  3.860023316843138E-003
   47.0719737666555       8.370283609212266E-002  4.286447727766289E-003
   121.154905478359       8.411148617353167E-002  4.712872060316858E-003
   38.3479317323096       8.370629269016548E-002  5.181439823008152E-003
   1.25364533980021       8.330109895524590E-002  5.650007592178719E-003
   141.248177380787       8.289590875291090E-002  6.119575380851686E-003
   14.8283686157657       8.811111233334232E-002  7.197441859347511E-003
   16.4540193579220       8.857956019392657E-002  6.794629735666975E-003
   25.4347395815728       8.904900804686691E-002  6.391813688580985E-003
   24.8260064153856       8.951745973768711E-002  5.990001422193009E-003
   14.7359539138215       8.998690748735003E-002  5.587185189722665E-003
   13.6471987323385       9.052945235790671E-002  5.986092577158527E-003
   6.12405771484116       9.107199337936364E-002  6.383999942583991E-003
   11.0663748073796       9.161553827234876E-002  6.782903380352559E-003
   23.1846815996726       9.215808314338608E-002  7.181810627682915E-003
   7.54008093491680       9.249178667314921E-002  6.845519171027628E-003
   4.15924861556588       9.208869995937498E-002  6.306072136652325E-003
   9.96687741655020       9.168560940826054E-002  5.765625151730540E-003
   15.5036160021508       9.128352275985910E-002  5.226174272931555E-003
   6.70093508558204       9.088043618195327E-002  4.686727211742367E-003
  0.879183648550062       9.127985730463879E-002  4.277181431397927E-003
   6.04172383818268       9.167827845227085E-002  3.867639508190135E-003
   13.5402432895626       9.207769959735072E-002  3.458093704017838E-003
   7.59056086376655       9.247712460523971E-002  3.049547869829663E-003
   5.99906334707077       9.119932645999140E-002  2.586479897104511E-003
  0.928999756196410       9.079287835095884E-002  2.989052764981551E-003
   6.21466043576364       9.038642636422653E-002  3.390625648239036E-003
   8.47260987343486       8.997997823300481E-002  3.793198539799371E-003
   11.5034968160804       8.956743238297558E-002  3.393789005585294E-003
   6.42201754366506       8.915589035887823E-002  2.995375685338909E-003
  0.661189089716625       8.874334449906526E-002  2.595966263391716E-003
   9.73794865532896       8.787969986253344E-002  3.466308685118702E-003
   1.68733524332828       8.828228442951627E-002  3.875756683791960E-003
   5.71945301622088       8.868386511001683E-002  4.284208531438780E-003
   31.1081877824465       8.908644962706172E-002  4.693656484899267E-003
   22.0769651317163       8.868727181350176E-002  5.166201657096546E-003
   20.0398518305521       8.828909007469408E-002  5.637742945118545E-003
   10.3316263223448       8.788991212226825E-002  6.110288047942299E-003
   8.64416860600118       9.282807811578228E-002  7.179222723056544E-003
   16.4445337197735       9.336747886192710E-002  6.764136285117696E-003
   1.03362712797091       9.390787577895172E-002  6.348045977876237E-003
   3.20101509722855       9.444727657441096E-002  5.932959507353649E-003
   2.91513223215509       9.498667734815573E-002  5.517872995245480E-003
   4.61839802246540       9.536026973649997E-002  5.929433086620703E-003
   2.19898228922543       9.573286212355307E-002  6.340997076833083E-003
   7.57131955228601       9.610645838416107E-002  6.753557201797471E-003
   3.64083388272621       9.648005078739745E-002  7.165117347216082E-003
   1.42974462988791       9.748913060080512E-002  6.148212252640848E-003
   7.95169346206588       9.707469687385326E-002  5.777810212195334E-003
  0.410451302588475       9.665926316525636E-002  5.407411999509337E-003
   4.13967249076296       9.624483329382326E-002  5.038009910671140E-003
   2.98127182859066       9.583039954766311E-002  4.667607814760328E-003
   14.4182000151057       9.624164286604146E-002  4.212015932037756E-003
  0.601760900218469       9.665288233682853E-002  3.755424075514384E-003
   1.98539327781418       9.706512563278108E-002  3.299828334245424E-003
  0.137133547537854       9.747636506779908E-002  2.843236473131877E-003
   4.79843878119854       9.633833451485119E-002  2.578630259369913E-003
   4.72392545890257       9.588593702283453E-002  2.994380782136881E-003
   14.7548910360778       9.543253567932104E-002  3.409135166990827E-003
   11.5057428789045       9.498013428571728E-002  3.823885628335290E-003
   9.44549784201773       9.457054207972787E-002  3.412464589230620E-003
   9.46857274587327       9.416094985212778E-002  3.001043596589326E-003
   5.99646560420894       9.375135376926878E-002  2.588622623630397E-003
   7.41370428091371       9.289169362388619E-002  3.454949589105318E-003
   3.51313935190716       9.330726648423700E-002  3.861347433564152E-003
   1.93186410482083       9.372183933360408E-002  4.267749137019345E-003
   13.4313253095876       9.413641217785988E-002  4.674150827790317E-003
   4.53011684682612       9.372550484625679E-002  5.216741942169956E-003
   6.23801427849431       9.331459751100357E-002  5.759333055978791E-003
   4.85379809828404       9.290269402136220E-002  6.302928016500267E-003
   51328.7800571161      -2.190994116460389E-003  1.249820950228077E-002
   22894.9936877141      -1.643300600847726E-003  1.207428841823637E-002
   81222.5770910139      -1.095996262502631E-003  1.165146965322745E-002
   109162.724835309      -5.476976969246043E-004  1.122742983382252E-002
   34271.3598652139       4.729136117879947E-007  1.080315449008498E-002
   57869.3047935724       3.589841398581229E-004  1.122678321868117E-002
   5715.56265861221       7.183780858009003E-004  1.165041689258547E-002
   19215.1486165197       1.076743057116293E-003  1.207297977641396E-002
   12695.4110936401       1.435014559142582E-003  1.249655754167437E-002
   1277.71087368991       2.501281669220649E-003  1.142876251930516E-002
   25123.0089604796       2.076914856464783E-003  1.107110985414610E-002
   8938.63827408665       1.653562016519385E-003  1.071353020958203E-002
   43559.2663106803       1.229222280247892E-003  1.035504287641214E-002
   30662.3397969287       8.051042433869708E-004  9.997478062608228E-003
   15791.1571922148       1.228974577142500E-003  9.529254644777569E-003
   39485.6495891454       1.652656528637611E-003  9.059872646193155E-003
   13040.4921408987       2.075365558842605E-003  8.591514201551081E-003
   4595.84284071491       2.498930851875219E-003  8.122993254399037E-003
   20627.0281010962       1.403777094809645E-003  7.921048214097682E-003
   15871.2899230683       9.361522659882718E-004  8.344439465550911E-003
   20752.0200990590       4.674320879909127E-004  8.768727200111296E-003
   63005.6684577698      -1.968247006851083E-007  9.193130546278919E-003
   72612.0352702916      -5.502080221339361E-004  8.769431338579728E-003
   64820.6736912170      -1.099184541828589E-003  8.345696809279797E-003
   57078.9444859265      -1.649133905450341E-003  7.922904749508412E-003
   214905.237684469      -2.500025159019665E-003  7.800440119448093E-003
   70864.2264626958      -2.076078033093055E-003  8.350030173076064E-003
   32450.8128288557      -1.653100023908471E-003  8.899846077697612E-003
   9290.96512123630      -1.229031757900962E-003  9.448692572577995E-003
   14452.3738833834      -8.048358186144950E-004  9.998491713520461E-003
   18610.6912247205      -1.228663166980817E-003  1.054645749422406E-002
   27262.7690003636      -1.652777119688546E-003  1.109429913416461E-002
   122534.965375845      -2.076131314535387E-003  1.164118926124157E-002
   291092.504363337      -2.500481113987604E-003  1.218970354063974E-002
   1932.87799771350       3.568964792394461E-003  1.249467283940477E-002
   28173.8684445413       3.926863297791048E-003  1.214847528045288E-002
   72960.2669928863       4.284674228423240E-003  1.180313988935076E-002
   85558.7450690669       4.643527695007451E-003  1.145678298464612E-002
   25501.6379341271       5.001382707859989E-003  1.111037388879370E-002
   68632.2163191194       5.400054981849462E-003  1.145568174919463E-002
   142.543675173826       5.797541487721812E-003  1.180116160039616E-002
   13176.6835089697       6.196090055208177E-003  1.214550838661408E-002
   41929.8696081552       6.594540752107310E-003  1.249088337929104E-002
   7823.40708007149       7.502314208699170E-003  1.158047355343909E-002
   13072.9019638954       7.155670290099988E-003  1.118308652437147E-002
   8927.68854341482       6.810130057114208E-003  1.078565419321750E-002
   59562.8111646838       6.463568071942260E-003  1.038929091295244E-002
   54145.0487837101       6.117306090009756E-003  9.991706817106193E-003
   165.858109039624       6.463092152834875E-003  9.658299552980835E-003
   29916.7777906707       6.808653765404761E-003  9.324720137418410E-003
   15891.6984409678       7.153232091345278E-003  8.991187380061555E-003
   5194.97418067188       7.498809406036895E-003  8.657689551819352E-003
   8876.37528103431       5.996710895416147E-003  7.837800244639344E-003
   3576.57105124052       5.664173787067539E-003  8.183307699023385E-003
   13702.5904441079       5.331606319607987E-003  8.529746193339068E-003
   65528.8548225471       4.999205615090738E-003  8.876334410952418E-003
   70896.1047361484       4.530993243702828E-003  8.530882653778504E-003
   75240.1394658879       4.061809213596281E-003  8.185388421201149E-003
   46692.7772489669       3.593617874324630E-003  7.840872501662138E-003
   59113.4985852661       2.845229213450153E-003  8.590537134167060E-003
   22121.5776144061       3.190518154908186E-003  9.058205465567803E-003
   12903.6271613880       3.536883623592530E-003  9.526867434804874E-003
   7676.41563334242       3.883305260528627E-003  9.994523399215156E-003
   18837.4772584047       3.537621237112641E-003  1.035280913106607E-002
   33843.2554534115       3.191862579302227E-003  1.071208306781473E-002
   70955.8034290378       2.847030715527398E-003  1.107034255530061E-002
   40553.5587321709       8.412439313596542E-003  1.248771916517777E-002
   28418.7368459853       8.809981967228223E-003  1.202835009195231E-002
   62319.8231553025       9.207456296089836E-003  1.156882396177242E-002
   109212.729576219       9.604086536145317E-003  1.110927343920544E-002
   42829.5219157581       1.000177462224839E-002  1.064957775714735E-002
   106196.271136528       1.039416073212512E-002  1.110761343117144E-002
   4124.39887134917       1.078545219257709E-002  1.156552769534668E-002
   34220.7792133320       1.117768673413318E-002  1.202330694943365E-002
   14391.0049432929       1.156881653054204E-002  1.248106355957874E-002
   2633.94644159788       1.250448219315736E-002  1.154077682902275E-002
   35798.9744514551       1.204439197859903E-002  1.115193788118689E-002
   2451.47662949303       1.158428203831023E-002  1.076228368421765E-002
   89126.1667797683       1.112425517324299E-002  1.037374202288066E-002
   45193.5508651884       1.066464384643179E-002  9.984062599435396E-003
   5796.47439795768       1.112322158085496E-002  9.610357438224564E-003
   74038.6385601651       1.158164700823083E-002  9.235464592840914E-003
   69429.0408315210       1.204010350462761E-002  8.861554790839790E-003
   37272.2664305486       1.249852975697208E-002  8.486593403979290E-003
   4741.13693150942       1.111742958778049E-002  7.942313580355173E-003
   10789.1070018490       1.074522699388780E-002  8.401991884158163E-003
   69166.5676151184       1.037191829322612E-002  8.861626894576480E-003
   61252.3918399276       9.999711957063768E-003  9.321473163197213E-003
   19927.3996618526       9.666054454058640E-003  8.863129794452444E-003
   36419.9164259276       9.332448536901329E-003  8.404693850253284E-003
   6886.96778256045       8.998784834640191E-003  7.946279274839358E-003
   50130.3316410819       7.958362392533110E-003  8.989833427640717E-003
   26188.9278104774       8.417787535050755E-003  9.322135692652890E-003
   44152.9062299021       8.877264057795519E-003  9.654375292777326E-003
   26311.9754575485       9.336709041317936E-003  9.986645741459604E-003
   45990.3088124779       8.878245894218534E-003  1.038525035752144E-002
   80742.2223321940       8.419580393067713E-003  1.078283914368364E-002
   143151.119609622       7.960841064892397E-003  1.118147413016617E-002
   38268.1935914021       1.344460643812815E-002  1.247628113966100E-002
   72161.1393690660       1.383338642854199E-002  1.192864959624852E-002
   5928.70740192039       1.422326908635697E-002  1.138005152340047E-002
   32847.9000642826       1.461250435786051E-002  1.083258227473242E-002
   39692.4516711033       1.500293764000750E-002  1.028477764781439E-002
   31169.1025509950       1.543677009168781E-002  1.083031031440231E-002
   51924.0622321042       1.587049936185681E-002  1.137567715281130E-002
   69272.8760630536       1.630502489100323E-002  1.192211540338250E-002
   7242.88432685049       1.673836038132926E-002  1.246769294932110E-002
   24183.7981202286       1.750739198842319E-002  1.169475001656933E-002
   29881.5137604057       1.695914973724438E-002  1.126417100401537E-002
   5276.87977659222       1.640975557161664E-002  1.083287288214652E-002
   78431.7460571565       1.586130377330210E-002  1.040283006030314E-002
   17187.3500026467       1.531321003366569E-002  9.972861058212273E-003
   21230.6080374317       1.585957138711713E-002  9.660440254352629E-003
   55245.4393659168       1.640580796898120E-002  9.347897995161792E-003
   25766.2076562765       1.695303677954592E-002  9.036355538252133E-003
   3958.42443782214       1.749918213599217E-002  8.723725722402624E-003
   2844.47849337439       1.592919860898568E-002  8.018198123525038E-003
   9840.17965797823       1.562071581316760E-002  8.567053783263508E-003
   28865.1064255419       1.531113692292433E-002  9.114859395517016E-003
   52665.5949568688       1.500152798188749E-002  9.662730734077127E-003
   32595.0080296692       1.462711930947868E-002  9.116880315074618E-003
   51850.9366116816       1.425179173807333E-002  8.571067726125535E-003
   5618.25951936078       1.387752705854608E-002  8.024194727238306E-003
   26791.6414836364       1.304653615871371E-002  8.859162865401143E-003
   7951.94913310873       1.359544762555839E-002  9.230813092435723E-003
   48002.4665561280       1.414342504837261E-002  9.603265271515381E-003
   68022.7864078891       1.469130379858155E-002  9.974532206286376E-003
   78902.7112763192       1.414489018907278E-002  1.036620425347753E-002
   98244.1113294684       1.359827641389584E-002  1.075711009873310E-002
   132205.911798149       1.305074380330964E-002  1.114925084648937E-002
   19388.7817581871       1.828023038330000E-002  1.246364614071381E-002
   15012.4821261194       1.871132341296229E-002  1.205160470139279E-002
   63892.8935979253       1.914334225545873E-002  1.163942633254452E-002
   56595.4489590465       1.957438206739602E-002  1.122819963954737E-002
   15639.6390175618       2.000531969892633E-002  1.081580306741729E-002
   24776.8328121134       2.040176009838009E-002  1.122536336004454E-002
   20532.6770853585       2.079709016749032E-002  1.163400388049429E-002
   40868.0168854584       2.119341725584294E-002  1.204359174795290E-002
   13752.9738135809       2.158976777522187E-002  1.245312320805082E-002
   44690.3259800464       2.250769516406727E-002  1.152914381733407E-002
   3657.70223645433       2.209543806428050E-002  1.113550647772235E-002
   21897.9773249291       2.168313912164622E-002  1.074197286954069E-002
   57375.4699149213       2.127185394291969E-002  1.034946906569853E-002
   32661.0936457197       2.085975179486731E-002  9.955855377620563E-003
   8898.35987241361       2.126948998707856E-002  9.522470902890240E-003
   23698.0452164949       2.167799743980029E-002  9.089939964987430E-003
   16340.0220695961       2.208749932329437E-002  8.656458733623024E-003
   14348.8934536189       2.249693692757316E-002  8.223971541321441E-003
   17255.1840654570       2.129071229102932E-002  7.865252576116687E-003
   14932.2358060081       2.086017887940480E-002  8.277829710604107E-003
   2556.24897237582       2.043060700046164E-002  8.689299658520798E-003
   63231.4216965041       2.000014637088856E-002  9.101847008048473E-003
   54255.4326015057       1.968804583362873E-002  8.691838340746230E-003
   36904.7139988739       1.937589431431051E-002  8.282855450897318E-003
   734.099819367350       1.906470774535723E-002  7.872867425688181E-003
   57254.3432978212       1.791116428172646E-002  9.033315256902945E-003
   37151.9100322421       1.832300758137040E-002  9.342074748788497E-003
   30249.9097742815       1.873387997230791E-002  9.651804565775395E-003
   41346.7900786106       1.914582718265918E-002  9.961465450850726E-003
   1619.22586967717       1.873606731719599E-002  1.039453320235576E-002
   308.304289215206       1.832724703524576E-002  1.082759756805509E-002
   39697.0266173456       1.791730650911250E-002  1.126161340878384E-002
   1518.93496106176       2.343166924693428E-002  1.244691460451028E-002
   3676.47483227921       2.382525088678399E-002  1.199458083979402E-002
   21075.4327694387       2.421871271016211E-002  1.154315702872276E-002
   5411.09614243208       2.461118585274833E-002  1.109076622855928E-002
   11894.7898900885       2.500460885504585E-002  1.063933710198790E-002
   16909.9950593909       2.545612347963428E-002  1.108768852594643E-002
   31032.3651125305       2.590762761365523E-002  1.153707168190780E-002
   7848.88182275905       2.635917506393160E-002  1.198542011029978E-002
   4915.73076096040       2.681070474443111E-002  1.243479135146564E-002
   18653.2124471939       2.750824821116641E-002  1.173216438514981E-002
   50637.1203751835       2.705569541831212E-002  1.128391854022366E-002
   34142.4776050102       2.660420749276491E-002  1.083558251232217E-002
   42966.7805950788       2.615171295931000E-002  1.038724651254728E-002
   12812.2966430456       2.570026333579348E-002  9.938856733656149E-003
   632.346201929789       2.614854750424727E-002  9.415224686197243E-003
   28594.3155701017       2.659765854121706E-002  8.892469142722058E-003
   16889.5532571767       2.704573318046354E-002  8.368728467362516E-003
   10179.4042080595       2.749475122239509E-002  7.844991555418257E-003
   32045.1026917523       2.655990045529173E-002  7.886560456980368E-003
   5864.96399078525       2.603960089810899E-002  8.338579026354622E-003
   9340.39072545465       2.552026609131734E-002  8.791486019055852E-003
   45467.6208488065       2.499995134884188E-002  9.243397615174530E-003
   44651.4879392900       2.456658512235722E-002  8.794934283840729E-003
   37237.2252791631       2.413422648011409E-002  8.345380272088922E-003
   3492.50399547115       2.370080939339017E-002  7.896819685239283E-003
   64187.6504864844       2.294928486288517E-002  8.653315573144683E-003
   38294.9465733813       2.340057384848581E-002  9.083794601999942E-003
   29920.2441213467       2.385289809855660E-002  9.513292210068244E-003
   5072.13663649299       2.430427675781153E-002  9.943808169025299E-003
   21716.6359718664       2.385558005129223E-002  1.034038145621540E-002
   673.743357942200       2.340594576974825E-002  1.073598725807131E-002
   14990.7001725736       2.295728520877475E-002  1.113253078261934E-002
   7206.31608834033       2.821067398226761E-002  1.242945136472889E-002
   4862.86218408477       2.865925886275814E-002  1.200481317153119E-002
   41267.4276579553       2.910775208107592E-002  1.158108825479148E-002
   25109.7787178267       2.955627053918986E-002  1.115638199901424E-002
   2900.68436346268       3.000475121460002E-002  1.073262376315994E-002
   9097.86717986065       3.039041156562659E-002  1.115306445886135E-002
   20926.5436931869       3.077702329145753E-002  1.157451215413817E-002
   16757.8620500920       3.116262963955293E-002  1.199492370023702E-002
   18201.2178207368       3.154915740421683E-002  1.241637125800998E-002
   965.812695251370       3.250757221872778E-002  1.145064472062741E-002
   11383.4014965998       3.208306574234793E-002  1.106733482399234E-002
   13058.1488297011       3.165960003339780E-002  1.068502221037792E-002
   38627.0682847160       3.123512949285867E-002  1.030176515572966E-002
   12243.9412145272       3.081176591854268E-002  9.919463325728479E-003
   7753.69753397043       3.123253832100105E-002  9.557953233593963E-003
   25020.6708240198       3.165420836011985E-002  9.195347185776541E-003
   17278.3074564230       3.207491619714040E-002  8.833772840955902E-003
   15229.6501793161       3.249661631983447E-002  8.472185091412440E-003
   15079.3568040051       3.107526863436713E-002  7.841472921308188E-003
   12208.6383873356       3.071679890850237E-002  8.264833431664020E-003
   37187.6387262280       3.035730213191460E-002  8.689176496957458E-003
   36439.6901191711       2.999889913212664E-002  9.112636908101381E-003
   39377.1158427052       2.947543914650428E-002  8.692682363991136E-003
   60659.1577012801       2.895305859476079E-002  8.271622121318670E-003
   43283.9974947044       2.842968931086427E-002  7.851549795110390E-003
   48364.4213744661       2.791945410635899E-002  8.365356950193621E-003
   20476.1725559897       2.834318011243515E-002  8.885812241985973E-003
   24278.3022646099       2.876798502760535E-002  9.405250023769102E-003
   9878.01799825341       2.919179855470001E-002  9.925716314788550E-003
   26028.9767405408       2.877140338880370E-002  1.037729709413348E-002
   17441.0579255629       2.835002424785305E-002  1.082890704440231E-002
   44758.7175068731       2.792959965752734E-002  1.128048092683309E-002
   25102.8915629928       3.347304130599447E-002  1.240885100766278E-002
   23691.6782536259       3.385652520326422E-002  1.197457922510565E-002
   27986.6382233393       3.423896988199662E-002  1.154121575535952E-002
   40065.9996235143       3.462249960204538E-002  1.110684437822260E-002
   22369.5600788129       3.500502549453938E-002  1.067236981959344E-002
   38697.8081220000       3.543989563735739E-002  1.110359250022720E-002
   912.812429333620       3.587473929783644E-002  1.153474092751155E-002
   23927.3700685147       3.630953883063692E-002  1.196481747908556E-002
   28508.6209062972       3.674423505930942E-002  1.239589411340223E-002
   12898.0413481541       3.750918718187678E-002  1.162483530263075E-002
   22670.1644278657       3.707434372773399E-002  1.119359878753014E-002
   1041.25122003856       3.664049845034895E-002  1.076247127246861E-002
   36017.9107966894       3.620570225699477E-002  1.033140556270813E-002
   1244.87814602219       3.577107529259901E-002  9.900287404114534E-003
   14920.8066217172       3.620242299994809E-002  9.445746075499629E-003
   21953.8740884861       3.663376311762048E-002  8.991155747069119E-003
   27234.6688903001       3.706416100546705E-002  8.536562411260362E-003
   23241.0475742814       3.749554572420456E-002  8.081885685254130E-003
   10673.5756230284       3.635356384067845E-002  7.831185818996014E-003
   17873.8919068225       3.590212131481192E-002  8.264845933404857E-003
   46061.0404712520       3.545064118090634E-002  8.699519324294028E-003
   8907.08820849874       3.499923335570696E-002  9.134332074603513E-003
   876.570554987930       3.463754962695178E-002  8.702774252614563E-003
   16605.7915622897       3.427489228576217E-002  8.271238290167725E-003
   13263.2575448609       3.391325674918824E-002  7.840712423134635E-003
   850.463786650829       3.293103202801460E-002  8.830492802002179E-003
   2326.32931480860       3.336441879813051E-002  9.188805393857968E-003
   17953.5982371639       3.379881222457313E-002  9.548064086564109E-003
   11381.5697067450       3.423315826668342E-002  9.906309223337840E-003
   15357.9686472353       3.380156148117620E-002  1.029181191069391E-002
   28251.5831415778       3.336990279274022E-002  1.067834653825572E-002
   66766.5966293048       3.293918064235297E-002  1.106389384802172E-002
   13937.7753024205       3.828012691059787E-002  1.238979823338748E-002
   17732.6044117042       3.871139202568817E-002  1.193328081269221E-002
   16867.3790687648       3.914273267037455E-002  1.147675399536106E-002
   27909.0236712159       3.957414925866313E-002  1.102020295666263E-002
   20773.5017759268       4.000553797840421E-002  1.056351045775577E-002
   13598.9897999633       4.034742040074592E-002  1.101710550100805E-002
   7779.97604242035       4.068925432206053E-002  1.147067259378206E-002
   22723.6255694780       4.103103531007654E-002  1.192423981562339E-002
   13090.5914885213       4.137278970514910E-002  1.237780440508478E-002
   6071.88994094603       4.250836248135680E-002  1.123343715341029E-002
   26929.7517162999       4.205199826840230E-002  1.089518057343336E-002
   14272.2052625967       4.159559749594805E-002  1.055700897971909E-002
   4871.25141965525       4.113920312771785E-002  1.021888911214305E-002
   10469.7520387901       4.068287371898049E-002  9.880795211717959E-003
   15113.6281060350       4.113606442215282E-002  9.409137537036994E-003
   9709.76557486477       4.158930254622727E-002  8.936476538607940E-003
   12893.9484828128       4.204259518890195E-002  8.464801773095743E-003
   8760.06444299527       4.249585525937172E-002  7.992024686579155E-003
   783.594113123776       4.140622792178453E-002  7.833164944732894E-003
   7286.40370404780       4.093791502602353E-002  8.289883615898583E-003
   28042.0754968664       4.046856497155732E-002  8.746632599803792E-003
   5657.51221783478       4.000025651877794E-002  9.203483886228230E-003
   8466.19726856633       3.954537226632510E-002  8.750318331171845E-003
   9003.56620576024       3.909047553808440E-002  8.297250179342486E-003
   17344.2805307220       3.863561976902277E-002  7.844220158971550E-003
   8888.52808188809       3.795243721379089E-002  8.533038156154138E-003
   2539.13865073468       3.840932433892791E-002  8.984120176381305E-003
   20226.3913900833       3.886618043036399E-002  9.435149208474325E-003
   30038.0306363569       3.932295496710850E-002  9.886180168380698E-003
   3291.60133153285       3.886958538422096E-002  1.032076596607630E-002
   17522.6511609130       3.841613824080445E-002  1.075537742964745E-002
   46885.0269503073       3.796263755082065E-002  1.119003340651888E-002
   8716.17043561375       4.365270849747252E-002  1.236904426557574E-002
   8255.85205132563       4.399119900435881E-002  1.197181230350418E-002
   5227.97526708107       4.432970029598345E-002  1.157456510320221E-002
   9078.37944431224       4.466823247746408E-002  1.117731501208577E-002
   10189.4988285421       4.500675778000705E-002  1.078101359493988E-002
   10045.6654219051       4.544032050564180E-002  1.117433118317372E-002
   3977.75611678768       4.587488671381915E-002  1.156862000988951E-002
   10966.1763384171       4.630843600834088E-002  1.196289835100840E-002
   10947.9166323691       4.674298001564910E-002  1.235714697115742E-002
   2896.45355289700       4.750997110974286E-002  1.158419773096007E-002
   11787.6471450195       4.711227501977281E-002  1.115272535798056E-002
   939.362333848154       4.671456598984905E-002  1.072230670080153E-002
   7234.32461040017       4.631687551033772E-002  1.029089322504400E-002
   6137.53601642591       4.592022229624242E-002  9.860468873499166E-003
   5391.89491362517       4.631366364269452E-002  9.453981707979186E-003
   2646.52785540811       4.670810339990047E-002  9.047476583964072E-003
   1128.65027936986       4.710255159925621E-002  8.639969056033422E-003
   275.918286929357       4.749698734897909E-002  8.233428066125948E-003
   2738.57771911248       4.621113068693557E-002  7.755384545105174E-003
   2526.52936241145       4.580666406418676E-002  8.152925804857115E-003
   4093.12189597175       4.540318078619242E-002  8.550461809451130E-003
   1438.03353336527       4.499970235457163E-002  8.947022534198249E-003
   3914.01756844071       4.452814823334705E-002  8.553837564823186E-003
   2998.36579471654       4.405555715115571E-002  8.159726203912553E-003
   6395.59028997874       4.358397338047036E-002  7.765642431524164E-003
   883.571931116945       4.289375086127711E-002  8.461423156809235E-003
   8259.29716659407       4.329162315876746E-002  8.929796087426977E-003
   10637.4196358240       4.368946196692357E-002  9.399171115820313E-003
   18880.0722764471       4.408628012040187E-002  9.867547362864640E-003
   2285.59056037765       4.369256339131408E-002  1.020897540783940E-002
   7586.18996847994       4.329783941617746E-002  1.055043898558070E-002
   18818.2780868075       4.290309332266586E-002  1.089191465717047E-002
   2708.48414759220       4.828293850945365E-002  1.235123834646201E-002
   3519.68800788636       4.871429238183285E-002  1.192559119844313E-002
   1910.45494968505       4.914465588164791E-002  1.149994876819364E-002
   4026.25729558680       4.957601945918587E-002  1.107329976710274E-002
   736.157591112535       5.000637367440008E-002  1.064763169051982E-002
   5999.86951998248       5.045399224702204E-002  1.106990294493773E-002
   3283.66680022815       5.090161589416645E-002  1.149317572596856E-002
   4668.91419941729       5.134923238493962E-002  1.191545578933289E-002
   2107.15460604419       5.179685677086590E-002  1.233773312175931E-002
   5207.69537169127       5.251009586183118E-002  1.161899092318175E-002
   1567.42453403540       5.208439713386892E-002  1.117462265478817E-002
   2049.04706596943       5.165869057448740E-002  1.073025832428359E-002
   200.224826286728       5.123198158628815E-002  1.028589579148014E-002
   4129.06737997749       5.080626068342180E-002  9.841536445144995E-003
   4559.19128625374       5.122914369600749E-002  9.553896165390164E-003
   3653.18805976768       5.165302324374947E-002  9.266249932143264E-003
   5722.75779355378       5.207590532654544E-002  8.978611510606724E-003
   4260.29920439866       5.249877904875482E-002  8.690963066321965E-003
   156.193279783735       5.085317853927092E-002  7.765342752556134E-003
   2233.43195732243       5.056883416466897E-002  8.190449656618836E-003
   2564.79559669623       5.028449234124405E-002  8.616552707548323E-003
   933.448065517226       5.000015057784196E-002  9.041655051729580E-003
   3042.30301701287       4.959351081086471E-002  8.619223506011353E-003
   24.5165074032785       4.918685239100076E-002  8.195816994819825E-003
   3275.25689238236       4.877920464289633E-002  7.773414239347316E-003
   84.3340328074842       4.792256370505241E-002  8.636768734041268E-003
   2911.84904130429       4.834814498415815E-002  9.041101070898130E-003
   1544.96695203683       4.877471303871914E-002  9.444430514901573E-003
   11142.3979647916       4.920028830582996E-002  9.847750673859665E-003
   3332.04629008380       4.877795861336317E-002  1.028135408626133E-002
   4276.59919321875       4.835463744015250E-002  1.071597033770277E-002
   2675.46905833853       4.793230427275107E-002  1.114958271048576E-002
   84.1351779250718       5.322884394169489E-002  1.233222718982340E-002
   284.544651074889       5.367300493730495E-002  1.185349943429945E-002
   948.002116518220       5.411715206776106E-002  1.137576507726533E-002
   4666.58984259006       5.456128807588110E-002  1.089703530560776E-002
   2834.91079365098       5.500542665097728E-002  1.041931760740666E-002
   2971.57706454384       5.536323763405027E-002  1.089394850573975E-002
   319.354198897773       5.572005905534428E-002  1.136959065287700E-002
   2084.01238353662       5.607788506021836E-002  1.184422941203260E-002
   1377.04475693028       5.643472254723383E-002  1.231986984703116E-002
   2853.93539044192       5.750855700075446E-002  1.123771710460574E-002
   4831.92271271053       5.703020309777426E-002  1.088456213123046E-002
   3541.73207246423       5.655284939148816E-002  1.053039316375342E-002
   933.871054446846       5.607449927496399E-002  1.017721964047034E-002
   124.301758299778       5.559713544204046E-002  9.823037983770384E-003
   849.318163872181       5.607169511211255E-002  9.450185106704567E-003
   3362.44177593263       5.654724376306770E-002  9.077330490785313E-003
   4598.72230755463       5.702178618334709E-002  8.703485916856430E-003
   3048.20208816368       5.749733466554346E-002  8.330645451219030E-003
   512.918647947489       5.610926415866856E-002  7.798019576982274E-003
   1280.85935054747       5.573911798797341E-002  8.275466163126848E-003
   4460.37810517278       5.536998259534614E-002  8.753906173130170E-003
   2595.04414620442       5.500084556639211E-002  9.231333938998316E-003
   2224.78692490319       5.471302839831248E-002  8.756432109259988E-003
   1545.61321331167       5.442519571194925E-002  8.280529641807024E-003
   804.245883959029       5.413736213750564E-002  7.805626245073425E-003
   4417.49357976437       5.297686717587752E-002  8.975118951223875E-003
   5269.27753043996       5.345395856053112E-002  9.259276957155508E-003
   2961.81001277496       5.393204619599809E-002  9.543441275503757E-003
   1096.65907230999       5.440914080507708E-002  9.827613983798429E-003
   167.015511172807       5.393486750580252E-002  1.027546259685921E-002
   3073.90096439113       5.345960942753571E-002  1.072331666369764E-002
   4492.95642624007       5.298535364095013E-002  1.117115753474089E-002
   1176.93902876525       5.859071220025128E-002  1.231153916521084E-002
   1088.79295209582       5.894401176187911E-002  1.187016049236281E-002
   142.376575644449       5.929830300306941E-002  1.142877530775126E-002
   1505.90953653305       5.965158904538619E-002  1.098739549075032E-002
   2024.50267896541       6.000587534377485E-002  1.054602155116237E-002
   1751.12443719519       6.044956204458810E-002  1.098431312508428E-002
   530.717126791486       6.089224834441814E-002  1.142261502088220E-002
   1456.36459291039       6.133593847839831E-002  1.186091542067532E-002
   1450.03154461034       6.177863378616758E-002  1.229922026314456E-002
   812.926566061674       6.250979465406560E-002  1.156238845352777E-002
   2336.05442477458       6.206810254933586E-002  1.112309207216996E-002
   540.858874749740       6.162640896938634E-002  1.068278680752266E-002
   732.714846892578       6.118471606031672E-002  1.024347870904962E-002
   1894.33910808612       6.074301302855649E-002  9.803170827294278E-003
   1122.34454729376       6.118121378777622E-002  9.336463605364661E-003
   328.386929699242       6.161940652762544E-002  8.869754533212445E-003
   1406.62330338037       6.205759481926382E-002  8.403047646884858E-003
   920.911081329721       6.249578471117289E-002  7.936350148199734E-003
   542.409371614377       6.139001991026786E-002  7.740634095315492E-003
   674.952583109097       6.092673189939306E-002  8.182439934265363E-003
   2076.35438028901       6.046344681533176E-002  8.624241788070034E-003
   1948.62226757886       6.000016013337899E-002  9.066036042047939E-003
   1721.97969219245       5.962747686898693E-002  8.627468723494860E-003
   41.2967165792568       5.925479343521076E-002  8.188891298698056E-003
   1100.79222389452       5.888110455371909E-002  7.750315669156808E-003
   2782.38730508155       5.793875072317369E-002  8.699947913622065E-003
   1583.21165302000       5.838017182452582E-002  9.070255075892712E-003
   167.342606202593       5.882159152816661E-002  9.439568191465186E-003
   3145.75143638670       5.926301660851439E-002  9.808885974906371E-003
   22.1823713513406       5.882439911057458E-002  1.016660133631350E-002
   1477.76050224407       5.838578194946167E-002  1.052331145408459E-002
   2656.90591008355       5.794717109796769E-002  1.088101652783293E-002
   900.382628738471       6.324662762240238E-002  1.229354186329263E-002
   762.192406803096       6.368589240989009E-002  1.184383207721536E-002
   62.8544310096695       6.412615208988233E-002  1.139411748644027E-002
   552.083708518052       6.456540956231953E-002  1.094440855983587E-002
   714.270751751070       6.500566487918862E-002  1.049370200581134E-002
   441.022703273941       6.549539340328407E-002  1.094081343765395E-002
   166.141617535149       6.598611696683815E-002  1.138692435381601E-002
   1038.19969740906       6.647584185013387E-002  1.183304052313230E-002
   817.936070953933       6.696556880609114E-002  1.227915753336955E-002
   431.199655946632       6.751045195141532E-002  1.173004641104307E-002
   779.485237078856       6.706057242203958E-002  1.124378122949020E-002
   230.211335974068       6.661069429586736E-002  1.075751130930175E-002
   565.185610950013       6.616081030199707E-002  1.027024101448467E-002
   835.887541187684       6.570992745555045E-002  9.783975282909814E-003
   227.860114872575       6.615746312857082E-002  9.404239408733422E-003
   390.410071516583       6.660400149553297E-002  9.025508586068640E-003
   240.279620120598       6.705053545226318E-002  8.645778938470452E-003
   22.6770168160400       6.749707543664801E-002  8.267053218587192E-003
   417.223814738905       6.612799194729116E-002  7.730338131545771E-003
   416.226921092351       6.575172515165449E-002  8.179798159574448E-003
   147.841089269581       6.537646041897109E-002  8.629254696300274E-003
   492.464692176838       6.500020025545450E-002  9.079713739351448E-003
   714.665959459900       6.453347475664628E-002  8.632513626394726E-003
   423.626272129964       6.406675597269106E-002  8.186306015003444E-003
   571.902711289814       6.360003535745422E-002  7.740095927452299E-003
   857.381553334215       6.294556945647614E-002  8.399619814258043E-003
   148.873001527110       6.339535435217816E-002  8.862893922429286E-003
   646.468249456540       6.384514253056442E-002  9.326169257098688E-003
   2087.97400693981       6.429593417772632E-002  9.789440884401006E-003
   685.923421108001       6.384864766150830E-002  1.023318319737284E-002
   48.4349433403021       6.340236049751569E-002  1.067592088386061E-002
   804.086825875256       6.295607953638473E-002  1.111965661928004E-002
   311.570007594822       6.805956272497329E-002  1.227492727301222E-002
   286.526839668130       6.854583499967462E-002  1.182704242668574E-002
   17.4926844995626       6.903210707589916E-002  1.137915825585239E-002
   172.426643144577       6.951937913375249E-002  1.093127088201535E-002
   21.6625104374237       7.000565249589012E-002  1.048338947315925E-002
   358.251521426028       7.045437257150780E-002  1.092766018249853E-002
   232.691383018466       7.090409259638149E-002  1.137192702419495E-002
   411.279043239082       7.135281290375316E-002  1.181619739049027E-002
   226.388607027754       7.180153270012625E-002  1.226046808832086E-002
   443.066584350246       7.250978099284987E-002  1.154672625751091E-002
   108.524681392001       7.206205664036620E-002  1.110145257164473E-002
   222.984945080765       7.161433285719462E-002  1.065617829094204E-002
   131.159804705090       7.116660521680530E-002  1.020990411270860E-002
   251.589138183509       7.071888187252387E-002  9.764629601154486E-003
   255.900197584828       7.116332249329589E-002  9.359910012805875E-003
   122.330555066156       7.160776358196415E-002  8.955190792763003E-003
   322.758081358761       7.205220452084292E-002  8.550471356959027E-003
   257.680171837121       7.249664598831589E-002  8.145752515841960E-003
   60.8949648885235       7.120394868634003E-002  7.708740560698632E-003
   217.861935112873       7.080267315770951E-002  8.156293426467927E-003
   151.825591675051       7.040139783642231E-002  8.603846602823888E-003
   135.713276444365       7.000012223551230E-002  9.051399608690508E-003
   202.232691351960       6.962040283587423E-002  8.606862698676694E-003
   23.3363342644663       6.924168434037337E-002  8.162320434359183E-003
   161.993208623422       6.886196553515404E-002  7.717782024032179E-003
   118.169690728772       6.794452722506091E-002  8.642329443714458E-003
   261.198011837710       6.839198296677711E-002  9.018605947082084E-003
   204.516926403736       6.883943539990023E-002  9.393882435731415E-003
   806.737775034285       6.928689144350408E-002  9.770159698654135E-003
   274.488770048135       6.884277983244563E-002  1.025988127780405E-002
   387.636318821547       6.839867229180917E-002  1.075060281212449E-002
   157.189513406164       6.795456200301923E-002  1.124032484976158E-002
   33.9487231834438       7.322352259044511E-002  1.225497484831570E-002
   119.221077441949       7.366877694610574E-002  1.180225189295751E-002
   54.1165380059647       7.411403237320098E-002  1.134952945104138E-002
   301.453742433124       7.456028793848826E-002  1.089680282383985E-002
   160.038066506986       7.500554380483901E-002  1.044407991972499E-002
   265.184906822659       7.538528415726449E-002  1.089361643750215E-002
   62.6567344334321       7.576602422699812E-002  1.134314867241491E-002
   1.53384693619141       7.614576397094745E-002  1.179268457198713E-002
   56.2514713472228       7.652650302486166E-002  1.224221684343957E-002
   278.977406201902       7.750868750793938E-002  1.125241583562275E-002
   288.878102323763       7.705622606776565E-002  1.087516056647542E-002
   233.471470164473       7.660376850965718E-002  1.049890562604725E-002
   74.0170324466148       7.615130714406425E-002  1.012165113552442E-002
   20.9038725515093       7.569885025750946E-002  9.745396679374877E-003
   73.3088307875210       7.614833313566481E-002  9.351658622047605E-003
   152.414735023520       7.659781670396203E-002  8.957920616939988E-003
   293.287314503063       7.704730038935717E-002  8.564182232895757E-003
   199.091152156484       7.749678412043948E-002  8.170443522328213E-003
   35.3507943296359       7.617093641048506E-002  7.694559444386095E-003
   108.524028515263       7.578068034414481E-002  8.147069197984847E-003
   224.435053185058       7.539042401264268E-002  8.599579210174945E-003
   192.037391914226       7.500016749683187E-002  9.052089682760910E-003
   254.191794428170       7.459542767232938E-002  8.602649700512586E-003
   27.8592813534085       7.419068826544371E-002  8.153209755844111E-003
   69.0721494341349       7.378594905112248E-002  7.703770017737366E-003
   225.500194407285       7.294919987887530E-002  8.547007883384500E-003
   242.293622521516       7.340175360287893E-002  8.948263182231565E-003
   72.6407376883880       7.385430744359010E-002  9.349517987524820E-003
   153.935418210457       7.430686069024627E-002  9.750772912496973E-003
   2.54026706131131       7.385759042969162E-002  1.019951114091182E-002
   203.384014486066       7.340832324492677E-002  1.064924911468981E-002
   191.840583146935       7.295905222533536E-002  1.109798760086367E-002
   63.5184840856172       7.849848816725306E-002  1.223460108511045E-002
   62.8772910312114       7.887599070033194E-002  1.184614079398163E-002
   108.006801965803       7.925249388292634E-002  1.145768453514559E-002
   246.157212049729       7.962999332109773E-002  1.106822411462960E-002
   167.094590034200       8.000649667345372E-002  1.067976713884560E-002
   179.560630091984       8.029998990134493E-002  1.106563626730242E-002
   54.7919073527660       8.059248676075803E-002  1.145250915263856E-002
   10.2008158836619       8.088597959962250E-002  1.183837806952531E-002
   62.9384337970772       8.117947225196748E-002  1.222424697167408E-002
   148.492668922411       8.250731364264884E-002  1.088610836569734E-002
   205.979591999324       8.211918828533087E-002  1.059560528481747E-002
   156.326708686442       8.173106291896511E-002  1.030510241407992E-002
   60.6983716524683       8.134194147672254E-002  1.001560359494306E-002
   32.3818498921171       8.095381648974904E-002  9.725100922597846E-003
   65.0551622031892       8.133900984490186E-002  9.256610300067495E-003
   11.2652742326481       8.172520372573128E-002  8.788116005674390E-003
   93.6328147680254       8.211039413672119E-002  8.318625537419820E-003
   87.7871594827374       8.249558845686297E-002  7.850134494525993E-003
   52.3209366448040       8.139665429687327E-002  7.610375903262513E-003
   132.917996630839       8.093015176884046E-002  7.999179795612562E-003
   198.639202301962       8.046465301147408E-002  8.388980173237283E-003
   162.208425480069       7.999915048431169E-002  8.777780949936941E-003
   182.355668312678       7.960565797975219E-002  8.392297968254565E-003
   74.8699003931287       7.921216163132772E-002  8.005815422455794E-003
   6.30881697671773       7.881866936523045E-002  7.620333087023529E-003
   202.056315408707       7.788529610604786E-002  8.560945754610100E-003
   109.220681509738       7.827380795241787E-002  8.951447694592744E-003
   1.03307271898227       7.866331960722585E-002  9.341945503876084E-003
   78.3818500344772       7.905183093950248E-002  9.732447079683772E-003
   25.9910274883442       7.866629365053639E-002  1.011193814497854E-002
   103.879440171909       7.827975978150639E-002  1.049243306773298E-002
   169.438458057192       7.789422186785529E-002  1.087192441206820E-002
   48.6870046968840       8.384545212571598E-002  1.221395028254401E-002
   35.7168743287504       8.413601698586588E-002  1.184182567347600E-002
   13.5806244881549       8.442658213306532E-002  1.146970115198973E-002
   67.0720866406982       8.471614360495089E-002  1.109658046042533E-002
   91.0319995596272       8.500670894151889E-002  1.072445563264427E-002
   127.156130595385       8.546813869647299E-002  1.109367640288536E-002
   98.7826321195558       8.592957244195880E-002  1.146389682659500E-002
   10.4620572242060       8.639100226849193E-002  1.183311703681527E-002
   43.5239857908605       8.685243195835188E-002  1.220233700801400E-002
   31.7545699839814       8.750987769562242E-002  1.153979279558515E-002
   86.1546714240705       8.713710338522834E-002  1.108122924195735E-002
   20.1631298588425       8.676432913051861E-002  1.062266601988992E-002
   61.2603740073501       8.639055516798173E-002  1.016410664164948E-002
   80.3890216151774       8.601778145111598E-002  9.705543336656495E-003
   68.7424646006210       8.638695977282261E-002  9.233114538717611E-003
   1.85414208356932       8.675714213394597E-002  8.761681897397424E-003
   25.3578091248116       8.712632089578375E-002  8.289253138135383E-003
   23.3406410208308       8.749550349532192E-002  7.817823977346578E-003
   16.7872107963531       8.640655778110296E-002  7.575026813253705E-003
   50.6557660131873       8.593699369767144E-002  7.947842506571920E-003
   107.985478479365       8.546843337918730E-002  8.321654500286133E-003
   67.4775233558661       8.499886932794365E-002  8.694470674452170E-003
   101.246121521233       8.453043961073098E-002  8.325277023949767E-003
   54.1899231643027       8.406200588192518E-002  7.955083823921769E-003
   50.5218205856418       8.359257610554904E-002  7.585894777006679E-003
   73.3324394773516       8.286838993252917E-002  8.315697866726339E-003
   33.9526515780959       8.324119512792065E-002  8.782260885324683E-003
   88.6017949636155       8.361499614911129E-002  9.247820013850633E-003
   85.7030042209531       8.398779690570923E-002  9.713383057886878E-003
   72.9380473640383       8.361792712487563E-002  1.000681312096139E-002
   124.752473778670       8.324705346036357E-002  1.029924730106836E-002
   168.741147411677       8.287718358350123E-002  1.059267777919418E-002
   21.7980505656994       8.817242195759716E-002  1.219723883655777E-002
   30.6573442082758       8.863013972009889E-002  1.160546680690246E-002
   44.7102304950609       8.908786172255763E-002  1.101469506745000E-002
   4.26155275313510       8.954558027328473E-002  1.042292361718620E-002
   19.1439227964035       9.000329906688737E-002  9.831151851121630E-003
   31.5021347642280       9.035157552730759E-002  1.041981075200103E-002
   38.9167504692780       9.069985169592656E-002  1.100846973027750E-002
   46.2784332154157       9.104812381837225E-002  1.159612888445512E-002
   21.9090766079419       9.139539977547786E-002  1.218479194783567E-002
   6.63072499602890       9.250807764020751E-002  1.106348658101042E-002
   35.5613891917058       9.191674962297050E-002  1.072076763510805E-002
   30.0298840674971       9.132641761170575E-002  1.037704500913739E-002
   13.0246777540935       9.073508549436900E-002  1.003332643066107E-002
   49.4538925808259       9.014375338098543E-002  9.689608247993040E-003
   47.7649726063439       9.073165958952206E-002  9.146333903871198E-003
   5.31699354772316       9.131956601224885E-002  8.603059598115359E-003
   1.04948419688809       9.190646847261862E-002  8.058788956497235E-003
   6.06629444044572       9.249437458020281E-002  7.515514176660240E-003
   24.0903597144130       9.161936603369254E-002  7.773895643488714E-003
   27.8047921635138       9.107964484038621E-002  8.364984328835973E-003
   9.71423556689901       9.054092729898477E-002  8.957069005130604E-003
   34.8011432124815       9.000220984282929E-002  9.549153917364077E-003
   53.8266041588870       8.952893409187311E-002  8.960978041340923E-003
   60.4877509209231       8.905665856817373E-002  8.372798313354067E-003
   37.5556081195999       8.858338723204164E-002  7.785622152249962E-003
   5.89991414731784       8.808731435549337E-002  8.285541850676490E-003
   10.2939935531652       8.867812925131791E-002  8.754263364869308E-003
   26.4684311584280       8.926994051136380E-002  9.221980628570388E-003
   104.010588535190       8.986175554773780E-002  9.690697513180144E-003
   20.9038205829337       8.927353610063260E-002  1.015297181110796E-002
   59.4710256229006       8.868531637491189E-002  1.061524638689977E-002
   47.8323760796080       8.809809692451209E-002  1.107751753617049E-002
  8.906902107724698E-002  9.362938304414659E-002  1.217616452185200E-002
   6.12445867991266       9.397282800191092E-002  1.177283517327279E-002
   15.2946865115918       9.431726908697884E-002  1.136850195150063E-002
   6.21616281958201       9.466171404359514E-002  1.096516871503267E-002
   10.1658827031841       9.500615893549064E-002  1.056183538838544E-002
   11.4135793186653       9.542870829656985E-002  1.096220640705120E-002
   21.7564940980960       9.585025758706586E-002  1.136258141585324E-002
  0.797205678946173       9.627281074896728E-002  1.176395257744288E-002
   2.20609867521782       9.669536004329017E-002  1.216432379441294E-002
   3.51567492211597       9.750919884527419E-002  1.134417473903634E-002
   7.22436034054124       9.710557601847403E-002  1.092473033614703E-002
   10.4351228771617       9.670095319557639E-002  1.050528975259886E-002
   6.61270586455387       9.629733416074278E-002  1.008684532352088E-002
   18.5301060816596       9.589371127045054E-002  9.667400867441044E-003
   29.5045948763876       9.629427150633976E-002  9.293850883917159E-003
   3.61021161062150       9.669483559349937E-002  8.921300920411546E-003
   2.76415420791007       9.709639575233868E-002  8.547747083883403E-003
   1.33865181358564       9.749695591895506E-002  8.174197149169367E-003
   12.1229020520318       9.610960630034197E-002  7.568551223573782E-003
   16.2133697244476       9.573916566323698E-002  7.972985047557939E-003
   37.7208978380621       9.536972117313035E-002  8.376414994946972E-003
   5.60254964771479       9.499927662752837E-002  8.779848693950616E-003
  0.743873410186120       9.445672804846654E-002  8.379941087785977E-003
   16.6100012128263       9.391417938160085E-002  7.980033606198048E-003
   2.80648446545989       9.337062683338779E-002  7.579130050891348E-003
   5.66915336236353       9.289846119415987E-002  8.054957360706825E-003
   19.7696008723776       9.330355160315827E-002  8.595396683549115E-003
   7.72273624977124       9.370763807060858E-002  9.134839939019911E-003
   38.9958626999680       9.411172454784421E-002  9.674283191940575E-003
   6.16659927584190       9.371106379023729E-002  1.002183305034169E-002
   10.5192933084942       9.331040305415046E-002  1.036938294778539E-002
   2.87191969725060       9.290874228674399E-002  1.071693668855474E-002
   47654.7219713153      -1.548594130040069E-003  1.749631945698097E-002
   19804.6854016856      -1.161771909023428E-003  1.708942764005982E-002
   77010.1421069392      -7.745816243132850E-004  1.668162324184090E-002
   193967.035639787      -3.861946563792923E-004  1.627471451768036E-002
   95315.3099801500       1.422391407766018E-006  1.586773538084992E-002
   222454.433076230       4.434049607860518E-004  1.627430845815957E-002
   44218.9278004665       8.842402839471451E-004  1.668065050812685E-002
   8202.16816464015       1.325980089265193E-003  1.708760577284654E-002
   49788.4477724781       1.766057770035673E-003  1.749366624020057E-002
   148074.946625440       2.503899580641870E-003  1.675511121610379E-002
   123796.672410910       2.095852502833450E-003  1.631553056790640E-002
   45999.1208789197       1.686984486485947E-003  1.587528172266343E-002
   111098.519282443       1.279305671474763E-003  1.543630611538969E-002
   58646.2196914537       8.723438793080425E-004  1.499606687996578E-002
   44321.8127729261       1.279679201646612E-003  1.463837344864857E-002
   156010.350561274       1.686926049820467E-003  1.427938491067522E-002
   195470.106410052       2.095253302529506E-003  1.392127316528784E-002
   131491.336175796       2.502569759741318E-003  1.356299478264335E-002
   7480.49575211494       1.077203650217657E-003  1.290349572368909E-002
   42257.4155214633       7.191244868245170E-004  1.331136234102843E-002
   144852.046135218       3.598321124204384E-004  1.371822219115992E-002
   10845.6446369849       1.639304554133637E-006  1.412545503021130E-002
   59239.3920093498      -5.465824572117697E-004  1.371862725470199E-002
   20996.0879539590      -1.094821961481580E-003  1.331181190370234E-002
   37611.9890716755      -1.642246502897935E-003  1.290427941912045E-002
   13735.6227887396      -2.499296429964036E-003  1.280775255953817E-002
   49485.6833574663      -2.091750542782484E-003  1.335489921279130E-002
   74883.9655816717      -1.683453863118449E-003  1.390124325253090E-002
   90675.1764803814      -1.276361928844321E-003  1.444881553893463E-002
   72148.1513738046      -8.696035755451883E-004  1.499667773609138E-002
   99401.1484700230      -1.276751458922401E-003  1.538358051035070E-002
   197978.444000586      -1.684232087012744E-003  1.577147078270204E-002
   253804.919423702      -2.092727257319965E-003  1.615862583956640E-002
   378119.767463088      -2.500180419666625E-003  1.654608526732494E-002
   83664.5584100636       3.241867546130527E-003  1.749270704779226E-002
   78292.2207394768       3.682114357734326E-003  1.708811989886675E-002
   204105.921683186       4.123661440776497E-003  1.668235513107249E-002
   336375.868164356       4.564299441771992E-003  1.627723592776009E-002
   158306.733874730       5.005964062728773E-003  1.587079531610761E-002
   319824.541590697       5.457718909309806E-003  1.627584184399034E-002
   128012.339630512       5.908383490040718E-003  1.667957883152193E-002
   22352.0831192632       6.360011071028650E-003  1.708379866280377E-002
   98643.5798502540       6.811120892311601E-003  1.748689671631150E-002
   136003.467312506       7.510373316156311E-003  1.678412394545983E-002
   148844.897113338       7.103450507865502E-003  1.633526654415454E-002
   24910.6728521308       6.695714426924549E-003  1.588686920051587E-002
   147681.624421596       6.289328704475994E-003  1.543964225157927E-002
   40254.6999707707       5.882870124518516E-003  1.499100188017622E-002
   24787.6937663810       6.288718846842586E-003  1.459294821414306E-002
   132313.309038912       6.693651485301060E-003  1.419571400374664E-002
   236020.917358074       7.099706648834650E-003  1.379730431091835E-002
   176414.376589092       7.504888588909939E-003  1.339877438964189E-002
   6454.85286447769       6.197096483354156E-003  1.289618837814646E-002
   100963.952542825       5.799193193951419E-003  1.330234350683432E-002
   198919.720099865       5.402126424436574E-003  1.370760888502823E-002
   35653.8463643704       5.004157448499076E-003  1.411429572650447E-002
   95850.6893310457       4.645317692397008E-003  1.370887727707005E-002
   11387.1527407959       4.285678818863918E-003  1.330447444209130E-002
   21157.5520877350       3.927070923702335E-003  1.289921854454467E-002
   71997.3349654001       2.908418259520414E-003  1.392038712277061E-002
   82821.3937979565       3.315025695676784E-003  1.427790060979546E-002
   3854.36831695459       3.720682129805332E-003  1.463616515743657E-002
   33327.6926927425       4.127054914492475E-003  1.499347992005962E-002
   32510.1218472401       3.721459012526236E-003  1.543438496953729E-002
   98464.0762619649       3.316166951342636E-003  1.587403917926885E-002
   231878.175512095       2.909554592276695E-003  1.631482371446499E-002
   93264.7478143281       8.212695403089892E-003  1.748375219486758E-002
   52138.0890748896       8.661905057233944E-003  1.703373635602491E-002
   70259.6359339523       9.111770056633830E-003  1.658284249787933E-002
   174130.792378170       9.560961025507724E-003  1.613274340582402E-002
   132212.217548671       1.001108920768551E-002  1.568203741935706E-002
   191622.853496340       1.052274865668437E-002  1.613092689857738E-002
   78186.5693715815       1.103561896332501E-002  1.657928842949325E-002
   9836.30096411897       1.154751539309415E-002  1.702816017860962E-002
   58810.4458204878       1.205880137263471E-002  1.747599369681732E-002
   67098.3973696852       1.251663582889731E-002  1.701576666734343E-002
   92152.7493683614       1.206447022357573E-002  1.650713350402717E-002
   11387.5390781401       1.161139747335720E-002  1.599904551284697E-002
   117849.513589393       1.115974077590964E-002  1.548998275353870E-002
   38844.3656185390       1.070884281766000E-002  1.498152837346438E-002
   78590.8247392439       1.115834761240123E-002  1.459019881625885E-002
   144215.905016098       1.160819954261532E-002  1.419978862445304E-002
   225818.372894464       1.205907636356987E-002  1.380806616236720E-002
   135286.861767234       1.250889595357206E-002  1.341703023329845E-002
   47423.0854397278       1.117980947538712E-002  1.293146608727186E-002
   40532.7823706370       1.078934792162268E-002  1.338271611979909E-002
   127080.277094354       1.039961642368389E-002  1.383305292840206E-002
   125238.776921975       1.000870762784252E-002  1.428365700272085E-002
   162592.726501851       9.609008449099281E-003  1.383459231275224E-002
   11371.1986356710       9.210434768420582E-003  1.338593291356856E-002
   7404.85786973323       8.811081086603981E-003  1.293647685091578E-002
   145389.158583854       7.956461642379920E-003  1.379569809530157E-002
   110785.665283744       8.408900413846366E-003  1.419244290082966E-002
   21581.1259729277       8.860262446910190E-003  1.458781351166329E-002
   82101.8597354464       9.311122957420922E-003  1.498415339231983E-002
   9195.84157104739       8.861655287280851E-003  1.543407021058770E-002
   99373.9619425369       8.411670715369699E-003  1.588299679644490E-002
   220254.401202182       7.960457357292941E-003  1.633323075383581E-002
   31003.0448771440       1.297649340414609E-002  1.747374539664289E-002
   251.272021006677       1.348597076937805E-002  1.709267818501769E-002
   149314.630844048       1.399588327977621E-002  1.671231321109393E-002
   171480.551823652       1.450679655937250E-002  1.633055345134457E-002
   102381.516668385       1.501645864021273E-002  1.594929303014564E-002
   144834.113891183       1.554989119321079E-002  1.632786511124876E-002
   98950.4514075572       1.608244195859614E-002  1.670719966394970E-002
   8966.59149859674       1.661609602555215E-002  1.708513301070349E-002
   4755.27979223359       1.714842580989512E-002  1.746377832284085E-002
   35205.9025378442       1.752128013422394E-002  1.708867607250224E-002
   68774.2451083583       1.713799542156650E-002  1.655901734794221E-002
   37444.9466120285       1.675596375050697E-002  1.602871171078943E-002
   87632.7537710808       1.637329014255565E-002  1.549931536468585E-002
   44087.3345652992       1.599204485236296E-002  1.496865119070860E-002
   2812.50480566164       1.637102481416409E-002  1.453602318100886E-002
   40662.6394989107       1.675126953438471E-002  1.410344903962321E-002
   116565.620329351       1.713065821036492E-002  1.366978313137416E-002
   94894.4744283547       1.751112238694210E-002  1.323690263102755E-002
   26600.0892621440       1.630715932176279E-002  1.284936101707855E-002
   91537.5636279627       1.587471293156143E-002  1.323006445781361E-002
   130938.966024705       1.544320544667082E-002  1.361193270360114E-002
   100422.154199014       1.501169640531005E-002  1.399298592328667E-002
   132190.005231747       1.461925086904940E-002  1.361405981259627E-002
   49764.3696306150       1.422782804037522E-002  1.323438298866175E-002
   25394.5674487870       1.383549379298211E-002  1.285590135733499E-002
   100285.474492466       1.289152064893148E-002  1.380581175315550E-002
   58698.8898108654       1.327294383281301E-002  1.419553418727284E-002
   21401.9734565893       1.365525781842670E-002  1.458406901944954E-002
   82152.9680297355       1.403631799323021E-002  1.497359366003897E-002
   72234.5425778345       1.365745379218174E-002  1.548387360226043E-002
   23658.2428983590       1.327721926764704E-002  1.599501335875476E-002
   141536.693686454       1.289751838011727E-002  1.650509799949937E-002
   4277.64500458844       1.789623888275618E-002  1.746167188992449E-002
   12168.7745331692       1.842624110544374E-002  1.698887919875199E-002
   88473.9886819292       1.895770644016239E-002  1.651509811636292E-002
   121867.666531236       1.948814014129660E-002  1.604198469231997E-002
   60646.8736679930       2.001927982327695E-002  1.556835642760580E-002
   57922.8002260112       2.045415235085449E-002  1.603882724049107E-002
   14509.2135796316       2.088795191467472E-002  1.650910733124765E-002
   61231.4798115985       2.132256923958215E-002  1.698033627660408E-002
   9891.51119514870       2.175690156804275E-002  1.745065768149193E-002
   26706.9477709936       2.252367581448173E-002  1.667944170397352E-002
   81693.3810377822       2.205008498980857E-002  1.624782086523178E-002
   36527.1644625917       2.157538843154092E-002  1.581651644300558E-002
   29809.8221127254       2.110173141326774E-002  1.538640868795873E-002
   19492.4216881414       2.062835385866869E-002  1.495530993710627E-002
   15372.0353117514       2.109927727451571E-002  1.455920978968193E-002
   74197.9648671575       2.157037661729317E-002  1.416403527025364E-002
   89319.2838772284       2.204251969834866E-002  1.376772601575895E-002
   48401.8154725585       2.251356169497309E-002  1.337117598837898E-002
   12901.9804984145       2.119618094235938E-002  1.292608251660892E-002
   15024.6202312170       2.080244233901658E-002  1.340002479229504E-002
   79879.7672199457       2.040952644763695E-002  1.387298753274002E-002
   41494.3309641578       2.001557401461004E-002  1.434618747373313E-002
   60601.8216392156       1.958170507170501E-002  1.387569576770216E-002
   25631.3231778060       1.914793934490008E-002  1.340538593785810E-002
   21203.0481752308       1.871334158044893E-002  1.293414220463767E-002
   70828.6551628277       1.798478278067089E-002  1.366750024769899E-002
   60666.0027206872       1.845944095245065E-002  1.409892591430141E-002
   14748.8718509346       1.893311130649434E-002  1.452908425751401E-002
   44348.6179812305       1.940651299071797E-002  1.495921442947157E-002
   38548.3251264418       1.893599780784106E-002  1.549215505086851E-002
   8001.60928703027       1.846499912612025E-002  1.602384792843399E-002
   96211.8834663717       1.799263976352133E-002  1.655651718447424E-002
   26016.6431009319       2.329474069583156E-002  1.744619890005082E-002
   24763.3633419944       2.372672649660727E-002  1.703815519277440E-002
   77999.2874288646       2.415877882147047E-002  1.663101739318265E-002
   100176.742840410       2.458987038220837E-002  1.622277368299209E-002
   50538.1454963926       2.502189198549922E-002  1.581531588136196E-002
   82225.6431070441       2.556053864188172E-002  1.621934850621010E-002
   20879.8451088630       2.610016805204745E-002  1.662437600188965E-002
   23210.8884312003       2.663890111238986E-002  1.702816898474651E-002
   10009.7456299113       2.717848770108174E-002  1.743285330455596E-002
   20368.7625999736       2.752717521404211E-002  1.708144914180277E-002
   6792.77281317914       2.711787917003702E-002  1.654516935861847E-002
   17758.3703319079       2.670975776199285E-002  1.600993022337020E-002
   63960.1816044121       2.630076049693443E-002  1.547365661933453E-002
   26179.4404516578       2.589309456858423E-002  1.493814623087067E-002
   22966.7975270992       2.629765699659142E-002  1.448672576489275E-002
   41608.8917200618       2.670317508780301E-002  1.403524581797077E-002
   35109.7206361319       2.710769954309820E-002  1.358375284300868E-002
   30813.4588267242       2.751317508745296E-002  1.313217802195834E-002
   27393.2183218172       2.636210374717459E-002  1.284340607670813E-002
   21341.9998879355       2.591349069597092E-002  1.325101891710407E-002
   32432.9641061760       2.546483857185245E-002  1.365959707080241E-002
   2410.52475538175       2.501620126144222E-002  1.406720725067882E-002
   12598.9713196223       2.461975719811308E-002  1.366257365655147E-002
   11689.3697555857       2.422431150040629E-002  1.325702062547754E-002
   6162.19718619052       2.382788131825019E-002  1.285253043978980E-002
   308.086001498129       2.292207166945344E-002  1.376466517223406E-002
   6210.67095284011       2.332946174642889E-002  1.415822392002489E-002
   16838.5109646973       2.373784188348021E-002  1.455069899397952E-002
   32363.3477015566       2.414516817285959E-002  1.494415710041249E-002
   7565.72882134739       2.374049606085509E-002  1.537819966977272E-002
   20726.2623310371       2.333465519594624E-002  1.581121878206688E-002
   71811.5987992976       2.292967084984394E-002  1.624524480638269E-002
   2478.66958168067       2.787840743488692E-002  1.743009053418042E-002
   55706.1863433577       2.841502823784426E-002  1.699321317330176E-002
   87758.8047566427       2.895073681862068E-002  1.655729349481066E-002
   77859.3797508379       2.948739608767904E-002  1.612026187586258E-002
   26484.3646426273       3.002293175269136E-002  1.568406741750880E-002
   32398.2736503398       3.037784287063935E-002  1.611652795302469E-002
   18419.8192681880       3.073268373923089E-002  1.654992786110891E-002
   21286.0653756835       3.108747563305242E-002  1.698227239101936E-002
   47319.0035090536       3.144309629520389E-002  1.741569535008326E-002
   37939.3854835887       3.252587767413934E-002  1.632424303005398E-002
   16784.4205936582       3.208930551300680E-002  1.597209018269413E-002
   6562.97357639929       3.165379373848048E-002  1.562095904564981E-002
   39692.6716003585       3.121729370063723E-002  1.526994673888886E-002
   3532.47289845941       3.078195418177317E-002  1.491893211756134E-002
   13536.9187658174       3.121462696843674E-002  1.453349651579165E-002
   49774.7473990515       3.164828292122145E-002  1.414694509313194E-002
   53773.6623386808       3.208102070201308E-002  1.376137798732548E-002
   42504.4468585035       3.251472092905688E-002  1.337469039867285E-002
   11943.9315589334       3.116573783110050E-002  1.285270155249651E-002
   24883.3835439493       3.078325662792039E-002  1.328805505434196E-002
   80222.4797569399       3.039968589604789E-002  1.372442068221620E-002
   13510.0398033567       3.001720490782577E-002  1.416001286125853E-002
   4921.81375485359       2.956547071074528E-002  1.372790290122062E-002
   39761.0249102064       2.911381452072213E-002  1.329474737919896E-002
   20142.8443648655       2.866216645290570E-002  1.286264364607693E-002
   18430.7320472131       2.794994556554181E-002  1.358042492470664E-002
   8333.62433443410       2.838567069819886E-002  1.402868096649198E-002
   41564.0829579981       2.882242417426509E-002  1.447685493097166E-002
   823.893838045941       2.925805176540757E-002  1.492509778589687E-002
   10382.9739287934       2.882603472403259E-002  1.546368695142012E-002
   21553.3731159082       2.839288821060303E-002  1.600322959805301E-002
   73315.0172730964       2.796056374855259E-002  1.654173975571776E-002
   28839.1873495050       3.361693347924041E-002  1.740691001397308E-002
   30594.7023200605       3.396931634150478E-002  1.696179533244284E-002
   27730.9794636008       3.432072973932070E-002  1.651662091298588E-002
   52028.2571413863       3.467229136795752E-002  1.607144081296444E-002
   45882.0247707323       3.502385701849686E-002  1.562605731641130E-002
   39467.5109773603       3.535983468807272E-002  1.606860467930572E-002
   15147.3332810987       3.569569615428558E-002  1.651108664114093E-002
   41093.7622149392       3.603244901232822E-002  1.695354599784830E-002
   20132.0002693310       3.636808662471463E-002  1.739603885838829E-002
   30673.9832193147       3.752671226984872E-002  1.622866947169830E-002
   65341.3540242868       3.708128216331528E-002  1.589634539978165E-002
   42300.2093602337       3.663580878736152E-002  1.556316548967223E-002
   4745.29924893979       3.619034927513104E-002  1.523111582043060E-002
   14393.5295429532       3.574504362585165E-002  1.489911790713207E-002
   20614.5801083352       3.618745119142097E-002  1.446466958600663E-002
   36567.7010565783       3.662996341778690E-002  1.403017987528628E-002
   53675.6075687135       3.707257008195299E-002  1.359563399880700E-002
   35202.5396497456       3.751512816820014E-002  1.316089190893862E-002
   199.573558173433       3.631288692171508E-002  1.284132482223248E-002
   23055.2793498026       3.588141637922104E-002  1.328677200755659E-002
   73868.5381359586       3.544984507221786E-002  1.373226798033711E-002
   21564.7980911003       3.501833604041363E-002  1.417799293800026E-002
   27913.3160378323       3.463239988149544E-002  1.373561030137709E-002
   14923.7355428862       3.424550400192263E-002  1.329334921245619E-002
   29037.2234841218       3.385968372785318E-002  1.285113168621868E-002
   27913.2723058067       3.296040504854154E-002  1.375786986941185E-002
   9203.69986064760       3.340606390814889E-002  1.413996453238278E-002
   31905.3749331377       3.385169632048226E-002  1.452294692277985E-002
   36054.4953908745       3.429717555097415E-002  1.490490408742313E-002
   35484.8352425160       3.385442018982297E-002  1.525931934282693E-002
   57869.6018742527       3.341158100455625E-002  1.561383979975657E-002
   100012.829001556       3.296867308974930E-002  1.596842623520655E-002
   26238.6492734457       3.869394296753589E-002  1.738725589241594E-002
   10156.1037218867       3.902673271357618E-002  1.704122658140802E-002
   33291.2668384583       3.936053048131985E-002  1.669611344925027E-002
   55273.9254769201       3.969339602042867E-002  1.634997836697439E-002
   42736.7218770350       4.002626723827180E-002  1.600375117876685E-002
   63496.3376684915       4.044176360480212E-002  1.634713841388197E-002
   39642.7868437683       4.085824201106945E-002  1.669046477996222E-002
   8556.54403970061       4.127367432944484E-002  1.703273295307051E-002
   29204.0664959741       4.169010081681737E-002  1.737588710691082E-002
   13079.3336852572       4.252872363691960E-002  1.653070659752925E-002
   52601.0532058098       4.218199785691296E-002  1.611701993498951E-002
   7353.03584247124       4.183624646235003E-002  1.570449213252940E-002
   18562.1824757624       4.148957302702511E-002  1.529098335117257E-002
   6389.24494412467       4.114303002301818E-002  1.487843637903456E-002
   2957.34696682500       4.148676731195090E-002  1.453723665227120E-002
   18328.4908098951       4.183052098940764E-002  1.419600339895946E-002
   26898.0584717228       4.217331019387942E-002  1.385475810339948E-002
   19661.0121976100       4.251708614566987E-002  1.351344331340015E-002
   1650.10236241439       4.103407777800475E-002  1.272398611186097E-002
   12344.0338071107       4.069534416498708E-002  1.306919827950937E-002
   31727.9879154120       4.035657590408572E-002  1.341542341117679E-002
   21801.9363595740       4.001781808545927E-002  1.376171258631849E-002
   38344.5775627161       3.958340086820105E-002  1.341833626568595E-002
   28265.7044465422       3.914892954984346E-002  1.307509662304399E-002
   9644.10869186286       3.871447728525472E-002  1.273293491608561E-002
   16517.6577619647       3.786198893349808E-002  1.359243852406858E-002
   6747.09057695625       3.820777259289272E-002  1.402395019739223E-002
   21070.7730747922       3.855447590598403E-002  1.445544697501654E-002
   26627.3421668182       3.890113172679126E-002  1.488693257387966E-002
   7518.45267187085       3.855734068944958E-002  1.522203812382120E-002
   31094.2648320112       3.821349094182303E-002  1.555718205327173E-002
   68898.4324598633       3.787057954368811E-002  1.589335060468198E-002
   8265.10251457735       4.337399748557905E-002  1.736957805078380E-002
   5183.21325781433       4.378739317278044E-002  1.696407266684237E-002
   5652.09124767426       4.419989269347324E-002  1.655961123840838E-002
   514.986614170369       4.461340592865923E-002  1.615411854275841E-002
   8496.07033155248       4.502589475581421E-002  1.574954815185004E-002
   2907.39584601432       4.547042016682017E-002  1.615086883101481E-002
   909.538355489292       4.591496288610994E-002  1.655316777955957E-002
   4298.45803400592       4.635949315173490E-002  1.695446997014511E-002
   2897.69437420417       4.680402855591641E-002  1.735676475872863E-002
   2808.22158721228       4.752925000724657E-002  1.662601135288761E-002
   2850.17036864192       4.712356675369290E-002  1.618454640207579E-002
   1132.36543534143       4.671887546420659E-002  1.574309304220573E-002
   1077.15121272938       4.631319276948828E-002  1.530164087224097E-002
   15200.8040707521       4.590849831485718E-002  1.486019854084729E-002
   4442.66054002268       4.630981128830486E-002  1.442669733482465E-002
   2941.50011450852       4.671216781580621E-002  1.399221235144320E-002
   1400.91649111049       4.711354311205763E-002  1.355872230319179E-002
   2962.67826970363       4.751589955399153E-002  1.312418155425343E-002
   4745.79122582378       4.631152068162855E-002  1.276272731217880E-002
   1374.00597592724       4.588105140561818E-002  1.316732483738010E-002
   1672.70358481591       4.544957394784339E-002  1.357294351572135E-002
   16303.9450571806       4.501907833733785E-002  1.397756477259129E-002
   10881.2016277170       4.467746922908545E-002  1.357587081074767E-002
   5937.08493831820       4.433583607671779E-002  1.317326059317280E-002
   6304.85990596548       4.399424744534879E-002  1.277165763301056E-002
   25028.7742387626       4.292247351968625E-002  1.385186961368803E-002
   13970.0390959854       4.332685460560878E-002  1.419026610966923E-002
   6871.25521256743       4.373221021684440E-002  1.452863212353828E-002
   29561.0306139992       4.413656340608774E-002  1.486694621785560E-002
   11214.2602658058       4.373513201172424E-002  1.528234975294343E-002
   4121.29469705188       4.333269384174050E-002  1.569878532905224E-002
   649.540422981828       4.293122956730426E-002  1.611424617370700E-002
   1610.96086733471       4.826000570517401E-002  1.735124027789392E-002
   2945.31831507531       4.870118803902088E-002  1.687157593643222E-002
   226.536573660670       4.914237569116436E-002  1.639290836991324E-002
   850.136637148503       4.958356374591903E-002  1.591323864942325E-002
   165.511661212260       5.002474700013707E-002  1.543455161694817E-002
   1920.29587159059       5.044156241131169E-002  1.590995671442806E-002
   1405.08704968490       5.085738218355830E-002  1.638636636645984E-002
   2159.43303418366       5.127419770384980E-002  1.686177344027948E-002
   785.549319085255       5.169102073696034E-002  1.733817830798016E-002
   3578.45212212719       5.252879822101297E-002  1.649397153368656E-002
   1452.96854934103       5.204922122185374E-002  1.608080261228974E-002
   2199.68230643841       5.157064194932768E-002  1.566763322576144E-002
   2134.82512292719       5.109106727482332E-002  1.525546711523528E-002
   1416.92753778097       5.061248844720367E-002  1.484229803028006E-002
   2333.39194882284       5.108777508672251E-002  1.439447104607900E-002
   1160.03078547872       5.156405053480653E-002  1.394663466574041E-002
   4811.30247464121       5.203932578944365E-002  1.349880635101987E-002
   3175.96334251638       5.251559541299421E-002  1.305097060392798E-002
   161.581252227311       5.135269439298667E-002  1.281744019515339E-002
   2765.12326418560       5.090854015475780E-002  1.329615328856495E-002
   2504.87400172534       5.046438876848757E-002  1.377586071771281E-002
   2961.15563664477       5.002023544150917E-002  1.425456507878081E-002
   3823.79343590665       4.958641799277841E-002  1.377922227584387E-002
   850.416989842695       4.915158865482712E-002  1.330289560023236E-002
   3683.56647763365       4.871776715615240E-002  1.282756303215038E-002
   800.140240840397       4.799555110415221E-002  1.355534463614536E-002
   3127.71986843009       4.847420328818466E-002  1.398550304663556E-002
   1610.19614751755       4.895385406988738E-002  1.441665917215032E-002
   7160.96612669013       4.943250465612163E-002  1.484681264720977E-002
   2106.33633890418       4.895719774261675E-002  1.529160619205069E-002
   2181.40165398598       4.848088575103287E-002  1.573640578982350E-002
   502.658321180182       4.800556629669861E-002  1.618120160084891E-002
   549.557772671629       5.337300680400243E-002  1.733173474057875E-002
   1039.09188768362       5.378679628402885E-002  1.701314261037084E-002
   1886.88174176597       5.420058072661043E-002  1.669554456010884E-002
   986.720648769442       5.461336089988065E-002  1.637695187742568E-002
   781.531303559074       5.502714345177077E-002  1.605935546425944E-002
   638.667167557314       5.550835853520387E-002  1.637349550202738E-002
   2444.90023129599       5.598956959442122E-002  1.668864687967059E-002
   438.994678012213       5.647077928802613E-002  1.700279750696970E-002
   1182.76743210431       5.695299334867929E-002  1.731794825320436E-002
   1240.78795301288       5.752976038154553E-002  1.673671748583467E-002
   2142.84968190449       5.721091583999275E-002  1.625694528743302E-002
   51.5106854566454       5.689307559136893E-002  1.577816309098992E-002
   850.861664253777       5.657422993293539E-002  1.529938647551616E-002
   2611.14098677930       5.625639106696137E-002  1.482059930254846E-002
   306.087231593207       5.657102164442492E-002  1.446337758565232E-002
   350.377532840047       5.688664400111936E-002  1.410714577557227E-002
   2424.04672026269       5.720126082514695E-002  1.374992126782656E-002
   2014.76227818797       5.751687917404909E-002  1.339369656779222E-002
   638.473833948500       5.608095160483682E-002  1.263824845903368E-002
   2505.94130365273       5.572618069849584E-002  1.295562890435853E-002
   2929.21622872864       5.537241386223945E-002  1.327399998944864E-002
   4616.23186747066       5.501764983420487E-002  1.359137759811232E-002
   6300.46148725171       5.457045212900722E-002  1.327709518877903E-002
   4837.10749998305       5.412324946863712E-002  1.296181106669463E-002
   3843.58005823012       5.367605134875384E-002  1.264752061269714E-002
   3123.51297395402       5.283428914220213E-002  1.349575075728109E-002
   1068.33455541390       5.315198867174194E-002  1.394053946800725E-002
   840.071406370522       5.347069307672232E-002  1.438532615423854E-002
   86.3622061416756       5.378840718778478E-002  1.483011245430412E-002
   4.73564792533565       5.347400541292758E-002  1.524632666817227E-002
   691.158847037363       5.315860023284136E-002  1.566154418629619E-002
   234.911267404428       5.284419709953622E-002  1.607775466313347E-002
   699.136357031024       5.811098678034829E-002  1.731347218049849E-002
   959.304499329494       5.859060199994840E-002  1.695260996657620E-002
   949.323140168917       5.906920668117224E-002  1.659075107251085E-002
   413.745823472056       5.954781512372841E-002  1.622989554097556E-002
   580.026329398818       6.002642514324426E-002  1.586904441034321E-002
   103.162690445113       6.046580958705938E-002  1.622634615449002E-002
   763.238337551896       6.090519051146925E-002  1.658365300149295E-002
   115.426577863434       6.134457686613410E-002  1.694195899299222E-002
   271.951365751469       6.178396022448715E-002  1.729926542150835E-002
   767.725762315372       6.252906422371493E-002  1.654837902492620E-002
   993.017249351964       6.216837702181859E-002  1.611177094974303E-002
   366.502688039861       6.180669033764255E-002  1.567516471647227E-002
   808.446925892671       6.144600194680230E-002  1.523855493129061E-002
   1844.00454148216       6.108531724777257E-002  1.480194132310513E-002
   485.413748256363       6.144261173381341E-002  1.435855243874578E-002
   486.068852056013       6.179990130533286E-002  1.391615893090665E-002
   645.176750836429       6.215818410260407E-002  1.347276267470330E-002
   567.113755987122       6.251546983559961E-002  1.303037526868865E-002
   35.9156414752110       6.133902767019848E-002  1.265993357353287E-002
   1156.36592691453       6.089842809242373E-002  1.302164741912444E-002
   1388.57468628043       6.045882492477418E-002  1.338235278318219E-002
   2707.33632700203       6.001822423130388E-002  1.374306173155017E-002
   2624.93029465625       5.966084968940120E-002  1.338543796354326E-002
   1638.92982558098       5.930447506317998E-002  1.302780532424936E-002
   292.195107606725       5.894709285643551E-002  1.266917533981141E-002
   3828.25428749461       5.787723900112475E-002  1.374730565122823E-002
   2092.09752492669       5.823860109109314E-002  1.410191755013507E-002
   988.995094042215       5.859896220324499E-002  1.445553532492870E-002
   1187.44692596183       5.895932956410922E-002  1.481015554031990E-002
   1231.05584359319       5.860218377138912E-002  1.529154497280169E-002
   903.699338487225       5.824503903448666E-002  1.577293463141429E-002
   857.071554012653       5.788689599797536E-002  1.625432774812527E-002
   258.797869194378       6.327995012062068E-002  1.729347823441815E-002
   254.574090469857       6.371634705825562E-002  1.687778380247563E-002
   84.8319616738229       6.415273685435181E-002  1.646108856205590E-002
   258.678190144913       6.458912986734833E-002  1.604539461867001E-002
   448.076402812778       6.502552359146242E-002  1.562970338615638E-002
   364.420387243694       6.550411913333737E-002  1.604185513422273E-002
   392.831811958295       6.598171350678700E-002  1.645401347675403E-002
   208.490214501523       6.646031265953786E-002  1.686716865393031E-002
   276.977090637260       6.693890995781158E-002  1.727932402479971E-002
   460.007329798926       6.752961202108516E-002  1.668403439712685E-002
   714.476070813170       6.711377346951512E-002  1.620863934928357E-002
   120.970356884924       6.669693520042075E-002  1.573324560500531E-002
   5.41470446536901       6.628109940752984E-002  1.525884760509749E-002
   904.258591686217       6.586525917871719E-002  1.478344908154642E-002
   556.784441505059       6.627736972445725E-002  1.429384722191818E-002
   199.237782792688       6.668947259452275E-002  1.380324371980206E-002
   270.482743382866       6.710257707140335E-002  1.331363666274789E-002
   125.814833595449       6.751468180123683E-002  1.282403765819749E-002
   290.362609138133       6.647917488970657E-002  1.269504932766568E-002
   267.090505635977       6.599278751736998E-002  1.311193980761068E-002
   662.607915311850       6.550539692727506E-002  1.352783177896809E-002
   897.962981953640       6.501900584112306E-002  1.394371739955445E-002
   1016.36286351239       6.457541324437126E-002  1.353142912384930E-002
   620.913504308021       6.413282146835424E-002  1.311913316581196E-002
   505.900490508578       6.368922393529050E-002  1.270583981403253E-002
   1435.72097549515       6.293116677895677E-002  1.346977080432330E-002
   387.329154603611       6.334786670302373E-002  1.391016701901858E-002
   131.122384641505       6.376356484598399E-002  1.434956819826249E-002
   920.217832237830       6.417926914749585E-002  1.478996980895911E-002
   503.336840778460       6.376696605434251E-002  1.522957201410511E-002
   134.025899859769       6.335466438004779E-002  1.566917399530946E-002
   136.484829603244       6.294136377564770E-002  1.610877888180646E-002
   337.389205765923       6.812490220344249E-002  1.727473434177606E-002
   128.492565881718       6.860011850250784E-002  1.681288877734987E-002
   182.537228798296       6.907533238051496E-002  1.635104294239250E-002
   487.245922145723       6.954954580622681E-002  1.588920237116591E-002
   308.469643897213       7.002476029017433E-002  1.542736080623868E-002
   305.757433818242       7.049053361742603E-002  1.588556415231486E-002
   46.6035474813435       7.095630694153790E-002  1.634376825246367E-002
   261.005176945041       7.142208066480386E-002  1.680197284384297E-002
   109.318180216662       7.188785494515100E-002  1.726017763830607E-002
   167.875580611216       7.252936132762672E-002  1.661369282362704E-002
   261.445323236532       7.206757216023621E-002  1.615147438440652E-002
   6.67394693465812       7.160578340945509E-002  1.568925456577682E-002
   240.491313565081       7.114399416745218E-002  1.522703444314485E-002
   96.5755599400322       7.068220354260422E-002  1.476481480324970E-002
   92.8655257925037       7.114047202020186E-002  1.431603949207177E-002
   63.4048260960235       7.159873687715046E-002  1.386626460960348E-002
   102.725337221259       7.205700559498136E-002  1.341748988678499E-002
   119.675348783585       7.251527505215009E-002  1.296871619731262E-002
   90.5181900646977       7.135631354912254E-002  1.272219289733954E-002
   193.001767867544       7.091109427017851E-002  1.318391752759418E-002
   76.0726743485888       7.046487553771667E-002  1.364564635793718E-002
   44.1107566310787       7.001965684823032E-002  1.410737115620805E-002
   2.67253260542886       6.952988335666314E-002  1.364926118668519E-002
   31.4190638234852       6.903911087352063E-002  1.319115273382523E-002
   296.479479432357       6.854933771864272E-002  1.273303984814579E-002
   217.525440437505       6.797656302574293E-002  1.331025633393588E-002
   95.7891361616040       6.843844397574519E-002  1.379647667069017E-002
   148.770431918925       6.890032970956374E-002  1.428369736701400E-002
   702.788338143416       6.936221227989373E-002  1.476991823533151E-002
   382.391278375657       6.890406071092423E-002  1.524869748530489E-002
   51.0307561588016       6.844590757500831E-002  1.572647738730199E-002
   298.420065188025       6.798775969495673E-002  1.620525675577137E-002
   31.0883289914460       7.317584605521429E-002  1.725519904363789E-002
   74.7655169213407       7.363846614070575E-002  1.689740793938366E-002
   220.621702464661       7.410109026465980E-002  1.654061732348629E-002
   163.322465302983       7.456371051210101E-002  1.618282691668759E-002
   40.8034224382405       7.502633503485247E-002  1.582603711987269E-002
   36.1535781389697       7.538270352700013E-002  1.617966359905725E-002
   79.2666509012415       7.573907634647609E-002  1.653428957615161E-002
   117.920900946162       7.609544526606118E-002  1.688791565336162E-002
   5.35534865666660       7.645181784119251E-002  1.724254193131143E-002
   157.132645817542       7.752763771415501E-002  1.615837752401247E-002
   24.3003305378822       7.717026867641344E-002  1.580475555175867E-002
   53.3100873211462       7.681389983164029E-002  1.545112944785174E-002
   134.641785512355       7.645653105922248E-002  1.509750713178304E-002
   114.030128918298       7.610016173932591E-002  1.474388140444599E-002
   26.8217168111414       7.645369851920150E-002  1.436451312051180E-002
   24.9371503837807       7.680823220810049E-002  1.398414145458450E-002
   91.8435155627835       7.716176982250735E-002  1.360477346224619E-002
   109.453936521595       7.751630376908072E-002  1.322440154601202E-002
   34.3375926388682       7.614888071568748E-002  1.259967765195535E-002
   134.116527453623       7.577225429979120E-002  1.295613464238304E-002
   117.929504622202       7.539463183150394E-002  1.331359583503524E-002
   244.241784867319       7.501800509459819E-002  1.367005294796739E-002
   310.544323194460       7.456963619151988E-002  1.331678262719649E-002
   207.431216457411       7.412026373550952E-002  1.296251582732970E-002
   206.147488414098       7.367189506124686E-002  1.260924532317336E-002
   184.901974605317       7.287299993050642E-002  1.341433783596588E-002
   138.731579364506       7.322972474127991E-002  1.385996314596802E-002
   34.2760719422531       7.358745338239576E-002  1.430658444473702E-002
   173.072081971767       7.394417758599892E-002  1.475220996505177E-002
   44.3559483920606       7.359097322458190E-002  1.521757877683429E-002
   57.8840327579266       7.323676891906235E-002  1.568295138070583E-002
   79.4892321009344       7.288356507741987E-002  1.614832032397330E-002
   27.5326967718097       7.861180187218370E-002  1.723419799456459E-002
   35.3139966573723       7.896480566439315E-002  1.671683076547465E-002
   87.5307236947996       7.931780996195353E-002  1.619946389886944E-002
   1.54829032863346       7.967081056893945E-002  1.568109709141218E-002
   67.6879851592882       8.002381530659183E-002  1.516373022402825E-002
   52.9525201714219       8.044480575597940E-002  1.567810821170780E-002
   39.2140109466978       8.086580008222082E-002  1.619348564246189E-002
   54.2522781407696       8.128679019016649E-002  1.670786313039154E-002
   65.8985857755286       8.170778006320693E-002  1.722224067719809E-002
   70.5407093336964       8.252859137607546E-002  1.639506457644169E-002
   164.367902222062       8.201097659300424E-002  1.597806039085907E-002
   104.119212269527       8.149336156194312E-002  1.556105663687125E-002
   91.2602311287328       8.097474657832636E-002  1.514405695535687E-002
   88.5167672413223       8.045713180867047E-002  1.472705358843750E-002
   72.5503728830611       8.097200035492037E-002  1.443306384148030E-002
   111.819549007004       8.148787316800110E-002  1.414006989587059E-002
   142.654262278049       8.200274201461466E-002  1.384607941258492E-002
   80.4328836912003       8.251761074302677E-002  1.355208866308275E-002
   91.6536083024562       8.088946744674885E-002  1.274137045239897E-002
   52.2804799943000       8.059946237859296E-002  1.325849377873364E-002
   26.0875135518442       8.031046086955909E-002  1.377661316887079E-002
   158.227938220409       8.002045499188341E-002  1.429373653344850E-002
   136.834224650141       7.964046370123963E-002  1.377920038759814E-002
   14.7194781290405       7.925946884699960E-002  1.326366864990078E-002
   83.5097291075345       7.887947835161976E-002  1.274913297754408E-002
   258.570349677377       7.803376421000593E-002  1.360140612851854E-002
   208.475196223186       7.855122111615917E-002  1.397741016641344E-002
   134.831649424190       7.906968193005129E-002  1.435440995901951E-002
   38.9282038163360       7.958713846941187E-002  1.473041336761749E-002
   38.6770250768313       7.907251340067560E-002  1.508740307454382E-002
   48.2815613923043       7.855688812313788E-002  1.544439689336974E-002
   24.2315014255263       7.804226296777700E-002  1.580138722632452E-002
   36.7464012949949       8.335576759856989E-002  1.721587650484049E-002
   20.9574495522030       8.377332770816177E-002  1.684226146845846E-002
   3.04240160266851       8.419088422504260E-002  1.646764646444669E-002
   22.8755017991622       8.460844464512751E-002  1.609403130917844E-002
   48.1941530280885       8.502600107412532E-002  1.571941584263525E-002
   12.7077710239018       8.544943854565064E-002  1.609078331757512E-002
   24.3111181693366       8.587287224703213E-002  1.646115061326562E-002
   15.0110444398819       8.629630973322897E-002  1.683251789717570E-002
   30.6540979901848       8.671974329234527E-002  1.720288515249655E-002
   32.2023851838885       8.752860122844100E-002  1.638775526642814E-002
   50.1102056856743       8.715497406765985E-002  1.596719507137636E-002
   13.8137449381187       8.678034688793183E-002  1.554663887015434E-002
   13.7487866360400       8.640671977994166E-002  1.512607881899358E-002
   76.6768033215357       8.603209262952208E-002  1.470552273564595E-002
   29.4116663581187       8.640331310968977E-002  1.424408587644403E-002
   7.56513907319528       8.677353394551401E-002  1.378265303016067E-002
   44.8930167797466       8.714475493822309E-002  1.332121626748175E-002
   33.9675835697911       8.751497594877367E-002  1.285978304624216E-002
   9.74917840746806       8.639387202125755E-002  1.257611023992931E-002
   44.3574583824714       8.593531575937648E-002  1.295088361104320E-002
   70.6121092721138       8.547675558070714E-002  1.332465718971823E-002
   106.375948477252       8.501819921569048E-002  1.369943086957084E-002
   83.8601607696033       8.472476044853294E-002  1.332756144583978E-002
   52.3876259995552       8.443232549490010E-002  1.295668843361636E-002
   36.1289662350957       8.413888688369364E-002  1.258481929035058E-002
   158.945341814747       8.289073598307127E-002  1.384264979001183E-002
   90.9721758798001       8.326486134253838E-002  1.413320674613645E-002
   57.6814174012917       8.363798271427805E-002  1.442276751995279E-002
   91.1661690068866       8.401210792034078E-002  1.471332420741404E-002
   64.6568481688304       8.364072894937485E-002  1.513376115840511E-002
   39.5039652415740       8.327034990427884E-002  1.555419430795279E-002
   8.44516892670264       8.289897072670897E-002  1.597463136162885E-002
   8.20233402297719       8.834373111306980E-002  1.719661342161377E-002
   4.88571628624681       8.876386646422874E-002  1.671298737176084E-002
   11.3032253719253       8.918400195778246E-002  1.622936140332647E-002
   6.13656175898088       8.960413749830079E-002  1.574573542624624E-002
   17.3354183926932       9.002427305854621E-002  1.526210938761789E-002
   12.5829572476377       9.044613140768501E-002  1.574248385997663E-002
   6.31041601192765       9.086898976115779E-002  1.622285437541354E-002
   4.19417176841234       9.129084807307260E-002  1.670322874499443E-002
   11.7874297543616       9.171370630252523E-002  1.718359927947620E-002
   24.0615284980412       9.252854128720876E-002  1.636244644670427E-002
   24.8041986693402       9.204491898024136E-002  1.594331095601250E-002
   15.8564737754912       9.156130052099226E-002  1.552517551249098E-002
   8.59197707793808       9.107767821666275E-002  1.510604011712302E-002
   24.6672572724178       9.059405981492331E-002  1.468790474230865E-002
   15.5847586628711       9.107472007294234E-002  1.434004614232507E-002
   29.5348852493476       9.155538045126767E-002  1.399218751084660E-002
   31.4025665117932       9.203604083138704E-002  1.364432879945162E-002
   12.5136198077745       9.251670500132769E-002  1.329746994219238E-002
   14.0418520923440       9.105226369833043E-002  1.266812050749992E-002
   5.87259489710856       9.070812760079787E-002  1.315145293892993E-002
   16.0345864398833       9.036399141689626E-002  1.363478536967333E-002
   45.5564084690800       9.001985514575789E-002  1.411811784994558E-002
   63.3662540024205       8.955799685006534E-002  1.363789790077405E-002
   27.5755104467442       8.909613849237789E-002  1.315767815154674E-002
   16.6908430234385       8.863428015159681E-002  1.267745850754822E-002
   29.5457379913857       8.799874918297930E-002  1.331791797800793E-002
   15.5534029345099       8.848252238592567E-002  1.377605284183862E-002
   16.4192296573832       8.896629550465764E-002  1.423418766794480E-002
   23.0230955255948       8.945006840664704E-002  1.469232257682063E-002
   3.30319803881345       8.896970165054698E-002  1.511618068326816E-002
   13.3243211963128       8.848933484193373E-002  1.554003881889273E-002
   12.2896083494258       8.800896804224882E-002  1.596389703158549E-002
   3.66968416526468       9.334969408334431E-002  1.717728150660871E-002
   5.68847840395082       9.376910377580847E-002  1.676465884244478E-002
   12.1595060219767       9.418751353646618E-002  1.635204004859358E-002
   16.0752251033766       9.460692330405220E-002  1.593941736381718E-002
   11.0956874809691       9.502533304629074E-002  1.552679845861382E-002
   2.36290702302906       9.554391639598719E-002  1.593579879930334E-002
   11.0394464306577       9.606149970296976E-002  1.634480306719305E-002
   6.40204495297725       9.658008299363588E-002  1.675380348442361E-002
   2.00755938015309       9.709866626462894E-002  1.716280393165269E-002
   2.85241612729970       9.752999094847460E-002  1.672813506832356E-002
   2.41522786747943       9.711699752703234E-002  1.621272605647074E-002
   6.39625679060679       9.670400408239799E-002  1.569731705745333E-002
   2.21473039194443       9.629101446425853E-002  1.518290807677312E-002
   9.57163929238476       9.587802101034187E-002  1.466749908467074E-002
   9.21648962481940       9.628739209403844E-002  1.424491493395748E-002
   1.75965838680462       9.669676702269520E-002  1.382333078445395E-002
   3.50481328333947       9.710613806713207E-002  1.340074664821707E-002
  0.655667281468403       9.751550912328176E-002  1.297816255484555E-002
   2.73539496273242       9.627595042441930E-002  1.257694664407904E-002
  0.682951008233264       9.585654081736343E-002  1.298956947817388E-002
   10.2391225453572       9.543813122170622E-002  1.340218844049883E-002
   1.75261353371206       9.501872162131708E-002  1.381481122354634E-002
   2.45232019379345       9.467113697612604E-002  1.340515047787246E-002
   1.52346539279743       9.432355230601963E-002  1.299548978760353E-002
  0.694023348018969       9.397596764774181E-002  1.258582910422459E-002
   1.15138396666113       9.292903432943189E-002  1.364088010189341E-002
  0.920650795930779       9.334136748426854E-002  1.398529027719953E-002
  0.717683538219547       9.375370062973713E-002  1.432970043464289E-002
   23.9134485175584       9.416603378818951E-002  1.467411055266435E-002
   3.25124879088959       9.375665877408193E-002  1.509569450726518E-002
   3.02556178822303       9.334728759784722E-002  1.551827846986846E-002
   11.1998528210750       9.293791252543941E-002  1.593986245388049E-002
   261071.790557406      -1.658383027660662E-003  2.249560204680846E-002
   368284.291265906      -1.242832166212012E-003  2.220778918246509E-002
   443234.167605450      -8.271571927004173E-004  2.191867419931327E-002
   583863.530954518      -4.115686625348989E-004  2.163015141233773E-002
   229109.151325506       4.414529702044703E-006  2.134093922500273E-002
   579171.284318729       3.853737531439681E-004  2.162884859395911E-002
   322762.138512698       7.669989268440269E-004  2.191570364838521E-002
   426688.779654695       1.147927820372490E-003  2.220267224915739E-002
   77191.1192343279       1.528548682132557E-003  2.248921510064692E-002
   648881.543966862       2.508199711139036E-003  2.150237786844702E-002
   21277.1898852466       2.217361310920454E-003  2.112468706874578E-002
   8717.29889444198       1.926929115845781E-003  2.074728209595181E-002
   228697.935542873       1.637614871885167E-003  2.036928681433285E-002
   22580.1965615830       1.348338008811144E-003  1.999176264924500E-002
   207718.251641970       1.637752105941163E-003  1.955172487892212E-002
   47390.5580767601       1.925658995284996E-003  1.911205603805175E-002
   226843.063633836       2.215196412609773E-003  1.867148313764861E-002
   306988.968801128       2.504261255720321E-003  1.823167812041131E-002
   253414.020552067       1.325800409319468E-003  1.778116728565236E-002
   361444.523445767       8.840988624955282E-004  1.806991263315029E-002
   513354.171267290       4.432646606595628E-004  1.835788132232753E-002
   13659.4572756915       2.278211091925201E-006  1.864816813525109E-002
   94743.6772743812      -3.853651457153212E-004  1.835990485143966E-002
   15881.8237564888      -7.736135202428938E-004  1.807217307131333E-002
   64990.8400314107      -1.160901318228511E-003  1.778353133475596E-002
   94069.8332659514      -2.497931638818820E-003  1.844811358697612E-002
   6239.24796542663      -2.209873831788484E-003  1.883491600941554E-002
   58588.6925426065      -1.920509933670123E-003  1.922138705913939E-002
   109478.986197815      -1.632166359017674E-003  1.960889840449924E-002
   146985.394710109      -1.343394245712094E-003  1.999587890471208E-002
   37931.3281923626      -1.631726852184737E-003  2.041120252261851E-002
   129078.674202669      -1.920018614261776E-003  2.082600349121185E-002
   278761.237593527      -2.209538538649203E-003  2.124097672878821E-002
   497202.957921894      -2.498295536937994E-003  2.165633709669828E-002
   538034.218940830       3.492548754617441E-003  2.248329584175008E-002
   84670.0715144443       3.871163715320726E-003  2.198968702110676E-002
   77877.6440872687       4.250514990143226E-003  2.149600242849683E-002
   359432.938774436       4.631727681648359E-003  2.100317632349613E-002
   289557.116057936       5.012731598441478E-003  2.050842111790663E-002
   359754.031204879       5.368683140475258E-003  2.100247468814276E-002
   15813.1378809610       5.724937448661335E-003  2.149493269384193E-002
   7279.66618201412       6.079705802812975E-003  2.198818490592475E-002
   224524.669365287       6.433335613836336E-003  2.248102714834688E-002
   437072.811580286       7.518710307224361E-003  2.139154025890927E-002
   347160.154432239       7.022739705649001E-003  2.103966602535650E-002
   370281.466961389       6.525880826488919E-003  2.068794494924957E-002
   115747.743013148       6.029867209020924E-003  2.033601422873031E-002
   6180.16820008628       5.533888378749548E-003  1.998520843590557E-002
   20409.5732215246       6.028568199568478E-003  1.953583285455739E-002
   148067.269694169       6.523236122848042E-003  1.908750341900153E-002
   286007.735234914       7.018993185817821E-003  1.863753847420963E-002
   166987.996114694       7.513377535159043E-003  1.818661148093686E-002
   118556.582636573       6.361971495364646E-003  1.798060415170149E-002
   27752.5599808120       5.911834195986040E-003  1.847492517427089E-002
   183415.764324006       5.462100562374585E-003  1.896839852614737E-002
   219851.313984254       5.011248819775539E-003  1.946366731364669E-002
   260823.733001388       4.567572661091083E-003  1.896958425794135E-002
   17274.1916777428       4.124973779919816E-003  1.847774052966439E-002
   76610.2553332138       3.682155258537457E-003  1.798507332367407E-002
   345429.841114799       3.000397475597553E-003  1.867107585103059E-002
   245422.892394290       3.497811045370288E-003  1.911052396357892E-002
   23877.8231845303       3.994121887443384E-003  1.954809330395389E-002
   108193.667933181       4.490351230602841E-003  1.998651834008554E-002
   96107.8125632657       3.995167688068777E-003  2.036394261481541E-002
   430965.093356690       3.499712418346094E-003  2.074277067632806E-002
   441440.959519567       3.003455895527043E-003  2.112182136009899E-002
   93631.2467277694       8.607169073360907E-003  2.247822367889018E-002
   116828.553735791       8.959527140094164E-003  2.206320368452138E-002
   114623.213350296       9.312879523965633E-003  2.164861897648519E-002
   374647.132523231       9.667337936420484E-003  2.123459896075833E-002
   228095.665926635       1.002108735214727E-002  2.081919489591976E-002
   398777.460805963       1.043245102982877E-002  2.123301163332974E-002
   115879.345092034       1.084351112704486E-002  2.164551523390570E-002
   105588.739926670       1.125345543338658E-002  2.205850459674824E-002
   255444.462102173       1.166334857857459E-002  2.247185283431527E-002
   443000.001348979       1.252649000940687E-002  2.160412825110935E-002
   231214.089726439       1.210907384024944E-002  2.119653021738635E-002
   176767.000556271       1.169207176653051E-002  2.079008318510445E-002
   64373.4303008826       1.127621905220846E-002  2.038312457964190E-002
   4830.20788825221       1.086036850312403E-002  1.997586031082392E-002
   72579.0244569139       1.127449036744721E-002  1.946572229340649E-002
   19913.3571446300       1.168818094036794E-002  1.895479844996917E-002
   208045.821393699       1.210336133693864E-002  1.844480966600313E-002
   147737.916976990       1.251871860267646E-002  1.793412195826425E-002
   26959.1446846046       1.154933683430472E-002  1.789094784319387E-002
   173506.252294879       1.103909845399890E-002  1.830595263323263E-002
   239853.048015852       1.052784519587773E-002  1.872043140625169E-002
   127809.328586227       1.001786775222683E-002  1.913651347492742E-002
   199411.266544723       9.566219417382714E-003  1.872241975564646E-002
   108496.660750896       9.115409164185080E-003  1.830995791124110E-002
   3423.50560343709       8.663751449138465E-003  1.789685258725713E-002
   152866.836783030       7.930375002079298E-003  1.863542111823087E-002
   34171.4513610498       8.347240125687858E-003  1.908378189590498E-002
   67521.5039756769       8.762746822408941E-003  1.953097927104646E-002
   66198.0750732648       9.178757018952738E-003  1.997923680341254E-002
   4519.53474330746       8.764255866810344E-003  2.033195274439251E-002
   205656.715896912       8.349965193646768E-003  2.068554725471383E-002
   228036.498001033       7.934587819801915E-003  2.103861602764740E-002
   72623.7857407309       1.339325791621649E-002  2.246850718079374E-002
   217056.610357055       1.380160318302869E-002  2.214325516785566E-002
   189378.812253617       1.420981725479385E-002  2.181829186976187E-002
   331096.934700192       1.461897320820544E-002  2.149384382516209E-002
   190894.637934437       1.502820179867953E-002  2.116814686331535E-002
   356315.936448593       1.551586729760005E-002  2.149188415196810E-002
   237530.629101704       1.600348493546201E-002  2.181449618214222E-002
   264473.957416875       1.649130766977207E-002  2.213749379841876E-002
   110643.075723261       1.697846258952115E-002  2.246039381588714E-002
   351113.223400456       1.753296548286482E-002  2.190231319304064E-002
   82283.2093888133       1.720521567623521E-002  2.141772510674660E-002
   7869.06508575578       1.687820607188471E-002  2.093322704380625E-002
   123923.540172966       1.655253259812232E-002  2.044882662927468E-002
   34738.9844515832       1.622659748319952E-002  1.996402454391305E-002
   68060.9653506497       1.655045922571495E-002  1.943171664942326E-002
   36066.6545844164       1.687365382714928E-002  1.890057097835495E-002
   125547.795149429       1.719824340368250E-002  1.836848000651997E-002
   131344.699398466       1.752329693536281E-002  1.783695119889026E-002
   107523.058831390       1.661784520934486E-002  1.778896546424141E-002
   199452.667807654       1.608578976882866E-002  1.811447915902950E-002
   198422.469924381       1.555484978809759E-002  1.843938961166818E-002
   122819.503289093       1.502307267265367E-002  1.876559264402910E-002
   215920.191593710       1.451179752673976E-002  1.844163024702358E-002
   200999.038709966       1.399924959957149E-002  1.811919919198609E-002
   94801.4563019891       1.348761457360509E-002  1.779625930856588E-002
   106244.084653387       1.284625429538420E-002  1.844285931826940E-002
   50332.7100013364       1.317326369445770E-002  1.895121278057529E-002
   98409.7969228142       1.349877010424514E-002  1.946066386984436E-002
   88598.1030053263       1.382496250375669E-002  1.996923622167219E-002
   64163.5722867735       1.350074768572300E-002  2.037822999249781E-002
   80659.5468205960       1.317700849990486E-002  2.078706481971627E-002
   125860.961315025       1.285210228761705E-002  2.119517784242881E-002
   50743.5890512496       1.809037303820268E-002  2.245740641436228E-002
   206158.578388998       1.857575594721745E-002  2.211405572972122E-002
   203690.258785039       1.906187793016817E-002  2.177069556526882E-002
   308185.888706816       1.954789365336343E-002  2.142682119492818E-002
   152586.845067296       2.003388974619755E-002  2.108271598092120E-002
   288494.548425406       2.049062447635562E-002  2.142433062673576E-002
   167493.735968524       2.094628078644131E-002  2.176584013046528E-002
   183391.490530235       2.140306230611208E-002  2.210687713567167E-002
   90666.7883121262       2.185831835896302E-002  2.244793136919006E-002
   271595.168421729       2.253809217098214E-002  2.176316954476005E-002
   61818.3005197412       2.219265284523008E-002  2.131072814013690E-002
   17010.7700007502       2.184772681789713E-002  2.085728053741438E-002
   101744.042180077       2.150302697590731E-002  2.040495815476191E-002
   6843.06644362708       2.115894562075052E-002  1.995130932730805E-002
   13062.6463066724       2.150092674536171E-002  1.951775639265142E-002
   46063.7667352056       2.184309439970596E-002  1.908519935037999E-002
   138760.546134049       2.218542583522760E-002  1.865155322510320E-002
   120649.913894876       2.252788104914331E-002  1.821769414433884E-002
   38902.0449442581       2.132470357248094E-002  1.779437960593571E-002
   111492.619072113       2.089222627872795E-002  1.813814251526802E-002
   156093.587124234       2.046068193027789E-002  1.848206680763049E-002
   92037.1735588980       2.002818019578905E-002  1.882621751432186E-002
   186869.626456306       1.949480414918765E-002  1.848455401753404E-002
   162300.835362942       1.896224546115288E-002  1.814320444424168E-002
   140853.571245731       1.842851751542857E-002  1.780230095760262E-002
   58784.8333360810       1.786895181212192E-002  1.836660293634175E-002
   29403.2621527400       1.821407737804234E-002  1.889701392967276E-002
   77004.5339411071       1.855880808359411E-002  1.942650300236274E-002
   42950.4330438189       1.890319143725132E-002  1.995718613824077E-002
   81824.3812816264       1.856139109633048E-002  2.044354213435393E-002
   40530.9058247077       1.821898833609748E-002  2.092962554633363E-002
   127935.530257463       1.787626337783335E-002  2.141585210374157E-002
   86588.0754367031       2.322223019822399E-002  2.244337619485318E-002
   72961.5765484095       2.367498281950230E-002  2.200859947467182E-002
   108001.961031501       2.412946541841614E-002  2.157298815320897E-002
   263387.775663191       2.458304964945414E-002  2.113799801308965E-002
   131931.496451994       2.503762357153667E-002  2.070157055640123E-002
   231396.191530200       2.547309198485967E-002  2.113479078494750E-002
   59744.5244580759       2.590841239899522E-002  2.156681833101064E-002
   55057.7046010623       2.634468296799036E-002  2.199952320964241E-002
   121719.135130319       2.677937287167162E-002  2.243141077316815E-002
   221606.611395251       2.754343911807863E-002  2.166109348787434E-002
   112854.269035589       2.710695955324154E-002  2.123000575508871E-002
   82389.7773868191       2.666965930119326E-002  2.079807332980356E-002
   61381.7826722160       2.623347663864259E-002  2.036739340230064E-002
   16293.8725914029       2.579695277910812E-002  1.993646432705580E-002
   26406.6881676783       2.623019891075163E-002  1.939823802616010E-002
   20987.1745200974       2.666277515160444E-002  1.885916572535048E-002
   126396.183036672       2.709668174008611E-002  1.832110585518103E-002
   107100.403456868       2.752970531136258E-002  1.778160902386369E-002
   59771.6731127564       2.664169115889220E-002  1.786820004553004E-002
   126449.607993325       2.610547013594376E-002  1.830455519082872E-002
   148996.223990221       2.556831743133350E-002  1.874019505214113E-002
   56543.6626426910       2.503238809088175E-002  1.917718193514554E-002
   80941.7895099890       2.459747738614340E-002  1.874376078899326E-002
   6963.81327042073       2.416361885567630E-002  1.831157217747266E-002
   6643.10702706534       2.372891765643684E-002  1.787849467319928E-002
   105187.402141146       2.296381750940037E-002  1.864927229360118E-002
   75704.8669793194       2.340070068899853E-002  1.908065423171500E-002
   5084.62295701994       2.383653686686189E-002  1.951079666226737E-002
   23907.8893130329       2.427314662411625E-002  1.994189127512013E-002
   47537.4322869975       2.383956790815576E-002  2.039765931526818E-002
   96109.4559854570       2.340629182372245E-002  2.085221100460054E-002
   162350.727142549       2.297178129206528E-002  2.130802822417260E-002
   67229.4127055468       2.831324273587834E-002  2.242568923460721E-002
   55209.7146116682       2.874478045867172E-002  2.201854290300205E-002
   64178.3927470620       2.917784534901553E-002  2.161255511505499E-002
   154185.063282556       2.960997788139606E-002  2.120534830552963E-002
   87096.3200242410       3.004213252727922E-002  2.079889547762073E-002
   140108.141769207       3.045007444467383E-002  2.120228825040430E-002
   47532.2615292527       3.085890189826262E-002  2.160667889815001E-002
   48553.4120605565       3.126676474106311E-002  2.200988386325440E-002
   24192.8356979094       3.167544640338028E-002  2.241411519362876E-002
   79410.0755634173       3.254587713354711E-002  2.153639703132273E-002
   32643.0423765547       3.213795165612721E-002  2.113117667812574E-002
   21735.1092589832       3.173116918873149E-002  2.072694797353268E-002
   52537.4014076467       3.132343588682102E-002  2.032181138758104E-002
   28763.0751629290       3.091708284489540E-002  1.991746275348310E-002
   39294.8333623047       3.132086098769819E-002  1.956302055578898E-002
   60647.7919678820       3.172566668760126E-002  1.920852749956271E-002
   49962.5181118201       3.212949167916895E-002  1.885400031929869E-002
   37201.8038423388       3.253420044871789E-002  1.849828808591956E-002
   3861.50514900686       3.109059302406215E-002  1.782289694258789E-002
   3867.94109109596       3.073910912436584E-002  1.822915999351326E-002
   27089.7069267914       3.038753531435624E-002  1.863640271162296E-002
   33297.6980095297       3.003591393341571E-002  1.904268006426693E-002
   82347.1935508117       2.949715065838860E-002  1.863958145986232E-002
   66326.1512702079       2.895717641615070E-002  1.823583457557735E-002
   56125.5773551824       2.841809808690586E-002  1.783340636538998E-002
   14584.0635450126       2.793848805352937E-002  1.831772263617797E-002
   25124.2315526755       2.834600052489399E-002  1.885266280133031E-002
   50133.3118329427       2.875422000438761E-002  1.938867129393558E-002
   49380.5983998606       2.916120074544062E-002  1.992382105993188E-002
   14451.1890638857       2.875761686821515E-002  2.035780168122323E-002
   72026.7889028993       2.835269607558216E-002  2.079172851046878E-002
   107087.314211539       2.794866428079531E-002  2.122685071117751E-002
   9290.43958099859       3.342343122311101E-002  2.240698305660453E-002
   34543.9021788925       3.382901613207621E-002  2.205643384239124E-002
   40078.6675479300       3.423375367206202E-002  2.170593184750610E-002
   48018.4711089450       3.463951777020435E-002  2.135636992762203E-002
   25595.4748248219       3.504422027656563E-002  2.100567244140723E-002
   45004.7893222314       3.540579345963334E-002  2.135317500599870E-002
   7826.56807720282       3.576640783478734E-002  2.169949529380801E-002
   26203.5014201496       3.612804071253094E-002  2.204667099415114E-002
   211865.158986596       3.648833373197798E-002  2.239402911447783E-002
   153162.928741593       3.754604398908978E-002  2.132700747571482E-002
   21646.5785751565       3.719520006061431E-002  2.096987267353412E-002
   21280.0105114933       3.684463091662768E-002  2.061156540990490E-002
   58171.5232270627       3.649511513546570E-002  2.025434434047350E-002
   41678.7472603150       3.614467626288571E-002  1.989616448860566E-002
   38873.4724046859       3.649257921487045E-002  1.956124849081650E-002
   51109.8051423415       3.683940284218411E-002  1.922612609935682E-002
   77700.3357963925       3.718736291224251E-002  1.888999130502459E-002
   67728.0481249884       3.753534103065935E-002  1.855473330492297E-002
   21377.3257814811       3.603531524870247E-002  1.774605315303516E-002
   53782.8957914968       3.570146394600771E-002  1.809613048765687E-002
   129801.602705438       3.536849418958599E-002  1.844522911898767E-002
   11390.1087077549       3.503569946465460E-002  1.879566550425012E-002
   45003.2657398051       3.468114142813182E-002  1.844821692938408E-002
   6245.46893495675       3.432670311450012E-002  1.810172710360516E-002
   21498.3712166434       3.397227206869922E-002  1.775431760042754E-002
   18762.5022313867       3.288471138255940E-002  1.885081732995522E-002
   323.860527959862       3.323517870372662E-002  1.920229774960531E-002
   42453.9670229845       3.358463299169358E-002  1.955371062840095E-002
   11145.7256659253       3.393489933213818E-002  1.990520943300627E-002
   8152.25430651019       3.358745079552520E-002  2.031244734383228E-002
   22943.8059735479       3.324099592323736E-002  2.072073416729872E-002
   38131.5769216919       3.289348268075224E-002  2.112806397981663E-002
   127032.323022585       3.861226788022792E-002  2.238539520367666E-002
   24408.4639113935       3.896931172019428E-002  2.192726464459232E-002
   36217.2054462690       3.932772568197375E-002  2.146934978126101E-002
   13820.1683469533       3.968524578056149E-002  2.101240895684712E-002
   36342.6316340566       4.004373353653390E-002  2.055420904524535E-002
   7702.62568751963       4.051037023196062E-002  2.100958779457242E-002
   7518.67274269056       4.097705028211462E-002  2.146388322962994E-002
   261.592038708956       4.144370832360626E-002  2.191918507193704E-002
   7054.42539306363       4.191032800079417E-002  2.237449834444698E-002
   12953.4019518513       4.254805967665237E-002  2.173222475746325E-002
   10472.7994480266       4.208935863078028E-002  2.126885116273833E-002
   3405.61482462475       4.163065130264827E-002  2.080550581519322E-002
   11997.1937903549       4.117296629165938E-002  2.034216219112650E-002
   65771.7233921782       4.071424542552508E-002  1.987886786552570E-002
   16501.5904249403       4.116960545561887E-002  1.946337192505201E-002
   12974.2635655910       4.162414671948469E-002  1.904692297111297E-002
   1459.16264173160       4.207971419129730E-002  1.863139329570175E-002
   9382.15388837794       4.253521502025296E-002  1.821469778712953E-002
   32727.8284741986       4.127683026591004E-002  1.783418966526224E-002
   19852.1595354822       4.086450607487713E-002  1.829250132739890E-002
   10768.9580005077       4.045111452072115E-002  1.874985166610564E-002
   63556.6024625186       4.003865365787666E-002  1.920822237182975E-002
   27669.2182237943       3.970260287023031E-002  1.875249213990645E-002
   8513.44003348398       3.936652707312735E-002  1.829809992937785E-002
   34950.9513291490       3.902963697377926E-002  1.784270958617155E-002
   95192.4626950553       3.799389552304325E-002  1.888695779510179E-002
   61300.1303537045       3.845247721692290E-002  1.922002951572647E-002
   37250.0976244569       3.890998323458719E-002  1.955197339108064E-002
   124736.298355049       3.936843023652582E-002  1.988367248591569E-002
   31547.1629137934       3.891268359296304E-002  2.024479041957650E-002
   3323.25553400645       3.845786500360140E-002  2.060508960450960E-002
   8080.65878981106       3.800202365149118E-002  2.096656915637611E-002
   496.860474885778       4.319031481228443E-002  2.236998697944743E-002
   11196.8755324613       4.365385617191864E-002  2.195237241496213E-002
   12806.7819656149       4.411742157095423E-002  2.153374499519557E-002
   23835.9997299180       4.458097497152758E-002  2.111607064696647E-002
   10249.1629137425       4.504451352922276E-002  2.069736231326752E-002
   17730.0270857595       4.539113698262994E-002  2.111305517596612E-002
   5028.67910473551       4.573773685517848E-002  2.152774398526112E-002
   4955.80613335807       4.608334034243483E-002  2.194341719347914E-002
   4166.06542152650       4.642990983058946E-002  2.235809820152919E-002
   13339.1395490048       4.754666520805848E-002  2.123283986106885E-002
   8048.06895287494       4.712932344398757E-002  2.088943223391675E-002
   7317.76645217727       4.671100218021702E-002  2.054702413510607E-002
   2354.27515527582       4.629367909892646E-002  2.020362935972136E-002
   3581.10978170508       4.587539755272885E-002  1.986022151576501E-002
   1068.15036030298       4.629074339181924E-002  1.941567904214684E-002
   2570.95644171875       4.670508909277678E-002  1.897113272436936E-002
   3898.98147774319       4.712043668355577E-002  1.852657527889980E-002
   1516.80653348878       4.753477675095860E-002  1.808200370231071E-002
   3707.07445656833       4.636260768029171E-002  1.777441083046871E-002
   2047.25147330796       4.592117734055299E-002  1.819305394272899E-002
   1085.16573200541       4.547973252564558E-002  1.861069571742123E-002
   632.033942650823       4.503829167621904E-002  1.902934710510303E-002
   1178.20886548037       4.462273394445758E-002  1.861387458039880E-002
   7373.64084630922       4.420615913695123E-002  1.819943567429675E-002
   5843.93770205749       4.379059354759614E-002  1.778398726080483E-002
   7728.22767405430       4.295275680522698E-002  1.862815825398061E-002
   1713.43339613859       4.337132240232679E-002  1.904057517238687E-002
   1982.59288192881       4.378887206940701E-002  1.945401001104934E-002
   6163.20803632032       4.420742714834136E-002  1.986642764221861E-002
   12499.5389289963       4.379216096656902E-002  2.033290677331112E-002
   2604.40381118326       4.337782811629901E-002  2.079934552260291E-002
   1587.29514462781       4.296246167888848E-002  2.126578590517991E-002
   1315.03275280723       4.867189595546871E-002  2.234962580973852E-002
   5509.51897706109       4.901551570631626E-002  2.198433415598262E-002
   5259.05794573593       4.935816284006213E-002  2.161905823483141E-002
   12268.2107570500       4.970180992282811E-002  2.125376491590713E-002
   6336.50649617126       5.004546705445673E-002  2.088846740347031E-002
   12648.2817145547       5.041088823921953E-002  2.125106872676814E-002
   5028.98388511949       5.077729597876539E-002  2.161367031446217E-002
   5701.49646822907       5.114270833833555E-002  2.197625970008291E-002
   2158.31405857498       5.150910202948660E-002  2.233885160095671E-002
   8565.97101897134       5.254710017408481E-002  2.129284059743740E-002
   2604.62412484415       5.218167788627468E-002  2.092925530165438E-002
   2065.48529583423       5.181627585246706E-002  2.056666356761792E-002
   4089.63608516300       5.145087189386813E-002  2.020308100747482E-002
   2661.34796136328       5.108550144032967E-002  1.984048150623353E-002
   64.6829679461806       5.144793043482793E-002  1.942410995418983E-002
   3201.12315800053       5.181036066973707E-002  1.900873153653780E-002
   4704.19685057437       5.217279128593068E-002  1.859235062259566E-002
   3314.39666064301       5.253522144102687E-002  1.817596186483835E-002
   645.468464081974       5.127740989918596E-002  1.770374835023825E-002
   1989.89692101261       5.086379208099225E-002  1.806931842344477E-002
   4359.76371562224       5.045116916300814E-002  1.843488513516986E-002
   575.109633216824       5.003755090380507E-002  1.880046630150553E-002
   2576.74985677520       4.959316509542257E-002  1.843814679178519E-002
   2006.39733561236       4.914877423285620E-002  1.807583977786232E-002
   449.933515227945       4.870438604749824E-002  1.771353831881830E-002
   2105.12531338484       4.790047012408424E-002  1.852361265618583E-002
   443.511371355387       4.826616028147723E-002  1.896521442272012E-002
   1458.66483062886       4.863184310010688E-002  1.940681544066728E-002
   619.561228158518       4.899752231735245E-002  1.984841482317068E-002
   276.724231353360       4.863483044255504E-002  2.019477129788098E-002
   6162.29518916050       4.827211698527163E-002  2.054112141078395E-002
   7037.28219920292       4.790939823565375E-002  2.088648404953386E-002
   2710.87539519216       5.359308681239166E-002  2.233085063184249E-002
   133.761128476859       5.395626260518107E-002  2.185446736565520E-002
   726.554015640425       5.431845889412266E-002  2.137809725536579E-002
   6319.42946992317       5.468166460710545E-002  2.090171938504222E-002
   4132.02232003594       5.504387967958052E-002  2.042533359852936E-002
   7993.55078020463       5.551273059919150E-002  2.089852939124865E-002
   1458.02797984051       5.598258045459165E-002  2.137171272595859E-002
   1329.42315066823       5.645143092129939E-002  2.184488753507054E-002
   2849.12236019049       5.692026691374864E-002  2.231806528132859E-002
   4568.81794550645       5.754882184748689E-002  2.168462294654014E-002
   2138.21850561188       5.707199989757623E-002  2.121946932970161E-002
   1321.66750990756       5.659518171879583E-002  2.075432218940495E-002
   3872.49779417008       5.611836545695122E-002  2.028818018531190E-002
   2700.43844936997       5.564158123621616E-002  1.982302376343075E-002
   2495.62153879389       5.611474500064385E-002  1.934120035239950E-002
   3279.29016748758       5.658790649724067E-002  1.885937373570185E-002
   3958.80130628410       5.706106638099580E-002  1.837754390373634E-002
   2722.53807629011       5.753422045848922E-002  1.789471100909699E-002
   1509.10469333421       5.647382318446345E-002  1.779480098413578E-002
   2022.19247345072       5.599564748281571E-002  1.827164597613405E-002
   2604.93115767717       5.551746873806117E-002  1.874848896237120E-002
   341.515316081293       5.503928915187392E-002  1.922533272111406E-002
   1338.31911080434       5.462246213454446E-002  1.875193004950776E-002
   1069.19855997449       5.420663652203399E-002  1.827853028452257E-002
   702.213940231319       5.378981306410711E-002  1.780513767587664E-002
   179.311137013270       5.301182157360114E-002  1.858913021314392E-002
   1006.19628471006       5.348841559268574E-002  1.900230172752820E-002
   1152.20860147457       5.396500615146806E-002  1.941446560071793E-002
   143.535521517938       5.444159291669641E-002  1.982762876255051E-002
   3194.29177650417       5.396797893956307E-002  2.019342144310645E-002
   7116.13907444065       5.349435358272457E-002  2.056021742272186E-002
   7370.65794993190       5.302072568968667E-002  2.092602658634220E-002
   1601.50963640344       5.818225455345440E-002  2.231318788183599E-002
   1059.34380405671       5.864766122208117E-002  2.189939869474662E-002
   1438.18094155327       5.911307558517067E-002  2.148461220007454E-002
   2846.86309507836       5.957949515983731E-002  2.107081692785709E-002
   1452.84608901019       6.004491324497825E-002  2.065701869626690E-002
   2068.72904393016       6.047050751888893E-002  2.106737549744378E-002
   445.077478003472       6.089609908759864E-002  2.147773423938977E-002
   620.909053899283       6.132069580411201E-002  2.188909384243421E-002
   202.648801633398       6.174628695627004E-002  2.229944959433816E-002
   654.707871895717       6.254816668596871E-002  2.149133979675220E-002
   100.919328949007       6.213452720543219E-002  2.106893829413107E-002
   91.3316780451330       6.171989346305581E-002  2.064754034739339E-002
   1130.63189464759       6.130625623319590E-002  2.022513955089529E-002
   774.676526024615       6.089262568831719E-002  1.980273422489248E-002
   550.685372506790       6.130293216191589E-002  1.936314397022809E-002
   533.256842130664       6.171323724853935E-002  1.892355297054046E-002
   242.024537063336       6.212454173544975E-002  1.848395814954274E-002
   224.661446496448       6.253484551341058E-002  1.804436714267787E-002
   401.908330649622       6.134755531224844E-002  1.771295695831126E-002
   132.355614077186       6.091115498140619E-002  1.812764832040600E-002
   55.2419913106765       6.047475056346124E-002  1.854133871266807E-002
   3.85983959978666       6.003834603404347E-002  1.895502836256872E-002
   337.187369108884       5.955675660347796E-002  1.854488412709462E-002
   190.446809110936       5.907516518544213E-002  1.813474476306345E-002
   1115.69856317535       5.859356942690316E-002  1.772360859947587E-002
   695.692421743083       5.794808309796513E-002  1.837410990341981E-002
   52.8191207380988       5.836293682252946E-002  1.885250732131141E-002
   570.074612611931       5.877678923595273E-002  1.933090684313451E-002
   1323.33945753973       5.919064020842205E-002  1.980930626793325E-002
   452.864934268926       5.878044219145316E-002  2.027788253471142E-002
   1068.03076056629       5.837024147095221E-002  2.074745761140027E-002
   2060.75124046767       5.795903331843064E-002  2.121603989080025E-002
   152.731451486952       6.335627481909564E-002  2.229322067468782E-002
   155.361736364435       6.377915351956122E-002  2.200258360640889E-002
   147.604526630627       6.420103336780175E-002  2.171195095690576E-002
   170.231544412244       6.462391341757064E-002  2.142131430062548E-002
   17.1283474993189       6.504679319522762E-002  2.113067701502261E-002
   54.6437700671726       6.548990764992423E-002  2.141796467561559E-002
   248.830607926188       6.593402084841102E-002  2.170525033893590E-002
   222.338051626474       6.637713432532069E-002  2.199253990874640E-002
   260.243956286918       6.682024876286854E-002  2.227982919748864E-002
   571.813219506026       6.754841604257693E-002  2.154600865408308E-002
   177.402631454721       6.725771069436083E-002  2.110512902231643E-002
   65.5618974071970       6.696700464325886E-002  2.066424939640967E-002
   138.103540292013       6.667629418412926E-002  2.022236978750688E-002
   381.157455168232       6.638558885255515E-002  1.978148895218436E-002
   264.643647147589       6.667274262405513E-002  1.930337336495051E-002
   220.666292154018       6.695989879342119E-002  1.882625694005294E-002
   141.447966679836       6.724705013155122E-002  1.834814041019645E-002
   296.708236310993       6.753420035760235E-002  1.787002454737867E-002
   240.908587877286       6.646303243422194E-002  1.757017011796314E-002
   522.293093414640       6.598715566155261E-002  1.786101494633792E-002
   546.679922481067       6.551227866599064E-002  1.815185461420812E-002
   441.328641813761       6.503640172279866E-002  1.844269770985761E-002
   590.510660514543       6.459728899440971E-002  1.815539296218589E-002
   550.185948343154       6.415817585598324E-002  1.786808861069865E-002
   21.6438550679584       6.371906233550190E-002  1.758078432165612E-002
   650.632518391052       6.282553669143455E-002  1.848124475707512E-002
   129.536619367144       6.311622653335974E-002  1.891812452863288E-002
   11.7270966059817       6.340691702292481E-002  1.935500413182924E-002
   139.179283855254       6.369760850155448E-002  1.979188325869447E-002
   167.477279392617       6.341024900931996E-002  2.021699680546597E-002
   252.429367699478       6.312288978806183E-002  2.064211084585892E-002
   348.201825078213       6.283552658530696E-002  2.106622526392654E-002
   245.216507018160       6.828223812541970E-002  2.227417479239461E-002
   58.5734988926980       6.872240508148551E-002  2.179946720896136E-002
   107.871316708789       6.916257026124338E-002  2.132475897677288E-002
   596.146721660725       6.960373496003788E-002  2.085004756701534E-002
   374.166243395115       7.004390328990677E-002  2.037634103182229E-002
   744.483990153502       7.052572117972238E-002  2.084648162607792E-002
   251.762791198056       7.100754244728635E-002  2.131762462590885E-002
   74.5846666707599       7.148936455258573E-002  2.178876875096014E-002
   640.218544411597       7.197118999273530E-002  2.225991174466618E-002
   951.884864256362       7.254894220207643E-002  2.167767374235443E-002
   614.662376019318       7.207409366211306E-002  2.119950600723165E-002
   349.241016430169       7.159924527668494E-002  2.072133617225155E-002
   123.300727681067       7.112439603288746E-002  2.024316514408526E-002
   240.177969572805       7.065054418915992E-002  1.976499091933474E-002
   31.3689792498274       7.112074523265563E-002  1.929916568651125E-002
   320.376545068927       7.159194385970596E-002  1.883333623211070E-002
   760.213204609068       7.206314185562719E-002  1.836750807291060E-002
   430.831661195092       7.253434052387406E-002  1.790168241317049E-002
   238.354518518706       7.142568780125708E-002  1.773497145612997E-002
   195.259920136515       7.096352332780009E-002  1.820976605409353E-002
   576.672281608843       7.050136004296098E-002  1.868455988893270E-002
   459.732862423105       7.003919278749085E-002  1.915835165567805E-002
   661.691740598220       6.956037402003883E-002  1.868819956609531E-002
   244.086793670241       6.908255139892246E-002  1.821704215773711E-002
   167.626393640564       6.860372779083795E-002  1.774588801137837E-002
   743.129655134928       6.800903918071448E-002  1.834519061690202E-002
   353.502015868520       6.848387715022020E-002  1.882035922761962E-002
   37.2448047414271       6.895871181641226E-002  1.929452881516280E-002
   24.8399908559646       6.943255244273049E-002  1.976970177846258E-002
   111.841279369937       6.896226579293467E-002  2.021352585711723E-002
   291.093671319571       6.849098492581214E-002  2.065835430965950E-002
   383.084350457449       6.801970043877510E-002  2.110218188365641E-002
   228.360754358627       7.313118190698700E-002  2.225542378583572E-002
   458.961687157681       7.360961844697922E-002  2.185056728788890E-002
   543.960694616702       7.408805280313796E-002  2.144571094844843E-002
   892.807868724109       7.456648746642540E-002  2.104085646229541E-002
   438.694681867743       7.504492283159324E-002  2.063600381614356E-002
   614.721980192013       7.540047552797689E-002  2.103763338218049E-002
   163.322565227223       7.575602904260471E-002  2.143926268881504E-002
   192.008094102865       7.611158237271105E-002  2.184089273677816E-002
   109.194028936447       7.646713654051489E-002  2.224252248545821E-002
   357.478510736680       7.754694084946152E-002  2.115434391667476E-002
   150.428056240701       7.714257740493227E-002  2.080190275939309E-002
   139.664483289315       7.673821335251893E-002  2.044946181723317E-002
   204.279696630271       7.633384927098280E-002  2.009702036946471E-002
   131.039792089581       7.592948356855962E-002  1.974457984936859E-002
   126.082487896369       7.633110844087611E-002  1.938802490844835E-002
   194.306656880298       7.673273316141466E-002  1.903147011144288E-002
   219.542593202005       7.713435784735755E-002  1.867491552404564E-002
   116.796832753902       7.753598272387631E-002  1.831836136235080E-002
   21.3408094377513       7.609837767362412E-002  1.764691105161034E-002
   23.0653501817193       7.574493768243791E-002  1.805128013572200E-002
   101.667857784798       7.539149796653768E-002  1.845564922019302E-002
   132.194799178362       7.503805842496769E-002  1.886001817157234E-002
   259.372044751048       7.457250546872647E-002  1.845881475898463E-002
   174.546815094354       7.410695310874149E-002  1.805760982808348E-002
   106.556024566258       7.364140047551836E-002  1.765640423102535E-002
   227.119220736658       7.293912852195611E-002  1.836412212678853E-002
   76.2106302637155       7.334391713852416E-002  1.882656238423116E-002
   59.3585563466781       7.374870640944980E-002  1.928900303201886E-002
   362.560094748603       7.415349612884983E-002  1.975144389075562E-002
   356.969762426539       7.375235489878840E-002  2.023300092078516E-002
   13.2245629872821       7.335121586114721E-002  2.071455889714103E-002
   265.271065583190       7.295007828331346E-002  2.119611666099206E-002
   91.2358506368402       7.863512036537515E-002  2.223414758485630E-002
   46.9861188437722       7.898741800063708E-002  2.179278290352157E-002
   67.1743564241630       7.933971871385699E-002  2.135241787521650E-002
   262.374890355835       7.969201532423528E-002  2.091105308967632E-002
   152.141879224154       8.004431554475862E-002  2.047068869702936E-002
   278.898546015167       8.043200742977251E-002  2.090819476538761E-002
   46.0560566653562       8.082070351840549E-002  2.134669682458410E-002
   64.6289068852182       8.120839563491802E-002  2.178420310874894E-002
   37.4199185690235       8.159709187087093E-002  2.222270546314768E-002
   101.616623160226       8.254740069200160E-002  2.126502876577607E-002
   30.6363371009890       8.210590981700946E-002  2.087973060465185E-002
   31.4594539209195       8.166542258739089E-002  2.049542861843409E-002
   141.907317268038       8.122393147250112E-002  2.011013032117204E-002
   139.189588849968       8.078344335622227E-002  1.972582868762824E-002
   83.0592476610011       8.122082135872426E-002  1.930513639697148E-002
   102.202515321572       8.165919960506876E-002  1.888444040383781E-002
   86.3655514665239       8.209657792658233E-002  1.846374828123893E-002
   58.4745101610587       8.253495628213237E-002  1.804305227055588E-002
   45.4415598374984       8.129048258307031E-002  1.766385541395446E-002
   33.1757880027414       8.087318127196619E-002  1.810447022657549E-002
   44.4673386619607       8.045588387907145E-002  1.854608514219960E-002
   30.3230838110144       8.003858259737003E-002  1.898670007186069E-002
   2.72821021103974       7.968188950254378E-002  1.854907464697145E-002
   44.5485991103697       7.932519256036714E-002  1.811044901294215E-002
   42.6172284540418       7.896849948481000E-002  1.767282326365365E-002
   30.9608430627945       7.797735032376206E-002  1.867165946494278E-002
   16.8240598279054       7.841771834593894E-002  1.902496103522552E-002
   27.7876231344449       7.885908632150650E-002  1.937825897806933E-002
   34.3097049463051       7.929945436548899E-002  1.973156092303881E-002
   93.6062475507285       7.886182551629306E-002  2.008725501801566E-002
   242.287678823491       7.842319720433204E-002  2.044295290771819E-002
   263.018897190566       7.798556891312049E-002  2.079864650513006E-002
   36.3444587007147       8.350507767043243E-002  2.221533740884055E-002
   1.72848363760918       8.389029840260766E-002  2.175384617976658E-002
   1.09649706749351       8.427451889369848E-002  2.129235868909647E-002
   52.5169866181633       8.465973927022391E-002  2.083086736273877E-002
   28.5351870833273       8.504395568995053E-002  2.036837998651042E-002
   60.7224027915373       8.545973278168986E-002  2.082777775904943E-002
   7.31177309300017       8.587650606802288E-002  2.128617164994497E-002
   12.0219466116637       8.629227933121153E-002  2.174456948293258E-002
   5.75800638719563       8.670805263791445E-002  2.220296731228691E-002
   15.4207990817804       8.754779090224478E-002  2.135671818211830E-002
   3.57752692528246       8.708619562247652E-002  2.094449764098142E-002
   4.34523423888993       8.662460030406066E-002  2.053227710347530E-002
   35.0060954926904       8.616300111228629E-002  2.011905654430269E-002
   41.9435049668882       8.570040559228219E-002  1.970683996615454E-002
   15.6378395764455       8.615977234361402E-002  1.928306290160572E-002
   6.11141913482918       8.661813923912194E-002  1.885928973279791E-002
   2.21494779876990       8.707650617157722E-002  1.843551652578964E-002
   5.07471020448355       8.753487305650841E-002  1.801174319166882E-002
   12.9211697030991       8.629952289960474E-002  1.766451127658815E-002
   5.69233806722328       8.587930248490004E-002  1.812613742980314E-002
   6.48236082585730       8.545908202664143E-002  1.858776361719930E-002
   29.9207355086843       8.503886540779314E-002  1.905038985255651E-002
   18.7763480955519       8.461808803998165E-002  1.859101150717465E-002
   22.4637827638869       8.419731456604651E-002  1.813263314673864E-002
   57.6338258257078       8.377654119052662E-002  1.767425473153842E-002
   72.1574661419498       8.299657092033798E-002  1.846027290497830E-002
   18.0205014061984       8.345818578919954E-002  1.887749323502610E-002
   20.4264255147418       8.391980062379625E-002  1.929471359426977E-002
  0.927114049090495       8.438241542924989E-002  1.971193007856226E-002
   36.7101018292529       8.392290974141653E-002  2.009970778103495E-002
   75.9534773543363       8.346440802787738E-002  2.048848156565551E-002
   79.7971344616077       8.300590242427279E-002  2.087625520351881E-002
   4.65315078529110       8.839404006993995E-002  2.219645641948505E-002
   2.30418955926839       8.880645366628259E-002  2.178486068627668E-002
   2.55103455259946       8.921887108928059E-002  2.137426493116785E-002
   10.2055581764535       8.963228463561590E-002  2.096266533250045E-002
   3.56982158763976       9.004470203981733E-002  2.055206959366542E-002
   10.6935566641523       9.055827765318410E-002  2.095908933292212E-002
   3.48251199240844       9.107185713437702E-002  2.136710905900559E-002
   4.48241312327848       9.158443274933510E-002  2.177413267666459E-002
   1.01644753831120       9.209801222397017E-002  2.218215243484824E-002
   3.26282687564400       9.254925949516973E-002  2.172740646687171E-002
  0.621350594694317       9.213728537289129E-002  2.121699357388611E-002
   1.11262894792232       9.172631508791938E-002  2.070757681330010E-002
   6.65229516635683       9.131434093827738E-002  2.019716392439907E-002
   7.67725209355977       9.090336674365776E-002  1.968674720031166E-002
   1.59632452421453       9.131074173883406E-002  1.926517089198852E-002
   1.36120063006191       9.171911289431212E-002  1.884259074342542E-002
  0.540057612571821       9.212648792832019E-002  1.842101444604005E-002
  0.723810989486519       9.253485908740247E-002  1.799843427271051E-002
  0.455607596634313       9.129429274314585E-002  1.759522198240948E-002
   2.07924062594440       9.087587531549435E-002  1.800584084418404E-002
   3.25289620125840       9.045646175353615E-002  1.841746357148987E-002
   8.62088454928161       9.003804431502983E-002  1.882808244791516E-002
   9.72855412872285       8.961446795854265E-002  1.842071517371742E-002
   8.68265635505213       8.919088773669735E-002  1.801234791017285E-002
   1.75114785141063       8.876731137216810E-002  1.760498064681930E-002
   2.14719979806763       8.794649969412709E-002  1.843215668829268E-002
   2.74096475450907       8.835712634916167E-002  1.885257403084440E-002
   3.62455919835516       8.876875298272104E-002  1.927298752517852E-002
   1.76891335353482       8.917937960429007E-002  1.969340489724478E-002
   1.41849302383473       8.877198143973943E-002  2.010898129763356E-002
   8.08577146405603       8.836358716781395E-002  2.052556155632498E-002
   9.76949431841866       8.795618902721634E-002  2.094113794270885E-002
   1.16001542814646       9.300400546980825E-002  2.217865373338814E-002
  0.828169178371996       9.351480452179504E-002  2.186667884008896E-002
  0.726356332024650       9.402460743535214E-002  2.155570779876160E-002
   1.62370977822696       9.453540647969194E-002  2.124373290535946E-002
  0.141254146628020       9.504620552226282E-002  2.093175801061508E-002
   1.10779663012130       9.556139881914068E-002  2.123977077979448E-002
  0.324102379446527       9.607759211391943E-002  2.154777968000907E-002
  9.746984974812774E-002  9.659278155316062E-002  2.185479245117735E-002
  3.272946979210747E-002  9.710797485441645E-002  2.216280521446020E-002
  2.178669323447161E-002  9.754926080830910E-002  2.171809777484400E-002
  6.598659754354795E-002  9.723727819477297E-002  2.120529874124975E-002
  0.219629367675303       9.692629557335371E-002  2.069249584622938E-002
  0.749986312912220       9.661430909943418E-002  2.017869681910185E-002
   2.56452636878284       9.630232648003549E-002  1.966589778993098E-002
   2.09600310148373       9.661032765568017E-002  1.914770452061111E-002
   2.88096257824084       9.691833270521220E-002  1.863051125270299E-002
   2.96637594930448       9.722533391058003E-002  1.811232186046525E-002
  6.299703176945942E-002  9.753333512254762E-002  1.759412861126676E-002
   7.08429794989402       9.658286721787909E-002  1.747479809679214E-002
   6.11621465497879       9.606706431867204E-002  1.778579228594020E-002
   4.92050264084234       9.555226528119756E-002  1.809778261665656E-002
   3.73035461034670       9.503646625353178E-002  1.840977681164515E-002
   4.21214965594652       9.461527223793477E-002  1.810140105397538E-002
   2.98392421210472       9.419307823455787E-002  1.779302915567523E-002
   2.82340159104909       9.377188809070645E-002  1.748565338851405E-002
   6.24437688325780       9.284648256200152E-002  1.841823401400376E-002
   1.30420688931619       9.315710219524739E-002  1.883703760287381E-002
  0.241269846501721       9.346872567714294E-002  1.925683732297708E-002
  0.372150828710615       9.378034528770655E-002  1.967563705464605E-002
  0.112286216254668       9.347232480312445E-002  2.018883037231279E-002
  0.899854682383631       9.316430432249848E-002  2.070202369170913E-002
   1.66350843688437       9.285727997300441E-002  2.121421315432754E-002
   473000.087304518      -3.658000000000000E-003  2.500000000000000E-003
   252330.011367140       2.488460843024970E-003 -3.160602581929716E-003
   1302398.57824162      -3.063000000000000E-003 -2.500000000000000E-003
   507759.930212832      -2.503277035897949E-003 -3.066185033140718E-003
   151651.321903752       7.481614960204214E-003 -3.387884637333537E-003
   310208.703354964       1.247353412812205E-002 -3.067316004523915E-003
   183567.618195126       1.746500386018877E-002 -3.399549886371802E-003
   151421.597677624       2.246012548065937E-002 -3.240226172455368E-003
   82246.7070449668       2.745551166861925E-002 -3.450504496613236E-003
   48362.1634302439       3.245388697945403E-002 -3.281831339742714E-003
   21469.8397088349       3.745129886120140E-002 -3.576497227114275E-003
   5884.22563877795       4.245119719122974E-002 -3.422635612548157E-003
   8865.67874158649       4.745226544108760E-002 -3.158151574576872E-003
   3763.06075148202       5.244973830191093E-002 -3.904808550391059E-003
   3300.78763712928       5.745188025700970E-002 -3.407242948197940E-003
   530.113540402485       6.245169903302343E-002 -3.484591194931266E-003
   390.181154987041       6.745250965161680E-002 -3.284886149587173E-003
   418.564279854095       7.245200096926721E-002 -3.422173157210672E-003
   167.222428545499       7.745108500697581E-002 -3.665469426971175E-003
   101.468059119280       8.245260742205980E-002 -3.278780142068507E-003
   3.49631441013897       8.745186965561683E-002 -3.479090345122804E-003
   2.31964226008666       9.245133426685784E-002 -3.627402283509080E-003
   1.81138760817946       9.815572568527145E-002  2.158607270605194E-003
  8.789171339487784E-003  9.823541212632571E-002 -2.841737800047934E-003
  5.952194215828949E-003  9.745140129235141E-002 -3.619715313975115E-003
   235768.399708865      -2.801000000000000E-003  7.500000000000000E-003
   4.66896592021531       9.850603568013534E-002  7.157292036855103E-003
   342152.830669090      -2.809000000000000E-003  1.250000000000000E-002
   7.87018857302306       9.832934786717289E-002  1.215801351133113E-002
   264850.736074800      -3.451000000000000E-003  1.750000000000000E-002
  0.320190952273814       9.796465980746298E-002  1.715945975466368E-002
   152627.612308007      -2.495773784939963E-003  2.333629556113922E-002
   1000150.23018729      -3.340000000000000E-003  2.250000000000000E-002
   10203.7664784884       2.513753915734772E-003  2.346533735268966E-002
   24430.5535096929       7.521598291977637E-003  2.356586703925622E-002
   35863.9159061846       1.252992081001078E-002  2.333409659008994E-002
   67898.1975810409       1.753592756416214E-002  2.301448643661983E-002
   60034.7672473766       2.254258933694227E-002  2.312731147282041E-002
   14259.8003615647       2.754916528084134E-002  2.319523549130163E-002
   15707.3268321007       3.255300639768256E-002  2.328442461961521E-002
   30799.9168230251       3.755464580361943E-002  2.345022921657004E-002
   743.222620915792       4.255257468949208E-002  2.301222392713173E-002
   2346.72758920911       4.755513845359753E-002  2.347483123576583E-002
   2594.51156742599       5.255509734726243E-002  2.337683000302598E-002
   43.9061239271980       5.755369935952485E-002  2.294661648432593E-002
   176.231038636747       6.255439544807917E-002  2.310132812923488E-002
   98.9650091964747       6.755407056848027E-002  2.300799732803428E-002
   63.3632035631528       7.255343002080276E-002  2.283766447460266E-002
   86.5140098812115       7.755531584372749E-002  2.332232753122050E-002
   23.0204295924770       8.255476877763471E-002  2.317301447535671E-002
   3.19059370544944       8.755430179826618E-002  2.304270560140143E-002
  0.695032383335956       9.255275819722975E-002  2.263339970970925E-002
  1.257952827530356E-002  9.799396824797381E-002  2.215938372874509E-002
  1.857527247534913E-002  9.755268229404147E-002  2.260409116840129E-002
