   858641.001884248      -1.449698809520977E-003  2.497067757308156E-003
   326564.407419912      -1.092190509708281E-003  2.011660893331743E-003
   116848.472893891      -7.344619735795742E-004  1.526980654772844E-003
   1061050.72755087      -3.779761983031900E-004  1.042523678603222E-003
   908738.268372195      -2.385031196004389E-005  5.576536517216125E-004
   1714451.19889309       4.128819557769259E-004  1.036596270960995E-003
   646388.535342638       8.497361175276107E-004  1.520346251444638E-003
   559360.373992483       1.289071827422605E-003  2.005506954006123E-003
   51583.1140315807       1.735406847500344E-003  2.487529274606908E-003
   2422894.05702087       2.456871349338990E-003  1.756457681548237E-003
   1744659.25939825       1.980715302006193E-003  1.316468910011803E-003
   1564844.86724426       1.504537215873735E-003  8.740287400981773E-004
   666586.608227688       1.027889353600174E-003  4.282848554581664E-004
   441607.789615192       5.470268527294111E-004 -1.752479204562001E-005
   1012481.32617326       1.023850920201824E-003 -4.374034284683748E-004
   1267592.77612346       1.492213718677947E-003 -8.572611281559943E-004
   3025792.30595673       1.960683983900912E-003 -1.273048684547798E-003
   1664128.37493282       2.428634876269859E-003 -1.686282766695470E-003
   129401.518502270       1.548784042402281E-003 -2.547215507408508E-003
   909570.367188248       1.145626299368921E-003 -2.056155514036934E-003
   733681.473570972       7.508253212571620E-004 -1.561498536583618E-003
   1584305.54479176       3.598678489082266E-004 -1.069316046259725E-003
   2306088.24426502      -2.922840924952374E-005 -5.814363122143484E-004
   2832368.92808004      -4.304151638634004E-004 -1.062409036379370E-003
   802333.443839284      -8.339712673243244E-004 -1.545880666018086E-003
   175778.449423538      -1.239563488967975E-003 -2.031356401397173E-003
   1984448.04574128      -1.648434139564459E-003 -2.516360202379551E-003
   61406.4495007680      -2.506029509897318E-003 -1.659010108449963E-003
   2172416.06790319      -2.029965032296452E-003 -1.250073233145708E-003
   1752874.25917235      -1.555094736895346E-003 -8.375612039101500E-004
   325408.679326982      -1.079869097762865E-003 -4.224532605712363E-004
   1237826.29483354      -5.976680408055232E-004 -9.536826872360191E-006
   356544.392373576      -1.077456330612318E-003  3.541770747471504E-004
   934143.620839490      -1.554771001716177E-003  7.186142806778756E-004
   1165629.39501622      -2.032429377689233E-003  1.081967505051533E-003
   574221.577630616      -2.511807208311178E-003  1.442701338735821E-003
   223500.361092062       3.191645690532560E-003  2.474701526787946E-003
   644345.691193392       3.629852610388124E-003  2.055018124897758E-003
   1085287.87649209       4.062210424034571E-003  1.634399497962305E-003
   2051557.52904765       4.493634888248469E-003  1.217697474006981E-003
   1365999.46575353       4.925609091603286E-003  8.040179463740999E-004
   1577338.48627787       5.316065526793665E-003  1.211954222975493E-003
   445568.256922500       5.708109043059832E-003  1.620358273078599E-003
   9265.06009546295       6.102628979500277E-003  2.031300580617057E-003
   342128.193237625       6.500032677941455E-003  2.441284240262201E-003
   1463604.43142070       7.416872463969681E-003  1.505301348211310E-003
   1597632.34377145       7.008804206546949E-003  1.116404936635292E-003
   1079300.08497608       6.600283435567678E-003  7.242286051004769E-004
   92477.6189607874       6.192125294230562E-003  3.307143109701129E-004
   314673.384219599       5.779290662829329E-003 -6.238923508269864E-005
   395746.361501117       6.185375255906788E-003 -4.806496327549394E-004
   641960.135270234       6.584966930433644E-003 -9.004838138611869E-004
   2254519.36206008       6.984507586524778E-003 -1.317825685056005E-003
   1409275.42845423       7.381724779080386E-003 -1.734186829413191E-003
   463786.213269979       6.512932791168938E-003 -2.581185781008213E-003
   92374.2433890210       6.107627408996558E-003 -2.163092186229508E-003
   1275251.40104130       5.707900204206846E-003 -1.743449093090526E-003
   1726581.03630026       5.308668774796673E-003 -1.327780928732734E-003
   1859163.25618781       4.910804332977400E-003 -9.131165059318503E-004
   2381667.38581057       4.509739138992649E-003 -1.321462588573466E-003
   834062.775077843       4.108562539713188E-003 -1.731586978178489E-003
   823450.003257258       3.705808487636316E-003 -2.145996691762548E-003
   248818.721707863       3.296345181296120E-003 -2.558129903106351E-003
   1292008.25216271       2.831245681967136E-003 -1.277940072719146E-003
   971273.209789864       3.236986933954448E-003 -8.692174329426421E-004
   377807.289616540       3.642956265040314E-003 -4.587007470846803E-004
   394707.186624124       4.055478003865937E-003 -4.857680592018722E-005
   210243.453042012       3.650787435034442E-003  4.038593908486419E-004
   785006.636656757       3.251446074255561E-003  8.569368698813403E-004
   1489840.19943635       2.853256609734593E-003  1.308007303292793E-003
   250380.041212315       8.355140280690872E-003  2.418619395287916E-003
   605385.721152348       8.743678459182842E-003  2.075910289788383E-003
   868319.436798550       9.130185839329371E-003  1.731721955578898E-003
   1390614.27840793       9.515274908537194E-003  1.390087404915782E-003
   1104356.33133789       9.900310759658675E-003  1.049128763048166E-003
   1629978.42164071       1.037234137374893E-002  1.379211920354052E-003
   1201090.02461229       1.084510329208517E-002  1.709730602071990E-003
   807699.432922138       1.131650756317714E-002  2.043757469655012E-003
   149919.921714670       1.179007905679865E-002  2.378145919481310E-003
   958751.733553147       1.239582950228895E-002  1.762274692236286E-003
   673516.784942349       1.206158137865239E-002  1.292181744047911E-003
   3439.94426306647       1.172409776553910E-002  8.205174705992609E-004
   528062.928577424       1.138555185759334E-002  3.476671869805414E-004
   225952.799103791       1.104299905508617E-002 -1.227578720276930E-004
   758906.362769437       1.137513374321289E-002 -4.369212648145432E-004
   755588.928374368       1.170302512480408E-002 -7.523536219070248E-004
   1944811.47856084       1.203235837672956E-002 -1.064693828042681E-003
   1231665.72458267       1.235736177412387E-002 -1.379989940652559E-003
   774671.675824035       1.107314344778767E-002 -2.627201552316139E-003
   52919.8962329964       1.076852640754922E-002 -2.287609039978765E-003
   1054856.50808353       1.046943540529622E-002 -1.944594959024257E-003
   1267515.82844058       1.016887606622572E-002 -1.604604877563655E-003
   1547805.81250798       9.870587008248728E-003 -1.263192495089949E-003
   2280204.62410771       9.462783741470339E-003 -1.595159672001252E-003
   1296277.36345535       9.054132661617139E-003 -1.927169653225221E-003
   1426344.24087924       8.645993255937321E-003 -2.263301124727595E-003
   636562.270240014       8.233117549730821E-003 -2.597132180298636E-003
   774795.507519213       7.712827347700564E-003 -1.323873975854204E-003
   482586.828978106       8.048960788848581E-003 -9.143021188420332E-004
   471887.231103641       8.385210238662880E-003 -5.031351658270906E-004
   185803.660859876       8.726487522629065E-003 -9.362625765711189E-005
   14489.3768627142       8.396368581056697E-003  3.066681851526238E-004
   587010.434826188       8.068960631159023E-003  7.068631078416538E-004
   1041268.83899691       7.741545044744566E-003  1.106926744225652E-003
   256084.575167934       1.301340811053280E-002  2.365707715045930E-003
   35632.9970244153       1.348037270260627E-002  1.953079050243615E-003
   536243.292510781       1.394331212688279E-002  1.540333329028529E-003
   1265214.03790583       1.440664376210309E-002  1.129759907288858E-003
   951665.170580434       1.486901575483047E-002  7.212036882489874E-004
   1499212.85591464       1.535216588569484E-002  1.116158592545278E-003
   1097322.49280617       1.583397003808273E-002  1.514843852697578E-003
   516222.240860950       1.631645305917963E-002  1.915884236889135E-003
   266365.460254260       1.680367742678549E-002  2.316708947630262E-003
   1665808.46952622       1.736365487405121E-002  1.741515155383342E-003
   1316075.39567304       1.696338652585426E-002  1.263613701605223E-003
   461529.647757135       1.656194546640190E-002  7.820766567494467E-004
   126184.639895335       1.615800076391830E-002  2.995358688030164E-004
   699705.125693221       1.575122132150085E-002 -1.825210247365081E-004
   143698.886989528       1.614726214804928E-002 -6.084793719208219E-004
   367867.326683641       1.653753584832299E-002 -1.036284631053997E-003
   2173851.39063401       1.692652968818683E-002 -1.461691313015308E-003
   1344545.64250566       1.731249786350488E-002 -1.885577559648891E-003
   605984.723027192       1.645748279137887E-002 -2.706854821893426E-003
   133163.949493757       1.605074028436787E-002 -2.293747188055565E-003
   1357763.53660744       1.564892359024535E-002 -1.879059962037005E-003
   1780225.97435563       1.524722851841216E-002 -1.467779471018324E-003
   1711332.95211615       1.484663308149234E-002 -1.058650064507750E-003
   1869039.42094151       1.454074604794766E-002 -1.458405145062052E-003
   442185.008488979       1.423203124055997E-002 -1.858389457014786E-003
   514560.555488761       1.392398007758155E-002 -2.260263576144029E-003
   326315.700331361       1.361038980683929E-002 -2.659828995192500E-003
   1485540.02488888       1.275701451998330E-002 -1.074446935810535E-003
   1510036.30144685       1.315898194645971E-002 -7.710726733127383E-004
   478168.912362245       1.356062594889365E-002 -4.641412978814380E-004
   263774.234410383       1.396607890289104E-002 -1.582315844763740E-004
   421597.793932125       1.356991406149940E-002  3.221979424262426E-004
   302314.893620206       1.317727730043233E-002  8.047394345369618E-004
   976987.302428055       1.278621770777558E-002  1.285041804343713E-003
   247540.244186254       1.794066118359896E-002  2.297443270493768E-003
   614991.373687835       1.841563754570630E-002  1.867166754489148E-003
   839102.711726529       1.888555458182244E-002  1.436554960334240E-003
   1507961.52667325       1.935554276009360E-002  1.010032736784045E-003
   987486.071876308       1.982682916716339E-002  5.861653604959100E-004
   729646.924820326       2.012561030074707E-002  9.994189394256141E-004
   138452.198194377       2.042565475709347E-002  1.412568459678230E-003
   160976.947820121       2.072690764579851E-002  1.827022044217500E-003
   262233.786638425       2.102962274707424E-002  2.241118116821574E-003
   1028907.38784876       2.232392892256335E-002  9.034617185347937E-004
   1321538.47346296       2.190494484955923E-002  6.145999449669674E-004
   1138810.65926172       2.148610454681166E-002  3.246292764828092E-004
   730006.447273987       2.106817196991246E-002  3.335993789109004E-005
   337498.287188588       2.064803143830840E-002 -2.586435367527051E-004
   120122.227824333       2.106020422372390E-002 -6.398165571968983E-004
   94219.5686741922       2.146673742142568E-002 -1.022802725096811E-003
   1129609.86448034       2.187365712182164E-002 -1.404285193482818E-003
   714142.807041509       2.227845980881545E-002 -1.786230602481866E-003
   453169.561403267       2.124150031604461E-002 -2.777047432307380E-003
   13208.9813246520       2.087938610204252E-002 -2.350893498818779E-003
   918839.169299609       2.052051236038339E-002 -1.923778891500946E-003
   1161751.23966601       2.016134255083283E-002 -1.500025312305522E-003
   1594785.03947350       1.980356752002442E-002 -1.076308646942308E-003
   1897516.21618975       1.939029148672595E-002 -1.488628633399578E-003
   642918.815448814       1.897607191682290E-002 -1.902523312949518E-003
   549329.859282798       1.856074970069589E-002 -2.319809235048051E-003
   246656.707372561       1.814032685550447E-002 -2.734857549162155E-003
   1423412.65865631       1.772678646225267E-002 -1.475477307589749E-003
   1082734.90907488       1.814308702770746E-002 -1.063229663319735E-003
   37310.8931533537       1.855931652627941E-002 -6.482687100855957E-004
   390098.532455249       1.898086073012386E-002 -2.339955742973987E-004
   494070.867384868       1.857161995906594E-002  2.599401791845393E-004
   222393.519182227       1.816733636584768E-002  7.551855508925501E-004
   752125.117990340       1.776451661365236E-002  1.249493172587218E-003
   278428.928561494       2.366208701405411E-002  2.193941037764449E-003
   295865.475163837       2.394970014104033E-002  1.657020366400270E-003
   478930.417291281       2.423406131348557E-002  1.118134201231258E-003
   653298.429440913       2.451650920331093E-002  5.789980360512983E-004
   793875.014591381       2.479503277545112E-002  4.099432681891734E-005
   1023765.62957555       2.518466726466756E-002  5.646675398135108E-004
   132146.868944482       2.557738134136543E-002  1.090886509327461E-003
   131301.502760693       2.597312977380377E-002  1.616695619254519E-003
   198147.681724895       2.637299168550983E-002  2.140080378915897E-003
   1398915.18282267       2.729940397102380E-002  1.172499243712447E-003
   1437106.10228220       2.676596247452934E-002  7.962693991550589E-004
   1603353.98511415       2.623346405639852E-002  4.184228808551568E-004
   970974.753542501       2.570237125409181E-002  3.723018307943569E-005
   95943.9281223319       2.516852489058004E-002 -3.454210660756788E-004
   220972.701878818       2.568615320442072E-002 -8.466533910367338E-004
   512410.127340037       2.619690105186150E-002 -1.349434045853776E-003
   1480655.93954337       2.670783217736185E-002 -1.847682582936757E-003
   751776.525979328       2.722099165564115E-002 -2.342501397172302E-003
   200759.161790337       2.664061279364385E-002 -2.898379909165433E-003
   654474.052214416       2.616942322283619E-002 -2.353492549631920E-003
   246027.388411513       2.570562578553805E-002 -1.805509993959976E-003
   806266.034831714       2.524369241756419E-002 -1.258381847158950E-003
   1191560.15603506       2.478113962958876E-002 -7.164959090308004E-004
   916572.814604066       2.440886279107710E-002 -1.241099791643499E-003
   233717.909459874       2.403364765574117E-002 -1.768617022547274E-003
   222172.568575951       2.365558749082496E-002 -2.295803913219885E-003
   20511.9015054855       2.327354710525747E-002 -2.820626388106456E-003
   1287456.07125523       2.281103301289825E-002 -1.425325104467461E-003
   1423047.06927318       2.334297224947409E-002 -1.063040503855228E-003
   728492.372383301       2.387375498515329E-002 -6.974335417819092E-004
   282563.412340651       2.440771136824542E-002 -3.301266092940498E-004
   760288.136292854       2.388571707259650E-002 -1.849940515483362E-005
   1371091.42798075       2.336601495814450E-002  2.908366287361364E-004
   1092262.79751711       2.284494540047178E-002  5.972769078704458E-004
   203681.479571660       2.826891575692085E-002  2.095810794339468E-003
   38823.0291385368       2.864654736246263E-002  1.631190130261766E-003
   127424.466139473       2.902048413155241E-002  1.165091907111094E-003
   941803.617656816       2.939313110393247E-002  7.009095172195333E-004
   705934.826752319       2.976484630654848E-002  2.377227033878069E-004
   916007.906139399       3.015830447275612E-002  6.820090657786006E-004
   128297.837080245       3.055384009558212E-002  1.126902203060664E-003
   99467.5984008348       3.094978228442737E-002  1.573528273060891E-003
   286583.812436966       3.134963902403223E-002  2.018966558149582E-003
   1093218.83800469       3.227455707239708E-002  1.045767577865721E-003
   1030992.65406491       3.181575635824988E-002  6.691377401447920E-004
   804408.449138783       3.135688180654265E-002  2.920828425871154E-004
   158448.885848867       3.089876344683437E-002 -8.786936964288728E-005
   326039.498335361       3.043722368946575E-002 -4.669883037156981E-004
   253116.288992977       3.087755186558598E-002 -9.585286481386587E-004
   27717.0372024359       3.131286092358138E-002 -1.452494056688175E-003
   1021533.53752769       3.174752169386739E-002 -1.944578820129180E-003
   644102.386182518       3.218125077875536E-002 -2.435921983596245E-003
   119129.337573921       3.157043388037069E-002 -3.010682823320184E-003
   181917.141983207       3.110748741192563E-002 -2.540541294060651E-003
   653942.665499154       3.064917699263439E-002 -2.069958370729034E-003
   984433.190942783       3.018991514579318E-002 -1.602658537702920E-003
   865949.991130799       2.973076936993001E-002 -1.137352945547969E-003
   1268739.39360927       2.924264644280912E-002 -1.579237492572299E-003
   569188.450693214       2.875578117990132E-002 -2.023742612955678E-003
   375347.532498463       2.826995824231623E-002 -2.472012920230461E-003
   8674.08685048423       2.777945796368256E-002 -2.919893360442797E-003
   463562.320581590       2.767737971902636E-002 -1.865910883197051E-003
   98821.4512105495       2.813503411474693E-002 -1.388620309346082E-003
   565686.387529931       2.859391048254595E-002 -9.097724407164435E-004
   322028.940060471       2.905807219389564E-002 -4.328973766507083E-004
   175912.897966909       2.861613580412106E-002 -2.993204117419441E-005
   849624.195690915       2.817765468764028E-002  3.725754774772224E-004
   1012897.14331357       2.773828645055466E-002  7.730317785719894E-004
   359361.993874065       3.324996510837608E-002  1.968038606182465E-003
   168307.281727424       3.362478032279115E-002  1.470987537766523E-003
   19512.7542808007       3.399533127170339E-002  9.735596763189806E-004
   842135.540880394       3.436510553954787E-002  4.755827797597138E-004
   671175.440597238       3.473260568636857E-002 -1.937316539698912E-005
   922205.765640386       3.513499050268865E-002  4.532373858672520E-004
   119090.546598423       3.553937697786654E-002  9.287534714615865E-004
   166744.055978725       3.594417559614775E-002  1.403861505855494E-003
   268592.628970331       3.635214572597188E-002  1.879190329527069E-003
   690187.493133011       3.724878224162415E-002  9.325050210526148E-004
   906052.816963964       3.675721800156557E-002  5.509528527609616E-004
   679942.583568255       3.626709897454373E-002  1.686135134814336E-004
   55365.4430779019       3.577572765086551E-002 -2.163504798924306E-004
   90883.2887444416       3.528254422046035E-002 -6.002564977329597E-004
   280707.870530698       3.575333366266560E-002 -9.992650760134996E-004
   477410.804379602       3.622290095064950E-002 -1.398101448586197E-003
   998730.641375429       3.669161320490964E-002 -1.795263808650206E-003
   556415.234803659       3.716097469051222E-002 -2.192976635856625E-003
   75556.5875996703       3.616256624173687E-002 -3.133571407151250E-003
   336954.421414387       3.579347008004807E-002 -2.637072423562577E-003
   165263.291002999       3.542804937747129E-002 -2.140379441066275E-003
   535177.259839280       3.506363890492172E-002 -1.643299350815975E-003
   686110.835733043       3.470010246074635E-002 -1.148761401035551E-003
   1068061.83993280       3.421640324072799E-002 -1.618948939071761E-003
   299555.002222947       3.373240686643414E-002 -2.093784513822832E-003
   89371.6929707273       3.324833493660333E-002 -2.569306915234295E-003
   51490.2515120598       3.275889086666797E-002 -3.044243986948907E-003
   737650.846335486       3.267232196821655E-002 -1.970784081872597E-003
   415734.297976630       3.316227672234310E-002 -1.504004146137150E-003
   287478.582993602       3.365450754954453E-002 -1.034671085064975E-003
   201214.385955395       3.414983162242706E-002 -5.676424956301937E-004
   241711.469965061       3.367975700459367E-002 -1.628172977836238E-004
   905841.188795776       3.321128857932854E-002  2.423801949148941E-004
   1031245.67586829       3.274353151478038E-002  6.442804738004035E-004
   300656.717049345       3.819655327001919E-002  1.826853932651073E-003
   125336.127872995       3.857726713377027E-002  1.314919813589520E-003
   14503.8247054503       3.895452821324424E-002  8.009544856304693E-004
   612743.080881869       3.933144447098729E-002  2.882628050462637E-004
   554478.522198716       3.970655815560552E-002 -2.225186735074180E-004
   746416.616058750       4.016115278343239E-002  2.645284373936594E-004
   115652.477284200       4.061697042625902E-002  7.536586050859906E-004
   117288.868778571       4.107301734963212E-002  1.244391024231833E-003
   251677.527195476       4.153230245475121E-002  1.733186721395648E-003
   560965.204284934       4.223047522457309E-002  9.960347736636178E-004
   651982.595860714       4.172234861040712E-002  5.637612326998305E-004
   435261.877430461       4.121379735693870E-002  1.306317188917996E-004
   85846.8136059790       4.070589368484190E-002 -3.048958788558982E-004
   47027.6907135523       4.019525744891132E-002 -7.389062200362162E-004
   561564.734632030       4.068280131784736E-002 -1.108605650216245E-003
   639512.797666964       4.116861201863500E-002 -1.477706565204622E-003
   1010807.81163370       4.165601598364460E-002 -1.844121085181419E-003
   551567.418962662       4.214226185225442E-002 -2.211182001372676E-003
   40032.9718853017       4.102429789917410E-002 -3.268511228959630E-003
   349754.629490384       4.068466401865364E-002 -2.758799604637145E-003
   49988.7231920190       4.034849017889678E-002 -2.246862844256721E-003
   370935.030125264       4.001240473706352E-002 -1.736144755041763E-003
   626770.550510619       3.967789514803863E-002 -1.226449487473715E-003
   732242.657546714       3.928693533227288E-002 -1.715534506869063E-003
   26487.1377969733       3.889487455424919E-002 -2.206484796105516E-003
   35641.7293246644       3.850153267219995E-002 -2.698851829536350E-003
   25840.4774952411       3.810447449584779E-002 -3.188711122561005E-003
   691966.919925271       3.766705569976250E-002 -1.822982585065334E-003
   692298.031742534       3.817426924060016E-002 -1.453394068111549E-003
   130699.917133630       3.868033879484413E-002 -1.081950710928530E-003
   106474.781296057       3.918884149246905E-002 -7.102406667730912E-004
   144958.694399346       3.870265074033291E-002 -2.985604466536446E-004
   626219.442784438       3.821858924930010E-002  1.136153202722982E-004
   710356.766167619       3.773331930619701E-002  5.231375651886394E-004
   25514.2345293419       4.296829927001062E-002  1.692667948002422E-003
   63024.5847292369       4.340166381007977E-002  1.240579620354680E-003
   203777.558309010       4.383222980091864E-002  7.871441665673242E-004
   424285.478242367       4.426337776745571E-002  3.353777665721954E-004
   383323.682961498       4.469393212689666E-002 -1.147961983985575E-004
   237093.643437135       4.507013405040054E-002  3.129209517964120E-004
   20368.4823672330       4.544682710375270E-002  7.408926712017559E-004
   78491.9646013608       4.582405953726885E-002  1.169933255533418E-003
   64796.3171694222       4.620198304043375E-002  1.597703322579354E-003
   327388.235909153       4.721053577699862E-002  5.271186908733382E-004
   427951.545839084       4.676304904903072E-002  1.754791594601314E-004
   350019.001732549       4.631470131512860E-002 -1.767051709963329E-004
   181394.771091223       4.586737599565995E-002 -5.295008976441139E-004
   145435.776634541       4.541953595450120E-002 -8.824916822755876E-004
   249598.049165439       4.584704968995432E-002 -1.265132402524334E-003
   205455.521935563       4.627258090072491E-002 -1.648434912365205E-003
   591510.007433506       4.669903786852716E-002 -2.030952789586859E-003
   358797.916132092       4.712394507274691E-002 -2.413358111521982E-003
   109841.094770467       4.606994950199225E-002 -3.405350181839585E-003
   43015.1873426312       4.571419404505989E-002 -2.955833746622363E-003
   316484.917225657       4.535986247970021E-002 -2.504862863228889E-003
   416811.357995275       4.500560822474457E-002 -2.055723290176741E-003
   718774.337093966       4.465218620961207E-002 -1.606930498949630E-003
   746538.830430642       4.429064852253619E-002 -2.035669500466691E-003
   164602.422325476       4.392840351698458E-002 -2.465376305890456E-003
   172935.266444589       4.356673998719116E-002 -2.896920981342018E-003
   49112.6867197814       4.320197733103547E-002 -3.326412691088371E-003
   504490.736684215       4.258668398656236E-002 -1.868617879708663E-003
   476138.189220898       4.303296456133564E-002 -1.527294228328532E-003
   23198.4849881655       4.347842122074144E-002 -1.183845155894753E-003
   199017.279325769       4.392562178143010E-002 -8.405777675990214E-004
   55146.0814460546       4.350087458930520E-002 -3.813749711870775E-004
   184613.914543648       4.307725804633855E-002  7.879007733561005E-005
   375054.025052265       4.265321519344105E-002  5.373562170214171E-004
   19366.6171706698       4.828112511071453E-002  1.534527631815531E-003
   145050.546422927       4.863634989418140E-002  1.200295430189583E-003
   151850.234592275       4.899084320329716E-002  8.658113588531169E-004
   267530.198149488       4.934532573866162E-002  5.316707035325045E-004
   227073.325156180       4.969983009353596E-002  1.988505794715194E-004
   256897.817150859       5.008878688290511E-002  5.092199133943927E-004
   175369.864022871       5.047783390358744E-002  8.207736361279642E-004
   126497.080495302       5.086697369720805E-002  1.132523304010804E-003
   25128.4200923813       5.125751771251103E-002  1.444171249660555E-003
   278117.215511878       5.220634387839928E-002  4.359857590491823E-004
   224947.930594684       5.187277232101486E-002  6.491084334102641E-005
   146454.510603206       5.153900759695674E-002 -3.053015383453197E-004
   53257.4272693083       5.120510789448573E-002 -6.756957884027022E-004
   94370.3758869994       5.087194632705216E-002 -1.046122864831262E-003
   22786.9143674740       5.118122495692053E-002 -1.486041948843411E-003
   32222.9111529832       5.149039435922267E-002 -1.925594543187288E-003
   296262.209465908       5.179935516907890E-002 -2.365852487831674E-003
   211145.125027751       5.210751314623942E-002 -2.806189132057776E-003
   201552.349389501       5.130284616010268E-002 -3.561888823018392E-003
   131718.505069086       5.088320841233804E-002 -3.225259085304897E-003
   364658.088826913       5.046435855622902E-002 -2.888536183293759E-003
   331566.129708586       5.004626626892818E-002 -2.552543107187130E-003
   402939.928857383       4.962753640826818E-002 -2.217363790814364E-003
   490485.782245274       4.925035722320868E-002 -2.528429019487962E-003
   274720.736322099       4.887291648100864E-002 -2.840696345875360E-003
   310445.539648866       4.849553047077737E-002 -3.153553764662113E-003
   140819.411586873       4.811702624564203E-002 -3.465886545595455E-003
   224767.239798645       4.745602376486428E-002 -2.053216302331619E-003
   178876.973792667       4.778900800896866E-002 -1.693445577684545E-003
   27559.0091620460       4.812212295378760E-002 -1.333251266724221E-003
   46582.7139929737       4.845494549784676E-002 -9.732604582437738E-004
   27222.8058974442       4.814415455368595E-002 -5.980814826545360E-004
   91504.6597717882       4.783267833696068E-002 -2.228940613545991E-004
   142042.294456302       4.752132940901039E-002  1.520410241682094E-004
   9203.26610185993       5.321458651050832E-002  1.383831934964133E-003
   94988.0022518852       5.358530293105153E-002  1.035987937678640E-003
   71560.8604954329       5.395431319479661E-002  6.878689588134261E-004
   183524.931288216       5.432332126844874E-002  3.400280816023638E-004
   154076.497861138       5.469222195163101E-002 -7.665156642174291E-006
   191287.364795380       5.507801978195290E-002  3.164454312607223E-004
   138559.104302937       5.546483270086472E-002  6.407077180182246E-004
   84729.3650387162       5.585073599862082E-002  9.651254178173283E-004
   3136.79855693543       5.623686197156270E-002  1.289557329242830E-003
   190000.674066171       5.720055890450110E-002  2.641022476649419E-004
   172621.157322861       5.685358803689428E-002 -1.012619577539437E-004
   106646.113912496       5.650651949405162E-002 -4.667854141372592E-004
   44878.6920060557       5.615929483498645E-002 -8.334135245226845E-004
   64050.3225224683       5.581192617973983E-002 -1.199067660346203E-003
   21888.9334632850       5.613563526893867E-002 -1.608608764901457E-003
   16523.4878090651       5.645862627334940E-002 -2.017548548299879E-003
   181350.483432037       5.678151934412343E-002 -2.427271047986831E-003
   125285.998731950       5.710392188780431E-002 -2.837118138311938E-003
   123604.391269262       5.617078451258253E-002 -3.712406208328358E-003
   60867.2754922120       5.578267655388819E-002 -3.363712030565985E-003
   211191.374466219       5.539507986364103E-002 -3.014894193009911E-003
   198864.002653188       5.500833321089728E-002 -2.666539888396722E-003
   273291.855563785       5.462089425223500E-002 -2.318039665267131E-003
   360544.118920652       5.418167899312822E-002 -2.640715395297479E-003
   224551.643501739       5.374338613840174E-002 -2.963653536764505E-003
   226812.684607038       5.330411215502492E-002 -3.287031236790639E-003
   130579.488608270       5.286405626200866E-002 -3.610218253837924E-003
   177192.032299910       5.245518656680532E-002 -2.386287971244132E-003
   102949.819299397       5.280344469501011E-002 -1.966354443907860E-003
   43880.9156306863       5.315190382594407E-002 -1.547168857960571E-003
   20358.3769074548       5.350096842968263E-002 -1.127191389727689E-003
   7306.82016095105       5.317693970088214E-002 -7.365719246074446E-004
   99646.5641523312       5.285322325130828E-002 -3.459200980618215E-004
   120072.958815293       5.252953484568434E-002  4.446360983590032E-005
   4459.69574994032       5.822585833395708E-002  1.227002007976140E-003
   22157.9591338807       5.858838628130218E-002  7.822141154922100E-004
   13221.8120004831       5.895028819337854E-002  3.371072756937544E-004
   106472.984752347       5.931311066240207E-002 -1.078682298634322E-004
   97555.1448600047       5.967477222078840E-002 -5.526580391732984E-004
   130001.642553567       6.011975105019069E-002 -1.335638174728847E-004
   74176.4778198407       6.056377044397106E-002  2.857446784565476E-004
   46725.6468848907       6.100892337117354E-002  7.050987215560572E-004
   15788.6551209831       6.145341491695987E-002  1.124358899002852E-003
   177327.064842510       6.220237440626726E-002  3.261125378932023E-004
   151679.675582616       6.175645600076162E-002 -9.080908605878756E-005
   117314.486064258       6.131049712096391E-002 -5.089268286277769E-004
   63775.5573558753       6.086451420859339E-002 -9.262123743835267E-004
   55315.2967785951       6.041830920022238E-002 -1.344516067936833E-003
   30724.9091361373       6.083469746570474E-002 -1.881419305502516E-003
   64074.1474883880       6.125031086009299E-002 -2.417792118181375E-003
   108808.133722526       6.166546996183603E-002 -2.955219187405899E-003
   79492.3359873149       6.208028224411815E-002 -3.492407119220455E-003
   25267.1268446971       6.165811027227345E-002 -3.887593351144737E-003
   16934.7910884236       6.114981775312422E-002 -3.437086906389941E-003
   149226.374952710       6.064195933575901E-002 -2.986751341236426E-003
   130201.646149522       6.013486114038056E-002 -2.537017739076372E-003
   184748.545021086       5.962661454438716E-002 -2.087548554119837E-003
   189953.996436740       5.921499615133365E-002 -2.507855796788773E-003
   66994.8798999783       5.880426969490531E-002 -2.928515818925312E-003
   41878.2628540125       5.839236311202398E-002 -3.349329701387714E-003
   32898.9473287219       5.797987946789036E-002 -3.769910042860686E-003
   180456.810506277       5.754844947783312E-002 -2.451819267672612E-003
   144353.215771126       5.799310780016151E-002 -2.066370113140613E-003
   38512.9590353073       5.843782135356593E-002 -1.681633420658669E-003
   12437.2178421974       5.888295993823945E-002 -1.295896921694225E-003
   12361.1833924981       5.846206184445127E-002 -9.060090888871265E-004
   87426.3488575705       5.804152060506745E-002 -5.151325886545907E-004
   78811.1189005929       5.762091474355192E-002 -1.255563176202586E-004
   10125.1678432748       6.300060079234467E-002  1.074461884431571E-003
   24213.7136467557       6.341648207945361E-002  5.916170583581480E-004
   16195.2318041112       6.383281211011929E-002  1.084580691293959E-004
   53190.3395812820       6.424804025371499E-002 -3.745719023114829E-004
   53576.5343673875       6.466423845788230E-002 -8.574083778728945E-004
   53068.4024320629       6.514800070806510E-002 -4.038649941214107E-004
   27590.6622930939       6.563279001264306E-002  4.969489104163401E-005
   4073.64064947893       6.611665336651665E-002  5.033007232388385E-004
   13306.6287547451       6.660060370353278E-002  9.568894140198070E-004
   31689.8569157681       6.720302519692122E-002  3.138259434098112E-004
   67468.6080078844       6.671917980825855E-002 -1.395433519260059E-004
   40290.4649700628       6.623540809850935E-002 -5.930897410716576E-004
   17198.1175538002       6.575158501187886E-002 -1.047697281504629E-003
   22348.3248617329       6.526768466188948E-002 -1.501284225960913E-003
   17505.4021635241       6.572222297917088E-002 -1.956383521287453E-003
   4913.89541211436       6.617652115413271E-002 -2.411599399227923E-003
   31576.6095250324       6.663082845091069E-002 -2.865763742019146E-003
   18252.5800046943       6.708506454217571E-002 -3.320900245738227E-003
   5711.66145532538       6.632024798580942E-002 -4.037224527473097E-003
   5304.87840748724       6.589582236181099E-002 -3.554020119312801E-003
   25624.6763335219       6.547249971499480E-002 -3.070826473931323E-003
   18184.2964288947       6.504816327994699E-002 -2.587695818600890E-003
   89415.7693274562       6.462387506976275E-002 -2.104590465387966E-003
   124293.004401188       6.408661938023751E-002 -2.556495797190328E-003
   67479.2668536343       6.355059745788275E-002 -3.008967427315126E-003
   23744.0520804069       6.301353420641453E-002 -3.461727851374263E-003
   6833.09202873504       6.247579506552051E-002 -3.914317620549552E-003
   92448.9868538177       6.256500124026894E-002 -2.984620317163734E-003
   23610.4982164880       6.304972143268510E-002 -2.476312181588054E-003
   41533.2653122134       6.353472148008868E-002 -1.968931403935576E-003
   64095.7884737926       6.402024033925860E-002 -1.460786221015814E-003
   6970.44191392312       6.356560649815966E-002 -1.013410576918834E-003
   55178.7822786311       6.311115171131901E-002 -5.670753892483707E-004
   40817.4731163178       6.265671537280863E-002 -1.199806212088218E-004
   10712.2573108123       6.784592143197907E-002  9.159823035181903E-004
   17709.3083384477       6.829898038578736E-002  4.169631980794960E-004
   24829.3887765627       6.875196875886630E-002 -8.211811413651139E-005
   35499.8147749381       6.920600267060301E-002 -5.812237796188795E-004
   8777.51102005695       6.965906611646740E-002 -1.080285156851182E-003
   27492.1055178702       7.003288621548164E-002 -6.083212556370966E-004
   7568.21797989605       7.040664533653566E-002 -1.364324449445475E-004
   17296.6433666896       7.078133533582634E-002  3.354131495981326E-004
   15119.7353015886       7.115493075050068E-002  8.073363747625286E-004
   25079.7592211019       7.218650929767037E-002 -2.939908681235935E-004
   32544.6450025415       7.169095150095528E-002 -6.359621284381927E-004
   23562.8435408737       7.119534876355922E-002 -9.788634150292423E-004
   6172.36498487031       7.069978373999956E-002 -1.320677776761850E-003
   11646.3143404115       7.020433493414154E-002 -1.662462016127170E-003
   6378.01857723317       7.067460282134980E-002 -2.093918525621330E-003
   27739.5751130060       7.114485659451052E-002 -2.525447220421534E-003
   37758.7180901524       7.161508242395027E-002 -2.958026248471891E-003
   22354.0977343511       7.208532192589032E-002 -3.389655309056373E-003
   2001.80665471242       7.122340029417909E-002 -4.196884425446335E-003
   12067.3337521603       7.082348548625637E-002 -3.699587238180991E-003
   320.636565912515       7.042247140409166E-002 -3.202301705874646E-003
   29645.2970285113       7.002238893134707E-002 -2.705060087652866E-003
   25085.1410826379       6.962232783425493E-002 -2.207711583781122E-003
   11439.0883752405       6.916690791326334E-002 -2.677113009113508E-003
   5969.10008579554       6.871150340925147E-002 -3.146623649732036E-003
   1664.06384875255       6.825704495778934E-002 -3.616174692878171E-003
   1014.27425397275       6.780148054097361E-002 -4.085643285680070E-003
   24631.9375061325       6.758302891190569E-002 -2.896902071680011E-003
   17061.5457591074       6.808095257598175E-002 -2.473847757484608E-003
   9723.22008156488       6.857892642404906E-002 -2.049743538242425E-003
   33706.3073559477       6.907694238383072E-002 -1.625610610452260E-003
   15163.6622186636       6.860847487545216E-002 -1.141024603874718E-003
   23061.7713180249       6.813998515488107E-002 -6.554569333152226E-004
   52239.6390267769       6.767145291362092E-002 -1.708875117523616E-004
   9387.71914111144       7.328774011247725E-002  7.376155165990813E-004
   929.938439436995       7.363274527770378E-002  3.332201412129246E-004
   13488.8323364620       7.397879119770130E-002 -7.121429445673699E-005
   29586.1324186560       7.432383641910389E-002 -4.766377098145824E-004
   23199.7705279826       7.466892895211293E-002 -8.811039915042523E-004
   29337.0199386363       7.505665899429342E-002 -5.005723238103818E-004
   11044.3212254551       7.544339664041079E-002 -1.190395957005540E-004
   2189.24212385391       7.583106850722880E-002  2.614384879094096E-004
   14198.0169722525       7.621868710818047E-002  6.419200800676481E-004
   29944.3780957364       7.718651633474523E-002 -3.911720372773504E-004
   34476.2048928274       7.678139919503107E-002 -7.531665193657405E-004
   21741.5749494063       7.637628232089745E-002 -1.115108178422511E-003
   5204.95447510698       7.597021663004999E-002 -1.475981189944459E-003
   7948.49487822702       7.556517468979400E-002 -1.837886337349770E-003
   4772.62499669653       7.594315516978141E-002 -2.304371758964528E-003
   362.447965225575       7.632223498223439E-002 -2.770852075073374E-003
   32863.4492025012       7.670038908160795E-002 -3.236326894439743E-003
   22099.7891724801       7.707856878478990E-002 -3.702824253976810E-003
   10880.7184802665       7.637164120037040E-002 -4.365245984997469E-003
   2722.48920381761       7.593064687811819E-002 -3.957767214031485E-003
   28297.2983823370       7.549055683606452E-002 -3.550326893668998E-003
   34055.7788778082       7.504950745203602E-002 -3.141785369120662E-003
   30355.9639462328       7.460842960082961E-002 -2.734193519489230E-003
   40529.3646791753       7.417968326231918E-002 -3.113383448585586E-003
   20173.1300705900       7.375090743891154E-002 -3.493526880333189E-003
   19066.2961997583       7.332115965751494E-002 -3.872576053430137E-003
   5796.08021094660       7.289248660415121E-002 -4.251672048971153E-003
   10163.3849190728       7.249186549889489E-002 -2.986831233289769E-003
   4323.49440543323       7.289838355890704E-002 -2.583002077565358E-003
   14146.4619144672       7.330583390597756E-002 -2.180226515571212E-003
   4861.89201541467       7.371219610926681E-002 -1.777379183975701E-003
   6805.58906782390       7.333106068212460E-002 -1.406826236970007E-003
   21363.1403660667       7.294887775281622E-002 -1.036230059403674E-003
   34177.9620871624       7.256770722387779E-002 -6.646358322639114E-004
   4318.93631454275       7.821960025806075E-002  5.768070172993147E-004
   4394.59952759486       7.858125551491399E-002  1.618559473602049E-004
   1133.80644328665       7.894296738677256E-002 -2.540512917907738E-004
   12720.8920080149       7.930372401334995E-002 -6.689489740343284E-004
   14641.3749968186       7.966548578126804E-002 -1.083914242751312E-003
   12084.9571636539       8.003642750380671E-002 -6.927507803193458E-004
   6696.09927768552       8.040736258412863E-002 -3.016034813305883E-004
   1762.51991622527       8.077831617953139E-002  9.053808873681546E-005
   4067.02591258091       8.114921970212643E-002  4.816814078194972E-004
   15285.1639806918       8.218197645456203E-002 -6.204185411709617E-004
   16752.6682067109       8.176752596035708E-002 -9.651560447502207E-004
   12753.4755973260       8.135207391592698E-002 -1.309842999551628E-003
   8212.21657667225       8.093762714284190E-002 -1.654550461161073E-003
   8396.08854701857       8.052319396854238E-002 -1.999251551761089E-003
   3288.18728306229       8.091484226392459E-002 -2.354128529714542E-003
   2497.00075805491       8.130656320088993E-002 -2.708964852445073E-003
   9424.82662976018       8.169928564105827E-002 -3.063852081086604E-003
   6214.39419261256       8.209103603007586E-002 -3.418695655442870E-003
   6401.86276310194       8.092296969947838E-002 -4.513483420381079E-003
   2758.96430140404       8.059419771913817E-002 -4.099626325396283E-003
   13124.5651984440       8.026542721858441E-002 -3.684778527661132E-003
   12242.6331910107       7.993663686789705E-002 -3.270897685148179E-003
   28311.8453778565       7.960781263933930E-002 -2.857026261599156E-003
   35891.5154794331       7.914082205242243E-002 -3.245042862676714E-003
   19586.2420479309       7.867382132962193E-002 -3.632994122475666E-003
   15729.4176277749       7.820779429008293E-002 -4.021919802575767E-003
   6456.29471245761       7.774089909012973E-002 -4.409832033293419E-003
   19095.7683394711       7.749629844349251E-002 -3.262238984689634E-003
   9251.29238325117       7.791494787373385E-002 -2.822715005907899E-003
   7561.80881722519       7.833258884742224E-002 -2.382184807443841E-003
   9808.70921188819       7.875015233260536E-002 -1.941629857899215E-003
   1512.29244265681       7.835953165838787E-002 -1.553798913717776E-003
   12141.1612334668       7.796885302445794E-002 -1.166953524406652E-003
   12602.7272330979       7.757720552386482E-002 -7.790398355107730E-004
   2204.38298110714       8.328410292074181E-002  4.124349074752552E-004
   4750.51808029903       8.362274049788393E-002 -1.888745972940520E-004
   6670.19133054617       8.396146877405269E-002 -7.891440267205885E-004
   1513.83272464242       8.430017278602908E-002 -1.390405698527018E-003
   4662.92262675539       8.463890848615094E-002 -1.991672957795457E-003
   4225.11841692659       8.506682396115282E-002 -1.415210363269076E-003
   2358.50193537222       8.549371671284582E-002 -8.387072849806189E-004
   2923.18551307659       8.592157159228324E-002 -2.632390895619581E-004
   520.911215294179       8.634845393187879E-002  3.132611103088025E-004
   5724.24462227437       8.718598043470338E-002 -5.803038733297790E-004
   5007.64236295809       8.658307823342375E-002 -9.690071808809366E-004
   8128.45545327429       8.598114169374116E-002 -1.358747585723529E-003
   13509.7189748331       8.537822936198136E-002 -1.747458645689226E-003
   1579.02104430025       8.477525548120828E-002 -2.137172774186545E-003
   8064.80271959676       8.535172143628451E-002 -2.565008200070011E-003
   2845.59206443044       8.592822095135212E-002 -2.992849076094547E-003
   5047.65601501471       8.650373802170626E-002 -3.419677892149887E-003
   2193.11862815761       8.708021517231443E-002 -3.847546349436823E-003
   525.301016407673       8.618768837380004E-002 -4.684119693259577E-003
   2581.66368129209       8.579798659578440E-002 -4.081208513265279E-003
   408.392073260843       8.540923577363731E-002 -3.479340377698616E-003
   1035.11395949923       8.501950233736408E-002 -2.876446380012816E-003
   15357.9465189258       8.462974895982307E-002 -2.273533450320073E-003
   1584.83174861967       8.426864284995611E-002 -2.852080183879238E-003
   7768.91763364217       8.390763464988554E-002 -3.430614758098314E-003
   4916.05098942920       8.354670650202389E-002 -4.008180253051657E-003
   414.080578982017       8.318578258863570E-002 -4.586773317548120E-003
   15680.2523540491       8.269184572262618E-002 -3.095982345425511E-003
   22066.1787218093       8.329167387538886E-002 -2.773253731668627E-003
   24075.9449958893       8.389254034559188E-002 -2.450605075783913E-003
   1099.60426331376       8.449340658395837E-002 -2.128028088602807E-003
   441.573226418035       8.391530626781069E-002 -1.751148547632462E-003
   5995.00598149361       8.333719006167252E-002 -1.374238304700753E-003
   1959.48568280654       8.276009494557178E-002 -9.973285038968490E-004
   1792.02141966126       8.807955821145357E-002  2.572480869145618E-004
   2416.34510120602       8.847368057362716E-002 -1.777373667842500E-004
   1616.49940182454       8.886884915391169E-002 -6.117437012327230E-004
   2229.77717295151       8.926298283382179E-002 -1.046718228616073E-003
   438.189015611746       8.965814530662981E-002 -1.480728355279621E-003
   3231.64427527345       9.015349445109024E-002 -1.075531753182143E-003
   1622.05542998658       9.064787505289205E-002 -6.692973723445871E-004
   443.412508448363       9.114322314132436E-002 -2.640883185330081E-004
   905.035395689923       9.163860778684264E-002  1.421239072781836E-004
   112.945896245288       9.219279110780208E-002 -4.490979650031389E-004
   1649.76345509823       9.175544118145537E-002 -9.172080509319940E-004
   367.270416214722       9.131908945829584E-002 -1.385357990818032E-003
   1896.79845798297       9.088176456858189E-002 -1.852475949914203E-003
   1285.41473792687       9.044539638647997E-002 -2.320620171238608E-003
   528.453227006557       9.084841649901282E-002 -2.882947668669017E-003
   1224.90492169911       9.125244535057850E-002 -3.445300848137489E-003
   488.460809790323       9.165547775775691E-002 -4.007619359609485E-003
   170.386377288290       9.205951578222005E-002 -4.569966699405275E-003
   583.679355388338       9.174585225825167E-002 -4.863986198335014E-003
   787.724814056651       9.121077389333059E-002 -4.424465063011957E-003
   1279.39573815236       9.067566621094780E-002 -3.985938258266540E-003
   116.037081206882       9.014059540909991E-002 -3.546406192258686E-003
   2949.99172975095       8.960549091321772E-002 -3.107875855063752E-003
   2610.12674266995       8.918307672980692E-002 -3.515424837197892E-003
   973.469946751088       8.876063052862422E-002 -3.923968253601611E-003
   881.141029744983       8.833921734454037E-002 -4.331540796405516E-003
   132.903327586798       8.791678041602588E-002 -4.740083501748255E-003
   1445.34184943975       8.751523653173630E-002 -3.452416986670638E-003
   1027.74359139673       8.794922246894311E-002 -3.058255197217931E-003
   457.692951205210       8.838423821168470E-002 -2.663129427037094E-003
   1831.81363270213       8.881824839623055E-002 -2.267970192969462E-003
   86.9526767797775       8.841069482472150E-002 -1.845570151339970E-003
   405.279666082376       8.800211499635928E-002 -1.424133870353111E-003
   3178.72621631605       8.759456980175430E-002 -1.001727878035534E-003
   351.387807606307       9.278401338971121E-002  1.050814293399750E-004
   72.9222451215181       9.325444736173562E-002 -2.603205900896730E-004
   583.262566207431       9.372487903539205E-002 -6.257215949784785E-004
   898.082306328749       9.419431085058307E-002 -9.910887330472893E-004
   474.966410523302       9.466474243154717E-002 -1.356486781613727E-003
   879.339393880851       9.513581292716171E-002 -1.021538048130786E-003
   666.736042148644       9.560688355094173E-002 -6.865894391139501E-004
   593.386034241518       9.607795340473510E-002 -3.516395896476913E-004
   81.0828303719400       9.654902245081987E-002 -1.668838433435552E-005
   295.972305426453       9.718734991081833E-002 -6.976725052974435E-004
   122.539096966313       9.682266678494722E-002 -1.146121896834502E-003
   243.839437968687       9.645798271246579E-002 -1.594571009177932E-003
   435.891665052166       9.609329776218349E-002 -2.043019581094918E-003
   47.3577241893578       9.572861085327536E-002 -2.491466621042118E-003
   13.9264800620000       9.606620956867321E-002 -2.880582419476409E-003
   3.77278519052223       9.640380836494002E-002 -3.269698152296055E-003
  0.996514052197923       9.674140713982746E-002 -3.658813902398749E-003
  0.260812277470711       9.707900592024188E-002 -4.047929648079001E-003
  0.137597421205987       9.605958645356329E-002 -5.003477633278096E-003
  0.674858299656077       9.569309724490589E-002 -4.641442193008403E-003
   2.55500190575809       9.532660803147817E-002 -4.279406757968384E-003
   9.43127856316501       9.496011883667879E-002 -3.917371302710394E-003
   50.2375881536172       9.459362957117665E-002 -3.555335923912772E-003
   274.777604685093       9.403360382165815E-002 -3.887406345866783E-003
   558.537331213095       9.347357962687705E-002 -4.219478914964032E-003
   582.307426799840       9.291355651312265E-002 -4.551552985272980E-003
   221.177099862950       9.235353485379547E-002 -4.883629853012963E-003
   447.701379746273       9.242707386662172E-002 -4.032561122173478E-003
   457.315422430450       9.279463453898093E-002 -3.495157483466267E-003
   262.975737449674       9.316219697035762E-002 -2.957755391013503E-003
   415.568879504485       9.352975943848219E-002 -2.420353518758155E-003
   294.577098972772       9.319552312029601E-002 -1.927289235294165E-003
   102.717681059964       9.286125638856317E-002 -1.435223902456019E-003
   861.097488033407       9.252702349491880E-002 -9.421595528862408E-004
   70359.8744886357      -1.746525883708167E-003  7.501359659311796E-003
   383044.786267748      -1.312265064889667E-003  7.145771988094569E-003
   537043.572301584      -8.784362125296659E-004  6.790445863630816E-003
   740383.062753604      -4.446721043372374E-004  6.434620408207412E-003
   535531.969181770      -1.121434305499455E-005  6.079784055939326E-003
   676616.489547124       3.831333399479919E-004  6.432536952553651E-003
   398642.453662215       7.778994991239023E-004  6.786393787278839E-003
   482647.753525747       1.173729047872473E-003  7.139806953651001E-003
   19001.9263457606       1.570198176606512E-003  7.492379342088527E-003
   997900.898583849       2.484998917935352E-003  6.570403106296925E-003
   568823.647813546       2.132144315370172E-003  6.176687349032902E-003
   527197.378539752       1.778380259031914E-003  5.782139217534037E-003
   254466.623245698       1.423608755619043E-003  5.387859002332082E-003
   132270.193351466       1.068992050607732E-003  4.993737629194835E-003
   251508.224152150       1.422439106539924E-003  4.548680077205294E-003
   8707.39457623561       1.773028276585116E-003  4.101406362945669E-003
   1067794.25516606       2.121963653291817E-003  3.655034545748954E-003
   1068561.61636237       2.468308904454258E-003  3.208221629040708E-003
   585276.000492185       1.295778583028939E-003  2.845253868784289E-003
   1315921.80298561       8.586067264594160E-004  3.203463624051161E-003
   1122975.77473867       4.205195591079680E-004  3.560373790891808E-003
   1275968.41179425      -1.643976165955438E-005  3.916803660306287E-003
   1489090.17788997      -3.736657715274597E-004  3.562390264206983E-003
   853415.688361045      -7.325043760843797E-004  3.207822274801791E-003
   270391.802717071      -1.091621429156287E-003  2.853381404348485E-003
   268014.107332028      -2.509810310788041E-003  3.554313784814615E-003
   950976.374781560      -2.156982306888959E-003  3.914134445121168E-003
   453307.548966210      -1.805201098052705E-003  4.276262718739645E-003
   74558.3799944457      -1.451763580040033E-003  4.638671484072986E-003
   387986.602129998      -1.096299647224191E-003  4.999333512754342E-003
   66064.7329780719      -1.449292865725865E-003  5.436135805048738E-003
   301739.199781446      -1.802133938360630E-003  5.873408001556280E-003
   534298.734047351      -2.153573188000538E-003  6.310370768928652E-003
   1102883.35457379      -2.504837849219323E-003  6.746522550463110E-003
   61066.2546219357       3.407909961416639E-003  7.482305862152526E-003
   168806.025187653       3.801688343884099E-003  7.093134032543002E-003
   11980.5145964368       4.193909483281259E-003  6.701546162543957E-003
   464076.615902270       4.584981267498522E-003  6.311684493741217E-003
   530724.399048297       4.975155672356193E-003  5.921748321454702E-003
   876900.295251050       5.441130037320763E-003  6.302286646781393E-003
   830094.185212861       5.905862019637437E-003  6.685433129480389E-003
   537239.286607924       6.370913357275835E-003  7.070735700670548E-003
   126675.460800411       6.838053390127096E-003  7.455143391420394E-003
   1037798.47634477       7.473043880821508E-003  6.810570727332999E-003
   713362.983952301       7.087562835092621E-003  6.348428818390724E-003
   266797.006170918       6.700088310882110E-003  5.884929235160002E-003
   54476.1193721803       6.312073547183820E-003  5.421113817444661E-003
   562195.800230239       5.923213285770780E-003  4.957005948247419E-003
   208941.953788339       6.305656611511359E-003  4.556826064941046E-003
   403630.871386911       6.684029117266188E-003  4.155297115060252E-003
   1202776.26733537       7.062421942183534E-003  3.754196553596107E-003
   1019138.81154188       7.439168914214742E-003  3.355954132444384E-003
   97604.8558696731       6.112670039821440E-003  2.835680502360141E-003
   835258.729650996       5.726669150116221E-003  3.230881332371510E-003
   1165668.79462899       5.342213550889424E-003  3.623134341064874E-003
   1425938.33728630       4.959163595985808E-003  4.014588599487811E-003
   1928958.89897543       4.518848358765477E-003  3.631535181853391E-003
   1036585.76912476       4.077619620733624E-003  3.247731866722195E-003
   565216.140101209       3.635998914504804E-003  2.860830761472429E-003
   1326507.28076412       2.851853440349114E-003  3.647963555322394E-003
   680103.665782799       3.237207262034599E-003  4.090187496976551E-003
   183943.397586784       3.622884060733051E-003  4.533675733331714E-003
   256569.541623854       4.012695209968403E-003  4.975496105345726E-003
   48851.9724143243       3.629922183468340E-003  5.374256791484069E-003
   448831.485367738       3.248412257741111E-003  5.773312346456521E-003
   409126.578776891       2.865644926325522E-003  6.172183624634528E-003
   316940.896511560       8.118781569123185E-003  7.442747232980735E-003
   69878.8056770269       8.579523729092989E-003  6.991857706347231E-003
   201633.031271589       9.036261723630309E-003  6.539092505867638E-003
   912654.350341609       9.492251649124869E-003  6.089114662967017E-003
   636964.369332220       9.948516259486216E-003  5.640696583619737E-003
   803146.505628187       1.037394994282781E-002  6.079779910740415E-003
   315235.423128060       1.079859127056377E-002  6.519985834231059E-003
   130207.237012549       1.122571333112547E-002  6.961828256182222E-003
   412928.320796725       1.165544519013508E-002  7.402040685210842E-003
   911675.919220679       1.244739729161974E-002  6.591913689418531E-003
   1091525.65445171       1.200466060982078E-002  6.172288326899287E-003
   659050.538766396       1.156134760151207E-002  5.750299796563312E-003
   185106.824645482       1.111838493623210E-002  5.327847626831942E-003
   448861.328163702       1.067255039817890E-002  4.904051776602224E-003
   192681.468036978       1.111066080046922E-002  4.423233860714432E-003
   150661.939073582       1.154358755028153E-002  3.940129934907361E-003
   1077790.18316541       1.197599102348264E-002  3.459429691247189E-003
   723581.220470062       1.240735463208324E-002  2.982018056944670E-003
   338340.027198964       1.132318717753067E-002  2.830175805974012E-003
   490358.241185842       1.086039486574461E-002  3.283733632913519E-003
   894118.743169357       1.039745080252755E-002  3.734196537740906E-003
   926222.987689275       9.935280145265157E-003  4.182975058419749E-003
   960847.178498041       9.542844979021988E-003  3.743014437104037E-003
   219573.817114873       9.149495313489206E-003  3.302002645412241E-003
   179109.630149640       8.753376970141330E-003  2.859312870842581E-003
   1318694.61605368       7.881063995227318E-003  3.743710391197092E-003
   941074.645653227       8.323730840968819E-003  4.134611617273318E-003
   297080.240503457       8.765794258175991E-003  4.526522312214132E-003
   254584.452715920       9.211141577194984E-003  4.919001722672550E-003
   442671.470255348       8.772927559725880E-003  5.392528657766758E-003
   220366.148447161       8.339020342414979E-003  5.866880046046925E-003
   615076.668520813       7.905318208703783E-003  6.339853923081007E-003
   74658.4794825721       1.325817795164462E-002  7.380357265513710E-003
   233634.617292985       1.367880948807476E-002  7.016716181546547E-003
   312357.605649927       1.409708490962732E-002  6.652558435106252E-003
   553452.891744936       1.451411224911704E-002  6.289446608808864E-003
   517983.978722785       1.493258263187349E-002  5.927908853564809E-003
   479618.383536693       1.533615306314095E-002  6.278201569899624E-003
   297002.127967860       1.573968038941018E-002  6.629344475231917E-003
   169170.268970593       1.614359028712794E-002  6.980950330447313E-003
   209586.723765020       1.654886619371162E-002  7.332208855464097E-003
   752916.272917027       1.743519398005711E-002  6.419489848442853E-003
   532062.149998282       1.707567146535564E-002  6.024546425195487E-003
   337077.978607796       1.671562366714331E-002  5.629137430922179E-003
   121297.753946686       1.635519744190794E-002  5.233178341974083E-003
   427693.990193957       1.599428760268304E-002  4.836948866564422E-003
   149480.589953706       1.634446961417762E-002  4.347125111991449E-003
   176978.355542348       1.669146013657149E-002  3.855616909543891E-003
   588915.620326850       1.703705602020037E-002  3.364416124528570E-003
   678852.256512160       1.738109385468227E-002  2.874601470931419E-003
   251100.518959525       1.632753155342947E-002  2.683932178254491E-003
   829355.971228127       1.585334069802486E-002  3.050213759010737E-003
   817021.272366946       1.537871137979123E-002  3.414326997728681E-003
   1013717.41713474       1.490439746484225E-002  3.777950026087339E-003
   1354252.02857964       1.443192272509881E-002  3.427779376772112E-003
   1018744.69515680       1.395906906452524E-002  3.075625971842170E-003
   456957.318106587       1.348721590667690E-002  2.721342022526605E-003
   748946.859234260       1.276306541738688E-002  3.451483221053023E-003
   20074.6383381483       1.312021794407772E-002  3.923041654947511E-003
   423899.199058745       1.347948019786412E-002  4.395717512154142E-003
   436480.349852935       1.384123687923686E-002  4.866427296715888E-003
   126927.041333386       1.349153668484858E-002  5.298618996066895E-003
   157009.815753980       1.314255903730392E-002  5.729568507074167E-003
   370175.050202632       1.279431249131008E-002  6.160865859891469E-003
   143034.560923394       1.834900036786728E-002  7.303429529765428E-003
   23841.4517122871       1.874216058696054E-002  6.841633789111602E-003
   95822.5757256252       1.913301323238407E-002  6.378649391911896E-003
   440344.055632405       1.952320505497297E-002  5.915070958596248E-003
   450479.901787708       1.991240364039465E-002  5.452759841543964E-003
   660904.917001291       2.032380100155878E-002  5.898716941054815E-003
   280908.512450579       2.073417072935051E-002  6.347774424517211E-003
   52906.4601622345       2.114646280771445E-002  6.796456863408309E-003
   253091.313374670       2.155977422117497E-002  7.244536792593919E-003
   807904.633289185       2.242122464988262E-002  6.351030446395744E-003
   696583.342633796       2.196269784411483E-002  5.954252161798788E-003
   475733.769750349       2.150401080936041E-002  5.555434886712093E-003
   128948.121128131       2.104376127891260E-002  5.156633568986504E-003
   109116.164304502       2.058295814945374E-002  4.756565719495735E-003
   674950.300263659       2.103042579922368E-002  4.449053817514569E-003
   810347.599284324       2.147698324654526E-002  4.142114395130054E-003
   1118255.96467796       2.192285591057764E-002  3.836940436430982E-003
   697837.915262989       2.236880583302123E-002  3.532661959875104E-003
   387655.789948572       2.074150521978421E-002  2.702469894178533E-003
   18324.6194166091       2.045519691131424E-002  3.164555534038733E-003
   364558.767176537       2.017003892243156E-002  3.627310572667961E-003
   856141.579399101       1.988692914180222E-002  4.088590672941129E-003
   1383892.04896701       1.940068091559847E-002  3.643877206448346E-003
   796085.199023727       1.891512263462429E-002  3.195630521541675E-003
   327349.390561905       1.842917018175741E-002  2.746510329344685E-003
   993117.529717435       1.783790421307066E-002  3.349943635425444E-003
   453347.848029034       1.829482733750471E-002  3.827973254391342E-003
   133582.917749444       1.875446643340732E-002  4.306625708528072E-003
   95368.6307924100       1.921674375663173E-002  4.783783794626406E-003
   51144.9009582437       1.877064758294451E-002  5.193480358012667E-003
   476281.141724313       1.832493695613806E-002  5.603191645501868E-003
   467379.103026882       1.787990513508377E-002  6.011520628761161E-003
   64502.4658095893       2.331572066136062E-002  7.210151152491567E-003
   209502.564524220       2.371256291726731E-002  6.775225611554269E-003
   205597.724637776       2.410832816990447E-002  6.339506345648236E-003
   584012.858727939       2.450281385966387E-002  5.905608159032055E-003
   513368.758113606       2.489818825634049E-002  5.471832738963764E-003
   280225.018229514       2.518144378964576E-002  5.892341948078162E-003
   12905.8714723505       2.546451056503961E-002  6.311868369362827E-003
   14423.4561839821       2.574895892925070E-002  6.732522218533703E-003
   114526.025329386       2.603338673475260E-002  7.152663610395751E-003
   645396.818892792       2.740019663901737E-002  5.724578183244976E-003
   660612.455828760       2.696978407885746E-002  5.458964026008152E-003
   718718.026084822       2.653916054376630E-002  5.192434023940967E-003
   600316.930041821       2.610980890383880E-002  4.926246947173723E-003
   32388.2343591538       2.567906004463433E-002  4.658927120265841E-003
   417431.185787263       2.609789204621582E-002  4.261066276024104E-003
   221376.518499575       2.651237393949047E-002  3.861703342630911E-003
   822290.229438868       2.692767627456456E-002  3.463408010651752E-003
   613537.246333649       2.734211574811248E-002  3.065324392624821E-003
   53129.0941317826       2.599494740843418E-002  2.575685989796076E-003
   589257.358648740       2.561875748527198E-002  3.011758587998347E-003
   610295.090533028       2.524246891950555E-002  3.445388935627082E-003
   1149787.21081371       2.486760071474826E-002  3.879994472768616E-003
   1004705.05785410       2.456798504766039E-002  3.458894204678125E-003
   264142.019058041       2.426688187191705E-002  3.038286623026350E-003
   42184.1548376662       2.396508192095471E-002  2.616005481317310E-003
   1023193.22159312       2.279765767594896E-002  3.821139691768605E-003
   903334.421748406       2.322659284737168E-002  4.110311975529740E-003
   408955.943307900       2.365461048226211E-002  4.400589817703721E-003
   113961.161043379       2.408559271078208E-002  4.690594811316395E-003
   21076.8661913071       2.366792171034656E-002  5.106619471054415E-003
   318464.200986779       2.325253257503806E-002  5.521677839459930E-003
   391634.701836403       2.283648670343458E-002  5.936906950797984E-003
   37786.5596311111       2.882842956320080E-002  7.088421326459288E-003
   147255.191632257       2.909591702798324E-002  6.713350390650569E-003
   13086.5057934824       2.936263130871179E-002  6.338091176904646E-003
   301592.015598745       2.962848639120105E-002  5.962355155139306E-003
   356608.156688377       2.989463671939815E-002  5.587429192760626E-003
   418398.058537895       3.023842077120057E-002  5.946530493674608E-003
   338266.314259733       3.058192816108444E-002  6.307664756859729E-003
   231262.990208085       3.092576421961716E-002  6.668021235452778E-003
   67809.1358971583       3.126947341202417E-002  7.029134572877110E-003
   617125.539397497       3.239810484190393E-002  5.844808700666093E-003
   494440.266172674       3.202265281117663E-002  5.518657286082872E-003
   389268.228761512       3.164777834721256E-002  5.191437922826738E-003
   298093.309083518       3.127158602395251E-002  4.863974437807242E-003
   246139.381647646       3.089639899648561E-002  4.535902413339774E-003
   134553.878473742       3.125538198136462E-002  4.138410203823857E-003
   145668.111974211       3.161272221254787E-002  3.738777192272415E-003
   620697.972736125       3.196862118547626E-002  3.340946771163013E-003
   578179.012524703       3.232492065638277E-002  2.942890664883542E-003
   144643.634971870       3.097212395401184E-002  2.399899980249886E-003
   567540.430809033       3.059675756601308E-002  2.779587394798914E-003
   673795.695313540       3.022048608291401E-002  3.159069070796070E-003
   930524.741970332       2.984624420286868E-002  3.537511561403285E-003
   1125157.07751512       2.945296422576669E-002  3.178275249580830E-003
   596251.111650958       2.905884257499156E-002  2.817837953755990E-003
   321620.619770289       2.866443152298608E-002  2.457423310236652E-003
   800975.123580223       2.771730158901255E-002  3.444674886155546E-003
   485375.411213906       2.809185385724891E-002  3.825060823071917E-003
   8331.32231637190       2.846793755960467E-002  4.206137477388570E-003
   210688.780508988       2.884511006985920E-002  4.586415009540982E-003
   124098.079533617       2.848370963057017E-002  4.871408819309660E-003
   356058.768142389       2.812201619025805E-002  5.155635216274180E-003
   259346.610539392       2.776101661317453E-002  5.440067380273418E-003
   154524.419160289       3.358286379688698E-002  6.970955716563773E-003
   114414.322420853       3.390660631839329E-002  6.482771691062860E-003
   214927.834269295       3.422941824404117E-002  5.993398150725538E-003
   111467.776394446       3.455152333997574E-002  5.504023402205151E-003
   377127.494819449       3.487265185779084E-002  5.015009003296260E-003
   622410.360140512       3.541835647265981E-002  5.478000028229322E-003
   576290.830801936       3.596255050095284E-002  5.943488549250465E-003
   365196.085509280       3.650642664883774E-002  6.410445485414517E-003
   10098.2298633838       3.705222475044872E-002  6.877215640894304E-003
   623517.261799570       3.740283883859680E-002  6.507993362436400E-003
   499549.675494598       3.691381191208257E-002  5.985529945968757E-003
   168927.630215624       3.642448528387227E-002  5.461224950392507E-003
   10566.2062846597       3.593343247686720E-002  4.937153103458738E-003
   380101.400664396       3.544041118272567E-002  4.414165024571428E-003
   339286.318272807       3.590738031563771E-002  4.003462426848393E-003
   433035.712552141       3.637153713199431E-002  3.591610009732926E-003
   846006.742794758       3.683580484487940E-002  3.182429594304767E-003
   545653.575993299       3.730040289174918E-002  2.773721239033940E-003
   299968.274284431       3.597114709641970E-002  2.371646818063120E-003
   124727.454938764       3.559328010230559E-002  2.864810794578972E-003
   407219.951851003       3.521555461957267E-002  3.357389290729026E-003
   886123.352761964       3.484007077165973E-002  3.848809302474420E-003
   919111.547764879       3.444475117469371E-002  3.380092587410683E-003
   195803.421556381       3.404754989614719E-002  2.909652041736614E-003
   115457.618407194       3.365009235867280E-002  2.438618072463995E-003
   899230.495184797       3.281132590896032E-002  3.317816107052254E-003
   672153.985971465       3.329727513744553E-002  3.693379489297795E-003
   125490.196427083       3.378353118172633E-002  4.071281278668299E-003
   16403.0049729654       3.427230632744917E-002  4.448046821115040E-003
   211112.629984555       3.380348902742315E-002  4.798700338252702E-003
   459292.402557621       3.333521127463491E-002  5.148541754021965E-003
   391313.527440680       3.286649147484640E-002  5.497137714832423E-003
   64822.5644880695       3.777220956919054E-002  6.857407882831516E-003
   78439.0923680601       3.829229688573112E-002  6.328130128589859E-003
   81396.7272996403       3.880931403013338E-002  5.797723825599350E-003
   399194.322291840       3.932616398842659E-002  5.268441675624673E-003
   305206.562655801       3.984422803690725E-002  4.740457024335039E-003
   293183.410994790       4.035053066045678E-002  5.239572678987755E-003
   155198.159267158       4.085795009427506E-002  5.738349546376592E-003
   3664.90242057413       4.136523762271815E-002  6.236984786147835E-003
   43500.1846992050       4.187486005558197E-002  6.734824317095304E-003
   233587.768830187       4.238105406770399E-002  6.197072674212684E-003
   477253.193294888       4.185626658187717E-002  5.718131022757819E-003
   345597.618889011       4.133231059041684E-002  5.238728458808689E-003
   221812.776331535       4.080846120267637E-002  4.757524756286748E-003
   217572.866484017       4.028302334064789E-002  4.277249090571630E-003
   269536.692226264       4.078267161598549E-002  3.815191459751714E-003
   324091.989959761       4.127840211630274E-002  3.351685389999496E-003
   617189.139709215       4.177420112565670E-002  2.890589812838143E-003
   300102.037050444       4.227080122442459E-002  2.430311936161055E-003
   180271.146454349       4.110153011772461E-002  2.259724077521502E-003
   139509.466396647       4.067372108507769E-002  2.786976360429252E-003
   360371.051371901       4.024608321026122E-002  3.313785850299633E-003
   750989.816036280       3.981993396734785E-002  3.839927733369578E-003
   652816.430127818       3.941688576005947E-002  3.336772495416892E-003
   28824.3276262167       3.901153069496802E-002  2.833114104025508E-003
   158914.228198817       3.860558767254336E-002  2.329429738295447E-003
   812307.037013383       3.782040695429104E-002  3.154305754618448E-003
   755256.979575829       3.833978155129718E-002  3.535289524175918E-003
   288165.437948675       3.885881320471584E-002  3.919039635033914E-003
   81047.9347503078       3.938087007718082E-002  4.302209248718353E-003
   215342.683361829       3.888344501347082E-002  4.853544013954094E-003
   83894.1972025501       3.838952002013814E-002  5.406054788168150E-003
   194705.023856327       3.789651403387225E-002  5.958045829871906E-003
   24313.3640256220       4.291865923041262E-002  6.702346377051522E-003
   107019.757511779       4.340413020286506E-002  6.387167568620718E-003
   179451.332553899       4.388802103210834E-002  6.072473723669918E-003
   210924.326122762       4.437306907096616E-002  5.759330116011328E-003
   184336.521204463       4.485739964702865E-002  5.445816089193767E-003
   196866.754109096       4.532871950374850E-002  5.730738152102143E-003
   211951.600278237       4.580085310923791E-002  6.014974314430709E-003
   44096.3453439386       4.627213279430718E-002  6.300361708153225E-003
   48752.8888531898       4.674442941644616E-002  6.586159739108086E-003
   61907.1426704693       4.737125043768205E-002  5.920829270789557E-003
   198803.382475851       4.705914120134672E-002  5.466122434818057E-003
   16980.0523020339       4.674708055025124E-002  5.011847232785575E-003
   13835.5822477603       4.643563705438745E-002  4.556598445688917E-003
   122946.326320254       4.612310596884222E-002  4.102330590397003E-003
   37020.4901722174       4.641151665440753E-002  3.728365383980200E-003
   11638.1225188540       4.669809805277594E-002  3.353976333054078E-003
   149315.508887516       4.698561746124092E-002  2.979768302288772E-003
   151514.006102694       4.727293258394134E-002  2.605720938249195E-003
   70295.9997539970       4.584632145372573E-002  1.908092382304130E-003
   184937.550208101       4.549091395182423E-002  2.218374373623682E-003
   185301.869184544       4.513542009923170E-002  2.527289339383351E-003
   326526.048439483       4.478043703850940E-002  2.837484110077398E-003
   457919.862386796       4.432782124175284E-002  2.551859342330081E-003
   412882.439677377       4.387450115655366E-002  2.266598201528132E-003
   331835.529250695       4.342218303328550E-002  1.979756986788596E-003
   176540.379352690       4.258092274592053E-002  2.868152254965214E-003
   7222.11442471844       4.289172561711888E-002  3.305199479617260E-003
   97589.6365119348       4.320210601088802E-002  3.743297082984051E-003
   182820.401149745       4.351385019382834E-002  4.180313799736563E-003
   141986.284394811       4.322974736467554E-002  4.683923597738830E-003
   91125.5955790308       4.294695486311663E-002  5.188608441816946E-003
   30117.1680296190       4.266362750520628E-002  5.692411310173288E-003
   23775.4799735709       4.803604878428386E-002  6.546640672157386E-003
   27138.3432619577       4.848779479480948E-002  6.121456178131633E-003
   71696.1682869974       4.893804587713984E-002  5.697106543578251E-003
   2104.66377758908       4.938927221249095E-002  5.271927231913252E-003
   53897.0460134009       4.983949834322614E-002  4.846947695259109E-003
   18550.8527513429       5.026078410438149E-002  5.245073192180908E-003
   75403.4381699836       5.068193986503803E-002  5.643383751952772E-003
   10390.1788190526       5.110318325360819E-002  6.040590567822088E-003
   4872.25562928083       5.152532389453449E-002  6.438903117573368E-003
   35875.1809608203       5.236175990510583E-002  5.549589659537143E-003
   112818.346313191       5.193848983108309E-002  5.152647423394288E-003
   66780.4485225023       5.151642400943957E-002  4.756443017820472E-003
   104372.200330911       5.109328941083115E-002  4.360322715685022E-003
   79284.0295153160       5.067034066540584E-002  3.964010136927507E-003
   41128.9959380315       5.106994486926696E-002  3.571532479748612E-003
   15530.1771160791       5.146894452598380E-002  3.178750977415696E-003
   71790.0452730862       5.186696004249981E-002  2.786204227568341E-003
   60452.0241642675       5.226586383231420E-002  2.392728692477981E-003
   41696.5197238130       5.088918327182763E-002  1.866908639092005E-003
   33824.9724612184       5.052205710696022E-002  2.288661652862343E-003
   15430.3260632504       5.015494863169143E-002  2.711199894352634E-003
   200533.211679235       4.978819493858434E-002  3.133901886665468E-003
   175545.135496892       4.941166826940928E-002  2.734121592754984E-003
   99354.8878796699       4.903508438718674E-002  2.333976402094079E-003
   4781.97278867112       4.865825143607365E-002  1.934763877098083E-003
   267191.749803073       4.769416137348904E-002  2.957943998367188E-003
   182629.235368439       4.811430401867781E-002  3.310589856075593E-003
   112828.133696555       4.853558256483379E-002  3.663395321969286E-003
   47641.8060057965       4.895706740661371E-002  4.016364826736370E-003
   91300.6376352806       4.856011222343844E-002  4.491989224053435E-003
   37074.5326243745       4.816339976148857E-002  4.968683612700710E-003
   58516.3960260756       4.776769179582939E-002  5.444209651362674E-003
   14338.6245382285       5.325044205399834E-002  6.385212010758342E-003
   9657.78441950268       5.364954807292460E-002  6.013006973416342E-003
   97204.3707287149       5.404736282925532E-002  5.639540576276044E-003
   91568.5438864226       5.444531345913053E-002  5.267099536183028E-003
   13556.6621332116       5.484320938343189E-002  4.893583896595886E-003
   56796.7493950492       5.529945874869495E-002  5.240267686400501E-003
   31479.2131197923       5.575444943947352E-002  5.586216016210248E-003
   30670.1336846758       5.621050867534916E-002  5.932987222555369E-003
   39856.0325061000       5.666642386740912E-002  6.278762633273302E-003
   32075.1300641960       5.736468052084048E-002  5.535590721524215E-003
   6674.08178504059       5.699092526971535E-002  5.102131154754038E-003
   10388.8464189428       5.661622743962561E-002  4.668732950859509E-003
   72044.0958728555       5.624253103659107E-002  4.236381941703229E-003
   80373.1222041452       5.586816081588036E-002  3.802789767036486E-003
   25156.9230666345       5.621754404498990E-002  3.415653607517935E-003
   13850.4109614319       5.656546122202485E-002  3.027305232197964E-003
   64721.6692243023       5.691443453088960E-002  2.640074775164228E-003
   42276.9604393313       5.726228278131841E-002  2.252892198055684E-003
   35351.9846748523       5.587219399850290E-002  1.661320033664049E-003
   30154.2161311834       5.550777770049304E-002  2.034140260397589E-003
   16332.0127564367       5.514229422947480E-002  2.405814081720628E-003
   131323.190468392       5.477812398967395E-002  2.778626815787949E-003
   135709.311953886       5.438753344810496E-002  2.429541159864580E-003
   102661.295176742       5.399693396376920E-002  2.081382556999396E-003
   31311.3923087843       5.360622047875348E-002  1.732177667624524E-003
   133551.149344260       5.263720053192161E-002  2.762289118574981E-003
   70889.5849268706       5.300940655938358E-002  3.131089230553109E-003
   34940.7060107657       5.338071661627444E-002  3.499940601821089E-003
   1523.83771999787       5.375318442022910E-002  3.868730926756315E-003
   33605.2737411463       5.340486860563554E-002  4.288628858433438E-003
   40898.5096751610       5.305748732286383E-002  4.708511370184454E-003
   124691.273687144       5.270897502380793E-002  5.128376536830934E-003
   9233.72209256671       5.810767266550521E-002  6.233438989187576E-003
   63343.1479769290       5.854293749693248E-002  5.907647469112019E-003
   103506.097273755       5.897801350299003E-002  5.580694642732002E-003
   90672.9015775406       5.941212682945372E-002  5.254768942491177E-003
   8770.56381604137       5.984720396825801E-002  4.928776887424894E-003
   57781.2011737496       6.023219702133074E-002  5.228431141836689E-003
   5690.96727007099       6.061803101552373E-002  5.528173322730237E-003
   14629.8855061217       6.100293358495996E-002  5.828806331647963E-003
   2846.14228830709       6.138871767600310E-002  6.128387693641312E-003
   28197.6843444494       6.235419281897962E-002  5.098670419078055E-003
   22648.1807975466       6.203022856615022E-002  4.733074723635097E-003
   35262.0962104661       6.170538942627886E-002  4.368503886274647E-003
   82727.8443472916       6.138153084487137E-002  4.002955134666060E-003
   44850.2395231308       6.105798654976217E-002  3.638199555438972E-003
   46223.9130651159       6.135649830176828E-002  3.196688648390637E-003
   42105.0664274364       6.165454918164495E-002  2.755812778730554E-003
   4877.04085017843       6.195366107987639E-002  2.313990103559858E-003
   8068.52996599962       6.225169257533836E-002  1.873127566631250E-003
   11665.8710787170       6.103257040704939E-002  1.449984236201483E-003
   23398.7630666486       6.061083524016361E-002  1.776672559542662E-003
   33931.9460293505       6.018994925604899E-002  2.102164475059358E-003
   125650.783946689       5.976842033124691E-002  2.428083961304233E-003
   128788.885124054       5.938302259740220E-002  2.128180173665010E-003
   122197.083678683       5.899665470987926E-002  1.828211657734193E-003
   74317.8861501577       5.861121232685891E-002  1.527180710901280E-003
   93844.2110853776       5.758575554240934E-002  2.618801366998421E-003
   44997.6437060591       5.791018503929789E-002  2.984846539779782E-003
   26302.3948012200       5.823374981271044E-002  3.351909752503998E-003
   9254.84696027567       5.855735035454997E-002  3.717984243752310E-003
   8818.49653206221       5.825951670780992E-002  4.172620039592267E-003
   12113.5477671469       5.796159400305859E-002  4.626244069867201E-003
   55854.8646126387       5.766260391862085E-002  5.080859465463572E-003
   51746.0579253881       6.338345926007065E-002  6.063467708561478E-003
   74521.2037570306       6.374458881883972E-002  5.586976514897812E-003
   55058.9470238478       6.410452267402462E-002  5.109285889266917E-003
   80490.2688932770       6.446575115183920E-002  4.632591573675283E-003
   41375.2621017517       6.482597166720615E-002  4.154669775701768E-003
   77946.8135246725       6.528132740090399E-002  4.605808249213335E-003
   33607.5137945691       6.573655881615750E-002  5.055782475652097E-003
   82461.5332899478       6.619169747439196E-002  5.506620010903730E-003
   56293.9939630533       6.664554513919238E-002  5.956544734777187E-003
   7249.84626709396       6.736198719369535E-002  5.191740352461740E-003
   39122.6748832917       6.688266072288138E-002  4.768251916803085E-003
   12699.2629235416       6.640224717476179E-002  4.344113736158946E-003
   109262.579662143       6.592292098302627E-002  3.920116860685932E-003
   28793.1084159389       6.544305756268412E-002  3.496001771923264E-003
   20252.4496928932       6.589386163301375E-002  3.012180223462662E-003
   60091.6209859828       6.634341772175271E-002  2.527212733144502E-003
   52231.1447597429       6.679403872842483E-002  2.043205925225875E-003
   41761.9612713403       6.724362216525585E-002  1.559179891831817E-003
   22433.5947981781       6.614698893733308E-002  1.436988876411555E-003
   18473.3407394645       6.569333750444205E-002  1.918052721044364E-003
   73399.2514900634       6.523857206488615E-002  2.398080627997751E-003
   82625.5942416118       6.478498117324467E-002  2.879277164525966E-003
   67095.9685783194       6.433833350864540E-002  2.427634192897007E-003
   73651.6969676765       6.389273351113385E-002  1.976936772550059E-003
   40618.0569300638       6.344609178706342E-002  1.525271211225782E-003
   76013.5492340693       6.273025515441655E-002  2.288747328304912E-003
   59092.3443642235       6.320978176721642E-002  2.705407354717967E-003
   69734.1634801327       6.368830351161812E-002  3.121042106088350E-003
   25173.2090632116       6.416785508994904E-002  3.537620917859909E-003
   70792.1450604280       6.371398342021030E-002  3.927154330972568E-003
   90702.1589018858       6.326101250059847E-002  4.317773242714744E-003
   177391.032597819       6.280690832501035E-002  4.707475989134415E-003
   33202.7987905990       6.812652627904346E-002  5.908109333085837E-003
   16918.3124906019       6.855325683470069E-002  5.519320987346075E-003
   59400.2059199060       6.898095450485552E-002  5.129354856360944E-003
   63794.0397023008       6.940876319244632E-002  4.740334888127098E-003
   38197.8324967429       6.983646697599315E-002  4.350138750290011E-003
   45651.9413539886       7.026971252267232E-002  4.712084228970076E-003
   12734.2753262965       7.070388265381991E-002  5.072943577038028E-003
   44911.7962887403       7.113701629619873E-002  5.434778075221777E-003
   46327.2603513859       7.157008418020862E-002  5.795513204467641E-003
   3842.49869063963       7.235794287330184E-002  4.954425423042647E-003
   53935.1665905573       7.196927755306363E-002  4.545870350714670E-003
   3647.26895517648       7.157955258324540E-002  4.137565044712379E-003
   28115.4050078277       7.119087019407931E-002  3.728260514414001E-003
   6805.30641366819       7.080137164838519E-002  3.319941650582141E-003
   7470.67914644302       7.116555459330393E-002  2.949994809741052E-003
   25060.3565299991       7.152873005308981E-002  2.580017261018749E-003
   32084.4471168963       7.189292308156194E-002  2.208995837726608E-003
   26346.8531733391       7.225613228526684E-002  1.838933026917329E-003
   7601.00925959051       7.080931460253925E-002  1.193717274788975E-003
   18044.3332462408       7.046270779254729E-002  1.581161897275631E-003
   46184.5764201881       7.011701811356157E-002  1.967585938591047E-003
   11392.3347544845       6.977140946686154E-002  2.355122763154724E-003
   29331.8494138520       6.929024834788826E-002  1.994683743397419E-003
   7137.39774480388       6.880809158210838E-002  1.635396841505370E-003
   6126.87915594028       6.832690803148446E-002  1.275187987129459E-003
   4099.73271564194       6.763398085714221E-002  2.015491336469495E-003
   13878.7223403822       6.802524861264601E-002  2.471726606050433E-003
   34452.9974553920       6.841547112288017E-002  2.928976981204046E-003
   35666.3012351789       6.880655796960231E-002  3.385235685705014E-003
   4094.56901568926       6.844502904753104E-002  3.837041760953931E-003
   12173.7626533606       6.808442353617912E-002  4.288844074849945E-003
   80414.6474160350       6.772268135056934E-002  4.740680842835377E-003
   14261.1356929956       7.319908262289446E-002  5.742493505627855E-003
   13928.6633824498       7.360621503080857E-002  5.311098777982861E-003
   3869.13679369952       7.401337494315559E-002  4.878711733156461E-003
   5322.02040515558       7.442159403194133E-002  4.447274451776572E-003
   8249.84736130221       7.482873677565155E-002  4.014775713262170E-003
   10005.2324940715       7.526313989156046E-002  4.419850128847522E-003
   2718.94348197193       7.569652352048566E-002  4.823926547075475E-003
   18388.2043322455       7.613090626642663E-002  5.228990727863501E-003
   16606.3915670138       7.656526795221083E-002  5.633034909213668E-003
   6149.16896961638       7.735528061468246E-002  4.789982273053266E-003
   13250.0423397796       7.692382650204264E-002  4.382747108311547E-003
   1570.51959262442       7.649133162767276E-002  3.975607963338958E-003
   5540.04247142940       7.605987923237419E-002  3.569437937596879E-003
   20958.5378948795       7.562736934336101E-002  3.162337769953173E-003
   5633.27209103271       7.603389783981962E-002  2.773943725642142E-003
   2246.88859919257       7.643951915181871E-002  2.386598103979626E-003
   924.831659456157       7.684612289726983E-002  1.998205428534201E-003
   1489.03422498592       7.725171016176556E-002  1.609797798977196E-003
   3353.92121040857       7.585747488237857E-002  1.071834329189647E-003
   1191.36888871646       7.549629519106868E-002  1.502769118983632E-003
   6185.52369998140       7.513606875993135E-002  1.932689948341502E-003
   21979.9933245139       7.477485497222897E-002  2.363654384429331E-003
   17433.2977412709       7.440327812944099E-002  1.956564167108858E-003
   6890.07780671444       7.403172367367286E-002  1.550565927007783E-003
   4760.99131426451       7.365917828818444E-002  1.143618792151319E-003
   24943.1184103256       7.268570281201478E-002  2.183058499530128E-003
   13685.5291354756       7.311628891993409E-002  2.528118665413587E-003
   2344.26886667088       7.354581365155567E-002  2.872175904757066E-003
   34630.3350376302       7.397630774952733E-002  3.216156377028031E-003
   11332.4439423959       7.357122893794441E-002  3.650446756580321E-003
   8743.53936041479       7.316718138070166E-002  4.085740417535601E-003
   1720.96466904901       7.276206788861084E-002  4.520083098082550E-003
   1167.93701319113       7.819838986349928E-002  5.580094430227717E-003
   1885.79018431125       7.860378627630081E-002  5.093656690435802E-003
   10240.8908934974       7.900921048049007E-002  4.608230641907536E-003
   20029.8639985349       7.941357723404106E-002  4.121843075161486E-003
   6776.64661303195       7.981892870317303E-002  3.635440655071752E-003
   15698.0132667801       8.017899781636353E-002  4.097051278001787E-003
   2936.46896084867       8.054010074381394E-002  4.558640262538244E-003
   6975.08380038963       8.090019084742933E-002  5.019272101856655E-003
   1667.98614332345       8.126033883196465E-002  5.480894953995991E-003
   5061.02628444130       8.234250143778278E-002  4.326234832281416E-003
   11143.8911147129       8.185860764597107E-002  3.996734617008760E-003
   7254.50373452394       8.137571874233100E-002  3.667173183105795E-003
   7843.22080835150       8.089179648893140E-002  3.336612901167935E-003
   10371.1687349008       8.040784706828466E-002  3.007058809745832E-003
   998.911972607410       8.086894700541836E-002  2.633886280701924E-003
   9597.97454729677       8.133007106928382E-002  2.260737436316868E-003
   9390.90154054871       8.179018961549778E-002  1.887618580901733E-003
   6594.95777394477       8.225130376610891E-002  1.514462543384463E-003
   1822.98582234804       8.080675581556043E-002  9.660391290821904E-004
   3159.35526095892       8.046427331496465E-002  1.449402484417503E-003
   12204.9049410300       8.012183355264553E-002  1.933768182805076E-003
   11996.3808320930       7.977937136825188E-002  2.418098288108199E-003
   5570.48251695254       7.938917765333764E-002  1.957504018050334E-003
   7747.61065492352       7.899997080145925E-002  1.496909905006322E-003
   1315.42391883011       7.860980969868005E-002  1.037347646852331E-003
   9986.27109561346       7.773665675857405E-002  1.969242170934467E-003
   4353.69914332638       7.822062071118456E-002  2.328691086661791E-003
   6233.85203272060       7.870553827184353E-002  2.687115481601748E-003
   10303.7215327245       7.919048508674224E-002  3.046531988946414E-003
   9878.98526866254       7.873142113989495E-002  3.482669410370673E-003
   16717.7934377234       7.827236041903501E-002  3.917811929990130E-003
   24847.2716345857       7.781433628071624E-002  4.353907041966472E-003
   6597.34142323318       8.349719178979795E-002  5.408416768800783E-003
   6897.99060532473       8.382699209204063E-002  4.934435455167011E-003
   3618.33037023994       8.415678641224922E-002  4.460464152719000E-003
   9647.84905133167       8.448758288243460E-002  3.987461095827788E-003
   7927.93293067847       8.481734290745283E-002  3.513530578647452E-003
   10266.8440949657       8.524305273011865E-002  3.963017490481158E-003
   1563.51059281173       8.566774289708785E-002  4.411560840412257E-003
   9261.11151276340       8.609348467671249E-002  4.861082407253281E-003
   6847.38524706535       8.651924950246680E-002  5.310602728823569E-003
   1044.49755177743       8.734808447719525E-002  4.426323069681905E-003
   8904.12613388328       8.687206205970027E-002  4.030513453368890E-003
   1704.40705557240       8.639605059024527E-002  3.634662444410182E-003
   8941.87651366721       8.592106026493930E-002  3.239757404580216E-003
   1047.17509788107       8.544498965144162E-002  2.843893041726919E-003
   2447.43603400227       8.589448510979811E-002  2.420087570909296E-003
   7070.32886720625       8.634301384067657E-002  1.997330147003032E-003
   8324.23098424342       8.679250168329762E-002  1.573548648777380E-003
   5378.94696358787       8.724202851744532E-002  1.150784478778876E-003
   655.532125001912       8.595565573088873E-002  7.892420514206857E-004
   1659.98908773767       8.556187429120810E-002  1.265257586316902E-003
   9956.09942899929       8.516907578668120E-002  1.740240901685581E-003
   1743.10025179799       8.477529890160329E-002  2.216223230376593E-003
   692.438358614832       8.440251529488944E-002  1.765034914413390E-003
   5638.16152759204       8.402975543513341E-002  1.314827068968087E-003
   5692.65354226285       8.365694726389536E-002  8.636197108592785E-004
   3692.33308562348       8.272563048398276E-002  1.857288995994013E-003
   2236.14885568332       8.319996344429026E-002  2.200122248347460E-003
   3448.47669957261       8.367329747074807E-002  2.543012050973365E-003
   8032.17753508401       8.414764543757329E-002  2.885888089135737E-003
   6000.28630792021       8.369608623252668E-002  3.245767620542275E-003
   11037.3055261226       8.324558003850302E-002  3.606593058087334E-003
   18330.5281095409       8.279405227707640E-002  3.966435649357297E-003
   5142.85014358958       8.823238305860288E-002  5.255145461762756E-003
   5435.42043073100       8.862846633407263E-002  4.788043007205076E-003
   2227.45768958507       8.902456963462424E-002  4.321944217572641E-003
   4687.97810266770       8.941962347778613E-002  3.854882531935403E-003
   4556.86691405015       8.981571509021133E-002  3.388818669537506E-003
   4567.24733060673       9.035007382221184E-002  3.824770534934123E-003
   706.833211248348       9.088445968081280E-002  4.261739042956797E-003
   5683.72060851092       9.141881712260419E-002  4.697723087010393E-003
   5647.46719052670       9.195322978005042E-002  5.134707789711895E-003
   958.919098519029       9.235942464042553E-002  4.701335363000108E-003
   4061.82407452446       9.188886817821973E-002  4.196286678335270E-003
   1587.43048658726       9.141931609119458E-002  3.691174889552802E-003
   4979.58159746415       9.094875091486711E-002  3.186094375025347E-003
   2549.41893675507       9.047916008190342E-002  2.680995499969617E-003
   1111.73777240972       9.091632649978923E-002  2.184580568165469E-003
   1461.79381932044       9.135451805188986E-002  1.689133735100878E-003
   3525.64296122332       9.179167400927855E-002  1.192725287533294E-003
   2017.43119064049       9.222983380976339E-002  6.962987023704679E-004
   1510.24908247311       9.117153989501819E-002  6.114887705596841E-004
   515.203582937718       9.070445412562857E-002  1.079857518644960E-003
   2772.45013449364       9.023840624183729E-002  1.549190348092308E-003
   1680.62469789681       8.977132364915209E-002  2.017545158622965E-003
   1910.16818135185       8.934790705704432E-002  1.578005705339127E-003
   764.040579070758       8.892546132329460E-002  1.137409310640689E-003
   2039.49282405884       8.850203901896243E-002  6.978389333451864E-004
   2547.28859189730       8.770895982664220E-002  1.543903606322515E-003
   608.869716207915       8.817492927730984E-002  1.938061850357164E-003
   2638.35725359780       8.864187268357614E-002  2.331199812065473E-003
   8602.78601574886       8.910786152345285E-002  2.725376092629880E-003
   543.527832819663       8.866841118659488E-002  3.150866255830587E-003
   2802.97410544961       8.822794429234758E-002  3.575380134369659E-003
   9188.89297685234       8.778852041300438E-002  4.000850935885661E-003
   1389.76409224083       9.279279925094544E-002  5.107518973561882E-003
   954.824890649202       9.329915823462200E-002  4.677892737864136E-003
   906.137584423875       9.380551367133108E-002  4.248272008835083E-003
   119.086983906300       9.431187006249341E-002  3.818656873892208E-003
   941.784892706293       9.481820217119717E-002  3.388054404708343E-003
   1246.35083456319       9.513044443475387E-002  3.792166509689427E-003
   1186.54028152648       9.544265737250540E-002  4.195273016841804E-003
   328.715461812423       9.575386977738382E-002  4.598410991979253E-003
   133.300893808626       9.606608183051731E-002  5.001515060633916E-003
   35.4825258917912       9.732815859941511E-002  3.654959741398182E-003
   38.2326375410901       9.690569720628096E-002  3.369485113625068E-003
   733.906661366242       9.648326854613577E-002  3.085011324044077E-003
   1000.31756389960       9.606081025858924E-002  2.799537340639588E-003
   424.416350368551       9.563735340318072E-002  2.514097845483166E-003
   2583.99545859329       9.603626472414528E-002  2.040958647418743E-003
   423.346020896903       9.643417391788421E-002  1.567849278627278E-003
   682.027062676022       9.683208870107961E-002  1.094743274744864E-003
   9.82635034338151       9.723000596027395E-002  6.216377771543222E-004
   1283.15559732234       9.610260764258435E-002  4.109627441020339E-004
   1178.14484794685       9.565619485997633E-002  8.386176448200002E-004
   2695.45388185901       9.520978282991439E-002  1.266274414875863E-003
   2300.62577651998       9.476341140648839E-002  1.694940955334846E-003
   2307.20834967605       9.426828468558890E-002  1.296748674665013E-003
   2382.90350138512       9.377419674236924E-002  8.995095510933963E-004
   1144.72814296100       9.327910905397124E-002  5.022963131934535E-004
   1145.50782625986       9.265818461096097E-002  1.164702904861166E-003
   443.890819849231       9.308654032434882E-002  1.633111180893344E-003
   920.428953742960       9.351487166929358E-002  2.100519076431512E-003
   3991.52190501473       9.394423920059508E-002  2.568893794210319E-003
   1186.99422260052       9.354728051521176E-002  3.102027538369567E-003
   1738.61288961172       9.315132230124491E-002  3.635129047173368E-003
   244.917744893365       9.275537182715046E-002  4.168233891857664E-003
   5036.27915733920      -1.836327649814431E-003  1.250076262129293E-002
   13418.0355073732      -1.376933017712713E-003  1.199983811600063E-002
   126537.244442071      -9.179767153892138E-004  1.149944406917467E-002
   141657.639825204      -4.581873356068668E-004  1.099772259642107E-002
   27098.4155767078       1.776079577771057E-007  1.049641816087299E-002
   96551.7874590490       3.904488575269974E-004  1.099478348028963E-002
   33097.4667730041       7.797592637533563E-004  1.149391013678498E-002
   35945.4449272364       1.170179724775367E-003  1.199180950989841E-002
   14584.1239095840       1.560217146413415E-003  1.249094990467347E-002
   14908.1608858522       2.505106340748420E-003  1.153699570348399E-002
   91527.4938416897       2.002082354300321E-003  1.115178984220492E-002
   65877.6575281483       1.500366407740678E-003  1.076633273289148E-002
   188172.227364171       9.977304809033445E-004  1.038203363711394E-002
   45420.9580040464       4.966607898342532E-004  9.996510248532198E-003
   64217.8896123722       9.956074854059200E-004  9.599698670620551E-003
   73577.0146651560       1.494997272946659E-003  9.202503059042676E-003
   101928.076282757       1.993457249909831E-003  8.804486816018713E-003
   134792.858150430       2.492491836844356E-003  8.406985584042015E-003
   61890.7359795069       1.176924217246755E-003  7.994757009001430E-003
   63123.4072927926       7.831568649128420E-004  8.496486854026045E-003
   19547.6138570136       3.901748307803038E-004  8.998938827520585E-003
   227303.723944843      -2.633133891867244E-006  9.500480796415928E-003
   219153.695162475      -4.390971371770538E-004  9.001840571645785E-003
   197420.042801703      -8.752458343915426E-004  8.501769515914130E-003
   61230.9169296273      -1.311338071447202E-003  8.002466989853223E-003
   827538.923481054      -2.503434186482866E-003  8.258300650881024E-003
   152950.379892534      -2.001949421776266E-003  8.693574437828368E-003
   15973.9903059132      -1.501827766467229E-003  9.129427627877676E-003
   23866.5324766449      -1.000288456810420E-003  9.564841789987942E-003
   49724.1997268268      -4.992034243954951E-004  9.999807441096379E-003
   85840.6127773206      -9.979769677288686E-004  1.045954001088869E-002
   66753.1727334307      -1.498324375169188E-003  1.091986590108792E-002
   34462.6347946581      -1.998103990623207E-003  1.137886299647423E-002
   61598.7589563237      -2.498888589902772E-003  1.183803687081177E-002
   23534.2423066009       3.458069888603541E-003  1.248050574809053E-002
   17961.1894918919       3.844866670039785E-003  1.210217688415325E-002
   257202.640709593       4.231374685442375E-003  1.172329397849636E-002
   210385.497709909       4.617214398454256E-003  1.134343117438067E-002
   45651.2704865187       5.003682592991630E-003  1.096384055244116E-002
   114509.438520964       5.337625642473346E-003  1.133776601986010E-002
   108310.794428215       5.670748048184616E-003  1.171365137610085E-002
   106471.252514635       6.004115929392565E-003  1.208829110188534E-002
   253181.759248518       6.337835220929481E-003  1.246266476948314E-002
   385554.714014033       7.505383583713686E-003  1.127862229227486E-002
   181633.647968588       7.126660795321782E-003  1.095029238629213E-002
   189457.614603347       6.747784874026750E-003  1.062217218653064E-002
   350669.843673897       6.367771154540153E-003  1.029416785655039E-002
   269326.919977164       5.989804567262601E-003  9.965171133990446E-003
   55739.6279773406       6.364553468920550E-003  9.496747556402965E-003
   194455.321669962       6.738508637147352E-003  9.027240848279033E-003
   238450.690103004       7.111122565957231E-003  8.558058546447147E-003
   251128.313949708       7.482900648607747E-003  8.088996997321985E-003
   141166.521817364       6.375964021050563E-003  7.837206414056006E-003
   214130.827565673       5.915019406143689E-003  8.219262985929803E-003
   159541.760643178       5.453808671330682E-003  8.601231371958579E-003
   448906.513352788       4.993093180864621E-003  8.982305869995589E-003
   494166.903835902       4.597209019020948E-003  8.607701897634112E-003
   369051.733292752       4.201042351588629E-003  8.232216379116674E-003
   170983.987331211       3.803763561526494E-003  7.857569828368504E-003
   398208.549083719       2.871099144466121E-003  8.799202729908681E-003
   231099.165775562       3.249314324857418E-003  9.193196155773242E-003
   117014.627927003       3.628773975165275E-003  9.586178745669475E-003
   167804.631812944       4.007944226822822E-003  9.978784809869438E-003
   115062.692646017       3.632541157406598E-003  1.036818146452123E-002
   112395.495695498       3.256214679373692E-003  1.075693196941703E-002
   305234.195857599       2.880463468308561E-003  1.114657264354691E-002
   57820.9936848355       8.689592011479588E-003  1.244270794374316E-002
   42335.9292334591       9.018384664914102E-003  1.201535868763876E-002
   260408.586520501       9.345703396777724E-003  1.158674297923225E-002
   299708.390862405       9.673191773702350E-003  1.115813043798961E-002
   31286.0727103146       1.000069641836638E-002  1.072945134862830E-002
   245879.338951868       1.037055297700816E-002  1.114909836297525E-002
   81295.8533467815       1.073863660869474E-002  1.156959362964452E-002
   33358.8526045715       1.110804869690669E-002  1.198965991935726E-002
   140635.000829378       1.147650639412490E-002  1.240967201155909E-002
   260078.808379021       1.250873739376525E-002  1.134989639378542E-002
   167107.937297093       1.207930884988745E-002  1.099277070360941E-002
   153386.991456134       1.165001079476030E-002  1.063461267985557E-002
   397985.698249348       1.122062420929759E-002  1.027764207925189E-002
   465708.087561367       1.079248567920047E-002  9.918623461195366E-003
   51973.6557067728       1.121328140897196E-002  9.486969493893060E-003
   9925.59460302756       1.163153340774723E-002  9.055228123296580E-003
   290195.291123903       1.204934323307414E-002  8.623193256987875E-003
   180773.729358135       1.246724873362198E-002  8.192499018331358E-003
   115820.436524351       1.123630800099010E-002  7.834731971236889E-003
   178915.669638034       1.081811102417036E-002  8.267208044234352E-003
   232839.366085811       1.040120352127788E-002  8.698697171312005E-003
   808722.158622252       9.984154795095890E-003  9.130045412017894E-003
   925904.881741506       9.518012160309937E-003  8.709864345164764E-003
   613231.759671313       9.052094731535603E-003  8.288417569923223E-003
   66336.2009476302       8.585782142084625E-003  7.865965121135216E-003
   772207.877382547       7.909347744609259E-003  8.549624108304925E-003
   248628.031380508       8.335511522498651E-003  9.012419886805642E-003
   89417.4981318371       8.762854604822680E-003  9.475437103237696E-003
   109901.558566989       9.192288271491092E-003  9.937682723507136E-003
   18847.0957064778       8.770817119919965E-003  1.027311943373905E-002
   28252.8882458699       8.348914392100986E-003  1.060816716247563E-002
   217315.316042168       7.926640315018748E-003  1.094277180864508E-002
   8332.55938376918       1.356813480908990E-002  1.237951814929940E-002
   26333.9546126324       1.392754768535800E-002  1.205177486687067E-002
   217218.017593604       1.428699630966405E-002  1.172215418794488E-002
   287087.455826805       1.464555093926496E-002  1.139359362928273E-002
   9939.02755096436       1.500555472092566E-002  1.106553482641556E-002
   269450.904944182       1.540443258709936E-002  1.138172597460959E-002
   64726.9436702475       1.580273352528783E-002  1.169838009758588E-002
   30100.2326749429       1.620107292354865E-002  1.201567020932370E-002
   128322.232284232       1.659931444745134E-002  1.233168971763656E-002
   54901.9688889441       1.751227426027090E-002  1.138918561530868E-002
   106721.438748493       1.718280650297386E-002  1.100143766780845E-002
   9100.77792485701       1.685235131543536E-002  1.061406358752337E-002
   156534.357895910       1.652296772634139E-002  1.022684960762836E-002
   244130.045774394       1.619455378052463E-002  9.838988818616778E-003
   108239.086259683       1.651240341938974E-002  9.434310404791011E-003
   40013.5816368033       1.682886635073250E-002  9.028699631195972E-003
   63276.3319018985       1.714636248005009E-002  8.623333094957580E-003
   102400.229119144       1.746285666600700E-002  8.218358612993503E-003
   15613.9833712711       1.615408531194559E-002  7.662077594863414E-003
   109350.890929623       1.575941294066235E-002  7.992682458763001E-003
   27590.8263131657       1.536461894404143E-002  8.321830647589063E-003
   438061.651110543       1.497075349840668E-002  8.651817943360618E-003
   482234.708652784       1.454236283177907E-002  8.334997987229869E-003
   422599.570151458       1.411513306362695E-002  8.017576116553208E-003
   149352.377752604       1.368668425589241E-002  7.698813524020983E-003
   364838.892614777       1.279490645289949E-002  8.612909040200742E-003
   75329.4353396975       1.312356116832013E-002  9.034203506245498E-003
   40545.3875756600       1.345182435856813E-002  9.454508316450347E-003
   206894.425781178       1.378060281779271E-002  9.875771785013773E-003
   38663.5031186828       1.346321938538557E-002  1.024499248633034E-002
   96096.6963757341       1.314520228952530E-002  1.061273506314494E-002
   236886.368078707       1.282606862853096E-002  1.098136897337622E-002
   101896.977712087       1.845468103734409E-002  1.230117036966051E-002
   87435.4576604216       1.884100427216275E-002  1.185664649842416E-002
   150873.589875097       1.922724098929268E-002  1.141268692465456E-002
   328518.915347257       1.961379336027239E-002  1.096750656239845E-002
   100852.863048211       2.000049789786464E-002  1.052190996610623E-002
   296308.160209738       2.039862990400665E-002  1.095309750051726E-002
   17246.7546084881       2.079530389307385E-002  1.138439468820178E-002
   74010.7132832168       2.119287513752533E-002  1.181434133360601E-002
   94409.8496360265       2.158933244850635E-002  1.224516484196813E-002
   79846.8397236058       2.251683089484376E-002  1.128137604994788E-002
   111133.515332191       2.207020893665437E-002  1.090183139079914E-002
   24650.7794063628       2.162448363749678E-002  1.052173878478323E-002
   197050.698053875       2.117789153909922E-002  1.014292447015514E-002
   228674.545635476       2.073233773985535E-002  9.762579086592386E-003
   92498.7221424398       2.116419300167174E-002  9.347961428007865E-003
   33117.3974707324       2.159482455914112E-002  8.933791870063839E-003
   114740.159986695       2.202427662331571E-002  8.518931936727744E-003
   114935.134975479       2.245491892785237E-002  8.105697169116693E-003
   16573.5836984132       2.116361836525501E-002  7.692059614613022E-003
   111212.391339703       2.076661227550784E-002  8.138395345372694E-003
   118627.648465717       2.037075170091239E-002  8.585312198815375E-003
   411244.135830051       1.997436953230291E-002  9.032258498859162E-003
   413386.595125729       1.956824399493944E-002  8.600103732175700E-003
   196076.747501439       1.916183239990947E-002  8.167891104965682E-003
   30887.3003821000       1.875533320396445E-002  7.736372398089735E-003
   263568.097217289       1.790791168465545E-002  8.610780011368098E-003
   139456.314734433       1.835171447497178E-002  9.003846841265453E-003
   23232.6446695440       1.879673468237007E-002  9.396957120501124E-003
   53792.3250708200       1.924268402150314E-002  9.789558968484036E-003
   26127.2845945866       1.881047592825658E-002  1.018928264126898E-002
   125054.617218495       1.837746693208800E-002  1.058884227409819E-002
   309971.843323357       1.794515465342421E-002  1.098854189131684E-002
   39911.4370831783       2.348066780151063E-002  1.220800540941162E-002
   52957.2420844032       2.386086413764426E-002  1.177863800908158E-002
   192769.014979895       2.424176624943736E-002  1.134785358529859E-002
   279498.877628313       2.462176975277621E-002  1.091792603750360E-002
   67685.9661431972       2.500279843943967E-002  1.048679945288133E-002
   239816.111342659       2.540871575320966E-002  1.090059618704194E-002
   9041.56216075674       2.581421303471788E-002  1.131357649502722E-002
   20731.4563906678       2.621984620000880E-002  1.172714770756770E-002
   68597.0676138970       2.662605705807364E-002  1.213983078582470E-002
   13814.6060219067       2.752045386559791E-002  1.120409150249837E-002
   21939.3781750671       2.708930037008717E-002  1.081706315849457E-002
   24579.3840796198       2.665745651729972E-002  1.043099853520720E-002
   217160.458799780       2.622665012085192E-002  1.004515384127282E-002
   196688.210614442       2.579577392786670E-002  9.658756026832334E-003
   13907.1484712202       2.621332806982696E-002  9.373668705975844E-003
   123667.734135521       2.662918624211207E-002  9.089069206304123E-003
   46164.6004506473       2.704609939784337E-002  8.803637973610395E-003
   19430.4551545579       2.746190511666355E-002  8.519170095628194E-003
   10679.4683100545       2.576773366135435E-002  7.580730175780252E-003
   43283.9724527482       2.550120854191263E-002  8.009870752224488E-003
   29746.3611524256       2.523548153627215E-002  8.437767489287328E-003
   264143.871025884       2.496929550802586E-002  8.867074938440871E-003
   233683.690517276       2.455538940366052E-002  8.452721121866874E-003
   172192.555244160       2.414254488217334E-002  8.039052640656980E-003
   63098.3512238564       2.372859711755661E-002  7.624236853211089E-003
   172152.227978882       2.288457647300139E-002  8.501991514547084E-003
   84828.5915884875       2.331516956286947E-002  8.899602539302005E-003
   28491.9734492708       2.374496740211151E-002  9.296218381307685E-003
   55582.7358939071       2.417614603692865E-002  9.693691790637556E-003
   32319.8548152373       2.376122532803531E-002  1.009118765430668E-002
   99627.5678775606       2.334682102772578E-002  1.048745598682542E-002
   201113.354150963       2.293121697112301E-002  1.088469696066775E-002
   43251.2407255869       2.845534994178561E-002  1.209714637193698E-002
   17145.4163800497       2.884337378961999E-002  1.166975816248351E-002
   222814.951396476       2.923016830325554E-002  1.124094569143831E-002
   228526.790756627       2.961736466546535E-002  1.081312538639864E-002
   75302.3503857375       3.000439616207057E-002  1.038474411553754E-002
   142966.245831396       3.047578638664933E-002  1.079194113897683E-002
   92544.9892227795       3.094679162804139E-002  1.119943210123398E-002
   168546.044715553       3.141789056625025E-002  1.160750773700831E-002
   15926.4968938148       3.188889273091654E-002  1.201434955787149E-002
   194862.029592925       3.252855168228894E-002  1.134248586125545E-002
   55722.1736191208       3.209849872920922E-002  1.089217069584497E-002
   117683.520746507       3.166745852324497E-002  1.044218252193910E-002
   284109.621350224       3.123752888331369E-002  9.992234320479501E-003
   172604.067420665       3.080858019657239E-002  9.541587867655042E-003
   30668.3714421766       3.122015343027467E-002  9.195579327935764E-003
   156794.220179496       3.163095738916696E-002  8.849075659369340E-003
   8759.23704997356       3.204289451358144E-002  8.502842304405350E-003
   53259.1539965136       3.245349374290780E-002  8.157360802373699E-003
   110273.750266761       3.094426050964464E-002  7.456181718019346E-003
   9270.02693341923       3.061851755299160E-002  7.884549412888976E-003
   91703.9544422045       3.029254822986785E-002  8.311635483975047E-003
   200678.007878651       2.996710918921054E-002  8.739129252473535E-003
   111664.248229205       2.968188747328329E-002  8.326925358697021E-003
   121084.882271036       2.939767521070382E-002  7.914556184543250E-003
   26456.9245191150       2.911221498908103E-002  7.501305559245565E-003
   240629.723715771       2.788731792908356E-002  8.783738301471947E-003
   167212.920552132       2.831319392891830E-002  9.049998413365228E-003
   206420.037847398       2.873818518726081E-002  9.315079561186849E-003
   68375.0588657811       2.916317393319949E-002  9.581181528770707E-003
   165963.465019286       2.875286400844630E-002  9.986270986902942E-003
   189709.941295717       2.834243211495005E-002  1.039157961075686E-002
   368446.535213194       2.793068963400729E-002  1.079692326627154E-002
   80909.7024752008       3.320004399341473E-002  1.198148870178176E-002
   123430.403126710       3.364890560620085E-002  1.146664188878868E-002
   110713.549172278       3.409751376433471E-002  1.095150916929385E-002
   9243.88369973906       3.454643191875757E-002  1.043645850977690E-002
   34461.7292149354       3.499507186554385E-002  9.920839874920184E-003
   61249.2316744874       3.542682548871882E-002  1.041324106189838E-002
   129373.464403768       3.585872380052436E-002  1.090542982412864E-002
   220295.934082669       3.629062712829577E-002  1.139753917681425E-002
   27584.8093177389       3.672378848286753E-002  1.188940763386733E-002
   321679.801565281       3.752434081973168E-002  1.104482199052174E-002
   158412.349769652       3.700978721679134E-002  1.063864153260221E-002
   271474.457271206       3.649513128418191E-002  1.023390581996526E-002
   389013.605498104       3.598072347352430E-002  9.829195563398226E-003
   34699.6100527741       3.546695187970147E-002  9.424302737038558E-003
   83908.3445596701       3.595735310429867E-002  8.875596579516818E-003
   122462.543512694       3.644583014517743E-002  8.325779381727660E-003
   241285.645848063       3.693376623475897E-002  7.776056707469064E-003
   154550.927421673       3.742164935290677E-002  7.227015880607656E-003
   134185.272384085       3.653130380966727E-002  7.396707443764895E-003
   154428.640885545       3.601161902914439E-002  7.916486935235806E-003
   49816.6724404275       3.549165320567725E-002  8.435326393881528E-003
   427934.975575827       3.497132740251491E-002  8.953501820119780E-003
   298627.009941896       3.462443143498919E-002  8.458264312560887E-003
   129874.016332393       3.427706407286604E-002  7.962700761532240E-003
   106429.248682584       3.392918116472207E-002  7.467162490028873E-003
   454214.978620179       3.296545605088777E-002  8.478803307609141E-003
   356813.171656736       3.347664982820259E-002  8.802339145474949E-003
   325857.278225997       3.398787118966406E-002  9.125891682786947E-003
   234464.449632899       3.449949832155899E-002  9.449357488849243E-003
   104449.412758760       3.400673912099243E-002  9.922367414374404E-003
   32416.0452806259       3.351399798535615E-002  1.039554884166130E-002
   193871.848616766       3.302104217191815E-002  1.086867310017968E-002
   12931.6293709128       3.836881849306324E-002  1.184435567483679E-002
   15185.8945153236       3.877633532184735E-002  1.135982010476763E-002
   162595.161758230       3.918192922358793E-002  1.087565529839590E-002
   53027.7066074375       3.958741767565099E-002  1.039056062411408E-002
   80410.1882777772       3.999235038759773E-002  9.905095178943384E-003
   202988.671110289       4.047606158564314E-002  1.036368594647442E-002
   234021.545482684       4.095861638747247E-002  1.082287061960721E-002
   79339.0492459493       4.144249808817423E-002  1.128099011003155E-002
   29944.6090254369       4.192674181535862E-002  1.174005678151023E-002
   224083.708360093       4.252547414568403E-002  1.110460073989024E-002
   363170.751463936       4.203969455279439E-002  1.064843347191960E-002
   237280.126791509       4.155522513000225E-002  1.019153806699087E-002
   237378.027648557       4.106961924624671E-002  9.735505147126755E-003
   118776.513697395       4.058389182546939E-002  9.278284255196660E-003
   51263.4798234237       4.104252705492573E-002  8.769565271964694E-003
   131134.784361341       4.149976088994922E-002  8.259152000253709E-003
   151557.963818555       4.195568949032386E-002  7.749988296625703E-003
   85723.3426482897       4.241236186448993E-002  7.240143152389225E-003
   164320.360442920       4.139445712979959E-002  7.223728581121408E-003
   69696.0672700072       4.091595067294072E-002  7.711771589398526E-003
   51192.1554895855       4.043636700006286E-002  8.200159416522444E-003
   316743.203503125       3.995771599512563E-002  8.688044147557274E-003
   459722.360310721       3.941077816454054E-002  8.231109795340330E-003
   422610.133387289       3.886443503884907E-002  7.773384169802703E-003
   357249.099079625       3.831847444426556E-002  7.315985905373489E-003
   323728.754963894       3.790711915547700E-002  7.748731793065487E-003
   170710.502680400       3.839199914528018E-002  8.271000728451697E-003
   69388.9154972762       3.887869280152800E-002  8.793023766515787E-003
   95700.9808905555       3.936637098565116E-002  9.314476306653666E-003
   74059.6115638594       3.890542411447929E-002  9.746984651157939E-003
   88698.8499453803       3.844486223911634E-002  1.017956305784703E-002
   14275.1245920049       3.798495308364672E-002  1.061157477457679E-002
   27713.1066427459       4.316019985348047E-002  1.170187298448869E-002
   50114.1633882809       4.361977461795596E-002  1.129621253524651E-002
   142320.132687003       4.407849444941986E-002  1.088925428806133E-002
   39069.2966913643       4.453630215433943E-002  1.048366576982077E-002
   47291.9844188500       4.499511639856035E-002  1.007828627185858E-002
   15720.5740592323       4.543481634065636E-002  1.045570395535008E-002
   115569.680456503       4.587423039348412E-002  1.083352832532700E-002
   6354.73071463145       4.631385833242223E-002  1.121219931523458E-002
   32667.6280118216       4.675326048227414E-002  1.159010471196720E-002
   18246.5154296396       4.751717670865573E-002  1.077796573256654E-002
   150635.969613228       4.711339618880959E-002  1.036249429380887E-002
   60189.6619719935       4.670886641609683E-002  9.946670817004528E-003
   118833.644903674       4.630516473283060E-002  9.530915546968732E-003
   145744.823012346       4.590177701809434E-002  9.114818919192915E-003
   40194.8648986661       4.627905773241725E-002  8.639804546034311E-003
   94564.5587802581       4.665562674852212E-002  8.163406936622123E-003
   5905.73594959721       4.703315399988662E-002  7.688116428139979E-003
   34218.0954756138       4.740964351950642E-002  7.212175690026893E-003
   150267.649621060       4.629233369195749E-002  6.991900306909118E-003
   52535.1645399245       4.584159818470267E-002  7.398514734045785E-003
   62403.6344402935       4.538985687167369E-002  7.803845442089626E-003
   190445.454484897       4.493941269402508E-002  8.209262854298257E-003
   237575.402406675       4.443462390926516E-002  7.833631474501546E-003
   273443.221726787       4.392927433816001E-002  7.457159729729063E-003
   43855.1301940038       4.342471138096393E-002  7.079364765803054E-003
   309158.139604876       4.281672519480813E-002  7.722942941672578E-003
   57461.8613055464       4.322210309130575E-002  8.205668690660970E-003
   21001.3756099911       4.362711391629651E-002  8.689418782201331E-003
   159895.558783699       4.403232981474030E-002  9.172265326165503E-003
   149550.539095839       4.365554871371415E-002  9.655527585491677E-003
   80859.8333972986       4.327899889536834E-002  1.013790967199384E-002
   141372.696370878       4.290151140988376E-002  1.062115580168419E-002
   8395.12115493747       4.832854556249600E-002  1.154085563785085E-002
   33116.7408692372       4.874314881962694E-002  1.108286385258513E-002
   139691.240206304       4.915741115702062E-002  1.062360874216683E-002
   111532.076875159       4.957180893340939E-002  1.016540497094390E-002
   26432.9994510932       4.998615483119253E-002  9.707117176401351E-003
   69865.1057342570       5.038810171777654E-002  1.013950873383620E-002
   76212.6040726220       5.078982273610464E-002  1.057192055156213E-002
   10789.7723239584       5.119158810569958E-002  1.100513862121833E-002
   67675.4008562831       5.159373572211296E-002  1.143771822969557E-002
   98536.2656654558       5.251146381171119E-002  1.046128999911747E-002
   37507.8945880592       5.205421353264230E-002  1.008671194157863E-002
   5077.47026120417       5.159629775768245E-002  9.712960516159861E-003
   124078.939855690       5.113933158220060E-002  9.339478052965280E-003
   57511.0025942003       5.068280148576296E-002  8.965838733850989E-003
   25317.4036024418       5.111547646818312E-002  8.543572758510207E-003
   146263.949711572       5.154802225004489E-002  8.121081007423392E-003
   139424.692907259       5.198169621252039E-002  7.698546683515247E-003
   111813.474427833       5.241425907123300E-002  7.274854823147960E-003
   71118.1074237048       5.112896294746838E-002  6.896229861604413E-003
   84790.2561705317       5.073353043230569E-002  7.354566148043426E-003
   188133.570761797       5.033789927068416E-002  7.811894097891312E-003
   56672.1383606531       4.994249056387016E-002  8.269652777836775E-003
   24320.4786049802       4.946616030926835E-002  7.839469650998883E-003
   130007.162978198       4.898912465935956E-002  7.408905069969225E-003
   33612.8733019136       4.851298194293165E-002  6.977359552238735E-003
   107251.078950234       4.786840404138101E-002  7.662202411664231E-003
   34931.9220869841       4.832803041507262E-002  8.111403039836474E-003
   100919.192529086       4.878687791688717E-002  8.561497760297448E-003
   95429.1603965697       4.924549522744992E-002  9.010796190370622E-003
   128502.490422263       4.881362286542557E-002  9.452518645924484E-003
   106516.930481904       4.838177545615010E-002  9.894274637796303E-003
   176273.731710088       4.794883816635502E-002  1.033597200707073E-002
   58145.3309713110       5.348659564064937E-002  1.137820844135319E-002
   26153.1199427246       5.386575620694938E-002  1.103705464279179E-002
   199930.501024932       5.424379357407563E-002  1.069551292974404E-002
   239666.651169032       5.462203456292166E-002  1.035388477352808E-002
   122338.572286009       5.500024280159741E-002  1.001199478033135E-002
   233997.212961395       5.548802210700283E-002  1.032664004935198E-002
   96294.4149961153       5.597566078589940E-002  1.064120660470117E-002
   15555.6489816753       5.646231779685304E-002  1.095529195775788E-002
   34053.4892077324       5.694936870351934E-002  1.126916532616670E-002
   136833.822323129       5.752365665216649E-002  1.065771036726947E-002
   106256.623769177       5.717794420130600E-002  1.019166745593865E-002
   14620.3625919502       5.683264906915525E-002  9.726953581180172E-003
   140053.027694193       5.648760078203856E-002  9.261342549414587E-003
   10621.3521897956       5.614323969099596E-002  8.795328842404337E-003
   50807.0024974072       5.645969192142520E-002  8.340768669282241E-003
   68235.7195876457       5.677604893064372E-002  7.886972601935799E-003
   152748.758239346       5.709263270381946E-002  7.432148714124465E-003
   148139.177499805       5.740936312796015E-002  6.977101539268719E-003
   96493.1571764144       5.623167674762743E-002  6.622058475668957E-003
   151716.097696583       5.579667265183880E-002  6.965422318254948E-003
   226460.066253026       5.536257479462256E-002  7.308850401270130E-003
   21020.0554687645       5.492779403640844E-002  7.652811337543011E-003
   68420.3040621503       5.450852300374288E-002  7.335827766558168E-003
   16658.2016542236       5.408938007395066E-002  7.018844824390492E-003
   10851.2952282618       5.367022216701106E-002  6.702080994282113E-003
   3954.61575834114       5.275714950969848E-002  7.674107953546443E-003
   7853.53037878134       5.309974817250045E-002  8.072434733048462E-003
   76491.2933475899       5.344231956044777E-002  8.470626515546519E-003
   8106.98974673145       5.378460045177177E-002  8.868971485549569E-003
   35336.0788553580       5.346654545462116E-002  9.266593355801607E-003
   98081.6497442256       5.314827647060712E-002  9.664268603569542E-003
   258962.904017033       5.282972934405538E-002  1.006197334169236E-002
   88671.8617413168       5.813445580848652E-002  1.123200064893260E-002
   111352.029052608       5.859876847601040E-002  1.079908424270093E-002
   238591.257367032       5.906251456490989E-002  1.036602016975016E-002
   355501.920001640       5.952727458865675E-002  9.932467661590482E-003
   157548.008585092       5.999189025367067E-002  9.498449114338031E-003
   278911.573374600       6.041627083046461E-002  9.903661464942226E-003
   66420.1850330882       6.084043463182356E-002  1.030859769150217E-002
   23781.9352025901       6.126443642367348E-002  1.071316292138506E-002
   109884.555900582       6.168791556520768E-002  1.111776543351193E-002
   127388.627094439       6.251930912078194E-002  1.022994406328832E-002
   163556.015225893       6.208636362803435E-002  9.834050926361684E-003
   65279.1616026629       6.165352463275101E-002  9.438558567045261E-003
   118936.833918620       6.122090347125800E-002  9.043359410256580E-003
   42121.7010350207       6.078911788414615E-002  8.647863507165888E-003
   29521.1112191234       6.119631018674408E-002  8.260185698624812E-003
   158562.648053630       6.160352457133206E-002  7.871258668349109E-003
   215736.392247942       6.201089576956843E-002  7.483164672609580E-003
   150806.923408702       6.241820999248276E-002  7.093814054892153E-003
   2083.51321504238       6.102628589286346E-002  6.558892460419080E-003
   69395.1535202125       6.066452610124274E-002  6.989325688914792E-003
   192289.174881950       6.030152362241382E-002  7.419851681959975E-003
   25139.5270515734       5.993961632972182E-002  7.850802039943129E-003
   102549.670978178       5.948108078389671E-002  7.446389738140170E-003
   16991.3868287193       5.902368701131206E-002  7.042025195033617E-003
   24004.5024721816       5.856536139355676E-002  6.637893384353044E-003
   55337.3057622827       5.784282525717760E-002  7.408428191285267E-003
   58446.0865040949       5.827608804965321E-002  7.839710229403085E-003
   42845.7742931827       5.870930799620407E-002  8.269722170499632E-003
   11313.2264364755       5.914219377820604E-002  8.700853887851738E-003
   43600.6161756321       5.873841080583386E-002  9.190337436877367E-003
   86085.0341280334       5.833383440278140E-002  9.679528910125905E-003
   238262.645169626       5.792878451576653E-002  1.016782253232884E-002
   93173.1887977992       6.340650527592442E-002  1.106150114134653E-002
   34908.3246988831       6.380352834554741E-002  1.064828004237479E-002
   131241.270218577       6.420090885561702E-002  1.023490552014506E-002
   224273.187571772       6.459860216581767E-002  9.822304804036364E-003
   144222.465320279       6.499618631817249E-002  9.408148477355013E-003
   173753.545754401       6.539081615311565E-002  9.796164075624187E-003
   40046.6355953636       6.578420303713788E-002  1.018303465328353E-002
   101525.472908196       6.617836497106790E-002  1.057073157722161E-002
   116455.395649897       6.657236698511089E-002  1.095825905465422E-002
   64527.8101791218       6.751674155312176E-002  9.950141758386905E-003
   203715.047306882       6.710307740374927E-002  9.582314190547262E-003
   79540.0948283536       6.668924428847778E-002  9.215083038679066E-003
   42511.3177889130       6.627661399078519E-002  8.849024819725007E-003
   28006.4297438063       6.586344093550539E-002  8.481931621541103E-003
   58371.7007982830       6.625002894156472E-002  8.029633804744404E-003
   52316.2295455781       6.663583302111899E-002  7.577315645963259E-003
   108474.433599064       6.702290944549706E-002  7.124902153943519E-003
   87440.6776488552       6.741000438739277E-002  6.673102107425061E-003
   35003.0287315188       6.621956833581447E-002  6.371030947670337E-003
   93818.4795337123       6.579236562652381E-002  6.785685581721818E-003
   185389.906666491       6.536499688185154E-002  7.199519318591223E-003
   71901.2703175663       6.493784262792539E-002  7.614812649963353E-003
   94800.4361161178       6.454948467657266E-002  7.226439334826444E-003
   3282.95812049778       6.416021209308263E-002  6.839425756215984E-003
   28829.6868913400       6.377206514982585E-002  6.451541334074655E-003
   101263.232205831       6.283187269465430E-002  7.456252527327853E-003
   56861.4603995087       6.324530881822671E-002  7.817608080702016E-003
   34664.2905259645       6.365767530939419E-002  8.179743308322983E-003
   95609.9400297462       6.407074760726493E-002  8.540750228754213E-003
   7821.82753941454       6.368306794091591E-002  8.962734844798774E-003
   99699.6601535453       6.329598567846875E-002  9.384777373630618E-003
   255297.778138086       6.290759868456358E-002  9.807053307805047E-003
   45781.4565922417       6.852495127241180E-002  1.089525312329939E-002
   14015.7255218685       6.889324593764719E-002  1.049943905762970E-002
   20379.1171903703       6.926178645806483E-002  1.010268169389175E-002
   42511.4256384838       6.962945748427393E-002  9.706865040245444E-003
   53698.8264052794       6.999801486583879E-002  9.310698000012390E-003
   27806.0171440087       7.037539780963699E-002  9.682623630341156E-003
   13569.2737358470       7.075178354464817E-002  1.005447387933432E-002
   41521.4506460807       7.112910990838445E-002  1.042728564855016E-002
   45593.3326421836       7.150543860415562E-002  1.079901807098057E-002
   4014.97290326587       7.251299110472967E-002  9.723911927964304E-003
   54073.0704538433       7.211734180016134E-002  9.372486831823287E-003
   9219.80724405005       7.172056576463906E-002  9.020307572379371E-003
   9015.26964548215       7.132489740344812E-002  8.669111047594835E-003
   50515.5758302373       7.092925486430184E-002  8.316958714976693E-003
   31248.5596716616       7.129934959141969E-002  7.883926387881920E-003
   1825.25723661962       7.166951785175496E-002  7.449897488189664E-003
   3654.06381558457       7.204080486822845E-002  7.016813654856114E-003
   2618.15899150232       7.241101772786618E-002  6.583558494086862E-003
   14083.0536322717       7.116171559809152E-002  6.192668458865675E-003
   1847.93732044771       7.075336486701438E-002  6.590927546618814E-003
   28293.9462998298       7.034391105465046E-002  6.988270255713896E-003
   43242.2374969213       6.993546493948288E-002  7.385687641625856E-003
   52524.2124709689       6.948295429506851E-002  7.016190386700772E-003
   30798.1655477541       6.903031120943567E-002  6.647082847769888E-003
   15387.4353702595       6.857772859432158E-002  6.277129748702320E-003
   49877.0830773767       6.780857355898232E-002  7.099112587411471E-003
   4686.49766264148       6.820804263486918E-002  7.525941893025296E-003
   37356.6506981148       6.860633286626286E-002  7.952736435389017E-003
   115514.693625751       6.900452680900224E-002  8.379458198388553E-003
   19134.4359982082       6.863294759402827E-002  8.772198416424312E-003
   13476.4418898828       6.826130135018946E-002  9.164081327397896E-003
   52426.7907729314       6.788857574624738E-002  9.557091067163414E-003
   4848.63263076172       7.358822118223354E-002  1.073176396115257E-002
   7213.85828049887       7.393633818671635E-002  1.023728089372519E-002
   12486.1332887337       7.428548938174719E-002  9.741812589177549E-003
   26323.2176441034       7.463368584769378E-002  9.247383426152948E-003
   3229.06614595551       7.498283111943178E-002  8.752850216487574E-003
   30142.6704051958       7.541010318270967E-002  9.222301001981213E-003
   3190.03233024004       7.583840859151907E-002  9.691743982841523E-003
   6871.05279106889       7.626576573944900E-002  1.016224527386534E-002
   681.841595391355       7.669417026058262E-002  1.063167266986174E-002
   27230.0463146647       7.751623434333145E-002  9.754683800908617E-003
   17994.5009202031       7.702023528025234E-002  9.357490193381748E-003
   19902.5962638297       7.652325520945899E-002  8.961319564136556E-003
   363.461887404224       7.602724616198928E-002  8.564071257614825E-003
   25158.0818552258       7.553118706180834E-002  8.167848423747938E-003
   18911.3079179061       7.600023346921360E-002  7.731409604008327E-003
   22345.6558603497       7.646928492525161E-002  7.295967596637632E-003
   38328.5860363432       7.693930550830168E-002  6.859517047585450E-003
   26979.4338375334       7.740829935907803E-002  6.423076572985174E-003
   4220.25125016088       7.616015198717292E-002  6.129402713744543E-003
   19425.9422458318       7.575514553152406E-002  6.626806229352832E-003
   27525.1401310369       7.535111504238473E-002  7.123156784927644E-003
   2493.70343610260       7.494608456000551E-002  7.619494716109816E-003
   14172.3548819735       7.450961148918871E-002  7.150388532271611E-003
   1713.48909602269       7.407207933582444E-002  6.681445648282665E-003
   16886.7859937352       7.363555390394971E-002  6.211466910251588E-003
   4946.65294702081       7.290747251120251E-002  6.988618651542303E-003
   10957.6253127249       7.340494488186405E-002  7.393585746358219E-003
   5613.92171185593       7.390140687933054E-002  7.799579093133528E-003
   61551.8498979748       7.439783202791654E-002  8.204523935676925E-003
   19061.6809747764       7.392689013351240E-002  8.584809639851974E-003
   20878.4856129502       7.345593611756870E-002  8.964159291788286E-003
   19471.7342116462       7.298399923178223E-002  9.344563885268062E-003
   7060.03519186372       7.839329367271167E-002  1.057672687373235E-002
   1669.55618701623       7.879425890328130E-002  1.019847672041639E-002
   11299.1791784686       7.919417091836015E-002  9.820259121044736E-003
   23660.0461940359       7.959506502692487E-002  9.442035637610546E-003
   17029.3423291023       7.999494979334471E-002  9.063870821039714E-003
   29834.4735128865       8.049142614523958E-002  9.412977719191497E-003
   22283.8468617501       8.098688811574803E-002  9.762166210178846E-003
   4335.68501852926       8.148335306033437E-002  1.011137325795153E-002
   9430.99457962713       8.197986355011842E-002  1.046061941880628E-002
   12617.6054186308       8.252245773565556E-002  9.881771055545776E-003
   19669.6566790787       8.214208015555934E-002  9.408808271728930E-003
   910.738300132561       8.176167606911577E-002  8.935779798063532E-003
   10950.9268346622       8.138125020515923E-002  8.463752736750743E-003
   4930.01503873879       8.100073018005849E-002  7.990753390587484E-003
   5618.06403847107       8.135434786340286E-002  7.634054065212085E-003
   13336.4867485429       8.170789534207899E-002  7.276356391616797E-003
   25389.8242484313       8.206146386747536E-002  6.919681609857606E-003
   18788.1807331203       8.241501890172964E-002  6.563025193893950E-003
   1324.68446071814       8.092735642314457E-002  5.856930654048254E-003
   12947.0268106231       8.059441346286916E-002  6.232969617822715E-003
   21933.2086371520       8.026048457299644E-002  6.609019487563711E-003
   18766.0411804349       7.992756921993799E-002  6.985014325614412E-003
   29024.8347705016       7.949505603138858E-002  6.633826051393144E-003
   13433.8508852760       7.906353020075382E-002  6.282580618094801E-003
   11877.8098439670       7.863099920941602E-002  5.931326167845711E-003
   16973.7691408439       7.778662552476330E-002  6.832072348502576E-003
   10275.3346348347       7.816499518448607E-002  7.241077394345440E-003
   4809.96073581576       7.854335148571719E-002  7.649112011561236E-003
   1365.84050015850       7.892179806307985E-002  8.058127690251556E-003
   506.745121121689       7.857034590277870E-002  8.481788433746468E-003
   12291.7239185126       7.821897088144490E-002  8.906451497593433E-003
   24115.7338330399       7.786758135671801E-002  9.330088489696587E-003
   7712.07241027535       8.310131263570986E-002  1.042429174275343E-002
   1714.79706776281       8.357252572842307E-002  9.990714495298763E-003
   6624.03784222068       8.404366720080908E-002  9.557139143499128E-003
   14639.1367643802       8.451380356482120E-002  9.123639146138170E-003
   10493.3545722349       8.498493141643165E-002  8.689169258030588E-003
   9481.50523403836       8.541421708598787E-002  9.094505427307397E-003
   3904.81831724741       8.584347077470689E-002  9.498875979554343E-003
   7318.62619890438       8.627274851710477E-002  9.903254391002189E-003
   9766.07771834879       8.670205074275898E-002  1.030763787527315E-002
   7283.21990711727       8.751057274049333E-002  9.445011061568361E-003
   15905.2138437765       8.707937753412634E-002  9.042761345354628E-003
   5861.48948839359       8.664819419065693E-002  8.640464192356763E-003
   556.762279015736       8.621699432592958E-002  8.238151731811218E-003
   8703.19235119171       8.578477114275786E-002  7.835863985981479E-003
   3048.43089389717       8.619025548735099E-002  7.411460526385874E-003
   5189.99392790499       8.659472518757735E-002  6.988083825778023E-003
   12836.6414802055       8.699914151591713E-002  6.563724794687365E-003
   8712.33969175309       8.740356192246937E-002  6.139407092693271E-003
   891.526590520505       8.612201278145863E-002  5.741752389938687E-003
   7475.95044476822       8.572480418998182E-002  6.172893179637890E-003
   16176.2617224881       8.532861169132627E-002  6.603979278250631E-003
   14232.2220459803       8.493145373644866E-002  7.036061278429614E-003
   13792.4697689170       8.457315487494449E-002  6.628416131362308E-003
   1371.11836668956       8.421387082985177E-002  6.221770275651399E-003
   3450.13892676989       8.385555979324509E-002  5.815081161750284E-003
   21838.7793469671       8.284388857619183E-002  6.894331053157338E-003
   17069.0874731793       8.327276914517495E-002  7.225653879163598E-003
   6269.64808444861       8.370168787549108E-002  7.558011038360117E-003
   9408.34867898934       8.413160345248548E-002  7.889355218061448E-003
   10319.4096892733       8.372851406233801E-002  8.387740023303791E-003
   1698.15102783388       8.332644249332168E-002  8.885106725922775E-003
   8527.28473992891       8.292444146118910E-002  9.383461195834749E-003
   3184.03636248062       8.837320055433637E-002  1.025347586894108E-002
   1098.90358044358       8.877600131714268E-002  9.839179086707849E-003
   2685.62007838527       8.917880543900163E-002  9.425878388239380E-003
   4248.51152381884       8.958156830841735E-002  9.011589988735198E-003
   5410.10575453782       8.998437916474404E-002  8.598338171623688E-003
   1074.29496828878       9.035613335492067E-002  8.986512570776591E-003
   603.832038865785       9.072792438622418E-002  9.375688150152621E-003
   3048.64529205717       9.109968944946228E-002  9.763863531688399E-003
   2215.80584048223       9.147148876694604E-002  1.015304075505889E-002
   1283.93214420464       9.250047024847594E-002  9.055128337113815E-003
   4497.62441708872       9.208805992299199E-002  8.709310148611763E-003
   2471.95116465725       9.167665471245821E-002  8.363447420152085E-003
   902.862289809290       9.126424880509948E-002  8.017612611889775E-003
   4431.37216431259       9.085283816663979E-002  7.671742887335773E-003
   2278.49859009954       9.123580933855233E-002  7.139052844986948E-003
   2139.86637035978       9.161975514259646E-002  6.606316418098638E-003
   144.487192584736       9.200268655415003E-002  6.073609837668538E-003
   115.911822877256       9.238661422115796E-002  5.540892047530489E-003
   436.644947240256       9.144649564819450E-002  5.552373056474304E-003
   2991.51045313862       9.093974123651444E-002  5.969025358907754E-003
   3529.90678340722       9.043301664463378E-002  6.386659783278254E-003
   7308.95606022656       8.992625719839012E-002  6.803286012932926E-003
   6939.20133839228       8.950256452220332E-002  6.416790811329693E-003
   3287.00829108878       8.907984665615309E-002  6.029227070701419E-003
   2361.64588914797       8.865614723796175E-002  5.642683589783528E-003
   8773.15082195200       8.781760254572243E-002  6.537233389698765E-003
   2772.57207617422       8.823065061133512E-002  6.935111898910412E-003
   1903.72141723204       8.864468128223869E-002  7.331970417678613E-003
   11814.3404209369       8.905775843597979E-002  7.729870625093805E-003
   2910.22247879936       8.867144690498704E-002  8.158654346673224E-003
   224.486473831733       8.828414239046216E-002  8.587459543054055E-003
   4163.65616177500       8.789785209119673E-002  9.016224344438533E-003
   119.305512759743       9.359837709404120E-002  1.008409385937043E-002
   1419.66583780235       9.394604618221980E-002  9.728644274982589E-003
   1407.71226127105       9.429371012972133E-002  9.373192669196156E-003
   1075.66333262009       9.464134130283153E-002  9.016743228777140E-003
   1037.26433541169       9.498901023210780E-002  8.661301121903870E-003
   665.683862259827       9.554386722659948E-002  8.987507368083087E-003
   2155.00675875280       9.609976280058134E-002  9.314670808579253E-003
   689.122517763670       9.665462796663238E-002  9.640863647555472E-003
   63.8032858761061       9.720949430815308E-002  9.967048348266727E-003
   825.855958954313       9.752185484728758E-002  9.633750175315670E-003
   198.765490013847       9.716040315565745E-002  9.101187348650829E-003
   1264.72281640091       9.679895702423895E-002  8.568625044583361E-003
   410.541213255385       9.643648568231185E-002  8.035091163694455E-003
   960.366750672689       9.607504388248143E-002  7.502526185649644E-003
   1599.64171712659       9.640918462144360E-002  7.192552467095797E-003
   295.057014203719       9.674432305691197E-002  6.882543329496157E-003
   245.536408796922       9.707849691296090E-002  6.573567015928251E-003
   135.318986731549       9.741263818562242E-002  6.263589702566602E-003
   746.243309546660       9.577837157910132E-002  5.355011345839546E-003
   931.564808269060       9.549166165603844E-002  5.708477139281631E-003
   1998.59419483980       9.520398341626418E-002  6.062974959804361E-003
   519.803067143138       9.491627670417969E-002  6.416478589078352E-003
   131.724512652502       9.438541202336960E-002  6.089499194308262E-003
   899.145825685921       9.385452063644359E-002  5.761510554779225E-003
   698.987656769926       9.332366161847593E-002  5.434517568919621E-003
   56.5207954888025       9.274726094727817E-002  6.049490658671327E-003
   1316.22436048116       9.310791139409648E-002  6.558091333903793E-003
   815.257558947335       9.346956685955075E-002  7.066656581320195E-003
   2916.55368683549       9.383022113109696E-002  7.575255807171931E-003
   250.030613079134       9.349803286091260E-002  7.945218316576489E-003
   235.042226231359       9.316484236611877E-002  8.315209146073105E-003
   18.4273535386934       9.283265382281253E-002  8.685167364666936E-003
   86620.1734525572      -1.484949463910020E-003  1.749374911170308E-002
   319799.065190623      -1.112576841061259E-003  1.694349877069330E-002
   36206.9031707446      -7.392465154690093E-004  1.639291103706162E-002
   673439.299986244      -3.652149565053011E-004  1.584267523789624E-002
   456582.483084269       1.177093912861457E-005  1.529135837666974E-002
   670885.071547672       3.875882941975728E-004  1.583988820301688E-002
   220072.530250995       7.611877544905339E-004  1.638747719505976E-002
   69684.9313699843       1.133460950421173E-003  1.693524961600562E-002
   578863.466591612       1.503681562357243E-003  1.748432423786316E-002
   404801.725904974       2.525141153208953E-003  1.645649660433811E-002
   576747.728962234       1.970868160851057E-003  1.608938453878880E-002
   773306.140493475       1.416322601211019E-003  1.572270209092282E-002
   265832.816883292       8.607674909484023E-004  1.535787239066619E-002
   602367.497229831       3.071759708903582E-004  1.499366710699033E-002
   731752.609268445       8.589817585841510E-004  1.460505960465494E-002
   656402.672872175       1.411238185176291E-003  1.421683242738436E-002
   676480.641821667       1.962677680238588E-003  1.382650548673082E-002
   378920.271200828       2.513520714368996E-003  1.343554225352790E-002
   90376.1409177009       1.174543924524207E-003  1.304324932317134E-002
   57755.1703826607       7.876245012380595E-004  1.359487957394997E-002
   289716.901440852       4.004480764104766E-004  1.414622013837404E-002
   284575.849875782       1.068138393855370E-005  1.469826890189363E-002
   505050.176189668      -4.522602821910454E-004  1.414876411937951E-002
   8156.16701472598      -9.153732444710994E-004  1.359979904007077E-002
   42271.1510588123      -1.376428737271870E-003  1.305062133070749E-002
   484232.190174559      -2.498541223287610E-003  1.316419719509668E-002
   428921.055125133      -1.945722296553880E-003  1.362306698342788E-002
   436162.178798761      -1.392111865178222E-003  1.408086521042322E-002
   138548.757525263      -8.378773229537911E-004  1.453861247439313E-002
   621999.687198593      -2.847976420893691E-004  1.499540240006269E-002
   625141.247370622      -8.371635146175499E-004  1.536755637109020E-002
   841083.791824234      -1.390816858484685E-003  1.573912081124367E-002
   929529.799040291      -1.943803830434005E-003  1.611266218883979E-002
   871762.616407322      -2.495119642116771E-003  1.648735671753592E-002
   52474.1226872321       3.552081791459119E-003  1.747450409897774E-002
   150020.402224912       3.920899904618686E-003  1.710560389021793E-002
   615762.605062042       4.289725212831233E-003  1.673475786547530E-002
   998240.827967119       4.659128441551958E-003  1.636437549537568E-002
   521126.993763290       5.029113693015148E-003  1.599359014519364E-002
   1163079.73274319       5.496247389459225E-003  1.635850580310796E-002
   558594.079958571       5.962069937873235E-003  1.672271267022574E-002
   294486.508876800       6.429236210490840E-003  1.708573327533698E-002
   273152.575601914       6.893695932290351E-003  1.744698532576480E-002
   451375.714440975       7.544446494450774E-003  1.678098009639848E-002
   281829.306433069       7.167647918371676E-003  1.632637018741613E-002
   103399.062318809       6.791301801243085E-003  1.587168746363419E-002
   653256.972574597       6.417311187047029E-003  1.541826267753521E-002
   213621.127266201       6.046541643297669E-003  1.496204352689460E-002
   265976.676531154       6.415147432873422E-003  1.463045929973390E-002
   657609.844367159       6.783492452968206E-003  1.429779755741655E-002
   988772.133751590       7.153104174895586E-003  1.396454636251147E-002
   684246.398112060       7.522376670936685E-003  1.363135855109983E-002
   11476.0428254424       6.009623224267653E-003  1.283331392496443E-002
   310941.185875413       5.679809217700960E-003  1.320426506293253E-002
   685473.575467857       5.349410559872912E-003  1.357444797574517E-002
   117452.717511079       5.019398161036234E-003  1.394603792242324E-002
   428892.408816349       4.628028434595885E-003  1.357979543854474E-002
   53872.0608557007       4.238339953747662E-003  1.321337907582490E-002
   85216.7874591271       3.847594509578340E-003  1.284668138256721E-002
   151112.229763390       2.886008853387972E-003  1.382079072436265E-002
   112819.174743438       3.258772183858810E-003  1.420614869961943E-002
   197582.788123209       3.630494040458869E-003  1.458991157818013E-002
   207402.122082791       4.000892550247524E-003  1.497531892093328E-002
   172589.898770215       3.633520171084572E-003  1.534526222048048E-002
   525589.107968967       3.264621570202303E-003  1.571483139978263E-002
   933184.852224250       2.894102310645321E-003  1.608480187292076E-002
   117603.282414034       8.208622458811430E-003  1.743068287632273E-002
   330578.917848111       8.664687511710607E-003  1.694579019652683E-002
   456805.726761347       9.124806479557193E-003  1.646054559452284E-002
   1083865.29083844       9.586061153945256E-003  1.597555224747684E-002
   703523.381264259       1.004810726572942E-002  1.548719438319239E-002
   1040340.17621664       1.056539914398234E-002  1.596402655157651E-002
   122513.612584438       1.108326194699483E-002  1.643802404544537E-002
   322168.170378201       1.160009653281327E-002  1.691116758782529E-002
   259803.284733826       1.211226537160951E-002  1.738482298550813E-002
   364738.937867314       1.257986347762278E-002  1.690814411602080E-002
   728276.756692981       1.208547770959326E-002  1.640682232794704E-002
   215811.610149868       1.158904051468491E-002  1.590986041288678E-002
   589944.119002846       1.109494439662562E-002  1.541428781738393E-002
   185901.775277551       1.060555884885340E-002  1.491663047593553E-002
   699715.888313960       1.108734245916202E-002  1.454901802110682E-002
   893276.739930258       1.157011013167079E-002  1.418170799470683E-002
   1111351.47529343       1.205354199546218E-002  1.381205595932287E-002
   646155.805801058       1.253571213703749E-002  1.344264054546707E-002
   157615.735406220       1.111958028606023E-002  1.289716274660683E-002
   160597.902251036       1.075974280016575E-002  1.338482195037472E-002
   559740.397172094       1.039962522484610E-002  1.387158989549084E-002
   406761.610109968       1.003738636403035E-002  1.435950213211081E-002
   498372.508679690       9.697969817260123E-003  1.388039602467938E-002
   241075.387210692       9.360261076529361E-003  1.340192473666506E-002
   45081.1081117730       9.023386163841194E-003  1.292279065564404E-002
   573294.094135999       8.012401885520961E-003  1.395667954700616E-002
   720199.752261546       8.502592384823194E-003  1.428245056031884E-002
   185042.179329889       8.992323355506079E-003  1.460625510894327E-002
   30063.1297994275       9.480329002974063E-003  1.492942921342266E-002
   131907.119537436       8.999168786477368E-003  1.539106621727867E-002
   721088.063693724       8.514610667160034E-003  1.585142323378845E-002
   1393391.81860951       8.028156489586019E-003  1.631455315980127E-002
   4584.80436192272       1.305527325346243E-002  1.737575607805101E-002
   689372.335384616       1.356096405469447E-002  1.700238011012181E-002
   1087788.25450696       1.406738763756085E-002  1.662612454963121E-002
   1258556.44709011       1.457302638535865E-002  1.624868604971461E-002
   552565.055022271       1.507770821349231E-002  1.586860512004184E-002
   814617.644602986       1.545369214790068E-002  1.623334183149870E-002
   245638.053396309       1.582873759734691E-002  1.659667550247933E-002
   102544.072074374       1.620321575626376E-002  1.696015827332507E-002
   78455.3299534320       1.657746556683527E-002  1.732247391598537E-002
   445706.537623070       1.759096115623484E-002  1.627428062969965E-002
   708357.313198534       1.721164115755130E-002  1.591279922370799E-002
   354236.515010206       1.683151573129827E-002  1.555358829636621E-002
   154692.671694707       1.645288590296014E-002  1.519525065359916E-002
   55135.9714144257       1.607521268184670E-002  1.483644537865865E-002
   112238.481643633       1.644171504593925E-002  1.443949559732020E-002
   275644.769496303       1.680751941630325E-002  1.404199175848067E-002
   655594.949220412       1.717496572967540E-002  1.364403970525295E-002
   505048.057145521       1.754202312149775E-002  1.324567351690050E-002
   45732.9690979538       1.621213705099853E-002  1.270764087718951E-002
   381386.191667331       1.582360137135304E-002  1.308439408514586E-002
   714489.652905546       1.543462524501312E-002  1.346069331738065E-002
   183381.417860456       1.504619301548872E-002  1.383954534253791E-002
   340261.349498250       1.467515466992062E-002  1.347385707545856E-002
   17833.6251006761       1.430564537037254E-002  1.310944260501315E-002
   150641.299499294       1.393520438156351E-002  1.274471753290836E-002
   284053.976979516       1.291449955665712E-002  1.379884922732404E-002
   332803.423610138       1.329295602889800E-002  1.415684579223503E-002
   22121.4584654914       1.367052777743493E-002  1.451286635997554E-002
   92130.1808810554       1.404830273914487E-002  1.486988026693425E-002
   413887.710843052       1.368420054080356E-002  1.538034547475085E-002
   115546.063289776       1.331856305145110E-002  1.588949051090457E-002
   480668.704005469       1.294963647549724E-002  1.639811251280903E-002
   266384.249719625       1.863787709438342E-002  1.728742718202941E-002
   163831.274795769       1.899965519094442E-002  1.686196046302273E-002
   311994.921890055       1.936142814550322E-002  1.643618682951112E-002
   911728.481406260       1.972427910828251E-002  1.600880127690853E-002
   619508.331937374       2.008797616875494E-002  1.558132273389766E-002
   1100728.92977850       2.053834204655047E-002  1.599479086874994E-002
   431993.372873331       2.098733325871291E-002  1.640814789664680E-002
   134925.338221698       2.143689085309984E-002  1.681904897118688E-002
   160058.391001090       2.188450783908221E-002  1.723001753822513E-002
   540359.158112286       2.261459860535471E-002  1.647029796633772E-002
   663194.208249011       2.218092283150077E-002  1.603992871094016E-002
   308653.476198729       2.174767941219292E-002  1.561105740790394E-002
   287178.653067940       2.131438306202561E-002  1.518405472282404E-002
   101241.127251760       2.088498991316390E-002  1.475487707631285E-002
   227661.193788128       2.130088774179826E-002  1.435992621979807E-002
   448701.347219852       2.171870112374043E-002  1.396571517311759E-002
   780807.702176166       2.213566541644569E-002  1.356966782561216E-002
   513049.493829685       2.255280394246821E-002  1.317396029272427E-002
   93868.1623567819       2.120920256094883E-002  1.267304118336998E-002
   227309.794668225       2.082652409448044E-002  1.310043502332288E-002
   488055.887481882       2.044422656390817E-002  1.352922282625919E-002
   367009.508425620       2.006057628612205E-002  1.395787082039544E-002
   548121.494658365       1.965813931481875E-002  1.354295838946647E-002
   149824.469375754       1.925597318365864E-002  1.312815156923571E-002
   40481.2584732554       1.885439634042968E-002  1.271499704340502E-002
   498600.675699570       1.797309165497395E-002  1.363085835196723E-002
   345960.880467186       1.840367468715808E-002  1.401552052652046E-002
   16093.6677370686       1.883490430938578E-002  1.439923913820892E-002
   5050.80872287879       1.926383608964860E-002  1.478292892641454E-002
   140995.601278554       1.884745515500550E-002  1.515448774918837E-002
   643830.140233912       1.842809677198902E-002  1.552607957457358E-002
   1035689.08514184       1.800923356051021E-002  1.589869377439775E-002
   212034.003957401       2.337329827833854E-002  1.720081418365659E-002
   104034.795653671       2.380445756000555E-002  1.674761254896684E-002
   457802.743598742       2.423753280998365E-002  1.629554789542979E-002
   1023875.80859273       2.467031881953778E-002  1.584142334212876E-002
   564034.345809178       2.510421613629565E-002  1.538664441959823E-002
   984005.440125564       2.557963892979246E-002  1.582158172092422E-002
   287789.838378641       2.605378453689500E-002  1.625631834024366E-002
   35846.6541066225       2.652834918004610E-002  1.668868009387488E-002
   43139.1689406184       2.699980079297247E-002  1.712233147696320E-002
   397859.501114079       2.763857105035558E-002  1.645356754852029E-002
   636730.448579281       2.717800246018888E-002  1.600305032351473E-002
   273327.591878962       2.671842374038827E-002  1.555351844481944E-002
   334663.561998923       2.625875565106214E-002  1.510592239690551E-002
   174642.741534336       2.580317234395664E-002  1.465600448560908E-002
   296279.234244212       2.624159286375107E-002  1.425161579268628E-002
   488426.290064906       2.668174898982150E-002  1.384694224114015E-002
   732507.239125133       2.712097956887192E-002  1.344153676113509E-002
   478233.346433058       2.756117910469760E-002  1.303448512818373E-002
   25983.7617205941       2.623891200434651E-002  1.259470541598709E-002
   232031.808799873       2.585139473007899E-002  1.304810028028445E-002
   476818.239394762       2.546325100922344E-002  1.350277740650013E-002
   268394.419235594       2.507480212667152E-002  1.395729763977680E-002
   428523.360254259       2.467454592985795E-002  1.352011043365070E-002
   10678.5462998487       2.427591549584437E-002  1.308245546074369E-002
   67106.5316297670       2.387677208164814E-002  1.264630847544831E-002
   382175.427208543       2.300979151844141E-002  1.355218438951278E-002
   392727.167112099       2.346522609374876E-002  1.393142136787493E-002
   36425.2580016883       2.392170135599949E-002  1.430853608464017E-002
   51024.1537895477       2.437598964056394E-002  1.468668965667056E-002
   25462.8286074762       2.393841053474380E-002  1.513234082398809E-002
   481796.376177200       2.349728368805886E-002  1.557643343697926E-002
   840322.164718144       2.305637864155067E-002  1.602245395488723E-002
   49833.2599583824       2.830653995018257E-002  1.709309573334273E-002
   230983.872397428       2.876019357849990E-002  1.672321755467039E-002
   548707.711985981       2.921604045096146E-002  1.635169941223131E-002
   803367.357578739       2.967097122052359E-002  1.598002711471042E-002
   411933.784634980       3.012668628734388E-002  1.560730401318025E-002
   682613.578273357       3.056952075826750E-002  1.595802795349246E-002
   320440.513586155       3.101194884584342E-002  1.630844312520901E-002
   105062.564071668       3.145423019572315E-002  1.665893760783127E-002
   69283.0530473587       3.189436670489874E-002  1.700827911326687E-002
   352838.323653349       3.264773146329451E-002  1.621601807672444E-002
   421573.951873428       3.227304533732514E-002  1.579453118924658E-002
   144829.699665779       3.189780994835196E-002  1.537294893314465E-002
   201437.401607912       3.152414331280368E-002  1.495180102638084E-002
   7505.91753902798       3.115208829308472E-002  1.452994684523482E-002
   104479.276609161       3.150318142786680E-002  1.406136561771970E-002
   91340.7223661682       3.185473511038998E-002  1.359274407948994E-002
   316442.932664459       3.220790142735667E-002  1.312394992197402E-002
   268985.449578187       3.256033645039489E-002  1.265439301635230E-002
   119796.558802486       3.143633086268098E-002  1.238606937075625E-002
   297097.605174267       3.098304942193355E-002  1.275905084938078E-002
   437119.896970067       3.052957824557509E-002  1.313152106935299E-002
   186172.906806694       3.007645651882676E-002  1.350483815523298E-002
   289453.971429284       2.967094038957633E-002  1.315254893576248E-002
   98512.3040425845       2.926543192506925E-002  1.280096712393360E-002
   108668.088361123       2.886010372219470E-002  1.244889378366048E-002
   256404.303825337       2.793433254800431E-002  1.342205514841286E-002
   186562.223434476       2.830764542216284E-002  1.380871525501995E-002
   12665.3598136877       2.867974736557211E-002  1.419484181374264E-002
   150178.588364504       2.905140252769497E-002  1.458079555281159E-002
   225994.158744455       2.870034059837253E-002  1.504943560788370E-002
   76452.7424881682       2.834768312253797E-002  1.551655302711974E-002
   482953.232831567       2.799296815245900E-002  1.598494329606692E-002
   20918.0142705234       3.343936215705140E-002  1.696952850780231E-002
   126046.588043525       3.386142155965256E-002  1.658359322558626E-002
   399810.916965473       3.428546961498649E-002  1.619736155208491E-002
   649743.679098992       3.470982380232928E-002  1.581040318434617E-002
   336969.301983415       3.513415218899588E-002  1.542162840971329E-002
   564727.586620185       3.555177367034663E-002  1.578825068692925E-002
   193942.711972832       3.596886707490592E-002  1.615362669323950E-002
   21121.7600560424       3.638573620909746E-002  1.651826578709122E-002
   109027.654525664       3.680065023346829E-002  1.688289803728809E-002
   273849.789075198       3.765403967793635E-002  1.598265302729392E-002
   353745.850948509       3.726485844259206E-002  1.558815368629776E-002
   144701.063317672       3.687597594019435E-002  1.519334159339432E-002
   187276.690936508       3.648748456540317E-002  1.479904100573314E-002
   42302.1835385145       3.609945480300223E-002  1.440418458748406E-002
   49997.7731279275       3.646706663067667E-002  1.397649771432257E-002
   193377.869602756       3.683374101057524E-002  1.354846811776306E-002
   275491.242555618       3.720084121572692E-002  1.312027868649838E-002
   196346.040706893       3.756775143867772E-002  1.269027424354115E-002
   59485.6711478097       3.631346318185422E-002  1.227622850436503E-002
   150743.519213457       3.590375639807588E-002  1.266326223452119E-002
   344505.880898594       3.549364757729875E-002  1.305043455450330E-002
   78603.2415792737       3.508388991259487E-002  1.343944320465870E-002
   199759.282941605       3.461260229417838E-002  1.307350594547014E-002
   56060.9832373708       3.414125029466279E-002  1.270921595841281E-002
   16343.0055207418       3.367005147196564E-002  1.234546381062617E-002
   139167.471894933       3.295033774153745E-002  1.310511184467950E-002
   27259.9204368193       3.333988040574348E-002  1.355544598854005E-002
   119803.790850384       3.372906200294699E-002  1.400548582400978E-002
   105566.629582240       3.411869391602096E-002  1.445560215902445E-002
   61331.6227403672       3.375148598480553E-002  1.489564874875128E-002
   212332.388430743       3.338408899063004E-002  1.533546122551587E-002
   526720.440224406       3.301602503520464E-002  1.577569240084878E-002
   125255.480609345       3.855354815760177E-002  1.683559897378802E-002
   57312.1564144424       3.894767469054159E-002  1.639907134605352E-002
   331454.785486670       3.934344476007386E-002  1.596230484449226E-002
   590626.553032344       3.973967628771227E-002  1.552405494460825E-002
   293736.676613344       4.013596568804143E-002  1.508584748192874E-002
   548072.783534916       4.061797385371807E-002  1.549837198287575E-002
   81509.7868509019       4.109860885293228E-002  1.591175337803130E-002
   17705.8354208603       4.158021643525535E-002  1.632310919260368E-002
   19868.2907307483       4.205964826532626E-002  1.673460601050299E-002
   164053.179218401       4.267077504473690E-002  1.608577191590602E-002
   164703.080359942       4.222857372544928E-002  1.563221805984961E-002
   39208.3099162256       4.178672172287613E-002  1.517833582054368E-002
   342587.184763709       4.134433568190467E-002  1.472590360727233E-002
   192048.850035391       4.090489415482126E-002  1.427131707587496E-002
   86185.4328214008       4.131907871868798E-002  1.378827596568762E-002
   265402.998364152       4.173391824767993E-002  1.330577026271007E-002
   229986.278584946       4.214784273727072E-002  1.282218849793761E-002
   195732.328867607       4.256146400448274E-002  1.233806444459479E-002
   182721.934201041       4.146810017375695E-002  1.218076751852647E-002
   148818.069464212       4.100930529763207E-002  1.262143586514524E-002
   261560.783849075       4.055123350848798E-002  1.306286792540504E-002
   59205.1876173519       4.009240415599494E-002  1.350374488292875E-002
   9824.46719197154       3.966133019609446E-002  1.308898861328619E-002
   126031.675546542       3.923036163716612E-002  1.267350379106923E-002
   45738.4078606222       3.879956368223813E-002  1.225923025775934E-002
   8264.58331389262       3.800689752113533E-002  1.309781228699240E-002
   22373.4661112056       3.844563756211161E-002  1.350446586653298E-002
   100530.697277279       3.888540006286497E-002  1.391063740613784E-002
   52269.2471074714       3.932383252828986E-002  1.431678438494838E-002
   82271.6185074627       3.890766358047588E-002  1.473307150686608E-002
   319813.484126478       3.848939028394888E-002  1.514932024958323E-002
   561190.997282636       3.807163089687490E-002  1.556596357563884E-002
   62904.5700422633       4.331872516867417E-002  1.669650820804788E-002
   264009.545242618       4.377650332386477E-002  1.635354207447930E-002
   430683.907060137       4.423548722328789E-002  1.600911510374493E-002
   435199.118842230       4.469354253214610E-002  1.566537930430366E-002
   172558.347217013       4.515231479243492E-002  1.532108520618656E-002
   275327.013688722       4.558219414071704E-002  1.563731751516937E-002
   32520.1836107512       4.601148586022551E-002  1.595401467203809E-002
   12933.6501659402       4.644088120848053E-002  1.627120519922551E-002
   4679.33986995941       4.686981607762742E-002  1.658734367750187E-002
   80173.7493962953       4.766800708072096E-002  1.573795896593574E-002
   71914.8394993188       4.732462138404724E-002  1.532974697112348E-002
   8210.20876619250       4.698052205104550E-002  1.492173028257020E-002
   189123.123206979       4.663747456287493E-002  1.451393559846047E-002
   112812.851516848       4.629549548522699E-002  1.410541220985013E-002
   20735.6493540590       4.661285618139951E-002  1.366774532737293E-002
   115372.323556689       4.692973857384335E-002  1.322964465606990E-002
   111924.201102250       4.724781777741992E-002  1.279157179596457E-002
   130204.546196512       4.756488859120900E-002  1.235339394614900E-002
   153777.042333160       4.633532796588156E-002  1.193316512732604E-002
   134881.219374357       4.591741939056690E-002  1.227726306826995E-002
   210603.072947231       4.549935875298707E-002  1.262024461362318E-002
   69099.7136817478       4.508176080857509E-002  1.296377139550193E-002
   38177.4231915289       4.460090151666919E-002  1.264850589954060E-002
   149628.389788262       4.412117628863087E-002  1.233318461215160E-002
   26647.3111844449       4.364031648978500E-002  1.201722312000630E-002
   142340.065988124       4.290594476823948E-002  1.279808122380608E-002
   44217.0996775994       4.325092184495533E-002  1.325850548995120E-002
   107780.335874761       4.359496430781145E-002  1.371780121374375E-002
   44327.5411248074       4.393879119414410E-002  1.417829914185970E-002
   2657.73023232753       4.362267477285833E-002  1.465546726533131E-002
   84242.3365852533       4.330615178842589E-002  1.513163510588058E-002
   322044.285058240       4.298808927289434E-002  1.560886410288758E-002
   24005.7927514216       4.851679533741238E-002  1.653561963942400E-002
   34253.7727158294       4.892277252100206E-002  1.609618595351591E-002
   173840.910562452       4.932886413685945E-002  1.565659556460213E-002
   209349.967876237       4.973517435582024E-002  1.521592735991640E-002
   100429.838563635       5.014143108436789E-002  1.477585372080862E-002
   159121.896848215       5.060123887259777E-002  1.518821216527546E-002
   54179.7076195746       5.106082858755255E-002  1.560152868159431E-002
   20670.0404671535       5.152036245003859E-002  1.601346745658643E-002
   48976.3644758353       5.197915980020894E-002  1.642571040598874E-002
   112323.868441166       5.267274879370142E-002  1.568715331562315E-002
   8895.59782057866       5.223131204779659E-002  1.525522838796575E-002
   7944.89719012985       5.179014609706804E-002  1.482337827720374E-002
   165264.963175387       5.134804284399629E-002  1.439187632755893E-002
   59621.3845646402       5.090768840082204E-002  1.395996273993399E-002
   56214.0458497175       5.132287445552389E-002  1.355913419185771E-002
   173509.376131203       5.173900170119190E-002  1.315805893994369E-002
   165582.414208980       5.215427815398410E-002  1.275698973660863E-002
   151774.824257292       5.256939810937693E-002  1.235464543021245E-002
   87195.1109790176       5.121788021821098E-002  1.187644420913429E-002
   104853.623210901       5.084295923116525E-002  1.231523887560101E-002
   211358.482258146       5.046786911683841E-002  1.275504216173712E-002
   10561.1171042367       5.009292918675600E-002  1.319427014951067E-002
   68363.4137534088       4.965152159808301E-002  1.278120465411423E-002
   87148.2549046085       4.921032877046327E-002  1.236704931656754E-002
   14970.6117707149       4.876914555256837E-002  1.195412695208182E-002
   43706.2879094188       4.800536239959940E-002  1.276750953001987E-002
   8138.51874678739       4.844556262346342E-002  1.318176017475277E-002
   127423.274774047       4.888681422641628E-002  1.359570569693650E-002
   19017.4643481607       4.932659561946087E-002  1.400992968881067E-002
   120212.745857562       4.891239732576311E-002  1.444167009458626E-002
   165297.092169414       4.849699304133642E-002  1.487354193794110E-002
   280419.151098017       4.808239002416536E-002  1.530548684969922E-002
   83972.6195824718       5.341013986515078E-002  1.638012875541289E-002
   114312.350471161       5.384565907891301E-002  1.601614300577471E-002
   315003.144354495       5.428121567566981E-002  1.565166984019618E-002
   357546.662892500       5.471687804471884E-002  1.528690351859811E-002
   153656.690163266       5.515238526345161E-002  1.492171283851876E-002
   294718.212305355       5.556849789869442E-002  1.525914278304098E-002
   114587.721730829       5.598351731425685E-002  1.559617585650497E-002
   19593.6396217493       5.639941073018350E-002  1.593265841128032E-002
   192868.667739204       5.681468147682844E-002  1.626903583031705E-002
   170237.015389730       5.767009809683632E-002  1.535486247583680E-002
   130950.036122872       5.730507817749461E-002  1.496322043773474E-002
   20093.3073998444       5.694041908452765E-002  1.457190104637828E-002
   190372.104369589       5.657616120535625E-002  1.418179152085375E-002
   77389.2270171118       5.621259096544879E-002  1.379045491777764E-002
   223050.696091480       5.654897632868013E-002  1.330385198710628E-002
   43415.9313525447       5.688534037505085E-002  1.281694962067040E-002
   198079.138741111       5.722254708733386E-002  1.233114236597263E-002
   263378.531970412       5.756008765771058E-002  1.184365519691971E-002
   205912.050932569       5.648283810029104E-002  1.163357160583217E-002
   317227.837361665       5.601683877936295E-002  1.199844201909736E-002
   488692.167495077       5.554973583539975E-002  1.236376665065048E-002
   25493.2943191655       5.508343507036911E-002  1.273034812319815E-002
   91981.8235986848       5.468406331583387E-002  1.239233041618941E-002
   64865.2232841059       5.428504399654863E-002  1.205416224500335E-002
   96010.8090853122       5.388609455886583E-002  1.171623423314194E-002
   76849.2994396456       5.293289346161204E-002  1.273219245690086E-002
   30410.8369974101       5.329620173314042E-002  1.310859891858604E-002
   98598.1877059379       5.365950948644892E-002  1.348473480263348E-002
   4070.86874060974       5.402229332053108E-002  1.386112899314035E-002
   22637.6218002518       5.368547923938870E-002  1.431751296533075E-002
   62006.5339075239       5.334821152444191E-002  1.477382203135711E-002
   275485.505572683       5.301046743808516E-002  1.523014116219694E-002
   250880.144625793       5.858278111786578E-002  1.621014989247110E-002
   283494.604692007       5.897057146623981E-002  1.569298295879604E-002
   11141.6533662642       5.935924654228186E-002  1.517605936450470E-002
   329818.568443002       5.974818050474447E-002  1.465927243711299E-002
   264202.553234958       6.013877194552297E-002  1.414139186506028E-002
   383301.237562143       6.058338771022314E-002  1.463276712330636E-002
   9500.55535820388       6.102762264870183E-002  1.512280511263989E-002
   275505.368253288       6.147077802590046E-002  1.561277636781434E-002
   245189.021159721       6.191189093961537E-002  1.610315481222986E-002
   137543.481695169       6.268267334472458E-002  1.528146696724586E-002
   472972.199182456       6.216191770022794E-002  1.487259889557435E-002
   256738.161680199       6.164039666067138E-002  1.446441842926231E-002
   77677.7593268049       6.111901740946608E-002  1.405723796518517E-002
   42387.2951285407       6.059935530663343E-002  1.365005185304588E-002
   58085.9295761624       6.109298835915605E-002  1.322587661446512E-002
   283242.512977543       6.158726010207453E-002  1.280123901422407E-002
   360571.455002641       6.208144122059247E-002  1.237584290027448E-002
   209802.901266045       6.257514436683960E-002  1.194955794251231E-002
   134014.682280869       6.129438778131605E-002  1.163570249725577E-002
   20305.0583911150       6.089993249640954E-002  1.215325497471253E-002
   233538.760314545       6.050463385482491E-002  1.267073495289959E-002
   101783.371526499       6.010905199930153E-002  1.318913028187712E-002
   232066.767311330       5.961455349177668E-002  1.269896422467991E-002
   23407.3543058311       5.911992352125622E-002  1.221006554946469E-002
   86892.9895382515       5.862690926778875E-002  1.172140669111882E-002
   204604.563136925       5.808239019838525E-002  1.230412117269752E-002
   113167.718332635       5.860495942860606E-002  1.276252026133208E-002
   122811.469318687       5.912735343482337E-002  1.322116015221702E-002
   94560.6949719232       5.964839602195997E-002  1.368009933030467E-002
   151308.331982292       5.915438664075417E-002  1.409772373242382E-002
   412700.231325563       5.865918591811985E-002  1.451485851276355E-002
   600691.659885883       5.816414899241894E-002  1.493403866038340E-002
   146881.257401997       6.350424783756821E-002  1.605352830047913E-002
   69626.0259841304       6.391616304318189E-002  1.563055678086092E-002
   78612.7937603464       6.432974723176745E-002  1.520749839123925E-002
   173692.640068702       6.474359645642336E-002  1.478503856227431E-002
   159791.821012422       6.515711548351345E-002  1.436065942180204E-002
   107981.966323752       6.552368409405183E-002  1.475997088152852E-002
   48598.4053266646       6.588917865911123E-002  1.515795559542109E-002
   120174.462977480       6.625537308459055E-002  1.555690983993130E-002
   105719.454195534       6.662164687127445E-002  1.595556082372087E-002
   19625.0442536465       6.767470008782241E-002  1.483257908600612E-002
   212458.777538992       6.725233132848493E-002  1.449269336130108E-002
   80003.3128032465       6.682964251525832E-002  1.415350166903749E-002
   16567.3303925905       6.640819573903929E-002  1.381537840270587E-002
   128793.294384144       6.598593585831433E-002  1.347646646303656E-002
   69170.7835625179       6.638436515407158E-002  1.308312772310994E-002
   23993.7581487736       6.678221665515736E-002  1.269079400431310E-002
   53626.8379355648       6.718122495113103E-002  1.229727309554406E-002
   27345.2515940537       6.758003633460544E-002  1.190321789519915E-002
   49689.7768612875       6.620464386996174E-002  1.138050252564167E-002
   3421.55918287863       6.583684152476284E-002  1.180293723506902E-002
   92019.5705178194       6.546977652752309E-002  1.222446680420678E-002
   143466.253211506       6.510167297458413E-002  1.264731705896054E-002
   166203.651547052       6.467773994071353E-002  1.224975645202293E-002
   105529.176346389       6.425356974553610E-002  1.185418365123454E-002
   38046.1211120459       6.382970037853890E-002  1.145787207529503E-002
   196971.655188326       6.300036076796714E-002  1.234555399189550E-002
   52571.3539126048       6.342543982173633E-002  1.274108217538703E-002
   39418.4951710580       6.384910720677095E-002  1.313642632581698E-002
   290659.492827071       6.427347460882356E-002  1.353147131660445E-002
   136231.747969151       6.387617013548567E-002  1.396893302853915E-002
   22791.2834764080       6.347936533833419E-002  1.440644932460163E-002
   130199.838794036       6.308110848209429E-002  1.484420661105057E-002
   18174.6977456943       6.879816313596711E-002  1.588658687462958E-002
   17593.5882693008       6.913491916021856E-002  1.537970789299850E-002
   37312.1295696216       6.947197394997948E-002  1.487302031087369E-002
   34104.0210500531       6.980812969289989E-002  1.436736492149807E-002
   20225.9545072932       7.014519792393177E-002  1.386045681405150E-002
   33710.6484755096       7.050282593030348E-002  1.434530128684320E-002
   3876.59293915753       7.085949432831311E-002  1.482908760886163E-002
   19427.7101120967       7.121714741831223E-002  1.531388506493458E-002
   3238.40996103735       7.157486209924457E-002  1.579863126178280E-002
   26253.6733990971       7.267100882273865E-002  1.463006569857492E-002
   5674.90639370130       7.216436896957665E-002  1.430404914527009E-002
   12035.8524011318       7.165767228431810E-002  1.397811846630127E-002
   10114.5270329041       7.115204314326631E-002  1.365312904750680E-002
   85661.2194826578       7.064531033959238E-002  1.332727018435955E-002
   40429.2514490734       7.112927029076992E-002  1.294678490746919E-002
   14839.5067686582       7.161236020213671E-002  1.256725680006011E-002
   28869.9072336392       7.209642943874332E-002  1.218662209938698E-002
   29949.1728313195       7.258039287874374E-002  1.180676501591677E-002
   27757.6662912392       7.115759042054869E-002  1.130623620835176E-002
   40490.3888174874       7.080880364869675E-002  1.181353387203038E-002
   25622.7266204116       7.046088507771067E-002  1.231975529464276E-002
   35473.8390852800       7.011193610914113E-002  1.282702115293106E-002
   4552.53991991788       6.971481831177605E-002  1.234357533287263E-002
   4312.45741043736       6.931869432498283E-002  1.186148249876539E-002
   57823.0550958742       6.892175937783236E-002  1.137837970899733E-002
   78828.7269251448       6.808827413068191E-002  1.226804606722805E-002
   31108.9035182258       6.859662647158561E-002  1.263260205883312E-002
   18154.9369544764       6.910386791152399E-002  1.299606349683486E-002
   155399.728796552       6.961202276372276E-002  1.336028586478464E-002
   53662.4907493994       6.912754684061310E-002  1.372842080518129E-002
   26076.2528822244       6.864396303885367E-002  1.409570817919815E-002
   25663.8673875410       6.815939400170588E-002  1.446417718136457E-002
   1767.63195685401       7.383965959958373E-002  1.572615931856637E-002
   3503.95686966336       7.416893783417715E-002  1.532242459682251E-002
   7400.25859058899       7.449816083701424E-002  1.491864564618519E-002
   1215.61072416995       7.482639185752488E-002  1.451490608085872E-002
   2607.78047249839       7.515558791608640E-002  1.411110264798099E-002
   1793.70003446448       7.543908263904697E-002  1.449516282401359E-002
   3459.76443280664       7.572356837995298E-002  1.487920880408067E-002
   3223.21970990285       7.600706213682860E-002  1.526328519032269E-002
   5465.96857931308       7.629157167410867E-002  1.564731949997985E-002
   15917.6104419835       7.765932281666175E-002  1.418854078454057E-002
   12685.2367433462       7.725779915876180E-002  1.392933252134157E-002
   13736.4148589057       7.685630194807383E-002  1.367113090699534E-002
   16256.4414136868       7.645477265102263E-002  1.341192736317208E-002
   2500.24166019809       7.605329072868139E-002  1.315370398109254E-002
   4462.96579364788       7.643285204207827E-002  1.272924148453831E-002
   1155.43962858868       7.681230064115754E-002  1.230373539151993E-002
   15333.9572389714       7.719177057645596E-002  1.187924486579557E-002
   15309.0928944406       7.757116983964021E-002  1.145374555498291E-002
   6843.02885108216       7.629408573674425E-002  1.103781056001005E-002
   19898.4745145854       7.589503986452882E-002  1.144392211633675E-002
   17925.1796264686       7.549497836357821E-002  1.185002352612122E-002
   24640.3442916985       7.509593993392806E-002  1.225609594294133E-002
   25720.6040995973       7.471857322442751E-002  1.187500283436116E-002
   3518.45631267854       7.434214974049383E-002  1.149391191339687E-002
   11870.9402767749       7.396472664095245E-002  1.111282654454398E-002
   22372.6625138967       7.298481623930851E-002  1.215792907582958E-002
   26742.4570284439       7.338930982433213E-002  1.251006792197980E-002
   10300.5405349738       7.379375188418967E-002  1.286125399487488E-002
   20974.0926165935       7.419828572928756E-002  1.321340777847201E-002
   6667.40318226871       7.381646707031042E-002  1.356781632551345E-002
   12127.5595781239       7.343463235823243E-002  1.392123835030743E-002
   4607.08581209340       7.305280490395492E-002  1.427563452650113E-002
   2521.13041410590       7.911810604066426E-002  1.555615009533797E-002
   1509.54828445245       7.937731323911290E-002  1.515358567763165E-002
   7466.26739979723       7.963546164013834E-002  1.475101152007248E-002
   6222.51004582820       7.989460948472561E-002  1.434840882442668E-002
   4736.47928705539       8.015276089519116E-002  1.394585065655276E-002
   1448.76797724066       8.073319659455853E-002  1.432124587594668E-002
   13895.8721126723       8.131259275695181E-002  1.469672932434882E-002
   4181.09298111565       8.189298519568262E-002  1.507218594402905E-002
   5229.48174383418       8.247338996203289E-002  1.544765581444503E-002
   5102.73222899202       8.269487041401913E-002  1.521135707953280E-002
   11411.0697548603       8.228278344802112E-002  1.465640079484330E-002
   1207.10299449713       8.187068096685339E-002  1.410140481373092E-002
   5002.79015163873       8.145857640789053E-002  1.354742286550097E-002
   19236.7021849921       8.104646246323333E-002  1.299241977321067E-002
   8061.93061624036       8.142460732619224E-002  1.249486594758158E-002
   6883.64381548297       8.180270139736567E-002  1.199827113733630E-002
   7482.17655158303       8.218072622471630E-002  1.150068498354549E-002
   6083.65218723600       8.255873763526098E-002  1.100315429286344E-002
   5798.08454876015       8.150788460779729E-002  1.087023040403569E-002
   8251.94152951036       8.103595730027684E-002  1.127981617211166E-002
   11497.7240437881       8.056502911047297E-002  1.168931664342160E-002
   21041.4471817245       8.009310461874670E-002  1.209882285858264E-002
   21733.0558897250       7.966867582504114E-002  1.171832326387480E-002
   11747.7419702333       7.924324388083251E-002  1.133781754466856E-002
   1842.61893486915       7.881878672150570E-002  1.095726024768870E-002
   24229.3949358885       7.797822404995258E-002  1.185379918069588E-002
   10963.5965056277       7.838524255148240E-002  1.225290731846010E-002
   573.615002904719       7.879231760552675E-002  1.265303443008857E-002
   7724.89255476840       7.919940106202694E-002  1.305216221394287E-002
   981.218282867533       7.881436554158261E-002  1.333577400466466E-002
   1392.22967069635       7.842935399801364E-002  1.362036341677834E-002
   1890.83240549048       7.804430297867491E-002  1.390393368998546E-002
   4511.98828985475       8.293115316906742E-002  1.543280685299339E-002
   9047.91616491318       8.348530206685659E-002  1.499554725144868E-002
   5983.19555151572       8.403944437260630E-002  1.455930955210081E-002
   3910.42360315904       8.459256250532443E-002  1.412213338485578E-002
   1542.29462495566       8.514669465906904E-002  1.368495213203578E-002
   2866.36109107790       8.552807832378814E-002  1.409179866757186E-002
   1411.08854723771       8.590944897179607E-002  1.449866893769387E-002
   2206.01362023564       8.629079907984165E-002  1.490453317105556E-002
   2142.76979016803       8.667218517452971E-002  1.531139826018529E-002
   3071.46083238762       8.766632731520155E-002  1.425061181250424E-002
   5808.55438271828       8.723563109101304E-002  1.389639171962624E-002
   3124.94713909831       8.680594042840270E-002  1.354212710308868E-002
   5676.76003388728       8.637524440604691E-002  1.318789457189607E-002
   10023.0052389923       8.594456471214527E-002  1.283363943010406E-002
   2570.72663309990       8.634988217668067E-002  1.240424390505750E-002
   250.822892831818       8.675516039399966E-002  1.197483837898472E-002
   3312.71058121004       8.715942873695250E-002  1.154547840378277E-002
   1176.10812928091       8.756470872257795E-002  1.111612349716989E-002
   4241.25973973460       8.629984991619198E-002  1.073995174094421E-002
   277.580522293591       8.589762867603053E-002  1.117125598209699E-002
   3562.36706508107       8.549545257328296E-002  1.160354647913864E-002
   12062.3416118335       8.509328840716042E-002  1.203582646717077E-002
   15205.6483441502       8.459503712688581E-002  1.163274960759096E-002
   11887.3950062412       8.409780184322989E-002  1.122959553841739E-002
   199.265382655273       8.359958943965798E-002  1.082744905009390E-002
   14780.9474995873       8.299313784104263E-002  1.147434566128469E-002
   2408.54881205175       8.342653982888697E-002  1.194561975596362E-002
   2849.05462974308       8.386094120779483E-002  1.241586493751982E-002
   8741.03494900163       8.429540961086190E-002  1.288710001394552E-002
   6928.57962487783       8.389501475273672E-002  1.346840642346045E-002
   7652.48665509780       8.349459711354748E-002  1.404872555868467E-002
   8586.43605701464       8.309522883388862E-002  1.463002636438101E-002
   1301.70938809684       8.872711091901234E-002  1.524473099089600E-002
   209.907274497951       8.908328142996155E-002  1.487397885823709E-002
   1122.29363426406       8.943947478417161E-002  1.450422444952144E-002
   1733.47727349442       8.979563325984714E-002  1.413347440302842E-002
   2531.66937096710       9.015182982329725E-002  1.376373622395829E-002
   1690.18363453412       9.062218736905227E-002  1.410666989461427E-002
   1418.79252595587       9.109357481684940E-002  1.445057585607969E-002
   85.4398913488299       9.156393140023623E-002  1.479351766793323E-002
   1098.71988549924       9.203532234255640E-002  1.513742970627326E-002
   667.967784535674       9.267552230796718E-002  1.445432299912358E-002
   1257.67310451324       9.230180912104390E-002  1.400619768430897E-002
   251.392352999765       9.192912660281219E-002  1.355903494636382E-002
   755.741059941971       9.155540820285660E-002  1.311090546893084E-002
   2130.28096788942       9.118271898715773E-002  1.266374340699580E-002
   480.134455555920       9.152889897826341E-002  1.229332385929456E-002
   1183.47446472597       9.187607064035230E-002  1.192286985072887E-002
   1347.66067067706       9.222224059887146E-002  1.155245061247994E-002
   654.233552800531       9.256941544848381E-002  1.118200952313025E-002
   348.808076536723       9.112431522337890E-002  1.052350005322986E-002
   256.919264708764       9.077710750850215E-002  1.089295418325858E-002
   1180.13256333618       9.042993571945045E-002  1.126340601230518E-002
   3562.67612190389       9.008273633967245E-002  1.163285867823939E-002
   4174.58166548817       8.965536693073498E-002  1.128853040704932E-002
   4075.27948272853       8.922797194918683E-002  1.094318533349813E-002
   1320.75268439412       8.880060295293790E-002  1.059883593305031E-002
   4759.73513149768       8.793698444911736E-002  1.152027510007938E-002
   68.2918836414317       8.830825780769060E-002  1.192447557648086E-002
   1055.96718925880       8.868054174841304E-002  1.232864252305100E-002
   4808.02929187227       8.905182923897641E-002  1.273284636693109E-002
   1373.24287346845       8.870594967758665E-002  1.311227684521378E-002
   368.297505314003       8.835907063388955E-002  1.349173435226451E-002
   955.908042854334       8.801319570200822E-002  1.387115703529334E-002
   221.529918558177       9.335862919450259E-002  1.509451825244062E-002
   111.420673390208       9.380357626223348E-002  1.462284658068314E-002
   392.939696199020       9.424752024156340E-002  1.415120655539332E-002
   556.062032878934       9.469246283007708E-002  1.367953552362835E-002
   482.235237739313       9.513640780713169E-002  1.320790126723148E-002
   111.148938359218       9.556500238095335E-002  1.365124585147347E-002
   482.665881882744       9.599459867761245E-002  1.409455403973407E-002
   14.2726114432218       9.642319504990650E-002  1.453789411459690E-002
   41.8987040256953       9.685179143321848E-002  1.498123331733711E-002
   39.4048438131046       9.766702251819913E-002  1.411135103131312E-002
   128.536205907826       9.719684272380737E-002  1.371238220375157E-002
   274.730991691944       9.672666303602015E-002  1.331341423856660E-002
   110.217151910144       9.625645263449636E-002  1.291344614603749E-002
   727.882636838192       9.578627480637035E-002  1.251447834617388E-002
   1170.29396747533       9.622540801639097E-002  1.195596142885797E-002
   282.839506770097       9.666451203123522E-002  1.139644668108694E-002
   189.769992771352       9.710365230713323E-002  1.083793215445370E-002
   20.2022966856562       9.754279152020047E-002  1.027941126305634E-002
   539.547662859557       9.668058744476213E-002  1.044142639100004E-002
   118.309328234958       9.615167492403194E-002  1.091580508274806E-002
   885.627119970934       9.562176292146246E-002  1.139021949908758E-002
   338.911330129478       9.509285379003050E-002  1.186460711828227E-002
   112.630852244962       9.471923528476262E-002  1.141948057808721E-002
   9.39406667208789       9.434561739646354E-002  1.097435130780064E-002
   133.084874401119       9.397199880886202E-002  1.052922161808581E-002
   207.250331257574       9.303780543469629E-002  1.152601469999192E-002
   228.024967944863       9.350619685311003E-002  1.187001893229474E-002
   63.4722674932129       9.397458868037503E-002  1.221402431452385E-002
   1138.92523344398       9.444298091588121E-002  1.255803115084709E-002
   121.888510236535       9.400109771727894E-002  1.303160548767926E-002
   167.751919800118       9.355924879822961E-002  1.350617901269060E-002
   538.511149679557       9.311736908192617E-002  1.397975209576372E-002
   945609.713865170      -1.548684386951447E-003  2.248791677850287E-002
   1330519.75507088      -1.155739056585463E-003  2.214956709024157E-002
   1853843.22771214      -7.621393046482696E-004  2.181078736880648E-002
   2938744.06791230      -3.686929964990559E-004  2.146880713625009E-002
   1451725.34520763       2.707705384327318E-005  2.112902480001527E-002
   3005323.77626250       4.351910548956105E-004  2.146473682969099E-002
   1447558.46847274       8.408484255876508E-004  2.180180905335822E-002
   1594028.44925845       1.248066216233132E-003  2.213403903300934E-002
   189689.345249149       1.648550955012836E-003  2.246924660332428E-002
   2887094.27174830       2.549818242106847E-003  2.155025795766606E-002
   1200753.92238482       2.196891828903611E-003  2.115838934668501E-002
   875799.912739563       1.849342542642661E-003  2.076466903728864E-002
   537156.868850336       1.501585837928180E-003  2.037443058498894E-002
   576784.232414795       1.161026032799035E-003  1.998110434238295E-002
   387307.419698065       1.501296149405093E-003  1.961348565383561E-002
   844180.606652496       1.844018394994762E-003  1.924555298236131E-002
   1989077.58062367       2.186351994616799E-003  1.887620805320261E-002
   1564035.97875133       2.532298678842213E-003  1.850758031774195E-002
   385829.203733561       1.136054867941804E-003  1.782570336304715E-002
   1295007.96871632       7.645433053821362E-004  1.816441016140635E-002
   1723461.01310072       3.927677256427000E-004  1.850565837696557E-002
   872814.608180837       2.092620329944337E-005  1.884760581522927E-002
   1503129.50897718      -3.570810867373008E-004  1.850964697791772E-002
   890744.670576290      -7.324674868535305E-004  1.816952097239778E-002
   479956.613804604      -1.108886623662629E-003  1.783140519797111E-002
   1570254.73057900      -2.487028725456911E-003  1.850754840172309E-002
   756023.190111876      -2.143027877010201E-003  1.887873079559647E-002
   361253.902192911      -1.799572367175357E-003  1.924931181071645E-002
   156264.096133775      -1.455644339770353E-003  1.961857804529404E-002
   870496.801216806      -1.115825000985774E-003  1.999082836790156E-002
   122270.340928022      -1.453652867986383E-003  2.038025236444143E-002
   868641.227231584      -1.797829663639107E-003  2.076670012560109E-002
   1526194.68533164      -2.142064958211275E-003  2.115411761601106E-002
   2164202.54011231      -2.487944366640445E-003  2.154347162516971E-002
   885227.987659632       3.462650457632419E-003  2.245714055902108E-002
   1354659.65504493       3.858704453639617E-003  2.209122245756492E-002
   1365096.13898317       4.261768261548777E-003  2.172615029120170E-002
   2975069.10615707       4.663697802761834E-003  2.135838349417083E-002
   1590087.77813980       5.067624174704604E-003  2.098975181869484E-002
   2904062.52581764       5.479153690501066E-003  2.135069912622767E-002
   1301685.02775511       5.888542316263895E-003  2.171103847271102E-002
   1290757.11405899       6.297943129154819E-003  2.206882618523923E-002
   876717.370079951       6.700401975742861E-003  2.242762204893367E-002
   2844915.16181044       7.595012315115333E-003  2.150697614621836E-002
   1489288.28613630       7.213986497791041E-003  2.111647405391171E-002
   1101367.80415757       6.835564119877363E-003  2.072490073100483E-002
   334680.238393583       6.459120038209126E-003  2.033593601032089E-002
   247482.474146610       6.088615736194087E-003  1.994447437075861E-002
   101882.215703914       6.452001220806703E-003  1.948342088052669E-002
   422269.396095737       6.818447649867766E-003  1.902403498454098E-002
   1739381.76820009       7.187932237611380E-003  1.856248513400015E-002
   1354544.47770754       7.558276638078587E-003  1.809941306609111E-002
   433619.908389851       6.436117041665963E-003  1.781393845712739E-002
   1416169.44751860       5.973422272297181E-003  1.818191031168318E-002
   1792006.63437927       5.511345336986752E-003  1.855127836195682E-002
   1065780.37323602       5.048731902965310E-003  1.892310856795907E-002
   1422063.67760968       4.672192335002059E-003  1.856000481341135E-002
   529027.520278065       4.296752284600395E-003  1.819814989719960E-002
   478341.184688260       3.922034727738135E-003  1.783690407869988E-002
   1400972.70023774       2.908211115160592E-003  1.887262535098808E-002
   1157852.91960574       3.282896793167618E-003  1.923780743594161E-002
   339064.033807379       3.656284841634400E-003  1.960081268920039E-002
   297762.752860257       4.027367539549406E-003  1.996374840341410E-002
   409453.742362972       3.664270430072175E-003  2.036068832309626E-002
   1035929.83273318       3.295102830753847E-003  2.075520689847623E-002
   1427578.91115712       2.923870564317300E-003  2.115331236462707E-002
   49577.1212033781       8.510542081697057E-003  2.240808724559666E-002
   1726290.18016294       8.905245359461919E-003  2.209648479589113E-002
   1540466.92327932       9.306344867078100E-003  2.178679348240553E-002
   2554521.25879594       9.706909311972841E-003  2.147393045459781E-002
   1408433.57903883       1.010862347894768E-002  2.115940209099901E-002
   2520196.97615578       1.052794937509275E-002  2.146354045735857E-002
   1448025.71791712       1.094577741822509E-002  2.176660349716645E-002
   1699837.63921742       1.136429943320236E-002  2.206627819671569E-002
   764699.635930177       1.177867441396978E-002  2.236775275530823E-002
   2742025.19509010       1.263019943281901E-002  2.148692898536585E-002
   844434.041748842       1.230588177959894E-002  2.108531927152162E-002
   568124.906676337       1.198621262585352E-002  2.068348478664258E-002
   495275.110790198       1.166735202688688E-002  2.028352031188871E-002
   123020.075505538       1.135200840412940E-002  1.988137397526278E-002
   571199.891067693       1.165722683946675E-002  1.937403583349713E-002
   312471.657508429       1.196405614392182E-002  1.886783939699781E-002
   979019.302156502       1.227381681759120E-002  1.836191755575846E-002
   1301508.66064455       1.258774565205438E-002  1.785436064078262E-002
   1288307.49511801       1.160508863159978E-002  1.769392234530265E-002
   1960497.76570466       1.109523993232290E-002  1.800524093122772E-002
   1927822.41444309       1.058644387202817E-002  1.831966505027421E-002
   1063733.82523375       1.007891567892057E-002  1.863739698940399E-002
   1669310.29976945       9.610063205401998E-003  1.833237636568024E-002
   1152041.99806191       9.142104829035363E-003  1.802994591888264E-002
   982143.795242939       8.672935991015660E-003  1.773022979360644E-002
   754588.992923468       7.881284312231623E-003  1.855300365386895E-002
   161749.373202393       8.201081538305576E-003  1.900668632392909E-002
   478434.902148557       8.519148916022446E-003  1.945859922746114E-002
   130724.135536135       8.835544910959127E-003  1.991252140491201E-002
   307923.507026948       8.529219751078437E-003  2.031181620268806E-002
   730848.603777550       8.219894453855478E-003  2.070960027818978E-002
   1055845.01988476       7.909753248487863E-003  2.110934805440463E-002
   647375.708513757       1.350429666154088E-002  2.234323404475844E-002
   821632.373422041       1.390944737904426E-002  2.194231532889589E-002
   953204.615018037       1.431974445307828E-002  2.154237207301261E-002
   2445044.09709692       1.473078542775216E-002  2.114051222366044E-002
   1341353.36323376       1.514334195660966E-002  2.073681299370978E-002
   2331546.23169406       1.552114228409989E-002  2.112978310173756E-002
   731810.985358976       1.589787097472549E-002  2.152158815696262E-002
   769512.746718781       1.627344632342270E-002  2.191151641004522E-002
   1208331.46643149       1.664475610563597E-002  2.230267212295231E-002
   2381901.62637571       1.766895134877716E-002  2.123710952110938E-002
   1071851.63168812       1.725565797559594E-002  2.088268061136518E-002
   912416.337165365       1.684440195019762E-002  2.052843406543185E-002
   405306.597789424       1.643472148223189E-002  2.017570482981322E-002
   279466.669096720       1.603034829687543E-002  1.982207304263499E-002
   328973.742914106       1.642703463169830E-002  1.945331973219653E-002
   993422.165765180       1.682519542377026E-002  1.908358717672099E-002
   1627206.95115553       1.722503130030328E-002  1.871225127492085E-002
   1115114.15586619       1.762412192698233E-002  1.833826625176534E-002
   188255.074081677       1.621553273521303E-002  1.772486017032441E-002
   461642.610956691       1.585181656658567E-002  1.812765710093682E-002
   1157890.13247013       1.548661665161851E-002  1.853025367508452E-002
   724802.269338374       1.512102310052952E-002  1.893503782974538E-002
   1527022.47998757       1.460396130354797E-002  1.854157641186778E-002
   907510.314237033       1.408583461425891E-002  1.815123927196875E-002
   569000.963775858       1.356765129086238E-002  1.776315704980413E-002
   943728.426382588       1.300284744791476E-002  1.835490333150969E-002
   217135.247483625       1.341694117240918E-002  1.885185300347147E-002
   499133.214909834       1.382734204407923E-002  1.934808724950054E-002
   38061.9859112833       1.423391277233675E-002  1.984597076179480E-002
   84441.1582790638       1.383825994716882E-002  2.025533603403327E-002
   1241366.87874536       1.343736269533640E-002  2.066331625183995E-002
   1646386.41201379       1.303450385281173E-002  2.107409836285994E-002
   641436.940073785       1.872820872646360E-002  2.226755434790962E-002
   623027.089327185       1.908618737912837E-002  2.186930103286286E-002
   626450.479390329       1.944831850000852E-002  2.147417753993842E-002
   1824131.54852733       1.981190998957240E-002  2.107581296193657E-002
   1173115.20787338       2.017576587148284E-002  2.067672888949761E-002
   2150840.06535447       2.064590069047397E-002  2.106122823180227E-002
   1016600.72407984       2.111478517109068E-002  2.144463331511254E-002
   938142.820117564       2.158476473687988E-002  2.182349956024228E-002
   1041761.51844735       2.204873875450815E-002  2.220421484339696E-002
   2199102.47215904       2.271227122218205E-002  2.150838443914290E-002
   854456.528147712       2.229956707091154E-002  2.106476356943509E-002
   412769.930890951       2.189069263838472E-002  2.062126386267378E-002
   660583.060789571       2.148282937255549E-002  2.018021087669349E-002
   114558.217098463       2.108113063951189E-002  1.973576196967872E-002
   17270.3517952736       2.146831459046473E-002  1.929319715091610E-002
   492441.535845029       2.185906251911118E-002  1.885189355124366E-002
   1547647.45446507       2.225005184125051E-002  1.840821511670487E-002
   1182752.15442155       2.264321930086172E-002  1.796279034181128E-002
   16051.4050351782       2.145230017210971E-002  1.762946813607729E-002
   884778.777030587       2.101630887582514E-002  1.802727635764384E-002
   1325404.64669126       2.058064203873949E-002  1.842781971336631E-002
   875242.831159461       2.014410427586715E-002  1.882960399248565E-002
   1160788.89893908       1.976599481489619E-002  1.844277746570865E-002
   393054.751039162       1.938852256836195E-002  1.805682482965645E-002
   133606.270863451       1.901203639166360E-002  1.767317697217894E-002
   1054885.60629313       1.803020396326462E-002  1.869791931039472E-002
   721951.705882703       1.843403146433243E-002  1.905591398877270E-002
   30054.1962134212       1.883815747369514E-002  1.941221828854874E-002
   128190.217758758       1.923903761469068E-002  1.976833783384176E-002
   45430.8991916139       1.885065574157487E-002  2.013438988364805E-002
   978961.518260206       1.845764456279547E-002  2.050092575447536E-002
   1157375.16714626       1.806513779083856E-002  2.086879086382405E-002
   644310.536811531       2.340345696308960E-002  2.217640541248909E-002
   711398.552747205       2.385117437981685E-002  2.175856263366409E-002
   882250.474709380       2.430536443598795E-002  2.134172526130465E-002
   1996051.86129528       2.475884411909693E-002  2.092276418163461E-002
   1079418.65358423       2.521327525419914E-002  2.050000249972934E-002
   1562497.61213228       2.559617712672324E-002  2.090440979479676E-002
   412880.675428841       2.597828001502721E-002  2.130707163776683E-002
   406255.874575281       2.635881528148565E-002  2.170908902346446E-002
   713400.211394951       2.673545087613066E-002  2.211288436464780E-002
   1757526.48691669       2.773989235031264E-002  2.106035667363012E-002
   1124707.35221403       2.731239620062349E-002  2.070333252249544E-002
   1012691.15853627       2.688647840721442E-002  2.034626978074465E-002
   92636.7930500498       2.646170400773865E-002  1.999028674264510E-002
   37760.9216968078       2.603943572136995E-002  1.963437409530103E-002
   37178.2170545921       2.644346112834871E-002  1.916636792330897E-002
   245096.221572030       2.684968455912095E-002  1.870036148607380E-002
   1111552.37990318       2.725823592449936E-002  1.823228382998685E-002
   793543.752072874       2.766750074643314E-002  1.776307826227426E-002
   13386.4370512701       2.654695089847255E-002  1.754249930810757E-002
   738173.204870467       2.608996542167588E-002  1.796248696822328E-002
   1025158.73521171       2.563354147323990E-002  1.838332323594732E-002
   904797.666398171       2.517621892963205E-002  1.880702462338018E-002
   1218753.02087231       2.472367417899718E-002  1.840298012418958E-002
   553980.597448334       2.427219924738314E-002  1.800228848703020E-002
   338172.547211595       2.382064593553375E-002  1.760220494968603E-002
   1054082.02281488       2.307242922681441E-002  1.839203940671953E-002
   663916.691331182       2.350057413933640E-002  1.881964893672194E-002
   16735.4131284583       2.392660743906725E-002  1.924466739119278E-002
   222640.189776258       2.435110481051192E-002  1.967090316212784E-002
   482622.972642651       2.394635430429137E-002  2.013066795157063E-002
   574760.675009211       2.353757430026164E-002  2.058774747756904E-002
   1049887.26494057       2.312595773735078E-002  2.104761394895353E-002
   215607.669280845       2.878881489616704E-002  2.206948389615044E-002
   753776.760572268       2.914890075353040E-002  2.170433492763129E-002
   699592.296661152       2.951265688244446E-002  2.133965164047779E-002
   1562088.98105493       2.987734439058345E-002  2.097405339852805E-002
   908577.980875393       3.024209211330876E-002  2.060682122735126E-002
   1644038.48433742       3.066315503043150E-002  2.095614132994004E-002
   783841.351339803       3.108207957438173E-002  2.130423012242679E-002
   807936.676905588       3.150221702467498E-002  2.165114904992379E-002
   449008.359527326       3.191820633561220E-002  2.199802810690814E-002
   1510694.98890997       3.276644340049047E-002  2.110381128337133E-002
   673592.275241573       3.239244243857592E-002  2.070783874738293E-002
   460171.198265342       3.201963384726549E-002  2.031072092007464E-002
   318773.851342107       3.164852473866335E-002  1.991585025153056E-002
   95253.0444732402       3.127980627721859E-002  1.951836706560117E-002
   37194.6838268746       3.163024732323914E-002  1.907986820337240E-002
   315425.662842908       3.198104204918758E-002  1.864150064476545E-002
   922264.380510463       3.233355527333413E-002  1.820233369349103E-002
   696683.640129347       3.268577687891974E-002  1.776302812006619E-002
   85381.2200997550       3.147176043802968E-002  1.737522237021755E-002
   569698.802416679       3.104618377930894E-002  1.774306501957248E-002
   802336.763162377       3.062019146985312E-002  1.811088734758474E-002
   593285.140491087       3.019416795591461E-002  1.848072638671490E-002
   978884.106167187       2.972132444896995E-002  1.813116547959520E-002
   663147.414599342       2.924906102413515E-002  1.778439316751433E-002
   407551.482349471       2.877598219819987E-002  1.743824212338566E-002
   617012.878147089       2.804157893946892E-002  1.821456123439614E-002
   169870.907929217       2.841523975503110E-002  1.866578617577654E-002
   228913.463949591       2.878651036850794E-002  1.911551685765198E-002
   105601.621659546       2.915716130472103E-002  1.956659994662957E-002
   98530.0829908408       2.880526257526881E-002  1.993983275379724E-002
   663434.513752416       2.845152499170026E-002  2.031319536781999E-002
   804428.849523961       2.809644494882128E-002  2.068714862363296E-002
   113800.336486391       3.365772914092309E-002  2.195524727576132E-002
   821353.036478870       3.405660093071753E-002  2.161118981819743E-002
   773901.997178312       3.445946782288395E-002  2.126795161252840E-002
   1402781.05512974       3.486111138873414E-002  2.092294879237542E-002
   763501.134432189       3.526441628773204E-002  2.057644351240805E-002
   1463643.40714893       3.571200470706922E-002  2.090116296878848E-002
   836388.657480872       3.615996829024085E-002  2.122448452932751E-002
   923533.251179232       3.660739547825436E-002  2.154563918619638E-002
   414525.248549306       3.705215432432391E-002  2.186724990522679E-002
   1384085.07338318       3.778943249544157E-002  2.108422379273462E-002
   366304.401728163       3.743665908052361E-002  2.066117258081791E-002
   165976.021777238       3.708640074462599E-002  2.023780529249794E-002
   446902.282891727       3.673700179285896E-002  1.981422389046694E-002
   31603.4066828860       3.638958164312089E-002  1.939008910580648E-002
   27754.0874879426       3.671676222620694E-002  1.897727420025750E-002
   328334.071773561       3.704385088959492E-002  1.856435378982452E-002
   872259.428333419       3.737158090717291E-002  1.815079725879780E-002
   730827.454138124       3.770016029434577E-002  1.773754952173047E-002
   170386.510315000       3.640418546239408E-002  1.722753647085226E-002
   601553.575045064       3.600506957811875E-002  1.757208681402080E-002
   845483.586620966       3.560562778756535E-002  1.791746527041360E-002
   506195.726225174       3.520629010143081E-002  1.826488804791403E-002
   849512.298556546       3.476365610934281E-002  1.793911016895002E-002
   513739.888386215       3.432113006877509E-002  1.761521592279758E-002
   394994.373480490       3.387873429516865E-002  1.729251755462698E-002
   501947.772013443       3.303601225398497E-002  1.818436522005603E-002
   219687.989804456       3.338497161606758E-002  1.860623330818779E-002
   153412.557194659       3.373319293383743E-002  1.902748567115195E-002
   24103.3400705209       3.408102318029658E-002  1.944909332987277E-002
   188074.857725240       3.375435242333770E-002  1.986344954560794E-002
   427313.115617245       3.342615397700788E-002  2.027588350991541E-002
   633342.532288937       3.309743316643702E-002  2.069045025616887E-002
   373366.718190204       3.856927694462035E-002  2.182383344897858E-002
   409419.753866211       3.899300889557805E-002  2.139862873879429E-002
   540400.809609673       3.942009416532152E-002  2.097321246912236E-002
   1279031.62818575       3.984861585767301E-002  2.054707435844910E-002
   699953.124799384       4.027639339852935E-002  2.011933427214950E-002
   1139829.87544737       4.070536838953508E-002  2.052215949130336E-002
   344031.231236109       4.113238838847826E-002  2.092447419066761E-002
   319486.738695419       4.156015456321049E-002  2.132634919624592E-002
   480030.527436709       4.198429362797328E-002  2.172819290674879E-002
   1088423.20837810       4.280885036062808E-002  2.085164084904997E-002
   633949.873955521       4.237702822243728E-002  2.045325104825059E-002
   493019.167133687       4.194518548961432E-002  2.005432948905525E-002
   173945.782536700       4.151479174783821E-002  1.965763363367294E-002
   90219.3241958512       4.108720829583033E-002  1.925879158415827E-002
   62666.2815224287       4.149013661118217E-002  1.878057094290332E-002
   290300.165413871       4.189485799271200E-002  1.830377736485964E-002
   770494.751466178       4.230143141901221E-002  1.782532382930657E-002
   571950.053914448       4.270726344409432E-002  1.734632216307770E-002
   166724.180092705       4.160395107168794E-002  1.716187870189954E-002
   557574.856766633       4.114543869406712E-002  1.759010829860489E-002
   755491.391136487       4.068757092720875E-002  1.801832677107687E-002
   521066.712575124       4.022891091478559E-002  1.844780519264499E-002
   677808.125200783       3.980847264342106E-002  1.804409883102494E-002
   173979.698457769       3.938853898312215E-002  1.764143819923902E-002
   106312.867732382       3.896924444276109E-002  1.723857696098174E-002
   652043.373491643       3.813054147319807E-002  1.813021733693719E-002
   496936.432637432       3.856127867354576E-002  1.852325984221424E-002
   43467.2139880541       3.899070490235538E-002  1.891509059173598E-002
   29346.8292776130       3.941857226074673E-002  1.930696940537619E-002
   145290.530118356       3.901446580643150E-002  1.975062775636507E-002
   536585.746214361       3.860740105833245E-002  2.019454340939660E-002
   820429.572450113       3.819845711689600E-002  2.063884005772186E-002
   120327.867674018       4.368333974120274E-002  2.167896987215720E-002
   549702.479604937       4.408542346359783E-002  2.132855385475932E-002
   518570.547334874       4.449067353325886E-002  2.097770851404874E-002
   891831.530210002       4.489484144880177E-002  2.062667729679973E-002
   487640.773005991       4.530012764198967E-002  2.027388401305098E-002
   810246.025913110       4.571548001326944E-002  2.060185016156903E-002
   379546.485949665       4.613004463885623E-002  2.092914353071608E-002
   433017.768574903       4.654491159476658E-002  2.125634150080230E-002
   147201.973698878       4.695748097984977E-002  2.158294377085939E-002
   624597.522097284       4.781826016101227E-002  2.066516253712869E-002
   204567.328688777       4.746385311234143E-002  2.027504648854008E-002
   139195.225031743       4.710955912883525E-002  1.988367227148877E-002
   236097.414974653       4.675647956749172E-002  1.949281522671176E-002
   80735.3811613225       4.640424036692997E-002  1.910087641111373E-002
   46329.8023042769       4.673275402500989E-002  1.867236034957593E-002
   177666.570227441       4.706070576976825E-002  1.824384843666937E-002
   349087.927869356       4.738997274997882E-002  1.781506236047161E-002
   292207.562364067       4.771832761437163E-002  1.738568862141905E-002
   126000.146421320       4.646102586534273E-002  1.693904758402944E-002
   262301.262943494       4.605176564568629E-002  1.729190564092235E-002
   361507.424087438       4.564226919899268E-002  1.764405574451651E-002
   265852.209820592       4.523279618138625E-002  1.799758085838149E-002
   458738.066308809       4.475357859397155E-002  1.767058561452069E-002
   304284.533172862       4.427504987532667E-002  1.734564501017897E-002
   302386.550226865       4.379547591644879E-002  1.702071822715041E-002
   194199.825096692       4.306382278035484E-002  1.780174516641809E-002
   43105.0926973988       4.342015850322497E-002  1.825795449511567E-002
   154294.966663810       4.377478181480021E-002  1.871290961697055E-002
   177215.571403388       4.412976104628236E-002  1.916895349503235E-002
   125689.555526049       4.380076507302633E-002  1.959007780265944E-002
   258050.590222823       4.347131488059229E-002  2.000982002712632E-002
   402974.158190401       4.314040737525947E-002  2.043132056445664E-002
   95442.7954346261       4.873465524991882E-002  2.152703114208535E-002
   251619.260452303       4.912508516285799E-002  2.114848452837971E-002
   271562.313312295       4.951777345210029E-002  2.076927342598426E-002
   534866.093529051       4.991055567326121E-002  2.039042349840416E-002
   281624.083159403       5.030354942530322E-002  2.001116937590558E-002
   568790.974234134       5.078664124651393E-002  2.036263236755317E-002
   297510.520362937       5.126957318201347E-002  2.071393299399757E-002
   321994.474983487       5.175386183697391E-002  2.106515557829368E-002
   153350.816429447       5.223627658437619E-002  2.141526800282275E-002
   431593.635434346       5.283399981936347E-002  2.077490589666926E-002
   59920.4768816989       5.244985932950190E-002  2.031839766669723E-002
   21620.5107633216       5.206565339808397E-002  1.986090657604955E-002
   264249.539466699       5.168301332912435E-002  1.940448717529363E-002
   40367.0992399861       5.130182336948079E-002  1.894714437584020E-002
   14603.3409658069       5.165501907076277E-002  1.849032354943621E-002
   117301.549554597       5.200838347285971E-002  1.803339245103290E-002
   220824.128670224       5.236309370809297E-002  1.757635499363127E-002
   240599.492641995       5.271692420023813E-002  1.711894620694259E-002
   163716.380263324       5.154442880999396E-002  1.680602286669566E-002
   237716.031706027       5.110942184840538E-002  1.718747159595987E-002
   325159.640100478       5.067428148416638E-002  1.756812807030285E-002
   111786.982735935       5.023940224725602E-002  1.794930545249811E-002
   213372.534367177       4.980840680803136E-002  1.759579568355214E-002
   52865.2020841144       4.937751147711644E-002  1.724259225020557E-002
   87913.3879854247       4.894663067338663E-002  1.688882334166813E-002
   102923.054626705       4.809941852437407E-002  1.779242000980706E-002
   75340.0028052605       4.848093242342771E-002  1.819921822445937E-002
   74656.2403073095       4.886131133842431E-002  1.860569692312763E-002
   18304.7171273320       4.924118363548550E-002  1.901229804570836E-002
   7811.29823485456       4.888670142099364E-002  1.942561427896579E-002
   245204.837745403       4.853128484329593E-002  1.983873740570525E-002
   342660.054057672       4.817464000317809E-002  2.025241814866274E-002
   190469.703913014       5.347338595318349E-002  2.137327295037784E-002
   28139.4305024833       5.392755467174037E-002  2.088610880510952E-002
   118232.201178657       5.438415995504256E-002  2.039839088948983E-002
   313009.868870169       5.484025716980903E-002  1.991130306953538E-002
   163881.794076312       5.529612348984438E-002  1.942214156029096E-002
   259704.390480403       5.571755236386730E-002  1.988177460295322E-002
   47302.3739748882       5.613892443240995E-002  2.033918106476458E-002
   33663.4995075947       5.655998769776764E-002  2.079709160955478E-002
   750222.718178738       5.697947844039777E-002  2.125479763565806E-002
   589626.638326471       5.783290579460946E-002  2.033935797168647E-002
   77802.0979814037       5.734470439372369E-002  1.995306454238511E-002
   41149.2745334128       5.685598462570666E-002  1.956689927998809E-002
   251729.561028740       5.636856061509092E-002  1.918143719032535E-002
   190358.322978572       5.588144862657620E-002  1.879594278374523E-002
   87512.6283243253       5.634294895604128E-002  1.837889180326142E-002
   323626.976686497       5.680416492397645E-002  1.796229813872068E-002
   403612.012861228       5.726668779877395E-002  1.754404477931552E-002
   277006.478438918       5.772769381929618E-002  1.712458485594006E-002
   98358.0557076781       5.642601816293507E-002  1.675345610598736E-002
   40450.7048699085       5.603652604343563E-002  1.723878209316021E-002
   435895.915938615       5.564708764325078E-002  1.772318810009383E-002
   52187.5081114494       5.525684385575955E-002  1.821015177568064E-002
   175431.449162615       5.479435790276325E-002  1.775177327866320E-002
   114516.348979312       5.433219568335503E-002  1.729493854192769E-002
   161826.129787543       5.387050962128725E-002  1.683734456547872E-002
   161269.659246824       5.320514293639123E-002  1.754921977647265E-002
   80140.0022142523       5.369446703128522E-002  1.797867237214418E-002
   175879.653438996       5.418271708593323E-002  1.840740896068167E-002
   103862.234914606       5.467091834216233E-002  1.883624917574367E-002
   8431.96010604380       5.421203473064765E-002  1.932021670794367E-002
   198000.710151197       5.375315183176840E-002  1.980406206791168E-002
   319130.834362139       5.329301156093412E-002  2.028953691252372E-002
   471098.890211049       5.874601592427839E-002  2.119513773940185E-002
   124454.833270993       5.913358251999925E-002  2.070741721158204E-002
   110616.946157658       5.952275752747267E-002  2.022049069364989E-002
   32883.5446072971       5.991258433028925E-002  1.973347552280902E-002
   127944.448028299       6.030221166778218E-002  1.924513328349799E-002
   26578.9766941344       6.073685808671521E-002  1.970724125148094E-002
   95349.1880583790       6.117066170267527E-002  2.016835270522413E-002
   85293.7793542271       6.160505788252447E-002  2.062930767836810E-002
   679656.632671563       6.203725850928205E-002  2.109097087153439E-002
   451833.885795529       6.283730261790341E-002  2.023835837539753E-002
   37517.1255048011       6.234725954923757E-002  1.983639189090649E-002
   5144.56245766440       6.185739950002988E-002  1.943362078531131E-002
   105540.580698624       6.136774885400333E-002  1.903241092561717E-002
   444928.533596012       6.087849589995548E-002  1.863056391254116E-002
   227180.115380015       6.134107086507333E-002  1.819220820196598E-002
   79868.9762095659       6.180490099308254E-002  1.775373772453352E-002
   240288.443644062       6.226913491011769E-002  1.731460003079816E-002
   132862.280329231       6.273302157971314E-002  1.687523706248580E-002
   199835.849585472       6.150179201351543E-002  1.659030666873056E-002
   22859.8869209300       6.108969288447472E-002  1.707731969684285E-002
   275431.320475413       6.067688886436886E-002  1.756466018616889E-002
   228407.409479479       6.026422885495360E-002  1.805339150177512E-002
   227549.944609286       5.984295706358839E-002  1.759135054993239E-002
   20573.8912323560       5.942265079112831E-002  1.713088103497279E-002
   217978.704492239       5.900212571798834E-002  1.667071435027181E-002
   279392.696302567       5.821828731262745E-002  1.751205613042944E-002
   82551.3476732190       5.870900850348353E-002  1.789849236249237E-002
   180759.130600132       5.919925253869492E-002  1.828316295531333E-002
   535483.328988108       5.968825972130495E-002  1.866856917372817E-002
   48918.7155501665       5.922482131704594E-002  1.908523974031199E-002
   83127.1456073596       5.876099102879632E-002  1.950262563996688E-002
   140908.054425390       5.829704098560198E-002  1.992082506522907E-002
   404624.674896211       6.368810716261049E-002  2.104032347284568E-002
   84165.8710355361       6.409144051781443E-002  2.056109548966265E-002
   83261.1289119906       6.449697509499974E-002  2.008137352750516E-002
   59863.2798798341       6.490185984333043E-002  1.960238149439165E-002
   142288.408100154       6.530752909944634E-002  1.912134584351538E-002
   97558.7096450742       6.581609237097097E-002  1.957517858040432E-002
   73841.9254250706       6.632487797244871E-002  2.002744408295213E-002
   30625.5067290193       6.683365915312194E-002  2.048045495871093E-002
   73459.5181295035       6.734201313579587E-002  2.093251558901341E-002
   119853.407353287       6.784953189010492E-002  2.039240861675290E-002
   65377.7463754942       6.736587637814653E-002  1.991329703509849E-002
   11134.0303639985       6.688129547594100E-002  1.943447521760875E-002
   26235.7763251106       6.639799742228453E-002  1.895564540559789E-002
   170491.093422320       6.591405834683668E-002  1.847671174563486E-002
   11993.1848228029       6.637191786434672E-002  1.811009753180845E-002
   46292.6943728445       6.682919543436738E-002  1.774435118577671E-002
   60086.7216030943       6.728739362051711E-002  1.737721581026979E-002
   3050.17374434357       6.774426735285327E-002  1.700952783839306E-002
   119289.493800178       6.628356750143927E-002  1.643363742762540E-002
   99727.4920605089       6.594540964859714E-002  1.691271843958009E-002
   53048.6742996343       6.560788512426681E-002  1.739071116821360E-002
   174944.650602424       6.526898872896049E-002  1.786971690285518E-002
   164383.052432216       6.482734384364298E-002  1.741398082127863E-002
   121315.384601939       6.438536156708079E-002  1.696073333103520E-002
   120113.892885178       6.394394690349664E-002  1.650667024233431E-002
   299835.312128274       6.321527475088608E-002  1.728524711156647E-002
   94424.3933250723       6.369879336045087E-002  1.769525539487935E-002
   19199.2402474535       6.418081566152543E-002  1.810497575732894E-002
   405739.320497814       6.466323227011013E-002  1.851437683882988E-002
   183271.306659263       6.420695913769336E-002  1.894540834948611E-002
   21698.4642793333       6.375096389914901E-002  1.937560447270140E-002
   27890.8243349820       6.329378268844253E-002  1.980738386012343E-002
   27432.9774363481       6.838944505371353E-002  2.090017590748090E-002
   67123.3119698093       6.887062585150130E-002  2.047346466963710E-002
   79029.1929392467       6.935208758476542E-002  2.004668331594691E-002
   139898.038153207       6.983345936465264E-002  1.961959964070134E-002
   60937.2946550037       7.031473320663835E-002  1.919228530767960E-002
   106434.175843732       7.070497721114095E-002  1.959203380874921E-002
   33735.6302746041       7.109512865353569E-002  1.999175727057803E-002
   34877.7910920279       7.148529346835206E-002  2.039134473757939E-002
   26614.7406615994       7.187529165321320E-002  2.079098764181799E-002
   72895.3370736207       7.283502904110442E-002  1.976756715743103E-002
   29954.9989482449       7.241094910384087E-002  1.940407262881538E-002
   23578.6672314883       7.198698075527570E-002  1.904055254414898E-002
   34225.7632074265       7.156304732896306E-002  1.867711485738269E-002
   23921.6807737402       7.113938022932971E-002  1.831354049378863E-002
   14115.7555495386       7.154040397156607E-002  1.795872366150146E-002
   34232.1991559850       7.194144367178690E-002  1.760483812404769E-002
   45181.8037402327       7.234245012305174E-002  1.724990501507312E-002
   24209.8395112891       7.274345057477252E-002  1.689493325744088E-002
   18301.4235894671       7.124620214852842E-002  1.622124415716884E-002
   6255.19299046430       7.091746379178458E-002  1.664382461832494E-002
   13414.3412173571       7.058966992278892E-002  1.706636624006328E-002
   1298.11340639802       7.026086795562883E-002  1.748899142749752E-002
   11568.2129904399       6.989496841878216E-002  1.708828624251205E-002
   21328.6218647070       6.952999961084995E-002  1.668768936191747E-002
   2049.80033526574       6.916407956032146E-002  1.628712127373752E-002
   26272.9163156688       6.816729572196932E-002  1.734930734626064E-002
   8249.26412000640       6.859034269770806E-002  1.768902361167840E-002
   12105.7828678472       6.901330444832349E-002  1.802774917087999E-002
   32478.6408750123       6.943632571432003E-002  1.836739431129011E-002
   64563.6994650611       6.904009690872435E-002  1.887376237805490E-002
   5276.25117971686       6.864346982363533E-002  1.937993370342182E-002
   31605.9918150846       6.824661095477889E-002  1.988611444349608E-002
   22731.1928843409       7.385825826249752E-002  2.072745063562908E-002
   6255.05435252043       7.422025217301333E-002  2.025273793069595E-002
   10856.6166514910       7.458245748850183E-002  1.977909573366279E-002
   57418.3437530525       7.494469299448425E-002  1.930440205750141E-002
   38499.0337434228       7.530701259615651E-002  1.883060142496058E-002
   61894.8197029124       7.573185575008619E-002  1.927915114503282E-002
   10087.1284790865       7.615667982730422E-002  1.972866690004859E-002
   10712.4526214038       7.658046599547025E-002  2.017713980720044E-002
   18707.1380921542       7.700518308889659E-002  2.062661458980171E-002
   37711.4970066720       7.783797593534356E-002  1.973823373885409E-002
   20343.8900817609       7.736186601537774E-002  1.934342298356885E-002
   17366.9793233802       7.688682461742613E-002  1.894959694761086E-002
   22530.5778229510       7.641077052403011E-002  1.855486003368696E-002
   26234.3933797770       7.593590337734631E-002  1.815999981029334E-002
   37423.8991439198       7.638902885877896E-002  1.787432365367454E-002
   36622.8118378501       7.684312668653070E-002  1.758759311175834E-002
   36804.2228803077       7.729624219962153E-002  1.730186679304139E-002
   19987.4180067505       7.775031784856710E-002  1.701509706560560E-002
   4821.50423593026       7.603460037771705E-002  1.611880824828460E-002
   694.318016228274       7.577856075220371E-002  1.658925169510627E-002
   9045.25284457460       7.552152440823719E-002  1.706072706133442E-002
   11363.8742923672       7.526541286852885E-002  1.753118202291594E-002
   18604.7674141285       7.490867258996119E-002  1.708039882791424E-002
   2093.74551329807       7.455293067718838E-002  1.662864163134041E-002
   1704.76278822758       7.419625486634415E-002  1.617793383834720E-002
   22416.6632731650       7.321728260908543E-002  1.722188128066594E-002
   23507.2225426308       7.369007926807340E-002  1.754887472426644E-002
   7012.63828779157       7.416384440297477E-002  1.787477444212569E-002
   3025.15988522154       7.463658819220942E-002  1.820167593054349E-002
   13013.2781818725       7.418681328611479E-002  1.859306420225273E-002
   48751.8663476085       7.373589718420789E-002  1.898449583518527E-002
   53823.0416577656       7.328597717609037E-002  1.937599794452395E-002
   10163.3278612015       7.872627265354436E-002  2.057111824814955E-002
   9743.36889039601       7.912233889521444E-002  2.013219210895568E-002
   11794.7898483366       7.951749612297650E-002  1.969332405927603E-002
   33667.8563839667       7.991366432581876E-002  1.925437960797705E-002
   17067.4373588552       8.030984293794663E-002  1.881538703642686E-002
   35035.4332579052       8.081147095636032E-002  1.922536452625550E-002
   12980.5957387454       8.131309608036090E-002  1.963531629528669E-002
   12259.7445532569       8.181473591320298E-002  2.004520036798036E-002
   13483.7734487519       8.231631166518488E-002  2.045508258015447E-002
   24290.5702946872       8.284625138462424E-002  1.988956468349914E-002
   7735.84127874059       8.240454699531523E-002  1.941567557712724E-002
   1915.17209557924       8.196288319730285E-002  1.894181027716048E-002
   16956.9621910783       8.152125830280069E-002  1.846795395495576E-002
   7240.31591093737       8.107974256861084E-002  1.799403084169837E-002
   470.820724151844       8.148720107588577E-002  1.741256906672215E-002
   6485.98938021940       8.189469401402279E-002  1.683210067496315E-002
   13219.4777020677       8.230217750785521E-002  1.625063052040282E-002
   13546.1556649710       8.270967446478832E-002  1.566912091900620E-002
   16392.2414580624       8.191941249074654E-002  1.589179676741256E-002
   14649.4403654465       8.136541861175148E-002  1.633592574310691E-002
   15163.9050199665       8.081243297495033E-002  1.678002577806296E-002
   378.435670057089       8.025846976896406E-002  1.722417921833689E-002
   589.759278901389       7.997384971227101E-002  1.680715588395656E-002
   5229.49063735833       7.968823757221380E-002  1.639018164069746E-002
   6296.23020385967       7.940362247043657E-002  1.597318755467670E-002
   4021.59176329396       7.818494216975128E-002  1.727315193615717E-002
   11604.7797688041       7.861947282583218E-002  1.753028071212103E-002
   7113.41070971245       7.905404812311824E-002  1.778837423638781E-002
   2915.49146248688       7.948859004246850E-002  1.804544420037778E-002
   4545.22230173012       7.907602322615571E-002  1.846887995355402E-002
   14484.5607908279       7.866337474950584E-002  1.889229975294925E-002
   19766.3826681403       7.825067610972121E-002  1.931475953765424E-002
   8414.69898648777       8.341172157297565E-002  2.041955251672547E-002
   7193.74190417021       8.388664993629424E-002  2.000801875205400E-002
   9394.51632346459       8.436160812219040E-002  1.959549293442860E-002
   15360.9863959644       8.483660089976966E-002  1.918393776320285E-002
   7157.11270360501       8.531158132067851E-002  1.877234813791601E-002
   10125.7915243025       8.574621547310200E-002  1.915445562394305E-002
   2126.03149068714       8.618083362272451E-002  1.953657950607800E-002
   3308.48424832679       8.661549231408232E-002  1.991968766511901E-002
   355.694615245255       8.704911526890419E-002  2.030182691016485E-002
   1609.90256936980       8.783532323526426E-002  1.946288534712257E-002
   840.607533207810       8.742587531290406E-002  1.905495477080356E-002
   538.177477599389       8.701540453461630E-002  1.864605351018503E-002
   6345.68418259657       8.660593393627285E-002  1.823712345099321E-002
   4946.90815470241       8.619649739589823E-002  1.782816635484429E-002
   3245.85074702378       8.658037603963419E-002  1.744751733378822E-002
   2584.31466788829       8.696424438717050E-002  1.706686424295427E-002
   1666.84717536575       8.734910799593457E-002  1.668617936509807E-002
   710.376090024846       8.773297142574543E-002  1.630553099657408E-002
   287.983263479473       8.631721710116731E-002  1.571912850840998E-002
   693.310527478066       8.596228095025778E-002  1.612785412967641E-002
   1530.13238589215       8.560731215858336E-002  1.653557552497361E-002
   1667.63143002210       8.525234421484437E-002  1.694329333065916E-002
   255.895637667535       8.467181258874878E-002  1.656589034212470E-002
   486.582266275970       8.409226363441881E-002  1.618848492289414E-002
   2399.90567135262       8.351167256238641E-002  1.581013914977919E-002
   6229.22889026174       8.312390889922516E-002  1.622394934299094E-002
   4362.73064605512       8.353911908694667E-002  1.677874547907122E-002
   3977.81541968821       8.395327838363201E-002  1.733258676841960E-002
   7027.96761967375       8.436746534404936E-002  1.788743429998274E-002
   2930.54450420194       8.398745261578285E-002  1.838794951608470E-002
   4334.07533459633       8.360740730823318E-002  1.888845768384944E-002
   10774.6116885156       8.322633969002950E-002  1.938901216551831E-002
   666.222900513691       8.867426079367181E-002  2.024909209805159E-002
   537.961129736615       8.907759279653964E-002  1.969772598576469E-002
   388.022115047503       8.948193010210054E-002  1.914633101259475E-002
   641.756720398536       8.988630590285568E-002  1.859593816648614E-002
   402.377863118536       9.029065563053591E-002  1.804454602458826E-002
   1328.27189543599       9.071288039503594E-002  1.856913762803137E-002
   207.934096826024       9.113607380092710E-002  1.909269716299283E-002
   339.112074467116       9.155830280234854E-002  1.961728613084863E-002
   407.803876378094       9.198053372954841E-002  2.014187347702883E-002
   588.345622868392       9.283057169170231E-002  1.923483645121640E-002
   687.215805042421       9.227972562596881E-002  1.884749290984797E-002
   676.900839276116       9.172888087542157E-002  1.846014798725618E-002
   1542.75914914817       9.117900452138036E-002  1.807176935381354E-002
   1799.07676882910       9.062816545571302E-002  1.768441781730587E-002
   853.769137727534       9.115100564916688E-002  1.720820677851053E-002
   384.022968450531       9.167280257765748E-002  1.673102811194481E-002
   693.355248772407       9.219563147166586E-002  1.625482218096130E-002
   116.464375298823       9.271843333277829E-002  1.577762619164701E-002
   1079.53707079097       9.159300292601856E-002  1.569006667073609E-002
   640.192458890237       9.115168883393247E-002  1.624267400819215E-002
   664.078824407511       9.070934863406467E-002  1.679431447193435E-002
   1597.70291153633       9.026803965883953E-002  1.734691306286578E-002
   369.393973302733       8.988280736708973E-002  1.682111749818265E-002
   284.251827002164       8.949760090766022E-002  1.629631996214216E-002
   2644.80915385630       8.911235400323074E-002  1.577052726158732E-002
   3533.92587423940       8.828261856483667E-002  1.665588605970435E-002
   2194.68279860272       8.883225645798910E-002  1.700625464465666E-002
   2016.69094552559       8.938089332329621E-002  1.735665933687970E-002
   427.880604182314       8.993053079753982E-002  1.770703774957855E-002
   1978.37286167986       8.940648356331399E-002  1.814625035830928E-002
   2406.22683660067       8.888343658568361E-002  1.858543509471561E-002
   2263.51807392875       8.835939422011223E-002  1.902465778757068E-002
   111.787133358956       9.373760979204229E-002  2.008487246203117E-002
   255.790609731544       9.412813031777097E-002  1.963197136493790E-002
   385.661066038243       9.451868188126757E-002  1.918006960152280E-002
   593.602061624310       9.491020038004888E-002  1.872713694837273E-002
   377.852779531755       9.530072036167607E-002  1.827423903399188E-002
   305.694636866915       9.581671966967666E-002  1.869773499656566E-002
   85.6103464803703       9.633371931767898E-002  1.912119730863899E-002
   24.2345647419657       9.684968685556909E-002  1.954369288254175E-002
   7.33315700012924       9.736668634039496E-002  1.996715543075582E-002
   4.92588600749335       9.784054405188243E-002  1.946152823850093E-002
   16.4036125075968       9.738446915797594E-002  1.897305644996208E-002
   58.0070626593824       9.692942607777376E-002  1.848555177789840E-002
   206.968743788967       9.647335140893760E-002  1.799707981122374E-002
   269.973235719437       9.601730798395980E-002  1.750960826260999E-002
   288.235260068187       9.644365637174208E-002  1.708156442364949E-002
   26.6342924644089       9.686997314552673E-002  1.665252113299631E-002
   34.3472369789369       9.729532352475642E-002  1.622450967376061E-002
   14.0566628301499       9.772167327593002E-002  1.579646503488407E-002
   18.0870892181825       9.645227092714223E-002  1.543442053358940E-002
   107.652095901010       9.605271784363828E-002  1.588660868200436E-002
   345.657293942355       9.565219744635464E-002  1.633982915550871E-002
   18.4026945520895       9.525267700067656E-002  1.679301842688156E-002
   24.9470599197698       9.477965553209639E-002  1.636812953123194E-002
   198.718019882877       9.430563600334958E-002  1.594327078838877E-002
   32.9902011925227       9.383264856971786E-002  1.551937836250669E-002
   213.852480695302       9.317311151828188E-002  1.622312439293992E-002
   361.161596072622       9.362675847966714E-002  1.666765537547722E-002
   262.496764037057       9.408143849503536E-002  1.711315278756292E-002
   747.470080214089       9.453608633375593E-002  1.755765075935178E-002
   200.304994912445       9.410944799257830E-002  1.797670557213262E-002
   31.3809161973888       9.368284340049025E-002  1.839675987116351E-002
   190.925843508477       9.325720684604116E-002  1.881578198447301E-002
   3233252.01334991      -3.556000000000000E-003  2.500000000000000E-003
   1922625.92565573       2.417343759412523E-003 -3.430080615939747E-003
   4335024.55351858      -3.356000000000000E-003 -2.500000000000000E-003
   1627945.03327835      -2.515183260390416E-003 -3.370281346393169E-003
   1276163.36101113       7.365324439868512E-003 -3.452720288169742E-003
   885584.632900027       1.232513934499816E-002 -3.916503921698299E-003
   1696548.65907736       1.728472817219935E-002 -3.565578827829001E-003
   810497.447774068       2.223538498775283E-002 -3.816800060418424E-003
   1157072.53056839       2.719936164662203E-002 -3.479424810062435E-003
   1094535.11110218       3.214780977297748E-002 -3.622619564852999E-003
   673932.189129124       3.710590001268126E-002 -4.133369092423613E-003
   527369.841382831       4.208424565784937E-002 -4.387676865093874E-003
   259946.521405261       4.706328057537726E-002 -4.460127462693378E-003
   211200.856548612       5.205923657152323E-002 -4.367252205593661E-003
   133101.149314410       5.704651079937163E-002 -4.646071186905411E-003
   178220.476978451       6.205357885627252E-002 -4.309877731091182E-003
   26833.8292666158       6.703665123698177E-002 -4.802084367509224E-003
   20759.3594865506       7.203054391571805E-002 -5.058779450254668E-003
   29139.7075056387       7.703397969368744E-002 -5.072123205326760E-003
   5848.95610433680       8.201773737693925E-002 -5.681515910634267E-003
   2416.39679045619       8.702425205410763E-002 -5.576643694551745E-003
   95.3631086947892       9.203987188713138E-002 -5.177649288702369E-003
   119.473698276788       9.786833317234304E-002 -5.934501871814263E-005
  8.410918439587127E-002  9.803455390495402E-002 -5.067349114654522E-003
  5.696034150230833E-002  9.701513443869100E-002 -6.022897099464080E-003
   156400.925573390      -3.256000000000000E-003  7.500000000000000E-003
   17.9655612035933       9.867471499630011E-002  4.917035071746713E-003
   438628.590614030      -3.163000000000000E-003  1.250000000000000E-002
   879.558921608316       9.785515445331604E-002  9.946112100925383E-003
   836079.682884315      -3.510000000000000E-003  1.750000000000000E-002
   123.462795766813       9.853690532595145E-002  1.492658260986831E-002
   722247.840047404      -2.484641705863106E-003  2.343122182094899E-002
   4189029.27833872      -3.444000000000000E-003  2.250000000000000E-002
   500524.467925956       2.561746742413208E-003  2.336573946102912E-002
   458590.320608372       7.614940041137725E-003  2.331835565894460E-002
   715270.749895458       1.265410697812207E-002  2.321429081398510E-002
   409604.007988798       1.770406615506486E-002  2.332042203077941E-002
   230452.056013048       2.274002475106400E-002  2.286542391740569E-002
   203829.963682022       2.778359314817528E-002  2.311500486489590E-002
   290284.688134319       3.280927798213253E-002  2.284408272199146E-002
   338292.881140855       3.783257386769063E-002  2.260236390010165E-002
   101441.297695069       4.285827153786573E-002  2.255159103023577E-002
   169400.309837947       4.787406801251963E-002  2.244260384832993E-002
   94251.6303986756       5.287589203067372E-002  2.201243143770702E-002
   76980.3573431581       5.789265486304551E-002  2.210492547781930E-002
   48507.0049860937       6.288805429029905E-002  2.188819164541684E-002
   7505.30713962182       6.788188817899124E-002  2.143997634985691E-002
   15298.5342532170       7.289855112612142E-002  2.175059625574549E-002
   3628.38567667438       7.789347416543901E-002  2.145936441587970E-002
   1463.52893445418       8.288178155412705E-002  2.098500305055058E-002
   1035.67163150037       8.788805642166454E-002  2.108803024962952E-002
   60.4814394386152       9.288757244387999E-002  2.099191166866447E-002
   2.56760007902584       9.834617125510389E-002  1.993538595157649E-002
   3.79138788421754       9.787231353494523E-002  2.044101315308391E-002
