   444556.136671373      -1.753007495310391E-003  2.498702082790532E-003
   214655.335135134      -1.316445412529685E-003  2.174363253074008E-003
   357950.738531152      -8.797441208081763E-004  1.851521083368718E-003
   464317.997426890      -4.440251887907834E-004  1.527985338415097E-003
   311475.041093201      -7.569585679886590E-006  1.204263380071738E-003
   441234.834565822       3.368717745400950E-004  1.526753999526466E-003
   269907.695995504       6.825029564327923E-004  1.849483801562271E-003
   239424.936025215       1.027224701384860E-003  2.171577976330273E-003
   16093.3187108660       1.372815613017348E-003  2.494327327302711E-003
   514475.989567135       2.489645742792861E-003  1.373837242452303E-003
   384249.494343251       2.167533418478920E-003  1.029127391631478E-003
   306483.306999861       1.845870680615983E-003  6.844946048656692E-004
   137417.402042176       1.523110937398917E-003  3.384748388493187E-004
   53881.9018651600       1.199900766030483E-003 -6.550652024661220E-006
   122551.854506405       1.522715383868641E-003 -3.916644114505319E-004
   69072.9234112110       1.843912452518260E-003 -7.776371422185937E-004
   557533.866349350       2.164027901784034E-003 -1.162991289759350E-003
   379847.667424233       2.483978572630038E-003 -1.548679124270846E-003
   305263.428456153       1.517883358316415E-003 -2.508975448473278E-003
   152179.395359468       1.134686543248626E-003 -2.184513643012353E-003
   520831.853946862       7.528332033669998E-004 -1.860568555192052E-003
   512400.300163982       3.707360257372312E-004 -1.536578065467726E-003
   632349.606202142      -1.058280991507485E-005 -1.212262349579110E-003
   983290.146023069      -5.466836238778507E-004 -1.534775857748784E-003
   900675.519588651      -1.082703071478012E-003 -1.857301143845661E-003
   834260.413825319      -1.617952887826491E-003 -2.180097361143468E-003
   2272390.48090522      -2.153770868763893E-003 -2.504995636204998E-003
   479373.743306264      -2.502338008782821E-003 -2.156868831143229E-003
   456157.163049442      -2.183459176519612E-003 -1.618968744164669E-003
   11439.7645939188      -1.863714482611515E-003 -1.079779060652702E-003
   222324.050535218      -1.541703855538910E-003 -5.407249768670703E-004
   106052.000334438      -1.217844212389752E-003 -2.708950608575949E-006
   39729.5844160304      -1.540447822379876E-003  4.357275751470386E-004
   88840.0681737746      -1.862227736442640E-003  8.736065562592063E-004
   266458.749272200      -2.182698854417012E-003  1.312433240295164E-003
   288045.393685565      -2.504191459634559E-003  1.750665608844235E-003
   38419.2122195496       3.610632196312020E-003  2.489637298301056E-003
   182106.904822139       3.955135365950842E-003  2.159368693994747E-003
   195248.422245324       4.298571974611926E-003  1.827655267347382E-003
   455083.196543552       4.642979299936413E-003  1.497444877854397E-003
   340746.209197648       4.985930841137792E-003  1.166277784483027E-003
   541500.533646969       5.382406828780690E-003  1.495294394129245E-003
   363577.985220222       5.779965203688182E-003  1.823721887932939E-003
   276762.078695062       6.176602154583879E-003  2.153692800574472E-003
   6977.29188296181       6.574071520029303E-003  2.482607820381253E-003
   489174.409064151       7.483146093587217E-003  1.570094216291150E-003
   340229.517309198       7.154940124044795E-003  1.173497757358873E-003
   186108.521892184       6.825163362034484E-003  7.766745105693879E-004
   11531.1788485215       6.496042993529753E-003  3.785245947178428E-004
   53532.5426131217       6.165220320935512E-003 -1.849114287735004E-005
   112609.267575352       6.494516595720874E-003 -3.610184084375305E-004
   119466.212427769       6.821750986487288E-003 -7.040065563398669E-004
   511009.169124021       7.149979279489168E-003 -1.047438344832758E-003
   331754.875732709       7.476178152351466E-003 -1.390384872416664E-003
   262555.347029708       6.338071043258688E-003 -2.520421464813541E-003
   64220.7014593994       5.997872525444791E-003 -2.190128336543587E-003
   379040.089358027       5.657963873298632E-003 -1.858198214129046E-003
   431728.394053661       5.318894283501586E-003 -1.527973038774080E-003
   469046.553150899       4.980386168213644E-003 -1.196686826253919E-003
   645906.342721124       4.597297831949010E-003 -1.526049050552928E-003
   351907.625658557       4.213807295345270E-003 -1.854530609141316E-003
   375990.955864910       3.830398189202675E-003 -2.184769403250809E-003
   208599.138967469       3.445674001572164E-003 -2.513526405505774E-003
   316151.413906983       2.811691460772449E-003 -1.164622262193288E-003
   237508.689521768       3.141413993229031E-003 -7.807892438991619E-004
   41228.7959297263       3.470301181535419E-003 -3.964137391466484E-004
   77350.9584473373       3.801268446373128E-003 -1.244795751607641E-005
   36598.1095704392       3.472081090781482E-003  3.339252535701923E-004
   268973.546248941       3.144688647461466E-003  6.815219549478322E-004
   337353.803782860       2.816326767521709E-003  1.027605503249958E-003
   76796.1108943540       8.396158620301885E-003  2.478032712112199E-003
   116978.682720574       8.792196940743973E-003  2.045252772045732E-003
   140767.848817880       9.186871160771524E-003  1.611965586920197E-003
   498509.480514569       9.582280689354771E-003  1.179244352144108E-003
   326984.996104427       9.976330541836087E-003  7.480859194595191E-004
   326021.324769088       1.025880259251182E-002  1.177711300082508E-003
   36501.0332029313       1.054295996124836E-002  1.608550255740378E-003
   14570.0447612577       1.082647129024491E-002  2.039593890483952E-003
   106529.543172229       1.111175547465328E-002  2.470314659971805E-003
   447884.065125388       1.247380233761254E-002  1.100708660476911E-003
   492994.393974092       1.204319895565571E-002  8.178412985812228E-004
   484524.996659013       1.161247211018261E-002  5.358434698338601E-004
   306611.635412303       1.118183110646709E-002  2.522676300285467E-004
   33139.1612312137       1.075157813135642E-002 -3.044551821965191E-005
   114409.042497802       1.118066882920615E-002 -4.227658389505882E-004
   148979.088933183       1.160927939083439E-002 -8.165423847588465E-004
   510476.836431657       1.203770635032886E-002 -1.208666796088886E-003
   311644.386870070       1.246560833764319E-002 -1.600682909762336E-003
   103374.177265575       1.152356102712643E-002 -2.535531413256975E-003
   55335.6936791175       1.113498595359665E-002 -2.102473411685289E-003
   266764.566049079       1.074770818699520E-002 -1.668970341222830E-003
   382277.334578828       1.035957677308808E-002 -1.236165061693387E-003
   470519.708667291       9.972882971388765E-003 -8.048605573270261E-004
   478634.572417533       9.632931799604198E-003 -1.234426393482784E-003
   91085.3924611780       9.292293530946100E-003 -1.665342036537787E-003
   83340.8809316964       8.950325283229520E-003 -2.096686937733101E-003
   74089.8013564091       8.608007835691102E-003 -2.527400607135939E-003
   469117.166017786       7.906221613046747E-003 -1.050070355457170E-003
   456051.864612267       8.336693194190604E-003 -7.087700131236169E-004
   171763.505162340       8.767108344721237E-003 -3.676843041681511E-004
   108333.088011200       9.197532404880304E-003 -2.664513461305295E-005
   7939.31806401053       8.768605543777902E-003  3.725106550694039E-004
   289099.039998589       8.339878663402208E-003  7.728985542145130E-004
   351059.573519777       7.911300739821511E-003  1.171604441418096E-003
   67263.7487327384       1.384383268050560E-002  2.461227815933429E-003
   43683.1196108716       1.412689285632126E-002  2.054020615136011E-003
   22020.9585604726       1.440788596240442E-002  1.645221460241306E-003
   232613.030015472       1.468971156713429E-002  1.237658409600060E-003
   265517.932150464       1.497015115306379E-002  8.303600594962430E-004
   346300.852115224       1.536863628835367E-002  1.234811852588328E-003
   171631.100472298       1.576731674622633E-002  1.639489191682306E-003
   83176.1813925854       1.616614449580384E-002  2.045469701295352E-003
   13831.0934658951       1.656538092480905E-002  2.450464730654188E-003
   218762.154802003       1.747022739609781E-002  1.539096798661301E-003
   266677.318249564       1.706363027343698E-002  1.142689297013447E-003
   175314.883411313       1.665596672527677E-002  7.459299755154397E-004
   24054.7303890511       1.624912815911520E-002  3.489174257307613E-004
   5798.91044524121       1.584162186385286E-002 -4.790006726652931E-005
   242908.159487115       1.624651336911030E-002 -3.618063941599432E-004
   189166.808189824       1.665053355599727E-002 -6.750851400354993E-004
   373007.345467314       1.705564270190903E-002 -9.888993291693720E-004
   231717.044225660       1.745939869345279E-002 -1.302847964495922E-003
   71381.0170434439       1.620144878642113E-002 -2.550201355289523E-003
   22287.3595620117       1.589100620317917E-002 -2.142717390135846E-003
   154651.575023748       1.558129857081499E-002 -1.733893792794986E-003
   188294.277151325       1.527260305772189E-002 -1.326449977692674E-003
   397449.665039065       1.496357764377256E-002 -9.188619463146707E-004
   496630.061020828       1.457389313712329E-002 -1.323636245655792E-003
   193963.929856118       1.418297775627478E-002 -1.728950125691220E-003
   176463.846198259       1.379294688688834E-002 -2.135890945111062E-003
   70775.1898696979       1.340170240609823E-002 -2.541416318998038E-003
   275027.665614806       1.287102904460730E-002 -1.211259489196234E-003
   210304.823807795       1.327805673800875E-002 -8.218241850675278E-004
   51392.4732876412       1.368432173769600E-002 -4.308617263817022E-004
   20044.7071283086       1.409164183314909E-002 -4.115039632621539E-005
   195375.908844014       1.368705449129941E-002  2.441457779507906E-004
   344566.316306362       1.328286079728260E-002  5.302450018618101E-004
   326889.845203572       1.287757807125963E-002  8.148154696866581E-004
   12283.3888407981       1.838147360703770E-002  2.443103108689160E-003
   90267.1093216122       1.877849602644735E-002  2.158150355802641E-003
   91704.2319949150       1.917499793433503E-002  1.873050204499378E-003
   188565.268216876       1.957152349868779E-002  1.588249277473047E-003
   147698.456800791       1.996792031453903E-002  1.303497349771081E-003
   251398.500474337       2.044961123836411E-002  1.584342450144063E-003
   268484.979053733       2.093107572768481E-002  1.865578021366124E-003
   214885.372161466       2.141250376673576E-002  2.147076019123445E-003
   44994.2357400210       2.189416818235778E-002  2.428842359518138E-003
   199542.307228120       2.246816635693963E-002  1.850773466662528E-003
   124167.500270068       2.218430862458393E-002  1.370714684594438E-003
   57.3547412143778       2.190005609751485E-002  8.904030149218383E-004
   36238.4875688399       2.161544250823098E-002  4.101175579265022E-004
   95792.3807842708       2.133069840950480E-002 -7.019054759450848E-005
   42485.7948604647       2.161210919077798E-002 -5.037471847166376E-004
   63101.2910849620       2.189288194057823E-002 -9.386595695265551E-004
   174315.119545896       2.217351069730945E-002 -1.372428529401092E-003
   140960.718880661       2.245342647885168E-002 -1.806404589263568E-003
   204782.032706798       2.167875093654654E-002 -2.572889188975222E-003
   137125.929118365       2.124826989039090E-002 -2.287490574229886E-003
   293557.233680126       2.081832160481743E-002 -2.002017146541039E-003
   269363.965674392       2.038717761390996E-002 -1.717040834055170E-003
   239380.135197206       1.995718770434816E-002 -1.432046053177553E-003
   301220.753716016       1.964473842812004E-002 -1.713952198785802E-003
   173644.673195267       1.933307797754274E-002 -1.995851421187364E-003
   211911.904969954       1.902051056246212E-002 -2.278068382482952E-003
   100387.114984916       1.870725246463750E-002 -2.559860737136725E-003
   141662.341874243       1.774266658994286E-002 -9.914007954883917E-004
   135529.295348739       1.802655025603289E-002 -6.803437268683345E-004
   19801.5990566799       1.831039827764736E-002 -3.700160888809677E-004
   13063.5960431427       1.859462811174776E-002 -5.883335242341628E-005
   46832.9423311500       1.831312493114363E-002  3.406278903905592E-004
   49603.0451579225       1.803197364593626E-002  7.402207742145014E-004
   94473.5074743728       1.775088847974548E-002  1.139628557312622E-003
   23482.7084341677       2.304624412797562E-002  2.424174060532319E-003
   19742.1652770432       2.352541601415190E-002  1.948519100226291E-003
   17357.3477895793       2.400362825141644E-002  1.471488329356649E-003
   186934.795411709       2.448166001306511E-002  9.957571749596799E-004
   128697.325213567       2.495970928523560E-002  5.204926757080188E-004
   192916.618636533       2.542579314846295E-002  9.914969212027778E-004
   79329.3795684519       2.589089184252448E-002  1.462963889831012E-003
   38339.0218854469       2.635729467206603E-002  1.935568253178841E-003
   38266.0214258556       2.682348458910776E-002  2.406846210499160E-003
   261790.954202155       2.746228987549590E-002  1.761832645028944E-003
   219653.367825539       2.698812943439756E-002  1.300173327823218E-003
   165240.385707052       2.651307399779598E-002  8.370213590182465E-004
   59864.6519929986       2.603894285046146E-002  3.744933835642056E-004
   90542.3126370027       2.556433769860992E-002 -8.901884883703309E-005
   23063.3058630478       2.603506013972837E-002 -5.911346533194925E-004
   1459.89031911705       2.650456712692807E-002 -1.093818030674716E-003
   252085.785568096       2.697462383623815E-002 -1.597284826256290E-003
   148529.927747947       2.744360651030893E-002 -2.099100251100502E-003
   4063.17939685532       2.693801070825503E-002 -2.599153946934603E-003
   59248.8060015732       2.644172216279994E-002 -2.122516780062319E-003
   153356.367330891       2.594545715390044E-002 -1.644663993008406E-003
   201440.827934150       2.545021355581592E-002 -1.168444625098088E-003
   242217.485979673       2.495473319141392E-002 -6.929703656393816E-004
   262342.549677760       2.452205963960994E-002 -1.164308379878888E-003
   57573.2171229413       2.408818818062329E-002 -1.636138379982552E-003
   10499.8948778021       2.365491953234971E-002 -2.109161766126656E-003
   31063.6128245779       2.322074047453726E-002 -2.580803674579463E-003
   273694.201520577       2.292721431997687E-002 -1.376600090981466E-003
   220177.095273636       2.340192219479470E-002 -9.462985624168891E-004
   51626.1846455622       2.387566857699595E-002 -5.144721416817658E-004
   3330.82737102066       2.435011897482175E-002 -8.367424134857558E-005
   66762.8868323068       2.387926934157253E-002  4.000696206317713E-004
   81885.1216988247       2.340914263991782E-002  8.840306536053643E-004
   116098.136601787       2.293815296509949E-002  1.367631105986433E-003
   30834.9195476254       2.810755329771488E-002  2.400048095298540E-003
   67998.7401425198       2.856922423508729E-002  1.960047998275315E-003
   77289.9617076845       2.903117665964021E-002  1.519838181992421E-003
   169456.314726347       2.949204341002268E-002  1.079941452799492E-003
   113389.903786611       2.995403583130552E-002  6.405361943135898E-004
   93320.4720086428       3.028986543154531E-002  1.075943112068770E-003
   6986.85230132509       3.062689937179908E-002  1.511364062785055E-003
   23033.3778852173       3.096305193984177E-002  1.946838144965287E-003
   31451.0292583126       3.129934880786019E-002  2.382284228738002E-003
   80908.5186650875       3.245617298716855E-002  1.213041695253727E-003
   123047.354255727       3.201767386816342E-002  8.814393035595002E-004
   102454.417380078       3.157922340256009E-002  5.496747309282759E-004
   40351.3741328137       3.114078072034645E-002  2.167508594519878E-004
   19273.6691667686       3.070211448531332E-002 -1.151616784051849E-004
   29710.3925313884       3.113696582161468E-002 -5.427043752272083E-004
   26639.4202420024       3.157137040235107E-002 -9.704211427146894E-004
   125239.295567829       3.200570203102319E-002 -1.397980170611061E-003
   76807.6658921126       3.243992152511953E-002 -1.825447049024228E-003
   20040.8567106762       3.163562799618690E-002 -2.620923910895515E-003
   10066.7091747416       3.121302081081855E-002 -2.181395246469859E-003
   75126.5896645191       3.079074868915627E-002 -1.741777347196966E-003
   92657.9963312094       3.036850457715566E-002 -1.302367689953521E-003
   156274.088472013       2.994636004761768E-002 -8.630801529178939E-004
   218613.693959219       2.944610611908537E-002 -1.297654527900096E-003
   113247.948376000       2.894608890478432E-002 -1.732847802074877E-003
   72631.3424967241       2.844506628520789E-002 -2.168531270194556E-003
   4804.99774652896       2.794421168647348E-002 -2.604120175423382E-003
   114496.593822177       2.788165253955242E-002 -1.601790279058555E-003
   30283.9631249149       2.831991929700805E-002 -1.103013784419444E-003
   80518.9843938603       2.875859643623988E-002 -6.051139827241003E-004
   94060.8392265468       2.919794852858051E-002 -1.074951508952482E-004
   30874.1653425167       2.876353907072714E-002  3.604334326542496E-004
   63325.9555515672       2.832957619653190E-002  8.274512891368720E-004
   106608.690976427       2.789584014910071E-002  1.295256728639115E-003
   12248.9082601605       3.362540281173117E-002  2.369482651052793E-003
   16021.9418412263       3.395755078166421E-002  2.015571131982259E-003
   16828.6839579719       3.428949881253281E-002  1.662559509594937E-003
   49109.4877523889       3.462241515940280E-002  1.308605313474480E-003
   52687.4026205448       3.495431416724848E-002  9.557334764198631E-004
   70815.5087965978       3.541808817529099E-002  1.304117438499780E-003
   59997.3471655652       3.588283389349537E-002  1.653587181655033E-003
   37237.4963479443       3.634657900130136E-002  2.002141492767465E-003
   3406.75860309230       3.681140737399301E-002  2.351740284955844E-003
   51192.5473482088       3.745788710040368E-002  1.698188779617425E-003
   45080.4507624015       3.710358599715856E-002  1.237124250644510E-003
   12005.3980251722       3.675023007576046E-002  7.769606358389395E-004
   7150.22016172084       3.639577820427339E-002  3.157909744520796E-004
   26708.9650529817       3.604223725178809E-002 -1.443604088357367E-004
   17341.2434174756       3.639127425280231E-002 -5.094050287429165E-004
   8627.30421574911       3.674110031252448E-002 -8.735686240217608E-004
   68121.6816045574       3.708991672396419E-002 -1.238640065222866E-003
   44081.5487771974       3.743959799140040E-002 -1.602773412260511E-003
   34085.9013637974       3.638365713375030E-002 -2.646562448835824E-003
   7958.79185122497       3.602365740032370E-002 -2.292446726325581E-003
   55970.2081011764       3.566283091219913E-002 -1.939251141876751E-003
   57541.2398434549       3.530298063001804E-002 -1.585181674219821E-003
   87739.3888344568       3.494223544910285E-002 -1.232071017290125E-003
   118684.522730519       3.451564936060443E-002 -1.580754353606553E-003
   70702.8000214748       3.408905206368444E-002 -1.930549319845331E-003
   72052.6763595753       3.366247689741799E-002 -2.279516128111391E-003
   30113.7906983859       3.323563640109470E-002 -2.629429972794264E-003
   42984.0653547944       3.279374495942877E-002 -1.402141773802304E-003
   22343.0622865218       3.314677473824778E-002 -9.788427649499185E-004
   26580.3819916446       3.350089259570174E-002 -5.554729542448658E-004
   16876.6652652907       3.385421585205829E-002 -1.321693817122622E-004
   12063.2281401562       3.350512167399525E-002  2.039377182978481E-004
   42171.2415853909       3.315509522369768E-002  5.410170091853265E-004
   50466.9056289782       3.280607454584262E-002  8.770049255660096E-004
   2112.79707603521       3.811140714354002E-002  2.344478774809099E-003
   1732.62762357054       3.857193827075089E-002  1.888757222147799E-003
   1301.92841653559       3.903124902376631E-002  1.431956541639865E-003
   32585.5514005207       3.949152698240354E-002  9.762158449108499E-004
   30686.6058509066       3.995080292609037E-002  5.205806012099644E-004
   39767.0833436525       4.043719110885940E-002  9.708128329111096E-004
   28195.8199505821       4.092255170974610E-002  1.421149815153500E-003
   13166.6089600755       4.140895737599232E-002  1.872518456795371E-003
   8618.66970592433       4.189448582886662E-002  2.322857162984620E-003
   45414.8128193643       4.245724869988675E-002  1.753625508992950E-003
   45190.7558786028       4.200171289079552E-002  1.273249333248984E-003
   26411.5798755862       4.154518609089395E-002  7.917657696494043E-004
   11275.2604906087       4.108962047807142E-002  3.112321805980364E-004
   23790.0463923645       4.063397057840459E-002 -1.702946233851157E-004
   9781.51398378820       4.108463069234310E-002 -5.880336551310565E-004
   6759.69681917418       4.153507862371676E-002 -1.004856000773389E-003
   51307.0001527447       4.198649090495317E-002 -1.422609704151728E-003
   30308.0739935939       4.243684904575431E-002 -1.840331872536891E-003
   9474.77499974097       4.159094007011022E-002 -2.676272164632132E-003
   9890.80140244513       4.117860498697303E-002 -2.220744009186623E-003
   29029.4498975664       4.076642825000026E-002 -1.764167523286919E-003
   37539.9642102756       4.035525628268605E-002 -1.308692307785650E-003
   63692.6695579476       3.994312996158150E-002 -8.532790858086479E-004
   61477.8311231298       3.957789881435361E-002 -1.304279250912968E-003
   10358.5266911824       3.921358830537744E-002 -1.755373911927587E-003
   6496.55265663943       3.884820363146928E-002 -2.207512788709989E-003
   7328.74133881220       3.848362927381961E-002 -2.658566857996676E-003
   65251.2908638226       3.789437046839492E-002 -1.243285605330153E-003
   61657.0349935036       3.835018547928536E-002 -8.827768558103762E-004
   23608.4854231719       3.880499291512493E-002 -5.231472406742452E-004
   4131.15401490024       3.925994404003618E-002 -1.625027393965513E-004
   16406.9424323031       3.880955671899877E-002  3.022072618018764E-004
   14108.3370799877       3.835930719844960E-002  7.679435929628230E-004
   20140.2515299369       3.790807927755747E-002  1.232602678189049E-003
   959.453941240695       4.302647360239330E-002  2.316279797791086E-003
   9875.94491024021       4.350666771917016E-002  1.828383724351347E-003
   9056.30463916646       4.398770254024693E-002  1.340427924433455E-003
   34259.1580014423       4.446771355618410E-002  8.515495590346666E-004
   21220.3110249211       4.494877568275294E-002  3.638034567385131E-004
   11772.3528114742       4.528943276248043E-002  8.469156047837239E-004
   5970.14271229740       4.563116283542654E-002  1.331016185738719E-003
   6546.50651942859       4.597192927298490E-002  1.814115540643271E-003
   2447.92986995943       4.631275243545162E-002  2.297182969580423E-003
   23761.1975654080       4.745305500078846E-002  1.143533374047264E-003
   31685.1121895612       4.696617918785553E-002  8.083723777128694E-004
   34006.0450977897       4.647931748286256E-002  4.731849803150513E-004
   24743.4873521181       4.599147641598687E-002  1.369510916481112E-004
   2033.74319112803       4.550461925860021E-002 -1.983149717812814E-004
   1217.28424039465       4.598658695421983E-002 -7.381482702089374E-004
   4355.36808632607       4.646937062743330E-002 -1.279092283896494E-003
   27152.2525655074       4.695107323512104E-002 -1.819034774723740E-003
   15789.4161006621       4.743276121186490E-002 -2.359867924746600E-003
   3052.17425098690       4.708075063432412E-002 -2.707828976457511E-003
   1634.38203316530       4.654561808564814E-002 -2.219579998106271E-003
   23660.9591093955       4.601161721156188E-002 -1.731322705454322E-003
   23551.8823540774       4.547659533131480E-002 -1.242165801408491E-003
   35188.6474350993       4.494250753773738E-002 -7.541184192114119E-004
   29027.3064313705       4.452498560363768E-002 -1.236814686734334E-003
   1111.21388821395       4.410841341485458E-002 -1.720603928777365E-003
   3736.52316895254       4.369076555896110E-002 -2.203398799948902E-003
   1835.45200442409       4.327294932925264E-002 -2.686106915561358E-003
   42000.9394558008       4.292403248434960E-002 -1.428110611946353E-003
   38183.8661023468       4.341120545013539E-002 -1.015823674022037E-003
   13746.0055847036       4.389936165875463E-002 -6.044385740772793E-004
   12649.6925627751       4.438661273260443E-002 -1.920159319637878E-004
   14086.2093720498       4.390438472917837E-002  2.948913386075938E-004
   9145.93027954541       4.342129765883959E-002  7.808572784020040E-004
   14685.3344936127       4.293926748411247E-002  1.267772001416712E-003
   2577.78605821605       4.860671742308975E-002  2.283772655048394E-003
   7904.84048347664       4.894281161459185E-002  1.954780928420042E-003
   8869.84417944657       4.927885852922601E-002  1.625769038936325E-003
   18141.4068689645       4.961590194011166E-002  1.296770883839562E-003
   13675.9646791370       4.995193523043526E-002  9.677912817982881E-004
   22353.0486238747       5.040578003337418E-002  1.292153757366758E-003
   15718.0330067221       5.085963078235034E-002  1.616522508153280E-003
   10201.3184367673       5.131347957488525E-002  1.940917564608441E-003
   1540.19834941352       5.176734883979728E-002  2.265328138669302E-003
   11071.2865329176       5.245532983956089E-002  1.569321218278327E-003
   11196.7630335134       5.212576815230147E-002  1.119223371539508E-003
   2583.88219751418       5.179618736146793E-002  6.691030395326760E-004
   5104.54546338172       5.146658662467037E-002  2.189767263622790E-004
   847.720605233841       5.113694438113561E-002 -2.311298528245873E-004
   4191.24000955891       5.146198733486363E-002 -5.680451400771488E-004
   3978.77231474123       5.178700480706528E-002 -9.049718655294163E-004
   13461.6929392775       5.211202423623203E-002 -1.241883698784487E-003
   8477.67024450445       5.243701884276736E-002 -1.578808786576299E-003
   5933.75627158739       5.127027727601211E-002 -2.731981022231254E-003
   592.221952160134       5.093718473724168E-002 -2.403024939702275E-003
   8209.27205045264       5.060412477286244E-002 -2.074051456824680E-003
   9228.13463911164       5.027106125443584E-002 -1.745094069226899E-003
   13116.1595210836       4.993801346927212E-002 -1.416132414479971E-003
   23532.3537203083       4.939917346737991E-002 -1.739987797303468E-003
   22207.1759420479       4.885935907060772E-002 -2.063876836722914E-003
   23919.1990703097       4.832057470413173E-002 -2.387830837546426E-003
   10838.7238724323       4.778075337540925E-002 -2.711828920850960E-003
   487.350261437629       4.776271734154022E-002 -1.823689768811442E-003
   6915.39290568027       4.809275395861200E-002 -1.288507464094314E-003
   11082.5231920401       4.842284693653094E-002 -7.523434272186552E-004
   4592.20831377198       4.875297460761584E-002 -2.172052728025411E-004
   2628.92401657267       4.842796587478203E-002  1.227374049507134E-004
   11343.8209758850       4.810298660285123E-002  4.636801307785151E-004
   14520.9893871414       4.777800534234055E-002  8.036025144902608E-004
   3403.93747444167       5.315133778096119E-002  2.257263211266298E-003
   4501.44707257442       5.360099009605958E-002  1.852602525884465E-003
   5843.82941964620       5.405060750745681E-002  1.448935571219634E-003
   16121.8771142639       5.450021830756357E-002  1.044294793634185E-003
   8743.32431922580       5.494982266193432E-002  6.396670423657221E-004
   15676.0769240601       5.538508971434566E-002  1.039154889116131E-003
   8406.42824780306       5.581935964965560E-002  1.438669645224946E-003
   2482.42680266296       5.625463555274021E-002  1.837194575136769E-003
   5666.64070870188       5.668995015519643E-002  2.236717431675624E-003
   15601.3191157200       5.745448171178528E-002  1.463270428230483E-003
   14942.7066889906       5.705003806720536E-002  1.032612371633897E-003
   8042.93299072859       5.664659111833516E-002  6.019198080295103E-004
   617.089880401106       5.624213646394913E-002  1.722178623059155E-004
   2389.46089493559       5.583764567234872E-002 -2.584799015356834E-004
   4929.40212920892       5.623660543970095E-002 -7.838436097300670E-004
   3584.65363515943       5.663552114762242E-002 -1.309231649476855E-003
   11595.1960533413       5.703340317560016E-002 -1.834616992333756E-003
   8310.12573911927       5.743225968097427E-002 -2.358984770373275E-003
   2681.04821954574       5.702087700270374E-002 -2.765568352007127E-003
   2165.76980554234       5.650125706301637E-002 -2.360462095996691E-003
   13150.2205699602       5.598067402269565E-002 -1.956361852036940E-003
   13808.8537331314       5.546008372535244E-002 -1.551301939671816E-003
   8718.54650088075       5.493947777076456E-002 -1.146272187537865E-003
   9206.97788906552       5.460218669142892E-002 -1.546327991305142E-003
   2237.29363587633       5.426488354393040E-002 -1.946391207560426E-003
   2376.51576539765       5.392757955292216E-002 -2.345463103858828E-003
   1979.88687544216       5.359023729691109E-002 -2.745518326571852E-003
   11099.5478431154       5.284091757838980E-002 -1.246142936295849E-003
   10751.3541653563       5.324382929194191E-002 -9.134750110238223E-004
   5349.49643742369       5.364773964619065E-002 -5.807960200121318E-004
   2136.48917865470       5.405166561436273E-002 -2.481146110455979E-004
   5612.40344335835       5.365228773833314E-002  2.062426064883431E-004
   3611.89350520625       5.325295422411366E-002  6.606183974020672E-004
   7378.11682587765       5.285463333879312E-002  1.114973981274809E-003
   781.339287367223       5.822793172027300E-002  2.227737309344898E-003
   3287.38662421824       5.865850235907626E-002  1.807198818085665E-003
   237.441834539776       5.908902088090027E-002  1.385637192711835E-003
   4695.61942958775       5.951853997163797E-002  9.650923250846440E-004
   4998.59131334986       5.994906015665350E-002  5.445604336688488E-004
   3280.52255919205       6.034649385547463E-002  9.602365697593809E-004
   1707.65313904366       6.074493157320388E-002  1.375908302504230E-003
   1067.80497433760       6.114238125040820E-002  1.792585556592377E-003
   2946.74928155664       6.154082577076601E-002  2.208260243122953E-003
   3397.49863719396       6.245341916682402E-002  1.284866181380446E-003
   5986.71223925776       6.203310704098933E-002  8.913412467384987E-004
   3844.69281578665       6.161180787659989E-002  4.988092509599377E-004
   2469.91026677305       6.119150170401808E-002  1.052678226623839E-004
   2935.34421556282       6.077119653786588E-002 -2.872746024602537E-004
   1146.83047518001       6.118650179802729E-002 -7.497294857941872E-004
   1142.82991926916       6.160177072649696E-002 -1.213201790216663E-003
   4607.21688653286       6.201803905327359E-002 -1.675675448844409E-003
   2924.53106355669       6.243329156759904E-002 -2.139139715747988E-003
   1570.93171624867       6.177142339630235E-002 -2.793239643361485E-003
   724.369672656081       6.131289984082750E-002 -2.372516812398227E-003
   5297.63497778524       6.085539624324857E-002 -1.950799990579389E-003
   4262.28151093575       6.039688248849801E-002 -1.530093262017748E-003
   10573.6798299720       5.993937459073780E-002 -1.109393230141327E-003
   14833.7957456358       5.941399281086852E-002 -1.524327584061590E-003
   10201.9062244925       5.888863164806904E-002 -1.939301195226158E-003
   7359.58980578692       5.836327423503700E-002 -2.355313811539910E-003
   2155.73912572751       5.783887388202057E-002 -2.770338736594580E-003
   6226.07969561959       5.785319735467118E-002 -1.839397632208689E-003
   350.381199920606       5.827516571041099E-002 -1.318785867456141E-003
   6056.54540441750       5.869616960233884E-002 -7.981709425646356E-004
   5828.41379171429       5.911721525823503E-002 -2.775778892121222E-004
   36.1918145422233       5.870176935556259E-002  1.578933745380435E-004
   4381.42799482577       5.828632882042989E-002  5.923604522401170E-004
   3785.73665111628       5.786989645690704E-002  1.027816845171560E-003
   242.015164878308       6.337679483776579E-002  2.197414199659810E-003
   1184.31969688965       6.377082294301532E-002  1.859095399863253E-003
   2914.61749384405       6.416383622434939E-002  1.520767972952384E-003
   3863.40934889551       6.455784669037214E-002  1.181436122388189E-003
   795.764620595620       6.495086929855613E-002  8.431169906326505E-004
   4646.00095447792       6.538385989092493E-002  1.176562006702712E-003
   2152.90739544339       6.581785443816514E-002  1.510996965566025E-003
   224.154426055014       6.625084166176126E-002  1.844430208270149E-003
   1255.05655048603       6.668381907765544E-002  2.177861166126834E-003
   3276.96968910564       6.745422891803222E-002  1.398293194420943E-003
   2884.31760793768       6.711567236295105E-002  9.692907368825474E-004
   462.860209118639       6.677712082812683E-002  5.402947556432545E-004
   2004.14914884805       6.643756839934563E-002  1.103079759969022E-004
   1122.15271920856       6.609903274642966E-002 -3.186887889519158E-004
   2482.95252183902       6.643183140984427E-002 -8.646494408362749E-004
   581.571830673119       6.676562051302500E-002 -1.410624035794356E-003
   2673.64488909035       6.709841610027305E-002 -1.956591531504675E-003
   2014.82441813045       6.743122134522221E-002 -2.501566861780003E-003
   96.8456217920792       6.710430312321833E-002 -2.824640041780614E-003
   579.612563733487       6.656329568208125E-002 -2.485450603008288E-003
   1704.58947347324       6.602127907139256E-002 -2.146254626586302E-003
   3466.80961309686       6.547926710357554E-002 -1.806057989738379E-003
   3120.77159171623       6.493726005662910E-002 -1.466846061424495E-003
   3083.16593106205       6.447529647179602E-002 -1.800127355820618E-003
   2899.15730017446       6.401233183556743E-002 -2.134412498089587E-003
   2658.10536750554       6.355037242070521E-002 -2.467708297422893E-003
   1371.44881175802       6.308740222484421E-002 -2.800996774273834E-003
   2058.77146796011       6.277198143172930E-002 -1.680121536108028E-003
   778.933746472312       6.311067290652807E-002 -1.222101262085097E-003
   63.4170972648233       6.345037522769913E-002 -7.630851441101475E-004
   3337.15702467188       6.378907257216937E-002 -3.050606991156042E-004
   633.068055688161       6.345541063824464E-002  9.192038231545116E-005
   1569.47369115800       6.312074584961921E-002  4.899015705181718E-004
   4688.15177858306       6.278707240930000E-002  8.868751814101497E-004
   44.9048259076013       6.823378818272326E-002  2.168706675576008E-003
   1028.22849261767       6.866284116395432E-002  1.837179792335074E-003
   2323.82835987817       6.909190122861003E-002  1.505652519785908E-003
   3467.41881722125       6.952196317785014E-002  1.174115990320260E-003
   2243.87591022194       6.995102558171051E-002  8.425820251920029E-004
   3110.72783779419       7.032496647999109E-002  1.169382452670578E-003
   1745.88631703106       7.069790610999453E-002  1.496185935216509E-003
   393.785651843228       7.107184372801406E-002  1.822980736656123E-003
   1558.28366316999       7.144477715085905E-002  2.149780350373067E-003
   3120.55193063593       7.245278400394024E-002  1.129823000850220E-003
   2957.63022739336       7.212159433065790E-002  7.607687471220914E-004
   1460.02912357501       7.179040003844067E-002  3.907186324003903E-004
   32.1292472211371       7.145921405719442E-002  2.167085348137900E-005
   838.073929367728       7.112802666327388E-002 -3.483770353240442E-004
   833.630369978186       7.145446411130107E-002 -7.842996124229365E-004
   329.342255515483       7.178090223389569E-002 -1.221219628816504E-003
   2816.22153430064       7.210734961508428E-002 -1.657141451728835E-003
   2119.41973484721       7.243380515160068E-002 -2.093062203657071E-003
   2040.48863461731       7.166632965892143E-002 -2.851570129190305E-003
   1141.80731280584       7.123427079814329E-002 -2.520028548847311E-003
   3418.15448149854       7.080220396416347E-002 -2.188487762022253E-003
   3789.94137913868       7.036913855702591E-002 -1.856934878733262E-003
   2712.38338294897       6.993707356701893E-002 -1.525384114089789E-003
   4615.55030464425       6.939113174979802E-002 -1.851170443312925E-003
   3852.25731111177       6.884518759967866E-002 -2.176953281282777E-003
   4377.61211114445       6.829923686658688E-002 -2.502724679862986E-003
   2256.71715137152       6.775429017508887E-002 -2.828491513043025E-003
   282.270320264387       6.776344833332892E-002 -1.960534668491912E-003
   1352.05357047397       6.809566511846564E-002 -1.418501750989295E-003
   2385.29907376483       6.842787329992017E-002 -8.764651387933774E-004
   412.255865491330       6.876007094768966E-002 -3.344211398825523E-004
   211.421201028964       6.843361450481347E-002  9.850466506575471E-005
   1686.70866564523       6.810715929969152E-002  5.324302934042985E-004
   3542.90389696219       6.778069525688586E-002  9.653588429849069E-004
   291.304959557377       7.347273995146170E-002  2.137845346326283E-003
   139.055613448462       7.384104506492188E-002  1.679672940738667E-003
   505.916345966985       7.421036037040389E-002  1.221500776963594E-003
   827.845067709958       7.457867806339985E-002  7.633333917465884E-004
   1531.57742453589       7.494799797114235E-002  3.051570216295232E-004
   1410.10920321870       7.540067380767804E-002  7.585075364797116E-004
   995.678235082391       7.585334969979232E-002  1.211855747331896E-003
   504.008576807826       7.630602407187434E-002  1.665203352067812E-003
   278.722395391096       7.675969567985333E-002  2.118545763249343E-003
   1615.18982245346       7.745457861733572E-002  1.415454702449397E-003
   1723.53441991148       7.699593280635969E-002  9.671378664198096E-004
   1259.65639237395       7.653729212291621E-002  5.198238195672619E-004
   843.358295600454       7.607865213874479E-002  7.251115619930548E-005
   932.452153615952       7.562001404626577E-002 -3.748013210479358E-004
   1341.98592091335       7.607386642828846E-002 -7.414679667633741E-004
   630.561812125345       7.652773411759430E-002 -1.107130721092635E-003
   2253.22304612028       7.698159570039260E-002 -1.473797260989255E-003
   1291.09836588683       7.743545947353624E-002 -1.840463747032054E-003
   394.398284687325       7.638434604873066E-002 -2.879319378721623E-003
   387.022725019194       7.602302803916541E-002 -2.421194379633724E-003
   1098.69691558057       7.566170429390938E-002 -1.963071771869395E-003
   1172.52124547861       7.530138024584766E-002 -1.504951535279940E-003
   3682.30088665845       7.494005149495817E-002 -1.046825177411779E-003
   4204.62628000896       7.450335943022517E-002 -1.500264388836685E-003
   1461.56544594274       7.406566778266573E-002 -1.953689145545380E-003
   786.595859004604       7.362897923419871E-002 -2.407114699654043E-003
   481.290246924190       7.319230242705041E-002 -2.860543857164229E-003
   3010.38123540511       7.289236776616104E-002 -1.661755718774540E-003
   2082.02391124073       7.335092872364143E-002 -1.230454366526634E-003
   314.576929894012       7.380949260104749E-002 -7.981582612589954E-004
   645.412639579743       7.426803915011020E-002 -3.668597038312722E-004
   629.654644159817       7.381423054624262E-002  7.806936403966099E-006
   1744.91183015951       7.336041343657630E-002  3.814760302388237E-004
   1427.02546388171       7.290660322915204E-002  7.561502311817674E-004
   146.843610151916       7.815767207513148E-002  2.110345366157399E-003
   461.142726770278       7.860622614936098E-002  1.692706618543285E-003
   281.184777214559       7.905378472366112E-002  1.275076322931660E-003
   99.8559685466338       7.950134307508226E-002  8.574448885606829E-004
   405.735858184333       7.994890056124972E-002  4.398113539673862E-004
   185.567308916103       8.043332543704132E-002  8.519781871654697E-004
   191.933267794143       8.091775061973398E-002  1.264145150102302E-003
   315.486160758218       8.140217566102474E-002  1.676313111880510E-003
   133.705097470533       8.188760140902236E-002  2.088475549116692E-003
   277.468829472589       8.245524309895184E-002  1.514137583787157E-003
   168.531762429980       8.203741825271511E-002  1.033578261886893E-003
   269.978286098511       8.161959893410466E-002  5.540185011435207E-004
   531.407862775028       8.120177918362700E-002  7.445868338264741E-005
   606.795899607840       8.078395777556237E-002 -4.051000431330469E-004
   470.558143302734       8.119724133904546E-002 -6.985290848215600E-004
   89.3035379271775       8.161052891711498E-002 -9.919552739989530E-004
   409.616463911345       8.202381614518099E-002 -1.285382615214508E-003
   238.645681101764       8.243710439072365E-002 -1.578809365737763E-003
   231.557094868970       8.109329554756191E-002 -2.906956007402552E-003
   113.942480173955       8.080473326743444E-002 -2.490257349240963E-003
   561.988593226357       8.051616976074923E-002 -2.073559178447129E-003
   341.647619921313       8.022760701675399E-002 -1.656859478565669E-003
   1641.37314604289       7.993904148614442E-002 -1.240161362799193E-003
   1553.28089655143       7.957260586781867E-002 -1.653017147038575E-003
   476.139932101401       7.920717139784277E-002 -2.065876711842954E-003
   449.586596856867       7.884073789578606E-002 -2.478728697574933E-003
   197.657735157921       7.847430936801766E-002 -2.891582929372216E-003
   1316.52447439964       7.785259536454078E-002 -1.478907888289766E-003
   1174.67995551827       7.826972921297747E-002 -1.117351802867968E-003
   281.850649734893       7.868685681784873E-002 -7.567980844306988E-004
   543.486458348388       7.910398728423956E-002 -3.952444774623362E-004
   248.152757571884       7.869163449276341E-002  5.717993840771631E-005
   63.3442788036621       7.827928160192482E-002  5.096048695922842E-004
   489.994938070028       7.786692854697375E-002  9.620308443553281E-004
   147.237397671484       8.302958260975374E-002  2.081780812825663E-003
   58.8759360158396       8.351045622718846E-002  1.717954183883274E-003
   426.632720392201       8.399033048884574E-002  1.354134363038653E-003
   441.134404298730       8.447020466042564E-002  9.903147314518890E-004
   120.210537671542       8.495007297441411E-002  6.254951897309499E-004
   374.247747874692       8.536118652583281E-002  9.850921848797165E-004
   124.870864619240       8.577229457579864E-002  1.343689321147443E-003
   106.207279012638       8.618340277372809E-002  1.702287002833093E-003
   128.599776778047       8.659351122264577E-002  2.060891039681067E-003
   1.67382202518764       8.745342720167282E-002  1.190836259235321E-003
   192.347152251853       8.709004282664300E-002  7.849588120791358E-004
   26.7919040908578       8.672665260150614E-002  3.780806022420831E-004
   247.246109022263       8.636326197496846E-002 -2.879779792522530E-005
   113.767825631942       8.599887021582765E-002 -4.356698082374874E-004
   149.426453244947       8.635817236701424E-002 -8.967846185382173E-004
   105.495109193196       8.671648147878985E-002 -1.356892685033969E-003
   91.2415082551250       8.707478454464831E-002 -1.818000798955204E-003
   60.3628304828530       8.743308771410413E-002 -2.279108752256487E-003
   22.3951398085448       8.676420159666848E-002 -2.940199615555333E-003
   61.0947444812962       8.630732523890795E-002 -2.576515312928882E-003
   65.9001665893886       8.585044910882689E-002 -2.212830884480274E-003
   109.719754075861       8.539457326690642E-002 -1.849152008126528E-003
   323.913249730421       8.493770254226851E-002 -1.484468287632457E-003
   215.363755237334       8.464458456063739E-002 -1.844755922209872E-003
   74.1806303210230       8.435147270958941E-002 -2.204043465604530E-003
   74.0826863282917       8.405836097337428E-002 -2.563330829723714E-003
   73.9742921005735       8.376524995410206E-002 -2.922618589521043E-003
   339.645516702567       8.279980509921894E-002 -1.289930812696010E-003
   335.063315520690       8.316250545948171E-002 -1.001052074651524E-003
   230.782898153621       8.352520587776789E-002 -7.121736897025110E-004
   1.15998402797139       8.388890604063956E-002 -4.233012570846124E-004
   11.1809399844251       8.352973812094393E-002  6.081284526710228E-005
   65.7672601355068       8.317157090483818E-002  5.449214025752795E-004
   416.474272625333       8.281340427135106E-002  1.029030114444743E-003
   106.519148922489       8.832348226389045E-002  2.050752192067558E-003
   152.637690575614       8.872842152595301E-002  1.527369063191412E-003
   1.43557186492905       8.913436029274557E-002  1.003979910641209E-003
   225.388797190056       8.954029245180586E-002  4.795906821871626E-004
   151.934166141281       8.994623003756455E-002 -4.379791254759282E-005
   148.381534616068       9.028727631350593E-002  4.752126666651821E-004
   69.3553158639649       9.062732920122997E-002  9.952294171774539E-004
   171.476167845062       9.096837686834976E-002  1.514240148515289E-003
   104.337508969327       9.130842478139822E-002  2.033256677236740E-003
   111.961487466393       9.245166456391794E-002  8.765352712400149E-004
   319.856606372045       9.192869870811600E-002  5.425952804422165E-004
   272.566409401040       9.140572747501370E-002  2.076545267586830E-004
   135.519002342342       9.088176228758160E-002 -1.262809590612492E-004
   31.4014849040861       9.035879066921546E-002 -4.612227664849802E-004
   27.1730394707735       9.087709701573217E-002 -9.222694317713332E-004
   78.2616644042771       9.139640864215288E-002 -1.382322007124128E-003
   167.666541900131       9.191471438446616E-002 -1.843368358294860E-003
   91.4319140566045       9.243302028045602E-002 -2.304414325612399E-003
   13.2630631345371       9.176011062012331E-002 -2.969481465577125E-003
   68.3292638060161       9.130517223297342E-002 -2.445805474156672E-003
   20.5764322171255       9.085023446236382E-002 -1.922129187652802E-003
   135.260563437173       9.039630285498909E-002 -1.397458848679992E-003
   42.9538393880167       8.994136532371619E-002 -8.737832964093091E-004
   86.4752426141926       8.947932035980356E-002 -1.392084337409652E-003
   2.18894113638541       8.901826955778017E-002 -1.911391659279473E-003
   12.5403981614084       8.855622443879280E-002 -2.429693211006688E-003
   15.6582530269300       8.809417888188607E-002 -2.947994543520314E-003
   66.4113870364087       8.795676835900886E-002 -1.823169937657415E-003
   49.9753359331316       8.848044892517722E-002 -1.367230875942517E-003
   26.9829109316462       8.900512364630479E-002 -9.122974122698391E-004
   6.07507063694205       8.952880471077322E-002 -4.563581830821671E-004
   87.1631670928123       8.901021140701899E-002 -4.431033149021249E-005
   248.483510064995       8.849061891336274E-002  3.677431666443296E-004
   342.784710782989       8.797202628088897E-002  7.797901831974154E-004
   4.94477244036977       9.360838549313752E-002  2.019773762436389E-003
   41.8804277292310       9.394262499068781E-002  1.547806484754488E-003
   28.0925436624030       9.427786397400860E-002  1.075832988415707E-003
   26.7023863718435       9.461210298594752E-002  6.038654019490093E-004
   26.2657369045690       9.494734204617386E-002  1.318921432098353E-004
   23.2821504931334       9.527309185606707E-002  5.999905465103729E-004
   6.70864677120954       9.559784162706213E-002  1.068094685745268E-003
   48.2323645712280       9.592359125306485E-002  1.536192980751222E-003
   26.9788973658938       9.624934088029466E-002  2.004291231266046E-003
   3.66083529030435       9.745123287632321E-002  7.882249577708336E-004
   56.8517382677361       9.697934745684188E-002  4.679855790279196E-004
   24.5855317626678       9.650746193285686E-002  1.477464098858614E-004
   5.50527221644274       9.603558230984771E-002 -1.714926945997820E-004
   34.0156238277384       9.556369693588049E-002 -4.917316781992018E-004
   57.2740714535154       9.603023053220826E-002 -1.084476504941182E-003
   17.1186771568121       9.649676979692552E-002 -1.676221471147212E-003
   5.61010687850455       9.696330324756113E-002 -2.268966393411175E-003
   2.35586701439821       9.742983668628025E-002 -2.861711321220351E-003
   1.99332135686654       9.728801259065353E-002 -3.001882378809216E-003
   3.79927113705057       9.670077778964373E-002 -2.528431972357202E-003
   11.5900909630206       9.611354299431847E-002 -2.054981554054545E-003
   38.7967748745149       9.552730815449310E-002 -1.581537045027314E-003
   118.828793861437       9.494007345639129E-002 -1.108086482162338E-003
   123.868666315110       9.447932706115145E-002 -1.575393783935213E-003
   59.7141804879102       9.401958082975802E-002 -2.042707508095035E-003
   27.1340019818013       9.355883452504565E-002 -2.510015609387121E-003
   2.26266379737094       9.309808776333478E-002 -2.977323600985626E-003
   74.5909510805955       9.290569593145234E-002 -1.849176668452634E-003
   31.2155797105900       9.337837166643963E-002 -1.393938806337648E-003
   35.2701669156675       9.385104176216560E-002 -9.397008001636813E-004
   123.914111378391       9.432371815625276E-002 -4.844629119325513E-004
   7.29585299401078       9.385570764103254E-002 -1.437132683122479E-004
   5.17807315618807       9.338769124072119E-002  1.960362348756640E-004
   35.6071048599217       9.291968067340527E-002  5.367855704640234E-004
   7298.11896994248      -1.495229596585860E-003  7.499118994488831E-003
   10944.8703923939      -1.121533998748667E-003  7.125740315620645E-003
   480.198974983666      -7.488708785423310E-004  6.753365955182830E-003
   57038.9682784565      -3.752264760995601E-004  6.380024894606263E-003
   78136.5608871164      -1.790677668924680E-006  6.006494946131380E-003
   144126.525497479       4.593063027633571E-004  6.378663692847536E-003
   156663.534075870       9.201693094218487E-004  6.751289746465076E-003
   78536.2867255479       1.381135874765378E-003  7.123045197381331E-003
   32602.9919114260       1.842391302271494E-003  7.495865425672798E-003
   172495.692953264       2.497651592581716E-003  6.838992055727416E-003
   159093.445776379       2.124782741664586E-003  6.378544779481678E-003
   59431.5579354414       1.752829094210499E-003  5.917767685856712E-003
   34615.1801730726       1.379610521087820E-003  5.456943956351935E-003
   73308.6684279520       1.006345361076967E-003  4.995987456869295E-003
   92311.5621411038       1.378968379774883E-003  4.650030222334606E-003
   92341.8446080159       1.750911121074668E-003  4.302811178050038E-003
   277733.506397897       2.121849533950134E-003  3.956947123380684E-003
   250142.606743911       2.493433291163824E-003  3.611018650804224E-003
   22438.2644475089       1.028304748972424E-003  2.868211663585231E-003
   138742.315320552       6.844210629435455E-004  3.241348590393961E-003
   178196.687140320       3.395557014866869E-004  3.615146454870872E-003
   256586.573345630      -3.909605366949735E-006  3.988977122741871E-003
   353513.957295102      -4.413398740016029E-004  3.616370189741128E-003
   252541.870500607      -8.779369986438260E-004  3.243799247306423E-003
   78436.4611705420      -1.315583962297911E-003  2.871995879681201E-003
   94510.2079440072      -2.502434073146307E-003  3.248559333364764E-003
   246360.515066445      -2.129650387183349E-003  3.685956763605482E-003
   81171.1695260603      -1.758054629798645E-003  4.123995282530052E-003
   24122.9808217226      -1.385170191479951E-003  4.561033551964229E-003
   98577.4450605659      -1.011600924265544E-003  4.998718039927198E-003
   13339.4383959264      -1.384316337874660E-003  5.372936572775921E-003
   56164.6507090615      -1.756825969498534E-003  5.747291657556612E-003
   67124.4663248854      -2.128387271748029E-003  6.120559523767190E-003
   86168.5497180853      -2.500999741364431E-003  6.494724059541577E-003
   55734.0577914400       3.154508832298860E-003  7.493519910561058E-003
   4950.49286183612       3.615011515800145E-003  7.080153773085716E-003
   11404.2423072572       4.074877416697388E-003  6.666605884409127E-003
   115621.452786353       4.534705803650837E-003  6.253359590894501E-003
   128926.711594085       4.994458184897991E-003  5.840294870914603E-003
   195637.779047541       5.480669064035315E-003  6.251008511612628E-003
   206926.138104175       5.967565912175050E-003  6.662296174906685E-003
   132013.341366582       6.453517099015461E-003  7.073812515571658E-003
   8977.73148682727       6.939863878715600E-003  7.485365448410232E-003
   223589.810602759       7.494021812058709E-003  6.929402864028303E-003
   184905.501463056       7.082146692225321E-003  6.444219570836962E-003
   77040.1562251096       6.670138317818532E-003  5.958640068424332E-003
   43255.9965592357       6.257766807672904E-003  5.472018773594592E-003
   123756.692137869       5.845191627837636E-003  4.986358856305805E-003
   73805.9048934132       6.256522777100967E-003  4.587767512078639E-003
   85071.9475659832       6.666850923689694E-003  4.187838987305213E-003
   298386.443501231       7.077065205348573E-003  3.789354709133572E-003
   250924.924074128       7.487093034559272E-003  3.391204241773408E-003
   60690.9002389717       6.177987122824458E-003  2.896288256087973E-003
   130852.594240873       5.782638702544730E-003  3.310134025951740E-003
   189133.940080633       5.386443171869371E-003  3.723555898179135E-003
   318166.185548648       4.991664001890737E-003  4.136844028482159E-003
   323869.157665933       4.647160571437537E-003  3.725337221085562E-003
   127650.761089950       4.301311577056672E-003  3.313578604333693E-003
   5638.79776148098       3.956132576368660E-003  2.901640956260932E-003
   393371.696855657       2.905248878040508E-003  3.954978290931482E-003
   291796.465606743       3.316923595354844E-003  4.299467077497792E-003
   139786.730623797       3.728706762962973E-003  4.645286125186207E-003
   35634.7938318248       4.141056568814902E-003  4.990108416197958E-003
   96776.0793883113       3.729737959660217E-003  5.452329442413988E-003
   10987.5638128345       3.318900024336182E-003  5.914740364051935E-003
   35033.7501678715       2.908170676353050E-003  6.376939376080439E-003
   22451.8212193962       8.049923402253934E-003  7.482816091958624E-003
   2193.45381174600       8.535098374375679E-003  7.005083387624792E-003
   46114.4712440591       9.019370171784591E-003  6.526937231659681E-003
   113713.348345870       9.504499546382434E-003  6.049026892160230E-003
   125749.399283221       9.988590575268059E-003  5.572421285939845E-003
   114214.217528182       1.036927442168400E-002  6.046140871808069E-003
   77803.5616553865       1.075098640999685E-002  6.521291081800279E-003
   21825.2546761155       1.113201278487348E-002  6.996439559209562E-003
   38370.9289738639       1.151419328280646E-002  7.471624587385362E-003
   124660.185906751       1.248952592556005E-002  6.490483897076280E-003
   228711.250062381       1.201284291118581E-002  6.111168368572706E-003
   169611.559748119       1.153637583757338E-002  5.732457166501263E-003
   149471.556442178       1.105983587823759E-002  5.352598596498261E-003
   53252.6030384895       1.058416404431139E-002  4.973547045787366E-003
   176929.888820662       1.105837432338933E-002  4.688417554161855E-003
   145384.483655784       1.153285430683068E-002  4.402230701766724E-003
   212845.525284349       1.200743203230881E-002  4.117480983809711E-003
   154350.307144538       1.248206312672607E-002  3.831983212836182E-003
   73165.1369275573       1.082923683553049E-002  2.947683253813475E-003
   10864.3739652192       1.054802803351083E-002  3.425163023731230E-003
   64130.4231178985       1.026602725647534E-002  3.902525298659371E-003
   307724.664760259       9.985705117126235E-003  4.378893671367517E-003
   337690.194213920       9.589108611723542E-003  3.904940456320885E-003
   118968.811770092       9.191274188133404E-003  3.429391021205210E-003
   16871.4993892399       8.794022775544044E-003  2.953636900218885E-003
   355181.624250880       7.962972168560054E-003  3.786888404783793E-003
   287079.306241340       8.438702517605111E-003  4.183082985721047E-003
   129725.870399258       8.914509918765417E-003  4.580698273219486E-003
   16557.4597194484       9.390060631366961E-003  4.977291390467573E-003
   93263.1978832595       8.916325632144331E-003  5.465172552618973E-003
   40301.2275015062       8.442182985052057E-003  5.954249746506689E-003
   35371.3851851522       7.968085418480536E-003  6.441978320943748E-003
   21082.7881847317       1.347030443845969E-002  7.464772100859596E-003
   16433.5029039641       1.385014654503014E-002  6.994298730130617E-003
   74081.3457587087       1.422844295483596E-002  6.523484810946146E-003
   41613.8208186753       1.460769120384974E-002  6.052781076008579E-003
   84301.3148722925       1.498577817109286E-002  5.582174934994928E-003
   98912.4940900812       1.544896885654520E-002  6.049248481978390E-003
   121097.979151703       1.591102670106386E-002  6.516716699644655E-003
   40984.5746447240       1.637428889577913E-002  6.984181438162535E-003
   4052.64497980208       1.683778416162189E-002  7.451607508842988E-003
   123952.201984630       1.748845898479793E-002  6.795984874358535E-003
   189260.310732845       1.701827667436003E-002  6.336024254241615E-003
   123399.446970131       1.654824165637478E-002  5.875711277113827E-003
   126261.350407986       1.607809951463964E-002  5.416299762809667E-003
   101273.370344299       1.560791843163776E-002  4.955753446919898E-003
   28530.2905731955       1.607568685510311E-002  4.555422127681191E-003
   4416.18270179045       1.654270107083290E-002  4.154883332076130E-003
   149702.072044828       1.700971606746040E-002  3.754717880530637E-003
   95161.4236353767       1.747662983666831E-002  3.354702520106424E-003
   101856.945490514       1.616897955992353E-002  2.921420102282902E-003
   21225.7034354408       1.577313190781003E-002  3.392623371428044E-003
   40697.9318116373       1.537740332962661E-002  3.863597290567511E-003
   212266.978440525       1.498197893721560E-002  4.334445233871186E-003
   129743.616992671       1.469831809050708E-002  3.866394097980578E-003
   32622.2725509685       1.441340042214583E-002  3.398027953395217E-003
   49045.7909978538       1.412916060340962E-002  2.929659802709694E-003
   280588.082353123       1.295159978743154E-002  4.114196833596579E-003
   253681.338430245       1.342093052944207E-002  4.395769511738790E-003
   218067.059011214       1.389027973365444E-002  4.678526812441017E-003
   2246.99998661718       1.435981496794576E-002  4.960519362721177E-003
   105414.415987664       1.389193979226599E-002  5.342625841872868E-003
   565.297690655460       1.342442276142682E-002  5.725739256195545E-003
   21141.8462508564       1.295685956658841E-002  6.107553888945601E-003
   1694.69231954763       1.814379595229757E-002  7.446003555815751E-003
   24184.5898450723       1.860450786703813E-002  7.070910829805674E-003
   12708.2716915338       1.906482437204882E-002  6.695704465466516E-003
   54229.1150020118       1.952419474831840E-002  6.320734192240231E-003
   60550.8326427995       1.998454665260193E-002  5.945865891666935E-003
   58418.2133172338       2.036885183065579E-002  6.317230634409261E-003
   61076.2239787157       2.075207419070776E-002  6.688799335245035E-003
   44775.6462124649       2.113637898959607E-002  7.060374408035547E-003
   16330.5053494718       2.152086626942182E-002  7.431879958183592E-003
   137548.647197693       2.248590279464566E-002  6.458971363898189E-003
   103842.604709965       2.211170328042110E-002  6.077527863345584E-003
   82665.2747403261       2.173745260021172E-002  5.696038953097026E-003
   74826.8627670554       2.136315536452425E-002  5.315488812526890E-003
   66046.3060046614       2.098891994296071E-002  4.933790460379795E-003
   7885.94687052712       2.136032438399361E-002  4.451075176864720E-003
   38077.2304212447       2.173114190769937E-002  3.968031069891785E-003
   116684.234692510       2.210182078626053E-002  3.485115905400024E-003
   95168.3435820550       2.247228297015770E-002  3.002421878906287E-003
   52846.9762454316       2.141457908604824E-002  2.804346404476385E-003
   74761.6083287707       2.093546944051772E-002  3.179837630855410E-003
   65911.8404249031       2.045632473878589E-002  3.554971102498389E-003
   162572.384890450       1.997733767668350E-002  3.930114171551753E-003
   174639.485452413       1.957848181449794E-002  3.558644610560577E-003
   127134.678595741       1.917964092284527E-002  3.186907703649396E-003
   19539.3708743917       1.878062513600428E-002  2.815075484558806E-003
   207643.493292262       1.785060298617362E-002  3.751123639224191E-003
   105498.118595044       1.822449619971568E-002  4.147942365230170E-003
   46707.4525767691       1.859856933515432E-002  4.544857656317872E-003
   31046.5320687368       1.897283416776135E-002  4.941835586065830E-003
   74996.8576721956       1.860145575453286E-002  5.405544600244449E-003
   22248.6227620864       1.823031816112698E-002  5.868381040951932E-003
   34820.3087808202       1.785924845456864E-002  6.332134174298310E-003
   7550.75354861625       2.345877814163552E-002  7.423398441213462E-003
   43064.8111028980       2.384022828530676E-002  7.011777730846504E-003
   18968.9226172190       2.422128113165175E-002  6.599881847802480E-003
   46819.9408310909       2.460137034299487E-002  6.189092504015102E-003
   51064.2986284475       2.498232436582273E-002  5.777249755340602E-003
   48285.5242639184       2.533010991030420E-002  6.185527386490021E-003
   37354.7988294300       2.567792836986420E-002  6.592817089347947E-003
   37817.7571921687       2.602478777504926E-002  7.001113279387332E-003
   9906.41026549415       2.637273677712207E-002  7.409355365268377E-003
   99368.3675931376       2.748428818289706E-002  6.286853129981625E-003
   90307.5640417006       2.707280323980872E-002  5.942951126777622E-003
   96288.6669912548       2.666131494570824E-002  5.600055871170189E-003
   94584.4449431699       2.625084998111532E-002  5.256114461725382E-003
   14729.2571530039       2.583940114021995E-002  4.912148539032279E-003
   42797.4293007119       2.624746491652323E-002  4.445173979604722E-003
   23412.2879050100       2.665399267186949E-002  3.978864374096791E-003
   66530.3290619226       2.706145181894430E-002  3.511630846420919E-003
   68592.4625570772       2.746876015305870E-002  3.045438247718506E-003
   15982.4464986220       2.636165058829605E-002  2.819371539583032E-003
   84974.2782485979       2.589901101147286E-002  3.231898462904766E-003
   45525.5200279394       2.543727447381784E-002  3.643162622463037E-003
   177719.889863444       2.497472260340313E-002  4.055552331030129E-003
   222077.464086713       2.449256135029179E-002  3.647781915430706E-003
   172310.981074009       2.401049322367165E-002  3.240783250421559E-003
   121576.001870763       2.352845951221352E-002  2.832532070859568E-003
   134872.285821299       2.288349970781014E-002  3.481736720910174E-003
   58722.7908374145       2.329485238206747E-002  3.961304925168925E-003
   5966.25167273410       2.370546406697362E-002  4.440895279535183E-003
   16429.2062787847       2.411748165993633E-002  4.920305788872244E-003
   2561.40387528738       2.370920089088996E-002  5.305209779817461E-003
   47876.9112397039       2.330207088156362E-002  5.689168886434363E-003
   11081.4939938069       2.289386864779308E-002  6.073967085495896E-003
   12941.9363640171       2.860658054380693E-002  7.397765810856305E-003
   41168.0093895471       2.895039932395120E-002  6.912157815712594E-003
   40707.1069595450       2.929285851065826E-002  6.425274295408929E-003
   9307.82550895534       2.963639915322096E-002  5.939439713510627E-003
   23095.1293081883       2.997980485338144E-002  5.452473047386176E-003
   39325.3806924607       3.040423996199301E-002  5.934998304469704E-003
   48131.5392797262       3.082861173914440E-002  6.416702652426342E-003
   35808.1239136462       3.125304325424193E-002  6.899425298045984E-003
   4852.31081122824       3.167756762615610E-002  7.381120853654577E-003
   73099.2244772378       3.248520971223379E-002  6.564775010344184E-003
   61554.2339480043       3.199914161962392E-002  6.145434778138639E-003
   57100.4501536821       3.151207156342149E-002  5.726080177469112E-003
   66757.1266937734       3.102597044689947E-002  5.306703090197699E-003
   29802.2591943180       3.053887278134351E-002  4.887285127209476E-003
   54440.4988847353       3.102204927139386E-002  4.550302187855907E-003
   44003.8683559684       3.150390687634825E-002  4.212308767111006E-003
   76197.9158348190       3.198680778969054E-002  3.875501257904454E-003
   42991.7681576533       3.246875173480759E-002  3.538839409444151E-003
   36922.3495673053       3.096800474728178E-002  2.868349115544258E-003
   2130.47244502347       3.063681642509440E-002  3.355474782579122E-003
   15497.7878006368       3.030473009440356E-002  3.841564011246584E-003
   120828.593499251       2.997389524771846E-002  4.328630913892219E-003
   150968.265328000       2.950689598300115E-002  3.846208112330724E-003
   83350.2785772517       2.904091431009979E-002  3.364554262885295E-003
   36651.1010013953       2.857383130497194E-002  2.881791647967359E-003
   131205.780559391       2.795472179115097E-002  3.506779552964304E-003
   92044.6722862586       2.844161404943665E-002  3.969364645859147E-003
   37240.6350490815       2.892758594029202E-002  4.431047330141390E-003
   42565.8537561466       2.941489269037247E-002  4.893609555656297E-003
   19043.7366782342       2.893168722937577E-002  5.242131362641837E-003
   17371.4878478692       2.844954768584423E-002  5.590693913123044E-003
   36304.5383215573       2.796629449372529E-002  5.938124141171257E-003
   7076.24994315595       3.330152456073388E-002  7.372130821348031E-003
   3537.17763985424       3.372139552278065E-002  6.963701047179763E-003
   8098.06827146088       3.414105370830244E-002  6.555175173584133E-003
   22684.2924413262       3.456070383928173E-002  6.147722830881232E-003
   24991.4437286837       3.498033725451545E-002  5.739347016574697E-003
   13631.8903602882       3.528153715162428E-002  6.143652427614867E-003
   10353.1085227636       3.558273489627379E-002  6.546989639453197E-003
   2469.08349666506       3.588396642543967E-002  6.951324457902239E-003
   2682.47235006028       3.618421411538587E-002  7.355667532466933E-003
   29935.5128669552       3.748190357266133E-002  6.043338369562897E-003
   36688.8193888525       3.707429810560920E-002  5.747650265729390E-003
   33387.0009346097       3.666669993117853E-002  5.450937026812925E-003
   33208.6710749433       3.626009753756765E-002  5.154207043754190E-003
   14207.3420852898       3.585250346369348E-002  4.857452598430010E-003
   4378.80035262919       3.625603266959766E-002  4.393142707958223E-003
   8662.83519398688       3.665837132223321E-002  3.927739773436756E-003
   30800.0606753462       3.706169092313276E-002  3.463382509799457E-003
   15638.2657326197       3.746496517365384E-002  2.998085303643677E-003
   17710.5779709171       3.635064314693826E-002  2.760448196677641E-003
   15469.9979120462       3.589100546824422E-002  3.169165798851622E-003
   11390.9934439931       3.543036024892750E-002  3.576798350411666E-003
   54405.6406040525       3.497078279235239E-002  3.985437661263173E-003
   44835.1807687214       3.463474138201362E-002  3.581292666020431E-003
   25127.8354757604       3.429770206101326E-002  3.178040690076811E-003
   674.080007508490       3.396158908926785E-002  2.773761973905160E-003
   66563.1301905805       3.287641433648315E-002  3.870596689554488E-003
   47603.5314086548       3.328407037369961E-002  4.202428604695991E-003
   30271.9658473727       3.369076822389425E-002  4.535313323348643E-003
   18840.8022556058       3.409850236993425E-002  4.867253147180761E-003
   22190.5625672287       3.369482534356567E-002  5.291661104213433E-003
   5456.42264713363       3.329224208106923E-002  5.716072593862013E-003
   5019.93631455960       3.288867610276670E-002  6.140413378724964E-003
   3320.24645823155       3.879414670884266E-002  7.340781216027410E-003
   15483.1767346897       3.909054579014850E-002  7.042160605501716E-003
   4422.89578194409       3.938782350586523E-002  6.742434181016450E-003
   6416.20917839390       3.968513734053004E-002  6.443742168089408E-003
   11733.9549154291       3.998242662257839E-002  6.145031339073283E-003
   15193.6447032985       4.044110633466281E-002  6.439372188448446E-003
   20729.4538134999       4.090075994002969E-002  6.733738032967852E-003
   31384.6814475292       4.135941495200865E-002  7.029108991470518E-003
   15223.6348713437       4.181809562326581E-002  7.323446286195382E-003
   31792.2647604586       4.248522526580407E-002  6.648630210712710E-003
   8570.25932700406       4.218569040347434E-002  6.193351068806651E-003
   10336.6861378856       4.188511968576588E-002  5.738091993740673E-003
   10247.9251586520       4.158553675407348E-002  5.281817269950287E-003
   12324.7713335131       4.128598341137681E-002  4.826515352877521E-003
   5065.42975193813       4.158029354880595E-002  4.340828474004200E-003
   10874.1892204265       4.187447087311955E-002  3.856050233801451E-003
   22711.9873514471       4.216963372303983E-002  3.370289697335183E-003
   20334.4879290143       4.246371692094073E-002  2.885528552500789E-003
   9071.46081499560       4.141321768135631E-002  2.622699200373710E-003
   30820.0357687331       4.093102509571857E-002  2.923544503643115E-003
   18222.4761017279       4.044979147871779E-002  3.223306900835828E-003
   40895.4188284414       3.996762002232293E-002  3.523139511759436E-003
   54484.2565820584       3.950406085891868E-002  3.228764739572940E-003
   50694.8357811262       3.903950521333192E-002  2.934381273336539E-003
   43542.4299481977       3.857595755284685E-002  2.638949364058209E-003
   22431.0059785273       3.776441167795318E-002  3.459420320126261E-003
   4653.26996260295       3.806489840907631E-002  3.919789606210029E-003
   6078.98567926945       3.836443804953257E-002  4.381165236060434E-003
   260.520879377009       3.866403803468142E-002  4.841511585589891E-003
   3922.11051152082       3.836872280116335E-002  5.142192816514692E-003
   4083.72018591913       3.807343569402117E-002  5.442895053443060E-003
   8708.14730519055       3.777712007936370E-002  5.743566782862212E-003
   3760.26335928010       4.316004033176904E-002  7.315694390419729E-003
   15726.7289451252       4.361492169361558E-002  6.943054106811721E-003
   2949.45480830689       4.406972984130857E-002  6.570374123224759E-003
   19749.7295290212       4.452554564521927E-002  6.196722815831274E-003
   14091.1893845029       4.498033581636068E-002  5.824053756513826E-003
   24283.5483867055       4.537641493901395E-002  6.191740897298000E-003
   20002.2952256538       4.577349552355550E-002  6.560443708843650E-003
   16673.4959742969       4.616957383600840E-002  6.928166982462713E-003
   8351.00905775333       4.656667114722747E-002  7.295885658548907E-003
   19214.8199657840       4.748336211506624E-002  6.368585745881505E-003
   17483.8510892390       4.711114950507334E-002  5.975734698565391E-003
   12851.0216825883       4.673892962706448E-002  5.583875179512506E-003
   7760.57850174998       4.636569013527323E-002  5.191014690041533E-003
   1681.19277599953       4.599343688507851E-002  4.799149258559685E-003
   12865.9882227633       4.636150012956898E-002  4.458994428937027E-003
   6179.35341568806       4.673047496554952E-002  4.117785867083839E-003
   20343.9426824920       4.709846069661203E-002  3.777614244598215E-003
   15939.1318358490       4.746642278065570E-002  3.437441834494649E-003
   969.199224245986       4.597691748388104E-002  2.669174488698871E-003
   13402.7677566748       4.564112314220532E-002  3.041179313245925E-003
   12047.3541778581       4.530432908548657E-002  3.414156494479496E-003
   31008.1925655179       4.496858611272749E-002  3.786158810639218E-003
   44341.0974358232       4.448256503231612E-002  3.418975864781469E-003
   35321.6798175599       4.399754016447466E-002  3.050770935924332E-003
   32445.1521764581       4.351153010613684E-002  2.683530830625204E-003
   26885.6795324451       4.283634195972896E-002  3.366369818958339E-003
   14058.8023763197       4.320901072639429E-002  3.848254427438343E-003
   766.587223031717       4.358271112459657E-002  4.329147885403011E-003
   8573.67121680139       4.395548666122874E-002  4.811018162580192E-003
   5630.06546541852       4.358811618356644E-002  5.270152318126860E-003
   8079.49794748928       4.321981205696540E-002  5.730327923832551E-003
   2712.75580368116       4.285249468012443E-002  6.189468722572546E-003
   3124.36713556175       4.841063669196966E-002  7.285206076823531E-003
   514.775845631872       4.880325485740845E-002  6.866888958132320E-003
   1711.43426072974       4.919480169643085E-002  6.447548854220066E-003
   15588.7398302759       4.958734571184918E-002  6.029227682674456E-003
   11894.9733994739       4.997885697248296E-002  5.609919800048077E-003
   22395.1087709832       5.044218679931768E-002  6.024230228753579E-003
   17937.5606913191       5.090449752169394E-002  6.437590991291360E-003
   4750.95721881900       5.136782971757926E-002  6.851966098539980E-003
   1621.99601702344       5.183018593522627E-002  7.265358272741110E-003
   15162.8376218098       5.248440294498457E-002  6.603551658706588E-003
   23305.7136744132       5.206583571541862E-002  6.145982638411427E-003
   9829.19566805384       5.164626833971928E-002  5.687363635810222E-003
   3085.37021647583       5.122767641709872E-002  5.229729238420261E-003
   5304.78530795615       5.080804273311753E-002  4.771103671387694E-003
   1847.41685466798       5.122242777000156E-002  4.316644229393227E-003
   594.371783799591       5.163575454481214E-002  3.862167085568775E-003
   13241.0615628726       5.205006443245644E-002  3.407701710562035E-003
   10910.7046503367       5.246336074070219E-002  2.953267788070753E-003
   4444.56439363577       5.131777784459234E-002  2.684009309014090E-003
   7474.27980765403       5.086826016973547E-002  3.103695191237204E-003
   10413.0235482979       5.041874102604799E-002  3.522349552948213E-003
   14766.4573517299       4.996923537415901E-002  3.941983980799951E-003
   13892.8893914130       4.962888311743856E-002  3.526949233061120E-003
   5241.83724164497       4.928752320320183E-002  3.112895199975941E-003
   467.061789013522       4.894713440388796E-002  2.697829230740957E-003
   24081.7005965279       4.788432478393968E-002  3.773004122184506E-003
   19883.5730085375       4.830322583118477E-002  4.108581358704572E-003
   13179.8540203471       4.872113647166899E-002  4.445187327781728E-003
   2861.28822367054       4.914005857135243E-002  4.780803996014204E-003
   6738.37114108841       4.872533477044128E-002  5.177260313263333E-003
   7676.45690034548       4.831167135488714E-002  5.574724874886611E-003
   9300.55099096540       4.789700231361579E-002  5.971160658964083E-003
   236.069182855957       5.314617128708920E-002  7.257674931412340E-003
   1525.01989930032       5.360337216703755E-002  6.767985357615400E-003
   7101.77057199707       5.406150363158939E-002  6.277253025660610E-003
   1343.85566069361       5.451863485646155E-002  5.787538300393686E-003
   4526.93704056856       5.497675886995793E-002  5.296839867798159E-003
   2678.24179745371       5.542758802751591E-002  5.782202084962724E-003
   6316.43180399044       5.587841020579254E-002  6.266566784208846E-003
   246.145380744630       5.632924611008520E-002  6.751924710533918E-003
   708.029387837600       5.678006098692476E-002  7.236294665887333E-003
   839.699836116018       5.748393235803508E-002  6.524142483688384E-003
   9373.98365089577       5.699432440495424E-002  6.079024340815858E-003
   5938.76843856694       5.650373182561706E-002  5.633895330264023E-003
   9186.52365552875       5.601413842379777E-002  5.188765106706194E-003
   4921.53453976082       5.552355659224207E-002  4.743633511635439E-003
   1810.58949026128       5.600904653519130E-002  4.307779180612508E-003
   2670.32516310594       5.649350627828454E-002  3.872915933764222E-003
   152.971811259308       5.697896077905693E-002  3.437058983441245E-003
   699.873935274647       5.746342218270910E-002  3.001226615812746E-003
   3555.81544689003       5.625979396508021E-002  2.726258893014114E-003
   1383.48582336451       5.582965175304364E-002  3.216801785700047E-003
   3708.07253483284       5.540050861684477E-002  3.706331694386623E-003
   13641.5852736037       5.497038650565936E-002  4.196872655763049E-003
   13097.6083161685       5.451564050307933E-002  3.711512029508823E-003
   7267.41636278215       5.406090812598835E-002  3.227097131247643E-003
   191.884219310887       5.360614347429682E-002  2.741672667812505E-003
   17268.4068144404       5.295290695990430E-002  3.402426579932471E-003
   11165.1878254925       5.344344011250700E-002  3.851620744655830E-003
   5443.53578021322       5.393298501709941E-002  4.300843453328591E-003
   7844.03247593701       5.442356627459977E-002  4.750062546379987E-003
   7752.28893798433       5.393825359422077E-002  5.213946985404606E-003
   216.742258172029       5.345396357591632E-002  5.676828753713778E-003
   4496.95385967267       5.296867790171876E-002  6.140690434731007E-003
   4366.69985278594       5.819602610582047E-002  7.227958963178916E-003
   669.677253057508       5.864184148896892E-002  6.847372744381498E-003
   11036.2053372031       5.908764026541360E-002  6.465763897353663E-003
   11526.0854431386       5.953345347801610E-002  6.085151613987999E-003
   4360.91572959244       5.997926313627719E-002  5.704527630933385E-003
   10227.2374638974       6.053751014011415E-002  6.079235160190993E-003
   3820.41421492678       6.109575835672397E-002  6.453936421936490E-003
   3421.26168190288       6.165402878624244E-002  6.829597234152811E-003
   10187.4261977650       6.221226840482455E-002  7.204220934394981E-003
   2981.29968541814       6.248662859927939E-002  6.926588234113665E-003
   955.424567521606       6.210529363235765E-002  6.372872102909872E-003
   5690.94702388749       6.172298717574686E-002  5.819179651045999E-003
   10126.3990931190       6.134170744499610E-002  5.265466047724118E-003
   3946.10552640334       6.096047218407948E-002  4.711718658611891E-003
   1727.33350958771       6.133617126119112E-002  4.314513997981998E-003
   6373.76194196892       6.171184944996148E-002  3.916293082545115E-003
   8443.92639506631       6.208853577573190E-002  3.519063625303404E-003
   6305.02494430799       6.246422013056398E-002  3.120840738820616E-003
   1509.31282614306       6.114705858717841E-002  2.588588475658076E-003
   3116.96934033351       6.075428463201631E-002  2.969903118692121E-003
   6428.23165088425       6.036049917601423E-002  3.350220675374918E-003
   3337.46214719270       5.996772517158579E-002  3.730549415766795E-003
   1618.58688074782       5.953251943687381E-002  3.355103730990124E-003
   4693.23992781280       5.909832199744185E-002  2.979644715298633E-003
   2647.20229157489       5.866311788346654E-002  2.603195200569582E-003
   2341.75599273153       5.784394885789122E-002  3.432000590712978E-003
   862.369871809806       5.822547042902928E-002  3.862773216525481E-003
   2841.97730413005       5.860599082572593E-002  4.292546018915423E-003
   1454.70797781450       5.898650930089529E-002  4.723324487560457E-003
   2072.66952926106       5.861112915365699E-002  5.173519971586229E-003
   4170.03357557963       5.823573540767018E-002  5.623714192880544E-003
   13447.9407958900       5.785932611093957E-002  6.073912784162187E-003
   4449.44600038093       6.276424150126417E-002  7.200953838385080E-003
   85.6242507368750       6.331830108967740E-002  6.865744489616728E-003
   8864.48232939406       6.387237069934867E-002  6.530502029910416E-003
   6321.87020949768       6.442643323410691E-002  6.195241071256541E-003
   3311.73489046394       6.498047928324213E-002  5.859956666963661E-003
   2531.08433539024       6.542944328679932E-002  6.189303909447977E-003
   953.768189318564       6.587840570296105E-002  6.518646652267902E-003
   5248.11752371494       6.632836228590998E-002  6.847979488379088E-003
   5829.08515546763       6.677731849054333E-002  7.177305261705529E-003
   1965.53251761738       6.748410208876886E-002  6.462133936596109E-003
   4863.38418331528       6.714946244473388E-002  6.017097231930704E-003
   334.274186652781       6.681480953900690E-002  5.571080713983734E-003
   2015.68069211261       6.648016986998029E-002  5.126064470134601E-003
   1717.30213889568       6.614553897624369E-002  4.681045587762020E-003
   1480.09359462009       6.647499107911231E-002  4.248106051348804E-003
   1231.03644642062       6.680444187730034E-002  3.814165202552589E-003
   2952.35553498650       6.713390672878920E-002  3.381223765968508E-003
   3014.18174725872       6.746337272343352E-002  2.948271524859373E-003
   2504.56394164515       6.625477850978875E-002  2.512381818095816E-003
   3999.75353368500       6.582573393717324E-002  2.846909565462959E-003
   5966.56168468512       6.539568626088334E-002  3.181448087596041E-003
   2985.22313189000       6.496664248779831E-002  3.515991074578791E-003
   4176.01054197272       6.456967406018518E-002  3.186335236448593E-003
   1172.47608926706       6.417170632425295E-002  2.856693644831201E-003
   1339.94249404615       6.377473972774728E-002  2.527055176993120E-003
   2422.75526975372       6.279858025071128E-002  3.514857212480086E-003
   1370.21963069039       6.313292024401743E-002  3.907876921885750E-003
   1585.44000093195       6.346726317089198E-002  4.301889492451558E-003
   4129.14114701545       6.380159241325922E-002  4.694901885505861E-003
   3185.25695499623       6.347287531100500E-002  5.252827341333723E-003
   3826.78853475406       6.314415108238654E-002  5.810748778302431E-003
   5706.99879207372       6.281540095512042E-002  6.368657341308095E-003
   1883.63978542683       6.819927831315636E-002  7.168936101183679E-003
   2692.42368178529       6.864449553138834E-002  6.865320253753729E-003
   775.402375261927       6.909070926836523E-002  6.560695007696801E-003
   1543.71541227178       6.953593165713254E-002  6.257075009204367E-003
   353.388445866203       6.998114802945019E-002  5.953444921312659E-003
   1912.25308188309       7.052390504662055E-002  6.251258702829100E-003
   948.029254625918       7.106766422318508E-002  6.549063450429790E-003
   2687.65831180897       7.161042646880821E-002  6.847877873068215E-003
   1491.18632714995       7.215318553822317E-002  7.145692115840339E-003
   2062.13412395131       7.248620844347874E-002  6.808732000532413E-003
   643.125675638780       7.218203933999136E-002  6.269507786066266E-003
   34.9835341455845       7.187686391085334E-002  5.730291810305107E-003
   825.515370189315       7.157268219949463E-002  5.190069297519459E-003
   1763.34934505074       7.126850045608236E-002  4.650850931625981E-003
   124.027778103721       7.156729900073056E-002  4.277084957449643E-003
   286.480966985865       7.186611031708670E-002  3.904323588332132E-003
   503.443689153364       7.216591649608899E-002  3.530555837005702E-003
   241.286304108974       7.246472539854136E-002  3.157788700442948E-003
   49.3407161526076       7.107555286639049E-002  2.452951959335512E-003
   90.9755151553485       7.070533727169648E-002  2.757134160866133E-003
   36.6514582210528       7.033611525555762E-002  3.060312091593066E-003
   2439.72599950178       6.996588855495199E-002  3.363491914012425E-003
   2784.82969783174       6.953311633188841E-002  3.065034226223514E-003
   2679.52865474341       6.909933926704162E-002  2.766592296855928E-003
   1646.17430377735       6.866655729346703E-002  2.467148755317465E-003
   1488.03793612733       6.776692312952240E-002  3.377481960033274E-003
   99.6183668913792       6.807146734022436E-002  3.806684761841604E-003
   742.982137485412       6.837501224800611E-002  4.236893099615520E-003
   3166.92860787454       6.867855137242426E-002  4.666098659358065E-003
   556.903063119864       6.838018520864275E-002  5.114852073391899E-003
   1098.80174934377       6.808182471182667E-002  5.563610644891486E-003
   263.237134502460       6.778246625971174E-002  6.013373545959324E-003
   310.633113116505       7.282317388174855E-002  7.141756669730562E-003
   2834.41919120882       7.336191664415929E-002  6.757577439289173E-003
   2949.49854418759       7.390065078323957E-002  6.372400977379791E-003
   3392.72429558228       7.444039392291171E-002  5.988223646135520E-003
   1031.24459912515       7.497913863912825E-002  5.604053866173264E-003
   2162.22834156018       7.535036029858450E-002  5.982885479700090E-003
   479.738417149908       7.572058513057629E-002  6.361722635314111E-003
   119.404047698098       7.609181645597971E-002  6.741556480745419E-003
   589.108697617020       7.646204464075468E-002  7.120396441304940E-003
   782.051372892762       7.748200921907142E-002  6.088396930261755E-003
   1213.85396799492       7.709886168454649E-002  5.722636926692951E-003
   558.223607863099       7.671470755032972E-002  5.355880520215453E-003
   845.297995419166       7.633155842825828E-002  4.990116034298552E-003
   838.113721043091       7.594839722382597E-002  4.623354219759688E-003
   470.262255514511       7.632674507632339E-002  4.171122531229755E-003
   725.002377531133       7.670509567076904E-002  3.718893784482703E-003
   784.791503029444       7.708444451469423E-002  3.266658833939422E-003
   732.566276712023       7.746278751407615E-002  2.813431261433321E-003
   656.686162170644       7.631094137704229E-002  2.502187410849165E-003
   686.902963061437       7.586319371309969E-002  2.886822784262113E-003
   1474.46959739984       7.541544122774847E-002  3.270458566072815E-003
   849.742916536029       7.496768549296963E-002  3.654089770134106E-003
   614.493862615614       7.459345274605360E-002  3.275279340682959E-003
   1010.23550020333       7.422021815764973E-002  2.896465009993938E-003
   284.325137580915       7.384597785415062E-002  2.516656522060535E-003
   71.8043140405914       7.284789831679966E-002  3.526543184749058E-003
   419.947202191344       7.323207868368885E-002  3.896289806053272E-003
   151.612072883164       7.361525151393412E-002  4.265044066278000E-003
   632.568875857473       7.399843048642674E-002  4.634798104796671E-003
   582.887609957939       7.362061421670527E-002  5.178028050406427E-003
   340.921076034985       7.324281073070978E-002  5.722261740792344E-003
   1667.38678900319       7.286400662718130E-002  6.265502074984911E-003
   546.919254541945       7.851401254124737E-002  7.108362002553420E-003
   71.8357712184991       7.887979275620123E-002  6.729205034629648E-003
   932.563409040973       7.924656595261778E-002  6.349043504248207E-003
   1519.62375262037       7.961234323775403E-002  5.969888709060972E-003
   853.939898015710       7.997911448405169E-002  5.589730640191219E-003
   1458.98715873891       8.038931871464927E-002  5.965333955387995E-003
   403.864210595159       8.079851855870583E-002  6.339943812999680E-003
   323.620632950146       8.120872492824267E-002  6.715549883534986E-003
   607.871444083704       8.161892729468202E-002  7.090156968908957E-003
   408.961220247456       8.248281923955152E-002  6.216078209872888E-003
   859.543742684534       8.210343747417437E-002  5.810294306202951E-003
   121.748876041052       8.172305545760346E-002  5.404513550574633E-003
   808.641122811743       8.134367797247775E-002  4.999725733475405E-003
   73.9789503504787       8.096329020264927E-002  4.593945595558858E-003
   520.350650143446       8.133845465096823E-002  4.109734122242529E-003
   322.548164663208       8.171262001326984E-002  3.625529924722979E-003
   542.983312804151       8.208778355579313E-002  3.141319666329538E-003
   556.144224671289       8.246194099399691E-002  2.656117277748081E-003
   405.053204304526       8.140682198294644E-002  2.468304246486561E-003
   568.430475665749       8.092704962445695E-002  2.849126345178691E-003
   1124.47586691263       8.044727203696071E-002  3.228948020343651E-003
   195.278194446116       7.996749808229944E-002  3.609766170469747E-003
   2.28039667319293       7.951528958322257E-002  3.234411237337816E-003
   422.597728094299       7.906308714322648E-002  2.860054567402999E-003
   363.351477387624       7.861087853473540E-002  2.484696459190498E-003
   159.358999949285       7.784242377927479E-002  3.262214809499216E-003
   224.985074255628       7.822305582583136E-002  3.709992508518574E-003
   578.669917553430       7.860268844968345E-002  4.157776989866776E-003
   404.146261401130       7.898332217485064E-002  4.605555498294909E-003
   360.604598599695       7.860749489314693E-002  4.976770778822664E-003
   975.770636893986       7.823266362839289E-002  5.346979422425353E-003
   1865.69209264179       7.785683980048073E-002  5.718192869687941E-003
   504.033443755330       8.335690022888084E-002  7.079968894427613E-003
   380.690133481852       8.376230690260894E-002  6.636580513461733E-003
   295.302944231347       8.416771170293846E-002  6.193192189545978E-003
   796.176504888986       8.457211477929198E-002  5.749810306362770E-003
   545.126104029989       8.497751763231465E-002  5.306424944330238E-003
   791.151468743874       8.541409189069518E-002  5.744874091237597E-003
   150.511026365052       8.585066648107723E-002  6.183325012663650E-003
   537.873237212277       8.628724228661941E-002  6.621776950665044E-003
   555.325004917524       8.672381964413374E-002  7.060229271488905E-003
   162.575417995897       8.748332851844652E-002  6.291762849053038E-003
   785.068722870107       8.703979441343999E-002  5.860355806546949E-003
   164.450609850920       8.659626113124375E-002  5.428945645509671E-003
   429.810001299387       8.615272679954573E-002  4.997534433477918E-003
   110.168355184484       8.570918952081125E-002  4.566123830344797E-003
   96.4345173520057       8.614778276422615E-002  4.154542957653287E-003
   412.914405344552       8.658637570189882E-002  3.742962975401146E-003
   552.327115102254       8.702496817723618E-002  3.331383699679202E-003
   330.805647988031       8.746356703575316E-002  2.920805951279581E-003
   153.094855152184       8.618810343265074E-002  2.504277079324673E-003
   34.8812747618854       8.578169683013337E-002  2.947669135325785E-003
   488.514230982933       8.537529133079930E-002  3.391061143232312E-003
   57.0244981818714       8.496888555460116E-002  3.834451467844861E-003
   296.573216663373       8.448431018548071E-002  3.396284678104099E-003
   23.8034654228744       8.399973558566759E-002  2.958115485955103E-003
   162.709178164463       8.351516059692739E-002  2.519944906675754E-003
   103.379562744256       8.290576200624004E-002  3.136525283439956E-003
   122.729066211862       8.334957773761184E-002  3.615934622305499E-003
   441.014843307843       8.379339458964988E-002  4.095344590961550E-003
   481.813207794445       8.423721324451379E-002  4.574754062962549E-003
   105.459357677427       8.379861451609562E-002  4.985336942058297E-003
   597.746167748235       8.336001191716214E-002  5.394919288596113E-003
   1182.84039902136       8.292141605299692E-002  5.805500259806350E-003
   213.315379886046       8.825179506372212E-002  7.051269284955001E-003
   75.2058793709063       8.868338363062155E-002  6.638729903048824E-003
   125.452389361808       8.911497697832346E-002  6.227190517211094E-003
   224.165019006533       8.954656411180231E-002  5.814651727032045E-003
   230.530022104373       8.997815178058551E-002  5.402114422655945E-003
   99.0300172187354       9.034854857491954E-002  5.809950219641768E-003
   18.3011036015238       9.071894555840378E-002  6.217786210323506E-003
   200.945828421785       9.108933710560839E-002  6.624622163858545E-003
   137.592350629390       9.145973431227798E-002  7.032458517540612E-003
   4.45760906281290       9.248168988597980E-002  5.998448095366131E-003
   282.505713791295       9.206953949256202E-002  5.632858835887966E-003
   112.714123626058       9.165838964887141E-002  5.267262733314324E-003
   31.9877464570253       9.124623965101811E-002  4.901672340417439E-003
   130.168493641011       9.083408936902029E-002  4.536081814122480E-003
   3.77310092815649       9.124210115063980E-002  4.195683678326153E-003
   24.6768614214603       9.165011829463972E-002  3.856285410529832E-003
   54.5465880579524       9.205712950669960E-002  3.515893210358563E-003
   16.6023836381220       9.246514674115841E-002  3.176495579700896E-003
   40.5195940510678       9.097383418372966E-002  2.445225834858930E-003
   2.04966133437804       9.063823774466197E-002  2.856200707215901E-003
   49.8254790814263       9.030364731428094E-002  3.268169587072734E-003
   234.076135239012       8.996805719560601E-002  3.680144314783583E-003
   256.769524556821       8.955666208310820E-002  3.272549045883733E-003
   161.061096058719       8.914526747938653E-002  2.864952298167817E-003
   54.3114650564770       8.873387841897787E-002  2.458355025853218E-003
   187.748121435342       8.787594962540228E-002  3.326396785893198E-003
   47.5990328020898       8.828733862213266E-002  3.732993706218133E-003
   85.6211923432038       8.869972817343663E-002  4.139585104399052E-003
   469.049833999770       8.911211815867308E-002  4.546176847851541E-003
   168.939498971509       8.870466988335649E-002  4.982575255712730E-003
   32.0719270536263       8.829722219979093E-002  5.418973480102506E-003
   182.326227682843       8.789077519925202E-002  5.855365571202388E-003
   120.198173276036       9.351569907531235E-002  7.020402052898921E-003
   165.411173227105       9.388092572737372E-002  6.546253237449288E-003
   25.8317689593268       9.424615210020096E-002  6.072104055706088E-003
   161.125203802214       9.461137888823409E-002  5.597954920937741E-003
   56.9535637563791       9.497660016028878E-002  5.122805694334535E-003
   214.872045076048       9.538136821748376E-002  5.593440066586967E-003
   49.2940302859739       9.578613043514407E-002  6.063073488970963E-003
   199.550544647699       9.619089211394682E-002  6.532706736629924E-003
   138.122797437190       9.659565353229073E-002  7.002339799405046E-003
   4.86485934417952       9.748240654445703E-002  6.105124276559153E-003
   259.064896492147       9.700805651622446E-002  5.705899087026694E-003
   53.6925343822986       9.653370607380109E-002  5.306674963898816E-003
   114.168562604536       9.605935599903664E-002  4.907451182813957E-003
   53.9418217767375       9.558400685322686E-002  4.508233339968619E-003
   206.183558013020       9.605510536620554E-002  4.182466823476425E-003
   39.7476539298888       9.652520963915381E-002  3.857705714045060E-003
   9.45899487355180       9.699530832113903E-002  3.531944699268271E-003
   7.21244606409225       9.746540689200561E-002  3.206183424342970E-003
   16.8161241273838       9.592911308045274E-002  2.478176233038212E-003
   13.4670436939312       9.560888534627737E-002  2.952061383982404E-003
   210.935275513797       9.528965736334176E-002  3.425940627530691E-003
   160.657463889197       9.496943571280529E-002  3.900826497975068E-003
   61.2288877027663       9.462866871737900E-002  3.429816405044723E-003
   56.6172919859310       9.428890763255034E-002  2.959800286714120E-003
   45.3236483882383       9.394814657352585E-002  2.489789973091950E-003
   39.8856624140352       9.293911413645842E-002  3.510722780409122E-003
   41.6528409234478       9.341308742106012E-002  3.845949924010284E-003
   50.9910436516051       9.388705488668511E-002  4.180177032526771E-003
   70.5440739137099       9.436202823088440E-002  4.515398216849058E-003
   45.5921391905958       9.389119387384989E-002  4.886164733191306E-003
   144.869618832674       9.342135904713486E-002  5.256925415436779E-003
   274.677988508870       9.295152415994808E-002  5.627686285165969E-003
   52548.9548706866      -1.780165903016250E-003  1.249937277555475E-002
   69227.0005092139      -1.333943595784698E-003  1.216733839118288E-002
   117693.632026288      -8.888464115530093E-004  1.183412303245233E-002
   129856.184890641      -4.437543820298075E-004  1.150185324627866E-002
   38978.9224319613       1.366328005371070E-006  1.116960543043738E-002
   99552.8168153200       3.359565311356459E-004  1.150112686531857E-002
   29318.1022872799       6.692681198967545E-004  1.183297290954306E-002
   44131.9657937721       1.003698701792319E-003  1.216570067680544E-002
   102993.817791807       1.337191163486593E-003  1.249738267543650E-002
   54205.6616529236       2.501697836068586E-003  1.133000976265959E-002
   36932.1164008964       2.169402123962087E-003  1.099742283397355E-002
   25871.4741899276       1.836129454962027E-003  1.066380885775414E-002
   72402.1573791859       1.503804585626539E-003  1.033122633411287E-002
   86574.3815520054       1.171860595950807E-003  9.997285458030166E-003
   49995.2978068121       1.503673071775314E-003  9.535808830351655E-003
   67274.0820487622       1.835275089047487E-003  9.074177295156130E-003
   27565.0120480875       2.167808554963202E-003  8.612523811875808E-003
   2815.83196485567       2.499200480375520E-003  8.150822039828818E-003
   40729.9069697530       1.381767955881007E-003  7.828670111963799E-003
   2491.90200389811       9.212274508770092E-004  8.162384489027744E-003
   1401.50191305419       4.606296901997473E-004  8.494925881466999E-003
   44386.4071551832       7.194687953624248E-008  8.827451928872576E-003
   40423.6332547555      -3.740267286428273E-004  8.495692929762278E-003
   39754.4197416389      -7.481056952429330E-004  8.163882600194019E-003
   832.291676890276      -1.121218728282949E-003  7.831067326191911E-003
   70882.5820719202      -2.499954967051925E-003  8.504697211774225E-003
   30612.8730571903      -2.167760205144822E-003  8.878473555652727E-003
   402.590303056126      -1.834649024243359E-003  9.251384036944425E-003
   4983.92487493419      -1.502471999535224E-003  9.625265141253310E-003
   26156.7644474787      -1.170261296424844E-003  9.999146825128615E-003
   370.965358394863      -1.502032108574087E-003  1.044433134136615E-002
   24286.6718651476      -1.833985484984759E-003  1.088942203983118E-002
   78453.4650883369      -2.167043658294018E-003  1.133449324901115E-002
   156992.256263714      -2.499056643627175E-003  1.178075129895788E-002
   17464.7112750639       3.669338602594187E-003  1.249378443690505E-002
   14935.2252547332       4.001652883868520E-003  1.192726590942040E-002
   46893.7016098948       4.334742483235125E-003  1.136154583583949E-002
   6002.97043407276       4.666906533924509E-003  1.079482543308350E-002
   4785.04390071531       5.000032022762671E-003  1.022793676977547E-002
   18705.2480867718       5.308050987660365E-003  1.079302152484906E-002
   36697.5705187107       5.617147788911515E-003  1.135820652918619E-002
   23377.5284972789       5.925374218223783E-003  1.192236502192547E-002
   67637.3254788124       6.233377275610041E-003  1.248772627583854E-002
   8296.25033411984       7.501814145265078E-003  1.121349584449843E-002
   99503.5886323539       6.935063116725728E-003  1.090807793490235E-002
   89415.4856970422       6.369525877696098E-003  1.060242647108956E-002
   195850.932840316       5.802991500163035E-003  1.029589541448179E-002
   42393.2027168646       5.236714336718436E-003  9.990378686682257E-003
   39966.4742414125       5.802000202218935E-003  9.502670609271343E-003
   87954.5723891636       6.366861579756510E-003  9.013941319176613E-003
   259.383530715781       6.930801624847152E-003  8.526480806043422E-003
   2200.58199563523       7.495783708721104E-003  8.039146971937229E-003
   101988.429054533       6.454740727078814E-003  8.052574246054949E-003
   57223.3584779549       5.969900875636459E-003  8.619024743591224E-003
   107743.373997449       5.484155799439928E-003  9.186534185308079E-003
   126011.670822697       4.999416302740709E-003  9.753987243859352E-003
   103206.746965887       4.538471255061514E-003  9.188945619441757E-003
   82445.9073572176       4.077423226932441E-003  8.623421567625121E-003
   37292.1388389052       3.615999411289225E-003  8.058981030644206E-003
   193079.187362253       3.065610367165974E-003  8.610600423378727E-003
   144081.654822721       3.630655709978446E-003  9.070819355046092E-003
   175090.585953945       4.196591831780000E-003  9.531164740474447E-003
   337.452524944135       4.762704738704479E-003  9.991485440075856E-003
   129448.733944630       4.197076437603868E-003  1.032669373428520E-002
   47720.7840210192       3.631588951158603E-003  1.066083197109241E-002
   68746.1886716379       3.067060244908314E-003  1.099582747372877E-002
   23590.9537724895       8.775456521798800E-003  1.248064254590976E-002
   35957.7187695940       9.081780730240263E-003  1.203214117885180E-002
   79745.5664064437       9.387757542235503E-003  1.158428554457684E-002
   89977.4347686794       9.694941411716174E-003  1.113547043663750E-002
   29633.8338086247       1.000113446504557E-002  1.068645736583066E-002
   85621.8167127768       1.046583338145554E-002  1.113264760414567E-002
   68904.1956242961       1.092931655665746E-002  1.157895582357243E-002
   49545.8931776767       1.139381753601053E-002  1.202404246580879E-002
   1133.72615818793       1.185801639065569E-002  1.247022858146766E-002
   4107.70144080288       1.250514357439959E-002  1.181903662329428E-002
   30512.7558603937       1.205551361401700E-002  1.135768422547968E-002
   28568.7888460533       1.160696329237088E-002  1.089641680183047E-002
   143730.895874207       1.115741749808704E-002  1.043630758990826E-002
   113140.769350395       1.070840756061576E-002  9.974882933681175E-003
   38374.8717158754       1.115562960266229E-002  9.593335920404690E-003
   94103.7577359343       1.160246334133766E-002  9.210580783992034E-003
   30023.2030628582       1.204832860850205E-002  8.828968886482404E-003
   31394.3352269410       1.249510084653341E-002  8.446344709416876E-003
   76554.9974176985       1.113441647221254E-002  7.921023961946915E-003
   34338.8830157456       1.075578980718787E-002  8.369509112359475E-003
   72032.8889930572       1.037611800469082E-002  8.818881193662744E-003
   114794.870649370       9.997659858863084E-003  9.268404801959016E-003
   115572.324494481       9.510780351792607E-003  8.822014181666178E-003
   156911.016010767       9.023092119519807E-003  8.375384596582098E-003
   87672.5319595279       8.536427175871658E-003  7.929692108436958E-003
   118991.450211833       7.944573266570379E-003  8.523934535255148E-003
   56217.3835150313       8.392358091035342E-003  9.008866653642195E-003
   70742.7898320217       8.841339585794122E-003  9.494692036370806E-003
   40578.8278512052       9.290380717004913E-003  9.979513557995581E-003
   133939.619372307       8.842974501601089E-003  1.028761172374412E-002
   123162.801210772       8.395537425725040E-003  1.059678916279937E-002
   185966.425163002       7.948991296444340E-003  1.090489351048915E-002
   19327.6383582616       1.315589596038879E-002  1.246573351933240E-002
   58941.4372643763       1.361800706633574E-002  1.207035715982776E-002
   140639.297438139       1.408000712220817E-002  1.167477969522023E-002
   126338.451363662       1.454103940008270E-002  1.127915052679439E-002
   32819.0656136601       1.500295494368327E-002  1.088333109251902E-002
   69058.6425251515       1.537475274712693E-002  1.127561803702574E-002
   27694.1187401873       1.574633025202628E-002  1.166803798789019E-002
   36449.0384147270       1.611792548613782E-002  1.206032440267979E-002
   34458.1062385206       1.649041561813207E-002  1.245261214116790E-002
   22109.9222897095       1.750541881588709E-002  1.142946961295435E-002
   8556.59178875029       1.710987541239386E-002  1.106016504727306E-002
   24652.3335491994       1.671438403197340E-002  1.069192266399316E-002
   101335.708897217       1.631889322296933E-002  1.032379037776607E-002
   60035.7211762475       1.592377258019763E-002  9.955439518384257E-003
   16116.2051991131       1.631638081592970E-002  9.491995119872533E-003
   72961.0643734945       1.670863485592195E-002  9.029267965110884E-003
   2490.97205605134       1.710096151904827E-002  8.565619983078220E-003
   21327.2853075017       1.749314727259024E-002  8.101843384085768E-003
   81324.5603044931       1.637713082909542E-002  7.847489483369477E-003
   23480.5684911115       1.591664249804975E-002  8.243456136461104E-003
   75819.1012301049       1.545705917383272E-002  8.639259208909449E-003
   95023.9556719755       1.499671680568375E-002  9.035323901935441E-003
   81304.6093093259       1.461552874629143E-002  8.642844273527234E-003
   99910.9209192177       1.423342616498038E-002  8.250225772514178E-003
   16531.2707395083       1.385224014988677E-002  7.857628854571266E-003
   102184.020907171       1.289037834084740E-002  8.825759236580244E-003
   43509.0213051640       1.328544827089062E-002  9.204458668771495E-003
   53566.2492179908       1.368064293844816E-002  9.584071229960614E-003
   620.127648469619       1.407583276885958E-002  9.962727186276506E-003
   31731.4043250896       1.368331585973901E-002  1.042701554176861E-002
   39902.9340997381       1.329069314271072E-002  1.089030304459007E-002
   118345.396157735       1.289788820008086E-002  1.135453979286649E-002
   17172.0292650839       1.852823366933668E-002  1.244404780986417E-002
   13093.9224205366       1.889803287908865E-002  1.208977009337718E-002
   60837.7197387712       1.926667814394269E-002  1.173629058890806E-002
   50553.0343359295       1.963542530596469E-002  1.138184649933286E-002
   11086.0031898693       2.000411586530308E-002  1.102827370970537E-002
   39510.3273429415       2.041477654966844E-002  1.137838804461667E-002
   16624.8813653558       2.082536073446239E-002  1.172950777008695E-002
   16061.7018065886       2.123597286468960E-002  1.207948012731711E-002
   14952.6783385258       2.164643212752497E-002  1.243047267851075E-002
   2416.36263643527       2.250669938397883E-002  1.156241985697077E-002
   30893.0952327662       2.215178131306512E-002  1.115522541334673E-002
   37011.6423659295       2.179799924520967E-002  1.074799101168913E-002
   80117.5924996654       2.144325057292658E-002  1.034081436162960E-002
   14306.1159978437       2.108972845197131E-002  9.933497646288732E-003
   36493.5484620589       2.144043444254987E-002  9.549268607671879E-003
   38458.0829595382       2.179186023597747E-002  9.165769810626095E-003
   29076.0294995145       2.214236914028959E-002  8.781323516531199E-003
   18557.2638765014       2.249386031678517E-002  8.396829461156937E-003
   14259.4165670432       2.113930736539073E-002  7.786438519828730E-003
   9154.36841295692       2.075772998160330E-002  8.140012173168922E-003
   61054.8636413118       2.037707231954815E-002  8.494510618397065E-003
   75902.8341075443       1.999566270546822E-002  8.848325796513311E-003
   73180.0558043402       1.953238531782512E-002  8.498307739778495E-003
   100534.464073561       1.907016940445005E-002  8.147216331910588E-003
   48505.3532560478       1.860691524250549E-002  7.797174344236700E-003
   92898.8273475093       1.784786630861765E-002  8.562172149651248E-003
   38940.2580256130       1.820148071979901E-002  9.022708818537319E-003
   43831.8039028091       1.855618090197632E-002  9.482212344299223E-003
   4739.80571326246       1.890986755663326E-002  9.942774397858357E-003
   35827.3211555436       1.855924365545283E-002  1.031408438642033E-002
   35935.9575988143       1.820764095298592E-002  1.068547917852177E-002
   93620.3130637510       1.785693530089883E-002  1.105683357816143E-002
   56245.9033586796       2.337421862548669E-002  1.242214048471328E-002
   68257.3210337661       2.378136957293028E-002  1.194373385732014E-002
   65264.0863771834       2.418850372008841E-002  1.146517191633693E-002
   100082.234180162       2.459591967825753E-002  1.098661494113344E-002
   55853.8296408574       2.500334342496804E-002  1.050771761386527E-002
   85960.2831754919       2.544413684875021E-002  1.098231644856565E-002
   41060.5043082495       2.588384433731053E-002  1.145667364594270E-002
   80307.8016172831       2.632438684905011E-002  1.193088712128133E-002
   33604.4318276716       2.676454987344324E-002  1.240522927404674E-002
   7271.40913232758       2.751001583989972E-002  1.165255633470680E-002
   48374.9481194396       2.703055545288460E-002  1.121699186741238E-002
   855.275636696000       2.655103708613657E-002  1.078175904094338E-002
   112055.963267088       2.607159821817806E-002  1.034777350029939E-002
   24805.5323911331       2.559267742798258E-002  9.912676089107716E-003
   26723.7177768318       2.606836676086046E-002  9.564701492042867E-003
   114310.129488910       2.654395431421103E-002  9.216485889404881E-003
   90976.6159556666       2.701957935118182E-002  8.869217256101564E-003
   52058.5468689487       2.749507179934723E-002  8.520752665009103E-003
   1217.53040360427       2.602898106763257E-002  7.887870721389689E-003
   108.391902320200       2.568617639741162E-002  8.366404416085127E-003
   85995.3772022888       2.534217361479898E-002  8.844877440898584E-003
   43634.0867767697       2.499821059701492E-002  9.323613521046112E-003
   4477.50014701565       2.461296441501639E-002  8.848565989660499E-003
   51552.1474692724       2.422879875715537E-002  8.373541752420636E-003
   32610.1404083311       2.384367948586029E-002  7.898543157148682E-003
   18035.4009220607       2.297267687751020E-002  8.777563803889239E-003
   16615.4542016360       2.345143415496190E-002  9.158293070882490E-003
   65383.0757442704       2.393020732820185E-002  9.537873058186763E-003
   26937.8912307733       2.440883523628733E-002  9.918423435282792E-003
   64344.8907927475       2.393343670792609E-002  1.032917266149410E-002
   95120.2152977115       2.345782512110008E-002  1.074000936008398E-002
   188414.574611497       2.298210503225748E-002  1.115094435257463E-002
   34369.2475929710       2.826227919141047E-002  1.239774459225952E-002
   867.333299736495       2.869890853484739E-002  1.204817943554267E-002
   131690.578305065       2.913552640462215E-002  1.169830990254222E-002
   133061.273166836       2.957126172072635E-002  1.134833740574583E-002
   65341.8179731522       3.000784525095362E-002  1.099702547169461E-002
   87026.4657506992       3.043601197799654E-002  1.134354530901157E-002
   13811.6950254965       3.086402817985454E-002  1.168910676072990E-002
   55726.7353869810       3.129100464682143E-002  1.203452358343759E-002
   32748.7870100106       3.171891839884243E-002  1.237977933867319E-002
   19132.8275400268       3.251153477885237E-002  1.157857149970690E-002
   53119.1036293131       3.216110092045901E-002  1.115448888525491E-002
   10552.9636600230       3.181064644782038E-002  1.073164816638801E-002
   71986.3384564619       3.146027649901399E-002  1.030786119903112E-002
   13628.5722950446       3.110924935775945E-002  9.883894190906520E-003
   26244.3906635435       3.145620661252758E-002  9.460236453838967E-003
   35399.7614776822       3.180201589105620E-002  9.036419103796763E-003
   31171.9754634647       3.214792448737365E-002  8.612627379264460E-003
   25198.4566454102       3.249379804715962E-002  8.188718632660590E-003
   29946.0502600242       3.125734253421621E-002  7.731246674998241E-003
   28564.2059110461       3.083711146484284E-002  8.081435230616565E-003
   70839.3426724542       3.041680593081289E-002  8.431595907170937E-003
   18068.9183770695       2.999667265193994E-002  8.782998718634168E-003
   7470.86823300383       2.964885629405983E-002  8.435831585185493E-003
   23341.7251614957       2.930099766888553E-002  8.089817760626521E-003
   20261.5173227640       2.895417177103019E-002  7.743852113723520E-003
   1606.24397537629       2.784504692202008E-002  8.864747168534456E-003
   8333.36693793138       2.819486857104911E-002  9.207815084612740E-003
   27776.7350565011       2.854466679542679E-002  9.551810236940255E-003
   68401.2969393595       2.889547540072604E-002  9.895704061950197E-003
   14868.1047699918       2.854856361642606E-002  1.033504076345715E-002
   10943.8197056414       2.820253346589185E-002  1.077342578292176E-002
   135277.706408193       2.785623514029684E-002  1.121278152270256E-002
   31168.1290987613       3.331268958682949E-002  1.237118874569320E-002
   20413.5534780379       3.373603419814802E-002  1.185604981894178E-002
   24878.6622248774       3.415841542639207E-002  1.133989802685294E-002
   35987.6790797901       3.458192170656509E-002  1.082474214625064E-002
   19139.2366518003       3.500541246537921E-002  1.030938701490333E-002
   17463.5165412350       3.546945227145486E-002  1.081962279185839E-002
   29771.7531284626       3.593347400155230E-002  1.132975501712496E-002
   53709.0396206856       3.639841247689889E-002  1.184086499713633E-002
   40214.4463618379       3.686223048312312E-002  1.235103328883271E-002
   23573.4352675008       3.751355556818985E-002  1.169240706498649E-002
   11263.9070488626       3.699791111985853E-002  1.123431586184644E-002
   14223.6231094354       3.648117743647787E-002  1.077542437545218E-002
   59087.7954638679       3.596546526493188E-002  1.031763306173908E-002
   12153.1908539963       3.544997480482752E-002  9.859803003968486E-003
   13459.5007446627       3.596142005207173E-002  9.557984784120647E-003
   37923.2258695405       3.647279331607436E-002  9.256089138653742E-003
   27154.2526430410       3.698516794355247E-002  8.954190723045293E-003
   15395.2099037178       3.749652696716512E-002  8.653279199456869E-003
   283.586344895722       3.588909031849462E-002  7.870330716597157E-003
   1441.30327265223       3.559295645508675E-002  8.385999123289467E-003
   25432.7249759530       3.529676724826206E-002  8.900645832423764E-003
   32247.9663762341       3.500059528173128E-002  9.415367921577359E-003
   15235.2526054942       3.457576969061182E-002  8.904824964469664E-003
   35968.2327178484       3.415096396824206E-002  8.394299042986410E-003
   673.349565074475       3.372615556165930E-002  7.882780650735850E-003
   34236.6262620046       3.300917283419625E-002  8.607758762988856E-003
   17479.4633548386       3.352547191738705E-002  9.026860598660426E-003
   42484.3169355430       3.404079297880944E-002  9.445877831794656E-003
   28283.9828406874       3.455604656150954E-002  9.864873631214187E-003
   31316.4998634389       3.404523955867655E-002  1.029345352961715E-002
   39258.8423416523       3.353432270625249E-002  1.072206079895234E-002
   68303.2478861654       3.302237100754749E-002  1.114972668355162E-002
   21700.8389247344       3.817208647951038E-002  1.234372321457902E-002
   22933.6954662674       3.863099016313741E-002  1.195234388818578E-002
   19997.8830493593       3.909088158641848E-002  1.156087043839815E-002
   12917.5974401741       3.954980763126740E-002  1.116937336256263E-002
   9315.18386647641       4.000866791568965E-002  1.077775293366963E-002
   675.782876178574       4.048689689045326E-002  1.116400063645722E-002
   7994.51330409133       4.096511479898182E-002  1.155023873036598E-002
   27819.8879176409       4.144331538961751E-002  1.193645758217111E-002
   19907.7953953392       4.192150406231588E-002  1.232264444447673E-002
   17916.9537324121       4.251410319367584E-002  1.172330357369240E-002
   6029.00258885255       4.212240716728895E-002  1.124952485033104E-002
   8366.01036501335       4.173068569123425E-002  1.077580973884816E-002
   14549.6172332519       4.133898231102008E-002  1.030209644712779E-002
   5720.48787209241       4.094732012958004E-002  9.828361786802844E-003
   9533.20517023491       4.133372385941675E-002  9.369185581747118E-003
   3296.48935037451       4.172010011162923E-002  8.908985731719502E-003
   9245.42422351239       4.210650543884398E-002  8.449799141206648E-003
   9499.92631040839       4.249287624963554E-002  7.990561132720004E-003
   4139.89335298435       4.136329844270224E-002  7.714998768339156E-003
   3300.51430945320       4.090852906443410E-002  8.106588555320699E-003
   6153.36896286038       4.045273910702566E-002  8.498174597687959E-003
   3203.79125079603       3.999797642172669E-002  8.889796037692682E-003
   4585.56872341669       3.969676928372845E-002  8.502501093976886E-003
   3286.71409675709       3.939552769723766E-002  8.115274086897727E-003
   2820.26752561364       3.909430254452849E-002  7.728051720679996E-003
   405.783569704484       3.788727812191248E-002  8.948995012148865E-003
   1701.36232872841       3.827799306162483E-002  9.245738243152108E-003
   4152.54645480338       3.866869507867652E-002  9.542461619828437E-003
   34618.5374734236       3.905941973346300E-002  9.839125447126344E-003
   10886.9114068972       3.867299781686741E-002  1.030216266915619E-002
   11546.5291304406       3.828655935334337E-002  1.076521946657709E-002
   23434.4918181445       3.790004307224445E-002  1.122925305460795E-002
   1083.78127675430       4.311344844190130E-002  1.231591267751764E-002
   1133.50701420356       4.358679762228426E-002  1.184419984488138E-002
   4352.58399973397       4.406009335407027E-002  1.137146100117387E-002
   18024.1564452838       4.453339051852879E-002  1.089973847436890E-002
   8760.86776933377       4.500664857211487E-002  1.042798432887602E-002
   19734.0787161223       4.537822433647772E-002  1.089484826376988E-002
   11703.1261984843       4.574981488502244E-002  1.136175212702133E-002
   2480.99772819280       4.612144971618410E-002  1.182965637322961E-002
   1930.37758463755       4.649308406409190E-002  1.229657669911616E-002
   15832.0796794027       4.751125496846994E-002  1.126668308620532E-002
   33698.4165161682       4.704020160183275E-002  1.090042248111374E-002
   25915.4919703510       4.656818332906864E-002  1.053410972951506E-002
   22068.7140145236       4.609715815877198E-002  1.016777567695668E-002
   3684.74581682921       4.562611051170438E-002  9.801427118085841E-003
   4168.11548811141       4.609286191517734E-002  9.404702672061215E-003
   1650.43020566657       4.655954753574898E-002  9.006957389317926E-003
   17931.2804740822       4.702724698478226E-002  8.610242220484980E-003
   11745.7502135820       4.749390578906999E-002  8.212508754981645E-003
   11602.2143019356       4.617433512941591E-002  7.767158292002580E-003
   3461.00087238279       4.578307787814897E-002  8.239469173574288E-003
   2157.02571385054       4.539081312136575E-002  8.710761396293284E-003
   15948.4705354509       4.499957605859584E-002  9.182044543555271E-003
   21049.1492463239       4.453995168421886E-002  8.715704648450836E-003
   17584.6410526294       4.407931991019896E-002  8.249373919959040E-003
   14399.9982647689       4.361967727456365E-002  7.782035985167917E-003
   21588.8053533004       4.296444651860749E-002  8.444814751074201E-003
   19759.3005024472       4.343700780293917E-002  8.899075894547170E-003
   17670.5429036460       4.390857360638947E-002  9.354345627586020E-003
   20428.1894781331       4.438014374221268E-002  9.808609968062213E-003
   8650.79680472053       4.391384378988010E-002  1.028727647287471E-002
   7796.01786305075       4.344760623828504E-002  1.076597600506470E-002
   5434.57000609492       4.298035498610592E-002  1.124465137466985E-002
   910.082300684275       4.854105228581786E-002  1.228468452014038E-002
   3164.16502059485       4.890786335188289E-002  1.189257511550175E-002
   9976.54140153691       4.927460265358717E-002  1.150041197391991E-002
   477.837727015719       4.964135513476470E-002  1.110826926307963E-002
   6204.30851322485       5.000809134001073E-002  1.071611988304169E-002
   4416.55921747704       5.046034456017106E-002  1.110346475112369E-002
   14395.5118758458       5.091257754066263E-002  1.149082958188047E-002
   7589.08850081816       5.136482320979047E-002  1.187817429249428E-002
   3089.30632800567       5.181604848282172E-002  1.226553552759000E-002
   7997.37573575037       5.251298416304741E-002  1.156041965028252E-002
   16755.7667251249       5.212039115786744E-002  1.111375068593569E-002
   10753.5800550154       5.172781451865842E-002  1.066605592936243E-002
   16285.9451545043       5.133523065133223E-002  1.021836643430379E-002
   9068.98309020488       5.094267956482366E-002  9.770647487938959E-003
   3473.58036665067       5.133006720666072E-002  9.307393790735131E-003
   8840.42424690526       5.171737942175769E-002  8.845085383797035E-003
   3121.76349500757       5.210468653005469E-002  8.381792726270092E-003
   420.752250405052       5.249198355595944E-002  7.919508469371899E-003
   8677.02421503821       5.137244470632573E-002  7.658067405442103E-003
   1729.81837488439       5.091373383370777E-002  8.050782808389122E-003
   4949.46853108177       5.045601305773877E-002  8.443456945340497E-003
   23548.4207606006       4.999733444244396E-002  8.836172612482875E-003
   22916.9557860507       4.960116584290220E-002  8.448470523818783E-003
   19750.6070525416       4.920400893795480E-002  8.060729204993643E-003
   6979.80281753126       4.880782988527536E-002  7.672972871248419E-003
   27440.2150446002       4.788610127800887E-002  8.605236453612291E-003
   16026.4019583450       4.827828174209380E-002  8.997008086336945E-003
   11134.5459527234       4.867049162813483E-002  9.389787820120135E-003
   4145.96503093728       4.906271016671443E-002  9.781582877530974E-003
   10552.4374812222       4.867482170338453E-002  1.015284929769214E-002
   3005.17103971488       4.828695666210406E-002  1.052412686767411E-002
   10867.0567872003       4.789907866187332E-002  1.089537895605329E-002
   9102.80773514221       5.321799744123944E-002  1.225723967846257E-002
   5923.75251068495       5.366446871620346E-002  1.181167149053556E-002
   17911.6149150906       5.411191234637479E-002  1.136605572030075E-002
   17471.4182446162       5.455938149743896E-002  1.092043850839018E-002
   5541.72331975487       5.500683951849979E-002  1.047478712239155E-002
   12612.6322471100       5.546551427438326E-002  1.091504403635227E-002
   4425.33248578159       5.592318108585986E-002  1.135527649412514E-002
   13141.3285512866       5.638183466241935E-002  1.179546928288348E-002
   12117.0824814675       5.683943954186447E-002  1.223566999693454E-002
   1379.22141316910       5.751341130560413E-002  1.155364802004730E-002
   4249.16421460161       5.706767268647676E-002  1.110131247898395E-002
   4820.05131979536       5.662192731212106E-002  1.064802479273558E-002
   19326.2784601598       5.617620919876229E-002  1.019575830368526E-002
   3118.55438344030       5.573056065088377E-002  9.742461947462790E-003
   4961.63665291421       5.617097424259659E-002  9.291903442700800E-003
   11102.1897614561       5.661136464330901E-002  8.841316341591327E-003
   10806.3100858056       5.705177453765896E-002  8.390732672143405E-003
   10401.3225525686       5.749218200571039E-002  7.940133168447912E-003
   7359.80178422778       5.633464114461903E-002  7.681904767767739E-003
   8048.57728888815       5.588920998068483E-002  8.127517828693042E-003
   19788.5088117319       5.544376552280095E-002  8.573128924712868E-003
   11639.4560863571       5.499835712229901E-002  9.018796444144238E-003
   8885.58966595793       5.453479357685633E-002  8.578539874679049E-003
   14715.7475941181       5.407224897749931E-002  8.138253946408167E-003
   9633.54581052497       5.360870323545384E-002  7.697974210372703E-003
   11290.4493076667       5.293763345476164E-002  8.376896540208035E-003
   7210.99520431854       5.338328611734301E-002  8.835293212267357E-003
   10581.0447902742       5.382894642980519E-002  9.292680319680299E-003
   2122.49237711751       5.427460466556839E-002  9.751075631802858E-003
   8065.84996008059       5.383422009928502E-002  1.020364207127691E-002
   9727.49051214570       5.339381267555852E-002  1.065621035032727E-002
   27895.8796722775       5.295337858618589E-002  1.110877461324181E-002
   7011.96766238857       5.819537314386504E-002  1.222760575740404E-002
   10732.4093932558       5.864760047659774E-002  1.175201252523185E-002
   8718.59918074753       5.910086847226771E-002  1.127740731193507E-002
   14402.9011651115       5.955316696461072E-002  1.080179316829274E-002
   9503.50675374915       6.000644739746116E-002  1.032609983011207E-002
   4839.58834484816       6.033729610325193E-002  1.079710769524736E-002
   5556.00219927618       6.066911270113644E-002  1.126810063981682E-002
   12426.6823710743       6.099989209665797E-002  1.173810610510855E-002
   7892.29204939179       6.133166576355838E-002  1.220910597172236E-002
   4435.22345308840       6.251066878004233E-002  1.101617975755899E-002
   15855.6128230163       6.203571659634549E-002  1.068994935285511E-002
   10589.0614460987       6.156174683052029E-002  1.036475892629669E-002
   1822.69257123853       6.108676893149341E-002  1.003860403380821E-002
   3526.31011049791       6.061182412872770E-002  9.713470778764622E-003
   11380.1086328208       6.108152877510240E-002  9.154731149834039E-003
   1928.18033595666       6.155127576765138E-002  8.596019234400015E-003
   1521.02831176238       6.202007605622966E-002  8.037334557166126E-003
   1704.97930608614       6.248988058395863E-002  7.478587712566861E-003
   1689.06364668319       6.165902555042579E-002  7.680392586273420E-003
   6055.98643115673       6.110573329407770E-002  8.155578734193767E-003
   13110.4063269541       6.055246125400556E-002  8.631809544437697E-003
   212.749711064584       5.999923476013417E-002  9.108107466777572E-003
   917.495532772352       5.954840473355718E-002  8.637799167570851E-003
   6595.23256667137       5.909757530754819E-002  8.167525209608442E-003
   8602.00548776185       5.864677567605863E-002  7.698255542516103E-003
   3927.81007277893       5.796785863043584E-002  8.385318713376812E-003
   442.570136434783       5.844254033197742E-002  8.830479766420447E-003
   5883.07532343637       5.891821827260439E-002  9.275605585946220E-003
   13021.0700642104       5.939387256952805E-002  9.720721304515623E-003
   718.500693909775       5.892355524027409E-002  1.017942350044111E-002
   6446.39001538115       5.845318038148267E-002  1.063712622540040E-002
   22577.9168645337       5.798378237647483E-002  1.109584279960887E-002
   3787.66196156378       6.370359359921116E-002  1.219522816441195E-002
   3471.65749198113       6.403021847320435E-002  1.178933474108098E-002
   267.230150480830       6.435585748970069E-002  1.138345027259621E-002
   1525.25860056087       6.468250793560021E-002  1.097755883711508E-002
   3639.56706228942       6.500814967706858E-002  1.057065364894135E-002
   3351.10368739595       6.548952495700594E-002  1.097284612788958E-002
   2684.85221613667       6.597090213522010E-002  1.137401993478851E-002
   3999.65718723201       6.645227475691838E-002  1.177518461242688E-002
   4971.05262169779       6.693364119290425E-002  1.217633793500503E-002
   1342.93068876313       6.751419952057881E-002  1.158893053287740E-002
   3948.46886201238       6.710738408557518E-002  1.111230883037417E-002
   1774.24491199205       6.670056606816792E-002  1.063570816468420E-002
   3014.82164131953       6.629376185436862E-002  1.015910577906068E-002
   4496.60273577787       6.588596863703362E-002  9.682506786536062E-003
   3188.60999924171       6.628834728062923E-002  9.233163197334037E-003
   445.863200318227       6.668972670369970E-002  8.783820210374497E-003
   954.477193760305       6.709110515873346E-002  8.333474562241440E-003
   1945.03170109490       6.749247720983176E-002  7.884106192690237E-003
   3728.14977109127       6.633270009169753E-002  7.583891846867540E-003
   3753.06969076016       6.588707871436997E-002  7.990490544723004E-003
   536.373907983534       6.544244692011518E-002  8.397082425046252E-003
   456.000313189707       6.499782259515967E-002  8.804684245013758E-003
   2312.03320518132       6.443944409528496E-002  8.402941042663309E-003
   4248.42363464178       6.388104341943342E-002  8.002242419562811E-003
   5342.23833225237       6.332263058743831E-002  7.601579399711440E-003
   505.818240894792       6.289720580368353E-002  8.032147378464435E-003
   7930.58823889196       6.330450676752516E-002  8.585690232310445E-003
   6387.56319978744       6.371177055736485E-002  9.139256192311191E-003
   9430.25876149464       6.412001986282585E-002  9.692828806669693E-003
   552.331619427312       6.371693343855066E-002  1.002315251982174E-002
   2916.62451937517       6.331485120450325E-002  1.035448581214845E-002
   5937.74360937323       6.291275741960951E-002  1.068482770450904E-002
   1357.36939820861       6.810161104540907E-002  1.216950531683516E-002
   2004.46380173596       6.857802241857494E-002  1.172671766161785E-002
   980.409024418531       6.905443799394280E-002  1.128392975480769E-002
   2744.91276818548       6.953085555511188E-002  1.084114097516941E-002
   463.414758838023       7.000727183976410E-002  1.039934047779102E-002
   2617.10819319968       7.032882757147846E-002  1.083646412055644E-002
   723.620033290414       7.065039274879582E-002  1.127458858767445E-002
   1275.90869115040       7.097195821534716E-002  1.171271558861913E-002
   11.6128759757791       7.129353116606299E-002  1.215083827410838E-002
   3581.68741597098       7.251033916453789E-002  1.091969656547086E-002
   2222.37134809289       7.206848751062722E-002  1.060327610432440E-002
   2790.59359998313       7.162663209180695E-002  1.028685918067581E-002
   1694.22095132387       7.118477779958175E-002  9.970438920854400E-003
   1785.51313100313       7.074391919552231E-002  9.654014161158584E-003
   231.429785941497       7.117973796935834E-002  9.110447096646136E-003
   307.266461256113       7.161654348677354E-002  8.565870099000361E-003
   2618.98301104261       7.205334889254734E-002  8.022291995253951E-003
   2866.39108287303       7.249014857418341E-002  7.478716478319092E-003
   2098.93679009310       7.161478738836696E-002  7.588865209036565E-003
   3218.17451175685       7.107639306688983E-002  8.032037171149252E-003
   2880.99024429283       7.053699495547862E-002  8.475209228022560E-003
   980.696015054323       6.999858735225448E-002  8.917371097232351E-003
   1422.29966740521       6.954901972261333E-002  8.480999707209086E-003
   27.9325677387826       6.909943885005165E-002  8.043640303884696E-003
   2530.64303086701       6.864885972477539E-002  7.606288478380357E-003
   777.327349292352       6.793509620024167E-002  8.328506641518728E-003
   2701.32868835777       6.837772254652678E-002  8.773901475445290E-003
   1973.41274208613       6.882033676648676E-002  9.218299157850433E-003
   5455.40116634786       6.926195109181729E-002  9.662700455858942E-003
   829.516130356648       6.882576206564142E-002  1.014425026564447E-002
   1989.95677494195       6.838857733748688E-002  1.062581032478604E-002
   1232.03459964041       6.795138868951528E-002  1.110736943226046E-002
   785.694144184767       7.374148796769253E-002  1.213649747447086E-002
   555.550670746263       7.405772552137166E-002  1.166363203266456E-002
   944.509563504179       7.437394865459722E-002  1.118976137864129E-002
   948.346023076522       7.469017412470537E-002  1.071689068036927E-002
   1347.43755701934       7.500639305859925E-002  1.024401993331228E-002
   3205.54202046087       7.551213830140147E-002  1.071205582371649E-002
   1809.51909641059       7.601887866213655E-002  1.118009632746580E-002
   370.645093040225       7.652462477444161E-002  1.164914962911346E-002
   800.231601373877       7.703037259226864E-002  1.211720344837551E-002
   1531.79369573252       7.751451134312159E-002  1.162735805719748E-002
   1852.85510685444       7.704058394842937E-002  1.112712568995699E-002
   268.756236798763       7.656565577277115E-002  1.062689148888143E-002
   1169.70673193827       7.609171493981570E-002  1.012565128818301E-002
   144.653242727833       7.561776820490639E-002  9.625416827356634E-003
   1403.53132193358       7.608658708697549E-002  9.253647848897527E-003
   2298.52039635118       7.655540851554379E-002  8.882881689614501E-003
   2840.74382895565       7.702522468211540E-002  8.511114322342150E-003
   1701.20105633164       7.749404904938040E-002  8.140357909094537E-003
   917.799004891427       7.609681530358825E-002  7.593554828822915E-003
   130.300915061771       7.573059684431442E-002  8.067720966506936E-003
   1118.94246976678       7.536537722283845E-002  8.540881495390428E-003
   1434.97382590608       7.499916130521755E-002  9.014045024998750E-003
   3015.71112156029       7.445541400944307E-002  8.546232429487521E-003
   1396.52596141899       7.391067199834303E-002  8.078416472580709E-003
   1037.04836771363       7.336692640819660E-002  7.609585815245430E-003
   1206.70547269432       7.296429882088466E-002  8.016946095778469E-003
   147.462838817354       7.343945079761895E-002  8.555179086996087E-003
   1429.23997611858       7.391361628971459E-002  9.094417346249248E-003
   693.299061961464       7.438778822434061E-002  9.632648265313857E-003
   2179.32806977852       7.391867505817390E-002  9.954414267142494E-003
   3334.99999875519       7.344956451195749E-002  1.027617715192561E-002
   2892.30682458133       7.297945133463041E-002  1.059793982756266E-002
   739.857333576535       7.800435918111943E-002  1.211149147122927E-002
   532.213935391573       7.850483313280247E-002  1.167953541729464E-002
   806.849824740368       7.900529858350026E-002  1.124757963808807E-002
   1373.53252253023       7.950676302013031E-002  1.081562272276680E-002
   970.311372765134       8.000723102799187E-002  1.038367973510514E-002
   941.605068906727       8.050673281899993E-002  1.080975942487439E-002
   396.209730904633       8.100723300428446E-002  1.123583805380612E-002
   1299.17114203254       8.150673466912689E-002  1.166192543758351E-002
   1326.84850273585       8.200724072592774E-002  1.208800827040512E-002
   108.207853791940       8.251424247078450E-002  1.157502530747647E-002
   1200.20350967811       8.208233613278751E-002  1.107954835278178E-002
   307.617670007420       8.165043673844197E-002  1.058506444917890E-002
   908.815349256108       8.121852811801551E-002  1.008958012049161E-002
   953.357573038802       8.078662097840088E-002  9.595097318332448E-003
   229.806179382141       8.121321979197467E-002  9.184582168685101E-003
   767.856695517252       8.163982116720432E-002  8.775067539541973E-003
   1338.16618127461       8.206641497760045E-002  8.364554770524221E-003
   894.725982068550       8.249300974170871E-002  7.954046350969978E-003
   267.130092569716       8.121345103721528E-002  7.521548362710869E-003
   403.918616606565       8.080797763631528E-002  7.952939416572290E-003
   1393.86743182747       8.040350653190065E-002  8.384323314739565E-003
   995.316431351263       7.999803548460296E-002  8.815709267580898E-003
   1132.94757384847       7.962653288685327E-002  8.388878656943148E-003
   68.6585743729783       7.925602958184345E-002  7.962037996163197E-003
   368.139418009899       7.888452391912175E-002  7.535201821498335E-003
   1480.93711666785       7.792519265801608E-002  8.505838017748809E-003
   970.414408757613       7.835634328160029E-002  8.872319866522324E-003
   45.6068971387291       7.878748902811381E-002  9.237804872516072E-003
   1508.14010220687       7.921864371699133E-002  9.604291569647726E-003
   987.924712678945       7.879260249717825E-002  1.010980910636899E-002
   251.455215662006       7.836657244610855E-002  1.061632827332439E-002
   1214.97066504057       7.794054148493121E-002  1.112184672209935E-002
   677.862234611836       8.302722660008061E-002  1.208202351736755E-002
   665.015931820657       8.352272392694556E-002  1.165410229035542E-002
   294.007295957540       8.401721852797604E-002  1.122618817790271E-002
   307.042741464431       8.451271258883228E-002  1.079827041207970E-002
   401.627833585266       8.500721490387859E-002  1.037136320178555E-002
   47.3926728740413       8.548669183209333E-002  1.079255916010774E-002
   4.60918239167871       8.596717396204999E-002  1.121475127537856E-002
   743.861956984339       8.644665722085695E-002  1.163694970527146E-002
   705.436349120299       8.692714186810729E-002  1.205914271262965E-002
   127.769052807494       8.751367138605050E-002  1.146569127406180E-002
   522.893266936858       8.708587681447642E-002  1.099019238248432E-002
   100.744146202017       8.665808909013738E-002  1.051569053390396E-002
   216.326935263381       8.623029446454721E-002  1.004018833944658E-002
   768.445627246660       8.580350495637538E-002  9.565679992288082E-003
   352.843547008671       8.622495291538304E-002  9.129197548692012E-003
   90.9771811870509       8.664739857059907E-002  8.692708905300911E-003
   345.774346161687       8.706984302533581E-002  8.256220985156201E-003
   194.547176095461       8.749228809469635E-002  7.819735826189883E-003
   203.728256405784       8.629232016323997E-002  7.487771346134708E-003
   118.787410616253       8.586082197170244E-002  7.915312783455414E-003
   561.881889129595       8.542932480535743E-002  8.342853217132887E-003
   646.284524769064       8.499782168931665E-002  8.769391737538533E-003
   703.971253371668       8.458734686400160E-002  8.347790562331672E-003
   225.645773263079       8.417786672373419E-002  7.925179974886416E-003
   253.665760074941       8.376738515126463E-002  7.502574079978993E-003
   810.227673058046       8.292038967026080E-002  8.359549367827394E-003
   294.115516710498       8.334777009889315E-002  8.765054307893394E-003
   239.095324100152       8.377514599316195E-002  9.169560726844711E-003
   1234.36768553250       8.420152969855192E-002  9.575073779266646E-003
   622.603112117846       8.378045206311756E-002  1.007455758347948E-002
   493.142902805000       8.335838217322872E-002  1.057504767522052E-002
   356.768411855636       8.293630925160195E-002  1.107453811828541E-002
   251.033592828540       8.810712311790218E-002  1.205221903179286E-002
   296.402810573102       8.858246292290571E-002  1.159742017854555E-002
   4.13338171097862       8.905679609457588E-002  1.114162746243234E-002
   28.5512879516646       8.953213482462731E-002  1.068682945465146E-002
   111.318531217574       9.000647448413845E-002  1.023203916562406E-002
   148.185746369590       9.045111852527778E-002  1.068143886066123E-002
   91.8422555978146       9.089676263081536E-002  1.113083269921270E-002
   195.199273834050       9.134141296519754E-002  1.158123210708587E-002
   67.7089486796421       9.178705745248728E-002  1.203062564320743E-002
   79.8579517819654       9.251276179367891E-002  1.129635468871034E-002
   91.9705728522386       9.205817036568967E-002  1.085601458177031E-002
   16.5546124007891       9.160258523975556E-002  1.041667978840521E-002
   49.2164584964352       9.114799432428830E-002  9.976338985882106E-003
   212.030247363457       9.069340957554030E-002  9.536997812993634E-003
   27.6804687584474       9.114324376168159E-002  9.166352724574858E-003
   2.45181555215895       9.159307756138427E-002  8.795707658504967E-003
   73.2997411086357       9.204391130227149E-002  8.425056922163856E-003
   120.031285416477       9.249374561627059E-002  8.054412926059145E-003
   79.0349927345564       9.109439150705298E-002  7.486609794836415E-003
   123.134156974064       9.072905426609244E-002  7.941760737829373E-003
   96.8938012044498       9.036371148557096E-002  8.395911794289125E-003
   201.079451741813       8.999836905163505E-002  8.850062967889984E-003
   159.889715253489       8.956172711892267E-002  8.400616139255159E-003
   119.700059610786       8.912508583509787E-002  7.951167401599108E-003
   152.518442646601       8.868843805171842E-002  7.500718307984209E-003
   283.264609416636       8.794682376566676E-002  8.251078249241135E-003
   28.5633913845628       8.840235932433876E-002  8.682415879200059E-003
   76.5669759534344       8.885689561208610E-002  9.113759749017790E-003
   632.306438568109       8.931143255117678E-002  9.545103990836145E-003
   264.157513209201       8.886223839815634E-002  1.002474957278644E-002
   238.375107779174       8.841305075213210E-002  1.050539515837888E-002
   22.3310541345798       8.796285816040972E-002  1.098504665640501E-002
   164.661586033100       9.324703214438505E-002  1.202205877849769E-002
   280.804883160473       9.368718477480699E-002  1.153546937478100E-002
   80.7745907219056       9.412634399110094E-002  1.104988605215659E-002
   53.5495023862713       9.456649804940200E-002  1.056329695879702E-002
   85.5993160882757       9.500565818753051E-002  1.007771315332067E-002
   216.214396696936       9.551448468159368E-002  1.055773637718724E-002
   128.846803766466       9.602431803808997E-002  1.103875147892048E-002
   306.298936541453       9.653314509417023E-002  1.151877162337474E-002
   210.102236349301       9.704197654187557E-002  1.199979183536723E-002
   37.4178917418070       9.751418112541525E-002  1.152201323036225E-002
   300.739218534346       9.702721872759633E-002  1.101886209924737E-002
   85.0392148398357       9.654125580043044E-002  1.051570713343717E-002
   220.737718213142       9.605428810743188E-002  1.001155822303472E-002
   314.190087656362       9.556832788937256E-002  9.508402816078714E-003
   237.858275987167       9.604896217410845E-002  9.103579131757453E-003
   109.719553380208       9.653059730736382E-002  8.698749340548165E-003
   114.927314443503       9.701123291209479E-002  8.293925079170773E-003
   19.6660866385296       9.749286804444558E-002  7.889093843755078E-003
   57.5029068807968       9.619649813765944E-002  7.488687349656522E-003
  0.354820706695389       9.579733659845965E-002  7.974035094864922E-003
   317.570936291285       9.539818029607328E-002  8.460382965191093E-003
   52.2405207014712       9.499901840321613E-002  8.945732227664855E-003
   81.0809641360252       9.462819084273731E-002  8.464899449735797E-003
   63.2064707643112       9.425735778152593E-002  7.983067094073157E-003
   184.159030501726       9.388653116496004E-002  7.502234624858418E-003
   258.231054829675       9.297989606382911E-002  8.419568324994837E-003
   162.707447576809       9.346504689230917E-002  8.784728834829260E-003
   32.6708960670327       9.395119771239860E-002  9.149882958827557E-003
   104.497661474580       9.443634810382927E-002  9.515042558415189E-003
   55.8652786377073       9.395594887571142E-002  9.959866868344582E-003
   84.7992309135001       9.347455495855797E-002  1.040569727346030E-002
   258.592032627771       9.299415512788725E-002  1.085052244716997E-002
   24393.4700119259      -1.566632515341673E-003  1.749769410752990E-002
   11816.1463082185      -1.174182334612315E-003  1.706127177573684E-002
   151158.772403158      -7.816205335511933E-004  1.662462174953932E-002
   386379.624447454      -3.887818293791630E-004  1.618774484044316E-002
   203555.999246171       4.465570534211829E-006  1.575078188928652E-002
   412749.503572840       4.123360100466973E-004  1.618716400043397E-002
   95801.8958871679       8.187781675156773E-004  1.662338279888810E-002
   102147.334984136       1.226091400512142E-003  1.705914661939505E-002
   110176.730245588       1.632456165918331E-003  1.749527975078293E-002
   278525.028056346       2.508804226391501E-003  1.661698165141038E-002
   246837.364115143       2.070132861518940E-003  1.621162478270774E-002
   221293.899729808       1.631746495081659E-003  1.580641820999662E-002
   29203.6501180846       1.193410861269358E-003  1.540272194106900E-002
   173247.090607253       7.561345994941433E-004  1.499764773035144E-002
   187682.170534832       1.193189085311352E-003  1.466347799382393E-002
   195124.643915359       1.630431247898757E-003  1.433023398765231E-002
   302427.351615291       2.067567821164629E-003  1.399568287239368E-002
   178420.291511617       2.504919613147976E-003  1.366228590276607E-002
   50589.4633854602       1.004921465817285E-003  1.293476275855948E-002
   55010.9591785203       6.710349243785125E-004  1.337178243682766E-002
   105980.156199277       3.380234752170148E-004  1.380890591970658E-002
   93387.1447190772       3.754856209392830E-006  1.424611953871810E-002
   194716.985964418      -4.420405667127408E-004  1.380929043805052E-002
   115826.863287587      -8.877714264219483E-004  1.337251360706157E-002
   57820.0082517863      -1.333481293520890E-003  1.293588627415455E-002
   339052.086693262      -2.498305254788403E-003  1.321880621649228E-002
   134351.993889928      -2.060604500538739E-003  1.366464881137542E-002
   81349.9767934203      -1.622863068573406E-003  1.410925597364584E-002
   14772.4545207202      -1.185232662217608E-003  1.455382507928149E-002
   159358.585550201      -7.479888193229307E-004  1.499858825984501E-002
   55307.4636503482      -1.184922882381163E-003  1.539043798961258E-002
   234522.276320567      -1.622706601560216E-003  1.578199377077675E-002
   359193.626432879      -2.060612037218903E-003  1.617381560146551E-002
   419686.143885548      -2.498209023279534E-003  1.656637060784158E-002
   8482.13875157930       3.386511588556055E-003  1.749295773649005E-002
   313341.895248360       3.792644970324395E-003  1.717790741191856E-002
   380653.181636647       4.199117161686043E-003  1.686368948804082E-002
   548828.127404094       4.604527578329244E-003  1.654800421280043E-002
   259647.031823135       5.011252832149132E-003  1.623241647052153E-002
   503502.919903948       5.410402524896536E-003  1.654589210563451E-002
   254257.011142952       5.808943808973389E-003  1.685978389762944E-002
   218550.147760313       6.206602566258293E-003  1.717211206856949E-002
   78979.3230427823       6.604791293742070E-003  1.748539594505160E-002
   234616.818275362       7.514945356307015E-003  1.656940685855381E-002
   193480.528298282       7.197773810030366E-003  1.617360315880407E-002
   101388.297575611       6.882034889491470E-003  1.577892637936685E-002
   120318.974934550       6.565394773228375E-003  1.538355781255387E-002
   160397.318072173       6.249945270522624E-003  1.498747742756934E-002
   100884.772240081       6.564500994124240E-003  1.467992263226882E-002
   155881.627194645       6.879063940700263E-003  1.437124438896205E-002
   236674.418921197       7.192668793607158E-003  1.406346258251135E-002
   190970.689547351       7.507489997533087E-003  1.375577688718243E-002
   75312.4814318976       5.927120694420093E-003  1.280348672985294E-002
   145814.996493824       5.620545441859348E-003  1.311809118896190E-002
   199111.828511018       5.312925814309252E-003  1.343378751790785E-002
   84536.8664800113       5.006346799697458E-003  1.374967611573125E-002
   160071.106089939       4.671299754995603E-003  1.343550250515897E-002
   52003.5256709229       4.337483634290958E-003  1.312124299211537E-002
   99231.4587224259       4.002616541641507E-003  1.280820694033463E-002
   116293.249042751       2.821221800678550E-003  1.399442085620541E-002
   127840.024684308       3.136091653793955E-003  1.432784245904505E-002
   35644.2563202902       3.452036818787464E-003  1.466000628528401E-002
   101075.274505393       3.767676939857166E-003  1.499329706017241E-002
   46457.1271562206       3.453600271211627E-003  1.539964002083557E-002
   130285.159454122       3.138617146993680E-003  1.580453289927641E-002
   259203.470394246       2.824388840350637E-003  1.621062723025492E-002
   20027.8895079546       8.430719048394873E-003  1.747960304317728E-002
   109293.802221051       8.826712769870321E-003  1.709693603273660E-002
   200867.878083180       9.222263808144287E-003  1.671529293019566E-002
   375377.772072083       9.618962907912464E-003  1.633229679601598E-002
   186380.848141791       1.001583354304329E-002  1.595002299925176E-002
   283524.439524863       1.032125003649812E-002  1.632949255145067E-002
   59136.8398917542       1.062616364594637E-002  1.671005676804547E-002
   9581.23382958122       1.093198512149534E-002  1.708935811886311E-002
   19689.1244500592       1.123642540706607E-002  1.746975389560234E-002
   207945.190614267       1.251857978587841E-002  1.617773119954431E-002
   222402.438782946       1.213481508530912E-002  1.587631583724382E-002
   174498.889122983       1.175217393767280E-002  1.557403303066341E-002
   1066.10381770293       1.136854250987101E-002  1.527309444330822E-002
   73278.9845295080       1.098659241368803E-002  1.497190112322861E-002
   57367.8266553044       1.136623674654915E-002  1.450811545795441E-002
   65868.4692692032       1.174709625418038E-002  1.404528691880418E-002
   157241.839653656       1.212734421572026E-002  1.358145660911458E-002
   162454.990063248       1.250875623026177E-002  1.311726550899090E-002
   139153.765461831       1.139579837376177E-002  1.285317539111499E-002
   206325.777991444       1.093330849597627E-002  1.323529665547646E-002
   289423.312851910       1.047176545069361E-002  1.361866750902220E-002
   78345.4052317389       1.000951437349940E-002  1.400160832081868E-002
   96903.0235270365       9.700850939151760E-003  1.362190447377633E-002
   32536.5956962190       9.391470580644627E-003  1.324118474545286E-002
   9136.57046278074       9.083126537940205E-003  1.286162838640518E-002
   124792.369325318       7.891070295544393E-003  1.406132600738083E-002
   142461.939039592       8.273286708805422E-003  1.436713069794147E-002
   39561.7486468549       8.656603165897411E-003  1.467359116170998E-002
   58277.2983598409       9.038631413406030E-003  1.497906569740009E-002
   18655.7571041596       8.658855093410541E-003  1.537677818150054E-002
   182354.394126775       8.277420758624915E-003  1.577434650586034E-002
   292574.652595322       7.896772058380181E-003  1.617120374387020E-002
   36524.9936157388       1.381035998543306E-002  1.745994465211196E-002
   53723.9686425493       1.411160772459891E-002  1.699124684715147E-002
   4575.52812518418       1.441427543174018E-002  1.652170928646382E-002
   147181.959715536       1.471630520986025E-002  1.605314801524510E-002
   136054.686186351       1.501874075162201E-002  1.558430692353299E-002
   211808.332549176       1.539241753078939E-002  1.605068220172270E-002
   4839.90487916651       1.576576794347427E-002  1.651681448714084E-002
   34547.2476920888       1.613790463088747E-002  1.698376778959286E-002
   27623.0551540745       1.651052525922727E-002  1.744992052481914E-002
   126142.789430549       1.752387178901993E-002  1.642899318753054E-002
   155996.477776195       1.705387699820622E-002  1.605983431123700E-002
   123850.101311785       1.658291557710736E-002  1.569191593612355E-002
   47301.8246424861       1.611296443834319E-002  1.532338691367687E-002
   54535.1952099970       1.564370935063618E-002  1.495477758839544E-002
   70746.6791970077       1.611076819801398E-002  1.458357150630988E-002
   165127.700511997       1.657793108256439E-002  1.421214710686607E-002
   167060.763739766       1.704612606592756E-002  1.384053244986269E-002
   100750.536386424       1.751313300059579E-002  1.346756431935802E-002
   12837.6849385803       1.612107495869875E-002  1.292165447606335E-002
   17728.3905155972       1.575254800385269E-002  1.339168132309089E-002
   124295.308546949       1.538371834285755E-002  1.386068212159995E-002
   49000.6845976752       1.501480709666306E-002  1.433000190328396E-002
   114115.368522328       1.454956758842978E-002  1.386379482648697E-002
   28927.0754706550       1.408531072864121E-002  1.339803522634795E-002
   16975.9352128309       1.362019791010201E-002  1.293155042264063E-002
   43494.2923613732       1.297907511144859E-002  1.357833260119792E-002
   22327.4139064382       1.345029200611483E-002  1.403913413464575E-002
   105151.646612593       1.392037507220759E-002  1.449862187190778E-002
   7430.71107582462       1.438985818030235E-002  1.495926245987512E-002
   205272.115724604       1.392246235608639E-002  1.526317152244425E-002
   290601.711213772       1.345476804294711E-002  1.556735628419906E-002
   302327.046556433       1.298613588290021E-002  1.587292113869319E-002
   44481.6216014697       1.854439315911249E-002  1.744201465244179E-002
   33025.7877241200       1.891423947741097E-002  1.706307977620309E-002
   141340.122613823       1.928321337373094E-002  1.668299452897977E-002
   223633.338293982       1.965335427495138E-002  1.630375875705835E-002
   120493.714023863       2.002353076710240E-002  1.592325141787635E-002
   233901.195470117       2.048196801101963E-002  1.629998176427756E-002
   72279.6927477612       2.094126951232279E-002  1.667558005853544E-002
   47890.4183508082       2.139962773111474E-002  1.705170756301600E-002
   33443.6486286972       2.185741370021300E-002  1.742683479651380E-002
   128699.474652494       2.252925741245425E-002  1.674820432422458E-002
   55824.9094820147       2.214827366345798E-002  1.629443827012875E-002
   3747.95040200999       2.176664197569271E-002  1.584083256830475E-002
   143157.345345819       2.138622680136603E-002  1.538637770036556E-002
   25596.9132673732       2.100554926779361E-002  1.493254318133651E-002
   1042.73389391149       2.138316340154741E-002  1.452231838938474E-002
   111832.415557132       2.175972763392641E-002  1.411187800386406E-002
   162170.642204614       2.213744895276804E-002  1.370135450468914E-002
   131074.094677939       2.251416945448683E-002  1.329058916284324E-002
   36642.1987008837       2.123899098086130E-002  1.280996956692034E-002
   84598.5451848518       2.083132355379023E-002  1.319047597756365E-002
   171338.776849702       2.042348669189300E-002  1.357001965170202E-002
   18973.9620374847       2.001582067475644E-002  1.395095636992207E-002
   66394.7389647426       1.964399664332929E-002  1.357363234870442E-002
   11568.3343364535       1.927227089741388E-002  1.319739304622638E-002
   2162.07912825346       1.890056075667961E-002  1.282030761146569E-002
   22641.2319868345       1.789302589845109E-002  1.383673273102775E-002
   13848.6331496602       1.827369775582487E-002  1.420496486713868E-002
   54661.3867995924       1.865334753943192E-002  1.457303607588876E-002
   15030.6549153443       1.903376503376086E-002  1.494114492813652E-002
   34872.8261787128       1.865609907599044E-002  1.531320133744189E-002
   115872.439543469       1.827913027204188E-002  1.568526764518489E-002
   213261.250869037       1.790097351559688E-002  1.605645092793947E-002
   54099.2026693168       2.320710656655356E-002  1.741979452900914E-002
   48443.0980864769       2.366172977746617E-002  1.703648231730436E-002
   222565.194547722       2.411668175425784E-002  1.665391532640491E-002
   284353.810690483       2.457278947000034E-002  1.627005179750929E-002
   142972.291436025       2.502776814244084E-002  1.588672066190936E-002
   215851.869534548       2.543854749409119E-002  1.626529704330272E-002
   52955.9905365326       2.584815527779175E-002  1.664463037965552E-002
   67914.1966291328       2.625856377106289E-002  1.702264527564320E-002
   95143.3411622729       2.666849835864577E-002  1.740160452590872E-002
   115574.514142094       2.753303348692595E-002  1.652807972736791E-002
   183128.946386198       2.714818591117050E-002  1.612218728762075E-002
   56240.7197590799       2.676439760995420E-002  1.571676732280319E-002
   95012.2045226790       2.637983087712341E-002  1.531261733142115E-002
   27168.6563367896       2.599687950137363E-002  1.490731130663904E-002
   69484.0304653649       2.637605483355721E-002  1.446817701030187E-002
   83912.8248377214       2.675639455347216E-002  1.402989615925416E-002
   191807.074232288       2.713608582048730E-002  1.359054041053706E-002
   160450.045894383       2.751689207719988E-002  1.315078839216351E-002
   66053.9499128810       2.632810725091583E-002  1.278865862409274E-002
   160675.507440369       2.589127324959061E-002  1.317119125314974E-002
   279674.833684011       2.545528393075833E-002  1.355494157112698E-002
   63792.7113257326       2.501856881361002E-002  1.393834069274359E-002
   120130.994840708       2.460720051391546E-002  1.355963814156465E-002
   4505.50192982394       2.419599394979898E-002  1.318002580092148E-002
   26005.2935900235       2.378486353711276E-002  1.280165222288826E-002
   74155.7740357730       2.289871704751088E-002  1.369747876894544E-002
   32673.7428765828       2.328207895551405E-002  1.410425351080503E-002
   76046.4117826867       2.366637310757959E-002  1.451079292040785E-002
   31959.2913503408       2.404924118192768E-002  1.491747262861456E-002
   12160.5104598660       2.367028634929208E-002  1.537473285367433E-002
   79979.7920984346       2.328988225313842E-002  1.583293341976115E-002
   265877.324402500       2.291006977453023E-002  1.629022498430193E-002
   87055.4215620142       2.840596778500493E-002  1.739268791967921E-002
   61230.4620970388       2.881243560448033E-002  1.703076039880346E-002
   128622.433770767       2.921918635743368E-002  1.666956857138762E-002
   209842.346704524       2.962521268773623E-002  1.630717556175434E-002
   150496.492796238       3.003219263017852E-002  1.594430785187950E-002
   239978.952076954       3.053571755277464E-002  1.630270039497200E-002
   166618.268284764       3.104032818472259E-002  1.666077343054868E-002
   4268.34256103775       3.154394951656701E-002  1.701737957473119E-002
   47311.3795535235       3.204719127560344E-002  1.737456926020975E-002
   57995.8580640158       3.253935511099556E-002  1.687702412879968E-002
   158639.366029318       3.217472996854664E-002  1.637810712379861E-002
   28515.3612817493       3.181132297135085E-002  1.587980167034958E-002
   115560.336243827       3.144737144918810E-002  1.538046366236953E-002
   46298.6047900902       3.108402810261609E-002  1.488181710845434E-002
   24171.7661099235       3.144301032663095E-002  1.445443595407744E-002
   51138.3077958308       3.180216501583671E-002  1.402701913084981E-002
   108666.520867745       3.216050384660758E-002  1.360052410216885E-002
   83684.0085533528       3.251982483705027E-002  1.317268050664110E-002
   10630.8921980850       3.129463729081294E-002  1.274237825901448E-002
   66717.3953207287       3.087114861039269E-002  1.310408684090436E-002
   129741.480473398       3.044653063290317E-002  1.346692452988957E-002
   89184.2219676075       3.002195580682688E-002  1.383002175845131E-002
   141380.806162033       2.958169949265910E-002  1.347117079360182E-002
   82926.7047400897       2.914228848218030E-002  1.311283184473253E-002
   7860.10925525847       2.870200185008947E-002  1.275579077049049E-002
   112774.695665495       2.788091947008224E-002  1.358666044178178E-002
   15284.3396656142       2.824369004530547E-002  1.402228742831586E-002
   58433.9757559740       2.860717526456232E-002  1.445677720561934E-002
   117096.509197378       2.897044007116602E-002  1.489221011496547E-002
   21640.7645493093       2.861122492242107E-002  1.530112327306319E-002
   77952.5103864001       2.825167955235616E-002  1.570912033425229E-002
   259744.157009790       2.789280951077045E-002  1.611826378065332E-002
   37181.9188714735       3.303690587711093E-002  1.736966602522919E-002
   25988.9383144021       3.353560650574746E-002  1.690160774990996E-002
   55326.8448398961       3.403476583231228E-002  1.643360816225231E-002
   101798.817150091       3.453493153393948E-002  1.596531579444999E-002
   57310.3361778401       3.503385629327759E-002  1.549552505036908E-002
   26195.4090364303       3.534672847344277E-002  1.596061118199292E-002
   18887.0267935178       3.565845563028129E-002  1.642465281093037E-002
   52518.8100141368       3.597104377430298E-002  1.688871443330859E-002
   35136.9664312281       3.628360065681786E-002  1.735275932570054E-002
   22553.5281580058       3.753765611511551E-002  1.608502344691723E-002
   80276.9000545181       3.706985504614881E-002  1.577748499014847E-002
   56764.8781848121       3.660194559593237E-002  1.547015349217385E-002
   21031.6011612180       3.613404062419593E-002  1.516394100198046E-002
   25378.6862288443       3.566524205669561E-002  1.485683613243636E-002
   33097.3471104209       3.612966828697032E-002  1.439353237616586E-002
   14020.9250195949       3.659330226082244E-002  1.393027082801891E-002
   33310.6706029902       3.705704544180911E-002  1.346595647915671E-002
   20123.8578241843       3.752074013692717E-002  1.300241657875593E-002
   7790.77487397934       3.640372520368239E-002  1.281926460388373E-002
   17015.3302732301       3.594407875703531E-002  1.328751593404799E-002
   61017.2041165047       3.548535120684523E-002  1.375585060831905E-002
   34316.6401221823       3.502670154024189E-002  1.422543184854200E-002
   33428.9722202612       3.459773608970610E-002  1.376097562513162E-002
   21619.1168633084       3.416881162703925E-002  1.329775150611294E-002
   21792.2625412912       3.374103807116104E-002  1.283457404829515E-002
   54442.8259103651       3.298855273893658E-002  1.359600741907363E-002
   41578.4598944377       3.345724386770896E-002  1.401820781632715E-002
   11957.0051397525       3.392592628898058E-002  1.444118852266936E-002
   78293.2325714408       3.439542282020942E-002  1.486409166735918E-002
   48850.1466655349       3.393112655416640E-002  1.536711848223520E-002
   3327.70237252054       3.346741523936558E-002  1.587096745695649E-002
   49365.8694743870       3.300342592378479E-002  1.637386280629115E-002
   6109.59510799618       3.880543654490625E-002  1.733925687801912E-002
   4716.73957828009       3.911336053000334E-002  1.695369441177474E-002
   14289.1500152754       3.942133973330923E-002  1.656713583489542E-002
   20299.3248347605       3.972837809349894E-002  1.618157201278426E-002
   25425.6025376962       4.003637344316598E-002  1.579587706606405E-002
   20306.7699411853       4.046253659864947E-002  1.617752258415609E-002
   1608.21969298823       4.088867653169885E-002  1.655915569914199E-002
   4818.66665117795       4.131381396248854E-002  1.694175493639297E-002
   10543.0994570736       4.173988790550772E-002  1.732335267811114E-002
   7775.82895724159       4.254049963724683E-002  1.651394317888122E-002
   9664.80588126772       4.215411927396961E-002  1.609207809328817E-002
   1226.69536625495       4.176676487498899E-002  1.567124761052762E-002
   14841.0031887884       4.138042179506721E-002  1.524943779402741E-002
   11329.8820665838       4.099415205155836E-002  1.482759762118858E-002
   6352.15659175686       4.137553961076806E-002  1.434954666112400E-002
   5723.69887312108       4.175694411392372E-002  1.387149024239023E-002
   703.274660604611       4.213937746265435E-002  1.339342512385739E-002
   1758.86970558422       4.252077196515067E-002  1.291527357873448E-002
   587.467334634621       4.144762167686459E-002  1.270916816085617E-002
   985.616348878215       4.097373243198383E-002  1.309672640327151E-002
   8969.22548361160       4.049980790582309E-002  1.348329178927987E-002
   11836.2657722221       4.002589289445304E-002  1.386989316876435E-002
   14805.6528863349       3.956269966163911E-002  1.348843060538759E-002
   9381.17812704281       3.909943756530213E-002  1.310713291210223E-002
   21255.9731525713       3.863520343587779E-002  1.272491302176467E-002
   14779.4748539822       3.790745203008321E-002  1.346118013169947E-002
   14643.5459727139       3.829513764962040E-002  1.392084366808494E-002
   24082.4393823442       3.868172678903947E-002  1.437950760761660E-002
   46281.6867687609       3.906827178060692E-002  1.483815724577775E-002
   9656.30675977139       3.868588633388167E-002  1.515003230603381E-002
   18777.7494252409       3.830350515887352E-002  1.546099646694509E-002
   35272.3572209459       3.792008676255040E-002  1.577299229486921E-002
   5038.95803639122       4.334984569571509E-002  1.731446689976761E-002
   10264.4599855532       4.377158032628603E-002  1.688818463180378E-002
   28800.2563206447       4.419231658492937E-002  1.646187235780338E-002
   37978.1597537351       4.461407400223293E-002  1.603652656299373E-002
   14497.5529864580       4.503581489511810E-002  1.561012884621862E-002
   28886.3098161994       4.547031585552747E-002  1.603160222797604E-002
   1370.56155125875       4.590476259231954E-002  1.645210952517756E-002
   5912.05416519123       4.634023611972786E-002  1.687355890709692E-002
   8763.60324618108       4.677466152976231E-002  1.729502978110286E-002
   2704.45130479445       4.754121611589081E-002  1.651953949298770E-002
   4070.83580662656       4.711468389791105E-002  1.609004190181809E-002
   1294.91382223387       4.668818414661978E-002  1.565953123854993E-002
   23834.5100738279       4.626269145607298E-002  1.523003921318261E-002
   21624.5013004764       4.583631320426451E-002  1.480047703436076E-002
   10109.9847332052       4.625826387840117E-002  1.442903660163506E-002
   16707.6807274416       4.667915786761376E-002  1.405756763918005E-002
   7191.60260447555       4.710105158342232E-002  1.368610757300775E-002
   6637.66822446985       4.752292504099936E-002  1.331463840597848E-002
   9431.09816787228       4.612650059938023E-002  1.272271254999804E-002
   2885.73863844847       4.575993733514386E-002  1.314885819896322E-002
   7068.99941174011       4.539335614624580E-002  1.357398167994539E-002
   14912.8519259200       4.502680615030415E-002  1.400012183152186E-002
   12680.6722409790       4.454845644606210E-002  1.357883299118600E-002
   14851.6474982332       4.407012163538825E-002  1.315853178477413E-002
   7919.13192955129       4.359177862573328E-002  1.273722951386605E-002
   14112.9230192493       4.294741079095379E-002  1.338885260178761E-002
   7445.25743796900       4.337404205731497E-002  1.386245450149872E-002
   7268.64853074527       4.379968673056072E-002  1.433605803815733E-002
   695.124468968417       4.422633810874693E-002  1.480965691534062E-002
   5989.40920810955       4.380468974388371E-002  1.523597453513120E-002
   15471.6437903453       4.338398237086578E-002  1.566227166900941E-002
   31220.9435825069       4.296223130062422E-002  1.608757688243351E-002
   2573.47240390601       4.831661399463111E-002  1.728597298423492E-002
   6016.34743670619       4.874645946288269E-002  1.690152559612589E-002
   27923.4549901621       4.917729388133132E-002  1.651702955203663E-002
   30664.0788356662       4.960714675588363E-002  1.613153065555138E-002
   10198.8932913964       5.003699771107434E-002  1.574699852600637E-002
   25893.7294117238       5.050833802129195E-002  1.612617815694292E-002
   457.801858214394       5.097866683870092E-002  1.650634018817653E-002
   3821.62509356802       5.144999783039964E-002  1.688541791845341E-002
   18039.7989119722       5.192023558940424E-002  1.726449789488279E-002
   16521.1811595700       5.254252886440818E-002  1.663471781023578E-002
   175.054960909963       5.215764744411015E-002  1.616908423428503E-002
   8090.86443933886       5.177281332478875E-002  1.570247410721687E-002
   28451.3940477125       5.138702012747458E-002  1.523688942458413E-002
   4973.15279090764       5.100233261533632E-002  1.477023559839266E-002
   8486.41525393837       5.138178636019313E-002  1.431808316009055E-002
   16983.8006981179       5.176219648752418E-002  1.386586912938602E-002
   19645.9226053632       5.214164735653862E-002  1.341366466655919E-002
   19743.0871211843       5.252110169805781E-002  1.296241650400048E-002
   15637.1738009286       5.136924559682107E-002  1.265011508929874E-002
   17549.6710405361       5.092142180119243E-002  1.303471270429536E-002
   34570.8930237957       5.047357915328721E-002  1.342030746417426E-002
   10927.8937802267       5.002579479060946E-002  1.380499857412473E-002
   3607.32731684750       4.965457957176592E-002  1.342519807199729E-002
   15292.9803371974       4.928339407816058E-002  1.304436165476803E-002
   5364.78010671869       4.891220155349612E-002  1.266454119093356E-002
   11939.1371487895       4.790706519455952E-002  1.368137996644941E-002
   5737.75183919033       4.829117457399560E-002  1.404815281589036E-002
   14233.0428741657       4.867630195834988E-002  1.441489694743172E-002
   5421.37458024781       4.906039304970659E-002  1.478167559979760E-002
   9568.41057650055       4.868087934975967E-002  1.521586598993461E-002
   15738.2753959727       4.830033503055779E-002  1.565006470654068E-002
   35843.3901793471       4.792076233912600E-002  1.608526083044237E-002
   12714.4851616642       5.317216039480033E-002  1.725696320817566E-002
   735.931101591048       5.363774974598663E-002  1.683534259995780E-002
   32079.2666459633       5.410439514573501E-002  1.641368321689882E-002
   36805.7663779857       5.457007728786055E-002  1.599198991199920E-002
   19567.0679595924       5.503671230468113E-002  1.556918368352722E-002
   17095.3462544189       5.537030266610960E-002  1.598713913572683E-002
   5979.72619275594       5.570483775358340E-002  1.640406693553659E-002
   20639.9905444772       5.603832751093024E-002  1.682099076469633E-002
   15849.1040517361       5.637277913820828E-002  1.723790781801892E-002
   13113.3333778722       5.753984897130094E-002  1.605703099965890E-002
   29517.5951782776       5.711883295392288E-002  1.572749881696100E-002
   16379.3505446804       5.669780146681350E-002  1.539903908763715E-002
   3996.24131509105       5.627677337659363E-002  1.506962959213608E-002
   5029.09316486211       5.585481721057562E-002  1.474124134807638E-002
   14083.7614272635       5.627215567361535E-002  1.428287993635906E-002
   12852.2037017565       5.668853309588750E-002  1.382550630775555E-002
   22538.5373733261       5.710496336179875E-002  1.336712204451366E-002
   16883.5199031506       5.752139252525625E-002  1.290965184419696E-002
   6283.37585864878       5.638687695483289E-002  1.265723500242562E-002
   16938.7280545376       5.593325967246877E-002  1.307882516206082E-002
   38454.1904740603       5.548060996770020E-002  1.350044056877732E-002
   4851.24334590982       5.502701504580809E-002  1.392317410799769E-002
   9957.97950556836       5.457446224996283E-002  1.350590571125091E-002
   9513.91470093449       5.412192991043945E-002  1.308967007783372E-002
   11734.9961774642       5.366941455364810E-002  1.267347338912325E-002
   3813.81911090116       5.294283657022905E-002  1.340887737170509E-002
   1699.34736431879       5.336455687941580E-002  1.385630487817807E-002
   18279.3941270709       5.378626305442066E-002  1.430369408645062E-002
   12930.9223989983       5.420890028437587E-002  1.475109757205566E-002
   2356.30039823273       5.379163783518021E-002  1.522246701988661E-002
   12861.0573068734       5.337530515385415E-002  1.569283141383124E-002
   44358.1546468423       5.295890862668035E-002  1.616420971260838E-002
   6759.47192182361       5.872067800761118E-002  1.722411525007267E-002
   8262.28777485726       5.905072502653590E-002  1.688627154076581E-002
   9554.88443595807       5.937978009077972E-002  1.654840574694455E-002
   14924.5442183963       5.970986386278841E-002  1.620952994746592E-002
   15845.8971809883       6.003894199688798E-002  1.587160791166343E-002
   17746.2240826784       6.044194658530411E-002  1.620525614961944E-002
   12182.6429506134       6.084495825179716E-002  1.653987613769427E-002
   5344.98567431821       6.124794498242755E-002  1.687348162276987E-002
   10012.8510490205       6.165093377228475E-002  1.720704696748390E-002
   3601.66144340616       6.254163960588655E-002  1.630585150012122E-002
   18223.7768132248       6.220326625900134E-002  1.590681244408524E-002
   2378.51232771487       6.186487669572140E-002  1.550783150336409E-002
   4555.70181762701       6.152551604307472E-002  1.510885913270437E-002
   6856.01981254741       6.118718346249131E-002  1.470987990624109E-002
   1690.34378183415       6.152126469623962E-002  1.437996412695143E-002
   5678.84811907556       6.185635359697696E-002  1.404903541373275E-002
   8049.84816569866       6.219046255570288E-002  1.371910681435252E-002
   5754.30724458240       6.252455451971144E-002  1.338814578810558E-002
   460.340726567958       6.100461917919298E-002  1.254697093438131E-002
   4036.14784139973       6.067857377185405E-002  1.288484929454874E-002
   11067.6524586867       6.035151909417612E-002  1.322373894937497E-002
   11789.7320427862       6.002545653472254E-002  1.356164118944548E-002
   18495.9859521564       5.956744451865569E-002  1.322830502400961E-002
   14561.6187415003       5.911039603665087E-002  1.289403321135795E-002
   4730.16891104463       5.865235729195671E-002  1.256081181680871E-002
   6794.04638146321       5.786016887973913E-002  1.336259954732927E-002
   5619.98809912698       5.819890707132141E-002  1.381652565493448E-002
   11790.8433156881       5.853859441265775E-002  1.426944576647530E-002
   15905.3051683475       5.887726423181305E-002  1.472337047969897E-002
   5383.61229219219       5.854316891064245E-002  1.505623854616892E-002
   12700.1445545627       5.820807664965786E-002  1.539014658069685E-002
   28392.6301347047       5.787395082858881E-002  1.572305975523714E-002
   2504.00764545178       6.344287269114535E-002  1.719664432951400E-002
   1350.55886495043       6.384144261665210E-002  1.678233359354744E-002
   2068.59862911922       6.424005026334405E-002  1.636903724976950E-002
   544.674444206329       6.463865679230836E-002  1.595473231088197E-002
   2849.41284169108       6.503725945364136E-002  1.554140068110508E-002
   1511.66730010927       6.544964594966864E-002  1.595000575054167E-002
   275.346914324356       6.586104252771194E-002  1.635961178404504E-002
   761.438855303044       6.627343095781053E-002  1.676821468980237E-002
   636.068287860278       6.668582765320072E-002  1.717781566662986E-002
   1252.28955593965       6.754179087407082E-002  1.631181408638560E-002
   721.866829802984       6.712740875112772E-002  1.590422026193658E-002
   39.2190126998700       6.671402364129413E-002  1.549662369073500E-002
   1268.36100483435       6.629964572422935E-002  1.509003145581271E-002
   5118.06413388542       6.588625560179323E-002  1.468243878291397E-002
   1448.58127335857       6.629443561289698E-002  1.420105679649319E-002
   1894.68792500760       6.670363457119523E-002  1.371967931733375E-002
   1679.41379005745       6.711183929638449E-002  1.323830598818051E-002
   1988.05726500940       6.752103878819513E-002  1.275690896888241E-002
   2269.99236478561       6.645705618747781E-002  1.259110106553927E-002
   1039.37469318381       6.598046054531655E-002  1.300487193952546E-002
   572.367289415526       6.550386768710405E-002  1.341965114645881E-002
   5931.58295643674       6.502726427761223E-002  1.383343151311742E-002
   3288.97732410656       6.469684381900574E-002  1.342435543321975E-002
   2202.80476977405       6.436541046261923E-002  1.301431459814572E-002
   3216.45707498923       6.403499927483576E-002  1.260526776980676E-002
   9795.12268330171       6.293849580397896E-002  1.371472997455435E-002
   5405.20224838237       6.335143500014359E-002  1.404030253495520E-002
   3559.37067992389       6.376537066418490E-002  1.436686168768530E-002
   10405.8218348978       6.417830106048707E-002  1.469240518827807E-002
   4412.70306674809       6.376964597226707E-002  1.509575295588780E-002
   2120.78817647035       6.335998726196514E-002  1.549911637362449E-002
   1424.80923269692       6.295132160587760E-002  1.590248344170390E-002
   390.577982956005       6.840779555853933E-002  1.716777494802884E-002
   479.848406460179       6.881529429870298E-002  1.673739409087716E-002
   719.104815967873       6.922279128830275E-002  1.630701031821090E-002
   577.605348185537       6.962928924041455E-002  1.587663155978106E-002
   147.772351635289       7.003678495490623E-002  1.544624278650297E-002
   142.824297653118       7.048728103705314E-002  1.587161401604150E-002
   418.460921479788       7.093677676501012E-002  1.629699050399275E-002
   925.522241351713       7.138727233654762E-002  1.672235986651227E-002
   196.271516796976       7.183776780299000E-002  1.714772809709933E-002
   1004.78080900046       7.254260774263420E-002  1.643459270923707E-002
   309.197564756240       7.211199508887921E-002  1.598910544011461E-002
   719.873184124582       7.168138215863687E-002  1.554361986531155E-002
   1160.46130427815       7.125077603344607E-002  1.509913433777284E-002
   125.648530832504       7.082016686450202E-002  1.465364728992483E-002
   614.802483709891       7.124629674022158E-002  1.433215066152609E-002
   326.003540265903       7.167242226323874E-002  1.401065035693046E-002
   705.469648526224       7.209854864290942E-002  1.368915142683730E-002
   919.690029160916       7.252467155374064E-002  1.336764868595106E-002
   55.6423405572339       7.097704002222253E-002  1.258069536401334E-002
   848.683858922385       7.066055249883024E-002  1.301055495810263E-002
   340.988432361244       7.034406303488559E-002  1.344041221713863E-002
   1546.15677193579       7.002757616964435E-002  1.387027133166292E-002
   1818.35792751529       6.954608741682290E-002  1.344507751072521E-002
   652.885046889814       6.906459625096038E-002  1.301988641410976E-002
   1858.71843153796       6.858310577182572E-002  1.259469421381521E-002
   777.834809947590       6.795182650071130E-002  1.323339713624620E-002
   1386.89656195492       6.838261619892616E-002  1.370988412196961E-002
   426.411914533302       6.881340468014249E-002  1.418637337282800E-002
   1509.85796411256       6.924419647095646E-002  1.466286072034098E-002
   533.173395294958       6.881859848849849E-002  1.507534838862811E-002
   489.700228191509       6.839299336092378E-002  1.548683646564751E-002
   449.296215975928       6.796739144926583E-002  1.589932360477336E-002
   33.9025704666082       7.325574186689068E-002  1.713942889739237E-002
   228.179241846577       7.370109741205555E-002  1.668581528620638E-002
   624.466607718371       7.414645048195265E-002  1.623219973862252E-002
   254.176003495413       7.459081024635454E-002  1.577959095536974E-002
   338.174162380237       7.503616231911835E-002  1.532597429678290E-002
   590.080443043763       7.544679320552872E-002  1.577457492154236E-002
   711.031989168657       7.585641762169854E-002  1.622218441748369E-002
   656.069165626487       7.626704956615618E-002  1.667078786450744E-002
   453.241437454514       7.667768520851229E-002  1.711938938430640E-002
   2114.81207840275       7.754157708459543E-002  1.624531283585699E-002
   1540.73710227044       7.708819967645768E-002  1.583996334202953E-002
   1506.09723332416       7.663482194869416E-002  1.543461342553255E-002
   1577.97320123534       7.618245000958916E-002  1.503025621386271E-002
   862.320597093229       7.572907333027183E-002  1.462490256657373E-002
   426.304181933289       7.617712139282654E-002  1.411926192534490E-002
   546.910086469193       7.662415338477190E-002  1.361262181591160E-002
   1395.53236134381       7.707218720120676E-002  1.310697689746152E-002
   811.629604215909       7.752021976095869E-002  1.260133755784092E-002
   634.250863554722       7.653002710569977E-002  1.257115539318760E-002
   1054.01651829236       7.602968905700214E-002  1.302510743821092E-002
   1223.04992351697       7.552834477117194E-002  1.347805946704351E-002
   1998.14082618488       7.502800528637528E-002  1.393200110384080E-002
   1596.26724860406       7.470637746348451E-002  1.348287609971729E-002
   563.569736246529       7.438475261952456E-002  1.303475068666058E-002
   366.447420615833       7.406311969993690E-002  1.258562512755759E-002
   2481.72774268213       7.297752958407534E-002  1.368399826352888E-002
   2031.85315494413       7.343038461711160E-002  1.400035236786684E-002
   1518.85154777547       7.388223974966247E-002  1.431671335702578E-002
   1147.01805346526       7.433509740592954E-002  1.463306817348366E-002
   677.512742940417       7.388672493790942E-002  1.508369963749034E-002
   71.3154289213690       7.343934873724539E-002  1.553332688526676E-002
   637.346818902831       7.299097738116038E-002  1.598395881749545E-002
   337.929834620519       7.841565547266584E-002  1.710919746421763E-002
   184.329270137434       7.882156281173183E-002  1.675080726051269E-002
   145.928090309326       7.922746497982514E-002  1.639241514842955E-002
   896.536220923636       7.963236677060075E-002  1.603403095971359E-002
   866.099511808185       8.003826825922268E-002  1.567564279256558E-002
   979.972039484653       8.042234749124771E-002  1.602939477044552E-002
   837.055890561034       8.080642584863941E-002  1.638314948996128E-002
   166.921347094215       8.119050549015124E-002  1.673690469426453E-002
   439.460047944254       8.157358641447812E-002  1.709066642087294E-002
   1096.92850803349       8.254086237671714E-002  1.611197418522763E-002
   1323.17034331866       8.218263689776255E-002  1.573306983255296E-002
   668.085539193140       8.182440565255361E-002  1.535316336365633E-002
   387.928676290519       8.146617304921391E-002  1.497325635813404E-002
   861.180731598601       8.110794023296954E-002  1.459334799778892E-002
   609.283593754357       8.146102041541456E-002  1.409426370969749E-002
   445.847625248458       8.181408967309610E-002  1.359417664041349E-002
   267.758949074802       8.216716170807818E-002  1.309508931485140E-002
   266.054905743896       8.252022665883789E-002  1.259500652755656E-002
   81.2092726802540       8.151134047458608E-002  1.244693458596688E-002
   825.473447954389       8.101644297447662E-002  1.280585155494763E-002
   1034.52690636645       8.052054544164436E-002  1.316477071553834E-002
   1473.92495554036       8.002564796413357E-002  1.352368238444090E-002
   2115.38317603559       7.952057466279024E-002  1.317063938618428E-002
   2011.83415793941       7.901450378476650E-002  1.281759762754992E-002
   674.527272677075       7.850943309994515E-002  1.246454631035984E-002
   1497.86323712362       7.787915187643830E-002  1.310224358378695E-002
   153.834888179787       7.823808662094156E-002  1.360315462462121E-002
   622.951320198398       7.859703187419111E-002  1.410506498339461E-002
   790.634753926533       7.895597459417651E-002  1.460597421834906E-002
   380.577763628680       7.860237406100561E-002  1.501605966697563E-002
   338.551619572059       7.824876976482018E-002  1.542514519107255E-002
   570.356572386694       7.789517200026780E-002  1.583522889490543E-002
   148.970221592001       8.351955392539145E-002  1.707924363769286E-002
   115.260596142657       8.389836577139140E-002  1.670501217661025E-002
   77.4397107461881       8.427816827821172E-002  1.632977328451804E-002
   350.178755434396       8.465797616957639E-002  1.595553533397144E-002
   443.379064247923       8.503777880191447E-002  1.558029966784212E-002
   281.215391850499       8.541896058557588E-002  1.595106876339240E-002
   164.880860166488       8.580013638662186E-002  1.632083873961197E-002
   128.232021478854       8.618131856524761E-002  1.669160892207860E-002
   145.079464431722       8.656149520510587E-002  1.706138538312472E-002
   183.441265653016       8.754069721476532E-002  1.607062064477192E-002
   387.053885719885       8.716648589951907E-002  1.569481069853941E-002
   123.478403116170       8.679126894914334E-002  1.531800563603570E-002
   18.8624778510641       8.641705148156024E-002  1.494119448054486E-002
   422.821691887387       8.604183364110775E-002  1.456438889076195E-002
   238.683513561045       8.641202828784671E-002  1.408520627277817E-002
   55.7393331710935       8.678121569898600E-002  1.360502897707276E-002
   20.6536857928721       8.715140801435689E-002  1.312584583913915E-002
   57.9194919931722       8.752059499550054E-002  1.264567083491464E-002
   121.057541303724       8.645133369675766E-002  1.243394520684700E-002
   23.0916685408588       8.597653200099818E-002  1.280974062165905E-002
   218.304516231654       8.550072495154032E-002  1.318454111182440E-002
   477.598328989434       8.502592379397599E-002  1.356033497198617E-002
   653.531073485499       8.452674598417899E-002  1.319025835101308E-002
   637.170429125874       8.402657582952085E-002  1.282118398476130E-002
   305.898550946178       8.352739942641864E-002  1.245110176390163E-002
   629.690253905970       8.289513726601869E-002  1.309081705211745E-002
   294.132181296044       8.327104285857620E-002  1.358562473371992E-002
   452.820096852117       8.364595696418305E-002  1.408143782654543E-002
   873.879995366550       8.402186646070164E-002  1.457624488924950E-002
   105.178267588187       8.365111592010292E-002  1.496043130277434E-002
   211.564960470608       8.328136568835842E-002  1.534461083514889E-002
   323.874512965108       8.291061601411173E-002  1.572879514299638E-002
   31.3840535431411       8.853146172514201E-002  1.704982148916086E-002
   39.3967838439432       8.890733635388660E-002  1.668660842402103E-002
   122.998240676415       8.928421041422846E-002  1.632338939398503E-002
   83.2942244012939       8.966108423380718E-002  1.596017048948125E-002
   116.239946936548       9.003795861871688E-002  1.559695260894440E-002
   6.89103283367700       9.033507226660020E-002  1.595621525371393E-002
   52.8108215188640       9.063318615568662E-002  1.631547177144847E-002
   76.9139745557526       9.093030005411686E-002  1.667473418806686E-002
   2.44705577519228       9.122741379349328E-002  1.703399674596669E-002
   98.1153657574383       9.253864936744548E-002  1.570727752015019E-002
   29.9032944528849       9.217592392002698E-002  1.541440153979456E-002
   52.9592523431644       9.181319861605856E-002  1.512152535555759E-002
   100.810710341881       9.145046746354198E-002  1.482764914298474E-002
   39.9664502311374       9.108774189966080E-002  1.453477314642210E-002
   23.3296471331319       9.144614154121487E-002  1.409066209358941E-002
   72.4346012352174       9.180453536819329E-002  1.364555115053232E-002
   38.3486901007349       9.216293499324711E-002  1.320144016134074E-002
   52.3196954805764       9.252132918218921E-002  1.275632972180821E-002
   36.0733186398102       9.134618381151317E-002  1.239421955045968E-002
   35.6654806428193       9.090630988169703E-002  1.275780729929942E-002
  0.399482354524268       9.046543616585719E-002  1.312140105855849E-002
   48.0576476921414       9.002556244357424E-002  1.348498892586589E-002
   45.3581015475088       8.954645236864776E-002  1.312679462332065E-002
   64.8388077456213       8.906634279579290E-002  1.276860522085007E-002
   219.860194599859       8.858723305146862E-002  1.241040953694353E-002
   54.1033676728221       8.788439321372254E-002  1.312154482942353E-002
   171.218119436311       8.824818562783518E-002  1.359641947413805E-002
   171.670273731858       8.861198455589452E-002  1.407229387445748E-002
   326.873251908834       8.897577775859808E-002  1.454716833476039E-002
   25.7486300167204       8.861700906937696E-002  1.492828190430477E-002
   34.1118483859323       8.825824007541393E-002  1.530939489123860E-002
   128.558193750646       8.789947143340934E-002  1.569050780260348E-002
   30.9091130591478       9.386536837953587E-002  1.701851355775875E-002
   31.8153260424429       9.415813280185603E-002  1.663678882297281E-002
   40.6729347183883       9.445089747539255E-002  1.625506424949976E-002
   18.8323689036127       9.474465631725947E-002  1.587233381063067E-002
   38.8684552267527       9.503742107680248E-002  1.549060915495303E-002
   47.2634975218413       9.542064473721813E-002  1.586836707782405E-002
   133.380795451632       9.580287481330699E-002  1.624713004599745E-002
   5.40078893726953       9.618609882950122E-002  1.662488714206586E-002
   10.0599227688446       9.656932294291194E-002  1.700264394766131E-002
   25.8590890962629       9.754057127161979E-002  1.601992627424774E-002
   51.9428483200216       9.715834144573063E-002  1.564116329989370E-002
   52.1829470545722       9.677611156374696E-002  1.526240060431624E-002
   11.5224557466714       9.639288793866763E-002  1.488464360597480E-002
   255.350555019556       9.601065817784557E-002  1.450588114993573E-002
   235.021515479447       9.638768229886321E-002  1.399766134049877E-002
   100.002250008738       9.676570149784260E-002  1.348843617960510E-002
   24.5115254440136       9.714272762727996E-002  1.298021718405093E-002
   4.30148196137220       9.751975413270446E-002  1.247199718424737E-002
   172.883650163559       9.653821357881587E-002  1.238275159429741E-002
   266.019223470984       9.603445029469794E-002  1.276571238250741E-002
   368.478541640801       9.552969300357581E-002  1.314967992405294E-002
   209.275186612319       9.502593031632721E-002  1.353264256413100E-002
   264.585640310853       9.458170693333003E-002  1.315524334601703E-002
   125.864070696513       9.413647788536637E-002  1.277685015031402E-002
   109.737336954917       9.369225492988678E-002  1.239945133221911E-002
   280.928850098548       9.290392305617128E-002  1.319709235098654E-002
   65.4322133008868       9.328651132045253E-002  1.363685407006324E-002
   71.5712661218401       9.367010513016892E-002  1.407760975422367E-002
   1.86425651045923       9.405269238195639E-002  1.451737158456441E-002
   16.3930349600502       9.367443016910192E-002  1.481459647334078E-002
   39.5360899087978       9.329517384877896E-002  1.511282733118157E-002
   39.6360165314036       9.291691166427044E-002  1.541005245757783E-002
   105652.442202330      -1.585328204245295E-003  2.249522468761217E-002
   202563.005366515      -1.188564711297391E-003  2.209691972738162E-002
   375059.390188219      -7.903444028379052E-004  2.169841273779066E-002
   728509.631922414      -3.919444374777386E-004  2.129935452231248E-002
   351841.522073031       7.035532312757908E-006  2.090027563053724E-002
   779879.629580767       4.302494361857009E-004  2.129813567664565E-002
   290329.692084631       8.530180282248493E-004  2.169554343389718E-002
   294234.924329441       1.275820963973685E-003  2.209182864579454E-002
   161103.721034602       1.696916231953903E-003  2.248857116657963E-002
   747754.485958741       2.514892754183786E-003  2.166498175782195E-002
   302390.403826880       2.112278901762226E-003  2.124700310208853E-002
   205346.768951451       1.710632159392910E-003  2.082912933283464E-002
   218424.009599063       1.309394454650519E-003  2.041194099435184E-002
   126635.354305456       9.100942195367999E-004  1.999392852827526E-002
   98301.2787201944       1.309462333595799E-003  1.958863463988481E-002
   299183.349018549       1.709363404172213E-003  1.918417610670960E-002
   606387.232741345       2.109586522814585E-003  1.877826469129140E-002
   490542.769441420       2.510246940536476E-003  1.837209473232113E-002
   71796.5387310841       1.226624519040473E-003  1.789400501045818E-002
   336191.636346758       8.196128961934738E-004  1.829237298113639E-002
   527386.631023606       4.133202450079616E-004  1.869117113076953E-002
   200538.300281105       6.126526513346240E-006  1.909082357009199E-002
   382308.549453171      -3.873734541848224E-004  1.869246395107664E-002
   164519.152263481      -7.804054293088480E-004  1.829385044605252E-002
   1312.09205556547      -1.173381126713622E-003  1.789552581096738E-002
   478682.921430999      -2.496437214845916E-003  1.843051923707903E-002
   220150.553686375      -2.096675168170803E-003  1.882232587202640E-002
   87011.5868301294      -1.696620575331489E-003  1.921346770303836E-002
   83902.2052748842      -1.296736479678580E-003  1.960452572525058E-002
   272347.430752156      -8.978386077921740E-004  1.999617438846980E-002
   67912.3565473227      -1.296609375901853E-003  2.039310326589919E-002
   362683.883264156      -1.696785684135737E-003  2.078942390078142E-002
   534510.742383798      -2.097217999786553E-003  2.118614875531114E-002
   659771.986094113      -2.497642367272251E-003  2.158259819146002E-002
   402754.172086470       3.336571798200553E-003  2.248454068838319E-002
   98794.0586623039       3.755703338098406E-003  2.203218920825117E-002
   153538.673788960       4.176832798435959E-003  2.157958926637845E-002
   636175.110800280       4.598491207184510E-003  2.112726358312421E-002
   393252.990973308       5.020490665762267E-003  2.067386061636985E-002
   608227.347848163       5.428214214891877E-003  2.112544771003673E-002
   126878.231659057       5.835475075043104E-003  2.157625742635031E-002
   99432.1187620120       6.243366787751820E-003  2.202737908292500E-002
   324545.236539315       6.648628613080522E-003  2.247813809152305E-002
   627721.459710054       7.529171357183542E-003  2.159154398061861E-002
   392976.823537920       7.072816987064134E-003  2.118942984719293E-002
   329032.791026988       6.615831652967092E-003  2.078668343102151E-002
   59797.0893707861       6.160036851229127E-003  2.038579028697550E-002
   34533.6005798881       5.705909037147359E-003  1.998451760069485E-002
   181802.143600312       6.158496001791039E-003  1.958779050959756E-002
   315883.050422762       6.612108299677957E-003  1.919100298496182E-002
   588688.894428251       7.066784708162023E-003  1.879441193422232E-002
   388532.809093176       7.520526352538479E-003  1.839626656180678E-002
   126023.239708378       6.209149104870485E-003  1.793851480778476E-002
   141727.058205542       5.813159072431523E-003  1.839210295682179E-002
   337765.938625047       5.415609326594760E-003  1.884503113233099E-002
   325267.395671951       5.017638598370318E-003  1.929865660748771E-002
   433660.303287666       4.608582825081781E-003  1.884684221610479E-002
   60603.9945212291       4.200922062304047E-003  1.839585768722152E-002
   49798.7413123469       3.792806019258564E-003  1.794432352071922E-002
   418990.644490858       2.966076892577319E-003  1.877698486342725E-002
   368302.879008249       3.422609413520589E-003  1.918147847564153E-002
   55914.8974358791       3.878068432907054E-003  1.958402156118785E-002
   9327.27581020688       4.332376682488400E-003  1.998752161864317E-002
   30839.0361155865       3.879773123161672E-003  2.040644323690091E-002
   376344.967699768       3.425431812132052E-003  2.082508341441700E-002
   477832.414822637       2.969824837903643E-003  2.124471570320034E-002
   144402.430843479       8.414355301931721E-003  2.247371615846353E-002
   201023.527856253       8.817385314326616E-003  2.207366073449124E-002
   214566.731605431       9.222825675435059E-003  2.167406932131946E-002
   525019.547565062       9.627386074330569E-003  2.127277216726015E-002
   333926.222977397       1.003212800594819E-002  2.087185031013268E-002
   462852.673355582       1.038495471130996E-002  2.127043404088623E-002
   144157.952298650       1.073626138551878E-002  2.166996682225364E-002
   145064.040130028       1.108854537515157E-002  2.206798864225086E-002
   122557.783812798       1.143996095550457E-002  2.246635961965912E-002
   398336.384628233       1.253700627090071E-002  2.136056192153541E-002
   242710.029762083       1.213452473916500E-002  2.101248863010083E-002
   218234.633586145       1.173252367400971E-002  2.066429836279516E-002
   30202.6274220367       1.132956833537040E-002  2.031758750226944E-002
   91460.8264710567       1.092863948022419E-002  1.996946138460850E-002
   239123.633483299       1.132778166742326E-002  1.966561758737323E-002
   269292.952484652       1.172850813592466E-002  1.936183126158273E-002
   380302.253811757       1.212821732187601E-002  1.905664188536016E-002
   248872.659345292       1.252797803536832E-002  1.875221901239059E-002
   39808.5910846833       1.093482565917380E-002  1.787029182633132E-002
   88876.1234311890       1.063175425154301E-002  1.827070700511096E-002
   181202.761258984       1.032946142427470E-002  1.867231777551870E-002
   293700.662485658       1.002664618760517E-002  1.907296076501399E-002
   404498.453416283       9.626979646109838E-003  1.867419118589257E-002
   193547.443895830       9.227351661392659E-003  1.827513052352831E-002
   131562.863960127       8.828971722103835E-003  1.787753681205902E-002
   323233.154036969       7.923501960452502E-003  1.879156180463279E-002
   224259.390843147       8.326025255670746E-003  1.918565175360076E-002
   23037.1894068485       8.729275245365506E-003  1.958026611408990E-002
   65762.2171808130       9.130822595268243E-003  1.997486086540386E-002
   66986.5233193557       8.731817102356931E-003  2.037867371830433E-002
   212137.047409405       8.330698323423339E-003  2.078223124280545E-002
   291100.887975940       7.930285623852566E-003  2.118735766694716E-002
   25071.3121747489       1.364202309619792E-002  2.245855123400852E-002
   191525.592990429       1.399072777498672E-002  2.211356647545931E-002
   175253.651112413       1.434023758768227E-002  2.176794238637385E-002
   373679.621456172       1.468870817192476E-002  2.142289628672444E-002
   227380.677214956       1.503847901530156E-002  2.107778606044722E-002
   423173.236879913       1.546898720005655E-002  2.141993656036366E-002
   235708.302207756       1.589834657492219E-002  2.176190180677454E-002
   253051.233593733       1.632881622231622E-002  2.210424855617784E-002
   142730.059897676       1.675742191922477E-002  2.244577580414935E-002
   430594.588228534       1.754399728300302E-002  2.165144231890461E-002
   136704.613112988       1.719668154021442E-002  2.122657464286191E-002
   74137.3635805335       1.684907266611670E-002  2.080065881641646E-002
   108410.880023998       1.650272066436705E-002  2.037601051480127E-002
   9551.09367798151       1.615718892729663E-002  1.994999295576761E-002
   53300.3119902569       1.649996571264473E-002  1.957826323142254E-002
   141606.516723852       1.684315476699943E-002  1.920655476768512E-002
   322156.964653866       1.718751750114101E-002  1.883559693449469E-002
   266093.906377955       1.753119433981729E-002  1.846353167739855E-002
   74408.5902852881       1.614067331067607E-002  1.779482727427483E-002
   227690.273744437       1.577127005106648E-002  1.814063101573553E-002
   314713.795487408       1.540076953805823E-002  1.848574027432615E-002
   212350.476149701       1.503018530399277E-002  1.883113344069044E-002
   280947.430740122       1.472506929701943E-002  1.848850842682371E-002
   105721.464844624       1.442028812861118E-002  1.814588623799904E-002
   89121.3814670974       1.411453138078500E-002  1.780254769368890E-002
   218651.522660524       1.287393198148772E-002  1.905359969127051E-002
   186926.371745406       1.322053608550044E-002  1.935609564250508E-002
   44045.9878965199       1.356613337559399E-002  1.965728011191766E-002
   70500.8871629168       1.391124075565109E-002  1.995860752778276E-002
   7531.25595242892       1.356858305812989E-002  2.030939871484012E-002
   164397.472733026       1.322528043592202E-002  2.065896095667469E-002
   191377.641416356       1.288093745827180E-002  2.100988096782195E-002
   108671.158946724       1.833731920890680E-002  2.243879332090685E-002
   137000.088451412       1.876268367725907E-002  2.202479469058595E-002
   173275.363708107       1.919007215852928E-002  2.161205319912181E-002
   402456.657852066       1.961658045544099E-002  2.119777942049061E-002
   230033.292961041       2.004417868253784E-002  2.078398759031742E-002
   417582.039377364       2.052258427574270E-002  2.119347711060368E-002
   184256.985272986       2.099999276255302E-002  2.160351812710986E-002
   156892.740432221       2.147843324136282E-002  2.201183359930931E-002
   206876.814437244       2.195585081480286E-002  2.242126341317664E-002
   395929.336983977       2.255365014531949E-002  2.181651655107395E-002
   175791.890739881       2.213644251659603E-002  2.134418661924866E-002
   77815.4187817687       2.172069478018171E-002  2.087226773797239E-002
   139064.189439776       2.130438966196682E-002  2.040161985193787E-002
   8900.04289573022       2.089021187319845E-002  1.992943817970179E-002
   26095.7913787739       2.130035269639432E-002  1.947219711281718E-002
   132572.541219547       2.171212742393082E-002  1.901407493038777E-002
   309033.104621026       2.212323955271807E-002  1.855669806411550E-002
   245499.756708177       2.253542669468353E-002  1.809869431598762E-002
   61555.0550543367       2.140303907320449E-002  1.784115308502034E-002
   210586.236313685       2.094796883741546E-002  1.825444160036152E-002
   304282.246471731       2.049171507273240E-002  1.866909380445509E-002
   191998.742250230       2.003651770193076E-002  1.908324861119755E-002
   236517.652018559       1.966265781572812E-002  1.867322146005066E-002
   31477.9323825086       1.928911178306296E-002  1.826244700607577E-002
   4964.90723345613       1.891682015518927E-002  1.785291523252642E-002
   264414.410661019       1.794684271078944E-002  1.883262795487462E-002
   218648.991055489       1.836125723687865E-002  1.920057362501927E-002
   45303.6525233632       1.877665458144423E-002  1.956902335112940E-002
   8089.12730780628       1.919049625317358E-002  1.993745245433481E-002
   49816.6801200770       1.878029333612197E-002  2.036636146339110E-002
   160122.550152745       1.836817695356238E-002  2.079403132098731E-002
   243298.891129040       1.795678407157944E-002  2.122310275773593E-002
   78420.9156043056       2.315765194222648E-002  2.241515518334802E-002
   194764.466122957       2.363104233593172E-002  2.204871086410353E-002
   211688.144467943       2.410527867936770E-002  2.168128819425844E-002
   301799.446632104       2.457846449448898E-002  2.131432362083851E-002
   162531.412021682       2.505244359774813E-002  2.094579656412165E-002
   245904.638501358       2.545323893868360E-002  2.130949208955595E-002
   83082.5341257046       2.585500750332612E-002  2.167172809278976E-002
   102291.423823246       2.625576760114392E-002  2.203448361487795E-002
   491086.569502265       2.665651678848895E-002  2.239661149644364E-002
   483936.984168583       2.755776753712107E-002  2.148437215404357E-002
   73434.0899107154       2.718927971316571E-002  2.108827188099891E-002
   37016.2113216158       2.682047283009704E-002  2.069299380252629E-002
   116705.005855835       2.645285424804699E-002  2.029703410636413E-002
   104547.543681550       2.608477082271934E-002  1.990199950478285E-002
   79065.6904730982       2.644900409466218E-002  1.949320865994601E-002
   113432.719697460       2.681254604574238E-002  1.908524989389142E-002
   257811.644848144       2.717749864514619E-002  1.867611676228800E-002
   206459.820270260       2.754153717271127E-002  1.826641327530367E-002
   33974.9672149603       2.626207085662275E-002  1.776757829572007E-002
   172758.123235888       2.585516930482664E-002  1.813472892519771E-002
   336489.739250736       2.544898925948482E-002  1.850116283475666E-002
   141498.670292904       2.504200439734994E-002  1.886932356105442E-002
   249716.938334407       2.458324592427871E-002  1.850595213488683E-002
   93817.0546833827       2.412355050334664E-002  1.814391318242319E-002
   27621.0509569259       2.366490729635232E-002  1.778137331189274E-002
   139842.715790667       2.290401066381281E-002  1.855236397080144E-002
   29502.5728550715       2.327321481315325E-002  1.900567981969935E-002
   120497.139984525       2.364113006404108E-002  1.945976913975968E-002
   86877.4689166842       2.400936951035760E-002  1.991310546572519E-002
   77608.5583531179       2.364568852350253E-002  2.038919724947370E-002
   36838.0303180759       2.328248252705966E-002  2.086413350322596E-002
   131746.521009621       2.291785771497005E-002  2.134021223967234E-002
   243441.336376602       2.846840146449423E-002  2.238727082038056E-002
   105495.649958002       2.886547571855200E-002  2.203999665912893E-002
   93304.6722266356       2.926251385967587E-002  2.169308031260160E-002
   185179.728867614       2.966059550905589E-002  2.134575753279849E-002
   156678.540846530       3.005748656746452E-002  2.099780486384406E-002
   178045.063911437       3.051068564933063E-002  2.134157875753430E-002
   108107.709628661       3.096495967967249E-002  2.168504407985200E-002
   115186.023799465       3.141827712508680E-002  2.202816349130463E-002
   204139.209535457       3.187205324504670E-002  2.237134629933686E-002
   278677.993700963       3.256256352866347E-002  2.167322560711996E-002
   44309.1018047777       3.221338058363906E-002  2.122346992926672E-002
   5943.54392853432       3.186464338377541E-002  2.077469919216332E-002
   70097.9133236474       3.151611023123321E-002  2.032503147773735E-002
   128790.980768906       3.116789844300722E-002  1.987626153925471E-002
   92670.1540669462       3.151128669405078E-002  1.937418032171468E-002
   48292.9244697982       3.185524600753505E-002  1.887138751464132E-002
   106084.968382220       3.219966681892664E-002  1.836961768665946E-002
   115668.464166777       3.254441266977809E-002  1.786729831905317E-002
   41850.8111440070       3.154756684182732E-002  1.772166172116255E-002
   168895.362493658       3.104743454948275E-002  1.806915760405377E-002
   201012.307993164       3.054633885048680E-002  1.841717223442791E-002
   187300.698126406       3.004633843329395E-002  1.876552045178951E-002
   227208.444659398       2.963587298620711E-002  1.842159899872143E-002
   151156.296251017       2.922622083772513E-002  1.807837399921380E-002
   11574.3069733071       2.881581971792904E-002  1.773546007760115E-002
   231192.435866111       2.789068146095966E-002  1.867235492200566E-002
   56045.4303442592       2.823964216176945E-002  1.907781332025690E-002
   47518.3574484751       2.858819900999165E-002  1.948210794183872E-002
   198686.953858651       2.893651461498934E-002  1.988722631831226E-002
   75410.3554620687       2.859226133090780E-002  2.028583224990257E-002
   27535.0968567367       2.824780935490760E-002  2.068558009588326E-002
   68678.6826395314       2.790312969178609E-002  2.108457882428834E-002
   153206.664018098       3.325990404421617E-002  2.236434963571417E-002
   16286.4879253826       3.370975481226208E-002  2.191093015644812E-002
   39006.7060558295       3.415939190009383E-002  2.145777335053381E-002
   195960.840807359       3.461019562632536E-002  2.100430790794364E-002
   118057.822642731       3.506002174112796E-002  2.055140286060785E-002
   153452.601517978       3.539087459643003E-002  2.100070884971173E-002
   30198.6871301694       3.572053305173443E-002  2.145092039168588E-002
   24137.1162319039       3.605113345590859E-002  2.190098839971151E-002
   36318.0591132202       3.638046123675484E-002  2.235117286054037E-002
   121954.177775532       3.756429355546196E-002  2.115483533805246E-002
   101252.944117820       3.711023985584978E-002  2.083028015318885E-002
   99161.2702460476       3.665627313936790E-002  2.050472300726534E-002
   13343.6906281695       3.620231297284733E-002  2.018034312536201E-002
   31845.6871312352       3.574970764200792E-002  1.985486759329364E-002
   64462.8888403373       3.619923686514395E-002  1.954283809391693E-002
   77636.0986209938       3.664991317979969E-002  1.923173888952698E-002
   84792.4748417107       3.710056350432652E-002  1.891949693814011E-002
   41711.5748175442       3.755111338217432E-002  1.860705741671356E-002
   33604.5162279452       3.597594261939309E-002  1.780610389613730E-002
   15894.1096263728       3.566821697314439E-002  1.825944819603741E-002
   14313.7051994846       3.536135430552891E-002  1.871277974210490E-002
   77946.8656203888       3.505329592898958E-002  1.916512369068578E-002
   141505.748959134       3.454949125477263E-002  1.871644433438906E-002
   107533.915655692       3.404441010742650E-002  1.826735053637312E-002
   57026.1910628610       3.354037572390065E-002  1.781854805904281E-002
   112839.326915955       3.299984704902196E-002  1.836587255576479E-002
   38316.2530367791       3.345520143994576E-002  1.886404907732695E-002
   14901.3133724971       3.391023667486869E-002  1.936315213104861E-002
   71403.4709874588       3.436387073009034E-002  1.986138290334328E-002
   59747.1964276586       3.391488475249182E-002  2.031370931544837E-002
   80877.4884039742       3.346425357800411E-002  2.076688718730101E-002
   130345.580941186       3.301345856224312E-002  2.121939070351791E-002
   9121.38110923829       3.876048210950888E-002  2.233899981803816E-002
   80435.8623964338       3.908585775454550E-002  2.202934303098590E-002
   70333.6415580379       3.941247933065378E-002  2.171880963360081E-002
   127358.064193921       3.973806857812024E-002  2.140914232474372E-002
   66403.2452521163       4.006474923180118E-002  2.109946938899163E-002
   124818.639565488       4.041675256928873E-002  2.140544340408293E-002
   61074.7499308984       4.076961406322915E-002  2.171149218372363E-002
   74628.7761973367       4.112153725952133E-002  2.201839414026667E-002
   16035.3268914404       4.147324995818397E-002  2.232439353376503E-002
   99093.0301844796       4.256610677134200E-002  2.121897390199077E-002
   27445.0677001647       4.225586377003638E-002  2.087089521840931E-002
   24428.6320274121       4.194481971245133E-002  2.052272000039323E-002
   29579.2195166000       4.163476509429257E-002  2.017363538830965E-002
   20136.6385553943       4.132497516149201E-002  1.982539363796212E-002
   9442.68035287421       4.163073985967994E-002  1.939984500286506E-002
   16635.0707596647       4.193650845842903E-002  1.897425680386296E-002
   46648.1844583593       4.224334409641452E-002  1.854964736701120E-002
   46453.7262731772       4.254923436151527E-002  1.812399863044055E-002
   28152.7267136382       4.131752300405936E-002  1.763355061016057E-002
   48692.8031704170       4.089608305479870E-002  1.794475602774495E-002
   65203.3947853410       4.047361926465897E-002  1.825500813446658E-002
   23996.8091156960       4.005120890973541E-002  1.856536903683947E-002
   37046.9001539547       3.973949175955042E-002  1.825902466584374E-002
   22091.5296763308       3.942875893679808E-002  1.795275445613458E-002
   12705.2012283500       3.911704365420254E-002  1.764552475537029E-002
   35573.1846525055       3.786091172645909E-002  1.891533333111431E-002
   22884.3166672393       3.817164122787997E-002  1.922361790114869E-002
   6450.48538116850       3.848133929575203E-002  1.953087170296329E-002
   247.749406445459       3.879103241723422E-002  1.983907936673434E-002
   9170.07757714411       3.848480028602036E-002  2.016855723421080E-002
   41120.0293396243       3.817837356287726E-002  2.049695499157023E-002
   46633.9098178206       3.787094740982812E-002  2.082645913342866E-002
   26221.9586560859       4.367124318671447E-002  2.231193754064420E-002
   9276.80489397112       4.401871177978040E-002  2.186010434030361E-002
   14873.5381008415       4.436639734355975E-002  2.140836462614033E-002
   84042.0746151105       4.471516154233367E-002  2.095755321050218E-002
   53348.2143747677       4.506304236994769E-002  2.050566885641331E-002
   110983.015336294       4.552601303546962E-002  2.095297668811291E-002
   32296.2156628281       4.598895714758675E-002  2.139914780751336E-002
   24673.1172477202       4.645288873856191E-002  2.184614439283078E-002
   51526.8142721567       4.691555412221762E-002  2.229320921117820E-002
   91475.3155687383       4.757068691749033E-002  2.163023432615133E-002
   49315.9313914186       4.711761879216126E-002  2.117297291674197E-002
   29739.5462711197       4.666461081290657E-002  2.071482783632641E-002
   37122.4804679490       4.621269625711128E-002  2.025777381989353E-002
   19101.8994049012       4.576012460054850E-002  1.980057783311712E-002
   24934.0309415066       4.620779845408313E-002  1.936616076245679E-002
   47093.4772259209       4.665455265548184E-002  1.893172917253975E-002
   77497.4499600313       4.710231854565577E-002  1.849621177546894E-002
   51959.2927902095       4.755008284794583E-002  1.806160641476887E-002
   366.322117705155       4.634522488087561E-002  1.774740636631259E-002
   29192.1734635603       4.591462692620194E-002  1.819972937570336E-002
   53161.4567647241       4.548495587172901E-002  1.865107754431996E-002
   26560.7314379892       4.505527817864179E-002  1.910352342925797E-002
   46523.4072048069       4.462856710147729E-002  1.865594477963760E-002
   2691.35874409062       4.420190229415689E-002  1.820944174940024E-002
   4756.19000347208       4.377627498885927E-002  1.776199520188230E-002
   32403.6297609177       4.300179771915071E-002  1.854544126992799E-002
   27315.1891275410       4.345431467611287E-002  1.896584151449151E-002
   9903.85838339975       4.390582429075179E-002  1.938715022434244E-002
   17675.5505945707       4.435818560919359E-002  1.980847818030906E-002
   32148.3485726223       4.391005790381386E-002  2.016077974514823E-002
   81375.7583171400       4.346275087843833E-002  2.051407303116057E-002
   84764.8486916231       4.301444970492398E-002  2.086650832437582E-002
   19167.3318518878       4.823348647903088E-002  2.228557722050785E-002
   40790.3116866768       4.869135494368315E-002  2.190911770456226E-002
   44265.9909830599       4.915041593842469E-002  2.153167314725234E-002
   70744.6717534062       4.960847650267286E-002  2.115511179403239E-002
   38107.9283733114       5.006650444861431E-002  2.077842953530121E-002
   57242.3593377365       5.050788082903946E-002  2.114977937265099E-002
   24263.1623114681       5.094821589530781E-002  2.152114140887394E-002
   26642.7068858448       5.138958144599862E-002  2.189340896765641E-002
   13707.1638555281       5.182985494586517E-002  2.226468908102717E-002
   39414.4577123702       5.257132852936224E-002  2.151410799764373E-002
   10962.2191298161       5.219454646764840E-002  2.107844430330353E-002
   5096.40954381681       5.181683498628443E-002  2.064178545164412E-002
   23013.2251162162       5.144016011173884E-002  2.020615049224632E-002
   1334.38823047500       5.106363031396381E-002  1.976942771963781E-002
   2020.71778153037       5.143487496158215E-002  1.929827733282850E-002
   13515.3260261104       5.180618462789736E-002  1.882814043370308E-002
   23131.4240634003       5.217853412173171E-002  1.835698492354700E-002
   23869.0185487067       5.254988435722321E-002  1.788674240804903E-002
   19791.3093855822       5.145439533193343E-002  1.764115926131099E-002
   26905.6549518618       5.098752474561698E-002  1.801885815438803E-002
   34267.7766827022       5.052163133556666E-002  1.839558344555437E-002
   25282.7331175983       5.005474516715356E-002  1.877235342429269E-002
   36598.2565303499       4.962042111036493E-002  1.840091426536353E-002
   15634.3580311159       4.918608369900451E-002  1.802956895385960E-002
   14562.4344241871       4.875075796980794E-002  1.765730144591311E-002
   24032.4174271647       4.792684507976115E-002  1.849131123916625E-002
   13185.0354716513       4.830452655993740E-002  1.892199474187142E-002
   8971.53871039729       4.868116103727755E-002  1.935163071273013E-002
   22804.4252899218       4.905772663718964E-002  1.978126441223965E-002
   17745.2323914997       4.868638875650629E-002  2.024325178978353E-002
   12043.1080233179       4.831491852026913E-002  2.070520111883390E-002
   31314.8727406128       4.794236791706229E-002  2.116819941475319E-002
   9760.11116493720       5.332181803530821E-002  2.225565331954829E-002
   11231.6720379678       5.375760146563496E-002  2.188609209088248E-002
   15473.1248493292       5.419447357685486E-002  2.151754798932342E-002
   15834.6669658310       5.463035968014552E-002  2.114799012002846E-002
   13097.0845920168       5.506721671692355E-002  2.077935009771560E-002
   10226.8227254215       5.534041545723713E-002  2.114372348364903E-002
   1318.32730260336       5.561463210554572E-002  2.150903413175861E-002
   7467.78418275302       5.588784403333539E-002  2.187332117652101E-002
   68541.4248083636       5.616192277531325E-002  2.223869640236202E-002
   55698.8929846226       5.756762950644412E-002  2.081612827208070E-002
   1406.60495218638       5.719890303362402E-002  2.054644592476824E-002
   1377.33432179435       5.683128429918113E-002  2.027766762934969E-002
   10791.5453426148       5.646266073031315E-002  2.000794040928858E-002
   18130.5290399478       5.609505113720584E-002  1.973924935573000E-002
   7478.11191068391       5.645916326172102E-002  1.940626722823141E-002
   25826.1600695090       5.682427024116551E-002  1.907221353248453E-002
   32212.3218740523       5.718843419674392E-002  1.873915254812633E-002
   23613.3706272238       5.755356822654601E-002  1.840499970876975E-002
   4426.63965324409       5.604288705456470E-002  1.760671633866909E-002
   15333.1802305405       5.571397586014922E-002  1.797456032014800E-002
   45294.3082967697       5.538401406613838E-002  1.834341831221372E-002
   12603.8281012642       5.505508228056936E-002  1.871137978174772E-002
   27595.1419739701       5.458381781726155E-002  1.834822141733672E-002
   2612.56267358929       5.411356873828595E-002  1.798407645414660E-002
   6395.14737156873       5.364232156274076E-002  1.762101593355620E-002
   5100.68693395208       5.291978369772301E-002  1.835246581022299E-002
   6899.99652787359       5.328863983300791E-002  1.881915789352956E-002
   27311.1315390784       5.365845306148336E-002  1.928482457234955E-002
   10802.0962217546       5.402716052665413E-002  1.975155987685924E-002
   7211.64087892117       5.366372213874557E-002  2.019265105918840E-002
   12205.8750740926       5.329928493977219E-002  2.063278315240120E-002
   21348.3414570708       5.293582573443319E-002  2.107393098620045E-002
   33182.3694979967       5.898988856650513E-002  2.222215334832388E-002
   7738.14884421979       5.925989445594687E-002  2.189158944264304E-002
   390.498693344730       5.952903398480253E-002  2.156112247764866E-002
   2455.21836356169       5.979917776603351E-002  2.123062951459813E-002
   15620.3257992009       6.006827054797299E-002  2.090005611672047E-002
   1340.66778485756       6.046014829199567E-002  2.122683335152392E-002
   4890.91383558207       6.085304655309932E-002  2.155357665911489E-002
   3381.52620342027       6.124494130724305E-002  2.188032567089649E-002
   560.633948114065       6.163783177505720E-002  2.220706719594262E-002
   3036.50891046879       6.257041609355714E-002  2.126367502971153E-002
   718.107958556320       6.223916168091929E-002  2.087458232444029E-002
   925.633087294228       6.190791912245557E-002  2.048648868561615E-002
   972.775925079744       6.157668076138300E-002  2.009739082897696E-002
   17198.2531259082       6.124543160459096E-002  1.970931021914969E-002
   513.841504410698       6.157205426526950E-002  1.930642487666051E-002
   3036.94942974913       6.189873669463989E-002  1.890357524127500E-002
   647.733533164141       6.222542649002349E-002  1.850071555216740E-002
   2191.36732477677       6.255210085706875E-002  1.809781389477991E-002
   5683.16741088248       6.125184182325954E-002  1.753829292009533E-002
   1564.30785111153       6.085275180423928E-002  1.786956791779456E-002
   1379.62492227839       6.045365512526012E-002  1.820086237403725E-002
   22679.2770674081       6.005452135618470E-002  1.853213223904155E-002
   18827.2894544965       5.972157389066189E-002  1.820502996461856E-002
   18754.2624613813       5.938756900959873E-002  1.787804988828309E-002
   557.038663350447       5.905460351701509E-002  1.755107330408617E-002
   25947.7087589506       5.788458912259815E-002  1.873503516895586E-002
   8521.46501720274       5.821558898192182E-002  1.906403534248949E-002
   3490.46512919741       5.854654853728013E-002  1.939402885290686E-002
   36304.9669106792       5.887753359448590E-002  1.972294671294052E-002
   4323.48730117338       5.855005599072704E-002  1.999569515244573E-002
   653.898373887806       5.822262222914719E-002  2.026951629627717E-002
   1282.30172104536       5.789517528285092E-002  2.054236724456434E-002
   11.6501269309677       6.351380340510999E-002  2.219625965174998E-002
   1960.54776087003       6.390224167517200E-002  2.175001830058647E-002
   2632.57418081436       6.428968686974396E-002  2.130378263148211E-002
   7293.13577520595       6.467813115204056E-002  2.085753232932444E-002
   3376.75027014486       6.506558425181473E-002  2.041228209906999E-002
   7816.72094493326       6.550818271893849E-002  2.085271231796016E-002
   2526.83591236509       6.595178550588682E-002  2.129412609283301E-002
   1943.45156867790       6.639438667295416E-002  2.173553439573587E-002
   3449.93621156594       6.683796988382806E-002  2.217694115565069E-002
   6722.45849477350       6.757165458489146E-002  2.143464011081058E-002
   3547.59757359135       6.712506508941392E-002  2.099624369788527E-002
   2239.20558379302       6.667848728554178E-002  2.055885314167523E-002
   2275.02779385210       6.623190948741964E-002  2.012046962538064E-002
   1346.32972070786       6.578635999178351E-002  1.968307158091031E-002
   492.803832423206       6.622697652777881E-002  1.927051215303813E-002
   2190.36212955220       6.666859928382281E-002  1.885894238340633E-002
   3991.85713512415       6.711021591368571E-002  1.844636726560694E-002
   2296.73920186364       6.755183285516957E-002  1.803378900585859E-002
   1621.51721106088       6.627842418562460E-002  1.762418997467682E-002
   7.91556805502892       6.587101019542475E-002  1.807055892158988E-002
   1614.24551350640       6.546459153941375E-002  1.851692205593360E-002
   353.323056256419       6.505716643662560E-002  1.896229636819155E-002
   660.469808209019       6.465359868879589E-002  1.852162832778521E-002
   1531.08528885117       6.425002311038613E-002  1.807996530763628E-002
   2379.77400326098       6.384645266291160E-002  1.763830005678493E-002
   3313.35187567771       6.299841707325883E-002  1.849624146301478E-002
   589.466408163713       6.344474343090631E-002  1.889465472477379E-002
   1074.77487357032       6.389106605600399E-002  1.929307012611456E-002
   247.840369544240       6.433638900687882E-002  1.969148858257546E-002
   2335.27986647665       6.389566029111596E-002  2.008403560883436E-002
   1291.11199457493       6.345391830211936E-002  2.047757940627800E-002
   2084.81048846614       6.301216657832495E-002  2.087012657487482E-002
   1537.43789051158       6.831394184338477E-002  2.216834024450237E-002
   2672.99637311195       6.875259439638816E-002  2.176379066633557E-002
   2997.26215015528       6.919026829831930E-002  2.136024962295643E-002
   6440.09094363527       6.962893642534525E-002  2.095569276689164E-002
   3196.87442517268       7.006660488501672E-002  2.055113373376036E-002
   4758.26176737608       7.038896569429612E-002  2.095125205644736E-002
   1163.97175436647       7.071031912086236E-002  2.135137783877186E-002
   1307.85054869713       7.103266694952907E-002  2.175049282323442E-002
   1043.09972528813       7.135401240590328E-002  2.215061738840409E-002
   3799.32588067303       7.256884381451574E-002  2.092148219350937E-002
   2530.39692302270       7.216497368667361E-002  2.060484381991139E-002
   2510.62894525070       7.176210231325539E-002  2.028719767411652E-002
   125.868265850811       7.135823623343079E-002  1.997056251335219E-002
   1149.17945137045       7.095437540372571E-002  1.965292205238669E-002
   166.794901985877       7.135375132282135E-002  1.920258413999671E-002
   900.123701327969       7.175313681353658E-002  1.875324668529440E-002
   1748.64680196709       7.215151850252272E-002  1.830291343900687E-002
   1197.63801987187       7.255089977061496E-002  1.785256945674909E-002
   309.738161988836       7.139212396465859E-002  1.755233445427936E-002
   1088.01045322560       7.094647065610186E-002  1.795594129577091E-002
   1738.07117525224       7.050182151443136E-002  1.836054415614597E-002
   1353.60821737143       7.005617235959043E-002  1.876515566441621E-002
   1847.59356346260       6.964382393953697E-002  1.836555613745386E-002
   1016.06397553974       6.923247419209931E-002  1.796595794472854E-002
   292.579765436868       6.882013338021538E-002  1.756736781322787E-002
   2548.32786072432       6.795623163210864E-002  1.844143372996737E-002
   1587.46761271109       6.835962829146792E-002  1.884908117831439E-002
   572.512326368476       6.876401676925643E-002  1.925571932522456E-002
   1035.27236709058       6.916840886325856E-002  1.966335471886527E-002
   1726.43847112649       6.876898363700480E-002  2.010567834689532E-002
   1488.61056299791       6.836954904814663E-002  2.054899653336722E-002
   2760.92178266530       6.797110305743004E-002  2.099131391399116E-002
   99.6476063417117       7.379797210203359E-002  2.213632270924661E-002
   1857.65631524972       7.411504693330559E-002  2.180646376348246E-002
   1641.47603713078       7.443312937806668E-002  2.147660292396126E-002
   3391.62833233732       7.475021129426619E-002  2.114674430915067E-002
   1728.30355489968       7.506829610499870E-002  2.081687962467554E-002
   3438.27778533602       7.540922070922425E-002  2.114288532790765E-002
   1465.88991250090       7.575014056855357E-002  2.146889409342622E-002
   1748.50810753482       7.609106209925864E-002  2.179489874790859E-002
   211.674834594882       7.643097909069085E-002  2.212091124508941E-002
   2077.46371844856       7.756924813098380E-002  2.096921303089199E-002
   582.535089613051       7.723926649875008E-002  2.063314592256007E-002
   529.131414412702       7.690928348064739E-002  2.029607648759263E-002
   1042.69818812034       7.657930020740175E-002  1.995900958788663E-002
   934.530833698901       7.624932497453002E-002  1.962193738087863E-002
   9.49810710038981       7.657493327527154E-002  1.921202582659283E-002
   822.106086373763       7.690054568665275E-002  1.880311198847540E-002
   952.662306592893       7.722615337429169E-002  1.839319802202647E-002
   598.670924975228       7.755176048593589E-002  1.798328201437587E-002
   353.281255883034       7.627161286131275E-002  1.744977178081048E-002
   464.885460191007       7.586553980262378E-002  1.778015470251717E-002
   1024.54708100438       7.546046543594459E-002  1.811053134608419E-002
   9.06633767612273       7.505439282319135E-002  1.844091670509921E-002
   460.958096796968       7.460447988917471E-002  1.811554318226070E-002
   213.837009455118       7.415556563675162E-002  1.779016695884215E-002
   332.388956327613       7.370565148840379E-002  1.746479853534132E-002
   78.5571975609904       7.288152092650278E-002  1.829863882205707E-002
   70.4120048654934       7.321213886007773E-002  1.874470885786676E-002
   376.021006323334       7.354274976785151E-002  1.918977818797806E-002
   71.0728091791566       7.387336627501873E-002  1.963584684425668E-002
   276.543621599075       7.354724387762726E-002  1.995775613006896E-002
   1761.02461806846       7.322111046236592E-002  2.027866367194362E-002
   1908.29405931981       7.289498296627048E-002  2.060057450866068E-002
   442.175847616063       7.872094078254829E-002  2.210748367579571E-002
   288.535047043164       7.905640238996792E-002  2.167351178575292E-002
   459.947347528152       7.939286227739493E-002  2.123853575636972E-002
   1668.37365605530       7.972932935950591E-002  2.080455836430550E-002
   874.752409594405       8.006579838954378E-002  2.037057920202321E-002
   1855.78589831107       8.047233138042466E-002  2.080019967694891E-002
   307.532305153546       8.087886192051479E-002  2.122982153906215E-002
   447.460418592059       8.128539921768645E-002  2.166044092786341E-002
   221.824726360657       8.169192897592900E-002  2.209006061700918E-002
   612.378078635679       8.257072338920617E-002  2.120088408320396E-002
   192.995561426944       8.213635666185910E-002  2.079942866998620E-002
   197.528115034780       8.170099133381502E-002  2.039797894288981E-002
   955.722893741221       8.126662618619719E-002  1.999652447116837E-002
   1111.69185289106       8.083226688397016E-002  1.959506619719718E-002
   431.210382092894       8.126202059718884E-002  1.921053620026735E-002
   435.492860842032       8.169177178161682E-002  1.882600523790844E-002
   216.051524165284       8.212252249067122E-002  1.844146905752560E-002
   169.457681049736       8.255227927040941E-002  1.805794000238923E-002
   342.821260782609       8.119512763524453E-002  1.752489713104576E-002
   143.256549483805       8.081567505007084E-002  1.796013330859941E-002
   77.4663670823774       8.043621683427382E-002  1.839436872803465E-002
   571.781289112374       8.005675948633609E-002  1.882860401150178E-002
   366.452001982401       7.964623460494628E-002  1.839900371019265E-002
   478.560385416130       7.923670935034841E-002  1.796939827300832E-002
   462.969463914425       7.882617753829274E-002  1.753879942333130E-002
   818.019938169825       7.798614711848624E-002  1.838873860340433E-002
   213.770600149010       7.842153071307981E-002  1.879419278996099E-002
   325.796220499705       7.885590894769981E-002  1.919865187967443E-002
   20.4782548374380       7.929029327321171E-002  1.960411057112519E-002
   784.337148865640       7.886028604822767E-002  1.994563324789049E-002
   1655.83372081796       7.843027572500194E-002  2.028715613991073E-002
   1774.91721255710       7.799926540365253E-002  2.062868732245210E-002
   114.527634371936       8.345989842087013E-002  2.207967977985861E-002
   182.940933998878       8.386222385116865E-002  2.179331342178743E-002
   148.729500997177       8.426455034670964E-002  2.150694761352171E-002
   223.461503094926       8.466688280471391E-002  2.122158153793011E-002
   53.8967312161551       8.506920933067996E-002  2.093521511860958E-002
   106.362934496424       8.545787029788930E-002  2.121693778995225E-002
   57.5365513037441       8.584652458497326E-002  2.149766153887598E-002
   12.3635097255921       8.623418500953853E-002  2.177939091022461E-002
   52.3901878796933       8.662284561293249E-002  2.206111432427687E-002
   144.129899553162       8.757023461588914E-002  2.110253639457551E-002
   102.858258077236       8.728396810174568E-002  2.071721024857121E-002
   53.9650423827527       8.699770740458158E-002  2.033288403572708E-002
   150.734129932595       8.671244057765376E-002  1.994755207782370E-002
   190.623349779935       8.642617477562217E-002  1.956222508590784E-002
   20.9724337958742       8.670794556841593E-002  1.918156409207184E-002
   48.2448389504800       8.698871545031805E-002  1.880090849347899E-002
   150.233562085562       8.727048509410500E-002  1.842024720248563E-002
   124.341600348818       8.755226074330472E-002  1.804058658853406E-002
   48.9063202592628       8.618516919188636E-002  1.734760072690711E-002
   152.669974531574       8.580784323622842E-002  1.763382140458731E-002
   194.372304000949       8.543051153960690E-002  1.791904174184483E-002
   303.429672782749       8.505318623695142E-002  1.820526232063665E-002
   364.285424509120       8.466952665531792E-002  1.792350927620465E-002
   376.605340864405       8.428587274421513E-002  1.764275639924912E-002
   49.9950290966551       8.390221258375186E-002  1.736100379086076E-002
   428.513472346024       8.283851124309079E-002  1.843726504108970E-002
   89.5437608527181       8.312474761427122E-002  1.881759183234778E-002
   57.2669632246367       8.340998449142532E-002  1.919792418723729E-002
   72.3166149705227       8.369622179963702E-002  1.957825045660539E-002
   119.722426849017       8.341459740764781E-002  1.998390998253971E-002
   232.349986423774       8.313397297581247E-002  2.038956388019442E-002
   294.803209516576       8.285234851303787E-002  2.079522402094714E-002
   17.7634307007640       8.852881275494651E-002  2.204992493080388E-002
   132.451998007759       8.891393335645244E-002  2.172865843188864E-002
   124.631315051121       8.929805953670603E-002  2.140839770664412E-002
   180.320034551746       8.968317988237703E-002  2.108713135613719E-002
   109.272109254349       9.006830611104304E-002  2.076686514498772E-002
   168.424093844186       9.048516513478362E-002  2.108242379749983E-002
   93.8640102891713       9.090303013959378E-002  2.139897649712117E-002
   109.399659606488       9.131988919967327E-002  2.171453532246956E-002
   9.64810167041138       9.173775431470782E-002  2.203108824228309E-002
   107.304417093284       9.257082130036083E-002  2.118818438599455E-002
   9.84981393914225       9.224938545164106E-002  2.077406365757185E-002
   1.18119082195654       9.192895518713534E-002  2.036093712554805E-002
   67.0964818424673       9.160751900917642E-002  1.994681640866234E-002
   21.8798419361046       9.128708830502801E-002  1.953369004198743E-002
   69.6970016753737       9.160335117365022E-002  1.923682841041213E-002
   102.343193349790       9.192060802442123E-002  1.893896092143611E-002
   105.728565712620       9.223687069486795E-002  1.864209932488989E-002
   61.5296707556308       9.255413349434755E-002  1.834523212871285E-002
   38.4721742259134       9.093429151898512E-002  1.735472313532620E-002
   54.6102626612569       9.064116329039351E-002  1.767444936804275E-002
   91.5256165212695       9.034704105282761E-002  1.799518143435796E-002
   96.9504890419840       9.005391302433129E-002  1.831490762662456E-002
   134.477207519257       8.967305325953930E-002  1.799913777427732E-002
   85.2481445284756       8.929218762439010E-002  1.768236773120085E-002
   12.4287200484959       8.891132773339608E-002  1.736659756100847E-002
   162.589303786482       8.787347363163690E-002  1.841670752708654E-002
   80.4752085681256       8.819369246524152E-002  1.879383454432607E-002
   20.0894810030641       8.851491141425584E-002  1.917095580216358E-002
   33.8719703771412       8.883513050854799E-002  1.954808300018230E-002
   48.6566060531874       8.851940768527274E-002  1.993694336383630E-002
   9.23856954248081       8.820268510822654E-002  2.032580967049871E-002
   29.0097370959602       8.788695674975035E-002  2.071367004436974E-002
   31.5882610943475       9.341372542894000E-002  2.202125128930791E-002
   13.2755103384887       9.382706526579541E-002  2.156681720027406E-002
   35.0609028124256       9.423941072190484E-002  2.111338887507554E-002
   79.7140581826623       9.465275018019205E-002  2.065895476863007E-002
   40.2615256981642       9.506508965198687E-002  2.020452674816997E-002
   54.8141459481101       9.538273701458996E-002  2.065467028095900E-002
   13.4373143980469       9.569938458896841E-002  2.110481947920566E-002
   3.24277189581355       9.601702621976665E-002  2.155396288380927E-002
  0.771312091258252       9.633467373576644E-002  2.200410625502974E-002
  0.393805617489202       9.756836851652960E-002  2.075584378916160E-002
   2.19540812159719       9.711452746532737E-002  2.044350215037768E-002
   9.10000513796452       9.666168638092938E-002  2.013115465831740E-002
   37.1313269414115       9.620785124088145E-002  1.981981296066104E-002
   67.0736498220744       9.575401002992245E-002  1.950747147715981E-002
   13.9652690334837       9.620376606566318E-002  1.912382547446630E-002
   26.7951082421487       9.665352813336386E-002  1.874117939230045E-002
   37.4346828303653       9.710228438162027E-002  1.835753906603881E-002
   3.06918515436346       9.755204049208982E-002  1.797389260181289E-002
   43.4859349942327       9.619098248801841E-002  1.745687204963222E-002
   26.3106803919291       9.581263607888293E-002  1.791010018320411E-002
   15.3448159535644       9.543529536883727E-002  1.836432243378188E-002
   30.5729096916476       9.505695458974653E-002  1.881855065871075E-002
   32.5090910746724       9.475930662284524E-002  1.836828988090270E-002
   33.8706207277518       9.446065869949183E-002  1.791803493595986E-002
   47.0863969344294       9.416301670651737E-002  1.746877405283520E-002
   54.8402401983278       9.300785692025390E-002  1.863757443362184E-002
   4.46547730899888       9.346058070672722E-002  1.892992217653213E-002
   11.9068117391745       9.391431027424947E-002  1.922326415565532E-002
   34.5857743988307       9.436803392556277E-002  1.951560622918579E-002
   26.9846042111544       9.391847768704537E-002  1.993325236680802E-002
   67.5799730678912       9.346892748321280E-002  2.035189845281480E-002
   90.5534757012061       9.302037144119234E-002  2.076953855547133E-002
   1407661.99030691      -3.249000000000000E-003  2.500000000000000E-003
   293552.527224198       2.479471738250665E-003 -3.476350896648996E-003
   3739261.60700797      -2.848000000000000E-003 -2.500000000000000E-003
   1242973.99010842      -2.504958497344590E-003 -2.852684958224044E-003
   292444.395448710       7.469409588044041E-003 -3.660000854420566E-003
   306593.644087586       1.245970192275936E-002 -3.478316745136676E-003
   108834.094848296       1.744960551703578E-002 -3.808662482109048E-003
   176898.248206878       2.244567830409548E-002 -3.348237734208694E-003
   269000.654216808       2.743863314020391E-002 -3.104911913807258E-003
   75127.8212349123       3.243139320228348E-002 -3.425348102635165E-003
   43451.2218482215       3.742762191652923E-002 -3.702687035281278E-003
   41756.2800943608       4.242702213120442E-002 -3.522259536405431E-003
   26240.1898887159       4.742875569614143E-002 -3.059844025700149E-003
   7701.06067606439       5.242348574784862E-002 -3.898759062016215E-003
   17552.6558625761       5.742748988502431E-002 -3.176961658690951E-003
   3775.42322074158       6.242553431013697E-002 -3.455113758668013E-003
   3743.48000516564       6.742737050313068E-002 -3.151557070713130E-003
   2635.99534369541       7.242483007769339E-002 -3.619038136609078E-003
   1245.27812510634       7.742319593589757E-002 -3.930429371231505E-003
   120.213111751313       8.242144160121070E-002 -4.250763611584059E-003
   114.229121675003       8.742529277979739E-002 -3.609085810074572E-003
   128.469272696741       9.242517813243627E-002 -3.642391231678953E-003
   31.6051089793917       9.866729927498641E-002  1.990117195620536E-003
   2.00269279346904       9.757000774553083E-002 -3.003535417153043E-003
   1.35626169102275       9.742818364852888E-002 -3.143706476101118E-003
   15582.4814307268      -3.505000000000000E-003  7.500000000000000E-003
   174.158031478130       9.837962255849847E-002  6.991878305464944E-003
   204510.013739439      -3.219000000000000E-003  1.250000000000000E-002
   247.950542824099       9.799195992189334E-002  1.199421875305903E-002
   61397.5528935557      -3.432000000000000E-003  1.750000000000000E-002
   48.0285506253927       9.852328922524055E-002  1.699117478748917E-002
   249601.495862070      -2.495235608966220E-003  2.340868634972141E-002
   1075629.41389792      -3.413000000000000E-003  2.250000000000000E-002
   28851.7987495690       2.518823662495719E-003  2.330547975319718E-002
   40015.3447224393       7.533658983620659E-003  2.335797250138553E-002
   67293.6656328231       1.254486260681809E-002  2.356276514273402E-002
   93077.7426078905       1.755090756844523E-002  2.323167341164948E-002
   16225.6614428796       2.255978652488871E-002  2.301873297512921E-002
   66509.1863647161       2.756712995816142E-002  2.329510811760877E-002
   43261.3240276903       3.256951174271360E-002  2.306105655320120E-002
   12966.9824125057       3.757652125566406E-002  2.353486069675502E-002
   36376.7128212010       4.257850888275952E-002  2.341698646181128E-002
   1623.18202136334       4.757832933693099E-002  2.294826880605815E-002
   8285.73698438781       5.258035818995135E-002  2.300610339284561E-002
   11789.5668564981       5.758417791024496E-002  2.364372983579614E-002
   1430.52849037322       6.258122223882524E-002  2.313964422685297E-002
   394.069729715181       6.758025598429250E-002  2.291061928129160E-002
   676.945024661689       7.258313913280981E-002  2.336544230285316E-002
   819.151395138745       7.758267448951160E-002  2.325917447535259E-002
   130.246529117967       8.258110415795429E-002  2.296885398458880E-002
   7.02329962506143       8.758142393231935E-002  2.300850346292019E-002
   44.1889480964990       9.258065831123294E-002  2.286415547307067E-002
  0.143825693596359       9.881663098395173E-002  2.198953857019210E-002
  0.212376918208262       9.758293620192014E-002  2.323780103734365E-002
