   1036184.14628495      -2.030355776753074E-003  2.496908279018854E-003
   292719.240423610      -1.527923821094653E-003  2.102779354039182E-003
   572387.864158938      -1.027209487472043E-003  1.707886601610641E-003
   1012322.08647413      -5.253978225664879E-004  1.314747780504066E-003
   804035.197457099      -2.454616415650677E-005  9.195778641334340E-004
   1866724.09972656       4.784499590441319E-004  1.302887625437460E-003
   1778165.62272714       9.793770253455564E-004  1.690594652540384E-003
   1513514.92847592       1.478670752669115E-003  2.082926332697752E-003
   268666.136889805       1.984359921447510E-003  2.474833647312033E-003
   2502867.41865025       2.459258082930704E-003  1.996001332737859E-003
   1082032.86840770       2.078366707281687E-003  1.490554972298286E-003
   225481.387203494       1.692903337404834E-003  9.830993470355683E-004
   235387.942002957       1.304397041316039E-003  4.745498401601362E-004
   1138676.57054286       9.121492067290870E-004 -3.236295781532271E-005
   289874.111460188       1.297008351178329E-003 -4.961613323068643E-004
   44610.4901276191       1.672894072358381E-003 -9.631425217950513E-004
   2645682.56613725       2.046912652440491E-003 -1.427860527781047E-003
   1722810.05539408       2.415032065809788E-003 -1.891123724470416E-003
   899031.129968296       1.711440407298713E-003 -2.564442245460867E-003
   20438.7735027580       1.267570425707654E-003 -2.160650834843068E-003
   2113199.10289919       8.316733708220519E-004 -1.754955505354394E-003
   2475285.57640752       3.950528475043962E-004 -1.355736796102452E-003
   2294336.81204992      -4.121079954253742E-005 -9.587436659584763E-004
   3802865.72142289      -5.932830613401804E-004 -1.344677338618886E-003
   3076623.11845005      -1.143533238476358E-003 -1.731282982341894E-003
   2495384.35849985      -1.689278712099309E-003 -2.126121660385207E-003
   9075011.07368151      -2.242009108369425E-003 -2.523889076414091E-003
   2263002.75791188      -2.503771144434999E-003 -2.257828122624426E-003
   2222154.39765453      -2.133232693479534E-003 -1.700097367296944E-003
   144925.765679590      -1.754199723955896E-003 -1.134546386319462E-003
   1048217.36241930      -1.368969075057519E-003 -5.706196715009826E-004
   560015.548336414      -9.733851547077950E-004 -1.242659900943776E-005
   94972.5453735967      -1.359542784531434E-003  4.972699943546675E-004
   356212.342773220      -1.742175791886614E-003  1.008306123431462E-003
   785109.392090831      -2.125372187654805E-003  1.517826118270798E-003
   865065.938704176      -2.507668683213045E-003  2.026268857245857E-003
   547707.448105179       2.941539230599750E-003  2.466635273196740E-003
   515108.948279785       3.440570791574989E-003  1.994901775075577E-003
   923083.684589152       3.929061462352913E-003  1.519956910199112E-003
   1955348.63811245       4.417701472160251E-003  1.049932905127157E-003
   1353802.02152135       4.907699004158188E-003  5.860081980144079E-004
   1681877.44512549       5.375891199365593E-003  1.037531915395393E-003
   690046.326348614       5.843271048250816E-003  1.493583161502225E-003
   13734.8694507748       6.312145156663005E-003  1.953154596779571E-003
   803633.043380844       6.786305671905515E-003  2.410746298688169E-003
   1250569.35754697       7.399411568312718E-003  1.784335209605622E-003
   1377699.97411189       6.944732788681972E-003  1.319013690007667E-003
   585696.921716666       6.489275941570365E-003  8.492394057095621E-004
   372910.105651714       6.032643448725435E-003  3.775793075695926E-004
   638052.035390452       5.570657502177054E-003 -9.258610915741447E-005
   1072353.92573685       6.020976775154545E-003 -4.718168761195531E-004
   1283075.01452047       6.465117927715750E-003 -8.505526436624752E-004
   2793182.14485684       6.910485402163186E-003 -1.226255356593329E-003
   1588636.32344281       7.353081039341435E-003 -1.601489652123193E-003
   327453.067950751       6.301507959026235E-003 -2.617686172538494E-003
   684948.433879909       5.941603893095970E-003 -2.151651561246028E-003
   742502.603093634       5.588606468694854E-003 -1.681590692069649E-003
   1486018.45440636       5.238282515983011E-003 -1.214842140521526E-003
   2161865.14461718       4.890096337598664E-003 -7.506512046084258E-004
   2983827.13008925       4.446215583350501E-003 -1.204365211841101E-003
   761765.619834336       4.001697728397537E-003 -1.663785769426576E-003
   431345.024636783       3.554693456852524E-003 -2.128104606162966E-003
   145313.229002431       3.097201634697017E-003 -2.587795205780665E-003
   2166889.73333624       2.863694539926612E-003 -1.442468526668941E-003
   1495959.54221644       3.314262436133429E-003 -9.889850695473275E-004
   446997.046724726       3.765716440471566E-003 -5.308996796257402E-004
   524717.881918977       4.226204648714719E-003 -7.498615823901119E-005
   455665.061523965       3.778115133006595E-003  4.432405358076817E-004
   638985.682950697       3.336597271637127E-003  9.646741470514847E-004
   1462936.55297077       2.897321892869231E-003  1.482931930539780E-003
   823380.416792073       8.029013363183148E-003  2.393557683732778E-003
   195870.370250340       8.491675047612337E-003  1.958813790351467E-003
   645379.512779862       8.949143658506010E-003  1.523142716804393E-003
   1538148.87541170       9.405630532614125E-003  1.091488429758177E-003
   1158952.18217684       9.862957631508294E-003  6.628787748179767E-004
   1880542.46458445       1.037299661916071E-002  1.076204103048783E-003
   1440308.00719393       1.088165110863901E-002  1.493377636589888E-003
   678834.716030039       1.138909503642190E-002  1.915366518904077E-003
   496999.729633225       1.190198539937098E-002  2.336916423624701E-003
   1649108.09272677       1.235220387033825E-002  1.877308203454179E-003
   1351634.12262277       1.193689729954863E-002  1.370077997639536E-003
   242699.900509762       1.151892375278840E-002  8.578876893571047E-004
   422328.759886036       1.109791830123144E-002  3.444624957968003E-004
   1051598.84704390       1.067131081105925E-002 -1.660496991111408E-004
   457062.301255130       1.108485065550885E-002 -6.665821597589722E-004
   235629.074387006       1.148934554010265E-002 -1.170694674740386E-003
   2108801.77213681       1.189106744178046E-002 -1.673526839265418E-003
   1370340.58287603       1.228833707722257E-002 -2.174200858681196E-003
   437160.750711720       1.172563657296670E-002 -2.708910925757751E-003
   117694.193297642       1.124896141223206E-002 -2.270423585060342E-003
   1728380.37729428       1.078060943706541E-002 -1.830925830745108E-003
   2038057.61076632       1.031133235432236E-002 -1.397921687047101E-003
   1848547.12072748       9.840910756774185E-003 -9.682397865305350E-004
   2071026.62087014       9.477885027287828E-003 -1.385584681998856E-003
   579370.020031812       9.114198513230217E-003 -1.804531472975458E-003
   586934.657695115       8.748470463479900E-003 -2.226854094793480E-003
   227679.654058589       8.376456836115471E-003 -2.645379777747703E-003
   1516168.40640809       7.769069257033545E-003 -1.237442367746739E-003
   1358087.96955861       8.188761669604770E-003 -8.737755277236025E-004
   141371.707271472       8.607943127523238E-003 -5.080557485282676E-004
   424984.858083833       9.032571948049054E-003 -1.416638946874353E-004
   689012.435837761       8.618763216407392E-003  3.407150324271850E-004
   209917.216283919       8.210740533928611E-003  8.243415877684584E-004
   1172142.65674619       7.804307269151370E-003  1.306517674431099E-003
   467024.533975707       1.281384989731694E-002  2.323153452467377E-003
   68299.0860726978       1.331580351074720E-002  1.843809624984768E-003
   496196.545751866       1.380951235076507E-002  1.361631764192939E-003
   1385886.37060347       1.430342159789987E-002  8.838004814913313E-004
   946958.569352383       1.479838245840030E-002  4.102543123247090E-004
   1281963.01872630       1.527806097606726E-002  8.647421610674341E-004
   611169.057951661       1.575662188002024E-002  1.323105381937048E-003
   219141.136049206       1.623823990923175E-002  1.784287549857449E-003
   549609.592291490       1.672440594366608E-002  2.243095199203961E-003
   1343062.21572210       1.729973214794695E-002  1.644567448029748E-003
   1489946.87363977       1.683611428185817E-002  1.175664821465461E-003
   613736.773319924       1.637247256670299E-002  7.004931229189534E-004
   122030.274079799       1.590783668712180E-002  2.243059885256766E-004
   1174476.63114722       1.543798395010274E-002 -2.511894204905317E-004
   612214.840977047       1.589035913646847E-002 -7.447186968589348E-004
   212208.023394004       1.633308772083024E-002 -1.240864080321319E-003
   1536932.05006290       1.677315805471634E-002 -1.736904916304718E-003
   1042051.00023175       1.721021039916864E-002 -2.229405322527828E-003
   274172.997312899       1.658788426886708E-002 -2.806909351718402E-003
   225310.868513791       1.613151437334229E-002 -2.323238700138086E-003
   1266685.98275453       1.567994623539676E-002 -1.838272484263620E-003
   1831928.44187301       1.522880663180860E-002 -1.359225367499565E-003
   1730576.08723081       1.477451309111518E-002 -8.851848615337862E-004
   2382332.25664763       1.429051450992545E-002 -1.341166569197705E-003
   809491.273998958       1.380789038456643E-002 -1.802391994408638E-003
   394224.353265391       1.332385927984224E-002 -2.268805458961090E-003
   15457.5418389613       1.282935434731791E-002 -2.731564747310915E-003
   1549489.41393448       1.274558349169702E-002 -1.691348894306841E-003
   776740.859383685       1.320432458492038E-002 -1.203824436764176E-003
   693077.356831144       1.366508269749033E-002 -7.134666963043116E-004
   717569.406621841       1.413503127336966E-002 -2.260615085291040E-004
   605580.622311833       1.368324924825910E-002  3.003280629519237E-004
   294169.958566668       1.323820551547212E-002  8.297395711585656E-004
   1046109.49181593       1.279491473135547E-002  1.356431635073218E-003
   572416.226621593       1.789993668631509E-002  2.215864113234288E-003
   361654.471062399       1.836415576102687E-002  1.646278020713981E-003
   311677.826114836       1.882139302165496E-002  1.071857199019997E-003
   913795.506374588       1.927223388583152E-002  4.971294879292916E-004
   836434.262461299       1.972233228581044E-002 -7.262387813785764E-005
   1061966.00623037       2.022923891839612E-002  4.701396133948329E-004
   33182.4266292982       2.073538161004018E-002  1.018193217022480E-003
   392008.526761801       2.124598048253526E-002  1.566422096634871E-003
   533570.791317241       2.176353225604305E-002  2.110090756170180E-003
   858797.553616452       2.223731592054493E-002  1.608552585517185E-003
   1179576.73745424       2.167680102248908E-002  1.120910941480335E-003
   866330.080773664       2.112030734337042E-002  6.269267247781527E-004
   38932.2418982340       2.056592916873473E-002  1.284115902599282E-004
   581935.739438241       2.000401602740187E-002 -3.686311591598081E-004
   1049186.13048961       2.053944161086703E-002 -8.143377384696481E-004
   1340154.71279275       2.106901557267445E-002 -1.257143601277093E-003
   2005490.00110786       2.160272527382787E-002 -1.694165331598368E-003
   979128.132395823       2.213892883806632E-002 -2.126853839407143E-003
   195454.279935103       2.129913632778860E-002 -2.926019695572825E-003
   980957.335751583       2.089311695513255E-002 -2.358965402751846E-003
   257852.079448559       2.049261781402812E-002 -1.787870715540570E-003
   605769.521182106       2.009737837581262E-002 -1.216242425212403E-003
   1380421.87453654       1.970645642815992E-002 -6.476587185749517E-004
   1665877.31975041       1.923545461522488E-002 -1.194166745828735E-003
   465719.395012009       1.876385742452332E-002 -1.748612171896975E-003
   641987.019515275       1.828331014476092E-002 -2.301910762889036E-003
   347221.032091176       1.779286134419727E-002 -2.847941137818472E-003
   1901247.61434677       1.776706835837548E-002 -1.771146246236293E-003
   1739156.35447386       1.831862842605242E-002 -1.303690044775493E-003
   61567.4866779769       1.886613249835341E-002 -8.287322197977572E-004
   679075.200939709       1.942430013460691E-002 -3.525042549245193E-004
   159621.832281445       1.889067645136198E-002  1.512248226764998E-004
   1148744.00600262       1.836387472275863E-002  6.541724653651358E-004
   1215904.32969437       1.783373183901166E-002  1.152484407460006E-003
   363004.999540955       2.274043840309296E-002  2.080293327398644E-003
   45710.9932640915       2.322753350105793E-002  1.598079865451310E-003
   565383.967628291       2.371097710664530E-002  1.115899817426729E-003
   898364.573627335       2.419425150936933E-002  6.352110736345007E-004
   642956.124866300       2.467985528885424E-002  1.599605071949781E-004
   321839.847029402       2.506986730539441E-002  6.122631062436531E-004
   81427.1106027822       2.546192109451743E-002  1.066485982109325E-003
   296044.254687584       2.585444532964817E-002  1.519602953387470E-003
   371414.107049475       2.624890864994627E-002  1.971805184283098E-003
   728201.634818164       2.719693478765275E-002  9.630507771740058E-004
   888426.819828150       2.672617978416718E-002  5.977147545903928E-004
   715144.649578875       2.625593537076982E-002  2.308520728793290E-004
   383941.241222647       2.578481735491239E-002 -1.385381045325985E-004
   605094.266536429       2.531382572250962E-002 -5.079165328840697E-004
   232489.654066249       2.576249013709977E-002 -1.000504204958242E-003
   98133.6393759062       2.620658988193235E-002 -1.494529815736633E-003
   1000831.61385194       2.664760833633779E-002 -1.988650244473639E-003
   645323.281508326       2.708750788968187E-002 -2.480113211738684E-003
   153474.007544299       2.646486848240635E-002 -3.058745926240303E-003
   136080.797824580       2.600820490642387E-002 -2.576983421438144E-003
   797427.571163343       2.555417862414557E-002 -2.094916177737299E-003
   1063919.03688373       2.510091947633146E-002 -1.614885225072887E-003
   1255709.54272245       2.464562353757268E-002 -1.139121461403399E-003
   1399034.03523468       2.422114608684631E-002 -1.591490359836257E-003
   353784.526269152       2.379651576667426E-002 -2.048247178659847E-003
   254396.277172019       2.337093674168738E-002 -2.505921070055073E-003
   12782.5213050750       2.294204882858724E-002 -2.962010917400395E-003
   783421.872233388       2.260412379765146E-002 -1.715681697529090E-003
   565980.472025471       2.307043467327488E-002 -1.302514616047306E-003
   328872.291088018       2.353879416327331E-002 -8.874475213611621E-004
   710115.660636831       2.401045541748292E-002 -4.732785504688392E-004
   420274.150975297       2.356331311549594E-002  4.708798824686121E-005
   15216.4167145754       2.311883182578556E-002  5.688453297636163E-004
   601038.550406803       2.267795284525055E-002  1.090225457351639E-003
   242604.270650114       2.820703321817321E-002  1.908391110102369E-003
   272355.250749693       2.857077893084982E-002  1.389194126535907E-003
   232622.834798007       2.893194775553156E-002  8.686068548561463E-004
   213178.793401216       2.929239120147852E-002  3.486726414395979E-004
   472734.191140360       2.965042451075131E-002 -1.710224866474856E-004
   783050.174202627       3.021289647333975E-002  3.134232357778212E-004
   506208.021657586       3.077333463957598E-002  8.002893263172044E-004
   231095.238632937       3.133458814475887E-002  1.290143671048828E-003
   35553.4436957857       3.189859745580789E-002  1.778732086886398E-003
   626227.850535301       3.219419087194552E-002  1.460797172675866E-003
   617968.761528970       3.167522248244697E-002  9.306055769131934E-004
   209833.696083146       3.115686032450954E-002  3.958106552459475E-004
   131288.357817405       3.063743012095026E-002 -1.379601340408888E-004
   468521.342266558       3.011354140719975E-002 -6.695567324536496E-004
   260236.061468192       3.059947439437406E-002 -1.152575744111548E-003
   399719.877232909       3.108045725978383E-002 -1.637108209046127E-003
   1158156.60900878       3.156258284613170E-002 -2.118354704887729E-003
   614544.225529812       3.204549508482923E-002 -2.598246970999226E-003
   95642.5035229825       3.136409975646220E-002 -3.230374734339885E-003
   476929.506568070       3.092219279703579E-002 -2.705511114907664E-003
   209447.377361550       3.048549285523481E-002 -2.178875346863598E-003
   539342.253517547       3.004937256714638E-002 -1.654018873810310E-003
   988829.937457763       2.961469415945034E-002 -1.130655310081206E-003
   1228980.62822698       2.912916649358672E-002 -1.619543995322562E-003
   234581.388982271       2.864546014585113E-002 -2.112112935895031E-003
   32350.1969083795       2.815916226099979E-002 -2.607247393172128E-003
   84768.8341975824       2.766907256082424E-002 -3.100362996698115E-003
   828514.487371124       2.760220231941864E-002 -2.021819055968714E-003
   520227.932760578       2.811632600929298E-002 -1.559429629498516E-003
   344726.445738095       2.863055079050260E-002 -1.095968610964551E-003
   301030.923453611       2.915114012642009E-002 -6.332976908404545E-004
   372235.190768289       2.866209944139074E-002 -2.320626494902229E-004
   712845.713632870       2.817502323326343E-002  1.686493960727834E-004
   733883.103196876       2.768622642486144E-002  5.664045219275864E-004
   76803.9594799959       3.251272485722109E-002  1.755323116567143E-003
   234032.570162499       3.304104217663274E-002  1.274675783438124E-003
   458567.401408916       3.356783452968849E-002  7.954182489355728E-004
   583917.575404983       3.409444521209785E-002  3.173450714992562E-004
   365170.965319053       3.462280410821231E-002 -1.582509262634831E-004
   342425.052457828       3.509306183205871E-002  2.811658815014299E-004
   117912.582230529       3.556314432736047E-002  7.221792261866996E-004
   237461.718526446       3.603508060391328E-002  1.162591597707559E-003
   237848.232660095       3.650760150027645E-002  1.603733824922651E-003
   290454.614835796       3.715722996115491E-002  9.039864289032210E-004
   505143.820905326       3.668679776209968E-002  4.651817984233380E-004
   169502.337418604       3.621775794713648E-002  2.347223067283052E-005
   77983.8374699282       3.574712388444360E-002 -4.179155919848107E-004
   400219.436491394       3.527522561836198E-002 -8.592959642116371E-004
   48418.2456721970       3.571608601879324E-002 -1.266988346465418E-003
   209513.382063976       3.615456267292115E-002 -1.676053127014509E-003
   754614.120148085       3.659172950156897E-002 -2.083025870715862E-003
   451556.573699590       3.702910186552500E-002 -2.490845967972344E-003
   149952.788552748       3.604643089870518E-002 -3.396647316034743E-003
   155467.773811954       3.567581613951749E-002 -2.924281646800960E-003
   343823.047115572       3.530830777258849E-002 -2.452256016833279E-003
   640920.957127998       3.494017887258576E-002 -1.980235453382913E-003
   675997.927869346       3.457336821098125E-002 -1.509736173254364E-003
   948510.647836373       3.410156226955378E-002 -1.949810195397078E-003
   259330.323426677       3.362880712889596E-002 -2.391857447289022E-003
   181786.165099133       3.315657169737082E-002 -2.834456262235810E-003
   18973.8440212672       3.268016308318265E-002 -3.277008744938554E-003
   507357.835665895       3.251292615951163E-002 -2.151947809673215E-003
   302936.281971514       3.297994131973186E-002 -1.705310753683319E-003
   306319.256890307       3.344891160240514E-002 -1.256574266792812E-003
   305341.689779376       3.392091805873640E-002 -8.099564539228458E-004
   271088.180660437       3.348592603492221E-002 -2.431810207869124E-004
   76857.7268798601       3.305326049042284E-002  3.248885173586808E-004
   296598.447975258       3.262388182027670E-002  8.943974519878591E-004
   232060.077250891       3.785763053496095E-002  1.552336982915139E-003
   237584.869571863       3.829290788268158E-002  1.005183357490947E-003
   67969.7914258376       3.872706528207938E-002  4.569732014709760E-004
   345135.163603222       3.915879916797338E-002 -9.117472245270570E-005
   353348.570522600       3.959049860137203E-002 -6.372932154469049E-004
   462774.559625051       4.011614617286652E-002 -1.286663145298731E-004
   134146.123301218       4.064051496049488E-002  3.819165491629529E-004
   22240.1108458734       4.116715167825719E-002  8.925159502014171E-004
   74148.1666141138       4.169649009017291E-002  1.401504272057484E-003
   417706.349972605       4.214223979078301E-002  9.181308712318472E-004
   540044.001568728       4.159717218814974E-002  4.307604797443923E-004
   382602.133589304       4.105333231849603E-002 -5.901785442698226E-005
   91980.1835086286       4.050950866105134E-002 -5.491214081815092E-004
   295469.050919528       3.996372696835292E-002 -1.039695180846240E-003
   197564.057432997       4.047199653622505E-002 -1.524804680446552E-003
   321173.580492759       4.097700736236742E-002 -2.010306569319603E-003
   793756.377025578       4.148231052722609E-002 -2.493919801641542E-003
   403691.047612379       4.198854407487383E-002 -2.975695392188793E-003
   87370.7754755195       4.130744131313964E-002 -3.604636299691687E-003
   344298.135202299       4.086776717988752E-002 -3.056676692990299E-003
   104666.021116923       4.043111916846270E-002 -2.507271144027151E-003
   395780.622863623       3.999596938085294E-002 -1.958224695435103E-003
   670377.209993048       3.956099294467279E-002 -1.411528199433518E-003
   548866.463882574       3.915829316053327E-002 -1.925756438419953E-003
   147976.809833082       3.875301697120881E-002 -2.441699134278526E-003
   133333.402310708       3.834703090956454E-002 -2.957466107532684E-003
   42526.0299584288       3.793748633303586E-002 -3.471594276798230E-003
   708932.503869547       3.756879448905756E-002 -2.122026104310162E-003
   764765.266480863       3.810807567379228E-002 -1.753243097923943E-003
   295183.677323185       3.864678498985440E-002 -1.381363102765825E-003
   176348.229966662       3.918755175401673E-002 -1.009670192054738E-003
   77329.7804833456       3.867871650508709E-002 -5.302133097096918E-004
   289732.608262952       3.817199061425831E-002 -5.088913115916017E-005
   447711.678316955       3.766513271112275E-002  4.279438441917596E-004
   155422.846238719       4.262630104814970E-002  1.363018761289471E-003
   111747.612654285       4.311633529560266E-002  9.137239852625599E-004
   382212.335880009       4.360480007670963E-002  4.649623695026270E-004
   588982.651001546       4.409253631495098E-002  1.774993755934923E-005
   325332.331617997       4.458222530343645E-002 -4.268111959668634E-004
   392104.778777484       4.503569853517273E-002 -1.871565905751807E-005
   118001.515835149       4.549049123643357E-002  3.909420620118002E-004
   85580.8803746554       4.594489118976752E-002  8.009883673888837E-004
   177030.123940363       4.640156817305265E-002  1.210673252551883E-003
   422088.943754095       4.711325552948615E-002  4.394664807649722E-004
   492638.491976625       4.667197202664228E-002  1.695985745055499E-005
   274491.927164566       4.623087035064066E-002 -4.057661868921768E-004
   13849.6832189167       4.578944548969064E-002 -8.301807391679847E-004
   169141.783489594       4.534804566274764E-002 -1.253534640069010E-003
   240623.103093711       4.575118335312275E-002 -1.827220893140293E-003
   266579.336136182       4.615330380051100E-002 -2.402261577995660E-003
   219167.537859056       4.655349801633890E-002 -2.978131965860291E-003
   211809.371741145       4.695192956600037E-002 -3.553380384954589E-003
   65431.2948223378       4.666411649985459E-002 -3.816590854076928E-003
   154472.575472436       4.612850044839778E-002 -3.364409667968809E-003
   499998.971578276       4.559379403471696E-002 -2.913633617953910E-003
   460390.033345091       4.505782885788828E-002 -2.464891367013339E-003
   354254.662542843       4.452074952794612E-002 -2.018502220533635E-003
   463500.182370399       4.404570102474424E-002 -2.425624794709065E-003
   219059.979608680       4.357088299834141E-002 -2.835034316005042E-003
   162229.766514159       4.309583425646644E-002 -3.245294072026753E-003
   13142.6089739165       4.261902120606410E-002 -3.655083686646928E-003
   278134.653422924       4.242919330406490E-002 -2.530319197825411E-003
   134809.507444377       4.287042859800892E-002 -2.084345110426196E-003
   117020.316078477       4.331232260580804E-002 -1.637893451127913E-003
   273142.334472321       4.375441055918616E-002 -1.191716637584412E-003
   295825.490207317       4.334983732117106E-002 -6.643313739268943E-004
   60774.2630313610       4.294609487697004E-002 -1.370755071611837E-004
   281639.897091229       4.254385478990750E-002  3.912206867116147E-004
   82452.4224369973       4.788484535332123E-002  1.149649446527952E-003
   34094.6269486605       4.830452039117311E-002  6.427780997323397E-004
   11221.1687188564       4.872147859866268E-002  1.342155255058218E-004
   291014.434039679       4.913883546664261E-002 -3.731407201731974E-004
   210418.905026206       4.955498469195155E-002 -8.795531742745220E-004
   299321.071615679       5.002851383695068E-002 -4.107738008309327E-004
   57380.2740159425       5.050222843287001E-002  5.865484273818132E-005
   53411.1313889610       5.097652779834304E-002  5.292539584097645E-004
   70476.6880341294       5.145077395666845E-002  9.984677989348142E-004
   242876.655339885       5.210221492768318E-002  2.890752426192619E-004
   317746.441019935       5.159666422597703E-002 -1.436879138209241E-004
   212874.863097224       5.109037033689119E-002 -5.783302934888965E-004
   9613.96942041518       5.058497837551647E-002 -1.013614545145450E-003
   73503.1561947914       5.007862268368460E-002 -1.448738918514705E-003
   27352.5284335061       5.054390972791217E-002 -1.991924996045121E-003
   25337.8219419849       5.100792326301554E-002 -2.535648277031099E-003
   292014.436236122       5.147247261066795E-002 -3.079120493471809E-003
   162078.012669860       5.193631340282987E-002 -3.620473971789611E-003
   46599.4326601635       5.150637529611238E-002 -4.015554690555442E-003
   83143.0068085140       5.100678690485444E-002 -3.504680262259360E-003
   140697.071588866       5.050763864692638E-002 -2.992386568429012E-003
   205835.519610380       5.000854421790876E-002 -2.481695055995720E-003
   250644.646542160       4.950903807915693E-002 -1.971900867374657E-003
   429249.353308157       4.893531420888225E-002 -2.436533160256822E-003
   254866.133448287       4.836287087358193E-002 -2.903334072404346E-003
   72069.0241139125       4.779075662438289E-002 -3.372768148083070E-003
   57978.8738400208       4.721596301259141E-002 -3.840575384187122E-003
   280339.184398211       4.745875482664778E-002 -3.016994068738576E-003
   5416.96921931137       4.796645357868411E-002 -2.478207869403806E-003
   201631.565116498       4.847474554125239E-002 -1.939703622210106E-003
   151523.550266751       4.898516378882034E-002 -1.402636280764635E-003
   7574.20455490484       4.851667055816569E-002 -9.419217616004586E-004
   262687.195744789       4.804929338238181E-002 -4.803016356359549E-004
   308324.998827446       4.758081672435473E-002 -2.055186752755300E-005
   34084.4752511608       5.281173269224876E-002  9.397200890204770E-004
   63671.8547181716       5.324794092749057E-002  5.159866573931345E-004
   76854.8225606934       5.368451243118877E-002  9.306925382858997E-005
   151214.503523228       5.412097954272070E-002 -3.305523232357288E-004
   116173.012628966       5.455758275890950E-002 -7.537310788344021E-004
   128663.174758515       5.502908734066689E-002 -3.695991516516714E-004
   66626.6402829945       5.549961119245912E-002  1.474713697526930E-005
   3882.28134588603       5.597117928215795E-002  3.982124343097436E-004
   44487.7293345723       5.644302088231052E-002  7.827240407174592E-004
   77987.1137600481       5.709421132866647E-002  7.303254571769217E-005
   110388.420608820       5.667148807310227E-002 -3.641757490455346E-004
   36157.2328977956       5.624975372220006E-002 -8.017418551135889E-004
   27010.8523991706       5.582690665213506E-002 -1.238350555357384E-003
   53631.9594465749       5.540370591443377E-002 -1.675850285844364E-003
   33109.9905732226       5.579190162504608E-002 -2.053170883413650E-003
   25909.7125319649       5.617975300094150E-002 -2.429634452294172E-003
   121280.400688419       5.656654846401458E-002 -2.806889306369331E-003
   74426.8156251704       5.695419095733342E-002 -3.183242241136267E-003
   41313.2644168215       5.584723791901602E-002 -4.197907124402572E-003
   6871.29338717631       5.550605015921752E-002 -3.778608611530806E-003
   75971.1327242929       5.516414467239902E-002 -3.360148692807545E-003
   93507.9097551354       5.482326264359168E-002 -2.940925586473063E-003
   161480.162730377       5.448155141965690E-002 -2.521694233723357E-003
   263616.095387370       5.394365329462462E-002 -2.903015879637854E-003
   194827.843643836       5.340610992172679E-002 -3.285025701198623E-003
   162572.616521340       5.286883985181651E-002 -3.666786617911107E-003
   40103.7802786773       5.233186925764943E-002 -4.049859440677920E-003
   52732.2071900628       5.236024369669955E-002 -3.116067095819946E-003
   45580.6784377576       5.278384846334831E-002 -2.610348510768405E-003
   130966.865362688       5.320910921075461E-002 -2.104837754945260E-003
   117721.387574399       5.363506357884604E-002 -1.599760036284130E-003
   34790.2776761458       5.325120217118731E-002 -1.127156404521182E-003
   47779.7862330452       5.286766583000094E-002 -6.545425625000003E-004
   98064.6802279337       5.248533397239990E-002 -1.821671342880163E-004
   17426.8229645350       5.780387198097051E-002  7.238104245903937E-004
   6359.43358968025       5.823752635393511E-002  2.183513287080409E-004
   3991.89028775135       5.867081852851660E-002 -2.872447457736610E-004
   64177.0685518245       5.910299526207202E-002 -7.936750163859317E-004
   50800.1480709458       5.953625400587482E-002 -1.298888108566259E-003
   56887.0617482975       6.003846649332938E-002 -8.340801530377572E-004
   16547.9129434340       6.054080506309556E-002 -3.682245944370442E-004
   21365.9627325513       6.104325539233536E-002  9.659666736411732E-005
   19806.8432043090       6.154505579210267E-002  5.612343892153083E-004
   124202.661766491       6.209234679745670E-002 -3.628017963831602E-005
   88186.6072632909       6.158619984286528E-002 -4.955073008804467E-004
   83398.7441101948       6.108010154966875E-002 -9.559439383532763E-004
   48069.9883304853       6.057306151318789E-002 -1.416538971355605E-003
   30896.3269733616       6.006693611968587E-002 -1.877224735542420E-003
   36410.1203541794       6.052708239606686E-002 -2.488003642624414E-003
   71385.8061431335       6.098750187570537E-002 -3.098379952362069E-003
   64038.0260658104       6.144609613525914E-002 -3.710178502772817E-003
   32766.7673469304       6.190427762673518E-002 -4.321542943622898E-003
   44503.5244063533       6.175725529386104E-002 -4.456215680953772E-003
   22612.7739424593       6.118995273004910E-002 -3.943536601046880E-003
   120373.418408588       6.062306908042060E-002 -3.431226988476554E-003
   88812.2919109260       6.005662536210882E-002 -2.918740223934571E-003
   103104.740581417       5.948865759149535E-002 -2.407701074512039E-003
   71636.8790840546       5.910862831463604E-002 -2.877884325696952E-003
   3998.15930009649       5.872938756206010E-002 -3.349296527826741E-003
   8616.15638596339       5.834901072170866E-002 -3.819683447909284E-003
   3037.06556874444       5.796929080283111E-002 -4.289914790436443E-003
   114386.725221430       5.745480038252623E-002 -2.845471256200361E-003
   116738.340534521       5.795547059963027E-002 -2.506636036992070E-003
   65752.9993811138       5.845706362174830E-002 -2.168610817622592E-003
   22682.9335697048       5.895788710989810E-002 -1.829430526204177E-003
   42286.4782690177       5.849195438754331E-002 -1.353512643817107E-003
   18919.9706349628       5.802529716916505E-002 -8.784932116697380E-004
   28496.1234028951       5.755973802712811E-002 -4.026733891780701E-004
   6951.65466954100       6.268994566883854E-002  5.107541875255610E-004
   19360.8323267670       6.315208231254617E-002  7.169714918880878E-005
   11837.8326166906       6.361493476178202E-002 -3.665077567495932E-004
   40042.1317718468       6.407770739612832E-002 -8.056175189305739E-004
   31309.6197940372       6.454051807827693E-002 -1.244583415949991E-003
   31052.0069019540       6.501249303612952E-002 -8.471121754238524E-004
   14723.9656528194       6.548447463634646E-002 -4.495905027223758E-004
   4617.85477332832       6.595744582875084E-002 -5.307888449955587E-005
   22929.7249577091       6.642953514660567E-002  3.444752544551990E-004
   29787.7563704296       6.708155607055841E-002 -3.681948803768093E-004
   33736.3222665959       6.664394450109115E-002 -8.031784443098882E-004
   13876.0362305118       6.620729723436551E-002 -1.239301677387659E-003
   2866.87956266998       6.576965949890083E-002 -1.674413743221974E-003
   21374.4147801484       6.533194546486540E-002 -2.109508043297560E-003
   2769.37372371260       6.573025737400306E-002 -2.562730824853765E-003
   2912.27438959237       6.612842271111580E-002 -3.016016985955260E-003
   30115.4678083549       6.652555375058519E-002 -3.469224952188241E-003
   20104.8791296875       6.692362570360187E-002 -3.922464926771826E-003
   10829.9859677770       6.613053467245467E-002 -4.647781492489132E-003
   662.692745045929       6.571459938839684E-002 -4.210752357032039E-003
   27885.5038321613       6.529871241381249E-002 -3.774713050178510E-003
   31021.0538431026       6.488285537108579E-002 -3.337754994985767E-003
   51899.0825668857       6.446701531704960E-002 -2.900835157349867E-003
   96419.4211308937       6.385941484901432E-002 -3.292315212021920E-003
   101765.064001023       6.325307268846435E-002 -3.684169908669431E-003
   82124.1780604631       6.264614098804940E-002 -4.075510919883120E-003
   18512.6605625980       6.203906528555048E-002 -4.468443313175689E-003
   1703.09543382369       6.234651674932749E-002 -3.749655295550952E-003
   57629.5575584130       6.278842224761996E-002 -3.177719653153811E-003
   62356.3203846380       6.323177230199274E-002 -2.607204858083662E-003
   40765.1654398900       6.367548668869198E-002 -2.035982272983936E-003
   7644.90716423567       6.327934220787450E-002 -1.535723593648350E-003
   22762.9778810343       6.288330385898529E-002 -1.035464232624106E-003
   34075.2196443939       6.248831414434839E-002 -5.353454383360721E-004
   7764.41541914013       6.779418720527923E-002  2.836611303449746E-004
   4798.81318928817       6.822511453089850E-002 -2.460594668846922E-004
   12553.1247190674       6.865693791255738E-002 -7.758891965498620E-004
   15042.8883214942       6.908774595382457E-002 -1.305678630122216E-003
   2299.54023544256       6.951856373111839E-002 -1.835427423021944E-003
   22481.8186545703       6.997909058932968E-002 -1.345558052603715E-003
   1172.42062614271       7.043965903139272E-002 -8.558322373832280E-004
   4743.00294950039       7.090021262733562E-002 -3.661548279645334E-004
   12292.3428627698       7.136069931959667E-002  1.235444961880231E-004
   9103.23562356913       7.207429277685987E-002 -6.574011994810833E-004
   1386.28404695076       7.154503871434391E-002 -1.071957690873582E-003
   6897.94748136372       7.101579877005038E-002 -1.486480115434214E-003
   28214.8201550509       7.048660630315146E-002 -1.900977207188841E-003
   1851.29456916376       6.995756344749403E-002 -2.315527180519281E-003
   14091.0690560915       7.044469075099136E-002 -2.840724259658637E-003
   16149.0871749058       7.093176764888411E-002 -3.365982582271946E-003
   20175.8067422702       7.141882514782902E-002 -3.891293700999415E-003
   11338.9438334101       7.190586646773200E-002 -4.415685631590264E-003
   5691.63006756189       7.139538681235233E-002 -4.882238835685457E-003
   12441.6671597336       7.091679164515073E-002 -4.350291053334157E-003
   7712.90671417820       7.043709604393843E-002 -3.818358242153454E-003
   14842.5469641082       6.995733084961313E-002 -3.286464000951945E-003
   37789.0826711644       6.947757621855621E-002 -2.754512361310469E-003
   27211.6964732824       6.902051532288483E-002 -3.244660369581836E-003
   4869.96194256888       6.856345036878390E-002 -3.734948441888764E-003
   2999.83647650447       6.810631387761458E-002 -4.225250629198670E-003
   991.915676389229       6.764904769594904E-002 -4.715486242864121E-003
   31394.6598158424       6.745231959938858E-002 -3.510561981610481E-003
   24674.9620041508       6.798099468609310E-002 -3.098585654399760E-003
   5759.64045041019       6.850968229492128E-002 -2.686533221620601E-003
   27149.1348788051       6.903848427175861E-002 -2.274478619085755E-003
   3394.16941759953       6.854924479679522E-002 -1.798119120782767E-003
   1936.38322958057       6.805999842611460E-002 -1.321791054894382E-003
   11011.3404669311       6.757078533230651E-002 -8.445055096816894E-004
   21457.7812939123       7.285511166215951E-002  5.615835985426157E-005
   28506.8384632741       7.326862104572909E-002 -4.988438404498383E-004
   5081.01270331742       7.368223496391643E-002 -1.053793338493534E-003
   23737.5961881883       7.409595631327542E-002 -1.609695160651855E-003
   20538.1889653636       7.450981162971583E-002 -2.164671831461734E-003
   38249.2632622891       7.501565823741209E-002 -1.650890883289579E-003
   2914.78583334038       7.552058633206279E-002 -1.136312808687929E-003
   25390.7202075165       7.602634324447656E-002 -6.227890538463916E-004
   21397.1366592735       7.653090712053624E-002 -1.091086819613057E-004
   19780.0843622513       7.707858005823212E-002 -7.082703305039564E-004
   38340.8193986842       7.652135087642500E-002 -1.164724089182836E-003
   17651.8359292250       7.596397814648016E-002 -1.621962940635101E-003
   19667.2143976019       7.540566959856587E-002 -2.078031810411857E-003
   5750.52371120876       7.484857915442122E-002 -2.535216270924274E-003
   21966.0642196382       7.536666174011740E-002 -2.950585638271000E-003
   41131.8867498981       7.588579220205262E-002 -3.366102715039023E-003
   55304.2675118614       7.640385973715350E-002 -3.781702091152568E-003
   28570.4348917035       7.692184196450851E-002 -4.198360452459341E-003
   4232.60469508554       7.594994592091832E-002 -5.086675541805821E-003
   26005.4647112244       7.558143402039123E-002 -4.533664354062840E-003
   9350.95958567318       7.521376288391272E-002 -3.980788631020506E-003
   19083.4714419522       7.484601621187099E-002 -3.426949159932433E-003
   8456.28200171557       7.447812385818253E-002 -2.874026966187490E-003
   30158.4776707661       7.395146450331189E-002 -3.386944071085763E-003
   3816.86425187061       7.342469677396696E-002 -3.900703979333669E-003
   1068.15986934661       7.289799169276692E-002 -4.413411609577471E-003
   3722.57286390412       7.237237890838188E-002 -4.926205637270978E-003
   10481.3815868628       7.246400320875196E-002 -3.938336430284921E-003
   4479.73896606035       7.302220183799138E-002 -3.460059003763226E-003
   17825.8554046716       7.358135688477602E-002 -2.981851006831356E-003
   643.991800097456       7.413933349416578E-002 -2.503498138577765E-003
   20892.9559930774       7.362331775341814E-002 -2.042142276434393E-003
   40820.5723074675       7.310622654882712E-002 -1.580671999273897E-003
   55100.2142582033       7.259019465324179E-002 -1.119123085095855E-003
   12279.5229367094       7.767769208397186E-002 -1.605206498131646E-004
   10393.3866822120       7.813643521666803E-002 -6.684115213906969E-004
   8187.91166918822       7.859629982312143E-002 -1.176322396012656E-003
   23593.8932918745       7.905520563790337E-002 -1.684239865345248E-003
   19725.8301166483       7.951505575325832E-002 -2.192346498226294E-003
   16234.2524806731       8.004346713939324E-002 -1.728589124638263E-003
   4338.20132625377       8.057186533261070E-002 -1.264859856682410E-003
   5307.50517506112       8.110021055693471E-002 -8.011233103117684E-004
   11930.7232984783       8.162844366297778E-002 -3.373206644727714E-004
   22788.5808255274       8.207892982293948E-002 -8.298850329034732E-004
   28443.6228645028       8.156966024958801E-002 -1.314672522538498E-003
   17614.1236988015       8.106033792655121E-002 -1.799342224199113E-003
   5820.23511408441       8.055101103045766E-002 -2.283954168962036E-003
   17172.3745561574       8.004172816560939E-002 -2.768564655305050E-003
   8359.77817181997       8.050323931620922E-002 -3.347686003554207E-003
   9695.98055594239       8.096499036082941E-002 -3.926665397778871E-003
   34828.7221690833       8.142689618555383E-002 -4.505609098963155E-003
   19879.5076702719       8.188876675093265E-002 -5.085733231132898E-003
   8683.06156555668       8.161009146569392E-002 -5.340543917855090E-003
   2088.59970131763       8.107328338387058E-002 -4.829319771910139E-003
   32755.2564853803       8.053727104599574E-002 -4.318143876502480E-003
   32716.1367124430       8.000133283366188E-002 -3.806801338788236E-003
   38733.2625319948       7.946551249560174E-002 -3.295303044739193E-003
   34829.5245740502       7.905181436841491E-002 -3.764168477582517E-003
   3988.87323740371       7.863814097608207E-002 -4.232924616706400E-003
   2792.91027235887       7.822451803765627E-002 -4.701649567797370E-003
   1485.58689244981       7.781002422385198E-002 -5.170395077666307E-003
   28539.5832678225       7.742618744716548E-002 -3.827726378759437E-003
   25443.8832699554       7.793046897482492E-002 -3.458117548184153E-003
   1288.53682557289       7.843473685624228E-002 -3.088581646269557E-003
   23834.2679054541       7.893888908910181E-002 -2.719047621049036E-003
   12212.4981730782       7.847394645610653E-002 -2.215883892790847E-003
   4559.96475020803       7.800883414785165E-002 -1.713744908362509E-003
   23082.6973034616       7.754371426004555E-002 -1.210564435610913E-003
   1676.83162588749       8.257149548841107E-002 -3.793249514326595E-004
   4481.22103833621       8.306156011686663E-002 -7.704625615053712E-004
   3725.34623334696       8.355172578573920E-002 -1.160602338067359E-003
   3093.30816765563       8.404184419486070E-002 -1.551767981886275E-003
   6911.29813346117       8.453193027191530E-002 -1.942986002422453E-003
   1377.10915321038       8.509080581607083E-002 -1.598506493539254E-003
   78.1674624415769       8.564968175079020E-002 -1.254028098006691E-003
   261.565065691624       8.620850532355619E-002 -9.105377214954041E-004
   1654.32587123416       8.676835660724602E-002 -5.660733096996486E-004
   6760.93722238506       8.708051769089999E-002 -9.072664277758494E-004
   5179.70282075989       8.668769305682675E-002 -1.434353024824098E-003
   3619.41438733117       8.629589997782437E-002 -1.960465580694919E-003
   3735.17119742044       8.590310273406834E-002 -2.486524172115055E-003
   10808.2492632154       8.551029501203126E-002 -3.012571285077432E-003
   1994.66050861728       8.585708967967423E-002 -3.518487844992572E-003
   9115.49460377797       8.620390935328059E-002 -4.025358368259863E-003
   725.933078773571       8.654979570361934E-002 -4.531180091435064E-003
   2884.10397454008       8.689667708659808E-002 -5.038035222531810E-003
   7509.19775745668       8.633535268414785E-002 -5.551667256100656E-003
   8725.21622953372       8.586118182643898E-002 -5.161261743554394E-003
   15289.8402019889       8.538796257197905E-002 -4.771875720145694E-003
   9877.15138395368       8.491381510489315E-002 -4.381404176990246E-003
   22515.5287324718       8.444065512197904E-002 -3.990985683965046E-003
   34179.6703630237       8.386667009809966E-002 -4.334762314879843E-003
   32860.3476056283       8.329263186490592E-002 -4.678458923955568E-003
   31578.3759206847       8.271857647020557E-002 -5.021040148188723E-003
   12039.4108968800       8.214353098762653E-002 -5.364467262756871E-003
   536.554100423815       8.228263052388947E-002 -4.543930653981072E-003
   13663.6557895887       8.267530166935694E-002 -4.003090750001897E-003
   18757.7366967473       8.306886856697812E-002 -3.462238407856494E-003
   17480.9232246962       8.346235828015755E-002 -2.921325812451915E-003
   4099.23202699382       8.311627111801802E-002 -2.398462260129432E-003
   3252.07184240586       8.277018574144310E-002 -1.875591309933056E-003
   886.236924217375       8.242507384404794E-002 -1.352764283456441E-003
   2489.34597919838       8.742171841877586E-002 -5.950938460767127E-004
   2285.87709325634       8.793929106669089E-002 -1.201666233544082E-003
   3635.23050259502       8.845586381228075E-002 -1.808195358481734E-003
   3956.93230997998       8.897242827395173E-002 -2.414725194453968E-003
   1072.20969017935       8.948899709495101E-002 -3.021242787525266E-003
   781.183331717959       8.983950569663872E-002 -2.453205356098193E-003
   2906.97061309325       9.018903341003033E-002 -1.885119686502468E-003
   4561.14377879397       9.053957401916723E-002 -1.317090917038798E-003
   1481.34306332518       9.089011233973758E-002 -7.490625814876293E-004
   2163.54958605366       9.203666477980628E-002 -2.002163964554988E-003
   3001.95714839399       9.143982422239430E-002 -2.300976834641938E-003
   1562.88049125837       9.084299515154955E-002 -2.599808960707072E-003
   1713.17869431766       9.024621539064301E-002 -2.897655753965624E-003
   788.646028259170       8.964937608136629E-002 -3.196529054059856E-003
   2819.50182128339       9.021254219879514E-002 -3.655961046594791E-003
   1997.45947452605       9.077576656430567E-002 -4.114383702922201E-003
   683.792169927840       9.133894873574284E-002 -4.573803257331545E-003
   478.484557410890       9.190217820849654E-002 -5.032221371040293E-003
   205.090417631315       9.110297399315477E-002 -5.763511431507774E-003
   205.011708862863       9.069624469435951E-002 -5.161887912085788E-003
   997.651581821081       9.028851845276593E-002 -4.560218587730674E-003
   2478.73528333515       8.988179692748022E-002 -3.958588570664412E-003
   9771.06768109957       8.947408080876994E-002 -3.356913814085628E-003
   6442.20307877895       8.895857241274521E-002 -3.917549482172485E-003
   1681.93937268561       8.844209208394015E-002 -4.478099908341623E-003
   3324.90357471860       8.792666786722503E-002 -5.038729894267159E-003
   443.374586019441       8.741029622031966E-002 -5.599357297291260E-003
   10987.0194819485       8.750091808780806E-002 -4.573364283012573E-003
   11168.1006365007       8.810515348873578E-002 -4.109741579055629E-003
   6633.39758381623       8.870946896818854E-002 -3.645175702536501E-003
   2263.02128182072       8.931370674561444E-002 -3.181622889050841E-003
   3359.43203317635       8.875539532464295E-002 -2.613284025211536E-003
   2821.29543309369       8.819709339232069E-002 -2.044938680634197E-003
   6185.13282665448       8.763878917572701E-002 -1.476594630487059E-003
   154.112660694343       9.328975660199845E-002 -8.556147583603010E-004
   116.782622860405       9.359811137951303E-002 -1.237668756805996E-003
   788.486507596483       9.390646940307282E-002 -1.619719964052475E-003
   228.773126444844       9.421378354331865E-002 -2.002726120337349E-003
   393.957849512720       9.452214414590690E-002 -2.384774503471592E-003
   367.424648927502       9.504196896251800E-002 -2.039486456697583E-003
   537.140446640447       9.556283845660586E-002 -1.693245890621258E-003
   173.809164800624       9.608266488789546E-002 -1.347961124260615E-003
   26.3098647721269       9.660249145412765E-002 -1.002678042395439E-003
   138.071692065832       9.706359335933970E-002 -1.506624967875616E-003
   38.2861629686224       9.667360141294820E-002 -1.993806616797789E-003
   316.648604404874       9.628361051245574E-002 -2.480987928573959E-003
   252.602437040749       9.589257786053053E-002 -2.969124836635121E-003
   188.942353023333       9.550258892966960E-002 -3.456307210775106E-003
   427.565946074955       9.584668192983653E-002 -4.003102327507398E-003
   124.917113541809       9.619172724772523E-002 -4.550942396914968E-003
   37.8563855394440       9.653581847414083E-002 -5.097738729557492E-003
   12.9991202690918       9.687990955819259E-002 -5.644535148860510E-003
   9.15942391474013       9.648864929744393E-002 -6.002537095665766E-003
   25.6370599928575       9.597449036861409E-002 -5.611352236307584E-003
   84.6457854942449       9.546033153871761E-002 -5.220167242823700E-003
   289.389473839279       9.494521761094925E-002 -4.827939433426604E-003
   872.509574227736       9.443106014933819E-002 -4.436752780898888E-003
   1015.36048329128       9.398117192449651E-002 -4.785144779078345E-003
   1093.90951731698       9.353224049071375E-002 -5.134583823448445E-003
   898.319598098105       9.308235488560808E-002 -5.482981355577309E-003
   318.229175027654       9.263346772109145E-002 -5.831424398844600E-003
   200.983313880689       9.228901078471621E-002 -4.615958969962874E-003
   478.206117602905       9.267588982500588E-002 -4.198698241395309E-003
   536.655115649454       9.306372575510075E-002 -3.782481801746200E-003
   1451.40838876640       9.345060782157352E-002 -3.365222055519575E-003
   653.449622036366       9.309738330978248E-002 -3.024218247082280E-003
   999.873950097986       9.274311405337525E-002 -2.684170451551585E-003
   504.036877609994       9.238989020748965E-002 -2.343166255116098E-003
   98581.5179193466      -1.653603937533453E-003  7.500929995390412E-003
   66008.9385076403      -1.241382228744666E-003  7.015694047884395E-003
   11321.2653275914      -8.299431478172058E-004  6.529093460360192E-003
   408365.891386994      -4.180728745522605E-004  6.043538804270377E-003
   280568.902237712      -8.229935185985623E-006  5.557644120629225E-003
   648655.554680544       4.554142560446117E-004  6.039785472237303E-003
   316340.218910473       9.180637041373373E-004  6.523296945128333E-003
   201905.328471418       1.382523514878457E-003  7.008225654365435E-003
   94575.6506381519       1.848024509973260E-003  7.491320169757208E-003
   788726.436644981       2.487238461789119E-003  6.846728141638804E-003
   674638.215183284       2.004251956856437E-003  6.385155019464131E-003
   546464.153604757       1.520604089611182E-003  5.921304149421967E-003
   259976.964438918       1.037747903659598E-003  5.457488897076514E-003
   129473.014117318       5.534628289536686E-004  4.992835610208014E-003
   16004.3930391113       1.034878481131820E-003  4.482900937343799E-003
   55642.2015102283       1.512525626163364E-003  3.970130489198511E-003
   749710.019199517       1.989802246197776E-003  3.458880846719562E-003
   754093.305522233       2.465936584853301E-003  2.948563867067942E-003
   59515.5947167472       1.482967266788094E-003  2.965262537997145E-003
   520849.630248587       9.854100869101142E-004  3.457246729398540E-003
   641716.625642022       4.868201549028681E-004  3.946372849069909E-003
   739384.134488371      -1.169644753649686E-005  4.433140821959013E-003
   991797.434463507      -5.166340881904391E-004  3.950867558654624E-003
   603503.873158335      -1.021070228326136E-003  3.467294807820056E-003
   99261.9213152298      -1.524750167112528E-003  2.981699173969884E-003
   130481.843395078      -2.503869706162043E-003  2.971505455840864E-003
   849470.073850596      -2.022027410995772E-003  3.476662393133242E-003
   384672.874412372      -1.539815489407020E-003  3.983183918307634E-003
   12479.8434132728      -1.057567107780179E-003  4.490900806549545E-003
   408583.081548663      -5.726936011418868E-004  4.997359388659053E-003
   123237.714337485      -1.055133956628267E-003  5.411886912733776E-003
   409196.410155522      -1.536615701886095E-003  5.827596389144186E-003
   439872.380085651      -2.019475360518743E-003  6.241515695220936E-003
   524421.841914320      -2.501779258427469E-003  6.654631420235349E-003
   224296.029589697       3.132371520921379E-003  7.483790934526298E-003
   163709.522608109       3.593816047102928E-003  6.968486409612156E-003
   314919.809529486       4.052857412379450E-003  6.451166501105561E-003
   551497.420421961       4.509469753774122E-003  5.933914428751646E-003
   426407.762319955       4.965796406536516E-003  5.417043120015697E-003
   947395.948805263       5.417183577109849E-003  5.922148480463326E-003
   360315.760678855       5.869393037532394E-003  6.431582268036444E-003
   34700.4332382919       6.323070951834526E-003  6.941418665945884E-003
   438041.900873118       6.781108176717019E-003  7.449248321373785E-003
   1334024.59586722       7.460328258224244E-003  6.755284048461062E-003
   1245958.72950708       6.950856017486735E-003  6.308100669284366E-003
   987174.544111855       6.442584054289129E-003  5.858036303950021E-003
   495838.236118046       5.934098999251154E-003  5.404572863292640E-003
   644897.489365621       5.422440559616976E-003  4.951942752497855E-003
   240943.913627980       5.925246799568488E-003  4.467591554344313E-003
   263595.024197059       6.421731266362586E-003  3.981953644109166E-003
   1085564.46940514       6.917520583727758E-003  3.499238636017097E-003
   712981.775963252       7.415071453115656E-003  3.021080176234273E-003
   709185.023803835       6.323901814001739E-003  2.933154589984478E-003
   72705.9059595038       5.866766355422946E-003  3.457665270151346E-003
   722225.557937380       5.412035216321528E-003  3.980889759083821E-003
   1039449.38657203       4.956784071502377E-003  4.499301856905602E-003
   1520355.37195654       4.453672024835071E-003  3.994705081784395E-003
   817484.864477881       3.951075879704759E-003  3.486139623657608E-003
   228777.275556162       3.448485278138883E-003  2.975897116535499E-003
   1289168.67758948       2.973825125632737E-003  3.449966834639174E-003
   747734.606148285       3.480358236965308E-003  3.954278588233678E-003
   115864.118214552       3.988385664684236E-003  4.460564931538620E-003
   240926.395480450       4.501288829309638E-003  4.963660429144907E-003
   247292.275682993       3.996613180940233E-003  5.436363782618088E-003
   436356.019161999       3.494256485527958E-003  5.908206441327400E-003
   402737.681002658       2.991130387246289E-003  6.378819977818415E-003
   372757.035096156       8.156016576814662E-003  7.430801606626505E-003
   230584.634022593       8.602962668145673E-003  6.952911532318179E-003
   39962.0809369604       9.045104730322544E-003  6.472339169329085E-003
   653101.966182906       9.486638185507611E-003  5.993929997649575E-003
   650039.805274064       9.927661819672024E-003  5.518174771878321E-003
   749036.501913837       1.043882863270828E-002  5.978778698613071E-003
   340851.973535325       1.094912602989698E-002  6.441211679798590E-003
   117910.658168033       1.146150532955467E-002  6.905917055379247E-003
   396869.599880064       1.197723267979988E-002  7.368259598785388E-003
   815814.833354051       1.243534990568610E-002  6.892766406907370E-003
   867846.272849993       1.196490360772639E-002  6.392983903639509E-003
   322304.476348967       1.149432636934141E-002  5.888222998204291E-003
   132219.680324203       1.102345878642635E-002  5.383246997725879E-003
   755990.887577087       1.054884719571860E-002  4.879085873514342E-003
   290172.250245556       1.100839304883260E-002  4.355528015411278E-003
   17983.9527593714       1.146126364710597E-002  3.828578780839036E-003
   1151457.33870537       1.191282340534664E-002  3.303820387446054E-003
   725047.009108687       1.236392125834172E-002  2.783983821141953E-003
   458482.834557219       1.139968956774729E-002  2.819041855786186E-003
   562111.183562501       1.090329845420797E-002  3.303199239524968E-003
   910879.493589175       1.040639511852789E-002  3.783389819406735E-003
   1134893.25265093       9.909165991900863E-003  4.260743133770697E-003
   1359006.76275603       9.440288655036717E-003  3.798343881378752E-003
   577287.496358513       8.972643199010470E-003  3.331676661331909E-003
   528793.225287236       8.502986958106331E-003  2.861926643492743E-003
   1416097.81525290       7.880997913854611E-003  3.485726964619911E-003
   379773.273100613       8.346634442618749E-003  3.955933211826507E-003
   425792.879470341       8.813635171726722E-003  4.427800103045219E-003
   868805.231320975       9.286775146627242E-003  4.898510709372812E-003
   252001.307092798       8.827045115192441E-003  5.364253741584672E-003
   367379.745027824       8.371281157190947E-003  5.830844214110084E-003
   742048.907609864       7.915372956714397E-003  6.294360436231860E-003
   346267.623502059       1.291214392550563E-002  7.348751099043874E-003
   171429.683591733       1.341039488158020E-002  6.922881367179902E-003
   416131.442320610       1.390675196008129E-002  6.496276044957451E-003
   848547.830400388       1.440239510517973E-002  6.072749409439705E-003
   600319.911473136       1.489861778970919E-002  5.649887133970292E-003
   1009707.33320353       1.539839578315845E-002  6.051238302558969E-003
   816394.476273753       1.589807067277768E-002  6.454141849538740E-003
   342573.523892524       1.639708051613996E-002  6.859657786516888E-003
   241875.851257585       1.689882737940084E-002  7.264311614356945E-003
   1079175.98760154       1.740767134692048E-002  6.735044596967997E-003
   895012.497581980       1.699226352629386E-002  6.248276589763309E-003
   261598.449151117       1.657524120393812E-002  5.758810494710965E-003
   79649.0535487592       1.615731631627625E-002  5.267952264011923E-003
   587530.631507887       1.573642547955166E-002  4.778620032016038E-003
   220378.706663059       1.613855150997631E-002  4.288279620743405E-003
   34208.2753094606       1.653544630894751E-002  3.796204414285447E-003
   835460.773418423       1.693139586953090E-002  3.303847759275996E-003
   745049.037696861       1.732564619847103E-002  2.815353059133710E-003
   23730.6377966421       1.625743863214547E-002  2.670272305653469E-003
   739427.496279497       1.579257132962602E-002  3.097893146784424E-003
   971132.069591994       1.532878532565292E-002  3.521936651115924E-003
   1122184.74143057       1.486487008727270E-002  3.945072470065391E-003
   1707783.22047347       1.435145789134426E-002  3.543253728204388E-003
   1310368.09405577       1.383855935442097E-002  3.139543747783472E-003
   746017.994681418       1.332745238501901E-002  2.731595992445173E-003
   899315.020664651       1.277512641602016E-002  3.290007057280687E-003
   71966.7689084912       1.318927390043694E-002  3.798901039789869E-003
   468115.842288693       1.360568796853930E-002  4.308390696389267E-003
   283295.200642613       1.402717721244121E-002  4.814709873154834E-003
   432845.524375465       1.362565173054332E-002  5.333668798256345E-003
   13326.7942703685       1.322780900143107E-002  5.853856739600971E-003
   398287.217368111       1.283060002223660E-002  6.374794489826860E-003
   154718.977906806       1.793670731540526E-002  7.240886049660721E-003
   217998.140955209       1.842033165974715E-002  6.697994715605893E-003
   188418.234940633       1.889958109149516E-002  6.152585210147549E-003
   506236.860960390       1.937844345583383E-002  5.607245047697494E-003
   389407.485212815       1.985608739854998E-002  5.064529041990090E-003
   516134.626123284       2.032769632606668E-002  5.580966065664332E-003
   148657.533934950       2.079938271297996E-002  6.099198725783408E-003
   217804.592024639       2.127359525080077E-002  6.616984103284702E-003
   18604.0719886294       2.174929474043414E-002  7.133210109655350E-003
   910880.735014767       2.238646834833332E-002  6.455779114167806E-003
   709703.474665929       2.184566266392736E-002  6.012492038184366E-003
   821802.391767672       2.130560281259331E-002  5.567185755257713E-003
   635759.324036217       2.076642476783755E-002  5.121259523304686E-003
   303117.499658981       2.022768886124749E-002  4.673770799142678E-003
   164445.084048640       2.074135990559766E-002  4.150944177329159E-003
   177976.173460864       2.124971065183104E-002  3.625616185403850E-003
   849084.540729796       2.175731739498261E-002  3.102096068264727E-003
   471576.233763128       2.226663747862633E-002  2.582254533634704E-003
   313607.258526800       2.127842116377544E-002  2.659402063560415E-003
   317582.038990171       2.079764052638214E-002  3.210493051414327E-003
   560827.865274674       2.031815867270730E-002  3.760076877078492E-003
   1224667.69436953       1.983713371498687E-002  4.304423063372458E-003
   1378522.77356951       1.935492375613324E-002  3.786357607831649E-003
   362748.263195118       1.887319815783660E-002  3.262669981668573E-003
   43875.1997242037       1.838820504544424E-002  2.738232779949078E-003
   1160693.67912619       1.786066206616092E-002  3.281433335403792E-003
   914819.663261823       1.839400524448440E-002  3.751992351113059E-003
   141206.932553835       1.892756102558769E-002  4.223876830676521E-003
   5772.23662357888       1.946528593606472E-002  4.694177353424383E-003
   99921.6844743129       1.895041081313613E-002  5.205360114905003E-003
   455972.226404853       1.843689769668093E-002  5.717856764903303E-003
   246836.196817815       1.792266288385143E-002  6.227162355629481E-003
   114228.062265042       2.306456438927807E-002  7.091209915044471E-003
   55576.5286829209       2.351036011425706E-002  6.630587848844314E-003
   82494.1544902734       2.395461117979878E-002  6.170082925158901E-003
   392219.127645805       2.439729411018484E-002  5.709373087321016E-003
   351740.464650705       2.484124647131449E-002  5.251092869476857E-003
   409099.140550951       2.531983656645218E-002  5.678528015722899E-003
   187941.368472124       2.579923753923964E-002  6.108208252949809E-003
   55325.3651781139       2.627810488640212E-002  6.537538337166395E-003
   224749.529947735       2.675840906812460E-002  6.967653502270747E-003
   366753.931697882       2.737203537715045E-002  6.311987393515960E-003
   401061.732521072       2.691488929947654E-002  5.860816956134952E-003
   142277.166538861       2.645879525856217E-002  5.408282159484917E-003
   90812.5413712955       2.600102430451619E-002  4.954299089981420E-003
   247372.727120356       2.554305328127740E-002  4.501549025487045E-003
   194236.149128123       2.597286006600612E-002  4.105166743108317E-003
   361046.921541984       2.640208282459871E-002  3.707792864320032E-003
   582340.405995509       2.683020206892085E-002  3.312433123937245E-003
   362236.523605424       2.725972522781311E-002  2.918362028314645E-003
   165190.624373333       2.588385161400532E-002  2.429910084142880E-003
   89035.7831350159       2.551984678343800E-002  2.887137566964698E-003
   338527.722975445       2.515570280973206E-002  3.345000106508309E-003
   585546.896962352       2.479329061905278E-002  3.801152905412877E-003
   906717.620419454       2.427989743993537E-002  3.374511596430949E-003
   553973.500608042       2.376757811094287E-002  2.944200230934494E-003
   91195.9665484336       2.325522467908599E-002  2.512886639832800E-003
   573179.740030047       2.272111387021195E-002  3.072673833353046E-003
   39839.2728997410       2.317508606824256E-002  3.565534550773112E-003
   352717.924754115       2.363204610626560E-002  4.058427915458577E-003
   343606.704905769       2.409090120304715E-002  4.549941551409024E-003
   91778.7838866247       2.366405828977957E-002  5.027581683213825E-003
   217328.784500705       2.323746089200517E-002  5.504282111492570E-003
   354353.824706668       2.281233007313440E-002  5.980994568941639E-003
   53077.4583441777       2.802810619771819E-002  6.924359347886050E-003
   115257.973034131       2.848041512555615E-002  6.515612432663372E-003
   175098.525206466       2.893164301047772E-002  6.105835725373712E-003
   284910.378712201       2.938388043257293E-002  5.697639847013842E-003
   237879.223993627       2.983542426070692E-002  5.289335520887647E-003
   208014.370046894       3.029480027770943E-002  5.666959987111689E-003
   83579.6713692992       3.075324413451774E-002  6.043932877926147E-003
   125551.134799811       3.121297088923747E-002  6.422070491854064E-003
   130535.133585958       3.167292926296472E-002  6.798564101353873E-003
   563166.161135725       3.236052978646974E-002  6.060045664787878E-003
   285325.995527843       3.195468584693012E-002  5.628105832956247E-003
   246752.174396873       3.154749832877162E-002  5.194945386565364E-003
   109872.962066455       3.114131030082171E-002  4.762218219364784E-003
   223677.262817427       3.073381311990008E-002  4.328388697211026E-003
   155994.566628603       3.110838862124769E-002  3.766048850975597E-003
   286027.796695500       3.147954457916650E-002  3.202247599865268E-003
   382559.576781462       3.184987451657205E-002  2.636845430700882E-003
   392077.329146346       3.221703523906538E-002  2.073214267784388E-003
   317426.597476895       3.136740433725897E-002  2.193707263439934E-003
   728110.208524887       3.083643955306389E-002  2.608328635308975E-003
   576276.352260154       3.030513632662067E-002  3.019776465094408E-003
   565421.469433011       2.977327014096716E-002  3.431417567320154E-003
   598928.188783821       2.938255237745785E-002  3.050871985531300E-003
   281756.240673275       2.899053096079613E-002  2.670801281651619E-003
   73569.4610449685       2.859913256203898E-002  2.289143658250176E-003
   463251.331780061       2.766227257686744E-002  3.285610275835188E-003
   256113.192130388       2.806596951684470E-002  3.653543312481763E-003
   28848.1650969988       2.846911319769552E-002  4.022957893945020E-003
   125001.589037655       2.887439843755290E-002  4.391074427059319E-003
   108971.732845526       2.849745579271949E-002  4.871187787611968E-003
   21967.9846982310       2.812215867437596E-002  5.352365132478417E-003
   141230.115465814       2.774634132078080E-002  5.832376806344019E-003
   117997.303343938       3.310016487995988E-002  6.746552717264828E-003
   78304.7573526938       3.353080989482094E-002  6.321078966054385E-003
   102645.016753913       3.396098494249542E-002  5.895155101720948E-003
   421503.320389390       3.439001018059600E-002  5.470862604252356E-003
   276793.510356169       3.481963968037342E-002  5.045794302930512E-003
   491076.531948776       3.524499973340015E-002  5.437810671601412E-003
   281989.970312443       3.566923066593700E-002  5.829948096333209E-003
   151595.141417135       3.609485816318443E-002  6.223601270535536E-003
   178240.220881668       3.652171644476913E-002  6.616973835665077E-003
   560035.930752333       3.734223141804220E-002  5.733254246186539E-003
   413272.561843437       3.692111171912795E-002  5.336429272009612E-003
   248203.646412195       3.649958237931020E-002  4.939120055163827E-003
   33902.3530113188       3.607859485767048E-002  4.542312238278083E-003
   206525.346734137       3.565574996099238E-002  4.144497727651250E-003
   101656.855237500       3.604587031871179E-002  3.671271256236168E-003
   91576.5229576305       3.643328558165830E-002  3.197644001349552E-003
   481514.487211742       3.682088898519956E-002  2.723533448513543E-003
   347660.117047669       3.720842285137912E-002  2.251884003268141E-003
   62408.8897128043       3.606816255722646E-002  2.031491783112461E-003
   294177.067422269       3.562922590501649E-002  2.459123283866924E-003
   491215.938268513       3.519158889299261E-002  2.884736399584684E-003
   469869.663856492       3.475396076830920E-002  3.310315829422394E-003
   805352.441773979       3.419332647257959E-002  2.923331265583414E-003
   649247.843046270       3.363351844488113E-002  2.536131972279079E-003
   505465.863873979       3.307349706518143E-002  2.146101429029622E-003
   412061.121650345       3.264004179176662E-002  2.606715738184938E-003
   7660.90969561985       3.306464832170718E-002  3.142920425304275E-003
   243259.618359784       3.349002969876026E-002  3.677685402714641E-003
   1856.66018128235       3.391841540875971E-002  4.211139731494794E-003
   72676.3519790971       3.352768421451758E-002  4.674092933866525E-003
   211902.751401564       3.313908324486532E-002  5.136336068474477E-003
   313632.184076973       3.274966918205481E-002  5.598972384449098E-003
   154820.130733448       3.822696302331116E-002  6.552231289424513E-003
   48953.9083426552       3.862217929755390E-002  6.100263417458139E-003
   61058.2521145016       3.901571756278168E-002  5.647755465099082E-003
   365343.263690711       3.940767188419064E-002  5.195736298010761E-003
   311642.411692423       3.980038945320693E-002  4.743607536428748E-003
   470283.658182092       4.031035396333713E-002  5.159971982692973E-003
   258320.478798112       4.082108422607651E-002  5.576197056836839E-003
   97257.2973184868       4.133103969342006E-002  5.993172646233269E-003
   134909.385506637       4.184345711887651E-002  6.409852478175011E-003
   442668.129871197       4.234055843478568E-002  5.871810327642439E-003
   385989.215664254       4.188868032057018E-002  5.393282870567835E-003
   158451.206371663       4.143671682210912E-002  4.914485244256524E-003
   70455.2098870986       4.098406710127035E-002  4.434334988968117E-003
   188468.730143186       4.052921880374556E-002  3.955708069148512E-003
   81003.8974254833       4.094476972659833E-002  3.428485249599402E-003
   64518.5001238446       4.135748221831358E-002  2.901391956130870E-003
   419169.871104823       4.176919118931766E-002  2.373432534430893E-003
   337813.207020180       4.218023962179156E-002  1.846303962655015E-003
   17652.7977523584       4.120651509566146E-002  1.858820133937300E-003
   389584.737734194       4.071802887468584E-002  2.316028380674452E-003
   418606.815964079       4.023019489445642E-002  2.771925353300011E-003
   443545.077742684       3.974097300649605E-002  3.227885475225318E-003
   563992.059167527       3.927075377005766E-002  2.809693221158374E-003
   266374.575784916       3.880078513524441E-002  2.391101945943584E-003
   53663.3562861859       3.832945129907773E-002  1.971659584487763E-003
   392712.093920792       3.765799864820336E-002  2.691602069158932E-003
   141366.714372733       3.810787604427665E-002  3.133419673962314E-003
   154341.594900089       3.855851470136096E-002  3.574688712894219E-003
   176241.441758695       3.901171695501478E-002  4.015448748120650E-003
   17731.7417519538       3.859274807863831E-002  4.445932099442923E-003
   294739.545155185       3.817571624509973E-002  4.875183912894782E-003
   431070.949284197       3.775890185499549E-002  5.304573350549397E-003
   64826.5780650305       4.287894039939318E-002  6.367690964847242E-003
   88909.7423134901       4.335723015052884E-002  5.924308048469233E-003
   122687.304305967       4.383304947221857E-002  5.480765020387979E-003
   278930.644273639       4.430982797510507E-002  5.037870736717267E-003
   215405.273321943       4.478593089286115E-002  4.595874754853954E-003
   215774.449604973       4.522702188964316E-002  5.000068188257446E-003
   113319.384158617       4.566714132520407E-002  5.404841634090810E-003
   37502.8862382090       4.610864552249055E-002  5.809720806470078E-003
   115911.823445264       4.655072652124945E-002  6.214535352819470E-003
   236736.246785219       4.731779173738158E-002  5.380715882177984E-003
   314720.040440138       4.687951620287457E-002  4.973801622678495E-003
   170454.447057786       4.644135715865827E-002  4.566179605011171E-003
   59636.4829141664       4.600300163372605E-002  4.159246313773844E-003
   172746.738966386       4.556419858852927E-002  3.751206166451040E-003
   31590.1981896007       4.596782734913930E-002  3.294016906440099E-003
   98823.9051250596       4.637003661685004E-002  2.835444823603041E-003
   338314.986811601       4.677192472103438E-002  2.378371019481064E-003
   219839.176679009       4.717382575926087E-002  1.921283428801841E-003
   52180.5882440867       4.597968223630387E-002  1.652016365866415E-003
   176039.111661555       4.555972860429947E-002  2.093270278142044E-003
   287648.371047254       4.513906902438746E-002  2.533959789756838E-003
   430893.184970894       4.471965451217103E-002  2.974110182916635E-003
   616567.741925605       4.419616926608015E-002  2.573000667881511E-003
   399747.967272214       4.367418739016615E-002  2.170485137073769E-003
   115685.638164003       4.315113956334258E-002  1.766797028289114E-003
   453216.772374170       4.261912540623565E-002  2.338316746954646E-003
   80148.7121688880       4.305842670607672E-002  2.832076502808282E-003
   179593.094906116       4.349888265093937E-002  3.324964842004589E-003
   173685.173301023       4.394103241072104E-002  3.818067977511593E-003
   117914.461481220       4.353990624720293E-002  4.331138040186174E-003
   46945.0199545415       4.313967992563510E-002  4.845459110043230E-003
   160399.816654602       4.273992315485024E-002  5.358477148329446E-003
   43699.5322243850       4.815154286461766E-002  6.146555870392598E-003
   51803.4387604570       4.856005601313026E-002  5.741520247102521E-003
   18598.0895544170       4.896787689082892E-002  5.337216918228960E-003
   121499.511649885       4.937463638261848E-002  4.932242214235422E-003
   131402.692169621       4.978238615465937E-002  4.527497215176296E-003
   139402.733965174       5.023805742663711E-002  4.895292835978465E-003
   129967.050874369       5.069366242917717E-002  5.263320548637926E-003
   68778.0188552436       5.114933982909104E-002  5.630397282687095E-003
   5396.97249869143       5.160423719772129E-002  5.998533814982479E-003
   152911.822444695       5.231307699620712E-002  5.226433241020871E-003
   170960.322508688       5.190824530849004E-002  4.804533973074909E-003
   99866.9260527540       5.150438207369935E-002  4.381311841651100E-003
   69309.7291327176       5.109938159196930E-002  3.958058809331416E-003
   102997.828984621       5.069429601204785E-002  3.534728681636971E-003
   27159.4135619412       5.106196183307412E-002  3.063315276482578E-003
   26759.0239904532       5.142867105620449E-002  2.591420286985877E-003
   140001.980290414       5.179418565980710E-002  2.119752518272506E-003
   114645.641314618       5.216052135732196E-002  1.649338899559394E-003
   15679.7892073398       5.101402023647573E-002  1.405303463632426E-003
   152983.795066743       5.057665632269200E-002  1.811082637842649E-003
   137500.658755290       5.013926035171803E-002  2.217383545366993E-003
   298977.318813453       4.970213836944816E-002  2.623725468987672E-003
   371434.280244380       4.924839030287784E-002  2.255580234076134E-003
   256218.476298174       4.879374367885737E-002  1.886942984649593E-003
   178388.454407810       4.834009005956852E-002  1.518800070387571E-003
   201376.463864581       4.757746558604929E-002  2.345198730100768E-003
   85219.6461922709       4.798042206605339E-002  2.768433305168772E-003
   44092.8201628782       4.838482480017436E-002  3.192750141523802E-003
   81664.1623830834       4.878981314436619E-002  3.615862348627492E-003
   56221.7046177645       4.842118957483066E-002  4.057423981988427E-003
   40004.9214383463       4.805284774405155E-002  4.498017160107918E-003
   50289.4334332072       4.768562733027777E-002  4.939320550715635E-003
   8528.30258967853       5.308484504260080E-002  5.934432545677802E-003
   31253.1577175364       5.350577828166714E-002  5.497775815737954E-003
   44570.0759826619       5.392713092989003E-002  5.059800592039108E-003
   30539.9892515531       5.434855112791986E-002  4.622985262038200E-003
   48128.0031963463       5.476991530464202E-002  4.186253846812194E-003
   37206.7110771518       5.515752881258200E-002  4.587723642294780E-003
   50156.9746554537       5.554509953514717E-002  4.989297409996483E-003
   29312.5427608052       5.593277112516565E-002  5.391848321713933E-003
   1298.85919640975       5.632041026637050E-002  5.793421499942920E-003
   72328.5634431438       5.729538684482220E-002  4.730107151127641E-003
   79665.4896684262       5.686189951318468E-002  4.378669019534946E-003
   68551.9474754029       5.642745237119380E-002  4.027211526120483E-003
   80344.3724574001       5.599398169920376E-002  3.675714506603656E-003
   47051.5923778879       5.556057428203737E-002  3.324133182115335E-003
   21642.3472209570       5.595877014657453E-002  2.851334866073427E-003
   20215.3312910865       5.635652678350862E-002  2.379296559961854E-003
   37365.7227789747       5.675519229075855E-002  1.906330141327341E-003
   18255.5061097364       5.715286756057386E-002  1.433626260691821E-003
   32378.0695108021       5.600655032065672E-002  1.220400256971409E-003
   21777.9160532429       5.557030875640133E-002  1.659043849721145E-003
   8818.46304697569       5.513503365479377E-002  2.096457172453810E-003
   150273.968606984       5.469894894207424E-002  2.533982654119088E-003
   172410.601738778       5.422699122784858E-002  2.136033582134186E-003
   126492.968837010       5.375511928242795E-002  1.737714926071027E-003
   60682.0657760748       5.328308608196746E-002  1.338223832248424E-003
   164116.685305945       5.259690969524159E-002  2.084932093286664E-003
   85692.1299293323       5.303439324917546E-002  2.521805128246797E-003
   25999.5649331526       5.347108838072680E-002  2.958831886176154E-003
   40696.6132052869       5.390806235384082E-002  3.395835902493249E-003
   54830.0770520452       5.350936624351495E-002  3.853734923455976E-003
   7408.39145199181       5.311087607029396E-002  4.311688064780092E-003
   31916.9976214469       5.271135945474496E-002  4.769505219327895E-003
   35576.5821578334       5.835832454066511E-002  5.704458033197871E-003
   56191.8915311487       5.871049845095658E-002  5.280028941936308E-003
   29967.2969168057       5.906238387061109E-002  4.855342826070102E-003
   39546.9213067861       5.941432980482156E-002  4.429690238292148E-003
   10208.3759792662       5.976636268748594E-002  4.005032812306013E-003
   65437.4077286745       6.031594666919761E-002  4.390369604117234E-003
   25260.1596483669       6.086565045287660E-002  4.776510638564062E-003
   17345.0817599739       6.141535152135961E-002  5.161389677850516E-003
   42458.5149597537       6.196474498741954E-002  5.546177869790477E-003
   28537.0417337171       6.232015127615868E-002  5.158205709567763E-003
   19017.7431811412       6.188783979016482E-002  4.644839675865019E-003
   28451.4073286463       6.145565791965869E-002  4.131685703690359E-003
   62863.2552996007       6.102267984143854E-002  3.618526435299062E-003
   12192.1900110314       6.059097003437530E-002  3.105138528397997E-003
   24071.3675164197       6.097876311698247E-002  2.605885652075426E-003
   27253.8174813479       6.136738479819581E-002  2.106446717054946E-003
   20577.9648725599       6.175502598241164E-002  1.607034176253237E-003
   9544.08923477238       6.214263897805079E-002  1.108520814362459E-003
   13735.2656413497       6.108245931003090E-002  9.908237937389292E-004
   16120.7576889947       6.061879502771125E-002  1.420428251327476E-003
   19953.9127143982       6.015508918826862E-002  1.850969231772293E-003
   61137.7492854051       5.969144074629289E-002  2.280654602968290E-003
   57707.2958143159       5.921930749851419E-002  1.891796130063970E-003
   44784.4178352724       5.874814990159612E-002  1.501822676533381E-003
   24724.5850401237       5.827602807332055E-002  1.112834894826316E-003
   39187.4342371993       5.758100463619664E-002  1.870499572163134E-003
   16988.6713302087       5.800915965507328E-002  2.307446633059011E-003
   1238.09557183243       5.843833602740626E-002  2.743354223228786E-003
   18763.1425373240       5.886665192578049E-002  3.180266374016357E-003
   8393.98404472422       5.847411312838135E-002  3.567659575233088E-003
   17591.4187320684       5.808049110405102E-002  3.955078995501089E-003
   77867.1353648432       5.768779436828508E-002  4.342416313285585E-003
   33449.2854680882       6.270791461198030E-002  5.513645376707657E-003
   65461.5322514557       6.322177015174814E-002  5.080087365057977E-003
   104673.590061893       6.373565695750935E-002  4.645341415831226E-003
   120184.588264422       6.424945584285331E-002  4.211345085343177E-003
   39399.0969153933       6.476310635315720E-002  3.777153773676169E-003
   85147.5106700420       6.526722979602378E-002  4.165987076754212E-003
   25158.8556872643       6.577134342673631E-002  4.554720395414776E-003
   16975.2860994533       6.627550658446174E-002  4.944252291290758E-003
   52487.2959267854       6.677945843912318E-002  5.332710326187414E-003
   17358.3073393803       6.730995685269309E-002  4.752329458623392E-003
   27834.2118595665       6.687735011358831E-002  4.285346892462278E-003
   16616.9755927554       6.644381339539063E-002  3.818580897077571E-003
   67203.4700234695       6.601141624055654E-002  3.351778682612285E-003
   20049.6452850399       6.557933592813783E-002  2.884782840180042E-003
   15401.2325485208       6.596990635696164E-002  2.413034988935184E-003
   20007.9506560293       6.636034956196503E-002  1.941186037521326E-003
   29508.1475268874       6.675177108867646E-002  1.468295416541938E-003
   27036.7439563651       6.714226638889444E-002  9.964704823573621E-004
   5369.92855542601       6.599426495112397E-002  7.752913394447523E-004
   10958.6202170851       6.555798233364299E-002  1.207113313589091E-003
   33909.3538352454       6.512263183395617E-002  1.637867480386467E-003
   44181.8621125322       6.468738540717489E-002  2.068745792541193E-003
   38149.2834979838       6.418773703369636E-002  1.679540245375299E-003
   41536.4033635208       6.368810536172703E-002  1.290332512986615E-003
   24178.4648116632       6.318845282665683E-002  9.001086506999732E-004
   22341.0140716781       6.257444483112137E-002  1.570859889411392E-003
   6772.52377794701       6.300729011702828E-002  2.034180179402988E-003
   5983.14080901608       6.343917835325473E-002  2.497503924233094E-003
   12317.7798077603       6.387111165059167E-002  2.960792009021576E-003
   36779.3245481308       6.348403381853654E-002  3.510250277983189E-003
   7875.00641670332       6.309665604113614E-002  4.059549635549610E-003
   53036.3063049691       6.270800197390961E-002  4.608814029090989E-003
   27066.0905020211       6.789022181623984E-002  5.282911349820195E-003
   7326.63765358171       6.835150407420114E-002  4.717878076057547E-003
   16181.3551264410       6.881298518113163E-002  4.152936601444300E-003
   51139.3030015537       6.927455994177695E-002  3.586988776254816E-003
   27801.8165559834       6.973613557400442E-002  3.021798755758891E-003
   32587.6079957525       7.022546290273554E-002  3.544178435294925E-003
   20439.9653834226       7.071380921674437E-002  4.067399207861805E-003
   29077.0001678612       7.120295418837784E-002  4.589608532438779E-003
   38629.8750106584       7.169188078602448E-002  5.111967317105423E-003
   24832.9366648748       7.230347034703948E-002  4.442801131343338E-003
   32341.6089774456       7.173894243309381E-002  4.002746654836671E-003
   20987.7299871324       7.117431629534726E-002  3.562890404818257E-003
   26689.1514018219       7.060870770278693E-002  3.124261634135171E-003
   8475.73095174145       7.004431331371559E-002  2.684572367537237E-003
   24409.6804784578       7.056834534605383E-002  2.222901995072117E-003
   55569.6688181522       7.109350136706259E-002  1.761114611484141E-003
   65438.7448480616       7.161758840744289E-002  1.299215130184789E-003
   36759.4649538769       7.214156368111400E-002  8.371668010582149E-004
   18462.6392919625       7.094756964132896E-002  6.865492873544717E-004
   358.619627299536       7.053424706708859E-002  1.249454323268216E-003
   43268.1648641307       7.012079094492857E-002  1.813318435055019E-003
   13181.8382821586       6.970721876206812E-002  2.376363318026294E-003
   22235.6497349618       6.922902887103516E-002  1.853429279819241E-003
   25476.6048109915       6.875088454652915E-002  1.329582396407332E-003
   21672.1453726482       6.827193289993541E-002  8.067213163043181E-004
   28464.7234753505       6.770614242191172E-002  1.425724772287787E-003
   27815.4765728676       6.827014304993445E-002  1.855831732760744E-003
   12647.2199733023       6.883516241342780E-002  2.284707402457464E-003
   8545.80528756645       6.939902722782613E-002  2.713581211041442E-003
   16379.4140799065       6.887713751921219E-002  3.223181856193805E-003
   42414.9722852331       6.835402323219469E-002  3.732784360710635E-003
   58218.1753834539       6.783192528425232E-002  4.242461660596290E-003
   28709.4615783311       7.297248514726312E-002  5.054448669221610E-003
   17607.1210272802       7.341737522644250E-002  4.594306951757081E-003
   24546.9967165419       7.386243254808132E-002  4.135140837226790E-003
   37171.5750464365       7.430650513711723E-002  3.674949890830915E-003
   28505.6027129711       7.475150402923501E-002  3.214528496901397E-003
   20383.1343700841       7.519693306918264E-002  3.634921024339599E-003
   1273.54302828621       7.564233422588716E-002  4.055253455140378E-003
   31579.9072403996       7.608761406234058E-002  4.474579157569049E-003
   38590.5991536994       7.653287629965866E-002  4.894897474569037E-003
   14430.7089186030       7.729244385560914E-002  4.064153957264199E-003
   43182.1964712685       7.683371865257232E-002  3.658225299914801E-003
   15772.7819110814       7.637593407327746E-002  3.252409260825277E-003
   4127.32868649249       7.591717859172696E-002  2.846693473540054E-003
   22516.7124098119       7.545850273191074E-002  2.440987276936217E-003
   13977.8279696136       7.587645726067739E-002  1.939900047505064E-003
   3042.57530333787       7.629459872711176E-002  1.439857142431935E-003
   28836.1248159369       7.671177476419269E-002  9.388329265742554E-004
   19373.3343303304       7.712999636012392E-002  4.386438936727108E-004
   2065.19423641998       7.607002966726489E-002  3.517978782105651E-004
   22403.8604198835       7.560799521806719E-002  8.117646548185622E-004
   38790.3716559613       7.514698806366070E-002  1.272769832393919E-003
   32816.1677845210       7.468502285972121E-002  1.733936115988791E-003
   40321.3044945614       7.422749157663820E-002  1.314094927891278E-003
   13185.7101358583       7.376993772238453E-002  8.944086626803487E-004
   6497.36459490140       7.331247471731875E-002  4.757965358346849E-004
   27110.1982150783       7.260103873145883E-002  1.254825558426458E-003
   5456.63054565409       7.305948602208197E-002  1.672440528005711E-003
   22079.9825187039       7.351886014600548E-002  2.089960007176551E-003
   41570.8366700654       7.397809694299050E-002  2.507503907739249E-003
   12127.8395901826       7.355932671547194E-002  2.991525673019194E-003
   6194.12095619664       7.314039786081278E-002  3.474549484716107E-003
   45639.5870238706       7.272241690516680E-002  3.958566032525704E-003
   3128.14816202764       7.812323139081701E-002  4.823931325273201E-003
   2422.67351559273       7.853139639225989E-002  4.416336591350176E-003
   8179.61521532146       7.893958395866471E-002  4.007777380344348E-003
   14981.4901400194       7.934782078673161E-002  3.600208316615200E-003
   2900.09074863468       7.975596494736018E-002  3.191571045800140E-003
   21841.0133366165       8.024580059820535E-002  3.560124661506178E-003
   9952.14172884240       8.073658931626862E-002  3.927664056873441E-003
   2721.62790789760       8.122642059770688E-002  4.296294238691548E-003
   3646.06911553757       8.171624933578418E-002  4.663941084598743E-003
   7883.66026061633       8.229565109008329E-002  4.030560114011874E-003
   6214.40023958623       8.188606110065505E-002  3.575298949599885E-003
   3123.88582114080       8.147544387732367E-002  3.120055280994516E-003
   13928.5555438390       8.106574707679721E-002  2.663765565224534E-003
   13596.5972400293       8.065503070283854E-002  2.208556390668853E-003
   6463.80959730272       8.102195817950848E-002  1.684650127153538E-003
   9947.09368230976       8.138796626604557E-002  1.160844819608083E-003
   6864.33642651592       8.175497203343561E-002  6.369952431371346E-004
   5891.27010017899       8.212099109043464E-002  1.131932306239021E-004
   2535.15032199874       8.113927260263772E-002  7.385401523533203E-005
   1400.05712062449       8.065015133924694E-002  4.860466880118324E-004
   8476.78765652913       8.016100423001216E-002  8.972716920127083E-004
   27963.2785031505       7.967185863003921E-002  1.309447847512999E-003
   30668.3062450594       7.917280909856830E-002  9.413556319597446E-004
   26302.3115546006       7.867475596336167E-002  5.743279648057534E-004
   9351.92763846704       7.817566428779496E-002  2.064122396106512E-004
   17815.5950285688       7.754029580523007E-002  9.016888076051723E-004
   2863.15976045833       7.795159326480532E-002  1.365628005966331E-003
   11713.9721850128       7.836177067467413E-002  1.828619215689263E-003
   31342.6814537302       7.877293505238876E-002  2.292579307671515E-003
   4742.61313842570       7.840229926751487E-002  2.735470091508083E-003
   8482.14674654481       7.803270347835035E-002  3.178356109485401E-003
   12262.0993929062       7.766209674609820E-002  3.621293720996033E-003
   10222.5061718857       8.292908021201843E-002  4.609957654273045E-003
   151.879267858574       8.338186630662747E-002  4.146280608212581E-003
   12813.1834137082       8.383461039404538E-002  3.682611655380249E-003
   23914.7730453994       8.428834181883943E-002  3.218930666157533E-003
   9813.97749366753       8.474112927474281E-002  2.756336934400925E-003
   20943.6808742200       8.521621706240561E-002  3.177679394661165E-003
   4732.68691169248       8.569135196806187E-002  3.600064555528442E-003
   7161.14527373480       8.616650513930629E-002  4.022484845245164E-003
   13392.3721024869       8.664170918480360E-002  4.444905078274704E-003
   7378.69170836679       8.728705672927765E-002  3.739577707071768E-003
   13816.7889769746       8.682433122575356E-002  3.303668920991793E-003
   1937.24458470810       8.636160685965347E-002  2.867701141909937E-003
   12725.3613086896       8.589885321296384E-002  2.431713344064268E-003
   1160.22302784449       8.543702093058819E-002  1.995711953831283E-003
   7866.96775204938       8.585442535516885E-002  1.433574077980250E-003
   2885.69616404522       8.627283210090179E-002  8.713990486780782E-004
   8471.92693432896       8.669121415450674E-002  3.092226643553833E-004
   7269.51917074812       8.710955283485738E-002 -2.539170515264999E-004
   1266.63182081017       8.624458674341801E-002 -9.930658794575194E-005
   5219.14440922141       8.572185256847784E-002  3.674184114274190E-004
   12159.9973019703       8.519911997343511E-002  8.341323557716461E-004
   8013.38332181577       8.467631111137565E-002  1.299802861808608E-003
   6009.52649206744       8.415015255102089E-002  8.807686856508253E-004
   7836.26826376459       8.362394700526535E-002  4.607313272619439E-004
   3282.40620427833       8.309773643378449E-002  4.069341197613209E-005
   5568.51156929343       8.258610491829006E-002  6.000014693498344E-004
   1914.79262211754       8.305122042329072E-002  1.086807208581787E-003
   2691.99620861783       8.351632984685203E-002  1.573622761150398E-003
   2263.27777235204       8.398043629785641E-002  2.060486928460974E-003
   4500.20454100042       8.355991486992184E-002  2.552729449464032E-003
   6615.41166772785       8.313850568292350E-002  3.046035666469913E-003
   19426.7518083483       8.271708250947610E-002  3.538327912158232E-003
   8121.28128002098       8.799241653576428E-002  4.384886043148479E-003
   3874.47701164534       8.842850533550939E-002  3.927005840098433E-003
   4575.89028318481       8.886450883424564E-002  3.468124570837344E-003
   11221.6430049324       8.930054007564740E-002  3.010259763686046E-003
   7288.61875602799       8.973653412359384E-002  2.551433535489609E-003
   10634.2127093743       9.023450975899656E-002  2.968745084383427E-003
   3829.93675781952       9.073343783771190E-002  3.385035782450159E-003
   4589.68413384189       9.123141869870184E-002  3.802389423267636E-003
   6414.96249062578       9.172937694199862E-002  4.218750725599595E-003
   1063.04236798752       9.228593883051917E-002  3.610444863619019E-003
   7852.30520548913       9.182714851109140E-002  3.151351702857580E-003
   200.378049719400       9.136736205458590E-002  2.692266047942419E-003
   6381.29111827472       9.090851155136484E-002  2.232132351845212E-003
   449.386435286411       9.044866748686073E-002  1.773060275681456E-003
   2410.36676611497       9.087279300966027E-002  1.428874483318766E-003
   5731.12693157779       9.129596450976674E-002  1.085743647400741E-003
   5877.61697069475       9.172009049992172E-002  7.415767886181806E-004
   2815.40019789300       9.214322468990678E-002  3.974670050360045E-004
   2500.12375473758       9.058486914968784E-002 -2.970546928592254E-004
   1610.88133905892       9.027967592211737E-002  1.559525451331812E-004
   1834.26013827985       8.997544846417482E-002  6.079188313448075E-004
   1600.00443013794       8.967027046815867E-002  1.060921087317695E-003
   6419.61411238188       8.910834677336102E-002  6.464663250992106E-004
   5384.63736041629       8.854649464872300E-002  2.329604044092317E-004
   658.268125818604       8.798460690174197E-002 -1.815830714798406E-004
   2228.02697814187       8.757118867406205E-002  2.701507595301643E-004
   4426.35097911883       8.803379721459816E-002  7.932071105725817E-004
   6294.09680329788       8.849544444759253E-002  1.316294033263573E-003
   8665.83213324815       8.895812066233866E-002  1.839316252185158E-003
   2849.74218548729       8.853982243312131E-002  2.314422038700711E-003
   4237.24097519738       8.812255781114350E-002  2.789484632334738E-003
   12745.5390249850       8.770431137928759E-002  3.264574511736412E-003
   1737.45344993873       9.289424252367987E-002  4.166981599609003E-003
   274.996555399123       9.335217256789756E-002  3.682161795898158E-003
   994.108691399018       9.381013511606608E-002  3.198340278879102E-003
   1782.20899451075       9.426905215647485E-002  2.713483342859430E-003
   1549.99474525721       9.472702370804553E-002  2.229687020540504E-003
   333.087865287344       9.518613653361720E-002  2.672756392527514E-003
   1041.50826580360       9.564629730539916E-002  3.116773899212147E-003
   679.529900186831       9.610541596778763E-002  3.559834652327323E-003
   368.863539441865       9.656458008718516E-002  4.003892357265313E-003
   84.7506991767714       9.727386730773586E-002  3.228643579922961E-003
   545.804440926652       9.679083953067101E-002  2.810673454039442E-003
   851.375928116296       9.630881279874270E-002  2.392657405013781E-003
   436.719205065587       9.582574599296040E-002  1.973684143128865E-003
   291.771069050266       9.534372337605579E-002  1.555665044965781E-003
   1290.51761572090       9.578391275199456E-002  1.031627150184561E-003
   46.7228744786132       9.622505614961270E-002  5.065451170143801E-004
   102.580356124548       9.666524747060569E-002 -1.749252325355553E-005
   14.3119902130447       9.710643817254659E-002 -5.415756060891683E-004
   90.0002266900981       9.611956651139122E-002 -5.167827018212213E-004
   114.072662842329       9.563659679614168E-002 -3.188523979035917E-005
   1045.17712516706       9.515267236900314E-002  4.540565635823479E-004
   1622.80133179325       9.466970633307663E-002  9.389601233010269E-004
   586.262365619308       9.432449636396494E-002  4.908321633593114E-004
   292.771347860428       9.398024100874325E-002  4.165167829235390E-005
   385.160450807078       9.363502757433737E-002 -4.064864502373792E-004
   1639.51832593507       9.262117232214234E-002  7.015725106130867E-004
   1923.53130229061       9.309812652407935E-002  1.005717911199236E-003
   1062.61795246752       9.357603586640509E-002  1.308825742997190E-003
   4208.41791526931       9.405299245474517E-002  1.612983824774779E-003
   2092.38986390608       9.361170459731263E-002  2.112076910885820E-003
   983.681884785197       9.316947249109114E-002  2.612216113283824E-003
   230.720099519966       9.272820327058776E-002  3.111310613112182E-003
   154276.047853153      -1.674642233415361E-003  1.250328675260305E-002
   21362.4338969072      -1.254563162033710E-003  1.201028818452830E-002
   170911.937940478      -8.347791384373681E-004  1.151733481686037E-002
   113275.797593313      -4.163109275611013E-004  1.102322196945613E-002
   9153.86601376996       1.810505270316390E-006  1.052910378826461E-002
   116325.856711465       4.471326825459488E-004  1.102103996616187E-002
   89957.9224220183       8.927248828694307E-004  1.151317072956913E-002
   199956.780136215       1.338023630841089E-003  1.200391115573877E-002
   427727.688467149       1.784950102760573E-003  1.249526056614304E-002
   217829.591314845       2.505756965322438E-003  1.176590290161756E-002
   221620.527809311       2.010913516954004E-003  1.132491971129761E-002
   132175.592694638       1.517633425533118E-003  1.088407092538604E-002
   128602.254736391       1.023571229716106E-003  1.044165586291585E-002
   180670.889519317       5.297504786655917E-004  9.998606974363744E-003
   159459.568758619       1.021606778232605E-003  9.531175197937324E-003
   128527.101681079       1.512659853540283E-003  9.064344193904825E-003
   83896.5679080019       2.002402190558623E-003  8.596584946930518E-003
   124881.099113434       2.492744746509681E-003  8.129621814285847E-003
   116315.912982829       1.386105556970330E-003  7.986784915205483E-003
   46234.0523152869       9.237479477739255E-004  8.481445338144582E-003
   90173.5955240337       4.622273728587093E-004  8.976643413002028E-003
   109115.449033760      -6.175127476141053E-007  9.471154163604256E-003
   106908.405693222      -4.139334302454010E-004  8.978954601511453E-003
   86546.9334273798      -8.279514970040710E-004  8.486213328973383E-003
   90787.3957635304      -1.241011726033857E-003  7.994311063154635E-003
   220365.871816120      -2.501156048411894E-003  8.348415949938074E-003
   47285.3650257607      -2.007861351718529E-003  8.761141290586895E-003
   86261.8405378291      -1.515819346624579E-003  9.174371145785511E-003
   120588.564786761      -1.022418161546249E-003  9.588406498877126E-003
   119252.545949443      -5.285101779497602E-004  1.000122287937850E-002
   69803.3146876377      -1.020441096475418E-003  1.042150546257547E-002
   128627.906096509      -1.512550254210646E-003  1.084129240912271E-002
   11132.4836448197      -2.004027804085070E-003  1.126139519326659E-002
   162388.057784988      -2.496235313644882E-003  1.168076557130645E-002
   92547.2183391312       3.234724102277048E-003  1.248466510411966E-002
   174343.692348447       3.676103244953646E-003  1.195741396094789E-002
   241517.229915707       4.116339613927159E-003  1.142975564835352E-002
   329267.910746503       4.558350443261429E-003  1.090305421977226E-002
   96420.5264217778       5.000185492023222E-003  1.037402485253059E-002
   179321.899060870       5.414746694927857E-003  1.089356553959974E-002
   202153.933509458       5.830027461198989E-003  1.141151219451476E-002
   327882.012292398       6.243836635923111E-003  1.193045281467349E-002
   142526.270652533       6.658367342830959E-003  1.244951441685213E-002
   306626.737620996       7.514654671989777E-003  1.157428372697869E-002
   23592.8821340605       6.985063314540799E-003  1.117117158578480E-002
   137820.768376683       6.455038794164143E-003  1.077016057160117E-002
   531883.749129120       5.926113247329065E-003  1.036885374379342E-002
   246322.857368598       5.397948798080031E-003  9.968444189918635E-003
   35425.9287171702       5.919327500172554E-003  9.508852172608665E-003
   229323.243867796       6.437671327238229E-003  9.047372479383345E-003
   44577.0086120897       6.956936133399851E-003  8.587335308647411E-003
   51595.0703636472       7.476038875764156E-003  8.127497757225299E-003
   189374.874192147       6.334101369872894E-003  7.980325187458804E-003
   5902.62543572241       5.887775076854510E-003  8.511742834016746E-003
   149500.835210653       5.440347826523292E-003  9.041645400635099E-003
   668599.956759050       4.994058840509435E-003  9.572205767016975E-003
   633382.126392133       4.528190430867058E-003  9.051493504489722E-003
   386233.133768159       4.063765029642905E-003  8.529963779545825E-003
   64785.2620645298       3.597789394982645E-003  8.006956455698622E-003
   589463.864571151       3.018669318745977E-003  8.590103081885098E-003
   398670.914809875       3.543985912645390E-003  9.052745653510096E-003
   249554.768864677       4.068711128874209E-003  9.514551396405111E-003
   32282.8554683019       4.596111266000598E-003  9.976601659167885E-003
   219593.050064351       4.073852579028568E-003  1.042381172331958E-002
   263900.721374958       3.551664002237579E-003  1.087089632881371E-002
   522968.601385985       3.028221630590291E-003  1.131715161674463E-002
   38085.6886477617       8.389605521155466E-003  1.242852509632946E-002
   107851.535404196       8.794961030968110E-003  1.202870839742505E-002
   287775.181982438       9.198536135922778E-003  1.162784291139200E-002
   353313.177039335       9.603443694278898E-003  1.122681968379755E-002
   72468.0549285528       1.000730489662446E-002  1.082638147552550E-002
   242957.993528265       1.045485272881390E-002  1.121390992746319E-002
   34407.9630766733       1.090163181442971E-002  1.160339013603303E-002
   169542.569691735       1.134857140610537E-002  1.199252827053678E-002
   348074.288223960       1.179511227545457E-002  1.238105598813221E-002
   515902.846894090       1.251983045988813E-002  1.163318476807744E-002
   10609.4090694251       1.211761807826672E-002  1.119922706287763E-002
   99818.8943408205       1.171508005340626E-002  1.076476603496524E-002
   286543.943009108       1.131254547318085E-002  1.033027766298914E-002
   478037.138557615       1.091230538459748E-002  9.894713801167401E-003
   235679.629994470       1.130030346821417E-002  9.378792694564916E-003
   296770.738614580       1.168646511911282E-002  8.861154392369864E-003
   172024.809256761       1.207095227810842E-002  8.342170977130510E-003
   316004.256739001       1.245407562146928E-002  7.825127882351004E-003
   218264.329340194       1.147843698348276E-002  7.777012627282293E-003
   599968.892323910       1.097964902043791E-002  8.184473380895941E-003
   575719.524656149       1.048110448237697E-002  8.589798818721212E-003
   676299.483421583       9.982195228888210E-003  8.993172862436937E-003
   778532.036932201       9.526261593627020E-003  8.603923272655302E-003
   482950.290984920       9.068925432584224E-003  8.213657605399240E-003
   15954.7870458341       8.612363909343005E-003  7.822746778081958E-003
   611747.772905601       7.876404548223106E-003  8.574580307756595E-003
   181842.629676187       8.276280248592466E-003  9.023441809870565E-003
   107648.521804916       8.676874100555893E-003  9.473395382737976E-003
   100541.590623144       9.078238543860617E-003  9.921458336147887E-003
   34000.3668049419       8.688641592145902E-003  1.033401587567793E-002
   47910.1008364160       8.297434299077911E-003  1.074742729421280E-002
   354881.098440378       7.905656074253552E-003  1.115968072067404E-002
   56320.4618626240       1.326856960908534E-002  1.235641755996643E-002
   159408.129740566       1.370062932754388E-002  1.183986544975694E-002
   314896.693510725       1.413201901316211E-002  1.132107645830031E-002
   348838.515216706       1.456257772733923E-002  1.080268091084991E-002
   12984.6897639578       1.499254254956820E-002  1.028420856579137E-002
   224864.634239956       1.542201958710691E-002  1.078121449238044E-002
   100047.721092369       1.585129624605034E-002  1.127768534037137E-002
   107165.049029429       1.628035516932859E-002  1.177490756761877E-002
   8999.06389741484       1.670872262626340E-002  1.227147616873111E-002
   147186.650004209       1.752357290849045E-002  1.141433417593533E-002
   30955.1383193194       1.700469743436946E-002  1.101164732078248E-002
   14723.7191036733       1.648482516944829E-002  1.060938903863180E-002
   301943.105108730       1.596604739750352E-002  1.020764329231671E-002
   325168.345788542       1.544858904707026E-002  9.805584388964122E-003
   89681.8957914165       1.594496053670808E-002  9.296926685808572E-003
   1423.80628264719       1.643913721464221E-002  8.786580978421832E-003
   202712.808326575       1.693430406389928E-002  8.278165733411884E-003
   4848.43110852671       1.742943918603214E-002  7.771762150748353E-003
   239081.997418752       1.641549902874371E-002  7.785517171154196E-003
   38060.0235984825       1.593387000373142E-002  8.308421688191656E-003
   24908.3400453288       1.545198733641007E-002  8.829969650788064E-003
   695280.286088646       1.497130951970696E-002  9.350768376141353E-003
   770763.552976829       1.445679824936441E-002  8.853758730480355E-003
   362482.442566804       1.394379906999898E-002  8.353012859269081E-003
   150852.091854753       1.342893654930807E-002  7.849938420140545E-003
   710977.702289249       1.296809764517698E-002  8.323138737995206E-003
   226159.470071067       1.348207318436302E-002  8.825477134381841E-003
   187766.355600554       1.399645892934216E-002  9.327550521370251E-003
   355778.895107834       1.451455494014646E-002  9.827988796828791E-003
   75061.1219673982       1.401697141486461E-002  1.028100187765480E-002
   98620.2714779353       1.351875537278810E-002  1.073290524424783E-002
   26942.1371134154       1.301890337809907E-002  1.118372174243675E-002
   117057.528320054       1.837939527474108E-002  1.222719203153219E-002
   213773.085941265       1.878972414685426E-002  1.194693654001618E-002
   595890.444407819       1.919928715537344E-002  1.166424971191937E-002
   673183.747866438       1.960902218633477E-002  1.138222722980258E-002
   225498.941940016       2.001892872434214E-002  1.109918102182222E-002
   623280.789320032       2.050132033703324E-002  1.135646305118800E-002
   383394.468371380       2.098414123011935E-002  1.161312998322168E-002
   169514.554942810       2.146625634543001E-002  1.186970992050540E-002
   129779.854937877       2.194801305466484E-002  1.212413377094545E-002
   23726.6895328385       2.253557199293286E-002  1.149847351945859E-002
   116376.312803358       2.224907184003771E-002  1.103500663014672E-002
   154822.936228526       2.196239137110045E-002  1.057199896090496E-002
   376073.018305966       2.167727329115359E-002  1.010787744991297E-002
   194961.929151064       2.139293325195989E-002  9.643556432389854E-003
   158642.504172290       2.165316670903182E-002  9.175837914840636E-003
   203629.274798396       2.191059173029463E-002  8.707766038147274E-003
   21098.9446776991       2.216943701728949E-002  8.238919198839177E-003
   43280.0581163466       2.242652811569825E-002  7.770292589468133E-003
   72179.1441746924       2.129760512817237E-002  7.417114806262734E-003
   181352.483108517       2.084515497083773E-002  7.702399952934371E-003
   74811.3244610859       2.039303405546566E-002  7.986003011080283E-003
   424453.534032266       1.994120494470976E-002  8.272251212080906E-003
   510826.411375452       1.943996588851517E-002  8.013740958822353E-003
   520289.486479687       1.893758329983190E-002  7.756782283480204E-003
   793113.048201119       1.843674080754180E-002  7.498455552052817E-003
   171640.883932291       1.771236319454181E-002  8.260215535476992E-003
   63523.1992607171       1.799702471492814E-002  8.748004732686209E-003
   108793.224704058       1.828089097641852E-002  9.236691942705311E-003
   14508.2556876905       1.856653878011758E-002  9.723740092563993E-003
   136260.928434352       1.830624856492924E-002  1.014646963455832E-002
   1893.11367029003       1.804598763687065E-002  1.056874112774426E-002
   384674.272962903       1.778402983966984E-002  1.099090605425543E-002
   217850.766639169       2.316051371484156E-002  1.208593927719826E-002
   58596.7468448589       2.362079621664453E-002  1.164515546036806E-002
   310350.454456547       2.408180942780850E-002  1.120499733390597E-002
   422896.137396431       2.454415323398011E-002  1.076323955327386E-002
   137943.196534082       2.500510189904633E-002  1.032136372943778E-002
   265348.800144247       2.549888699648629E-002  1.073157745097849E-002
   51277.8724301263       2.599340244470613E-002  1.114272275849613E-002
   238271.120238490       2.648685158202040E-002  1.155221538434132E-002
   208475.674023850       2.698089882225372E-002  1.196236115088408E-002
   194385.709842708       2.754283892124274E-002  1.136119361763499E-002
   47872.0092532147       2.709852305852786E-002  1.089623694122832E-002
   116957.780278931       2.665523815681199E-002  1.043302222851442E-002
   356969.665141539       2.621128626724042E-002  9.968950675230577E-003
   213073.840381275       2.576979185281060E-002  9.504934596231902E-003
   38879.8212837111       2.618196152733043E-002  9.024520000477605E-003
   76753.8021154600       2.659350153083990E-002  8.542230628725653E-003
   58641.0896190028       2.700372731273640E-002  8.061162690737261E-003
   44846.9524145034       2.741494778273515E-002  7.580777501636481E-003
   8900.49299661119       2.630754214544813E-002  7.412366014537980E-003
   135503.745215781       2.585700173713087E-002  7.855776892714758E-003
   99606.4154671619       2.540544622221614E-002  8.299534518345251E-003
   446619.106847026       2.495521684270851E-002  8.742264260466235E-003
   474714.507902160       2.448220093687244E-002  8.330172424796875E-003
   328753.619063276       2.400994914052278E-002  7.917151304491573E-003
   110696.754864468       2.353663707532998E-002  7.504936510492626E-003
   401877.976168061       2.286800859738295E-002  8.215827058087530E-003
   208194.094833331       2.330820787388876E-002  8.663249360894758E-003
   71119.1939094624       2.374965062621334E-002  9.109655255869089E-003
   198924.337666731       2.419097525168662E-002  9.556615273993124E-003
   52773.4921197959       2.377869123088198E-002  1.004147391625820E-002
   103724.860773317       2.336443762693559E-002  1.052719311373390E-002
   454243.055461939       2.295036767241045E-002  1.101207625716319E-002
   110132.837131259       2.814354500658553E-002  1.192296706777450E-002
   12102.2403442075       2.861202580149455E-002  1.155751526027228E-002
   151155.634921991       2.907924730133855E-002  1.119159575284525E-002
   203990.446431739       2.954744128714406E-002  1.082542039603267E-002
   62092.9315669583       3.001469313122205E-002  1.045832082411229E-002
   211681.885228834       3.051126740024724E-002  1.079201615805814E-002
   133061.862373605       3.100773124579092E-002  1.112468038986640E-002
   22515.3458282338       3.150322506694103E-002  1.145705182094062E-002
   2121.78202509157       3.199960219766399E-002  1.178905229496299E-002
   14124.9322539505       3.254399513132251E-002  1.120450477780761E-002
   105413.751294203       3.217659097086479E-002  1.073326188354551E-002
   15635.5757980380       3.180935719192446E-002  1.026338790038590E-002
   95105.4778195860       3.144236084421793E-002  9.792490977958144E-003
   85503.1727744951       3.107491396967010E-002  9.321289325176877E-003
   13729.4513082768       3.141041483981698E-002  8.862343477552315E-003
   54508.9154062826       3.174446515507877E-002  8.404086670320707E-003
   29928.8163238260       3.207840623101554E-002  7.944802445855371E-003
   62149.3316145169       3.241222074640228E-002  7.486454887071736E-003
   105666.534865148       3.123996847208798E-002  7.164229360188508E-003
   117990.929028036       3.080590615177669E-002  7.529779475267596E-003
   69078.7683169923       3.037267475078925E-002  7.895076644685159E-003
   156300.792716145       2.993865462963809E-002  8.261603002334812E-003
   165918.776630750       2.946135396383224E-002  7.926629032366423E-003
   93038.3635603145       2.898295639173408E-002  7.592764325543916E-003
   20720.0428130986       2.850556407429107E-002  7.258660742654714E-003
   92230.2342336848       2.778031151531725E-002  8.034531635024452E-003
   11691.3183255732       2.814571722746447E-002  8.488565773917248E-003
   58074.1648654976       2.851130121708857E-002  8.943628337980567E-003
   15498.5509665748       2.887828584058179E-002  9.397387863297255E-003
   82675.5360265768       2.854417381769956E-002  9.888017185781375E-003
   24896.9347233158       2.821056024667605E-002  1.037931093469534E-002
   119977.281541344       2.787663445283632E-002  1.086952247771746E-002
   17662.6080660064       3.312868587790155E-002  1.174916145759753E-002
   55558.6833478830       3.359352710524920E-002  1.119829610845949E-002
   69515.2840769583       3.405750915597090E-002  1.064842895918851E-002
   99349.5962927997       3.452237519229429E-002  1.009730075078878E-002
   15914.0146360377       3.498694108064324E-002  9.546626184326300E-003
   10349.1457873258       3.549896273304851E-002  1.006075833311988E-002
   48801.5701458572       3.601095016481175E-002  1.057639656260987E-002
   31402.5494367942       3.652426674318987E-002  1.109086792102574E-002
   77823.7037787846       3.703706334766894E-002  1.160610965244026E-002
   113153.511623714       3.754369641385486E-002  1.105938504566716E-002
   140112.212882823       3.699188706239949E-002  1.058711938342104E-002
   82400.1417881790       3.644135175667167E-002  1.011329977546215E-002
   106317.414782720       3.588987178502539E-002  9.640250171403622E-003
   157253.250262315       3.533928062499273E-002  9.167036508472608E-003
   20635.3979962283       3.585603233452321E-002  8.733631459855078E-003
   117697.190348174       3.637288028366029E-002  8.301439755403112E-003
   198468.105178927       3.688886900891890E-002  7.868999831980812E-003
   137892.474954157       3.740623086081882E-002  7.437183623502991E-003
   140688.143133933       3.613007284741517E-002  7.166927535810408E-003
   55011.8462373947       3.573910264478479E-002  7.716252468494752E-003
   84795.5663615488       3.534980550978258E-002  8.266611093764586E-003
   202948.523726735       3.495981637504709E-002  8.815324824911961E-003
   221524.200521460       3.449470477789909E-002  8.299109178839827E-003
   68462.6693609168       3.403048445675003E-002  7.781279167861981E-003
   79392.1339653703       3.356491080451507E-002  7.264449786611999E-003
   229972.745277892       3.296167013741047E-002  7.912368964535626E-003
   139066.188007017       3.350975398668352E-002  8.340020128413422E-003
   38299.9357126703       3.405883475665224E-002  8.766861826841112E-003
   50416.4177640932       3.460766234792904E-002  9.194539662326879E-003
   2461.88789049700       3.409273432076669E-002  9.697513440482978E-003
   24299.2808689831       3.357633575093292E-002  1.020024085086960E-002
   34272.3372159844       3.306068835275448E-002  1.070185968209139E-002
   27639.1169689195       3.809031513765027E-002  1.156552419236541E-002
   91567.4282524198       3.856669999766857E-002  1.111632159903519E-002
   78049.6651234029       3.904361881963093E-002  1.066694773481038E-002
   87393.1535600143       3.951941973517564E-002  1.021768379890883E-002
   38406.5027505807       3.999537781654408E-002  9.768766720862606E-003
   80390.7329806871       4.049621413955825E-002  1.017910129700011E-002
   24613.0434055338       4.099597338772267E-002  1.058952688495844E-002
   4401.51670770802       4.149687525082009E-002  1.099962715537540E-002
   24006.7610756052       4.199770401190542E-002  1.140964897393449E-002
   45728.9239059366       4.253953917234241E-002  1.082214688443628E-002
   79575.2996807653       4.209044144667335E-002  1.035614879192856E-002
   63301.5302477736       4.164154503125205E-002  9.890024327008810E-003
   133850.619586539       4.119278046378254E-002  9.424862865653524E-003
   174681.458342597       4.074442499004313E-002  8.958336916312740E-003
   29308.4721353783       4.115498789946064E-002  8.446147589530438E-003
   79079.1221751344       4.156432519488005E-002  7.932332151953870E-003
   102081.909093799       4.197330186209078E-002  7.419598938081150E-003
   82051.4963452510       4.238202736008460E-002  6.906345554506233E-003
   22072.3738307624       4.136544551080867E-002  6.860485818911769E-003
   136539.531779653       4.088898707915399E-002  7.310901954067641E-003
   120723.399766664       4.041138983093152E-002  7.760701452735268E-003
   317879.442202750       3.993483096374614E-002  8.210228071872576E-003
   316659.871209000       3.950779345968677E-002  7.796418160859939E-003
   182782.312625878       3.908177080313145E-002  7.381948622940646E-003
   34600.1353079843       3.865444502927105E-002  6.967246435754155E-003
   288138.068522709       3.785080548931055E-002  7.832416804028436E-003
   105709.020682063       3.829518601151606E-002  8.228449387094315E-003
   24328.2453040954       3.873992215660857E-002  8.623608584101763E-003
   129479.061808893       3.918539027616188E-002  9.019639593985265E-003
   42163.0388279488       3.877497764204453E-002  9.529494854149452E-003
   46635.1509112934       3.836449239313442E-002  1.003923466451974E-002
   33355.0310292159       3.795411316049134E-002  1.054988499482547E-002
   19823.9515001214       4.312672897366453E-002  1.136351176126776E-002
   102918.861333311       4.359409957069303E-002  1.093492268807979E-002
   146989.226482591       4.406123299178985E-002  1.050715252593695E-002
   110100.176500803       4.452727799164830E-002  1.007841731733799E-002
   8122.89255359200       4.499420243623271E-002  9.649557691825992E-003
   11289.9542268694       4.556471721320774E-002  1.003479191696445E-002
   135671.468546638       4.613492677826649E-002  1.042043736852482E-002
   56312.4342086632       4.670615968419187E-002  1.080490892248365E-002
   16563.9236391316       4.727646090262777E-002  1.119036549115989E-002
   32084.7773466475       4.754742430929492E-002  1.089553214925776E-002
   144226.677982094       4.711607990283614E-002  1.035950627452712E-002
   36185.9094677450       4.668573550970530E-002  9.822039940078129E-003
   96564.6189489411       4.625424031731635E-002  9.285635866112382E-003
   152439.883040473       4.582304673438338E-002  8.748922071731042E-003
   49042.7205181666       4.621432401269700E-002  8.306756798116184E-003
   56958.0868915940       4.660497979685511E-002  7.865298024103363E-003
   9502.06240838219       4.699444225978990E-002  7.423006626675004E-003
   17490.6872213138       4.738491376959143E-002  6.980997947462863E-003
   44586.4469855307       4.614342068098386E-002  6.641721858244471E-003
   25661.9344450324       4.573622539039074E-002  7.067760830958648E-003
   41434.4333706689       4.533010011963257E-002  7.494474846980889E-003
   189335.804764106       4.492316050144718E-002  7.921177007864641E-003
   246295.151190904       4.441246831398785E-002  7.533069137600037E-003
   224293.397231815       4.390098931065143E-002  7.144578115946329E-003
   115548.855959939       4.339057361126895E-002  6.756728737583761E-003
   176225.920907411       4.280995137662883E-002  7.385280773209539E-003
   42927.9349131457       4.323699348775263E-002  7.863690843609716E-003
   12650.4163637648       4.366549067004241E-002  8.343000067814878E-003
   38357.1058476641       4.409437659114904E-002  8.821125350393106E-003
   52135.9088922508       4.370552334265974E-002  9.321672938806605E-003
   40275.3907374538       4.331659491608388E-002  9.821216498528421E-003
   86674.1833281483       4.292856287872254E-002  1.032162162799808E-002
   22606.2362597734       4.784190993286151E-002  1.116614205871607E-002
   95777.5694292139       4.837276873865229E-002  1.059376307625076E-002
   194522.147426923       4.890436926113326E-002  1.002023846037429E-002
   122406.211812624       4.943502149510304E-002  9.447784792929313E-003
   12228.0505711920       4.996561999976894E-002  8.875284520517676E-003
   52524.1178259195       5.055638581729208E-002  9.399074839351710E-003
   185540.807337831       5.114835508282883E-002  9.922458352883974E-003
   119675.322490742       5.173939706983179E-002  1.044661323408588E-002
   76737.1509193242       5.232983803445306E-002  1.097002422622525E-002
   21966.4338785618       5.254712035416637E-002  1.073338806050331E-002
   188499.609380135       5.197445805102101E-002  1.019007680456082E-002
   134672.342128475       5.140062273329429E-002  9.647076028838344E-003
   215973.134939103       5.082785908478199E-002  9.103013171911620E-003
   73337.9751865966       5.025565154584289E-002  8.559522792988699E-003
   83747.9948831329       5.078581124764540E-002  8.096132901879390E-003
   122945.930066138       5.131562244971428E-002  7.632683036583356E-003
   54014.2002102960       5.184641432129462E-002  7.169300627759776E-003
   37671.0752479958       5.237615609132840E-002  6.706935039413314E-003
   74967.1493920944       5.118895510110541E-002  6.566000961910271E-003
   49849.9998196656       5.077281583514878E-002  7.134614736444299E-003
   107661.121934019       5.035655542335066E-002  7.702199317474240E-003
   94520.7449943989       4.994026252665829E-002  8.269832820984497E-003
   48829.9770183121       4.949304466305288E-002  7.739513748501935E-003
   65348.8619122584       4.904674111196328E-002  7.208802785506114E-003
   24202.9363651751       4.859912658780354E-002  6.677210386869069E-003
   154509.403070115       4.795119106042452E-002  7.382104935610573E-003
   120412.702685285       4.851822330812933E-002  7.783486007433201E-003
   168444.539527231       4.908417746452452E-002  8.183968359270244E-003
   41090.9905742352       4.965018575981248E-002  8.585528216007507E-003
   184570.551117332       4.912470158161222E-002  9.162746265010745E-003
   139304.293890846       4.859929453887224E-002  9.740009965377355E-003
   210377.222664630       4.807286879220527E-002  1.031825011935652E-002
   46168.7869589256       5.278332795608565E-002  1.095043643291843E-002
   142439.974572939       5.333470130231888E-002  1.052899210892609E-002
   232091.035920608       5.388595597705641E-002  1.010715465943269E-002
   166619.388091424       5.443793257832606E-002  9.684975979404290E-003
   41064.1777825003       5.498855860541130E-002  9.262493900744784E-003
   65363.4636947211       5.546384487751423E-002  9.639834976008285E-003
   35895.7139078225       5.593806349822506E-002  1.001704512043668E-002
   115750.102953974       5.641319286194610E-002  1.039395083454503E-002
   158088.384587316       5.688797989198016E-002  1.077079670497124E-002
   24821.7878963256       5.752716399675316E-002  1.007308752332212E-002
   24938.8387367467       5.710920764043811E-002  9.633197546381138E-003
   50474.9486489152       5.669130371890535E-002  9.193623568030761E-003
   133376.084689368       5.627361452453682E-002  8.755141835962049E-003
   8203.97636397135       5.585631257533880E-002  8.315450149439355E-003
   40991.5998371650       5.623827910746919E-002  7.928903950275382E-003
   83722.0334684216       5.661997545873718E-002  7.542032835232183E-003
   88583.1452917163       5.700181413835467E-002  7.155176199184532E-003
   70241.9553433352       5.738363724044677E-002  6.768213389038848E-003
   23217.3189821708       5.596794732859477E-002  6.206981351239756E-003
   38289.0151625537       5.561539117044149E-002  6.620563900016303E-003
   135293.511574216       5.526268484089135E-002  7.034110566244686E-003
   78484.7237233450       5.491029385471992E-002  7.448107723055397E-003
   49984.6752348800       5.445353160108115E-002  7.069789477725885E-003
   106278.039958005       5.399689740250880E-002  6.691362577348753E-003
   60874.5981281464       5.354024890137662E-002  6.313008757600647E-003
   72994.0251521914       5.279272533979774E-002  7.128102666677358E-003
   39338.2894336410       5.320922872895657E-002  7.550381683473047E-003
   74800.0765243640       5.362580888634501E-002  7.972552441117829E-003
   23333.8633599177       5.404226549728053E-002  8.394818292310598E-003
   8794.79750703766       5.366904602513411E-002  8.979300829766848E-003
   10952.7953407537       5.329561807146770E-002  9.564671225684534E-003
   149451.342782092       5.292160858940352E-002  1.014883437363116E-002
   122801.130424414       5.822419291997002E-002  1.071214561559911E-002
   64407.4960397785       5.866442534123092E-002  1.028540801476445E-002
   125375.652837951       5.910478294060982E-002  9.859356469111347E-003
   158153.762041744       5.954426692935579E-002  9.432144940180090E-003
   81908.9027606768       5.998457271278495E-002  9.004432005957573E-003
   142211.262895919       6.049565388398489E-002  9.390094259397228E-003
   60242.4875394981       6.100681909818460E-002  9.775435301752379E-003
   43545.7988574836       6.151796293518071E-002  1.015937136363282E-002
   101761.005875713       6.202988966612451E-002  1.054401517564534E-002
   6142.49106213515       6.253255208550673E-002  9.993801521826469E-003
   40212.0629003397       6.210233796272290E-002  9.518911174192193E-003
   59318.0664294392       6.167332556224636E-002  9.045298608641330E-003
   131731.829875485       6.124365639414234E-002  8.571666635164744E-003
   36233.3278781262       6.081452441199414E-002  8.097703204469097E-003
   83355.3709818356       6.119896656885754E-002  7.548690099682085E-003
   3660.44405822369       6.158351063007981E-002  6.999689646083442E-003
   41166.3156247021       6.196741936934477E-002  6.450834355858560E-003
   67389.2758230038       6.235247714671207E-002  5.901637002731346E-003
   71445.9846460265       6.145069750866392E-002  5.976477597864636E-003
   96426.6491434096       6.093643535722325E-002  6.405985539237592E-003
   147878.977164446       6.042228160078521E-002  6.836717943548252E-003
   6526.08724848502       5.990846160250599E-002  7.267901529411455E-003
   8067.66752298209       5.952076435603974E-002  6.876665396194179E-003
   31818.3127851825       5.913309381517668E-002  6.485613065312956E-003
   50184.8462790419       5.874558583559814E-002  6.095603766822335E-003
   46336.8993020778       5.780770748749488E-002  7.119879093821726E-003
   20685.0729545922       5.823070791257873E-002  7.471512084184426E-003
   23032.0326858987       5.865466306998272E-002  7.822947569972396E-003
   78484.3424036671       5.907852844675229E-002  8.174269406069145E-003
   39787.7241157635       5.869083779758517E-002  8.649079133334648E-003
   13338.7916327829       5.830275815838700E-002  9.122863347417168E-003
   180469.047345643       5.791536755241781E-002  9.597629307260196E-003
   89230.0718067916       6.308248075063932E-002  1.049659665592959E-002
   112397.756927808       6.355190592779013E-002  9.932776901671023E-003
   8195.20516228656       6.402102443816191E-002  9.369380984629637E-003
   77081.4625231618       6.449067340424172E-002  8.805107115179435E-003
   56559.7175011403       6.496033133744646E-002  8.241222129281019E-003
   68771.1966076932       6.546779171390611E-002  8.761884404039393E-003
   28873.9862700868       6.597436842421325E-002  9.282954446577655E-003
   102524.420005799       6.648150868916833E-002  9.803035187286079E-003
   59500.7460113180       6.698815950836987E-002  1.032342789605367E-002
   3721.86232141952       6.753128227490844E-002  9.729776144386349E-003
   96488.5831583513       6.696690819995783E-002  9.271422781712930E-003
   29949.1790881245       6.640220471723567E-002  8.813721344949337E-003
   65874.8102639363       6.583655185924150E-002  8.357448323208519E-003
   61289.1516075553       6.527253742963113E-002  7.900001687301766E-003
   20903.4901972256       6.579396947603826E-002  7.391215430134951E-003
   74459.8719547379       6.631671681593185E-002  6.882301787182930E-003
   80716.9328769811       6.683835964632537E-002  6.373082320744844E-003
   36964.5035238018       6.735961969441367E-002  5.863322180856494E-003
   44689.9019699361       6.631802599936097E-002  5.896348011208682E-003
   23690.4629384321       6.585613178331681E-002  6.459728842207127E-003
   68060.9483782029       6.539387273292660E-002  7.023998260057831E-003
   3172.17764723972       6.493157738852166E-002  7.587689530031080E-003
   31420.8889533955       6.437551046275501E-002  7.069071719849909E-003
   38157.6460965931       6.381917826952398E-002  6.550075184212630E-003
   64959.9663273094       6.326316714633676E-002  6.032109154043963E-003
   37593.0116875314       6.291884876161517E-002  6.409057646566949E-003
   1687.03278214400       6.348558481022394E-002  6.915784450296423E-003
   68917.4588132552       6.405326995422873E-002  7.422160750146129E-003
   85965.8326957619       6.461935859773862E-002  7.928853418719267E-003
   4959.94488582128       6.409811301565130E-002  8.444348110021500E-003
   84132.3490731625       6.357529128225893E-002  8.959914438386049E-003
   167423.200126518       6.305360816803660E-002  9.475938896930677E-003
   58308.1738282023       6.812481619820400E-002  1.027306346001686E-002
   40314.2878924602       6.858189605109781E-002  9.674545039857740E-003
   8769.49380826943       6.903923625609459E-002  9.075224931196366E-003
   41970.0922047303       6.949596292313823E-002  8.477080275907803E-003
   25809.4101885465       6.995361669813195E-002  7.877408194282717E-003
   8832.19579265002       7.042183722719696E-002  8.435448830022375E-003
   56131.3284572378       7.089067744752507E-002  8.992318435718854E-003
   97027.6379818859       7.135812451722630E-002  9.550565430018807E-003
   62587.4689190686       7.182532170147068E-002  1.010802218511118E-002
   21256.3378236654       7.252311662575732E-002  9.345470277835954E-003
   79290.8453443859       7.192590179169553E-002  8.929453160867087E-003
   47395.7390335919       7.132737653585411E-002  8.513951289020195E-003
   7064.25924974218       7.072957337950188E-002  8.097849329212916E-003
   40376.7629424976       7.013104663168168E-002  7.683179337869691E-003
   11050.7625631072       7.068900256570544E-002  7.193289695731965E-003
   50278.8883899299       7.124617648810479E-002  6.704309991842662E-003
   44852.2480777131       7.180415173694878E-002  6.214044154536290E-003
   22017.1424192691       7.236093189205253E-002  5.723594135631536E-003
   25649.0652905404       7.125320565814432E-002  5.710031936819692E-003
   21965.3050051760       7.081435633041952E-002  6.308946659923952E-003
   41333.0216248444       7.037617947800090E-002  6.906674677857947E-003
   22705.6764952208       6.993695310755881E-002  7.505702171391941E-003
   13262.7261831175       6.942500862237519E-002  6.949532850970714E-003
   46165.5916652747       6.891317899878706E-002  6.394528505661629E-003
   32582.5047779594       6.840153921741958E-002  5.838344946930000E-003
   7552.19190836779       6.795897700250246E-002  6.322838079451921E-003
   7268.68584116880       6.855947818424467E-002  6.782087748348343E-003
   37588.9721240616       6.915911409807804E-002  7.241076692611296E-003
   69744.3386338880       6.975951705763909E-002  7.699910727266121E-003
   12627.0695579047       6.920214627810208E-002  8.207420614280437E-003
   52198.3140332773       6.864529719197675E-002  8.713885340854531E-003
   71007.5727775781       6.808765496768995E-002  9.221688779200342E-003
   19409.9968438813       7.328573700017817E-002  1.004349808027332E-002
   28000.3371363463       7.370683773619764E-002  9.562541700645823E-003
   9230.13679191121       7.412796663527081E-002  9.081562907242562E-003
   28442.4858617858       7.455010976630334E-002  8.600508265700406E-003
   2975.05857773205       7.497112918962127E-002  8.119311159654960E-003
   41279.8506991789       7.545408172675770E-002  8.560282752717266E-003
   12510.8945773549       7.593704943371396E-002  9.001274052698249E-003
   19727.0344495267       7.642000919720662E-002  9.442320891490467E-003
   1883.81204917859       7.690304484199066E-002  9.883338476840449E-003
   32886.7684314447       7.752163649215482E-002  9.207263802398931E-003
   12436.7059638759       7.703965240858029E-002  8.765195823124444E-003
   14148.9674539359       7.655763343753277E-002  8.323126598049568E-003
   8497.25040202173       7.607559657487596E-002  7.881031177241661E-003
   40764.8686899261       7.559344871137197E-002  7.439001195198639E-003
   17496.7370817536       7.603594140893313E-002  6.992909211202437E-003
   16965.9978380701       7.647848365315633E-002  6.546827928326065E-003
   32750.2200619515       7.692103639785852E-002  6.100738193435188E-003
   27405.3797564234       7.736351603501038E-002  5.654544623671120E-003
   13159.8053624157       7.612788483004564E-002  5.375302921004844E-003
   23953.1232560200       7.572294859312276E-002  5.855754666865939E-003
   23879.3246771952       7.531798280677426E-002  6.336199249539424E-003
   22734.6239188359       7.491298942240807E-002  6.816628181181779E-003
   17091.1635447059       7.442763630990802E-002  6.375836664980915E-003
   19019.8545077393       7.394316678244472E-002  5.935292229330149E-003
   24606.6788791341       7.345776314706857E-002  5.494865119426737E-003
   27573.9060746394       7.284350717971698E-002  6.167327614998362E-003
   11794.2998595168       7.332609189785338E-002  6.610899994142092E-003
   20488.7089394845       7.380850431230233E-002  7.053460808560721E-003
   93708.2043933030       7.429084954416933E-002  7.497017666138004E-003
   35667.7926855464       7.384895956729549E-002  7.958851482123082E-003
   42768.2918638730       7.340710310795882E-002  8.421720508494816E-003
   24735.6996885581       7.296511777031407E-002  8.883576587797239E-003
   8245.19428434090       7.819777138292580E-002  9.825820764168582E-003
   7360.34773684465       7.864244516419537E-002  9.403567427369208E-003
   12616.1160004780       7.908708103799415E-002  8.982304589642868E-003
   32061.6383241697       7.953166702389555E-002  8.560089320082880E-003
   16204.7858162774       7.997623884679934E-002  8.137895334590693E-003
   35043.6259517159       8.044652030605093E-002  8.519394579089987E-003
   21407.7414911921       8.091679270198646E-002  8.900952797937430E-003
   7532.42973015990       8.138703188717479E-002  9.281562160419303E-003
   11378.7910666305       8.185737085283117E-002  9.663185163403930E-003
   22647.1966190351       8.251423096652033E-002  8.945384500064586E-003
   21598.8033347010       8.209266390692482E-002  8.510626284563413E-003
   5588.59866969787       8.167207367587938E-002  8.075769336584640E-003
   8913.13302749456       8.125043682271590E-002  7.640944804786029E-003
   5085.87706289813       8.082872277771072E-002  7.206149364945737E-003
   8506.22769793214       8.120928822096747E-002  6.715671718146566E-003
   2799.38572485708       8.158975482629020E-002  6.224182840110236E-003
   18304.7125845158       8.196922155281283E-002  5.733747015890777E-003
   18079.4081971276       8.234966978069989E-002  5.243318452264787E-003
   5084.51198018793       8.126163645137267E-002  5.086673849659635E-003
   18153.7058857944       8.080703263296457E-002  5.508391184407498E-003
   27224.2644381650       8.035147901259278E-002  5.931108751589148E-003
   11656.5863045062       7.989689807927365E-002  6.353720399755160E-003
   18114.1678511386       7.945351850901285E-002  5.971029837333046E-003
   2506.35355289775       7.901011620535302E-002  5.588328518973616E-003
   7156.77262469326       7.856674338660383E-002  5.206603097840241E-003
   17984.1987661613       7.778396885126274E-002  6.062247287640070E-003
   17099.5010898543       7.820345276631124E-002  6.470000416990503E-003
   3124.33415863692       7.862393470402300E-002  6.877752958644021E-003
   5187.88181496800       7.904445867450907E-002  7.285499491366774E-003
   7722.28406743967       7.866342235531548E-002  7.765956511522889E-003
   10348.5610210132       7.828247220892709E-002  8.246444150425466E-003
   20479.4940547373       7.790254366109065E-002  8.726855575961995E-003
   8977.30225840559       8.323205022955700E-002  9.602153992088551E-003
   7776.07893416062       8.366252634457012E-002  9.084453577426745E-003
   4104.66107889508       8.409293347798112E-002  8.567701271705435E-003
   10548.6725339182       8.452324406273973E-002  8.049958766837829E-003
   10648.9236696600       8.495359779445752E-002  7.533289340180671E-003
   11635.6509416828       8.543912653024573E-002  8.009208911426511E-003
   1361.02889867352       8.592469194373607E-002  8.486198564391884E-003
   10051.6747233841       8.641025054875290E-002  8.962200540412309E-003
   12422.4105619815       8.689591300701101E-002  9.439179133226111E-003
   7874.32271233160       8.751067465127392E-002  8.767203267051483E-003
   15531.5745907892       8.699262560890615E-002  8.325778090448824E-003
   5174.61866693683       8.647559947026878E-002  7.884236730903840E-003
   5270.68127815239       8.595755643613123E-002  7.442706681303844E-003
   14083.2394466346       8.544044680417816E-002  7.001141601307789E-003
   4420.38049523131       8.591665655710036E-002  6.523386399945286E-003
   9328.13273613910       8.639379271440897E-002  6.045588774188294E-003
   15848.4496680022       8.686991979727207E-002  5.567880585339770E-003
   8579.58418920860       8.734708742022371E-002  5.090213121081587E-003
   9017.00525516323       8.620829779792663E-002  4.962769991586156E-003
   859.334877196185       8.577490888535340E-002  5.479655504131572E-003
   13405.9775656534       8.534161301930750E-002  5.997529307445354E-003
   12593.5323670545       8.490826876020653E-002  6.514333751438142E-003
   16596.5577017184       8.441378859487110E-002  6.038799582529204E-003
   310.963932056679       8.391827589916062E-002  5.562211304243711E-003
   9388.52539314240       8.342375626882115E-002  5.086557857510903E-003
   18891.3161101632       8.286807819564242E-002  5.693744181163733E-003
   8461.41999329057       8.338546249186185E-002  6.144305480692707E-003
   7689.35786319173       8.390391164214304E-002  6.595875677799840E-003
   16948.7378600825       8.442141177614389E-002  7.046474379615005E-003
   2458.80960183398       8.394507476419939E-002  7.521237686987110E-003
   11781.1553411387       8.346780251563458E-002  7.996031007308540E-003
   17204.9430492489       8.299152768756377E-002  8.470716955948103E-003
   8787.73423361021       8.818267525006263E-002  9.381919048631135E-003
   8741.58273976689       8.862540343597486E-002  8.893671251677122E-003
   990.935175185512       8.906807913534540E-002  8.405414456667476E-003
   5263.95095173481       8.951068607441014E-002  7.916175090557536E-003
   6605.49338512908       8.995335835476993E-002  7.427996704176577E-003
   4707.42630242579       9.052159136205876E-002  7.871182632854998E-003
   2041.99149563971       9.108985022986564E-002  8.315404118084140E-003
   6841.39984714422       9.165806326364362E-002  8.758654724773145E-003
   7490.38330435409       9.222631682396706E-002  9.201905873002816E-003
   784.244643266629       9.252032143391554E-002  8.880515699055671E-003
   4262.49724887909       9.202847673712852E-002  8.353836622189376E-003
   3559.59234187963       9.153663545792823E-002  7.827112730927489E-003
   6145.47993982570       9.104376805165203E-002  7.300441162136635E-003
   8548.68675142885       9.055186665633762E-002  6.773747895753933E-003
   2851.06010569785       9.099810688157549E-002  6.274376544721462E-003
   1737.16738341297       9.144527347053698E-002  5.773958774719383E-003
   4934.36304171330       9.189147821233846E-002  5.274600512553657E-003
   1876.93205586975       9.233770181995397E-002  4.775285599482983E-003
   5303.83561466891       9.127164179549629E-002  4.707620796261866E-003
   1381.65252233578       9.081393858601632E-002  5.196496698069966E-003
   3337.47954751220       9.035529859382531E-002  5.686408140329361E-003
   6872.04638359003       8.989761194372260E-002  6.175253462265373E-003
   8330.21459251788       8.942133114310170E-002  5.727969999857647E-003
   3289.30003330786       8.894502469027209E-002  5.279619825284204E-003
   5289.56387570736       8.846874311000269E-002  4.832248689640608E-003
   8381.30505910001       8.783481127035671E-002  5.525009385374152E-003
   258.581758741260       8.832253376673849E-002  5.959846440217053E-003
   6435.67518745323       8.881128211991891E-002  6.394653398969830E-003
   18150.7294027303       8.929907488325560E-002  6.829499509370321E-003
   5506.19152433529       8.885218980788909E-002  7.313940435724970E-003
   460.766219933367       8.840434256727238E-002  7.798422116773918E-003
   9749.56506046616       8.795751539017513E-002  8.282838041923882E-003
   3214.45233354762       9.284171953205106E-002  9.174508621324842E-003
   1231.59395353035       9.336634614294329E-002  8.637612473197082E-003
   2392.99263105607       9.389100135997426E-002  8.101717566422691E-003
   2958.75168207896       9.441561950535116E-002  7.564842932008746E-003
   1706.96942838381       9.494030572209426E-002  7.028999422164917E-003
   662.096315615346       9.550152547112570E-002  7.516550539823491E-003
   1598.82379832932       9.606180018310326E-002  8.005132882506216E-003
   1288.37744083338       9.662303714692309E-002  8.492662449143720E-003
   606.395482008618       9.718332682778803E-002  8.981226003951993E-003
   283.580893273475       9.751359095772420E-002  8.620174926710807E-003
   1054.09883466982       9.697716999377644E-002  8.105529568906086E-003
   1325.39388023980       9.644171235647105E-002  7.589832394619043E-003
   734.379143809333       9.590530982056188E-002  7.075169562786193E-003
   581.930742627994       9.536986890956128E-002  6.559455682203012E-003
   1883.99259291159       9.586186611691838E-002  6.098154938735340E-003
   574.724371533613       9.635482108716560E-002  5.635812930907359E-003
   476.004899135715       9.684682525134805E-002  5.174516844755526E-003
   31.4332572650767       9.733983060806486E-002  4.713177900881326E-003
   469.368913932238       9.614878540269299E-002  4.535875840613995E-003
   605.574797255297       9.573294756406130E-002  5.066862107918196E-003
   1598.42391633655       9.531615716272503E-002  5.598894301614470E-003
   1531.36435851989       9.490032725043925E-002  6.129890085521665E-003
   1601.22245685084       9.439907863725537E-002  5.639666628211728E-003
   496.035976442231       9.389679300831281E-002  5.148469196725484E-003
   532.166829575915       9.339554639914689E-002  4.658222164239195E-003
   1413.53033471891       9.287144831590304E-002  5.231043371072363E-003
   250.403554899403       9.340419447647436E-002  5.686854127228837E-003
   1150.94662192157       9.393798932051282E-002  6.143623770377200E-003
   4902.92858129693       9.447075453667170E-002  6.599434563258334E-003
   2873.03970324641       9.398361379659269E-002  7.169670102220282E-003
   1831.74653756198       9.349550270091977E-002  7.739967914759351E-003
   1585.24952355118       9.300841190617934E-002  8.310228218400400E-003
   90186.2569361199      -1.762445060021923E-003  1.749859049783483E-002
   291003.075359382      -1.317654495255769E-003  1.709307935706212E-002
   791770.683033831      -8.737265229893930E-004  1.668534823751661E-002
   1507631.81657370      -4.287984113807932E-004  1.627714965955711E-002
   735630.020648396       1.602311056959493E-005  1.586901931825424E-002
   1854742.98143638       5.201971514283438E-004  1.627475571938823E-002
   1096280.27910392       1.024795807107257E-003  1.667913063282267E-002
   1498124.18123687       1.529791658923620E-003  1.708130431729906E-002
   312438.301766429       2.032748345016009E-003  1.748257960690668E-002
   1504101.42193265       2.540466080586202E-003  1.696162770657872E-002
   327987.772485201       2.121115460185056E-003  1.647082142137659E-002
   262165.595483606       1.703981760199966E-003  1.598088687174091E-002
   481225.739905459       1.289809709419714E-003  1.549020868782227E-002
   297060.140295988       8.800336648096639E-004  1.499699106593486E-002
   348807.689683463       1.287380320969256E-003  1.455237531584990E-002
   435382.526946924       1.695979403623656E-003  1.410790857081993E-002
   1173998.23260775       2.105614299955056E-003  1.366323927938387E-002
   803528.487154778       2.515057458121577E-003  1.321718480293303E-002
   93904.4134519956       1.343546540345222E-003  1.290480355230703E-002
   467951.908378605       9.003506229069815E-004  1.331400100953624E-002
   573967.322473800       4.558014579120999E-004  1.372290474692542E-002
   391820.661958159       1.080175561318252E-005  1.413226967430389E-002
   664755.873647870      -4.110955982934853E-004  1.372523739807627E-002
   361438.649162315      -8.323970685531971E-004  1.331808644371810E-002
   262036.921669225      -1.254420346455061E-003  1.291027730113670E-002
   1036203.50839641      -2.496134573901201E-003  1.332696837638476E-002
   646315.332984087      -2.085633387268227E-003  1.374614822597232E-002
   518806.912899352      -1.674081718391819E-003  1.416561460264722E-002
   256678.396976579      -1.263581310284562E-003  1.458351566694322E-002
   527835.397391805      -8.541405305325009E-004  1.500177808092150E-002
   274165.220753718      -1.260498462848774E-003  1.544279987389001E-002
   345487.200116117      -1.670481078682293E-003  1.588285149012978E-002
   837583.587439939      -2.082461350143696E-003  1.632222661896552E-002
   1101632.90705295      -2.493311377897510E-003  1.676458490690506E-002
   7015.68809388152       3.058169934087109E-003  1.746990508508475E-002
   804162.110653628       3.553611115269378E-003  1.709654055168605E-002
   1286588.62388995       4.051956166754186E-003  1.672154459737786E-002
   1872267.74736501       4.551115498004739E-003  1.634475886089239E-002
   896173.969249200       5.049896633401166E-003  1.596622442184277E-002
   1585083.43588702       5.500155346565428E-003  1.633404551925033E-002
   747515.755295340       5.950726894225460E-003  1.670060553132538E-002
   81792.5908889139       6.399663195246733E-003  1.706601356643845E-002
   257647.350971610       6.845778591987387E-003  1.742981295318026E-002
   754029.769907165       7.571623039237631E-003  1.668611030667326E-002
   1134575.86817990       7.187243533628075E-003  1.625003223595518E-002
   354501.190260908       6.802621412911136E-003  1.581679206957662E-002
   468194.563256361       6.420560634377405E-003  1.538365064376002E-002
   48315.6385235509       6.042358654801148E-003  1.495003512934943E-002
   7381.19752237068       6.413369673188453E-003  1.454084562006250E-002
   505531.115860301       6.785447594628469E-003  1.413023946175438E-002
   1120843.79707912       7.159470416753778E-003  1.371979271653958E-002
   799726.938580759       7.533215019836626E-003  1.330721269293529E-002
   132955.592856061       6.252829766826213E-003  1.282547897472863E-002
   665081.242994337       5.846131525797470E-003  1.320222598615842E-002
   1097663.61532287       5.437745826033038E-003  1.357892913165247E-002
   479919.062265074       5.030704825568069E-003  1.395752615987640E-002
   874149.136537287       4.580234177372185E-003  1.358858456439109E-002
   326665.630356195       4.130247619482973E-003  1.322031721723506E-002
   272798.675044554       3.681508638694646E-003  1.285239237369981E-002
   594465.390232425       2.897125242321139E-003  1.365697847587739E-002
   356436.805293032       3.278971306205426E-003  1.409497016670267E-002
   169262.543145672       3.659277590948191E-003  1.453287205976276E-002
   8873.19161105183       4.037526798101914E-003  1.497144983235395E-002
   381255.410433014       3.668108661078110E-003  1.546926527062954E-002
   348521.305079084       3.294771342234048E-003  1.596543797085340E-002
   1226077.08150734       2.918050091820637E-003  1.646132763346398E-002
   421520.151111377       8.313598042661057E-003  1.741401587298882E-002
   453404.432679441       8.752224233219121E-003  1.707438688861772E-002
   976267.128624651       9.192907518840431E-003  1.673476993125944E-002
   1477622.76561141       9.634790104211999E-003  1.639219517954226E-002
   822161.777900690       1.007571507565981E-002  1.604825197253082E-002
   1745172.21109884       1.064010608636380E-002  1.637873243276974E-002
   1523453.56363914       1.120453576158405E-002  1.670773557547757E-002
   1237884.00578320       1.177235163462023E-002  1.703124520751429E-002
   170200.321575305       1.233755590420507E-002  1.735096881489155E-002
   772262.245485404       1.261237946172770E-002  1.706162958895678E-002
   287972.191117546       1.225305232421604E-002  1.651893256532869E-002
   533055.354996140       1.190058643803365E-002  1.597625490425260E-002
   893911.144899307       1.155086054725689E-002  1.543279351188969E-002
   79479.0335080286       1.120526643149818E-002  1.488536123917646E-002
   54482.5896826418       1.153900223903638E-002  1.444140852829572E-002
   245507.755542266       1.187338695876658E-002  1.399722778044495E-002
   911696.741447568       1.220743793035700E-002  1.355240901726172E-002
   752218.538044318       1.254357664369759E-002  1.310791057847292E-002
   50354.7761243984       1.136020710555819E-002  1.272466871331464E-002
   543991.938972299       1.092214516654980E-002  1.306689014638275E-002
   759524.526041142       1.048381938938721E-002  1.341096083221283E-002
   371989.353570862       1.004581783497925E-002  1.375625845518446E-002
   652448.652219446       9.631604195540776E-003  1.342261136013843E-002
   351271.125025042       9.216150200760824E-003  1.309049907935438E-002
   286417.370957239       8.802038801251931E-003  1.276044014164054E-002
   507281.529692909       7.881089659947924E-003  1.371045471245625E-002
   283231.036186045       8.226358123604748E-003  1.411267306905237E-002
   64168.4228096611       8.572010836391329E-003  1.451503935489093E-002
   269581.406042160       8.916894114654546E-003  1.491609192500739E-002
   391863.693855984       8.583466409677276E-003  1.535826943790732E-002
   182235.181483521       8.247359069781331E-003  1.580053972730562E-002
   871672.411248181       7.910631637759858E-003  1.624239186196706E-002
   398652.013502952       1.290000466604866E-002  1.733793401013134E-002
   754376.938599057       1.344839699527975E-002  1.682390060623258E-002
   1097202.74095903       1.400409726875580E-002  1.631048417652504E-002
   1836351.30079590       1.455730800176922E-002  1.579367096689308E-002
   758570.565316004       1.510716793032624E-002  1.526962275090738E-002
   934088.216286054       1.553275085814980E-002  1.576610450741102E-002
   86740.7675931831       1.595576721721196E-002  1.625914071675383E-002
   519875.892697908       1.637745189637789E-002  1.675308958472951E-002
   425510.250686312       1.679576300639007E-002  1.724706335060975E-002
   382188.438048146       1.765209529041272E-002  1.634113403565952E-002
   1078082.27624900       1.712873694642226E-002  1.595111870991485E-002
   752142.150482815       1.660296683688668E-002  1.556327261551684E-002
   57341.8720634152       1.607818712060826E-002  1.517883073742786E-002
   84258.6025935753       1.555613306262653E-002  1.479366659134672E-002
   292313.329206466       1.605722301680671E-002  1.436841038118902E-002
   759428.888845518       1.655977709914255E-002  1.394286025336662E-002
   1105049.01517038       1.706334743128735E-002  1.351561991467103E-002
   711516.722397843       1.756530324741372E-002  1.308684790751267E-002
   180016.179691299       1.630521391568708E-002  1.278893445783492E-002
   254132.556054678       1.589906298835639E-002  1.330634293311176E-002
   887998.845647085       1.549121073299172E-002  1.382314477370758E-002
   353295.639319310       1.508302902157726E-002  1.434390246620791E-002
   555650.513028063       1.462541891143870E-002  1.384728651611142E-002
   340738.031122228       1.416996518400407E-002  1.335192058412756E-002
   111668.334955629       1.371659126664496E-002  1.285511621256978E-002
   740231.816876756       1.306478772190916E-002  1.353796102388583E-002
   870457.772123484       1.358774892644176E-002  1.396734501834911E-002
   194816.049240856       1.411096779845801E-002  1.439366407865131E-002
   231081.977361244       1.463340084622573E-002  1.481923035154466E-002
   317455.228726936       1.413553103182959E-002  1.538254268349610E-002
   473986.802889146       1.363085770533469E-002  1.594031515403862E-002
   1144374.51269770       1.312078251601414E-002  1.649846385692381E-002
   512837.214117544       1.855646641679178E-002  1.719898950941440E-002
   554438.668374561       1.894843769115460E-002  1.672762607975323E-002
   141624.269599058       1.934350605344876E-002  1.625637654617110E-002
   718967.963135626       1.973961534720839E-002  1.578458001451866E-002
   622839.377552112       2.013684062968511E-002  1.531062292535713E-002
   879411.302057052       2.063520032002169E-002  1.575973746282770E-002
   287624.618959888       2.113522473521324E-002  1.620697128413425E-002
   340766.350978530       2.163340533832643E-002  1.665259867473399E-002
   191228.873610141       2.213004122728437E-002  1.709830046230118E-002
   173037.382999347       2.268560804060104E-002  1.650713032669586E-002
   674219.120073821       2.220240201921519E-002  1.604012628956053E-002
   70546.3850524495       2.171882228166757E-002  1.557736023985518E-002
   496206.886551603       2.123681917232247E-002  1.511429418155133E-002
   338432.945259589       2.075944554771389E-002  1.465073607101263E-002
   183281.344852882       2.121076268602703E-002  1.416763156753054E-002
   253328.419548678       2.166462555985856E-002  1.368346865008467E-002
   551118.806159178       2.211915624650749E-002  1.319927501056007E-002
   364066.207472231       2.257279118128309E-002  1.271249910692303E-002
   254440.734257880       2.148883158444838E-002  1.259988875899222E-002
   64609.3295387119       2.102734492857162E-002  1.307513147633906E-002
   469172.579837424       2.056370061304811E-002  1.355093286258678E-002
   277452.826542124       2.010140259772853E-002  1.402767455321463E-002
   336012.098536261       1.966936381378177E-002  1.357633327532012E-002
   70580.9578691068       1.923727751360949E-002  1.312679887249582E-002
   292185.693741421       1.880671930758201E-002  1.267772506124380E-002
   593887.400160987       1.804496103488324E-002  1.348900385576328E-002
   327701.511696332       1.852454975058529E-002  1.388957797804096E-002
   112566.072864593       1.900355865590845E-002  1.428842675447066E-002
   740123.672581631       1.947983830962185E-002  1.468650659777263E-002
   88586.9534202105       1.902573937861044E-002  1.509843823142665E-002
   483773.447528193       1.856804261694882E-002  1.551013751070088E-002
   1073968.70487593       1.810949266779783E-002  1.592451599435877E-002
   278679.792484648       2.327583615156560E-002  1.706379198475945E-002
   250026.165884667       2.374470192836847E-002  1.658822876707321E-002
   304238.655090431       2.421481861976776E-002  1.611376983201556E-002
   601113.998981523       2.468674047490375E-002  1.563715391359979E-002
   369262.195172896       2.515673583082231E-002  1.515886294352247E-002
   521244.819627272       2.567893634184983E-002  1.560574252943608E-002
   134753.772091219       2.620179307634672E-002  1.605155192863102E-002
   365617.120542436       2.672410015388657E-002  1.649501738128892E-002
   215832.709171387       2.724321834283131E-002  1.693968903103508E-002
   35907.2693327682       2.770815284425688E-002  1.644353208264697E-002
   423973.364797361       2.722419551621905E-002  1.595554162089082E-002
   53129.5665361871       2.674080907914771E-002  1.546923402072069E-002
   420024.860057253       2.625771523843417E-002  1.498331094634983E-002
   220504.965074838       2.577817967131443E-002  1.449612428124162E-002
   137388.286430898       2.622768742546468E-002  1.400465083884060E-002
   204514.812770249       2.667907742387127E-002  1.351206567120487E-002
   344665.486509278       2.713001505963562E-002  1.301992111317747E-002
   208557.090681333       2.758122499072934E-002  1.252488412207098E-002
   99894.6782441441       2.651581344345199E-002  1.244054676723068E-002
   70227.0095751487       2.605027793380025E-002  1.291747393047550E-002
   368724.792089862       2.558299083985194E-002  1.339575738990450E-002
   118954.156521704       2.511708302977367E-002  1.387444487609943E-002
   246010.567911338       2.462772990639608E-002  1.342610675045298E-002
   13065.9517862636       2.413686168947114E-002  1.297878303261635E-002
   206210.973913102       2.364767715906812E-002  1.253316089450258E-002
   241833.331749667       2.305482942808101E-002  1.316960958138390E-002
   9140.35829278470       2.353592268455053E-002  1.362526449635224E-002
   257193.175703376       2.401727471416403E-002  1.408122858561160E-002
   493110.043064948       2.449609061147049E-002  1.453651779857584E-002
   217241.163648139       2.404621764430242E-002  1.502800922547655E-002
   121633.685907025       2.359301334887221E-002  1.552001863924336E-002
   648273.921872843       2.313948298579935E-002  1.601168507792986E-002
   206027.891199470       2.820357734072830E-002  1.690919858982446E-002
   83740.6988134825       2.869367479463799E-002  1.643386000270263E-002
   299898.652886914       2.918599291199054E-002  1.595720451123427E-002
   419782.005074325       2.967843303686631E-002  1.548044230125751E-002
   210813.330967576       3.016977935005101E-002  1.500067464646027E-002
   245265.102426175       3.066101292174536E-002  1.544633669311744E-002
   37435.9795436633       3.115224742191629E-002  1.588990202727012E-002
   308160.788378248       3.164190041131947E-002  1.633399085748340E-002
   172896.420058084       3.213112109069782E-002  1.677734915137133E-002
   62620.8985618769       3.271525650032986E-002  1.615219642346431E-002
   266916.437171784       3.223586752778864E-002  1.569450985283588E-002
   8791.72013308217       3.175515783138307E-002  1.523947575202719E-002
   259646.552598156       3.127590965029387E-002  1.478398886445988E-002
   144364.660062820       3.079708471512494E-002  1.432813733830863E-002
   154293.640600934       3.124384150241016E-002  1.382988846089425E-002
   104597.354077689       3.169003876178513E-002  1.333154469130884E-002
   257928.704925832       3.213764933848089E-002  1.283381580138619E-002
   169766.729068929       3.258395587843498E-002  1.233412193535162E-002
   104902.435411154       3.153183044229273E-002  1.226629567235765E-002
   46992.0636419997       3.106399838137412E-002  1.274426206102432E-002
   263509.065470270       3.059470027050398E-002  1.322151117229390E-002
   15370.4989770451       3.012586647283709E-002  1.370086228184486E-002
   52702.9606266281       2.963042244480904E-002  1.325496111299912E-002
   82373.4052481861       2.913376448029910E-002  1.281119315694342E-002
   164345.858277410       2.863844518894013E-002  1.236680579497304E-002
   57847.6960034062       2.806051625010991E-002  1.298817736293321E-002
   52138.5785284304       2.854076351231612E-002  1.344963401693641E-002
   192554.932971931       2.901965836495182E-002  1.391170287417290E-002
   345835.019213924       2.949874017653290E-002  1.437286676584742E-002
   193981.129712487       2.905248704294886E-002  1.489087089605526E-002
   27694.9025901444       2.860554483500969E-002  1.540819339891913E-002
   344183.131349058       2.815631896984387E-002  1.592554702278977E-002
   227308.243992182       3.333955260947193E-002  1.673659080573548E-002
   27927.8337455918       3.379719902215211E-002  1.621713917516877E-002
   197243.855909736       3.425458186550420E-002  1.569675945943023E-002
   487153.681282112       3.471335074020840E-002  1.517677854991466E-002
   252080.844291964       3.517168366719396E-002  1.465442703060568E-002
   467847.960039407       3.567396048699361E-002  1.514207584792932E-002
   96637.4243960004       3.617642515310496E-002  1.562767146985490E-002
   120273.610190327       3.667884707492641E-002  1.611356695394988E-002
   36646.1993031208       3.718012845884588E-002  1.659888054269786E-002
   240387.855693254       3.772971092253396E-002  1.600477154464383E-002
   151836.663906165       3.720510497297771E-002  1.554302134853204E-002
   131437.801191949       3.667962696549481E-002  1.508175122999758E-002
   164437.003671625       3.615553581128245E-002  1.462077234416285E-002
   97677.6084139300       3.563218948123966E-002  1.415891556858528E-002
   147045.448155703       3.612057188909916E-002  1.364807376971732E-002
   191615.823212675       3.660818329780677E-002  1.313715924161779E-002
   287183.316057058       3.709659210520596E-002  1.262475164381136E-002
   180913.215979250       3.758365068045937E-002  1.211276711364229E-002
   2375.65975988367       3.656326123858458E-002  1.212899554162354E-002
   87463.0865222867       3.608766839068503E-002  1.265247596347423E-002
   144778.494178228       3.561261160752631E-002  1.317484141555964E-002
   71390.0755522206       3.513744340806783E-002  1.369841446231387E-002
   159243.209745054       3.463462987218140E-002  1.321029946355883E-002
   24939.8395328637       3.413185303510728E-002  1.272367755835066E-002
   42230.6541939568       3.363031945011764E-002  1.223613882404687E-002
   131418.866169809       3.310681380469576E-002  1.279969231891837E-002
   123111.371138409       3.363074508703454E-002  1.326380287758934E-002
   8862.95614919631       3.415368307137972E-002  1.372855138764255E-002
   9061.54561024646       3.467704776385382E-002  1.419339734108496E-002
   66511.6305468308       3.418757229519442E-002  1.468338696895495E-002
   175734.901703483       3.369732464347237E-002  1.517271976134126E-002
   362260.539237307       3.320557316629780E-002  1.566141548071708E-002
   155708.928005829       3.832271374875942E-002  1.655417603570905E-002
   57885.6557075048       3.878679072061307E-002  1.605340462311456E-002
   336647.994095171       3.925210306810322E-002  1.555273104624102E-002
   671863.321185391       3.971785003889033E-002  1.505229347030834E-002
   288041.974682645       4.018317097920128E-002  1.454944359515793E-002
   379086.319599656       4.054062312036306E-002  1.501851434197088E-002
   64485.5930097974       4.089800753790557E-002  1.548631803190855E-002
   184014.791708623       4.125378257384815E-002  1.595508286581451E-002
   75823.4260884876       4.160900001833275E-002  1.642402516313662E-002
   168895.907898127       4.271642006936503E-002  1.522375938434521E-002
   431333.520859362       4.221833248326400E-002  1.490729420746167E-002
   354683.930290458       4.171990896480287E-002  1.459170590896285E-002
   33587.6778646837       4.122236210562816E-002  1.427590562092894E-002
   171522.816433576       4.072509664023977E-002  1.396120306697626E-002
   15565.1237079764       4.118987547493015E-002  1.345878422185051E-002
   179817.260169193       4.165408911507661E-002  1.295737516953632E-002
   254508.781694660       4.211955365668586E-002  1.245472633598510E-002
   182145.580650877       4.258481172782649E-002  1.195143753265688E-002
   63946.3334655731       4.153312886598527E-002  1.191220361073095E-002
   145987.761916817       4.106791385102398E-002  1.241462743097951E-002
   308830.566493442       4.060338448805024E-002  1.291619416209592E-002
   25780.6185320507       4.013827207076952E-002  1.341966394376619E-002
   46700.6093172870       3.962607152410452E-002  1.295600503183740E-002
   79904.2686932176       3.911410678807221E-002  1.249333781508700E-002
   20111.9214910984       3.860129984669015E-002  1.202972697584149E-002
   22040.6768219991       3.808699568002259E-002  1.258643050738254E-002
   67273.7574293759       3.859042830735192E-002  1.306087259636776E-002
   33253.4620555146       3.909296521343836E-002  1.353394628424550E-002
   61088.5656406658       3.959624644511920E-002  1.400700369234740E-002
   17109.0250686068       3.913107555236923E-002  1.450633391751285E-002
   285672.587457526       3.866491004418749E-002  1.500496478845250E-002
   549668.262301329       3.819709531966994E-002  1.550409613446245E-002
   139212.403993235       4.391646024097860E-002  1.633147836168605E-002
   24184.6910895315       4.423426655787225E-002  1.586499902892956E-002
   92069.7013101839       4.455245746932448E-002  1.539850413357649E-002
   365146.947418390       4.487198978488315E-002  1.493172497935633E-002
   212562.728936354       4.519095203182705E-002  1.446456535973678E-002
   467016.741079472       4.566224377171312E-002  1.489896408146863E-002
   127421.293226958       4.613239989046174E-002  1.533288039562671E-002
   53892.7822898496       4.660345918808832E-002  1.576607313866374E-002
   44433.7969516229       4.707370406155523E-002  1.619938323280797E-002
   190584.191725652       4.774001227641946E-002  1.547278799442275E-002
   192021.494208803       4.726585784217982E-002  1.504200767553434E-002
   91348.8376782436       4.679190759267660E-002  1.461173730970149E-002
   190862.018331926       4.631838756876386E-002  1.418278647575498E-002
   108751.811741540       4.584630176742022E-002  1.375209911761891E-002
   10413.7196415308       4.627746249665585E-002  1.317985285142327E-002
   111592.079538135       4.670855906681207E-002  1.260747170741088E-002
   133057.275235173       4.713979633073009E-002  1.203402584621191E-002
   127843.864963353       4.757100036701706E-002  1.146110566720505E-002
   158065.231826541       4.674146693194400E-002  1.166713184301041E-002
   129353.047510079       4.620525310570778E-002  1.214377708051808E-002
   170671.323343314       4.567001010050921E-002  1.262033489543085E-002
   34188.6574519035       4.513500552875280E-002  1.309715518589732E-002
   28620.3921845669       4.463252163703609E-002  1.266345183639958E-002
   34829.8860394483       4.413095348206104E-002  1.223009835006483E-002
   23187.7236319455       4.362847313686105E-002  1.179698348421202E-002
   10898.4783277705       4.305877774021078E-002  1.241614150547436E-002
   6940.11741444905       4.353258450468687E-002  1.288074988125815E-002
   55191.0379109600       4.400624541401946E-002  1.334414903861953E-002
   9368.66015056825       4.447969488223158E-002  1.380858846810574E-002
   87492.2190631849       4.403948594364255E-002  1.416182334645791E-002
   280345.406088058       4.359848894484806E-002  1.451604052884716E-002
   354334.698764302       4.315738418780671E-002  1.486966351448820E-002
   100447.471104159       4.846596374739889E-002  1.613929365347967E-002
   28120.9501655244       4.889802664251776E-002  1.567927517498063E-002
   176251.781507199       4.933074819330284E-002  1.521827503443857E-002
   341458.255280687       4.976278459422490E-002  1.475795044569746E-002
   156768.857149877       5.019576613200406E-002  1.429696220219058E-002
   292028.905970712       5.065972459108093E-002  1.471878485637960E-002
   59821.3450723243       5.112352017155896E-002  1.514033090268437E-002
   52739.1339646671       5.158724330755997E-002  1.556244002743825E-002
   46388.5843840914       5.205051321530189E-002  1.598347817913022E-002
   45405.0954074095       5.274152277907170E-002  1.522807768472370E-002
   133892.488378504       5.227963694664300E-002  1.480424248549781E-002
   21134.7007165339       5.181677364461875E-002  1.438099495947445E-002
   174546.345633118       5.135519190727427E-002  1.395790542247611E-002
   63304.0750367519       5.089463491626954E-002  1.353430789227411E-002
   34568.6997011831       5.131206412810400E-002  1.294782446391771E-002
   77686.8723647711       5.172939571307707E-002  1.236025028988091E-002
   55249.3321358429       5.214812095416774E-002  1.177374057828476E-002
   84898.4908710270       5.256611232101502E-002  1.118708220744569E-002
   235708.966765988       5.178056075505943E-002  1.143603287965130E-002
   152386.870455302       5.123154546336924E-002  1.190315594131189E-002
   186473.740939941       5.068163911893610E-002  1.236937511264024E-002
   53372.9894652035       5.013309322853102E-002  1.283590346132619E-002
   19911.2140661495       4.956046299361068E-002  1.241835746056605E-002
   75286.0772495743       4.898773796650302E-002  1.200109529567304E-002
   82604.7193430669       4.841396609386005E-002  1.158317687868064E-002
   67082.0710250225       4.803668388169187E-002  1.199517126757396E-002
   62312.4579093499       4.850340639864138E-002  1.252993093730915E-002
   87985.7826150539       4.896893525199368E-002  1.306377556128828E-002
   37712.6834083048       4.943425569478914E-002  1.359780446974100E-002
   6773.66359876749       4.901169050326721E-002  1.406653444465824E-002
   166737.696211597       4.858827366356362E-002  1.453413632603964E-002
   318262.446304739       4.816358717860641E-002  1.500310623189683E-002
   43004.8036246038       5.349673253448798E-002  1.591923081529131E-002
   58362.2667567055       5.391832739555048E-002  1.540058021420731E-002
   26832.4402461587       5.434031453433599E-002  1.488108399214025E-002
   98022.4949854900       5.476273347145378E-002  1.436260293119574E-002
   49607.1471824574       5.518522771127302E-002  1.384373601857665E-002
   82424.9771523788       5.559874486612980E-002  1.432564310334653E-002
   61814.5822535389       5.601315275509255E-002  1.480688139040320E-002
   77365.5186034673       5.642628661305486E-002  1.528909849541631E-002
   110841.823733074       5.683872285032947E-002  1.577070036782278E-002
   135426.551907373       5.773163998971396E-002  1.479479074005156E-002
   69419.6996227256       5.721420251459036E-002  1.442667436506893E-002
   33399.2546074510       5.669580742555725E-002  1.405885245481852E-002
   114143.975948805       5.617844612410455E-002  1.369045048668905E-002
   113159.614994523       5.566179706190737E-002  1.332318346099872E-002
   122796.453131037       5.614199922955309E-002  1.284515336621275E-002
   132966.106565871       5.662271922563308E-002  1.236796266213196E-002
   135403.557992478       5.710462173684831E-002  1.188941503015369E-002
   87006.9138850587       5.758507074549071E-002  1.141003184366575E-002
   38855.9278985566       5.645179844737627E-002  1.128925644871266E-002
   2588.32078482384       5.601514314586722E-002  1.180862976175438E-002
   226341.844553158       5.557893359934251E-002  1.232701820598892E-002
   52423.8972637428       5.514203183029074E-002  1.284645143805708E-002
   9706.36337741425       5.455255109561901E-002  1.237212645045939E-002
   123485.903247908       5.396184993513500E-002  1.189833674102175E-002
   171600.774021366       5.337207065439982E-002  1.142400233029564E-002
   99388.6426344029       5.309069075381059E-002  1.173211363866141E-002
   115412.825514311       5.361652929649415E-002  1.227643807519333E-002
   175435.918825343       5.414112837366584E-002  1.282193565391359E-002
   44805.3124566214       5.466511663002162E-002  1.336692806228959E-002
   67359.5929407013       5.418459616452034E-002  1.383181162559367E-002
   128729.504648345       5.370378348955062E-002  1.429682781710285E-002
   193275.079769718       5.322199851500706E-002  1.476221051861675E-002
   147374.461514093       5.870635961933214E-002  1.568752415814028E-002
   197263.033714592       5.907541942462956E-002  1.517398683647742E-002
   17095.6643046496       5.944498798886828E-002  1.466149626021292E-002
   154268.804360891       5.981632960920408E-002  1.414802264269693E-002
   147898.465580678       6.018685122801851E-002  1.363363630541934E-002
   161641.727361533       6.064176613388778E-002  1.411142512087997E-002
   80186.6521369757       6.109747912633758E-002  1.458832174173823E-002
   218456.576895918       6.155148756045260E-002  1.506420022846475E-002
   104012.544067980       6.200565775332574E-002  1.554143261397314E-002
   61336.1308884245       6.274124599795966E-002  1.473845446503673E-002
   210437.585060652       6.222382587030852E-002  1.432781110465691E-002
   74166.5531700436       6.170710276848580E-002  1.391916307031030E-002
   155676.462020129       6.118946751433055E-002  1.351027107187001E-002
   127393.333075767       6.067297775044760E-002  1.310238751173308E-002
   129277.666025362       6.114950257505997E-002  1.258930379204379E-002
   117501.499178963       6.162660997342934E-002  1.207617536346682E-002
   198376.091294117       6.210295847030195E-002  1.156266761346407E-002
   111870.469785909       6.257973006584530E-002  1.104700502675435E-002
   86946.9205064843       6.155827381383576E-002  1.106227372094793E-002
   11206.6034605030       6.108658778962312E-002  1.157915537484278E-002
   222747.928453064       6.061441643835712E-002  1.209716622622762E-002
   18432.9056000742       6.014262794240955E-002  1.261624172782043E-002
   11975.3578842864       5.966242089264804E-002  1.213938364920718E-002
   96695.3533891496       5.918311356402760E-002  1.166332973239787E-002
   195563.346525891       5.870328998460973E-002  1.118841641914335E-002
   59805.6806758670       5.810333124173728E-002  1.184537047231545E-002
   49417.9892941174       5.862080464749108E-002  1.227998455327537E-002
   178218.913802616       5.913902779211391E-002  1.271310138025768E-002
   229292.558443528       5.965654767788350E-002  1.314723364094644E-002
   105118.032236909       5.917539399898542E-002  1.355796469099482E-002
   228261.212848678       5.869367061328348E-002  1.397018129383911E-002
   379783.980568550       5.821284490139603E-002  1.438193409527713E-002
   186476.388514145       6.354346512420272E-002  1.547411183975230E-002
   122766.966455610       6.395745549240356E-002  1.501892400282265E-002
   112241.797420168       6.437078207217073E-002  1.456257845922125E-002
   238136.669881941       6.478554251474154E-002  1.410692655854572E-002
   163167.986948453       6.519921416806722E-002  1.365061358572869E-002
   289753.711183718       6.574215080413905E-002  1.406494859244405E-002
   168104.589469381       6.628543404959528E-002  1.447845927767160E-002
   91912.3275244928       6.682877155223375E-002  1.489219058961882E-002
   194247.028251233       6.737124290797862E-002  1.530465507880904E-002
   48640.2040240655       6.776038514616303E-002  1.487898470540416E-002
   214043.549051283       6.729797776926387E-002  1.437638906564907E-002
   42878.7382942458       6.683467740535337E-002  1.387498354553394E-002
   171397.091954507       6.637314744049126E-002  1.337340390472653E-002
   73170.6489465036       6.591268254624121E-002  1.287119157695316E-002
   55068.1917630723       6.632930401542453E-002  1.237005802905371E-002
   40099.4516679884       6.674629313726020E-002  1.186994659626352E-002
   129849.741226674       6.716447257735338E-002  1.136864990784912E-002
   95878.1032524209       6.758158239745002E-002  1.086689689565643E-002
   29266.3676673153       6.652473976611602E-002  1.078152720134162E-002
   55722.3097039010       6.606086361074831E-002  1.124059971424533E-002
   137577.290229367       6.559779538466015E-002  1.169883782167441E-002
   63377.1245273398       6.513389806332406E-002  1.215757673716007E-002
   139869.928065098       6.462141011892528E-002  1.174169884124985E-002
   85902.6520910644       6.410858120119330E-002  1.132662910088291E-002
   11868.4633571540       6.359572335011530E-002  1.091104997416759E-002
   52403.8372204488       6.304028558660656E-002  1.152038471091670E-002
   52651.2986520758       6.350157456801110E-002  1.199233013096978E-002
   118402.984492542       6.396136693594874E-002  1.246436250892931E-002
   154785.795253018       6.442060540035467E-002  1.293664878462779E-002
   46311.5902704937       6.400159772351498E-002  1.338621351159027E-002
   86767.4766697545       6.358195797152612E-002  1.383678594371832E-002
   291252.535551185       6.316091575398132E-002  1.428666518860854E-002
   59792.3559016818       6.818611830720331E-002  1.526881088545159E-002
   64127.7062182834       6.868525560911837E-002  1.471903106045854E-002
   63450.0677587174       6.918506502304397E-002  1.416856916117745E-002
   16517.0599053298       6.968505784934530E-002  1.361894963246950E-002
   18791.2368449066       7.018468445412382E-002  1.306769221184662E-002
   36811.9613520827       7.058371567886521E-002  1.357954841191383E-002
   8950.48020524789       7.098265208978048E-002  1.409033482166597E-002
   34116.4226571553       7.138249779529104E-002  1.460216870606717E-002
   15662.8753738248       7.178127154008457E-002  1.511306433305707E-002
   1770.18210198671       7.273170531580372E-002  1.407551910462170E-002
   43829.5525031703       7.218767548794122E-002  1.372294096534094E-002
   28302.4750852299       7.164250625147295E-002  1.336955390309366E-002
   47563.1289060840       7.109835899141248E-002  1.301719626396084E-002
   101468.464349509       7.055314162376027E-002  1.266506512950183E-002
   53014.4683839696       7.106210579097637E-002  1.220074354072021E-002
   12966.3224039858       7.157036717892142E-002  1.173543096875262E-002
   2232.07637614821       7.207966564380063E-002  1.127087241138549E-002
   15081.5009760711       7.258779753009857E-002  1.080605121313213E-002
   56309.0620062414       7.140704742147165E-002  1.065461524744900E-002
   44507.1988313094       7.098865228566427E-002  1.120212519068950E-002
   9539.23061109597       7.056903079773601E-002  1.174865975272566E-002
   71768.3584716041       7.015042851770915E-002  1.229636155841459E-002
   69916.8047580972       6.964348848013281E-002  1.178956793450545E-002
   2333.26963672210       6.913746569175611E-002  1.128449101251930E-002
   44111.3173809431       6.863076604525108E-002  1.077848144268914E-002
   105375.151423065       6.813122539642609E-002  1.132580069152585E-002
   59549.8528116235       6.868210328892334E-002  1.178410107471215E-002
   16472.6640523357       6.923187173576140E-002  1.224106821601355E-002
   163397.146048987       6.978207948623720E-002  1.269908677285719E-002
   102764.553384408       6.927658863638188E-002  1.324402415049861E-002
   49065.7525271242       6.877154304888058E-002  1.378871192977401E-002
   28844.1184402037       6.826536162099331E-002  1.433364907347891E-002
   15899.5846546198       7.376926524087160E-002  1.502603021561612E-002
   9909.18608136677       7.412440147208697E-002  1.454111404118579E-002
   9460.37996185464       7.448056172668686E-002  1.405613882167247E-002
   17459.1628454627       7.483580535821339E-002  1.357218423197521E-002
   16881.2065814211       7.519096594446989E-002  1.308710776980126E-002
   12495.1456484942       7.573914947038646E-002  1.353236868535949E-002
   1757.02333967156       7.628729355080414E-002  1.397661508144414E-002
   6843.58316659644       7.683549506976783E-002  1.442181605368987E-002
   2358.57397338715       7.738267977801686E-002  1.486704401938815E-002
   10725.5971652705       7.775412674485585E-002  1.446124991610072E-002
   2496.29248003752       7.726230816803162E-002  1.395549252560041E-002
   6789.39292768693       7.677045769658586E-002  1.344875479748138E-002
   16725.2595645606       7.627963276600848E-002  1.294196107136999E-002
   1690.00253553070       7.578787806799044E-002  1.243515910032340E-002
   5614.94408681478       7.623601366218180E-002  1.195189062450750E-002
   5572.73743151856       7.668309260381161E-002  1.146862780298334E-002
   4376.60629598548       7.713113462582205E-002  1.098530198151769E-002
   10979.1702488784       7.757913181128537E-002  1.050194424472995E-002
   8767.22350012277       7.646130375246647E-002  1.037237515677641E-002
   16512.6267959356       7.601956510983707E-002  1.086139681582643E-002
   17639.4112204142       7.557774881859863E-002  1.134937615072942E-002
   4735.18317891656       7.513594222426970E-002  1.183830934940228E-002
   6626.84789915700       7.467365709473117E-002  1.138923097443020E-002
   6181.68223340189       7.421035547284073E-002  1.094133096097248E-002
   23835.5388135352       7.374804772679197E-002  1.049239508853705E-002
   10400.7046263792       7.307588229714207E-002  1.122689860419419E-002
   13544.2745123009       7.356400012761445E-002  1.164765203800920E-002
   9674.25910512420       7.405110440773487E-002  1.206945847035515E-002
   47194.3922278166       7.453914270732695E-002  1.249019405220398E-002
   11467.3517496232       7.408708968187092E-002  1.288623984904257E-002
   636.102767491678       7.363597115246692E-002  1.328226932991090E-002
   15944.2493113281       7.318385193569832E-002  1.367936221661594E-002
   3126.32447884645       7.815989677479986E-002  1.483268286427821E-002
   9978.90640426816       7.866236206597965E-002  1.426489956153351E-002
   17170.6731052444       7.916577990366078E-002  1.369703475554817E-002
   14499.7266286639       7.966917050415699E-002  1.312914440271438E-002
   1502.48436549199       8.017253227007191E-002  1.256122841162687E-002
   4121.34428787984       8.077409053031610E-002  1.308003056998591E-002
   14808.2638798582       8.137562753676730E-002  1.359886660368483E-002
   9937.47492560632       8.197717176229531E-002  1.411769550483763E-002
   4788.55727411475       8.257776175891748E-002  1.463652689881110E-002
   9666.84108715556       8.275817730727476E-002  1.443930575629078E-002
   17085.0974054360       8.218816358530148E-002  1.388711374050078E-002
   9911.09234432371       8.161813467288223E-002  1.333386113871723E-002
   14458.0756245718       8.104809438823062E-002  1.278059736255720E-002
   18117.0750314699       8.047804882636771E-002  1.222733321407620E-002
   5710.70048062043       8.100239075232069E-002  1.175043042917192E-002
   2581.38401128272       8.152663182335032E-002  1.127354210905535E-002
   10484.8838943415       8.205089363211175E-002  1.079672751601744E-002
   4380.26918001367       8.257520512245542E-002  1.031999372521916E-002
   16152.9290568330       8.142898013617218E-002  1.022783252133344E-002
   9534.36658596073       8.100066461939566E-002  1.079252470247210E-002
   432.603305733616       8.057241356594907E-002  1.135723121841974E-002
   19679.7210617840       8.014417856734699E-002  1.192187271468150E-002
   17357.9603306314       7.965764197500588E-002  1.139790529826568E-002
   3708.82420597259       7.917108895208047E-002  1.087385188933656E-002
   8742.68895352718       7.868446371373958E-002  1.034981658113044E-002
   27522.0059317518       7.814404471937328E-002  1.094029508979247E-002
   20004.4426275516       7.870890269694136E-002  1.137873696866414E-002
   10558.9659997963       7.927374617941786E-002  1.181723877288149E-002
   6846.29416757624       7.983866316053721E-002  1.225574287467817E-002
   10992.8542577400       7.931757627508161E-002  1.280741257902073E-002
   7937.24521745318       7.879646823222383E-002  1.335905518044934E-002
   11727.5970298169       7.827533049269721E-002  1.391066260301094E-002
   862.204127079826       8.295538669345585E-002  1.461970508370206E-002
   794.848873620935       8.351154106287735E-002  1.413844889348919E-002
   1163.71211280307       8.406871957468141E-002  1.365817260623173E-002
   2126.89596704890       8.462587384978124E-002  1.317693075137617E-002
   2851.71954773962       8.518304390425610E-002  1.269571054366523E-002
   1108.16463077283       8.551497385026295E-002  1.313740097338237E-002
   246.194684050421       8.584590559804803E-002  1.357915614144175E-002
   2472.07098778096       8.617780884208294E-002  1.401986190291321E-002
   4095.90684849170       8.650977266115963E-002  1.446155858323048E-002
   9795.13910540743       8.770583759283368E-002  1.315410521365389E-002
   11240.7136201475       8.723644757658001E-002  1.286268329058208E-002
   10293.1375945807       8.676805949975104E-002  1.257120808736515E-002
   11422.1165605133       8.629871614845500E-002  1.228076640405815E-002
   8677.26537644105       8.582933719063016E-002  1.198929933701490E-002
   5636.11865634757       8.626428627726293E-002  1.150543733209910E-002
   1791.86192604567       8.669917452729869E-002  1.102155557648170E-002
   5201.91928309763       8.713304268038655E-002  1.053773230591450E-002
   3040.88547670453       8.756791728702670E-002  1.005390845125261E-002
   4759.48847905594       8.645265406639663E-002  9.915424796011455E-003
   2604.49797263393       8.600938346805527E-002  1.039066699932381E-002
   7617.22504565695       8.556616740657284E-002  1.086688161654401E-002
   13033.5417636372       8.512294708716894E-002  1.134306173433707E-002
   15002.9572958729       8.465021424343204E-002  1.090761917042625E-002
   9514.44263293865       8.417748768380132E-002  1.047214536661786E-002
   436.916067537964       8.370479595071377E-002  1.003765485450443E-002
   12524.5977617245       8.305080429387800E-002  1.075232044871534E-002
   4635.09028199917       8.352539798897522E-002  1.118472600927194E-002
   752.852945014503       8.400101021821274E-002  1.161708988579592E-002
   3085.45716690599       8.447665905333045E-002  1.204944002906039E-002
   6545.58880083282       8.404676293736975E-002  1.264714131558449E-002
   5279.90711024999       8.361689188117251E-002  1.324486376848062E-002
   6858.60703767009       8.318804530773663E-002  1.384256024475838E-002
   2013.01222892863       8.901330135915694E-002  1.435012130827279E-002
   588.020781716614       8.930628365337426E-002  1.391565183079866E-002
   190.276796817899       8.959928381113301E-002  1.348216825824987E-002
   2617.49659475704       8.989123345367857E-002  1.304773413341796E-002
   4899.81769161258       9.018422784278811E-002  1.261427187225379E-002
   4401.92344437160       9.067642165860426E-002  1.301277420072321E-002
   2397.08130412012       9.116865738062387E-002  1.341228869855235E-002
   319.360461428663       9.166085364736208E-002  1.381081104503402E-002
   2997.88981211620       9.215411193278800E-002  1.421028408384584E-002
   6111.48640289257       9.272968717635900E-002  1.358105731021755E-002
   4669.66341297374       9.228800034530681E-002  1.312525367036667E-002
   1862.82347363611       9.184735524200613E-002  1.267039043649447E-002
   519.161624356192       9.140570396183914E-002  1.221556626524104E-002
   5565.30405991173       9.096504106277302E-002  1.176069916049041E-002
   3932.85388114539       9.136025641772205E-002  1.119453267986375E-002
   3189.50046535668       9.175643485061825E-002  1.062830062219369E-002
   1610.91841370716       9.215158471061136E-002  1.006210413443995E-002
   1800.30542273737       9.254772279031319E-002  9.495897446714972E-003
   1699.89964639744       9.169761776386089E-002  9.646940146491111E-003
   6167.45691154719       9.116889999051125E-002  1.009095550436132E-002
   6829.04587614827       9.064021575717268E-002  1.053593917465033E-002
   8028.17249890871       9.011147334146458E-002  1.097990281423206E-002
   9270.24078905940       8.962929995458806E-002  1.058094397057380E-002
   5671.35119078736       8.914709156372476E-002  1.018095082981172E-002
   4759.49611712469       8.866491592851350E-002  9.781939881973539E-003
   9452.90735012204       8.800908195559982E-002  1.049874450014885E-002
   209.884994216841       8.844924470922159E-002  1.094366437272288E-002
   4605.85955752817       8.889042958327963E-002  1.138854309846078E-002
   7004.82984657925       8.933064300551846E-002  1.183345968843218E-002
   1950.70421465853       8.892494673316342E-002  1.216386351438038E-002
   4551.03123399021       8.851820957345459E-002  1.249329905075794E-002
   5048.15046618024       8.811251723151745E-002  1.282367749129679E-002
   1760.01954440599       9.335892292565391E-002  1.415661550326785E-002
   333.654791448120       9.381373587800410E-002  1.369289223821145E-002
   1553.73408164391       9.426757297250252E-002  1.323020852684241E-002
   3502.70357535894       9.472136137695122E-002  1.276653412610469E-002
   2341.56525517195       9.517515620796738E-002  1.230287732158767E-002
   1919.87052093024       9.567938231928574E-002  1.272385979306557E-002
   62.7131240270136       9.618361064421389E-002  1.314484328698484E-002
   1794.81089823078       9.668779727488595E-002  1.356483040811934E-002
   1299.80806452524       9.719203435064891E-002  1.398581602581358E-002
   195.195115003677       9.772655459812567E-002  1.340144236930786E-002
   1976.84140081958       9.726241417028370E-002  1.293664149246762E-002
   378.950196711528       9.679927549482109E-002  1.247178629018533E-002
   1286.40189679587       9.633513607794755E-002  1.200697272937152E-002
   346.150732160733       9.587098842405942E-002  1.154216298651198E-002
   117.585771121475       9.628956388402655E-002  1.098398302277308E-002
   143.545283615516       9.670818308687065E-002  1.042680189067974E-002
   239.218913287441       9.712575881523761E-002  9.868666884080281E-003
   14.6403820650948       9.754437936052374E-002  9.311488874026139E-003
   112.710607002710       9.666557141318217E-002  9.447728139085317E-003
   4.09019586031603       9.614677440394866E-002  9.913276485890851E-003
   36.1046577963954       9.562902155916338E-002  1.037977928026174E-002
   938.126963869883       9.511027002642143E-002  1.084632662559363E-002
   2059.95926270489       9.454311375962789E-002  1.042814962993086E-002
   1897.82141394822       9.397596999598182E-002  1.000995037226969E-002
   873.895002463244       9.340887547538654E-002  9.592732665868492E-003
   154.459090704656       9.301463055788536E-002  1.002367121409625E-002
   2587.74159682631       9.348054757652258E-002  1.055150078585563E-002
   2983.38944131891       9.394748051520924E-002  1.107927786171470E-002
   4614.35966323833       9.441442597084772E-002  1.160704545153238E-002
   1285.90906926905       9.399296735297213E-002  1.210031533993904E-002
   993.203946124295       9.357152054835427E-002  1.259358589801873E-002
   3171.79148345432       9.315108020291928E-002  1.308680577467980E-002
   616831.120821560      -1.973832413252830E-003  2.247252184703087E-002
   279757.291633404      -1.484117577670584E-003  2.191699775744586E-002
   407936.769813453      -9.846894743695811E-004  2.136620986095284E-002
   2504430.40714965      -4.778753417812542E-004  2.081822917347418E-002
   1399422.50532944       3.051157458890341E-005  2.026316455745395E-002
   2184620.29404797       5.353787683263384E-004  2.080819051178007E-002
   387508.659068224       1.039141623406013E-003  2.134512323253152E-002
   568498.972042656       1.534038265838180E-003  2.188535909780766E-002
   1222222.64650639       2.018785760960364E-003  2.243187325283634E-002
   2006875.44873713       2.588497143157981E-003  2.186010032233170E-002
   2055633.83305108       2.021985361075633E-003  2.137865607800924E-002
   1909776.86441185       1.448610821365452E-003  2.090731990274928E-002
   31299.4276276114       8.729241610344237E-004  2.044363501173453E-002
   641070.080861544       3.074506934517963E-004  1.998012959120696E-002
   1341648.40158119       8.666735835908706E-004  1.948554736819254E-002
   1576312.54429820       1.430850881336090E-003  1.899178550435667E-002
   2478653.30466870       1.993777895100307E-003  1.849424904960500E-002
   1481631.68924405       2.552049118896526E-003  1.799077914427747E-002
   250976.282676031       1.539961394027139E-003  1.803996466289885E-002
   738584.836401162       1.040033286949310E-003  1.859361672592253E-002
   1486928.04007408       5.343471789123983E-004  1.914530473753375E-002
   774209.811279436       2.784858128940980E-005  1.970239534083484E-002
   1063720.71156753      -4.228638744505665E-004  1.915176624078548E-002
   45250.0441665912      -8.720366338675419E-004  1.860189167160338E-002
   403051.294100821      -1.317505024749964E-003  1.805016493806700E-002
   1775666.34786667      -2.493006212735828E-003  1.823326789332780E-002
   1107574.35147000      -1.934373584503941E-003  1.867522458404411E-002
   978704.283277105      -1.372403902867338E-003  1.911300894894264E-002
   347261.883943319      -8.099104891466409E-004  1.954947036996695E-002
   1122751.45783636      -2.496417492411693E-004  1.998449719011045E-002
   893378.875243268      -8.101812822323732E-004  2.047260039290391E-002
   2284791.54252882      -1.378764399806377E-003  2.095955654722619E-002
   2674407.43236999      -1.945264573305597E-003  2.145341464545628E-002
   2887039.44276288      -2.504193781779733E-003  2.195670709990066E-002
   765278.722961659       3.157734381661262E-003  2.243434896357195E-002
   1383772.28947988       3.642759484865017E-003  2.206887767774779E-002
   1376262.52555294       4.130286534635722E-003  2.170316281919582E-002
   2147586.29873374       4.617362934077494E-003  2.133205954342634E-002
   1151620.27894446       5.102607760979688E-003  2.095845198878607E-002
   2263672.27752010       5.605446472329029E-003  2.132262854826474E-002
   1520500.01270755       6.110434723546472E-003  2.168347084131792E-002
   1434381.17602894       6.615360579093165E-003  2.203877558081935E-002
   1187392.88718079       7.114941079959575E-003  2.239444363674977E-002
   2573209.63812013       7.637488100675401E-003  2.185134118079439E-002
   675269.681832792       7.249467654466994E-003  2.136917430196912E-002
   34910.6641850047       6.866936660638766E-003  2.088851332244215E-002
   842179.480112120       6.486757147157959E-003  2.040722905540609E-002
   495750.765879213       6.111402602340159E-003  1.992456330569113E-002
   296929.234084007       6.477435509430545E-003  1.948415221082840E-002
   253033.544955501       6.846250519782154E-003  1.904324358237909E-002
   1229574.15044793       7.215852413714784E-003  1.860228570834269E-002
   1094174.59523053       7.587487238677783E-003  1.815874794469888E-002
   12917.2941406605       6.407687054496669E-003  1.779876752758661E-002
   830748.364788049       5.966342253616224E-003  1.816715330933149E-002
   1316523.12110573       5.523235403303019E-003  1.853858757580108E-002
   949743.183725112       5.081331528037704E-003  1.891239199233667E-002
   1703220.33502480       4.575526767117081E-003  1.854716373782490E-002
   1356460.42238170       4.068263964395843E-003  1.818529438776504E-002
   874196.348144509       3.561735689215985E-003  1.782756184477173E-002
   934096.451372175       2.936756603162095E-003  1.848120119577576E-002
   70352.1953715233       3.317715595300780E-003  1.896793966210735E-002
   478942.797419655       3.696636344639419E-003  1.945553602958095E-002
   555105.143686669       4.072478875378816E-003  1.994430036679334E-002
   1029124.24539812       3.707595085369123E-003  2.042480125062687E-002
   239313.067568163       3.337688725060007E-003  2.090353491755339E-002
   185644.581068641       2.965786531515121E-003  2.138123991645251E-002
   940705.668601501       8.175513009009070E-003  2.237819639868398E-002
   859251.056985846       8.663827080474877E-003  2.193685184610000E-002
   1276680.84888081       9.159821601592290E-003  2.149716475021465E-002
   2803914.80422814       9.656598508740215E-003  2.105102742533711E-002
   1315321.48868040       1.015061346181732E-002  2.060034607490586E-002
   2471336.91617006       1.061822431555892E-002  2.102978144463131E-002
   783656.624691365       1.108675653798674E-002  2.145568766385987E-002
   619102.423774792       1.155329774885671E-002  2.187672314418852E-002
   1706415.48028375       1.201367662072293E-002  2.230093881950098E-002
   2809796.70011130       1.270380318994255E-002  2.156675817103115E-002
   1197461.50490075       1.223843261183451E-002  2.113495607477286E-002
   726154.813397406       1.177631871933078E-002  2.070634576273378E-002
   781174.804986544       1.131546971849856E-002  2.027935009261172E-002
   352714.016466139       1.086291927925551E-002  1.985063426304127E-002
   980774.209712525       1.129472967343022E-002  1.929278075685869E-002
   270094.359953134       1.173327475361115E-002  1.873925287839260E-002
   1330330.62819542       1.217733506119221E-002  1.818663019355341E-002
   1452381.31664338       1.262489517869513E-002  1.762785314641953E-002
   369072.135894643       1.178666424838165E-002  1.779194499845572E-002
   1550144.75020859       1.122750285940985E-002  1.823349744171406E-002
   1971009.28668104       1.067160156072483E-002  1.868205991534386E-002
   514363.320464915       1.011935612291421E-002  1.913645859843308E-002
   740159.402719395       9.665078829246889E-003  1.870490896065331E-002
   25584.5559856236       9.210620530912058E-003  1.827462466150233E-002
   503441.420664835       8.759678899600670E-003  1.784577057164692E-002
   1468049.15808890       8.042686582753528E-003  1.859394471565887E-002
   900012.868144428       8.497818054142028E-003  1.902521966726365E-002
   193540.719231887       8.953599775957782E-003  1.945473720825358E-002
   268209.468242108       9.406097147894379E-003  1.988255566181631E-002
   1026236.94307855       8.973592794869612E-003  2.037563958495051E-002
   432291.809969265       8.531363818436817E-003  2.086580979103703E-002
   1258946.55276487       8.086040584347358E-003  2.135636686837921E-002
   1443925.84855253       1.343107163227959E-002  2.226304721511131E-002
   347178.907566651       1.386700928244222E-002  2.175225458153420E-002
   223424.357251509       1.431194747736261E-002  2.124663000244850E-002
   1893043.41270224       1.476290664496865E-002  2.073959057203282E-002
   1297153.33805613       1.521538259103181E-002  2.022867996985032E-002
   2433402.68942349       1.571196406862984E-002  2.072555263021911E-002
   328716.063374882       1.621081706880881E-002  2.121395473583467E-002
   160985.839891355       1.670498803572570E-002  2.169861714121018E-002
   2132384.30301091       1.719021812125124E-002  2.218779415299844E-002
   2583133.98200516       1.778363170775588E-002  2.156629349301925E-002
   1698085.36453469       1.725397579343240E-002  2.110585951309090E-002
   1099760.60534888       1.672281958998733E-002  2.065311481948220E-002
   731742.049259308       1.619258680787379E-002  2.020398371518872E-002
   146255.456192075       1.567432950276872E-002  1.975238726316094E-002
   719354.249456369       1.617989927366944E-002  1.934633164152723E-002
   1550267.58004061       1.668903456830042E-002  1.893825074610243E-002
   2148674.69327001       1.719572412079415E-002  1.852439204711860E-002
   1153698.33122187       1.770029259410359E-002  1.810754732780355E-002
   1008411.01081551       1.640531243192014E-002  1.775988220490180E-002
   308313.353948039       1.600802457748396E-002  1.826960628731402E-002
   753966.192148551       1.560718107432540E-002  1.877936484510444E-002
   640368.872853971       1.520232209462448E-002  1.929115579419122E-002
   1884581.50181971       1.462968488574561E-002  1.879290922912508E-002
   1045345.49886436       1.405189980174200E-002  1.830342072135032E-002
   638229.592878478       1.347115158060831E-002  1.782171724916101E-002
   880634.141754267       1.315976654522770E-002  1.816468242779763E-002
   114589.479625661       1.369472908757994E-002  1.869518582093293E-002
   773550.066756306       1.422423771797560E-002  1.922642711955531E-002
   247844.412236480       1.474278144635477E-002  1.976554720440904E-002
   157696.315827540       1.423741178608067E-002  2.021048141645764E-002
   1854045.60305296       1.372397574299929E-002  2.065676317316567E-002
   2071580.94372256       1.321272245921360E-002  2.110844534890603E-002
   753619.424762816       1.840043854435790E-002  2.216615627073571E-002
   1160905.24475102       1.886867541631412E-002  2.176783102683455E-002
   1341198.89844582       1.934148277830549E-002  2.137006772677406E-002
   2268733.41195940       1.981440168950645E-002  2.096644433629192E-002
   1248352.69829497       2.028456708305158E-002  2.055819602455502E-002
   1928848.52027908       2.076229151382668E-002  2.093948773546876E-002
   844499.176127816       2.123872030954501E-002  2.131870158644448E-002
   766953.164086917       2.171601259827341E-002  2.169359331333427E-002
   1442024.71960492       2.218804860978825E-002  2.207056969995193E-002
   2260146.89506767       2.282915582619478E-002  2.138647554411506E-002
   856493.909559808       2.241121626966754E-002  2.094156068912855E-002
   418631.183364810       2.199690631341927E-002  2.049800887801275E-002
   612155.724526867       2.158348498469129E-002  2.005700931844796E-002
   377536.956479978       2.117483557329157E-002  1.961286679881635E-002
   302518.040941912       2.155740373219071E-002  1.912473586267782E-002
   127785.686092128       2.194342033244422E-002  1.863670923966598E-002
   1224204.67046054       2.233062038174639E-002  1.814881902581312E-002
   903394.399636271       2.271987910387855E-002  1.765671472171510E-002
   36829.5483152647       2.165820059838997E-002  1.750208130843147E-002
   928934.135832349       2.118336331407876E-002  1.790521156326103E-002
   1289019.83276323       2.070721463470800E-002  1.831188337143869E-002
   960265.979394823       2.023274368256664E-002  1.872113274646278E-002
   1244350.21205533       1.981175128611211E-002  1.833711540741033E-002
   646497.031192774       1.939144155084331E-002  1.795658071999673E-002
   60016.2036321234       1.897167613568382E-002  1.757855165539879E-002
   1295314.23409985       1.811357079888206E-002  1.849876953792599E-002
   618667.688207744       1.852504169392547E-002  1.888881175346144E-002
   62092.6772872266       1.893584932756434E-002  1.927635546695898E-002
   867212.455581015       1.934454142972012E-002  1.966425092963469E-002
   1057853.23668451       1.896110091185799E-002  2.014039465776540E-002
   89371.5181925443       1.857209840598833E-002  2.061521974745806E-002
   510998.683976831       1.818044588710139E-002  2.108963449380572E-002
   639707.849569376       2.350858799556053E-002  2.203292218854412E-002
   969818.260282637       2.395896496271048E-002  2.165702165706470E-002
   1014726.59661803       2.441415959708963E-002  2.128147528177430E-002
   1819322.23876386       2.486794760120051E-002  2.090171133644736E-002
   978900.724458756       2.532243799631755E-002  2.052063174070000E-002
   1566942.48913205       2.575149954133773E-002  2.087445105467486E-002
   708977.136902545       2.617963778577520E-002  2.122868936866792E-002
   735350.234738482       2.660774647013685E-002  2.157981816836520E-002
   627611.728112036       2.703238487530172E-002  2.193209866485280E-002
   1658130.13403397       2.785288741197469E-002  2.105417820345865E-002
   724742.968495814       2.746635225704533E-002  2.065534933678757E-002
   506067.005576756       2.708202263211277E-002  2.025646419714867E-002
   277197.528906183       2.669741823398697E-002  1.985900144904512E-002
   124695.426770726       2.631709053484510E-002  1.946006013314645E-002
   295856.326395109       2.666923779338401E-002  1.894623643373635E-002
   86947.6640362461       2.702461806882031E-002  1.843334296821536E-002
   599392.229985847       2.738080435199966E-002  1.792039757063997E-002
   548246.774502834       2.773824424389332E-002  1.740628976767883E-002
   237420.710757179       2.674927399549780E-002  1.731849684510887E-002
   752942.391360053       2.625211174612807E-002  1.769841017417730E-002
   881886.313682772       2.575520859498859E-002  1.808126732608089E-002
   666629.678546690       2.525891229175855E-002  1.846466588552715E-002
   1057287.21411429       2.476346737058522E-002  1.811140889649088E-002
   814280.957463731       2.426588849970188E-002  1.776011589790921E-002
   415450.307729705       2.376964275298392E-002  1.741181305958298E-002
   740975.478572131       2.310890965590272E-002  1.812538629606780E-002
   109067.198001321       2.349615624414908E-002  1.859104718036132E-002
   282341.770008409       2.388238657648599E-002  1.905730241753825E-002
   523808.790678500       2.426588776139584E-002  1.952288611380760E-002
   607538.317201801       2.391166369257113E-002  1.998929446845094E-002
   224671.228993760       2.355251300631497E-002  2.045330381797415E-002
   661910.957959359       2.319245302772376E-002  2.091944885622423E-002
   324360.399168356       2.872719742563539E-002  2.187831866661836E-002
   645827.694608095       2.912818536379004E-002  2.148207132016050E-002
   686837.135384241       2.953283486622339E-002  2.108676853588870E-002
   1545331.81234592       2.993758994125244E-002  2.069042165582661E-002
   772655.916894864       3.034299450240264E-002  2.029189668999999E-002
   1319942.45399990       3.068435346026206E-002  2.066551778652631E-002
   435339.717466308       3.102420785809354E-002  2.103806185093338E-002
   502606.059622813       3.136422422353753E-002  2.141007923252016E-002
   419741.044141379       3.170057319671028E-002  2.178352490254815E-002
   1220421.68056102       3.286142911979435E-002  2.053236946066868E-002
   550308.388561098       3.246065763113156E-002  2.022571493987787E-002
   529666.360216264       3.206164799700319E-002  1.991700946659519E-002
   163860.667181572       3.166373455892726E-002  1.960961585419448E-002
   101189.035029328       3.126756549279820E-002  1.930102444582389E-002
   263672.790040769       3.163819962668792E-002  1.881657505970701E-002
   105745.339169643       3.200883732822370E-002  1.833220680608337E-002
   475320.445482869       3.238175796891185E-002  1.784863040383708E-002
   457076.698917835       3.275505194823732E-002  1.736251286773223E-002
   165596.638510234       3.166906221444549E-002  1.717607053870809E-002
   475830.710417330       3.120665445487317E-002  1.757531315523890E-002
   751683.509769278       3.074297036819089E-002  1.797458739716251E-002
   296175.208966684       3.028013080815625E-002  1.837661867854314E-002
   618910.657333700       2.976063853881165E-002  1.800730044451994E-002
   443312.105726107       2.924042429790542E-002  1.764087529402116E-002
   183384.512320311       2.872022928666894E-002  1.727497048351216E-002
   417282.705106097       2.814471640516921E-002  1.789625289959023E-002
   13376.7309342917       2.855015217425789E-002  1.838557224378331E-002
   244548.574678878       2.895313687141292E-002  1.887480990514924E-002
   158216.949501468       2.935575658995216E-002  1.936451751909918E-002
   222361.713697172       2.898311574582425E-002  1.978684338817513E-002
   562075.721200857       2.860819744739861E-002  2.020817008022186E-002
   811972.369542116       2.823151986604330E-002  2.063100441292589E-002
   430688.625114030       3.410880188666425E-002  2.169561894235573E-002
   146519.053783981       3.441287605938270E-002  2.117095021638209E-002
   215077.782838433       3.472101933952390E-002  2.064883962133080E-002
   757883.450615361       3.503084978735047E-002  2.012562948637740E-002
   656566.611771454       3.534346624598988E-002  1.960104999897904E-002
   1296583.88793223       3.581923168311686E-002  2.009769513489213E-002
   30069.2645254230       3.629453884706407E-002  2.059068635210764E-002
   78083.4236632733       3.676794649423592E-002  2.108169552543232E-002
   846989.921133191       3.723712363278976E-002  2.157593197695498E-002
   1200987.21444416       3.791025706679686E-002  2.084837292996449E-002
   824406.702991323       3.737359507167828E-002  2.041940377314043E-002
   687173.004164858       3.683737848199485E-002  1.999282612267296E-002
   327562.141274092       3.630046645198393E-002  1.956884266247244E-002
   151317.696805382       3.576883357091665E-002  1.914343812920720E-002
   267093.733138720       3.626923948775710E-002  1.864649461067009E-002
   646227.359778099       3.677155919118945E-002  1.814945485434164E-002
   1105907.09788803       3.727266839714292E-002  1.765060606082255E-002
   695848.421414323       3.777347178050491E-002  1.714930803370232E-002
   177609.382061604       3.671713326686908E-002  1.712948692028928E-002
   276430.239293983       3.625050666873439E-002  1.765739388851932E-002
   713165.000557992       3.578215976762097E-002  1.818640417826401E-002
   282407.204561664       3.531387424220207E-002  1.871772803994011E-002
   534911.947111033       3.481866032803400E-002  1.822060837260713E-002
   84354.9053903935       3.432339705753477E-002  1.772587138865044E-002
   176542.144744027       3.383047827339896E-002  1.723253053212829E-002
   412065.696928425       3.328894290312159E-002  1.781789778647537E-002
   266411.270915623       3.382247867207622E-002  1.827021552328470E-002
   276296.107939962       3.435681895818461E-002  1.872182903033622E-002
   187636.643666259       3.488819650936459E-002  1.917414975970026E-002
   828478.074480905       3.438223501058384E-002  1.951172647822635E-002
   1337608.76848433       3.387429171133826E-002  1.985060801323330E-002
   1142095.50055245       3.336836855746497E-002  2.019178700388647E-002
   469747.290011668       3.863525502608669E-002  2.152456616334109E-002
   168959.148947389       3.906897115216829E-002  2.106143993575485E-002
   274432.133187747       3.950598638169697E-002  2.059925309505307E-002
   840589.058676654       3.994363607879003E-002  2.013574516569983E-002
   570441.868513732       4.038097007243403E-002  1.966899788187169E-002
   935088.402199687       4.089713090415006E-002  2.010053457885080E-002
   406272.206810013       4.141397509025838E-002  2.052904232349754E-002
   308130.887870001       4.193121054462639E-002  2.095538791621780E-002
   458018.040489042       4.244645103098271E-002  2.138162588310518E-002
   745246.416208760       4.293997683091143E-002  2.084312131743573E-002
   206713.218751112       4.246621676307580E-002  2.036803452853992E-002
   26493.3348421549       4.199357875727850E-002  1.989383591935382E-002
   492543.751993296       4.152256585263078E-002  1.941960719677050E-002
   37666.4504949998       4.105374062842523E-002  1.894352154557964E-002
   437195.265414081       4.149272824419044E-002  1.859223515176428E-002
   572729.493794320       4.193149063006571E-002  1.823946857058553E-002
   775499.297708255       4.237007079156520E-002  1.788664721945924E-002
   476085.543435248       4.280851999312382E-002  1.753317586016064E-002
   232797.401392847       4.129104705268771E-002  1.688555834184670E-002
   13833.4606490819       4.097175843916812E-002  1.734656209375896E-002
   256981.685157575       4.065064181259260E-002  1.780774115729926E-002
   420447.071121852       4.032958429777829E-002  1.827033676826926E-002
   772177.259767959       3.982754079333591E-002  1.783786684936161E-002
   374902.757099562       3.932472982057082E-002  1.740909157551645E-002
   177725.586325010       3.882228402334229E-002  1.698192763305929E-002
   449950.764404539       3.824610161966131E-002  1.761202292360792E-002
   141075.747470498       3.871810728106086E-002  1.807313353784676E-002
   273880.646016832       3.918867201087555E-002  1.853368364961765E-002
   385564.536888469       3.965773926737356E-002  1.899513255751186E-002
   165727.371349923       3.922253500678882E-002  1.945780493645071E-002
   365133.684309279       3.878581401589008E-002  1.992005790954109E-002
   583729.416357512       3.834829877433706E-002  2.038357846204916E-002
   423510.766789524       4.347698723652936E-002  2.133798832488234E-002
   44363.1022772085       4.395198517614860E-002  2.080685794262895E-002
   139745.091558037       4.443039255924533E-002  2.027702850279630E-002
   708896.905768300       4.490979080223909E-002  1.974619428867482E-002
   406163.797399509       4.538812380700230E-002  1.921124413725211E-002
   484186.481083157       4.585020371475988E-002  1.970596910806772E-002
   45414.4504788528       4.631158734262215E-002  2.019838733337995E-002
   75978.6428906210       4.677182394376377E-002  2.069071936700319E-002
   423980.257508074       4.722994004107574E-002  2.118429585586317E-002
   616576.337670144       4.794976336602370E-002  2.040057000357831E-002
   471933.869931548       4.741535010664218E-002  1.998606395860626E-002
   433701.141029224       4.688054526775805E-002  1.957272674850840E-002
   20810.2370142437       4.634556554615103E-002  1.916085711771826E-002
   56273.9682179372       4.581144329924593E-002  1.874898219867040E-002
   161933.647043736       4.630786319980675E-002  1.827891551549739E-002
   359626.258095532       4.680538285028063E-002  1.781003613019035E-002
   645742.667776308       4.730284591855299E-002  1.733894372344331E-002
   391598.223988669       4.779966251224053E-002  1.686644767667847E-002
   158835.210868471       4.664462337994169E-002  1.673053347952600E-002
   146548.875690693       4.621353303004595E-002  1.726086950713172E-002
   444469.540623816       4.578235926037201E-002  1.779149856994792E-002
   376302.885741347       4.535012770750009E-002  1.832495296218433E-002
   255253.670325062       4.498972886668639E-002  1.782586643627842E-002
   203106.656137198       4.462997196939573E-002  1.732832572993829E-002
   142410.311014227       4.427230950408816E-002  1.683051474055751E-002
   579502.492642635       4.333777811509754E-002  1.784765898716473E-002
   676101.164300112       4.386706427938570E-002  1.816184036810154E-002
   403514.418382621       4.439694103372727E-002  1.847548788962805E-002
   48492.8673376582       4.492686313808884E-002  1.878706416423942E-002
   212830.609721299       4.443214793912519E-002  1.930065281125293E-002
   296790.200019443       4.393488826534690E-002  1.981311099569318E-002
   520387.717895098       4.343696289429834E-002  2.032688112246761E-002
   202835.382971563       4.873220645259434E-002  2.112207589939312E-002
   144851.773367512       4.915083585412814E-002  2.066570334568130E-002
   195678.075240458       4.957100781263880E-002  2.020869066648398E-002
   520536.297937623       4.999139389188751E-002  1.975184602910404E-002
   324321.574068860       5.041157624954093E-002  1.929282803036171E-002
   508270.095928615       5.089707017529308E-002  1.971305891681461E-002
   182049.365740851       5.138149250214126E-002  2.013157598552009E-002
   134647.322936516       5.186682229439273E-002  2.055024477176676E-002
   266172.525889544       5.234976536462064E-002  2.096830488300386E-002
   477295.771743776       5.296309312721483E-002  2.029821553722979E-002
   253309.296122149       5.250124960371479E-002  1.985445461813057E-002
   140463.532958675       5.203874280811584E-002  1.941033276460466E-002
   151033.565752465       5.157777805043690E-002  1.896759106976660E-002
   55941.5310596136       5.111724061970446E-002  1.852323706462384E-002
   68437.5984218180       5.153908298809589E-002  1.806165853882259E-002
   181503.636856234       5.196080172196747E-002  1.760018174994793E-002
   388848.710647156       5.238370134468987E-002  1.713810999564054E-002
   234533.034518059       5.280542677080011E-002  1.667519239980186E-002
   76000.6419176380       5.162599894499676E-002  1.644125709305524E-002
   119768.689897331       5.120048537754761E-002  1.689982075592625E-002
   250398.332479787       5.077450277285999E-002  1.735771979141611E-002
   268623.608897827       5.034841076026072E-002  1.781716463087033E-002
   389180.223356540       4.987708764348169E-002  1.739611445067253E-002
   161615.226790223       4.940665551031183E-002  1.697721326816437E-002
   62375.3340433703       4.893555172784952E-002  1.655797254341470E-002
   301411.588027785       4.826080991766143E-002  1.729743270039658E-002
   152830.720889303       4.872267475907727E-002  1.772765976943582E-002
   76745.7876443851       4.918297045953920E-002  1.815643073600035E-002
   193887.382078252       4.964322594122538E-002  1.858635048971273E-002
   139898.175200939       4.922082853888941E-002  1.903975683001614E-002
   158553.057903411       4.879797362391359E-002  1.949282003441793E-002
   269854.777809096       4.837362090064199E-002  1.994649846737164E-002
   97597.0305572818       5.363232393619906E-002  2.091265736913912E-002
   224905.674547544       5.408004401402950E-002  2.052193986369833E-002
   241774.304195094       5.452979440875012E-002  2.013121717240684E-002
   385801.161381805       5.497846176562071E-002  1.973986506640722E-002
   217997.828415422       5.542794605158015E-002  1.934786988545315E-002
   356415.228907441       5.593589830027073E-002  1.969763410170875E-002
   197276.236028111       5.644380961159488E-002  2.004723532003189E-002
   202978.557043423       5.695091722916312E-002  2.039619568803157E-002
   108416.809100930       5.745842078871934E-002  2.074498468905941E-002
   281436.254396954       5.797065036441135E-002  2.018389354889890E-002
   67491.0953987942       5.757574781239932E-002  1.971066007694997E-002
   8387.86467134018       5.718151441939630E-002  1.923854423261174E-002
   153996.659851944       5.678763670393028E-002  1.876547003828407E-002
   9368.73207325295       5.639466430676297E-002  1.829181301104741E-002
   63378.3240167024       5.674920902595246E-002  1.788510933260291E-002
   117921.119823978       5.710404029214072E-002  1.747742964714041E-002
   196656.288371634       5.745902197536065E-002  1.707057004596594E-002
   162044.447941848       5.781398252364462E-002  1.666338690789642E-002
   32247.6091593056       5.646437540493675E-002  1.615915383512658E-002
   107185.284622792       5.608977439563168E-002  1.654766162591012E-002
   164249.589579615       5.571403524415214E-002  1.693636526351925E-002
   160491.013596231       5.533917708693088E-002  1.732516235144706E-002
   254476.519342393       5.487842476776466E-002  1.697308320977294E-002
   152035.993348649       5.441756192616470E-002  1.662154926630175E-002
   121596.472122301       5.395675677710193E-002  1.627046022860770E-002
   127705.682247561       5.319794171136968E-002  1.710175940472117E-002
   45690.5049617076       5.358998789002418E-002  1.752819235394553E-002
   69961.6930332338       5.398170192731793E-002  1.795444744265966E-002
   118549.372466956       5.437296426116888E-002  1.838079621059421E-002
   106818.886512919       5.402148032821418E-002  1.886063772623502E-002
   54678.3456080840       5.366920178770947E-002  1.933926077943800E-002
   159120.049031804       5.331650578272319E-002  1.981911275563415E-002
   61275.2368261407       5.853122959234654E-002  2.069661994082724E-002
   139578.603246710       5.900524432247190E-002  2.030271965203064E-002
   167188.659192225       5.947889869743685E-002  1.990881326550300E-002
   213538.484322131       5.995349918863922E-002  1.951446267197877E-002
   104758.446973349       6.042785870549934E-002  1.911963778973982E-002
   233304.774462447       6.092312303215701E-002  1.947063296949221E-002
   122292.350938479       6.141882947016671E-002  1.982050841239726E-002
   132697.466189526       6.191467320111983E-002  2.016943503477642E-002
   913823.096378537       6.240833854222533E-002  2.051837210584672E-002
   626642.970673272       6.296943078887247E-002  1.990115750052542E-002
   84509.1736554508       6.257310272756272E-002  1.944359416370287E-002
   146457.588523564       6.217774253050992E-002  1.898489479598730E-002
   257645.593921615       6.178306841183646E-002  1.852615371171659E-002
   223829.717668444       6.138901623886626E-002  1.806712712856165E-002
   206581.710993008       6.174304317465794E-002  1.762067111954195E-002
   85821.2829753503       6.209743819133387E-002  1.717299899156041E-002
   325154.167863570       6.245262076897484E-002  1.672617296657068E-002
   303775.429982626       6.280808856361302E-002  1.627765711029340E-002
   96122.1072414040       6.158881653925728E-002  1.593154518948031E-002
   309610.599980387       6.117221633923747E-002  1.632191714983022E-002
   543552.926565440       6.075438089509906E-002  1.671288837227504E-002
   139674.474688957       6.033813767183222E-002  1.710509305164059E-002
   244093.648649410       5.992992110765025E-002  1.675057184435750E-002
   20334.1595717626       5.952113913960140E-002  1.639602465278128E-002
   84679.6995276245       5.911352117988052E-002  1.604176579163824E-002
   186024.623462239       5.820475991398363E-002  1.703718719296123E-002
   73561.1100076456       5.859546488957939E-002  1.741054290435917E-002
   118333.493684473       5.898608720972134E-002  1.778456783003953E-002
   24047.8879940766       5.937584891476275E-002  1.815796094449942E-002
   48563.2927613646       5.902510396967993E-002  1.866463456922427E-002
   24967.8354785423       5.867400548997072E-002  1.917123137437345E-002
   112954.101617541       5.832250000684950E-002  1.967691623192229E-002
   656271.053421149       6.358468028153265E-002  2.046401897019375E-002
   190773.085514267       6.403989624938518E-002  1.997731678809586E-002
   92691.2012658218       6.449808158153048E-002  1.949120722476405E-002
   24669.3577799881       6.495686962231291E-002  1.900564362701865E-002
   129829.609872351       6.541509063830682E-002  1.851752580170723E-002
   37986.7691912871       6.591797999626427E-002  1.896406442462190E-002
   15263.2682246985       6.642180838380202E-002  1.940949901460513E-002
   23378.1859576347       6.692453851231621E-002  1.985608467167497E-002
   54075.9690542752       6.742805056156893E-002  2.030279117240308E-002
   58893.7785846419       6.796939930813940E-002  1.971310015738889E-002
   44122.7613811858       6.748089718015964E-002  1.924955060780239E-002
   34099.5327658447       6.699233336591977E-002  1.878716579610592E-002
   45351.0962035315       6.650466809719216E-002  1.832386814350702E-002
   231478.240649112       6.601591559233615E-002  1.786178321637704E-002
   89784.4273825906       6.646027351797090E-002  1.731978310058237E-002
   94918.1693728976       6.690481847090336E-002  1.677842243651599E-002
   14536.0812451044       6.735082929130418E-002  1.623693695470678E-002
   23940.1274943374       6.779657531470795E-002  1.569438057652827E-002
   130497.205876928       6.686898115322555E-002  1.579336344910540E-002
   4769.32247540911       6.636584626473803E-002  1.628211467654300E-002
   37599.3469735525       6.586261887511227E-002  1.677049505017535E-002
   288797.282659404       6.535962257131651E-002  1.726042758960777E-002
   245643.756003151       6.490538088809472E-002  1.681229747209480E-002
   63023.0478268599       6.445003505218821E-002  1.636691030334013E-002
   161068.277242618       6.399649786521926E-002  1.592075183445905E-002
   395837.566294960       6.329665043459147E-002  1.668925638358759E-002
   179400.731617932       6.378534188045779E-002  1.709862104141495E-002
   37145.3555591142       6.427260591407137E-002  1.750827061051512E-002
   478333.217346988       6.475979426651135E-002  1.791660489666824E-002
   174324.846797390       6.431273846714004E-002  1.841232069724713E-002
   27759.6785002047       6.386588287785995E-002  1.890810859865754E-002
   110144.910742452       6.341761123818165E-002  1.940460438539882E-002
   35012.1764751530       6.855896346125172E-002  2.025459850936716E-002
   4844.15820641514       6.902015413115375E-002  1.970771299747122E-002
   2812.22853825960       6.948056168705205E-002  1.915997270704489E-002
   72031.7299057080       6.994208345092584E-002  1.861309564333333E-002
   41465.9702731842       7.040251693204461E-002  1.806597589427000E-002
   85052.1156960344       7.091042976220661E-002  1.857141206954985E-002
   13254.3569295251       7.141845974983782E-002  1.907639614046570E-002
   6182.67575969148       7.192640731792850E-002  1.958227270138667E-002
   61591.5859419874       7.243396695306521E-002  2.008731821498248E-002
   79429.8013115442       7.296901152823809E-002  1.950333970784470E-002
   53080.9540939493       7.242097202030984E-002  1.904189134264673E-002
   31357.8602428256       7.187185849876176E-002  1.858073837920106E-002
   31448.3837588996       7.132383286097851E-002  1.811968691318462E-002
   5901.61637496379       7.077627655542025E-002  1.765844493587445E-002
   27422.5444648168       7.128672580260492E-002  1.726028857004970E-002
   56048.5142928629       7.179718525287990E-002  1.686193811131128E-002
   64611.8890963696       7.230850861433241E-002  1.646236410239402E-002
   31557.3862588209       7.281878557713192E-002  1.606370315370594E-002
   42299.9802651847       7.142867327958458E-002  1.565579591191276E-002
   30244.8918833148       7.107494465656634E-002  1.619946282930870E-002
   4396.67886417536       7.072198918110399E-002  1.674200879132106E-002
   2120.06183099424       7.036886411879474E-002  1.728459936668865E-002
   43674.4407349021       6.982339892720303E-002  1.678059584164691E-002
   45447.1588959491       6.927774959243892E-002  1.627684863448203E-002
   16572.1155084704       6.873195526955136E-002  1.577226514503263E-002
   17838.3215740859       6.834614845612826E-002  1.619367191577778E-002
   4393.22811751815       6.889664194242130E-002  1.669294578954597E-002
   5881.65418232218       6.944596712940537E-002  1.719240267361354E-002
   17943.5839814510       6.999508017388106E-002  1.769204497957102E-002
   36631.8684240466       6.948918449354972E-002  1.819679544665048E-002
   21102.5551855293       6.898294788738266E-002  1.870241735859995E-002
   32765.4301768482       6.847562384014906E-002  1.920719814267745E-002
   36528.9774143445       7.355284004032407E-002  2.003856168125748E-002
   11515.3604194858       7.401617785820266E-002  1.952919079255773E-002
   27485.5539251925       7.447978676349612E-002  1.901987059937064E-002
   83067.0074488960       7.494337317161084E-002  1.850938305384906E-002
   42967.5268648394       7.540687661343211E-002  1.799958941137185E-002
   64534.2682160438       7.589030181961968E-002  1.846766920162727E-002
   7909.91650780265       7.637475828009639E-002  1.893655791075209E-002
   3956.31208798760       7.685810594783812E-002  1.940441594758923E-002
   45530.3134468186       7.734123573140606E-002  1.987237121239376E-002
   65288.6085646443       7.796288772204826E-002  1.919320071333277E-002
   39034.6256747026       7.745370885534682E-002  1.875329650996414E-002
   28216.3633749149       7.694452539593705E-002  1.831351206651772E-002
   18955.1622689025       7.643433667563336E-002  1.787287636018237E-002
   4362.08153876669       7.592542912394179E-002  1.743311210302776E-002
   6550.11722603540       7.639077504604061E-002  1.688424121403270E-002
   11491.8981252769       7.685727823826195E-002  1.633538952025457E-002
   39663.8052369967       7.732286084276255E-002  1.578654876205622E-002
   27029.1240245394       7.778843556727082E-002  1.523852708400380E-002
   1114.80321841515       7.687764781107628E-002  1.537859292650519E-002
   23216.6290668665       7.637142874195212E-002  1.589013839876676E-002
   38752.2472947775       7.586523446938272E-002  1.640276065603402E-002
   17693.7856300775       7.535907647792713E-002  1.691453180860868E-002
   13567.3335338798       7.496175212215664E-002  1.644260810219032E-002
   9043.83051471984       7.456444736899437E-002  1.596977285656409E-002
   18064.4546034684       7.416628942821697E-002  1.549796226156872E-002
   47489.8987799088       7.332395893784036E-002  1.641790318696956E-002
   40793.2949316405       7.382920143726472E-002  1.677302145873284E-002
   22248.2438542382       7.433541072686688E-002  1.712698857932837E-002
   25073.5240551164       7.484056101933124E-002  1.748091748439825E-002
   37339.7432200999       7.437326371935991E-002  1.798653795837241E-002
   13490.0714977782       7.390460594807727E-002  1.849206745395168E-002
   37275.5368988696       7.343681474977747E-002  1.899762359841378E-002
   27235.4163785899       7.864192160892319E-002  1.981501017303494E-002
   9813.97682545496       7.908290117369146E-002  1.932730094290432E-002
   18180.4542916533       7.952407827965163E-002  1.883963821840008E-002
   57709.4538416021       7.996632854899388E-002  1.835283406350050E-002
   28858.1478268567       8.040749885616344E-002  1.786491290779810E-002
   43161.2536907059       8.079703165941461E-002  1.831607210366797E-002
   5950.07576439339       8.118547407335613E-002  1.876625656354750E-002
   6897.45678444703       8.157495522091615E-002  1.921734877894269E-002
   11195.4967895069       8.196337342732143E-002  1.966851240908590E-002
   24847.1471015105       8.294279658217789E-002  1.859790734399040E-002
   14470.9624127508       8.245883632354400E-002  1.825108990097768E-002
   14068.1985809178       8.197485784491398E-002  1.790327333519802E-002
   13564.0072217841       8.149192972958579E-002  1.755645274027133E-002
   10360.6094078842       8.100808191810856E-002  1.720862009328110E-002
   1488.63804506457       8.145006864160870E-002  1.661047166318500E-002
   7420.36537373047       8.189103994795924E-002  1.601235060699919E-002
   5813.06705063544       8.233300117968312E-002  1.541416772727584E-002
   4397.54462475560       8.277497054384808E-002  1.481693053835675E-002
   5601.45209514913       8.202208769410504E-002  1.512966928430366E-002
   2060.68909254723       8.146537998578246E-002  1.562281812534662E-002
   4707.26455887778       8.090861001917489E-002  1.611494729044302E-002
   1633.40744285788       8.035188405306889E-002  1.660807569541447E-002
   7490.67252996728       7.980362761205953E-002  1.616388088453662E-002
   5572.08915297209       7.925535958383219E-002  1.572080721553807E-002
   2667.38767772729       7.870705764810428E-002  1.527678844450829E-002
   6981.82267687249       7.827942854640178E-002  1.574426049111169E-002
   1800.39630110450       7.877046220796094E-002  1.625090825349362E-002
   6788.87741157344       7.926043924676418E-002  1.675759116171251E-002
   23729.3338221428       7.975135974783273E-002  1.726425320776835E-002
   18124.8829778979       7.930416873205312E-002  1.774623184104196E-002
   17838.8873715976       7.885781937079758E-002  1.822911360544341E-002
   32608.5934994933       7.841036425873886E-002  1.871111071735338E-002
   6364.92381286862       8.401334190582826E-002  1.957739455603462E-002
   4749.63938811222       8.436263855237701E-002  1.914849316138103E-002
   4901.92589624382       8.471303428855943E-002  1.872056845400358E-002
   16870.0630548429       8.506239623090822E-002  1.829167020967376E-002
   8766.04937272846       8.541281496032709E-002  1.786370639190560E-002
   17818.4837952355       8.586973483832552E-002  1.825578061423037E-002
   4922.12079647151       8.632668241605126E-002  1.864886290906255E-002
   5879.18433108214       8.678359416603428E-002  1.904091858490166E-002
   2412.53244624351       8.723953371871183E-002  1.943401778132479E-002
   7390.05643048946       8.795066150982225E-002  1.865660570729817E-002
   1677.05108515360       8.751856461902872E-002  1.823742222231574E-002
   954.666690275796       8.708743977335720E-002  1.781719411556097E-002
   9146.49754552608       8.665532355792675E-002  1.739701790049240E-002
   8410.90694039709       8.622426050152386E-002  1.697675937786011E-002
   3252.39237704023       8.662201162806013E-002  1.664675310540944E-002
   3997.63384085967       8.702078509138318E-002  1.631769012985984E-002
   2806.29139424961       8.741851187444000E-002  1.598767496946363E-002
   1000.71773018991       8.781723894638467E-002  1.565762189095130E-002
   819.498603233395       8.621644504635814E-002  1.488802875507019E-002
   1938.53205267931       8.592306868138257E-002  1.531349386011979E-002
   1888.57169582760       8.563073358419053E-002  1.573990694304999E-002
   5991.72351784777       8.533736358485960E-002  1.616536789691808E-002
   5363.39111736845       8.474165227536692E-002  1.577942763180155E-002
   3596.22232556277       8.414588296819846E-002  1.539251439731182E-002
   5782.88618007410       8.355015303038150E-002  1.500661759214755E-002
   8354.61667161565       8.321319279517772E-002  1.537496526374291E-002
   6190.36224021883       8.365044884937368E-002  1.593406280343831E-002
   3042.13562177819       8.408869190077281E-002  1.649313280726912E-002
   3099.14010043951       8.452594151393664E-002  1.705224900753085E-002
   3209.53099832765       8.413070820013920E-002  1.743912650836738E-002
   13155.9506849660       8.373439817641805E-002  1.782505067001747E-002
   14816.6160415642       8.333912976864583E-002  1.821195634419919E-002
   1834.98539059673       8.872805771874508E-002  1.936774656506445E-002
   2222.66505499486       8.914868194133449E-002  1.896765811475849E-002
   2471.14510570935       8.957032172260740E-002  1.856752937327476E-002
   5426.87297129524       8.999200729701208E-002  1.816839257106620E-002
   2243.90831142298       9.041365069027854E-002  1.776825243153501E-002
   5579.08297160822       9.096807840107786E-002  1.812494216429303E-002
   2733.33213796506       9.152246009807877E-002  1.848063476995288E-002
   3332.21729777635       9.207689377679759E-002  1.883731249253455E-002
   600.396914575248       9.263132476693554E-002  1.919398091020424E-002
   2491.30276331378       9.296348888663192E-002  1.883083183418579E-002
   545.207896975732       9.255890966911970E-002  1.831033152357706E-002
   1092.97372786499       9.215434403829653E-002  1.778982909690255E-002
   3398.55161719069       9.175078511047084E-002  1.726927841891930E-002
   2524.36641815395       9.134624534166363E-002  1.674875793473788E-002
   1041.65641578968       9.170579350589406E-002  1.625827570857648E-002
   1420.92727179724       9.206433154890674E-002  1.576783147463404E-002
   906.267858764986       9.242386368125116E-002  1.527734155241942E-002
   49.1853833046286       9.278334918554941E-002  1.478585652544136E-002
   897.330010622063       9.169653897660920E-002  1.461205006884537E-002
   1567.00196045922       9.123996437123846E-002  1.501376510968884E-002
   1487.93349087806       9.078334329874804E-002  1.541447470968887E-002
   2630.63039306766       9.032676760642377E-002  1.581618212884510E-002
   1913.83380933046       8.999814218853217E-002  1.544942793184399E-002
   1025.77583576249       8.967055547144683E-002  1.508363210599249E-002
   2384.68165226143       8.934192112584984E-002  1.471688394422165E-002
   3760.45829412921       8.821174280598716E-002  1.595235595765021E-002
   1479.50107262411       8.860623317815998E-002  1.624710851450563E-002
   886.623013078480       8.899968231267504E-002  1.654090448517637E-002
   1013.89037309937       8.939417978674810E-002  1.683565159612386E-002
   190.383697468659       8.903307277295003E-002  1.729114827427500E-002
   2724.76127250772       8.867295362486252E-002  1.774659814207694E-002
   4059.25643912309       8.831183286107616E-002  1.820209906920713E-002
   1218.31939777907       9.332663375728126E-002  1.916299865719492E-002
   708.891981217955       9.384425458807996E-002  1.869350747560117E-002
   1354.72080638298       9.436188571549406E-002  1.822401726128768E-002
   2218.65219037309       9.487947148025412E-002  1.775352278648183E-002
   672.490720580154       9.539709846265712E-002  1.728402175028900E-002
   1042.35625470500       9.596041130309860E-002  1.770536517890358E-002
   301.081862779707       9.652376602494336E-002  1.812771169427310E-002
   90.2350794592981       9.708707686682398E-002  1.854905817326433E-002
   30.5446561751228       9.765038756018271E-002  1.897040491254311E-002
   22.4737430990794       9.795964651896584E-002  1.863230592972887E-002
   61.1089238139180       9.748987702911584E-002  1.810869477786210E-002
   203.950995703793       9.702010778531506E-002  1.758508345491598E-002
   705.724243543740       9.654933856489377E-002  1.706151735328837E-002
   1984.96418729577       9.607957218166480E-002  1.653790376844656E-002
   1209.38477049371       9.650354331267665E-002  1.603352184603083E-002
   233.780779098780       9.692850322030983E-002  1.552909143613328E-002
   539.658844405029       9.735245836590088E-002  1.502470613436088E-002
   65.7378131008852       9.777641461959637E-002  1.452032963409843E-002
   146.749080531563       9.672737592057896E-002  1.445297913518238E-002
   1036.12933652290       9.626272182662345E-002  1.492013926490538E-002
   2044.62008167701       9.579811310491659E-002  1.538829277987948E-002
   1911.52424185702       9.533345700267017E-002  1.585543985913063E-002
   2175.75732428898       9.484008531971171E-002  1.543097496716490E-002
   1130.63406385764       9.434666849177824E-002  1.500550993494845E-002
   727.071030561475       9.385329492660066E-002  1.458104198230467E-002
   1964.27473233011       9.325004153778742E-002  1.524053550060465E-002
   441.217600916546       9.371668704207790E-002  1.569422242787081E-002
   498.347105424869       9.418433389420885E-002  1.614786497858097E-002
   560.713567980666       9.465098781426833E-002  1.660154879083842E-002
   653.980313993754       9.422937086474881E-002  1.715885830973340E-002
   374.939574974436       9.380674763543523E-002  1.771620905974075E-002
   1615.04774430881       9.338511846786124E-002  1.827351609841493E-002
   3906750.11540969      -2.973000000000000E-003  2.500000000000000E-003
   2727844.41745138       2.392257782767944E-003 -3.272582379324202E-003
   15053469.9175062      -2.763000000000000E-003 -2.500000000000000E-003
   7239498.48293841      -2.519912553009754E-003 -2.782213526202383E-003
   1616996.67271030       7.325217858276644E-003 -3.673186976806670E-003
   2558787.69032893       1.226598243564966E-002 -3.274173755181622E-003
   1840413.15017345       1.716960236724444E-002 -3.431314453102019E-003
   1210328.07384783       2.210273135111677E-002 -3.767152378801803E-003
   1075963.93176251       2.704605963206848E-002 -3.682574839138870E-003
   928563.085557842       3.199883710235178E-002 -3.912621927284592E-003
   570901.283589573       3.695434833707063E-002 -4.380700945333159E-003
   578559.349541411       4.193804531412487E-002 -4.286224290382759E-003
   665383.145693179       4.692801433572028E-002 -4.104623401451317E-003
   293300.319620903       5.190198762872919E-002 -4.445598763492878E-003
   80012.6121281714       5.686222694465487E-002 -5.305149261191392E-003
   211428.004118943       6.189204979279739E-002 -4.603236852008542E-003
   28053.6644113624       6.685593149563425E-002 -5.440930710513941E-003
   20260.4518969809       7.186189919356423E-002 -5.392709975293055E-003
   33817.7356595421       7.683812428640992E-002 -6.058518159774731E-003
   46573.7073599170       8.186484669347306E-002 -5.619214134998135E-003
   2893.98171633808       8.684898257197649E-002 -6.112979019717053E-003
   10.4730811256613       9.183426469954947E-002 -6.562715287606438E-003
   161.726196897118       9.756754075084793E-002 -1.045522764657793E-003
   7.93898716738993       9.723791152241383E-002 -6.035795413514586E-003
   5.37643316078142       9.684665124659615E-002 -6.393797374107944E-003
   268974.600144779      -3.347000000000000E-003  7.500000000000000E-003
   262.178837584378       9.804911588203852E-002  3.937929057530055E-003
   1157718.35283852      -3.323000000000000E-003  1.250000000000000E-002
   408.980321462711       9.787464203178411E-002  8.950437640889992E-003
   506251.476216019      -3.234000000000000E-003  1.750000000000000E-002
   1604.58533417207       9.831092601638639E-002  1.393595597866867E-002
   1258785.73446891      -2.481926251474777E-003  2.300524375232234E-002
   3635970.47326293      -3.024000000000000E-003  2.250000000000000E-002
   376192.740230795       2.586624771151778E-003  2.300115989396816E-002
   266973.948148599       7.653501834067479E-003  2.291461362819390E-002
   173501.752137055       1.274147307967990E-002  2.298823511038022E-002
   219498.446316425       1.780582914003394E-002  2.277834174033225E-002
   190024.802803094       2.286704174394631E-002  2.270792567411926E-002
   276502.713761802       2.790664847467378E-002  2.275031964207665E-002
   302594.690727026       3.294888442006053E-002  2.294160828699804E-002
   65289.8435397159       3.796177643705194E-002  2.224828415345725E-002
   39018.7638084056       4.298357362407496E-002  2.187464143677492E-002
   34804.3787022782       4.801210386591201E-002  2.190372694613677E-002
   23897.9956077404       5.301881467093520E-002  2.158129705334687E-002
   42524.1599112588       5.801900797587628E-002  2.125695006273031E-002
   133339.363255856       6.302384423274159E-002  2.107631022918604E-002
   9481.45088320808       6.801759975120401E-002  2.084411786529438E-002
   8593.03906804780       7.301777710612181E-002  2.062232921611263E-002
   3763.86597027176       7.802025533289533E-002  2.049398153499783E-002
   3353.61734263051       8.303391517728131E-002  2.064790058997544E-002
   1634.87816451139       8.801693173622742E-002  2.014513522369353E-002
   535.681003810288       9.299447068805090E-002  1.952614296969232E-002
   12.9513818237764       9.829774546524324E-002  1.894156488367156E-002
   19.1243614919631       9.798848653492670E-002  1.927966383536457E-002
