   650269.328891456      -1.757137242781175E-003  2.496199181347491E-003
   19522.2315850030      -1.322645382370487E-003  2.021911427550595E-003
   410332.140297083      -8.874875072720076E-004  1.547160990246932E-003
   1048482.76904871      -4.538287197821595E-004  1.074257996960722E-003
   608344.500998427      -1.968585409949519E-005  6.010497363157486E-004
   675573.822220080       2.898433030630525E-004  1.072878355194751E-003
   3636.14851283641       6.001000306021365E-004  1.544858968582699E-003
   9747.22144270335       9.126100298799086E-004  2.018146650105432E-003
   206229.204388089       1.227797535229647E-003  2.489051976397481E-003
   1230909.93863851       2.471714627426398E-003  1.236867589223841E-003
   1196861.97961279       2.003174080628015E-003  9.251545041748597E-004
   1295779.06546816       1.533273597998151E-003  6.133757544983647E-004
   941523.707364220       1.064839649767409E-003  3.008673170099764E-004
   36669.1320147039       5.941792572782141E-004 -1.359601433840801E-005
   264044.520272903       1.064916892460903E-003 -4.273952144511286E-004
   348658.557713291       1.530067143841728E-003 -8.413925350260576E-004
   1260057.24601041       1.995754860492441E-003 -1.254440646114639E-003
   723208.637054013       2.459670043115910E-003 -1.665660024843093E-003
   145322.257939720       1.584679041725727E-003 -2.527992885462389E-003
   317110.513830679       1.180447804124866E-003 -2.052165936273024E-003
   511289.817868982       7.788513921535148E-004 -1.573974435516270E-003
   862063.418700488       3.789983871247179E-004 -1.098509275955429E-003
   1298648.48230088      -2.087613686455863E-005 -6.241947958994575E-004
   1831844.96951738      -5.295831611724624E-004 -1.095648474130879E-003
   936379.942447604      -1.036682712680430E-003 -1.568775593407429E-003
   293848.278911799      -1.546053465966583E-003 -2.044787208847158E-003
   2447775.96721507      -2.060362083156536E-003 -2.517759348891848E-003
   286632.388371053      -2.499714083078281E-003 -2.071856965534062E-003
   1771507.30229320      -2.034646165833798E-003 -1.562277182331736E-003
   940346.876092969      -1.570255224174836E-003 -1.045417236341051E-003
   24238.2523818702      -1.105231747866696E-003 -5.276164528984652E-004
   437231.744411114      -6.341797158941530E-004 -1.065027039530908E-005
   62140.8055238431      -1.105188722505912E-003  4.304103092551199E-004
   426041.064026432      -1.572487550534848E-003  8.716423768877849E-004
   759884.805562056      -2.040247624755967E-003  1.313405961741689E-003
   423693.051040676      -2.507747672935230E-003  1.752284976497344E-003
   308955.898739562       3.726189946112168E-003  2.477908650618544E-003
   105404.771066288       4.037529787439978E-003  2.000666389746619E-003
   81503.0298573653       4.345896248348169E-003  1.522943122779393E-003
   915273.301528855       4.651968438340027E-003  1.044781949078013E-003
   771477.307950493       4.956829551177331E-003  5.688173321230546E-004
   1103141.40373428       5.325459464643692E-003  1.040859864192898E-003
   101131.081691169       5.695859559867572E-003  1.515359235667583E-003
   23455.2147032756       6.066761215568810E-003  1.989525531320259E-003
   289388.832817644       6.441738901294473E-003  2.463331515128238E-003
   1159937.76969824       7.448451152428395E-003  1.445349901499215E-003
   1193659.65437222       6.976453316433208E-003  1.075981515892562E-003
   1119836.34974347       6.505443702015013E-003  7.065025941034172E-004
   407909.605785120       6.033679679388016E-003  3.338711013765172E-004
   18347.4381364289       5.560141690086713E-003 -3.893283513341301E-005
   14991.9613233330       6.029744675034224E-003 -5.413567695394388E-004
   246134.999289867       6.495922812250248E-003 -1.045437233792994E-003
   1277849.49317412       6.959634672615940E-003 -1.549030572598129E-003
   732618.965592701       7.424659182618606E-003 -2.048268431194138E-003
   69190.1248423706       6.907352240919514E-003 -2.559764635738556E-003
   273735.997959663       6.414673197719969E-003 -2.078760900192030E-003
   598299.398201099       5.925823642713503E-003 -1.597345318546224E-003
   918491.815370298       5.438754727442743E-003 -1.116986109334987E-003
   908327.449859867       4.950877218152024E-003 -6.407256486982466E-004
   1007828.45713901       4.546000242559099E-003 -1.112405122154974E-003
   160165.529295052       4.141529861911739E-003 -1.587550943398440E-003
   80789.0403610716       3.734811935290795E-003 -2.062722620282318E-003
   4706.81688604547       3.325485546712920E-003 -2.537347763692496E-003
   835478.650308320       2.930851837699686E-003 -1.259604204510708E-003
   706567.605958639       3.401445231328550E-003 -8.515292349934385E-004
   12605.2998978970       3.873354443735116E-003 -4.424992799106893E-004
   83302.4027174961       4.347303129243076E-003 -3.255650498471036E-005
   519126.970735434       3.877213493684705E-003  2.867310178864234E-004
   1174014.60666925       3.408510657902114E-003  6.043205063469841E-004
   1130747.75797786       2.940383066435273E-003  9.207310863791236E-004
   213218.727520386       8.468434413943333E-003  2.449188625140819E-003
   174972.689287961       8.838057240332757E-003  2.079431744214419E-003
   316012.797858554       9.204196111604231E-003  1.707872186844552E-003
   820875.387124609       9.570813876038215E-003  1.338217573757056E-003
   640622.773961593       9.936881246690883E-003  9.694510232923011E-004
   1108620.80482990       1.041379171643516E-002  1.330370647031328E-003
   762902.401935616       1.089032366223640E-002  1.692772805464632E-003
   459473.127487635       1.136680202136786E-002  2.057971258005050E-003
   162877.420656550       1.184551140122883E-002  2.422700891018257E-003
   902176.740944057       1.243336311600904E-002  1.827093236178980E-003
   614036.875312732       1.206941647635905E-002  1.351977364518703E-003
   114862.708352692       1.170308877103031E-002  8.753138895826529E-004
   303630.847701234       1.133622568172534E-002  3.982981299052402E-004
   287277.279130368       1.096717672516750E-002 -7.786295933322448E-005
   37862.1472340590       1.132828059942058E-002 -5.081950631382630E-004
   86068.6833338923       1.168732317650354E-002 -9.402271428560850E-004
   936200.686756743       1.204673854261073E-002 -1.370409657744265E-003
   610485.444218426       1.240344099820356E-002 -1.800550778184235E-003
   362573.626013732       1.159682785532668E-002 -2.589194924881075E-003
   27273.0454346562       1.117557073068713E-002 -2.218213463387491E-003
   687628.300719724       1.075688865036150E-002 -1.845609803242644E-003
   831719.618667875       1.033708672536010E-002 -1.475510768032345E-003
   771833.485186841       9.918549844671200E-003 -1.106261415025528E-003
   1267540.63350529       9.423234838322473E-003 -1.467251057784747E-003
   886373.830597508       8.928661012450604E-003 -1.829995116794678E-003
   883368.881033234       8.434017350801081E-003 -2.196454486845346E-003
   316434.509190909       7.938009494902870E-003 -2.562859402464749E-003
   168629.056973892       7.786414046674919E-003 -1.551195207319444E-003
   139798.378069257       8.152022714473278E-003 -1.052708598309049E-003
   566354.663263929       8.518668485990522E-003 -5.553622584324345E-004
   183226.084845255       8.888107786429088E-003 -5.955185827020548E-005
   130543.690341751       8.527004122197087E-003  3.176955961091191E-004
   605308.058069933       8.167277596763481E-003  6.948336143520207E-004
   838918.309376781       7.806847997872988E-003  1.069792342100095E-003
   207773.357736716       1.303028057975227E-002  2.412835071259116E-003
   261647.836934068       1.350294750224721E-002  1.970580219194552E-003
   445385.283368504       1.397243212916252E-002  1.527820625112291E-003
   1012662.32961623       1.444162636816426E-002  1.085812001280988E-003
   568557.512377765       1.491125320177858E-002  6.468317029089197E-004
   648382.209345565       1.527351967729571E-002  1.079697176359144E-003
   88003.8722519851       1.563681173398211E-002  1.514350377452658E-003
   25027.9890894333       1.600002579629517E-002  1.948466825213247E-003
   313415.252666201       1.636640083593096E-002  2.381643540201641E-003
   941219.825087601       1.740913131504626E-002  1.319647007754449E-003
   875174.315434440       1.697386247411714E-002  9.614748574851726E-004
   766318.524960962       1.653835366992095E-002  6.036399330454294E-004
   328993.147220682       1.610188738601278E-002  2.434207684540028E-004
   204489.523481484       1.566501232777864E-002 -1.171116324932143E-004
   311318.639134785       1.609581377754313E-002 -6.499142930050234E-004
   215680.725615366       1.652350155759903E-002 -1.184990338673364E-003
   923484.101187493       1.694744956575036E-002 -1.721182597607153E-003
   606150.454316139       1.736980961771502E-002 -2.253864286362555E-003
   64224.2216288947       1.697050298624082E-002 -2.643266463244464E-003
   14403.9540046538       1.645115030344933E-002 -2.197337062857230E-003
   884031.748373015       1.593456464535649E-002 -1.751850919527952E-003
   972707.994151020       1.541806106655353E-002 -1.308596429783019E-003
   782246.861312573       1.490010058096077E-002 -8.690557984851783E-004
   889609.953368564       1.447567207900109E-002 -1.301459842679771E-003
   252164.969413276       1.404975378062594E-002 -1.736243173708036E-003
   177346.621669267       1.362406646525239E-002 -2.171067937509654E-003
   92627.2373046860       1.319526746679440E-002 -2.604712170141964E-003
   754929.553519693       1.283767319722381E-002 -1.378423756971212E-003
   578608.384571025       1.327250220697596E-002 -9.553211169679862E-004
   16527.3929918519       1.370872166384915E-002 -5.297500773389531E-004
   107562.625066108       1.414614864074626E-002 -1.054543259249726E-004
   277126.334624542       1.371521408668662E-002  3.778092262497782E-004
   271316.268729505       1.328619845993906E-002  8.621006918287831E-004
   604730.797106618       1.285944415006153E-002  1.345481042876346E-003
   247678.187419095       1.847314448887968E-002  2.359635813786036E-003
   141289.679059480       1.883101361484589E-002  1.924913386950874E-003
   87910.6924288038       1.918553239985549E-002  1.490022092833721E-003
   257504.098412663       1.953998710883754E-002  1.054222735046499E-003
   449386.500847002       1.989368929559103E-002  6.192009075293058E-004
   822775.680564325       2.047471603592454E-002  1.038749735424167E-003
   800336.112293746       2.105475755055829E-002  1.460781370550521E-003
   466101.051036472       2.163164096815793E-002  1.885217157753624E-003
   97768.9777298669       2.221081147804148E-002  2.312965255153002E-003
   498031.984098299       2.239921860978553E-002  2.119459485212443E-003
   377508.269646040       2.197040838496964E-002  1.545692943415357E-003
   251162.404778692       2.153960367120489E-002  9.694867792702924E-004
   395308.256294619       2.110428152077501E-002  3.941800089369601E-004
   301271.785150478       2.066628697931692E-002 -1.781192892143049E-004
   375566.807149011       2.108848041534923E-002 -5.798510477567419E-004
   456197.387374425       2.150854040943081E-002 -9.828528316053855E-004
   1166015.86721291       2.192768612784764E-002 -1.383258155280297E-003
   668020.665080149       2.234700026169358E-002 -1.784347427768573E-003
   138866.045147528       2.140832751270116E-002 -2.694920214406364E-003
   308262.010761898       2.102012019087214E-002 -2.258541595758086E-003
   306580.574360688       2.063586675522451E-002 -1.821880311475016E-003
   519928.814947772       2.025122430296625E-002 -1.385124520849401E-003
   824554.153671978       1.986866155245589E-002 -9.490136024284093E-004
   1345847.72278492       1.934107603275886E-002 -1.370460863458796E-003
   801447.337923625       1.881507738819435E-002 -1.794859038753577E-003
   623184.533398416       1.828935007584667E-002 -2.221936671572854E-003
   145905.311638219       1.776128422867308E-002 -2.651050008812340E-003
   336255.393310863       1.779712928061395E-002 -1.729495501018100E-003
   125300.424573905       1.822580810350588E-002 -1.202159668971117E-003
   677966.098842253       1.865860850674554E-002 -6.764086814914016E-004
   147834.712614792       1.909574109811835E-002 -1.532897141556197E-004
   452389.318914046       1.867356131356121E-002  2.167417077199553E-004
   744186.110107210       1.825183987140199E-002  5.858268903963427E-004
   817645.937222265       1.783086181991821E-002  9.524948384010876E-004
   79594.7968419859       2.259335582394563E-002  2.306810671925586E-003
   557032.559386695       2.316074755250416E-002  1.875870085860474E-003
   650505.646424913       2.372698681640973E-002  1.447527627920087E-003
   650573.113607053       2.429625720030052E-002  1.022025492797104E-003
   377304.596096420       2.486622962543939E-002  5.985729538569050E-004
   408098.875625927       2.533838625806350E-002  1.010108172583930E-003
   215965.598798244       2.580927559331557E-002  1.422911582056602E-003
   43288.4293668722       2.628165930583486E-002  1.836365227640517E-003
   298196.843087719       2.675467586748102E-002  2.249650833102192E-003
   448103.517694617       2.737276073661721E-002  1.616015493035663E-003
   452717.168585434       2.695245515438519E-002  1.153063769646443E-003
   153969.875987087       2.653208838070436E-002  6.876930705619524E-004
   70955.0936044343       2.611103757624431E-002  2.228142517260778E-004
   274266.664844843       2.568895505445202E-002 -2.429713889048773E-004
   159250.571399393       2.610127066425924E-002 -6.250724366701807E-004
   261491.051620371       2.651156060536452E-002 -1.007653202584382E-003
   848440.366917965       2.692158584055639E-002 -1.390199353958100E-003
   516582.602582814       2.733060684205298E-002 -1.771810612922410E-003
   208533.836617438       2.631863108427900E-002 -2.755471350846572E-003
   93775.8718553280       2.594907616961441E-002 -2.332420506942197E-003
   424729.491330686       2.558067723532325E-002 -1.908557521125860E-003
   639215.161524570       2.521347494018652E-002 -1.485773801504001E-003
   687711.085759497       2.484693045550345E-002 -1.063781073409033E-003
   848374.136019395       2.445254668349463E-002 -1.477094302945525E-003
   174925.586277074       2.405624192070067E-002 -1.891055747977481E-003
   207625.962412303       2.366046568640547E-002 -2.306039082917298E-003
   72795.0892836734       2.326083410916887E-002 -2.719727437770066E-003
   655585.221296878       2.276501229143266E-002 -1.394411683727741E-003
   580868.000749691       2.318402333320052E-002 -1.005310572278460E-003
   18483.9169633442       2.360314027892512E-002 -6.137752637837976E-004
   109120.540294619       2.402430099989554E-002 -2.236257598236513E-004
   360421.407725917       2.361420111944788E-002  3.601443266491740E-004
   276411.306299106       2.320619330076052E-002  9.464615583903792E-004
   77584.0288182797       2.280110076695430E-002  1.533426069019034E-003
   132158.548198081       2.800726676172133E-002  2.232746423908139E-003
   117359.895550820       2.846898888567714E-002  1.791760385130399E-003
   258988.249054776       2.893021274008053E-002  1.351612434507540E-003
   466542.764118882       2.939022633077157E-002  9.113431839254062E-004
   363373.941043214       2.985170677317937E-002  4.724628605480213E-004
   166422.226183640       3.012739720359464E-002  9.021061345717172E-004
   11516.6120403187       3.040459491942347E-002  1.332018609904876E-003
   96208.6974586266       3.068125407669209E-002  1.760948308109250E-003
   139691.231197288       3.095941914560269E-002  2.190700508595127E-003
   386044.105532145       3.235308242531527E-002  7.565493436748586E-004
   496123.601275256       3.191720181014597E-002  4.908797817714040E-004
   467521.585529234       3.148243478160509E-002  2.258319918270459E-004
   370943.091486036       3.104670112067793E-002 -4.066790159618896E-005
   114741.383308648       3.061072514950897E-002 -3.065984723856047E-004
   160315.208025740       3.103961408798072E-002 -6.467914852386191E-004
   115896.897977973       3.146666923662193E-002 -9.876783501069266E-004
   476930.720572763       3.189267101216379E-002 -1.327827132898209E-003
   287427.245767384       3.231894374287687E-002 -1.668270355284625E-003
   152432.026146573       3.113323914087298E-002 -2.816798238172601E-003
   29934.3627639737       3.080683515630803E-002 -2.378317624462741E-003
   304732.554234648       3.048168119171038E-002 -1.940333346025758E-003
   403624.535954344       3.015650106100938E-002 -1.502158424166675E-003
   680442.839937343       2.983215562991132E-002 -1.064244632754190E-003
   724611.629229434       2.945487202430421E-002 -1.493052622409845E-003
   168531.423639229       2.907688274340768E-002 -1.922703212952699E-003
   154478.801071298       2.869741852293288E-002 -2.352113706419196E-003
   73378.1002106254       2.831677176482781E-002 -2.781570079356971E-003
   580653.334245627       2.776531365300100E-002 -1.401368250679389E-003
   520139.084990360       2.819974133914038E-002 -1.029796359535890E-003
   73882.0179679364       2.863528472460078E-002 -6.580923295201259E-004
   115091.152455146       2.907249965540518E-002 -2.865511279393850E-004
   121644.607813245       2.864590277166986E-002  1.897738434104906E-004
   104022.503703629       2.822054687582300E-002  6.653979367079285E-004
   303750.509827031       2.779697835516192E-002  1.141631011008670E-003
   40440.9809704256       3.378728156556746E-002  2.148285481121455E-003
   12366.2517580186       3.405230006377066E-002  1.637091995014414E-003
   108518.834351697       3.431508492010452E-002  1.125152133731123E-003
   178188.978590665       3.457855972017453E-002  6.132838759813296E-004
   248241.131570205       3.484016730741293E-002  1.017364743462645E-004
   172557.459513511       3.514153214744992E-002  6.042545340200502E-004
   38592.7050050604       3.544369386294280E-002  1.107001736853850E-003
   34968.1047582594       3.574529990701376E-002  1.609758939092346E-003
   50911.8454237926       3.604854156151772E-002  2.112161463463937E-003
   329822.653170592       3.734786695316329E-002  7.700401840116923E-004
   385359.954232776       3.683705027666289E-002  4.833499048010897E-004
   454357.984936875       3.632630056178405E-002  1.975668115098739E-004
   399904.008233673       3.581579880785399E-002 -8.972622706377695E-005
   16594.5006371855       3.530501752828889E-002 -3.773472525643601E-004
   173219.300643478       3.580543049438959E-002 -7.967459496676583E-004
   144785.916169094       3.630419219324400E-002 -1.216497723492594E-003
   386934.491796212       3.680297403087612E-002 -1.636497328999703E-003
   209818.062078920       3.730177915430050E-002 -2.055094636101694E-003
   10193.3130618587       3.642873747871482E-002 -2.899212579655744E-003
   122393.019791021       3.602717791938869E-002 -2.384756339321818E-003
   109673.158646373       3.562574186798535E-002 -1.869788682113246E-003
   203539.849421003       3.522571071997423E-002 -1.355232127088116E-003
   489654.505940120       3.482610941399052E-002 -8.414456072836317E-004
   353434.647709656       3.448824152898589E-002 -1.343849398180561E-003
   47818.3431657739       3.414942000450481E-002 -1.847039282867615E-003
   37134.7507364361       3.380990112005832E-002 -2.350328238539760E-003
   9071.56261324290       3.346908606791365E-002 -2.852894730890117E-003
   456278.653918465       3.282928853023661E-002 -1.342591066358876E-003
   509624.264446763       3.333970202407967E-002 -1.016760995427559E-003
   273091.246626541       3.384986003704776E-002 -6.899700043174992E-004
   86341.7282965740       3.436102377923002E-002 -3.627437276101809E-004
   215321.628410174       3.385865300165431E-002 -8.278200097722600E-005
   372086.515862164       3.335687192666811E-002  1.977012134843643E-004
   266851.417595569       3.285476386620061E-002  4.764216021775119E-004
   56957.8065260196       3.869018674436705E-002  2.068135968740823E-003
   15281.1511774772       3.897845317791328E-002  1.638044141156318E-003
   12331.4939698044       3.926489905588487E-002  1.208503059677530E-003
   151685.209796544       3.955218669374731E-002  7.781173134803530E-004
   172192.084106860       3.983917602587709E-002  3.479545843253093E-004
   256460.851469293       4.030042708476441E-002  7.651501108520379E-004
   151050.499706650       4.076166089949759E-002  1.182696762414247E-003
   85451.1559035374       4.122299539205176E-002  1.599517265745890E-003
   15715.7523295093       4.168484484001413E-002  2.017277095685616E-003
   224745.693286537       4.235340770477591E-002  1.325978718311316E-003
   204549.176029820       4.192176284605956E-002  8.782352234556555E-004
   118496.252335336       4.149103740532290E-002  4.300885194464522E-004
   11288.7245800149       4.105908430944941E-002 -1.822910103242530E-005
   70870.6019434087       4.062661357658020E-002 -4.664021291443021E-004
   7891.27142734349       4.104353594578541E-002 -9.530768354296187E-004
   6856.61877588794       4.145961520033386E-002 -1.440145541971803E-003
   210691.237632118       4.187443053011750E-002 -1.927004114387358E-003
   131695.414944850       4.228998426744415E-002 -2.413582938022846E-003
   33726.7400945033       4.169597357919866E-002 -2.987022986361628E-003
   17732.9943488002       4.122456154298344E-002 -2.553096359152720E-003
   155021.626220806       4.075382154100920E-002 -2.120091995447672E-003
   163620.692180372       4.028305497668102E-002 -1.686574300101899E-003
   245411.119501460       3.981232086319966E-002 -1.253314894393670E-003
   288555.565239972       3.939643214131326E-002 -1.671456447171131E-003
   119623.616063996       3.898054996786353E-002 -2.090191679578033E-003
   96596.4369940487       3.856355504820563E-002 -2.508317999640181E-003
   24925.9405865297       3.814671118937106E-002 -2.927188460723945E-003
   163880.134926788       3.773218524058252E-002 -1.651572617281871E-003
   110668.061268640       3.816196134709347E-002 -1.246942032756414E-003
   43707.2885035630       3.859296400697223E-002 -8.430099281391084E-004
   48745.5151794840       3.902462485123259E-002 -4.391804428382706E-004
   87656.8577169549       3.860488042767299E-002 -1.363339364921710E-004
   210309.631107448       3.818546932970534E-002  1.663399024675344E-004
   194762.992571389       3.776696936771723E-002  4.675647853052828E-004
   2072.61018110400       4.304469959205739E-002  1.993817049199280E-003
   59372.1516752799       4.349269388425133E-002  1.572682318089564E-003
   33630.1522768225       4.394002950660354E-002  1.151309442907021E-003
   111537.791132211       4.438733588938718E-002  7.311708845604887E-004
   86825.6033881920       4.483466788525652E-002  3.103336775839218E-004
   96571.2185680790       4.528140590246462E-002  7.156703279744689E-004
   47676.9322211023       4.572814976164397E-002  1.120150406958313E-003
   14098.1925465386       4.617399897852421E-002  1.525743844523279E-003
   31158.6368257581       4.662110508276706E-002  1.931268536916699E-003
   109273.224103150       4.734905172853669E-002  1.177453163250940E-003
   99464.7524458736       4.692886291418392E-002  7.447467536609378E-004
   58208.9667370088       4.650867263731063E-002  3.128464372570376E-004
   8668.26712696794       4.608938873228878E-002 -1.201875296607693E-004
   55254.2428941952       4.566890945293724E-002 -5.531836397064971E-004
   4791.87800288324       4.607397882662528E-002 -1.018615433598141E-003
   9224.29043768563       4.647755904701811E-002 -1.484259396883743E-003
   113815.730047838       4.688197173511119E-002 -1.950817858390259E-003
   73947.0874712812       4.728620186134696E-002 -2.416284846352821E-003
   33314.2632449411       4.660744592724608E-002 -3.071060523616112E-003
   1841.19287137177       4.615693999788426E-002 -2.649661277024134E-003
   100344.771875020       4.570578665852724E-002 -2.228216414001075E-003
   107789.042391854       4.525557006508165E-002 -1.808080162484880E-003
   149424.189560155       4.480540799300500E-002 -1.387083022009431E-003
   202347.800149046       4.432013312405118E-002 -1.791851680973843E-003
   107513.301378194       4.383498024266786E-002 -2.196036879936599E-003
   83084.8373810406       4.334979299970799E-002 -2.601603548270113E-003
   24708.8651367538       4.286395382913463E-002 -3.007078888853585E-003
   105731.523276945       4.271001638129375E-002 -1.941365380537448E-003
   40755.7068767722       4.313030627918928E-002 -1.468871386639406E-003
   58312.5253712590       4.354988492253080E-002 -9.962241573822934E-004
   66226.4586605848       4.397096999789733E-002 -5.237822930505951E-004
   26996.5440178942       4.356600116140060E-002 -6.124121228477859E-005
   49747.5453859172       4.316231579354848E-002  4.013124043345769E-004
   62064.7897587249       4.275773725720530E-002  8.636773787646352E-004
   17059.7225082899       4.810293309261389E-002  1.905020749997615E-003
   18796.3610855393       4.853532272002076E-002  1.467082299396638E-003
   15964.2655029365       4.896636496083610E-002  1.028047918780343E-003
   64923.8805137324       4.939838225690749E-002  5.901197386361690E-004
   50616.3090236553       4.983039895927321E-002  1.513786977702067E-004
   45524.3339732662       5.021877547203792E-002  5.755971712998741E-004
   14015.2400657539       5.060719925879027E-002  9.988492108599460E-004
   1055.84652330356       5.099570715788814E-002  1.423119531356424E-003
   17252.6025099859       5.138430184018735E-002  1.846356709136486E-003
   60590.9638151993       5.234274413611960E-002  8.530737559811454E-004
   67674.3427650440       5.190620333033221E-002  4.798476560319047E-004
   55245.6747449379       5.146868147877807E-002  1.065554278464623E-004
   30522.9235527794       5.103215995293985E-002 -2.668322370082967E-004
   22444.2141200179       5.059455828717264E-002 -6.402149034577688E-004
   8022.01053634796       5.101662074903210E-002 -1.153937300716245E-003
   23690.8364088120       5.143737525551327E-002 -1.666831684065802E-003
   42996.1887239522       5.185896909365913E-002 -2.180748019071121E-003
   30996.2776440898       5.227944971921748E-002 -2.693576740982294E-003
   13347.5781725492       5.179285363680391E-002 -3.162734107562475E-003
   7125.30373248742       5.129581357059979E-002 -2.723443308745429E-003
   58978.9642200607       5.079795310384569E-002 -2.283183175491866E-003
   51296.5547241527       5.030099570737267E-002 -1.844154875979138E-003
   86527.8662083690       4.980302638645838E-002 -1.404207038352228E-003
   101938.752690015       4.933794408331641E-002 -1.827106589788054E-003
   47089.3821519296       4.887291627382731E-002 -2.249261494837493E-003
   29878.8903274304       4.840679904901523E-002 -2.672556298998369E-003
   10145.0294485367       4.794131247182727E-002 -3.094757691127672E-003
   78514.4615617532       4.772363986581865E-002 -1.965807883950045E-003
   44976.8639173101       4.816217905832466E-002 -1.514181501905450E-003
   11046.0611040784       4.859981979738528E-002 -1.063409655999883E-003
   40237.1326902185       4.903871170474470E-002 -6.126996512578714E-004
   20638.2710733396       4.861559975712804E-002 -1.648453653813558E-004
   25721.7651098586       4.819367854478207E-002  2.830108393704018E-004
   37814.1830761591       4.777080269610975E-002  7.297671242990495E-004
   856.008108008264       5.333599894958255E-002  1.811210915704351E-003
   9048.23166653900       5.370859054947896E-002  1.334401746096068E-003
   9152.80266786654       5.408098423237842E-002  8.574744609573275E-004
   15874.6040621327       5.445336737962826E-002  3.815766469428076E-004
   20171.5441951615       5.482570599259048E-002 -9.525040978312688E-005
   15067.4863951964       5.523007118236944E-002  3.675237848110994E-004
   6888.08795733512       5.563444448735359E-002  8.292868659451631E-004
   517.364608945787       5.603885295699868E-002  1.292048064208516E-003
   884.414444692201       5.644325868692881E-002  1.754818584706041E-003
   8722.30196535780       5.734256842891502E-002  8.223555905893462E-004
   21021.0833498506       5.686550863247905E-002  4.349649772105879E-004
   18066.8752127505       5.638847345629087E-002  4.754084850371770E-005
   14071.7465118934       5.591244511600565E-002 -3.399116841358450E-004
   3604.80473181548       5.543540110424267E-002 -7.273398478030390E-004
   9145.14935342978       5.589687994839173E-002 -1.206739239037616E-003
   7105.37327479744       5.635729442816358E-002 -1.685175938837310E-003
   1921.28256647401       5.681868357370530E-002 -2.164627306902780E-003
   910.507321815127       5.728007356382012E-002 -2.643082326135079E-003
   1895.93846787926       5.665096884953047E-002 -3.249766675499422E-003
   1124.18805741583       5.618957235443295E-002 -2.771316591539633E-003
   8140.40074211526       5.572718394873879E-002 -2.292853706549320E-003
   2018.55907096995       5.526575745902626E-002 -1.815443733145093E-003
   35406.9810074635       5.480337037288724E-002 -1.336997021259685E-003
   43220.4742115016       5.428923435466716E-002 -1.797829743685510E-003
   22835.8101545923       5.377618991905957E-002 -2.257877987919341E-003
   6519.30536048470       5.326208705497412E-002 -2.719000453641206E-003
   1628.93170230477       5.274873994071091E-002 -3.180067878540104E-003
   38809.4529495818       5.275814456738426E-002 -2.197066048167638E-003
   14979.5838888258       5.323684592663895E-002 -1.699378268023062E-003
   8853.89971990191       5.371462174956862E-002 -1.202619695495045E-003
   26201.7892655719       5.419357646377225E-002 -7.049329992634884E-004
   786.938245879062       5.373055933064340E-002 -3.153705950950762E-004
   22126.2761413196       5.326860528790551E-002  7.414145756421287E-005
   12506.4868617967       5.280563621446772E-002  4.635821550479047E-004
   8566.78463288476       5.827493680378844E-002  1.721546473883922E-003
   14555.0452345326       5.866257296277256E-002  1.253510947049650E-003
   3134.78849417999       5.905019270352671E-002  7.864406130576965E-004
   6532.55719891241       5.943782766732211E-002  3.183827928888135E-004
   4736.34156115148       5.982549921122218E-002 -1.486759326848092E-004
   17931.3485348334       6.036580312421137E-002  3.016317404545561E-004
   9430.08169280045       6.090617451528805E-002  7.528527659772538E-004
   767.735317281715       6.144755082038064E-002  1.202978114095934E-003
   1079.85330797157       6.198788508423082E-002  1.654098431940611E-003
   8006.22440178490       6.235205991243167E-002  1.276378934517507E-003
   2205.21788344901       6.188134705051247E-002  7.529230878534613E-004
   8026.86172450788       6.141164736717197E-002  2.284925960098874E-004
   16158.2545663058       6.094103660234652E-002 -2.949434584471832E-004
   1177.12043624945       6.047151441843870E-002 -8.184564810066601E-004
   5828.18690465853       6.092487765411238E-002 -1.192643929669846E-003
   15436.4404011055       6.137926221325325E-002 -1.565881495683540E-003
   24912.7158471533       6.183262288322684E-002 -1.940134509833046E-003
   13932.9137916626       6.228699144885549E-002 -2.314410696946280E-003
   1477.66956705193       6.123135091584601E-002 -3.332490372373517E-003
   9978.45178628622       6.087378295535394E-002 -2.864965738051819E-003
   854.579127884754       6.051613453728021E-002 -2.398474810422948E-003
   9659.97323893455       6.015947664412617E-002 -1.931002348162301E-003
   843.582192369874       5.980178997678041E-002 -1.464480485607524E-003
   6764.24149220378       5.932255584851263E-002 -1.915908957703934E-003
   2328.63946561945       5.884430084810970E-002 -2.368354893759106E-003
   2944.96680830313       5.836504987800596E-002 -2.819766676101007E-003
   777.905299185870       5.788676792875116E-002 -3.272183071124980E-003
   4047.31375002943       5.774950137710827E-002 -2.181519183536383E-003
   3637.80899239446       5.821793498514916E-002 -1.718926282691648E-003
   6649.60613296836       5.868734075903523E-002 -1.257341021824056E-003
   6371.32827819612       5.915573966886459E-002 -7.947153585664575E-004
   7429.42750021983       5.870294323519996E-002 -3.904857849863305E-004
   10017.1488437443       5.824913485015425E-002  1.377022819375228E-005
   22057.3070368285       5.779632236423079E-002  4.180145720898334E-004
   5845.30601728063       6.272973162974950E-002  1.640552800333768E-003
   989.035388519048       6.325205958258408E-002  1.100072691175978E-003
   16905.0374878257       6.377551420814838E-002  5.596273534940151E-004
   33813.6106736813       6.429799678673365E-002  1.915241392048018E-005
   15716.9773868166       6.482038577374652E-002 -5.224644445357739E-004
   9768.23155768281       6.521018053512383E-002  2.443010746658856E-006
   10978.4959795824       6.559887361220605E-002  5.263373803057845E-004
   16222.4063220912       6.598848369613988E-002  1.050245200795796E-003
   10824.6890603231       6.637702387570558E-002  1.574215670883471E-003
   17768.5624019548       6.734108846245648E-002  5.746096878386822E-004
   31209.7179752870       6.680322824666619E-002  2.052680137723176E-004
   29267.5229003335       6.626530509223272E-002 -1.650003437744609E-004
   15224.8030353508       6.572736600525944E-002 -5.341838032341510E-004
   2751.53408511908       6.518845430449646E-002 -9.042818004464823E-004
   5690.42966735923       6.571197920693678E-002 -1.377728665959177E-003
   21093.5864114369       6.623464442016570E-002 -1.851143081038002E-003
   38374.4732281687       6.675730265170568E-002 -2.324642062843387E-003
   20700.3187552846       6.727990920762086E-002 -2.798238617017906E-003
   4465.37577880457       6.662427470816425E-002 -3.430413896388290E-003
   12178.8731531655       6.617001401623746E-002 -2.891145033935682E-003
   6233.98398967272       6.571561649257360E-002 -2.351943294474068E-003
   27256.9771455561       6.526113953082910E-002 -1.812732151312078E-003
   18558.0194308155       6.480668439637556E-002 -1.272384845217745E-003
   15630.0977045714       6.443089893473941E-002 -1.797555356217405E-003
   9364.19957228819       6.405620662220933E-002 -2.321734200174941E-003
   4603.85001397847       6.368056010076839E-002 -2.845904361548906E-003
   1844.48969269541       6.330498873194090E-002 -3.370124828523933E-003
   20298.3568445703       6.282463884939919E-002 -1.958138537246604E-003
   25577.1751222897       6.336229377437315E-002 -1.601883603120645E-003
   10066.9476627205       6.389996256819705E-002 -1.246695680539335E-003
   6429.49838313182       6.443860157472617E-002 -8.905573208724630E-004
   1869.38612089760       6.391633775216408E-002 -3.490502174367266E-004
   14127.3007179134       6.339491382162160E-002  1.923604694492637E-004
   30885.8848331572       6.287346225851582E-002  7.347984721401978E-004
   381.971876470293       6.834067991878837E-002  1.538742764883718E-003
   4539.00121700348       6.871347092155604E-002  1.191986710021518E-003
   8708.91124182634       6.908730043829858E-002  8.452202993620195E-004
   10365.9051539398       6.946014126102895E-002  4.984591016923834E-004
   12814.5939222441       6.983396098807776E-002  1.516335650003642E-004
   6630.17903052305       7.014006801867630E-002  4.861585116872741E-004
   3472.22567669170       7.044616778618699E-002  8.206822570545026E-004
   828.595025800521       7.075226033688348E-002  1.155204835035514E-003
   3565.65898605416       7.105735696741484E-002  1.489735384614865E-003
   5978.96178177093       7.233466019335687E-002  1.654950789137608E-004
   10045.7199390449       7.198931123378563E-002 -1.273337166131643E-004
   6675.12974780060       7.164393529258868E-002 -4.211446418809658E-004
   3995.07235763357       7.129856322229766E-002 -7.149522010740539E-004
   6047.72991350276       7.095320012071546E-002 -1.008760073865704E-003
   6048.73856892599       7.128773131404768E-002 -1.312851436617704E-003
   325.695506807185       7.162231835672514E-002 -1.616904183714480E-003
   9726.12692027426       7.195689899467780E-002 -1.920975379800956E-003
   6348.63189155921       7.229150429083343E-002 -2.225031697459469E-003
   6750.78042890952       7.096013539750928E-002 -3.509276212872576E-003
   3647.33302792670       7.066831343669110E-002 -3.163960313477408E-003
   11590.3032016032       7.037646417649819E-002 -2.818657379616224E-003
   9517.47619630625       7.008462725443480E-002 -2.473330160571671E-003
   23765.6966790157       6.979274986630914E-002 -2.128029855722509E-003
   32542.0694918954       6.932258393008200E-002 -2.459576606108758E-003
   24864.5837748790       6.885240018666909E-002 -2.791077546937035E-003
   25677.7097474007       6.838219893038380E-002 -3.122519514179468E-003
   9499.73743469181       6.791204940447869E-002 -3.453947668364787E-003
   2139.69307441351       6.762841821063298E-002 -2.340583082657780E-003
   4042.75732948918       6.797685540433719E-002 -1.882918934662934E-003
   13397.3579272330       6.832525004890612E-002 -1.425254139367545E-003
   13543.7959782507       6.867359137048537E-002 -9.675633840458425E-004
   1321.54125814626       6.834048515412508E-002 -5.815436081604426E-004
   4900.81031987125       6.800736572533365E-002 -1.965004951230763E-004
   10606.4990834400       6.767424718984580E-002  1.895521874761294E-004
   1317.31785294419       7.365893384515189E-002  1.442876203074201E-003
   3459.47313001050       7.395041470122379E-002  1.024539344392639E-003
   2239.46287339618       7.424290986110976E-002  6.052098772858052E-004
   1076.26245335808       7.453541626137236E-002  1.868748219224857E-004
   2048.17873546596       7.482790440847920E-002 -2.324614667584242E-004
   702.686242883227       7.535826499306775E-002  1.720720945897947E-004
   3097.37727299830       7.588861147018386E-002  5.756032597759476E-004
   4443.14751348410       7.641897154788341E-002  9.801460418332074E-004
   2416.29060925628       7.694931338423606E-002  1.383699279642841E-003
   5551.94432732739       7.734991882972100E-002  9.684407429388254E-004
   3962.02196111103       7.692757956680725E-002  4.529287598931137E-004
   3916.19108172616       7.650423559844753E-002 -6.256174258994270E-005
   5733.01814950388       7.608188773666454E-002 -5.780654416045982E-004
   5240.71545590523       7.565852399927711E-002 -1.093536954148008E-003
   605.415616635324       7.606455738552448E-002 -1.538901122194259E-003
   2974.94602642489       7.646963142001334E-002 -1.984223012994877E-003
   3452.76888910152       7.687571320291084E-002 -2.429566730905615E-003
   2573.71249466920       7.728080980157181E-002 -2.874891262280383E-003
   2732.65644364249       7.651951595780038E-002 -3.609369239763299E-003
   1860.54772991853       7.608898850064835E-002 -3.188588470921834E-003
   7057.47408664413       7.565846695545729E-002 -2.766805446723862E-003
   5442.27405280786       7.522793589465399E-002 -2.346001256573795E-003
   11812.6342990558       7.479741417204168E-002 -1.924197883254779E-003
   9759.49778474429       7.449196313385058E-002 -2.332753896546982E-003
   2469.98371327903       7.418654502949257E-002 -2.740307110466325E-003
   2040.99480953653       7.388111308426192E-002 -3.148851989141445E-003
   1978.74542869504       7.357572002706933E-002 -3.556406873448026E-003
   9799.59041351754       7.270983784152449E-002 -1.934530931965685E-003
   9754.90440983556       7.312916304690828E-002 -1.644045563914838E-003
   4851.50023173132       7.354748969925627E-002 -1.353554962874712E-003
   586.432698870892       7.396679822153791E-002 -1.063079330297662E-003
   1809.78461749974       7.355827208216197E-002 -7.556748562451805E-004
   650.192137446715       7.315074575950423E-002 -4.482866875729470E-004
   4215.47756773785       7.274222504867865E-002 -1.408720652739364E-004
   2501.46187518714       7.776519029958021E-002  1.369059156001260E-003
   1310.73359344261       7.827905997446680E-002  8.567481421266996E-004
   3230.73033529084       7.879291886899822E-002  3.434424128510984E-004
   3564.96182050236       7.930679411642792E-002 -1.688629470293856E-004
   519.161724491388       7.982065193148002E-002 -6.821678978339865E-004
   2306.86162635840       8.021361135551815E-002 -1.851293714701485E-004
   1153.15678403566       8.060755738810572E-002  3.109029919313349E-004
   3068.94418636126       8.100053088377228E-002  8.079529009744570E-004
   2550.93503649937       8.139449455657470E-002  1.303981794818200E-003
   1097.70161056325       8.233908216876133E-002  3.248773578633111E-004
   3154.77881007701       8.182926628046140E-002 -5.103691075901721E-005
   1392.90262636752       8.131847344927896E-002 -4.259461804889893E-004
   1915.93454338093       8.080866135962617E-002 -8.018830167941106E-004
   707.921196983290       8.029785241257437E-002 -1.176806114606504E-003
   1720.57776895523       8.079425790268562E-002 -1.603796075816736E-003
   2375.21851792038       8.128966879987357E-002 -2.030758929893546E-003
   2650.03167108246       8.178609743176965E-002 -2.456735839268028E-003
   1529.57824370315       8.228151055297547E-002 -2.883690600646202E-003
   192.795305073016       8.143777759195078E-002 -3.697686518166121E-003
   1208.21565703171       8.102886481471878E-002 -3.187265067054022E-003
   700.764395813763       8.062097762470251E-002 -2.675857564013248E-003
   2578.65874706536       8.021207940021624E-002 -2.165428886263020E-003
   4593.24168096188       7.980319636206418E-002 -1.654010598682461E-003
   2770.19693919298       7.935619461324675E-002 -2.150063477524314E-003
   418.506048857074       7.890921359434329E-002 -2.645102878702793E-003
   618.010629850124       7.846222567579116E-002 -3.141142535414408E-003
   3.48881735146217       7.801527381957113E-002 -3.636191772706067E-003
   4990.08169223850       7.779160768406709E-002 -2.445985052110004E-003
   4116.64080844706       7.830341000660725E-002 -2.017108112841022E-003
   2126.25043987967       7.881421330961537E-002 -1.588224568952268E-003
   2563.27809483699       7.932600703581923E-002 -1.159363143955316E-003
   1176.42608231484       7.883148076922167E-002 -6.274032711512210E-004
   1655.14348765462       7.833796021624088E-002 -9.545866686384722E-005
   5002.25538404144       7.784344258536406E-002  4.365055609602249E-004
   1141.06255812626       8.331819325604337E-002  1.269458486571715E-003
   867.004215322339       8.369403130954647E-002  7.556243529775809E-004
   55.9115056867953       8.406888263085982E-002  2.428063459790524E-004
   1693.44419692510       8.444471059941097E-002 -2.710294654609097E-004
   1600.45413192625       8.481955388424055E-002 -7.838414054908032E-004
   1609.71255882391       8.523455701487670E-002 -2.852054815810690E-004
   288.195712902762       8.565058201383552E-002  2.144166176837325E-004
   1097.20851042106       8.606559513423832E-002  7.130560952980113E-004
   1297.42133341547       8.648063245490599E-002  1.212692353172456E-003
   1729.83198061788       8.733978190713197E-002  3.221225255784321E-004
   2696.05049199435       8.682558244690694E-002 -7.470785276626822E-005
   2127.84776624704       8.631238618006665E-002 -4.715629291646228E-004
   678.522695707386       8.579817324544553E-002 -8.694058799087007E-004
   699.847832436963       8.528497225437133E-002 -1.266269134484198E-003
   473.551523102645       8.578277443228025E-002 -1.727290747382867E-003
   1279.36401549736       8.628156552288546E-002 -2.188332122386384E-003
   3128.10882006990       8.677935612680250E-002 -2.649349787662587E-003
   1720.73270701296       8.727814836227654E-002 -3.110379368713398E-003
   169.604774877484       8.657383853490251E-002 -3.789843037966584E-003
   1001.97827073678       8.613101307313629E-002 -3.274803104250986E-003
   767.684777787475       8.568818003763631E-002 -2.760758618688028E-003
   2036.48057063897       8.524536934365434E-002 -2.245716751415593E-003
   2353.31632600377       8.480254090381971E-002 -1.731683274565267E-003
   2723.55319268062       8.437554687732471E-002 -2.230105214594865E-003
   259.604608337840       8.394853442816311E-002 -2.729535634219983E-003
   85.1446970912171       8.352253670149556E-002 -3.227986845564042E-003
   143.597024601862       8.309551323486716E-002 -3.727416378201095E-003
   1565.36957935961       8.279591415049595E-002 -2.474845107677062E-003
   1303.79921936558       8.330930037168645E-002 -2.066978691423136E-003
   679.843981752302       8.382370553530472E-002 -1.658125784769834E-003
   735.460811348895       8.433712157961458E-002 -1.249256986178251E-003
   890.470994322808       8.383809929856238E-002 -8.562267423119412E-004
   2081.46161517163       8.333810084630745E-002 -4.621811160463073E-004
   2650.41090444171       8.283908389255146E-002 -6.915797827922437E-005
   361.860188255351       8.823035285679734E-002  1.181262919235155E-003
   178.938830273756       8.862923106903502E-002  7.810315598046119E-004
   246.970903472791       8.902812235063054E-002  3.817982614094319E-004
   540.471417814008       8.942799456845442E-002 -1.845143871120631E-005
   916.869106116851       8.982688631366345E-002 -4.176793222880801E-004
   445.189652194876       9.031484834969272E-002 -3.438232891955144E-005
   433.070109972123       9.080182843770403E-002  3.499329236719977E-004
   79.8314858704857       9.128979101719470E-002  7.332302876204915E-004
   124.571431763758       9.177677246176502E-002  1.117545423884937E-003
   495.196625730853       9.234429647777943E-002  5.292541922485234E-004
   792.502860714206       9.194273951802988E-002  5.639294693382123E-005
   393.999310756959       9.154216504945001E-002 -4.174880460156879E-004
   272.692995215931       9.114060830610847E-002 -8.903516912886310E-004
   811.071284096106       9.074003312862348E-002 -1.364233429966849E-003
   276.472714025289       9.112457280868687E-002 -1.783208849276346E-003
   276.654356255900       9.151010667867851E-002 -2.202205657149570E-003
   686.345399019931       9.189464024413999E-002 -2.621183407673539E-003
   459.813350899955       9.228017159956890E-002 -3.040179456659571E-003
   431.634564535607       9.141300177067006E-002 -3.876732309000608E-003
   219.458066510722       9.100812951792778E-002 -3.476392463689100E-003
   992.684142335217       9.060324141994960E-002 -3.077052242471678E-003
   732.030084347779       9.019837027475189E-002 -2.676714886196954E-003
   2068.11272675844       8.979348336931234E-002 -2.277376259927046E-003
   2571.53410613517       8.933452592099141E-002 -2.661196571129338E-003
   1606.61281138367       8.887555216694841E-002 -3.046022052400819E-003
   1401.08654812210       8.841659667578015E-002 -3.429852364799361E-003
   412.996985944814       8.795761718179379E-002 -3.814682185704821E-003
   795.374100210756       8.767918749486733E-002 -2.665501028822426E-003
   161.966721522879       8.807923120200585E-002 -2.220603961958426E-003
   873.216304211063       8.848027832106985E-002 -1.775723866100091E-003
   1326.64555611247       8.888033086096790E-002 -1.330827660438920E-003
   114.523915812515       8.849568751317746E-002 -9.178471605191246E-004
   292.149898360574       8.811006281264600E-002 -5.038503804087017E-004
   557.686202297027       8.772542115458085E-002 -9.087289208302733E-005
   189.943752543103       9.293258557642438E-002  1.096774655874073E-003
   216.125908232736       9.340428156481642E-002  6.302255321250327E-004
   364.305322372889       9.387699411105317E-002  1.646572652699075E-004
   459.335596872344       9.434868925042803E-002 -3.018927693708132E-004
   27.4138023970785       9.482140253845371E-002 -7.674605550771210E-004
   377.346687585203       9.521655330931571E-002 -3.174885853347641E-004
   45.8620449232184       9.561272135815191E-002  1.334640845775299E-004
   498.771259133198       9.600787045636890E-002  5.834346798695709E-004
   295.033129288443       9.640303694392717E-002  1.034404841007673E-003
   55.3680175912541       9.733679643975587E-002  6.647277380658406E-005
   540.057741338443       9.687191608349195E-002 -3.122363834210688E-004
   153.538100031095       9.640803469603139E-002 -6.909613022264305E-004
   247.799493831659       9.594313598166876E-002 -1.070667179439843E-003
   179.486038363977       9.547925678665678E-002 -1.449391002652634E-003
   409.934975766280       9.592869250508160E-002 -1.874533088562859E-003
   106.544395963498       9.637912655217355E-002 -2.299694352796853E-003
   27.3318686794689       9.682856117411111E-002 -2.724837315422205E-003
   7.11336184975943       9.727897755723514E-002 -3.150998173392560E-003
   4.16325369922114       9.643318216551480E-002 -3.966934525889930E-003
   18.4998329585825       9.602347791332848E-002 -3.501498793706623E-003
   72.1724374641236       9.561475562898546E-002 -3.037080757507082E-003
   277.544222524637       9.520605095985264E-002 -2.571663283819502E-003
   757.264773545065       9.479732959105083E-002 -2.107244183337086E-003
   588.186006228447       9.437718915817764E-002 -2.556768960624616E-003
   193.222686428174       9.395703053226553E-002 -3.007295248933351E-003
   64.4479707938960       9.353688887214077E-002 -3.456822180882466E-003
   71.3800876537517       9.311672688182528E-002 -3.907347957782551E-003
   715.196832125599       9.274549635473930E-002 -2.636473952325996E-003
   567.994787189594       9.320982141120653E-002 -2.232749548389060E-003
   220.150078261135       9.367514658562488E-002 -1.829041885291168E-003
   362.166399936875       9.413947326341901E-002 -1.425315927709880E-003
   131.197313276849       9.369118836644655E-002 -9.361825755702815E-004
   224.309718911905       9.324188489055289E-002 -4.480314572614615E-004
   649.409566984601       9.279359896418990E-002  4.110139632691138E-005
   15348.4332832845      -1.829133537136125E-003  7.500004153913890E-003
   64466.1089955276      -1.373170077851523E-003  7.045024395298168E-003
   133204.171589288      -9.176356289995076E-004  6.590918121621254E-003
   334996.002044608      -4.623219150782380E-004  6.135949738234533E-003
   287037.363919446      -7.380122194940521E-006  5.680846919750682E-003
   421936.855485693       4.180324328234869E-004  6.133469245093448E-003
   208732.733410343       8.444388716280761E-004  6.587048277240035E-003
   141698.625807011       1.270267088344022E-003  7.040016240110893E-003
   56481.3289427986       1.697368082117683E-003  7.493534733271441E-003
   561985.194439342       2.490083579560538E-003  6.696758979526604E-003
   413426.166661090       2.036805384703290E-003  6.271951800814222E-003
   329762.679932879       1.584384498264045E-003  5.846667062103245E-003
   139565.561483811       1.130727310924884E-003  5.419817136321074E-003
   44983.0280890202       6.762450147058876E-004  4.993939543878737E-003
   497504.299810110       1.129100579567804E-003  4.677990075811943E-003
   443607.531635211       1.580188745445715E-003  4.362709410501904E-003
   763298.061142488       2.030465462222353E-003  4.047516000790089E-003
   589065.719385802       2.481305698310635E-003  3.732303158392071E-003
   141114.456360893       9.163063246242307E-004  2.944943477096694E-003
   198540.616925568       6.063252983661851E-004  3.400529839849986E-003
   359670.295508709       2.977089633277689E-004  3.856511697143902E-003
   710931.616759501      -1.054202639241373E-005  4.312264658676138E-003
   956009.004785006      -4.470326405043528E-004  3.858974765504220E-003
   454448.635850041      -8.829490871881680E-004  3.405061660839689E-003
   16492.8347531319      -1.320380230103652E-003  2.951415668033525E-003
   122909.350188904      -2.504146057046254E-003  3.243700732752839E-003
   775618.794170468      -2.051645379037075E-003  3.680335410765530E-003
   415802.001881314      -1.600811067404723E-003  4.119835259360198E-003
   7708.50431957377      -1.148393096380833E-003  4.558762724471061E-003
   306464.419695904      -6.937111069563831E-004  4.997772527160865E-003
   82049.0659165128      -1.146539028460446E-003  5.455615678221449E-003
   243296.657317218      -1.598694034228674E-003  5.913713167475868E-003
   315088.389010751      -2.049885752232254E-003  6.371467584598431E-003
   526441.736600759      -2.502297934505416E-003  6.828640392597567E-003
   69843.0541278184       3.287458403263584E-003  7.488148800105674E-003
   9146.82146446098       3.712060243455293E-003  7.009463729106690E-003
   6936.88514312008       4.134895465072144E-003  6.530984327097912E-003
   441555.128198507       4.558186246302979E-003  6.051974946050392E-003
   401438.928164374       4.980104203785974E-003  5.574829676801336E-003
   396609.265355442       5.375046226427756E-003  6.047878389009511E-003
   135768.429750073       5.771437798054418E-003  6.522914342410182E-003
   2086.19262769768       6.167752038977209E-003  6.997031203391414E-003
   126180.693673149       6.566414457722007E-003  7.471599221887849E-003
   590608.596883044       7.478969094114050E-003  6.548174202168490E-003
   659341.638036315       7.002673735433619E-003  6.155341278859847E-003
   574689.535783128       6.527672160749501E-003  5.762663619177314E-003
   391285.652392510       6.051719566512599E-003  5.368107444395902E-003
   140839.541458671       5.576087468806827E-003  4.974089544922572E-003
   402669.073644167       6.049092779174911E-003  4.597077850852521E-003
   410063.390525118       6.520264805025972E-003  4.219516459883109E-003
   803297.160069230       6.990421377851265E-003  3.844321882930391E-003
   565710.485449862       7.461533004833633E-003  3.468974948129641E-003
   162511.703347396       6.072984972138871E-003  2.943299646838158E-003
   253386.201622327       5.706967982018313E-003  3.422846301653325E-003
   491242.265290307       5.340705350393146E-003  3.902606186365361E-003
   900398.800815286       4.975694303908236E-003  4.380398036855534E-003
   759109.112161109       4.665163304472741E-003  3.905888565361040E-003
   53206.3646467709       4.353901377712520E-003  3.429684622026309E-003
   178749.154807180       4.040497784278247E-003  2.954234860766252E-003
   1032697.84484687       2.956561554624421E-003  4.042779495948398E-003
   955665.988830473       3.430217364951120E-003  4.354535837676215E-003
   547968.210508767       3.904687856100759E-003  4.666483826730791E-003
   245683.912549779       4.379875250827895E-003  4.979685317699513E-003
   78677.5764548011       3.906727637615339E-003  5.409180283107396E-003
   279010.009011943       3.434103604603563E-003  5.839878777911846E-003
   323859.030722221       2.962529068998432E-003  6.268601141421703E-003
   99383.8904695235       8.402640698346477E-003  7.458490305414442E-003
   67440.8407957279       8.796319428066727E-003  7.048672332726040E-003
   73690.3426326454       9.187366429359951E-003  6.638252489630051E-003
   398380.331927816       9.579206452117729E-003  6.228497513689465E-003
   354815.275234136       9.969850914417953E-003  5.819490363575783E-003
   400111.491732542       1.036823962869365E-002  6.222515100060075E-003
   239412.361433593       1.076562720221127E-002  6.626351301943574E-003
   121433.475941290       1.116444250479130E-002  7.030481308662608E-003
   88391.9559435329       1.156430755584217E-002  7.434323033660930E-003
   581008.732874964       1.247050906092602E-002  6.514818102823567E-003
   485381.004858397       1.206339458136993E-002  6.120863754366115E-003
   352515.198442505       1.165609304849967E-002  5.726428667442535E-003
   188697.413516995       1.124853012139347E-002  5.332506111814824E-003
   259876.532529129       1.084049566561165E-002  4.937323732065668E-003
   77135.8228527131       1.124360884521758E-002  4.455621321774201E-003
   27134.6079486933       1.164417055565194E-002  3.972736967766374E-003
   489572.006199656       1.204368660533199E-002  3.490289378423398E-003
   461879.765400622       1.244268416707125E-002  3.009388269132045E-003
   15493.4140275039       1.137252075074446E-002  2.835430210090160E-003
   454542.443994381       1.090126373747504E-002  3.247835764066167E-003
   543323.586681718       1.043003710857372E-002  3.658740361310073E-003
   692756.907815077       9.958908484946814E-003  4.068794771337494E-003
   709016.007756692       9.587037397475528E-003  3.664907331238314E-003
   307998.298491174       9.214724891681408E-003  3.260029164248960E-003
   28839.3038820557       8.842614688293008E-003  2.854640098274964E-003
   819748.880867376       7.867697387578232E-003  3.838043538682584E-003
   518767.478724086       8.273712539960388E-003  4.207413309985379E-003
   160874.983618791       8.680193129787133E-003  4.578564322022977E-003
   92961.2287186887       9.087957567846942E-003  4.949850027631209E-003
   144930.840171296       8.684592357711849E-003  5.349209130447114E-003
   147488.769207293       8.282308919742893E-003  5.749672763833130E-003
   222709.947102947       7.880265625495583E-003  6.148444349381230E-003
   14537.4199682962       1.339028854533068E-002  7.419065594089801E-003
   19341.8944815615       1.378406088053182E-002  6.952033670254535E-003
   86404.2000168183       1.417604287501185E-002  6.483973318850916E-003
   207490.813699276       1.456655076633886E-002  6.017110112344503E-003
   275452.950109595       1.495749577246091E-002  5.549614689758125E-003
   420145.908932839       1.545656826041666E-002  6.007154101196767E-003
   273797.155616807       1.595417178670750E-002  6.464959065532571E-003
   98520.8413418080       1.645305648250040E-002  6.924375850438130E-003
   41815.0667722357       1.695329459226720E-002  7.383525896021553E-003
   372868.248767086       1.746497061384767E-002  6.861186312429416E-003
   387391.193306348       1.699902271352535E-002  6.370073095238678E-003
   175478.712594567       1.653315564413558E-002  5.877723619363394E-003
   981.638202227264       1.606763182719153E-002  5.386041188290448E-003
   156146.936272044       1.559993937264765E-002  4.893728291763335E-003
   304944.181678040       1.605881268310717E-002  4.525289511012331E-003
   350443.105689903       1.651520715630981E-002  4.156819037279473E-003
   546936.336455951       1.697268048574392E-002  3.790293473937293E-003
   372793.546763023       1.743037546852920E-002  3.423641753356475E-003
   154648.994376416       1.600926069349707E-002  2.849691044253003E-003
   70711.7289956938       1.565412983674095E-002  3.318029687613582E-003
   240678.976793291       1.529866115289644E-002  3.785073474322582E-003
   578245.270016663       1.494419884637006E-002  4.252737736873070E-003
   814598.183443290       1.446599921808503E-002  3.794396060809503E-003
   395902.412003986       1.398824355171401E-002  3.335277371320011E-003
   124879.277791595       1.351015023077271E-002  2.873973535909375E-003
   552951.284578453       1.290653220246818E-002  3.482741244297247E-003
   247785.733565520       1.337040867429326E-002  3.957714826815340E-003
   147147.723810828       1.383429797914814E-002  4.433202950539571E-003
   38154.4331436929       1.430161335435137E-002  4.907744019311979E-003
   98061.3087911601       1.384314271890206E-002  5.310456019452704E-003
   334931.592476724       1.338630798936562E-002  5.711893315673253E-003
   288413.462133418       1.292823692081104E-002  6.113369482829471E-003
   40981.5829485484       1.798740253506301E-002  7.372038944338449E-003
   89570.8961621639       1.847900043287759E-002  6.976996483703225E-003
   189884.341825905       1.896942406794209E-002  6.582188120000020E-003
   386169.409834317       1.945898368879708E-002  6.188355767056610E-003
   244548.777378098       1.994974642976468E-002  5.795213512756180E-003
   305259.778216183       2.037363223472255E-002  6.178935048570994E-003
   154529.243760622       2.079763517761588E-002  6.563103001563843E-003
   101570.265560726       2.122099106646489E-002  6.947519310129877E-003
   90683.7840088186       2.164653114666369E-002  7.331457304250180E-003
   595200.175876385       2.245376158110394E-002  6.505338182565680E-003
   423692.008355851       2.206282590617905E-002  6.088858484022644E-003
   317607.135042843       2.167167093267030E-002  5.672929293257948E-003
   153631.855258920       2.128038908893648E-002  5.255451515115848E-003
   158218.029297836       2.088872410200249E-002  4.837791237643624E-003
   239363.929826029       2.127132962409771E-002  4.255550682104448E-003
   388454.325318224       2.165178478711060E-002  3.670709013573179E-003
   33822.7768546836       2.202999798965645E-002  3.085462582902470E-003
   266431.825644538       2.240504983350782E-002  2.500558563681576E-003
   436897.287875270       2.164209099912120E-002  2.713431645337085E-003
   667160.632391646       2.107369923287228E-002  3.110989478677038E-003
   493199.250636637       2.050257539126411E-002  3.506098331775126E-003
   429228.841156980       1.993157866804879E-002  3.900217897298359E-003
   418232.202801479       1.956728871370017E-002  3.515612033354751E-003
   206476.003544365       1.920272805796209E-002  3.130501072810364E-003
   30369.6140068929       1.883865770475777E-002  2.745158757341891E-003
   554838.581151293       1.782075732467303E-002  3.781348899347059E-003
   348915.132101303       1.821091801379013E-002  4.138963663440553E-003
   153876.320479050       1.860137165204301E-002  4.497985091236651E-003
   46821.2301776124       1.899245819687507E-002  4.857142655267103E-003
   230834.991105625       1.860920972271463E-002  5.358182151752386E-003
   41021.8515714782       1.822709984387728E-002  5.858783242767108E-003
   127969.391277002       1.784570761809869E-002  6.360291818106111E-003
   105715.510645169       2.328055917718926E-002  7.310913359028853E-003
   25711.2545147300       2.369562204917178E-002  6.808488910257609E-003
   116698.485524789       2.410769144176620E-002  6.304955896675133E-003
   336155.173962474       2.451998169482752E-002  5.801519845739900E-003
   230504.379115933       2.493145476271718E-002  5.299510492778722E-003
   435938.771475714       2.536015390688032E-002  5.788378096316045E-003
   115962.131518195       2.578904406261326E-002  6.279513858031193E-003
   56650.3289310910       2.621870378650978E-002  6.770909699465604E-003
   127022.842286210       2.664947667392730E-002  7.261933149094955E-003
   365613.399316417       2.744213259977590E-002  6.446543237129221E-003
   463009.763246591       2.694175112091092E-002  6.029821081838375E-003
   330937.113831043       2.644173119245743E-002  5.612063166126212E-003
   77599.5841798048       2.594154372886038E-002  5.193558099473508E-003
   78593.5880644764       2.544100073449687E-002  4.775100258416174E-003
   7799.30201195237       2.592831632207188E-002  4.296772818003921E-003
   194034.111614078       2.641527072873108E-002  3.819340584330890E-003
   327673.435801689       2.690205262679679E-002  3.341783793501227E-003
   194762.991796757       2.738967525676023E-002  2.866983740765346E-003
   152689.401419416       2.629399476222115E-002  2.754103288000787E-003
   9613.46365472382       2.583371258257541E-002  3.259067335644512E-003
   230665.829667801       2.537535392077134E-002  3.763829878217581E-003
   281239.551513405       2.491601672586441E-002  4.266469999584042E-003
   586513.303192234       2.433411703768766E-002  3.780148562753103E-003
   482919.739329300       2.375307370971891E-002  3.290546149146367E-003
   285993.527442447       2.317441376175465E-002  2.798614848713385E-003
   410512.375118155       2.290349927322304E-002  3.071949743589721E-003
   29430.5275269885       2.340237101222626E-002  3.646015943032605E-003
   158472.697923883       2.390373935564501E-002  4.219976588054231E-003
   25497.1079935577       2.440669615896451E-002  4.791074264976300E-003
   45944.7007467519       2.391857548761020E-002  5.220768526059776E-003
   393165.628192899       2.343059967250999E-002  5.650307349102718E-003
   349231.462144815       2.294219626594449E-002  6.077571908287144E-003
   24638.0350790548       2.825755967686511E-002  7.237742766658206E-003
   16045.5622959171       2.867478943373119E-002  6.754684754606697E-003
   34228.6339112325       2.909073162544797E-002  6.270008877885925E-003
   140957.309367131       2.950629389360215E-002  5.786539894943168E-003
   152041.412229896       2.992178715691482E-002  5.302838230638499E-003
   59943.0688894904       3.020044267017142E-002  5.775825748871163E-003
   17128.3305587123       3.047933981813839E-002  6.248093352148303E-003
   117942.399850316       3.075862637136236E-002  6.721262836361095E-003
   60482.7524166594       3.103782516887715E-002  7.193577957912146E-003
   63336.2785072824       3.242793433299698E-002  5.759358499160182E-003
   217855.001824681       3.194796295205712E-002  5.495080485397142E-003
   159210.821979882       3.146730630939748E-002  5.230257184013109E-003
   108748.819046924       3.098759537347994E-002  4.965214385105676E-003
   51703.4462004677       3.050668823949842E-002  4.699807450933229E-003
   84234.8131423516       3.097931386899705E-002  4.420714084488232E-003
   168372.751104240       3.145061206431976E-002  4.140994372684028E-003
   163594.006139562       3.192293929119870E-002  3.862583522587202E-003
   95975.2345629055       3.239453022784856E-002  3.583700188842508E-003
   79681.1167532411       3.069464359522387E-002  2.671378379538190E-003
   54644.2366281471       3.043093509137277E-002  3.152995534819079E-003
   62345.5111669100       3.016658160055942E-002  3.633701000865895E-003
   167527.486505443       2.990366687603604E-002  4.115226838537962E-003
   259666.200940153       2.942904131349575E-002  3.645311677357202E-003
   133748.067622166       2.895587380546193E-002  3.175104052977076E-003
   19231.1538497506       2.848146265605006E-002  2.703394643664005E-003
   187014.432063331       2.787082856240886E-002  3.328720338888286E-003
   35063.6309149258       2.835298457755342E-002  3.792171901955696E-003
   101129.561872172       2.883469052409329E-002  4.254829029053052E-003
   213107.732504152       2.931845994258248E-002  4.718160099571789E-003
   28804.1267225802       2.884833748636898E-002  5.150767668816394E-003
   135140.751159760       2.837985791357193E-002  5.583195168314941E-003
   153945.586542485       2.791042153185349E-002  6.015007892620121E-003
   15288.1432860821       3.386166504578855E-002  7.148565172975522E-003
   9207.87330464054       3.412809704125942E-002  6.778314719644095E-003
   17568.3872442711       3.439421887014554E-002  6.407856213371979E-003
   25655.6829524603       3.466035225889744E-002  6.036477720427348E-003
   79821.2298887538       3.492643601374888E-002  5.666121993123256E-003
   77015.7706168104       3.542112174370635E-002  6.023966690529698E-003
   132907.376502764       3.591664305925924E-002  6.383035208069146E-003
   78788.8412486310       3.641121612191781E-002  6.741067061567099E-003
   43004.6306460813       3.690578944959275E-002  7.099151284451925E-003
   79692.1160322587       3.744008489614108E-002  6.547211299820910E-003
   128912.655272714       3.706659336561925E-002  6.064492306726503E-003
   56055.7565687922       3.669314528128550E-002  5.581507837649272E-003
   69428.9891864983       3.631853709037501E-002  5.097542866215601E-003
   76724.7833620150       3.594506141327475E-002  4.614391290923188E-003
   55457.8850378380       3.630664771521958E-002  4.313574625629006E-003
   15750.3189542850       3.666866937153724E-002  4.012348517242918E-003
   75301.0293323899       3.702979468467613E-002  3.712346104138134E-003
   80137.2605176381       3.739068358199467E-002  3.411204240336118E-003
   9567.92926448566       3.575943361049790E-002  2.482952819128814E-003
   65425.6278918052       3.547160401750592E-002  2.853876110592979E-003
   34219.2563651189       3.518267330258917E-002  3.225592454239700E-003
   193743.339911154       3.489416920259854E-002  3.596610207921217E-003
   179019.700477646       3.461801964991285E-002  3.234959913260879E-003
   118660.795999211       3.434081059882234E-002  2.872171385707336E-003
   51475.0801356725       3.406452537394918E-002  2.510295727996844E-003
   147425.850157133       3.276444135343626E-002  3.850040947241467E-003
   102877.269682817       3.313427379783002E-002  4.115572177259749E-003
   60514.7509793100       3.350522270553292E-002  4.382108967231115E-003
   15582.2834974007       3.387531672425880E-002  4.647665629630150E-003
   33037.8127944625       3.351361062412425E-002  4.925605096140756E-003
   5748.24681999327       3.315099859084719E-002  5.203551834240218E-003
   5351.82606023049       3.278935436763342E-002  5.481358779841325E-003
   42894.4667281694       3.799155540842521E-002  7.080913125068761E-003
   29492.1352676595       3.847331626398611E-002  6.613008129690868E-003
   91020.6982410366       3.895481610128805E-002  6.144909629126610E-003
   25914.5682449112       3.943741148950233E-002  5.676877916843460E-003
   27156.3312180259       3.991890090857002E-002  5.208740331810846E-003
   25089.8588890301       4.039952846584589E-002  5.660439242870332E-003
   99785.0157988416       4.088009645255081E-002  6.112123614926761E-003
   119805.670416626       4.136066612234406E-002  6.563676350933882E-003
   74300.7104527933       4.184114459567151E-002  7.015205003274576E-003
   107998.776850778       4.243885264901382E-002  6.396930258961837E-003
   81887.9573338576       4.197106042481207E-002  5.932038113156519E-003
   99619.4309009896       4.150326989269921E-002  5.467256374367136E-003
   154068.651084032       4.103553070621911E-002  5.002508346352998E-003
   53929.3930226811       4.056809303741665E-002  4.537575474186253E-003
   47894.1490185883       4.102071852735052E-002  4.074684700452624E-003
   30880.4772607851       4.147263045401616E-002  3.611429974630883E-003
   86271.8539380576       4.192449300957909E-002  3.148359810105014E-003
   49800.7107647720       4.237626988844567E-002  2.685436168971390E-003
   46375.3288395759       4.123771814934290E-002  2.485300235070057E-003
   50634.2743275977       4.079094878576819E-002  2.953414844752485E-003
   16269.8747239843       4.034416044395765E-002  3.421249890960263E-003
   202374.562483456       3.989757249878532E-002  3.889098754005027E-003
   129093.795460644       3.959575779467244E-002  3.434005208244461E-003
   44892.6105897193       3.929369402686320E-002  2.978782827146782E-003
   46677.2271527087       3.899237768661008E-002  2.523555325751470E-003
   249687.149047350       3.785527771131389E-002  3.698200367740207E-003
   212036.321986015       3.831956071694056E-002  3.984645391199829E-003
   182352.940099023       3.878387742531188E-002  4.272179107379195E-003
   69595.5148806214       3.924837046590342E-002  4.559775376621770E-003
   72632.7793627336       3.879621431161073E-002  5.056274137062560E-003
   33837.6151856866       3.834417405162908E-002  5.553871760470053E-003
   121030.410527450       3.789202194934145E-002  6.050393068049598E-003
   34945.2102258045       4.305676704262267E-002  6.994234062921819E-003
   15676.2165565634       4.352397400005800E-002  6.632343865776039E-003
   76308.8486573548       4.399092958776803E-002  6.271202383710549E-003
   33090.1049216392       4.445792198847941E-002  5.909107979549289E-003
   9020.44656028883       4.492479722408167E-002  5.546881902611268E-003
   7469.67640218495       4.540296027553350E-002  5.892410717454315E-003
   53639.5305065205       4.588002623149450E-002  6.238036452050739E-003
   66889.8850892061       4.635810015428976E-002  6.582534948407948E-003
   55933.5149202927       4.683515230652162E-002  6.927985305108641E-003
   60033.4723718512       4.743828428375246E-002  6.303179117101381E-003
   45232.3478476659       4.707614383240114E-002  5.838669774493339E-003
   45129.4575611012       4.671501868223580E-002  5.373131708754832E-003
   69093.1859403869       4.635291499311280E-002  4.908606090322337E-003
   33874.9761188134       4.599097902145799E-002  4.442922966553206E-003
   24928.5806947133       4.633753190389180E-002  3.996867540354766E-003
   27798.2187833689       4.668371150946984E-002  3.550554014545306E-003
   6126.20371051432       4.702891502225880E-002  3.105312115936838E-003
   12298.2916606533       4.737504920296994E-002  2.659093757331047E-003
   1048.27573178818       4.618742654813002E-002  2.293088112055185E-003
   29626.0490630954       4.575477724677369E-002  2.653844906807982E-003
   2764.05175768780       4.532108823539787E-002  3.015477100856941E-003
   108965.184999917       4.488761615605096E-002  3.377318266351386E-003
   129553.776278515       4.442687611287209E-002  3.031288641607552E-003
   119100.756060521       4.396615540410388E-002  2.685199608056635E-003
   93471.3154498092       4.350545167497157E-002  2.340041036551804E-003
   90477.9425983706       4.273767888696427E-002  3.134188683565633E-003
   46442.5506421450       4.309813407181895E-002  3.583094256995032E-003
   20074.5239252265       4.345969307965077E-002  4.032000632378874E-003
   17751.5120208448       4.382138701428156E-002  4.480867938309149E-003
   15330.7622394365       4.347548851128016E-002  4.959830452332319E-003
   7232.58876204888       4.312964545097296E-002  5.438855511343304E-003
   64563.2994199347       4.278466484520453E-002  5.917766483738327E-003
   44166.3864650210       4.806278245685624E-002  6.906015146708739E-003
   51771.4460876563       4.852528859878155E-002  6.408010780292120E-003
   47085.8334654438       4.898872361744620E-002  5.908882012606634E-003
   50665.4448722455       4.945129596459164E-002  5.410757533323403E-003
   17309.7845030915       4.991481468991404E-002  4.912438665411155E-003
   29293.0170683645       5.040166464322583E-002  5.393674338539766E-003
   25663.2162766284       5.088748186933727E-002  5.874846234570725E-003
   48554.7314745257       5.137423581497811E-002  6.356951525784848E-003
   15333.9677178437       5.186079793265261E-002  6.838124749945444E-003
   16319.0385531878       5.243928099736705E-002  6.238783814221788E-003
   18869.6321059354       5.194074098779315E-002  5.769596914730876E-003
   5244.77893331492       5.144112982457967E-002  5.300630788339662E-003
   51774.5913743306       5.094255853149244E-002  4.832749214068282E-003
   25782.0174627931       5.044419380967487E-002  4.363794691574640E-003
   4860.25495697634       5.092741610889877E-002  3.974046114271748E-003
   17343.4727068914       5.141049152849050E-002  3.584229254859022E-003
   4646.27916931749       5.189457080816469E-002  3.194434373159835E-003
   5290.35916799313       5.237765314639313E-002  2.804690562931444E-003
   9841.37173087955       5.101214194053495E-002  2.343173278533058E-003
   1115.90153199580       5.064001515543729E-002  2.840992520810005E-003
   14617.6355930836       5.026786440937481E-002  3.337778689353545E-003
   54955.3051443433       4.989577979598239E-002  3.834599600905157E-003
   46276.9515657968       4.944734972128584E-002  3.352526369020324E-003
   32075.8719194668       4.899891518955755E-002  2.870385273092146E-003
   2927.30690188035       4.855141447541907E-002  2.387212116926748E-003
   54583.4980903971       4.787265782803254E-002  3.090263067804115E-003
   36170.3988674925       4.837118755753827E-002  3.520522847857632E-003
   27477.5747675628       4.886875691373163E-002  3.951811308790449E-003
   11851.7702712183       4.936639790801624E-002  4.383079816888512E-003
   16141.0993660178       4.888472911207718E-002  4.863521765309741E-003
   24833.8098497687       4.840290091392568E-002  5.342948606552234E-003
   97094.5557832033       4.792000245177753E-002  5.823403243788688E-003
   2905.10987880911       5.303855003021579E-002  6.817205326566275E-003
   49984.6042759076       5.351135029193278E-002  6.512745690046452E-003
   59808.1856798699       5.398406490423036E-002  6.207194793096710E-003
   51410.7391581151       5.445577178662633E-002  5.902626515794382E-003
   16559.6779383484       5.492842313445859E-002  5.596998324376979E-003
   29747.4667894009       5.526686047609537E-002  5.887820846020876E-003
   4034.20996418021       5.560520534829989E-002  6.177698534962553E-003
   1530.05083378625       5.594357859081925E-002  6.468529045780665E-003
   10113.7795662213       5.628188757866860E-002  6.758369875075744E-003
   6887.09954951202       5.742849878947667E-002  5.569284760864719E-003
   8219.65168527448       5.712644003944788E-002  5.241769546751264E-003
   2714.19726976122       5.682341755962422E-002  4.914270244430443E-003
   18033.8066286031       5.652139017197767E-002  4.586787602717328E-003
   12873.1005120851       5.621846869073128E-002  4.259252604397589E-003
   11970.7646094749       5.650833540244463E-002  3.858002060482168E-003
   9601.66358448101       5.679710385143920E-002  3.456685489078164E-003
   8194.86202622814       5.708690395055453E-002  3.055367692430686E-003
   10692.1278843787       5.737570537849813E-002  2.654058815564594E-003
   10172.5880269330       5.605267607387098E-002  2.057947354364086E-003
   8569.63594167769       5.566210846005732E-002  2.362081494532371E-003
   22476.3238610783       5.527150029786927E-002  2.665194568180757E-003
   19179.6602227311       5.488099817779214E-002  2.969414065358928E-003
   18214.4609092998       5.449471939538791E-002  2.679374761841498E-003
   23437.2322798835       5.410846988687025E-002  2.390328765007396E-003
   15946.6054746488       5.372219990444949E-002  2.100291925735610E-003
   8471.03589869947       5.268048797705619E-002  3.180252177858430E-003
   2334.73456894724       5.298429145946681E-002  3.555829012869471E-003
   4827.85177294171       5.328711166165136E-002  3.931406784884211E-003
   4282.84422233962       5.359093097785620E-002  4.306967247456816E-003
   10268.7172804637       5.330259920267830E-002  4.790204544704287E-003
   9534.46655218608       5.301520854961421E-002  5.272405955538999E-003
   7718.04767645581       5.272676536609231E-002  5.755592102425539E-003
   16888.0973435215       5.861742186942171E-002  6.715720637907826E-003
   13487.1991881522       5.894340722375163E-002  6.321868798558032E-003
   21318.4739048159       5.926936542245897E-002  5.928936133822634E-003
   39612.6919033628       5.959536503473521E-002  5.534997336037493E-003
   23443.2439414085       5.992139645806187E-002  5.141021796396542E-003
   47341.5257174176       6.035057159163695E-002  5.521209197478411E-003
   16496.0606571040       6.078071670869661E-002  5.901332563380056E-003
   5109.04395907567       6.120981421060689E-002  6.280409026220138E-003
   25926.4669745147       6.163884060672536E-002  6.660473127455931E-003
   29303.6148374287       6.243488144129081E-002  5.834783332629261E-003
   34331.8877213651       6.203908825491364E-002  5.419964318167428E-003
   10905.2677597412       6.164431168410625E-002  5.005215295271878E-003
   17615.6665511212       6.124856246742428E-002  4.589528741866663E-003
   474.809131173464       6.085295965277329E-002  4.174799204399953E-003
   20171.5824996303       6.123127609950441E-002  3.635936054277757E-003
   1319.55596922851       6.160962304204001E-002  3.097073868715340E-003
   28554.3043822481       6.198705025154009E-002  2.557245989794823E-003
   27894.8179835974       6.236555907852465E-002  2.018306700652157E-003
   19710.0457743896       6.146294070540979E-002  2.051545023449076E-003
   35703.9282148773       6.093688558326964E-002  2.448047672712042E-003
   46710.5893183427       6.041186641475687E-002  2.845599891283954E-003
   3370.83958147825       5.988693140927346E-002  3.243274371613444E-003
   9516.13737691382       5.948389702456140E-002  2.862572776989830E-003
   3900.43844221312       5.908088079483950E-002  2.481885070071424E-003
   9390.98820545833       5.867789573103682E-002  2.102219758322834E-003
   6774.98113386791       5.777088276977779E-002  3.042917455548108E-003
   337.373280224408       5.816504904273630E-002  3.431771034570534E-003
   11699.8602495703       5.856020493148217E-002  3.820582070201774E-003
   4081.35564533618       5.895531499604419E-002  4.209404271239979E-003
   16403.8391874615       5.857340291560811E-002  4.549326943556283E-003
   32095.1953269928       5.819143078205760E-002  4.889259717709959E-003
   58156.9012278740       5.781042290072426E-002  5.229191720147192E-003
   12840.9000317070       6.326049737954854E-002  6.630938303437804E-003
   6673.06994916922       6.367516821069644E-002  6.224454956658094E-003
   5429.73572528006       6.408995298753754E-002  5.818993159787926E-003
   18330.0029689212       6.450575932318359E-002  5.412490209775007E-003
   17479.5221463991       6.492056748274455E-002  5.005946881771335E-003
   21020.9273514188       6.539476816543568E-002  5.396444580372207E-003
   14684.5723549975       6.586797494207058E-002  5.786922514925844E-003
   9882.69594884203       6.634214164521304E-002  6.176359312170282E-003
   18419.7574570747       6.681531449054882E-002  6.566774897013158E-003
   2722.25447624845       6.743771413855645E-002  5.921474333345257E-003
   24818.4275500535       6.703030010940592E-002  5.462730013666527E-003
   2952.79120356439       6.662384467533318E-002  5.003057651169703E-003
   5166.00409443816       6.621644647647923E-002  4.544406541175989E-003
   7946.22286123222       6.580908023800648E-002  4.084741223512552E-003
   4489.18603976164       6.620115260466680E-002  3.697644811388838E-003
   8862.91746841716       6.659329249692603E-002  3.311558339344262E-003
   15570.0212651762       6.698442629971037E-002  2.924469266290367E-003
   9784.20578418037       6.737656957211130E-002  2.538321069592139E-003
   469.646433284695       6.600527216221745E-002  1.979931669587258E-003
   7126.33592717753       6.563248190100689E-002  2.384675319163799E-003
   13293.8337122904       6.526069235505701E-002  2.790418647825270E-003
   21943.7592517270       6.488788151002216E-002  3.196192236627860E-003
   37189.1045126197       6.434862685807186E-002  2.806875032300888E-003
   28605.7854278039       6.380931197098211E-002  2.417664709601027E-003
   20240.8640927096       6.326897587955514E-002  2.029590553479457E-003
   8784.91145964864       6.277442090825272E-002  2.542844745393260E-003
   9198.65503111575       6.318220303445615E-002  3.068341399611762E-003
   20604.4018928119       6.359085995708519E-002  3.592849662604704E-003
   16044.2779540431       6.399941525567239E-002  4.117420303250088E-003
   2787.76880196850       6.360806620546358E-002  4.546462593255926E-003
   16828.6156166390       6.321669772747317E-002  4.976524662605676E-003
   30903.3537591470       6.282629130326256E-002  5.405613792519172E-003
   5327.61557782221       6.808307578424819E-002  6.543996016290961E-003
   10447.2396045461       6.854384189612550E-002  6.251672855432268E-003
   12626.5880579798       6.900564322201254E-002  5.959342947142132E-003
   12578.3857017423       6.946644617278452E-002  5.667020179821411E-003
   1283.30598465177       6.992822935253463E-002  5.374645047334646E-003
   11665.9405280300       7.036423644688761E-002  5.650863631252310E-003
   5204.30042509553       7.080126009064318E-002  5.927049679700667E-003
   4202.59407425584       7.123727828958133E-002  6.203272984995543E-003
   711.432932035023       7.167430777931734E-002  6.479484862968773E-003
   2837.35367081141       7.243427353412467E-002  5.691712142148343E-003
   1438.68731586523       7.214257623264181E-002  5.264869035557436E-003
   1037.42533942072       7.185088153708515E-002  4.839024302569685E-003
   6479.46680550931       7.155916480545341E-002  4.412174716355305E-003
   7463.99769462586       7.126743040979888E-002  3.986349433940179E-003
   1858.52655956483       7.154594041110195E-002  3.681259374767811E-003
   4303.25586625154       7.182448960428224E-002  3.376202925101252E-003
   4897.33955021066       7.210303267097060E-002  3.071140912222486E-003
   4405.44491425677       7.238158320770995E-002  2.767066665144533E-003
   2089.60863331114       7.076351742938637E-002  1.779061567889477E-003
   2317.13856707957       7.046868969079878E-002  2.068416973480479E-003
   6308.74998059430       7.017386737184739E-002  2.357779758592185E-003
   10488.5460958150       6.987901010698247E-002  2.647106382564266E-003
   9361.69869592102       6.949393866605262E-002  2.369984891406090E-003
   11701.6404128523       6.910983964447909E-002  2.092893311883632E-003
   5989.59107910193       6.872475179975054E-002  1.815824059165539E-003
   9489.75468657450       6.766740469981268E-002  2.912120363629471E-003
   2695.65603265360       6.795824616836467E-002  3.286909375038623E-003
   2081.17804469316       6.824904982620332E-002  3.660699763403925E-003
   12894.6738772461       6.853989134818406E-002  4.035461400561140E-003
   3840.98625027256       6.826434544605529E-002  4.507460076700657E-003
   5605.77140771313       6.798880526606269E-002  4.978473828304897E-003
   9477.97615214050       6.771328112473816E-002  5.450485716994098E-003
   4659.76620248651       7.322207368431638E-002  6.451696820635990E-003
   5387.94312771435       7.364611824689216E-002  6.005955741513785E-003
   4927.10467608605       7.406914609489980E-002  5.560239743403155E-003
   10293.1064287859       7.449315421801385E-002  5.114513963182557E-003
   5549.93342597504       7.491618072927571E-002  4.669832956850253E-003
   10122.4370462609       7.538990763075512E-002  5.098409230338591E-003
   1842.40625151009       7.586265235722060E-002  5.528027161010335E-003
   4828.51211870984       7.633640604706940E-002  5.957647317794401E-003
   5651.31649751981       7.680919022149620E-002  6.387285898177857E-003
   3700.43683032932       7.743564105247688E-002  5.737941623564834E-003
   6853.07948128034       7.698940761938047E-002  5.280866928996238E-003
   159.872933346965       7.654315741197819E-002  4.822758916660502E-003
   7401.69978953541       7.609690875172274E-002  4.365640199806764E-003
   1081.80888844188       7.565160116800454E-002  3.907519236080474E-003
   4903.46694655229       7.607911559297932E-002  3.376722490245333E-003
   2470.38880849214       7.650762016390361E-002  2.845907509570790E-003
   5423.66183059775       7.693610274289589E-002  2.315090830226762E-003
   4912.08319980305       7.736458541020279E-002  1.784304680880513E-003
   3208.14455557101       7.643428813997338E-002  1.831063940903631E-003
   5602.79295922886       7.591928505315841E-002  2.278424577988174E-003
   10556.2087048707       7.540428400584032E-002  2.725772450225726E-003
   826.739962586414       7.488924364087517E-002  3.172086647603075E-003
   328.492579551309       7.458144250663212E-002  2.740539014110395E-003
   3005.09841961978       7.427361705014006E-002  2.307986438767527E-003
   2049.38406297437       7.396578601678741E-002  1.875433204059978E-003
   2729.69622352766       7.282487481433909E-002  3.058146646121374E-003
   2938.41746148410       7.326819219097054E-002  3.350222242258312E-003
   307.407123812288       7.371150763153671E-002  3.642310233365306E-003
   2495.38170095017       7.415382743360097E-002  3.934426290538346E-003
   152.100464074141       7.372465748384747E-002  4.373253020423067E-003
   5684.50216084406       7.329453217446542E-002  4.813095921506884E-003
   14555.7383339151       7.286440210367512E-002  5.251926182716433E-003
   3672.90324996670       7.808500485397890E-002  6.364378632743210E-003
   2585.64938422903       7.854198199804800E-002  5.914058424848135E-003
   3670.78150923941       7.899995409863916E-002  5.464720137910204E-003
   5762.03008345485       7.945689721135482E-002  5.014409466710604E-003
   3616.42092639620       7.991486734052809E-002  4.565108931591890E-003
   3768.93658122969       8.038468993965116E-002  4.997752659056991E-003
   301.236887024649       8.085353064499573E-002  5.431428768203900E-003
   6307.18539955884       8.132336208591420E-002  5.864095582427453E-003
   5120.86215717924       8.179322466965652E-002  6.297765656354904E-003
   1061.29738512862       8.243439767426293E-002  5.633138820006993E-003
   4331.02825417191       8.198418957312874E-002  5.179148526210886E-003
   948.478496957296       8.153498830699214E-002  4.725113738926781E-003
   4774.42935490491       8.108479575240279E-002  4.272090686836303E-003
   1891.70709939760       8.063556384959109E-002  3.818056026211263E-003
   1017.50960490449       8.106958604950898E-002  3.426179317443351E-003
   3414.43703611011       8.150459029159400E-002  3.033293789232560E-003
   3267.39005565484       8.193860860041319E-002  2.641429879875883E-003
   1951.84268585367       8.237361528085366E-002  2.248561593723417E-003
   767.016747639458       8.101749517597481E-002  1.752838092415579E-003
   180.890736640117       8.064148144879743E-002  2.200674514027433E-003
   3691.50366766510       8.026449515287909E-002  2.649529869789250E-003
   68.0965681509196       7.988848750929861E-002  3.097353918024349E-003
   2136.32735008800       7.935767070429414E-002  2.665811194938037E-003
   485.499648285896       7.882684830039099E-002  2.233241057464327E-003
   2994.16752761738       7.829604448857252E-002  1.801650126107637E-003
   664.633131527836       7.781586682019408E-002  2.299313818724706E-003
   3406.19334188260       7.826615472636492E-002  2.814358372896128E-003
   5641.01247675171       7.871745959363108E-002  3.329383559532042E-003
   6529.57338730957       7.916778453031111E-002  3.844415216989452E-003
   893.147692441634       7.873523973523430E-002  4.318299624288038E-003
   2071.44452240167       7.830169390945084E-002  4.791201146968607E-003
   8062.69156226343       7.786917926735475E-002  5.265076642716010E-003
   1972.60201481376       8.309902745872461E-002  6.274299142616423E-003
   1890.86737778648       8.355221955626461E-002  5.780063861466255E-003
   193.060824961967       8.400538837467551E-002  5.284828811613947E-003
   84.8560285404342       8.445757169744950E-002  4.790614064623723E-003
   779.830828520735       8.491076070691896E-002  4.296394735398384E-003
   902.697701051488       8.537141490066283E-002  4.774202870832048E-003
   770.859749590643       8.583107004478961E-002  5.252030304806224E-003
   2121.55861550651       8.629174660245191E-002  5.730837770647251E-003
   1458.82820410067       8.675140609851573E-002  6.208663354750171E-003
   1186.23772677043       8.743282643760304E-002  5.502302829313575E-003
   824.774093039979       8.693880225805846E-002  5.060109114164242E-003
   249.094379637815       8.644376441146437E-002  4.616926734085203E-003
   352.450608124117       8.594974444727575E-002  4.174724167999152E-003
   1809.58067438610       8.545570646940932E-002  3.731519398371451E-003
   868.363369922619       8.593433907539813E-002  3.316851896847646E-003
   120.074900237267       8.641295000865366E-002  2.901184651673294E-003
   75.4077733606663       8.689257752327614E-002  2.486500555723998E-003
   76.7453428344732       8.737120680383891E-002  2.071838179441151E-003
   395.924682796690       8.608342645842661E-002  1.705910050783961E-003
   260.731430707414       8.568623896837936E-002  2.200126973183337E-003
   424.767459289978       8.528803537024264E-002  2.693361478005764E-003
   1023.03025589526       8.489083140805553E-002  3.186574868366063E-003
   597.631169809618       8.449817998774796E-002  2.707543544047034E-003
   339.010829903671       8.410452945461941E-002  2.228520237123897E-003
   769.158512910811       8.371185657128082E-002  1.748478316533156E-003
   1153.62734621594       8.286643745382617E-002  2.624782387703909E-003
   560.028594468485       8.336024249503364E-002  2.999988039388934E-003
   617.187163883799       8.385306732049326E-002  3.376216409166705E-003
   4241.43134767720       8.434587962884910E-002  3.751448742596150E-003
   1314.35178727978       8.386825692284286E-002  4.222120016883324E-003
   886.963578632887       8.339062258495972E-002  4.691791030861729E-003
   957.198555069974       8.291201141862102E-002  5.162478089980009E-003
   111.184445695072       8.813918477061748E-002  6.183719455546896E-003
   342.939492060249       8.858129023680350E-002  5.684695223435786E-003
   462.947655912431       8.902437989357580E-002  5.184654160670108E-003
   1251.50763976489       8.946648888399983E-002  4.685630538077833E-003
   375.183581447950       8.990958104330017E-002  4.185588770951321E-003
   988.355746133563       9.030336470383958E-002  4.670589437553026E-003
   217.549354839952       9.069712856139114E-002  5.154588735318927E-003
   347.656159194075       9.109090885209137E-002  5.639587245401369E-003
   197.933421145747       9.148366846191344E-002  6.123605286973273E-003
   595.547378230648       9.242724647973319E-002  5.145492118367180E-003
   747.616957914481       9.192942272639160E-002  4.770377115366662E-003
   587.468350180216       9.143058092271147E-002  4.394281944421934E-003
   385.808094777961       9.093273886685989E-002  4.018171247744086E-003
   580.992597518482       9.043390093945458E-002  3.642078334168024E-003
   34.3943214999177       9.091718236476148E-002  3.152317585212146E-003
   661.640336776994       9.139948163794907E-002  2.663573985732553E-003
   726.408120976499       9.188276343922244E-002  2.173812416361033E-003
   571.117996200678       9.236506308661380E-002  1.685067810435280E-003
   353.807729363384       9.130566993753782E-002  1.617089765471015E-003
   463.259739697216       9.083358440483937E-002  2.117651629739845E-003
   997.889155405486       9.036248012052889E-002  2.617195760224109E-003
   566.142391094420       8.989039521902695E-002  3.117760085506547E-003
   273.111408298315       8.947562490380473E-002  2.633133991644470E-003
   462.777305328618       8.905987395356978E-002  2.149522760445360E-003
   236.584109324208       8.864510399230681E-002  1.664893573941105E-003
   568.326837409439       8.786941903208922E-002  2.468953235560799E-003
   84.6457004877909       8.836862999205017E-002  2.866052412000136E-003
   181.177762629979       8.886686024721152E-002  3.264168982195501E-003
   985.174067473758       8.936607317523723E-002  3.661268094976342E-003
   600.079169852997       8.888227165979257E-002  4.122034866287772E-003
   1135.32133714673       8.839944992304458E-002  4.581783353728610E-003
   1206.67729256549       8.791564681143110E-002  5.042551155672694E-003
   483.658990828167       9.340535660441367E-002  6.089069740624261E-003
   71.9532853442888       9.378241432037143E-002  5.699235353327262E-003
   569.529017715029       9.416049068362967E-002  5.310381935815350E-003
   1103.80763918079       9.453855000637817E-002  4.920527720990815E-003
   576.839332848781       9.491660972938690E-002  4.530672155544395E-003
   1063.32272831584       9.527543943024872E-002  4.907284045173586E-003
   587.909199028437       9.563426902612866E-002  5.283893912572372E-003
   429.232309254779       9.599307927950766E-002  5.659503294576151E-003
   368.481860553675       9.635190834834441E-002  6.036110150869906E-003
   198.823910681620       9.742410185928262E-002  4.924661216706537E-003
   939.785745153265       9.703483612116015E-002  4.579601131133926E-003
   104.073916512018       9.664656879211968E-002  4.234526709698093E-003
   386.782244560294       9.625730326953601E-002  3.889470484930231E-003
   287.206899004921       9.586803978088175E-002  3.544414392622926E-003
   744.816615155958       9.624402556349745E-002  3.150599145718345E-003
   122.213963505307       9.661999292962926E-002  2.755782619719182E-003
   53.9962565216003       9.699498015495768E-002  2.361984285023711E-003
   51.8454071225363       9.737096658163223E-002  1.968165984388454E-003
   241.734684418103       9.602297869066403E-002  1.424292918621413E-003
   301.753696199878       9.564290287987902E-002  1.813182704479453E-003
   992.521140008780       9.526184418709471E-002  2.203090550052875E-003
   107.591386687048       9.488178727791408E-002  2.592983773681847E-003
   193.450880416798       9.439398189481431E-002  2.218688876619395E-003
   93.1706194243593       9.390717605157944E-002  1.844377451393459E-003
   260.590232063217       9.341938861361326E-002  1.471085071664827E-003
   85.1649644209378       9.275662833922128E-002  2.158106999436686E-003
   134.475372900806       9.314721090332317E-002  2.632163084720945E-003
   387.470873076574       9.353877453573330E-002  3.105200945412182E-003
   233.817191466366       9.393035503672001E-002  3.579238993467038E-003
   86.0368714268698       9.355433444022931E-002  3.971055904875963E-003
   432.638963756129       9.317831173162960E-002  4.362872640414278E-003
   1024.63167101195       9.280328781197592E-002  4.754672170447862E-003
   43585.6033803037      -1.314597608319397E-003  1.249842205021019E-002
   50418.2283432372      -9.854276751304900E-004  1.208977582239657E-002
   84007.2944152005      -6.575012202954509E-004  1.167976798368766E-002
   178300.101581434      -3.284049801430875E-004  1.127067409736633E-002
   72147.9268991155       8.069325604697724E-007  1.086040678830068E-002
   197509.261423026       4.631970833675747E-004  1.126929813315974E-002
   45270.5258940206       9.254066818419135E-004  1.167725473760041E-002
   58449.0774407043       1.388729452414227E-003  1.208585652168241E-002
   147019.848597779       1.850756616051711E-003  1.249346373867057E-002
   2228.67668824778       2.504184739389280E-003  1.183663549644239E-002
   16014.5235726946       2.093651263673788E-003  1.137686229135841E-002
   3154.95808312205       1.682348719021955E-003  1.091612238317489E-002
   116863.154822930       1.272159617461735E-003  1.045647685098389E-002
   123209.218137697       8.616388708474961E-004  9.996418198761348E-003
   17872.3629687844       1.271019811113723E-003  9.569267694298066E-003
   19969.6740659653       1.678701679882836E-003  9.140743305771864E-003
   134361.983861486       2.087262414397193E-003  8.713368572803115E-003
   123033.447696675       2.494515696943202E-003  8.285965207020574E-003
   14025.6662001409       1.272536188987502E-003  7.903918303007863E-003
   138630.558204257       8.481106516799143E-004  8.315378757949072E-003
   131478.496701978       4.225869076424912E-004  8.725462693512076E-003
   209713.915658969      -1.770903545085760E-006  9.136492825998604E-003
   241076.019041024      -4.586160687675025E-004  8.726921289734414E-003
   140136.965526299      -9.156367312905012E-004  8.318550374896434E-003
   49713.0890246339      -1.372554220678489E-003  7.908965264201822E-003
   444973.008971729      -2.501493960827472E-003  8.172494287934512E-003
   94945.8161767350      -2.092366370308196E-003  8.629123542692041E-003
   18299.9369647098      -1.682311597382481E-003  9.086013606368104E-003
   62931.9350888578      -1.273098454985496E-003  9.542820623705241E-003
   67589.9713579226      -8.622725599528424E-004  9.999192117276196E-003
   43204.6456541884      -1.271820417699022E-003  1.032816449311756E-002
   36923.1177052877      -1.680754603471989E-003  1.065706411165462E-002
   138721.418833325      -2.090872387636959E-003  1.098499442179444E-002
   41378.9984287697      -2.499709773638629E-003  1.131445927291160E-002
   3738.46132901304       3.160663631798525E-003  1.248939512447890E-002
   198042.082903647       3.621168951300238E-003  1.210502670745160E-002
   285348.293056048       4.082526053875647E-003  1.172031023328393E-002
   332414.938506041       4.542789574391363E-003  1.133532976965061E-002
   59360.1083826466       5.002996291188465E-003  1.094921484165673E-002
   231558.933626373       5.467794390883822E-003  1.133016359594538E-002
   834.808585564867       5.932155305319209E-003  1.171051621016930E-002
   9474.51886788451       6.397763090243245E-003  1.209033010804717E-002
   91602.8376988603       6.862239233424397E-003  1.246996470878086E-002
   94508.1227716493       7.508972017846820E-003  1.181446732437258E-002
   79094.8177426200       7.122913038611027E-003  1.135539257814761E-002
   83997.8459144924       6.737159251956432E-003  1.089526220813231E-002
   246699.887375427       6.351508099627186E-003  1.043617412900362E-002
   235680.154206270       5.965926524431347E-003  9.976297655428375E-003
   6111.75078854206       6.348620893765610E-003  9.579007677953652E-003
   128941.028604747       6.729193373564165E-003  9.180001299903175E-003
   51262.4766011709       7.109745432567267E-003  8.782239300050303E-003
   71518.3351653214       7.489911577942400E-003  8.383387477015959E-003
   46529.5537902008       6.172674135798436E-003  7.857385685353288E-003
   100429.689377407       5.780340773370308E-003  8.243238393615293E-003
   41130.4736101868       5.386814143534487E-003  8.628588391275512E-003
   346254.568095411       4.994840874856610E-003  9.015283985520664E-003
   371310.094526908       4.568264971143107E-003  8.633201816931037E-003
   278483.500385783       4.140708396916828E-003  8.251837418457848E-003
   143197.073704024       3.714105455920761E-003  7.870158202074970E-003
   231199.298054175       2.878262600416414E-003  8.710496436415267E-003
   92692.5461879569       3.262038812620057E-003  9.135477569789193E-003
   10161.7628318058       3.646166265748302E-003  9.561485027979556E-003
   41715.7460811810       4.031880079517163E-003  9.986262980841962E-003
   6576.73226029757       3.649781020962084E-003  1.044877195925436E-002
   61367.3429110041       3.268165584235859E-003  1.091101155862776E-002
   168327.932340310       2.886228037876400E-003  1.137418220351564E-002
   29961.7516289312       8.163961957019178E-003  1.246015484770245E-002
   68867.6264407823       8.623581454290484E-003  1.203566816348070E-002
   190070.967822090       9.084181813015983E-003  1.161179653546551E-002
   235596.452005910       9.544045816634485E-003  1.118680447182636E-002
   41550.1882734666       1.000385130787347E-002  1.076245677790401E-002
   154584.330638131       1.036481194039014E-002  1.118006610188626E-002
   42961.7295897782       1.072535169903633E-002  1.159882330997837E-002
   120370.750594461       1.108577551787361E-002  1.201640359449605E-002
   40877.8587020292       1.144714866473307E-002  1.243485408737691E-002
   81305.6633331575       1.250944772287869E-002  1.135545431578238E-002
   66326.8536478105       1.208447752596586E-002  1.100084091850486E-002
   9439.85389011968       1.166038614048589E-002  1.064764594110880E-002
   173765.253187632       1.123534501639863E-002  1.029470123361935E-002
   151651.568617168       1.081202477140558E-002  9.941440852972499E-003
   139931.644609131       1.123045448116498E-002  9.541031856850558E-003
   7345.92377617398       1.164879606849603E-002  9.141010810118522E-003
   159915.545166346       1.206618220559933E-002  8.740370862398542E-003
   93385.2261821870       1.248446330821993E-002  8.339931961108896E-003
   50889.7058328732       1.117062789060246E-002  7.859936272313664E-003
   80609.2097364263       1.077737146124407E-002  8.284655739207874E-003
   22740.3257968656       1.038511452144216E-002  8.709992389419939E-003
   378814.652915795       9.992508078680106E-003  9.134711543612879E-003
   364530.200455191       9.595801535058580E-003  8.716518471283427E-003
   220366.084273696       9.197892843457477E-003  8.297104134678903E-003
   11871.3882073292       8.800681282856992E-003  7.878531259574441E-003
   386181.870581720       7.914041199449304E-003  8.775891601403957E-003
   208967.799212494       8.336716257310800E-003  9.168314290424950E-003
   88106.1470129941       8.760649841231294E-003  9.561833469076712E-003
   37404.2775749274       9.184215776056472E-003  9.954185777969712E-003
   27990.0155160105       8.766304398545199E-003  1.041878592024481E-002
   96288.0441020417       8.346949678929121E-003  1.088332364564948E-002
   317441.661690122       7.928262889022609E-003  1.134890756012538E-002
   17166.2682252386       1.358891125955817E-002  1.241678571240838E-002
   19076.7421006141       1.394499153750776E-002  1.213321396588462E-002
   152455.845817533       1.429971846891327E-002  1.185016008254505E-002
   152110.008641594       1.465457378469475E-002  1.156612459599042E-002
   21828.7350035762       1.500937888558295E-002  1.128194325235415E-002
   83911.7375037449       1.550444418509704E-002  1.155768362636446E-002
   53199.5930248147       1.600001554710958E-002  1.183403204908628E-002
   77434.2880773886       1.649468316072511E-002  1.210913031607312E-002
   137011.113537778       1.699031336178964E-002  1.238506595509233E-002
   127944.430369197       1.751518223574680E-002  1.184998314278119E-002
   12341.5650063633       1.722951523884428E-002  1.135988347279707E-002
   20971.5482493045       1.694490397737138E-002  1.087079910398225E-002
   106719.521722361       1.665919063851286E-002  1.038078950303237E-002
   168450.527146094       1.637422389758110E-002  9.891207965820164E-003
   27021.6316056262       1.665096801286952E-002  9.392267288605467E-003
   123997.742336082       1.692664352459945E-002  8.893638769749624E-003
   171964.351779431       1.720106373930006E-002  8.394111219441381E-003
   153477.993693454       1.747557441162249E-002  7.894558193814140E-003
   153889.085623400       1.646053842357089E-002  7.670494737606162E-003
   332703.061887233       1.596833434251379E-002  7.956193820881332E-003
   240361.569812692       1.547681252108029E-002  8.242147800427263E-003
   301859.955283840       1.498462404793096E-002  8.528412586519462E-003
   376263.711949801       1.458600231487616E-002  8.250700240532255E-003
   275448.364867706       1.418799784620975E-002  7.973392196976369E-003
   238054.852330555       1.378909949438213E-002  7.696854112811092E-003
   132233.094897843       1.276844007546247E-002  8.734403986996004E-003
   60473.5172614401       1.305146571179909E-002  9.129099940478842E-003
   42050.8519607680       1.333556654725650E-002  9.522866265303204E-003
   65846.7768983352       1.362040040958632E-002  9.917146709971573E-003
   2949.31059111190       1.334249481018786E-002  1.027637714927747E-002
   14677.1903822412       1.306451143758165E-002  1.063563649133294E-002
   127010.876639925       1.278730748200969E-002  1.099479622721300E-002
   47394.5638971940       1.805026208077554E-002  1.237424572459164E-002
   153502.515168297       1.854073902699517E-002  1.208475489788268E-002
   145796.009727921       1.902982759583628E-002  1.179610580568220E-002
   146609.035545119       1.951980050136003E-002  1.150644103478464E-002
   22012.3928199638       2.000893005518369E-002  1.121807081637180E-002
   106295.011676622       2.037463299172285E-002  1.149643800438354E-002
   15562.7889401570       2.074001935819584E-002  1.177615989089299E-002
   18952.0489399020       2.110451213165530E-002  1.205469392183633E-002
   74451.9790461424       2.147002039921908E-002  1.233414474152147E-002
   105326.610435561       2.250999290701003E-002  1.126814389893113E-002
   66689.4529977435       2.222166874309334E-002  1.090986155429096E-002
   66193.3458039799       2.193444599358579E-002  1.055252970477226E-002
   128791.569428964       2.164617907522308E-002  1.019426588836444E-002
   134016.954962138       2.135942325315585E-002  9.835567174712550E-003
   65605.5056334550       2.163826843668621E-002  9.411489253880315E-003
   56740.0862560900       2.191701667593497E-002  8.986647083274322E-003
   84045.9956412346       2.219482064566435E-002  8.563016069008148E-003
   127166.043829313       2.247329716583532E-002  8.138385331577461E-003
   77742.6431441712       2.122909460485764E-002  7.620813196550930E-003
   177770.726811275       2.081288390595914E-002  7.909092743417952E-003
   94528.1398559877       2.039548635222443E-002  8.197936392200421E-003
   339844.203325899       1.997874203506786E-002  8.486463125063222E-003
   442950.913531033       1.948060267198460E-002  8.208928768265927E-003
   426229.335537082       1.898356600757250E-002  7.930123420651015E-003
   313864.303448972       1.848564700582310E-002  7.651852427356187E-003
   236063.116533556       1.776322483009964E-002  8.387581528310255E-003
   3456.94575875515       1.805046666736131E-002  8.881191864903132E-003
   87185.4043910282       1.833924658531799E-002  9.373770825898149E-003
   82871.8915784248       1.862759370934519E-002  9.867122946372273E-003
   15673.7997108304       1.835022637681458E-002  1.036249870647859E-002
   773.595163671753       1.807156574338275E-002  1.085867705252350E-002
   16814.5019355698       1.779385118113578E-002  1.135380450055448E-002
   68197.2124902438       2.357562025826707E-002  1.230666558276675E-002
   124404.718232981       2.393221584803755E-002  1.183571817850427E-002
   102145.754677012       2.428736419693784E-002  1.136427282973730E-002
   129959.824904179       2.464391807230062E-002  1.089386073344671E-002
   30040.6549316852       2.500043074711416E-002  1.042197555452048E-002
   96080.4599624836       2.547533696859719E-002  1.088177805841676E-002
   106438.907865695       2.595003536917090E-002  1.134063029756655E-002
   122035.036937337       2.642477095846957E-002  1.180018459995265E-002
   10804.8153482898       2.689925765885105E-002  1.225975543806302E-002
   117030.908519091       2.751817309881434E-002  1.162260063952010E-002
   64731.2416878216       2.704439500687196E-002  1.116173835345270E-002
   91809.6336826939       2.657064863742381E-002  1.070110021082373E-002
   245214.605722626       2.609798311622917E-002  1.024058197775056E-002
   171577.285892089       2.562508942424158E-002  9.779623766736302E-003
   49938.9606975955       2.608638803706172E-002  9.348189382987473E-003
   3831.92209974519       2.654544277141788E-002  8.916304150797808E-003
   152636.316333595       2.700538442810319E-002  8.484808520986506E-003
   67491.9935198631       2.746535300479871E-002  8.053798142316078E-003
   81701.2059220899       2.623246211512257E-002  7.735957575559504E-003
   62545.3618346983       2.581600214002489E-002  8.210084406404928E-003
   75470.0839050245       2.539967735463234E-002  8.682811365683569E-003
   363304.570464754       2.498372212626188E-002  9.156340390711162E-003
   374218.384917881       2.455787872461536E-002  8.695102924709675E-003
   194923.965047406       2.413190098513603E-002  8.234610344590075E-003
   76129.8951053371       2.370676961829114E-002  7.772847789166577E-003
   287110.485262012       2.294491141638179E-002  8.553110753602653E-003
   206020.592922309       2.341634800181702E-002  8.967292504265546E-003
   79833.5371550472       2.388695138855836E-002  9.382587125228482E-003
   96589.4627483572       2.435927984927781E-002  9.797528630595473E-003
   83163.1485904770       2.389684902732914E-002  1.016509764460465E-002
   105849.082450402       2.343518766608209E-002  1.053281322715197E-002
   256913.032223230       2.297228293617452E-002  1.089952848405083E-002
   33352.3874739536       2.815499159854964E-002  1.224086063460502E-002
   123617.062052446       2.861892469105369E-002  1.193170993286871E-002
   167653.194757246       2.908247133560693E-002  1.162232241572688E-002
   112629.163596714       2.954599568783751E-002  1.131201662398774E-002
   1941.73995943149       3.000943269947334E-002  1.100266163269198E-002
   28229.0331462210       3.038137315063093E-002  1.129842222505068E-002
   71975.0131638370       3.075187319771596E-002  1.159580115163416E-002
   12227.6025423345       3.112355037754305E-002  1.189200619287676E-002
   69649.0103764594       3.149510721155756E-002  1.218840779654657E-002
   47343.4028141396       3.251189209466649E-002  1.113901441605565E-002
   87248.9349543455       3.220419620886707E-002  1.077697837598992E-002
   19369.9365700137       3.189666333965316E-002  1.041469351738493E-002
   78141.4747159423       3.158793305787364E-002  1.005355553608139E-002
   114081.054227031       3.128069337569615E-002  9.690902543879241E-003
   18636.2791816496       3.157863736803806E-002  9.414017867437568E-003
   15856.7244023000       3.187714330681983E-002  9.136866456906209E-003
   48858.4701869114       3.217462001342081E-002  8.859844222618190E-003
   31560.0313247245       3.247220139129988E-002  8.583082297551588E-003
   5089.81965557350       3.077081009346418E-002  7.500311348394932E-003
   43932.1593479954       3.050372562130491E-002  7.806863576753343E-003
   61038.6731994444       3.023668962860505E-002  8.114295989825798E-003
   172556.363101521       2.996998743649269E-002  8.420927769048283E-003
   230974.321675096       2.954181712262385E-002  8.125660148875787E-003
   227076.302284845       2.911372772435271E-002  7.829185672507968E-003
   164041.835974344       2.868563846536649E-002  7.533579203222682E-003
   115608.360437658       2.777326743465262E-002  8.473165790843160E-003
   28321.3371092372       2.808127216475607E-002  8.892743865197970E-003
   5858.25249073909       2.839050756220489E-002  9.312282468135724E-003
   24127.8157151184       2.869890157054803E-002  9.731821099959763E-003
   31048.1500594159       2.840398695826123E-002  1.020448927411634E-002
   10448.9275110636       2.810809500737756E-002  1.067721173509289E-002
   62977.1498168027       2.781306592348773E-002  1.114982034469808E-002
   19146.1142236605       3.356084878403402E-002  1.215472394482696E-002
   24875.8964162149       3.392095919361136E-002  1.169703553434324E-002
   72140.0528176332       3.428073715833549E-002  1.123904928953190E-002
   91215.5187304064       3.463962579074394E-002  1.078011530235159E-002
   18869.1504539693       3.499961717146756E-002  1.032218007442618E-002
   112921.262483047       3.549540989721105E-002  1.076590908143997E-002
   8524.75700758988       3.599122593372084E-002  1.121044340517498E-002
   10635.2242813339       3.648706300494996E-002  1.165365891415258E-002
   6471.25579780971       3.698252270722075E-002  1.209691928495566E-002
   42460.7833002719       3.752130181701928E-002  1.153955557567426E-002
   9119.64264149282       3.706076722458380E-002  1.105953761012676E-002
   28191.3026144527       3.660036976720864E-002  1.057965817767783E-002
   124494.694035727       3.613914161001918E-002  1.009986678405179E-002
   62986.5318602340       3.567946696279516E-002  9.619739345298785E-003
   8565.45249134043       3.612388361225994E-002  9.123499918787784E-003
   97689.1692308898       3.656905104222853E-002  8.626042847990890E-003
   45934.5543567913       3.701329486348106E-002  8.129623019082950E-003
   51741.0235147166       3.745742149752998E-002  7.633039210845204E-003
   93157.5535352471       3.642398933994626E-002  7.559145690536969E-003
   51301.8962200071       3.594225513534031E-002  8.019176697624078E-003
   106056.775261562       3.545944096955264E-002  8.480112576106405E-003
   73937.3973672326       3.497776767398312E-002  8.940224644066750E-003
   8079.97089303887       3.469876262771009E-002  8.492737405887291E-003
   26379.8007941003       3.441980880555469E-002  8.044008993029953E-003
   24364.8411242136       3.414071102298247E-002  7.596332402452689E-003
   106838.208207983       3.292839010639386E-002  8.847703199988293E-003
   81857.1034345969       3.338445673890540E-002  9.112518619952071E-003
   104550.010162261       3.384158645424519E-002  9.377312170442000E-003
   83614.4197147705       3.429763293386794E-002  9.642343663840513E-003
   94360.5376669524       3.385144462369443E-002  1.001672298604040E-002
   94502.5570442647       3.340416792375105E-002  1.039007207125118E-002
   149269.019152520       3.295786345427398E-002  1.076434430893569E-002
   13098.7367747120       3.807822051958314E-002  1.207806847139564E-002
   28303.4381427413       3.855943782062970E-002  1.165032175300251E-002
   146594.389864775       3.904081736072625E-002  1.122243781657575E-002
   138547.377058757       3.952226893337282E-002  1.079341220203804E-002
   53286.4855149989       4.000352519942944E-002  1.036499073056027E-002
   64555.5079897124       4.038406657097445E-002  1.077822423070605E-002
   37364.2504498817       4.076448539438967E-002  1.119230928254811E-002
   82280.7970896844       4.114375006064449E-002  1.160529623787632E-002
   70487.0755658063       4.152373574710138E-002  1.201832921952306E-002
   38691.1458913417       4.251541371681268E-002  1.099204011355629E-002
   51818.5346086030       4.208878221973780E-002  1.062645845779373E-002
   1904.28889046615       4.166219169492007E-002  1.026209397477025E-002
   94147.3727109252       4.123465784892724E-002  9.896956542071190E-003
   26995.8935592063       4.080847379378441E-002  9.531784032047748E-003
   88580.7016012947       4.122074714873511E-002  9.052258247067952E-003
   69597.6368222482       4.163398900544518E-002  8.572540828290872E-003
   54448.0457580588       4.204654755225011E-002  8.092877225119970E-003
   53987.9396093280       4.245899452534313E-002  7.612759758706069E-003
   70413.3142380970       4.137495362033890E-002  7.442608084609472E-003
   71762.6620219167       4.090866817232471E-002  7.870194745924283E-003
   186489.232785610       4.044224250055128E-002  8.298854235515496E-003
   48219.5986214003       3.997615618831794E-002  8.727110593113823E-003
   34469.0168586037       3.948006530048083E-002  8.315767400622089E-003
   112049.953779248       3.898306248335232E-002  7.903446202266016E-003
   109657.215614889       3.848712807276321E-002  7.492236942577513E-003
   53319.1371585239       3.788561486914484E-002  8.114665656793770E-003
   49404.9485546929       3.831378989360260E-002  8.596193204639935E-003
   98348.3885267130       3.874299761561739E-002  9.078595475724212E-003
   37726.6618729436       3.917097905845482E-002  9.560140871492338E-003
   24149.9747213549       3.875908229247418E-002  1.005486427470082E-002
   47266.7130210359       3.834599125613516E-002  1.054960986041119E-002
   166779.735282897       3.793361644490947E-002  1.104434978267837E-002
   72023.7173038957       4.354111021360288E-002  1.198349921921582E-002
   64859.6659485968       4.390628107262273E-002  1.150666866339245E-002
   48724.4401676547       4.427047462750787E-002  1.102874440612436E-002
   74713.6005461285       4.463598804199884E-002  1.055182079858728E-002
   55992.0551226360       4.500148710863157E-002  1.007447811175361E-002
   76601.7012377075       4.547008659129508E-002  1.053710951117299E-002
   53979.1140712335       4.593868630586453E-002  1.099938871207002E-002
   78365.9290079611       4.640718728015113E-002  1.146243231240795E-002
   120523.255999512       4.687615567073618E-002  1.192462887224510E-002
   37274.7922124552       4.752365692998124E-002  1.125394761474832E-002
   5446.00550924936       4.704421673619257E-002  1.080159994205158E-002
   36233.1826575040       4.656382595607342E-002  1.035056640034103E-002
   151525.037451577       4.608457892954792E-002  9.899734477686216E-003
   30484.7347940619       4.560592221338573E-002  9.448702747102907E-003
   40460.7914415997       4.606910051727267E-002  8.969064107779420E-003
   92185.0811490479       4.653228370176264E-002  8.490257055835846E-003
   84811.2724527240       4.699657166278082E-002  8.010337115115267E-003
   57657.7268515133       4.745968140767616E-002  7.531025659512984E-003
   13375.2382381004       4.637230071454958E-002  7.406789918110234E-003
   22577.3031969182       4.590823821516946E-002  7.886581117469947E-003
   126624.565647752       4.544493393783608E-002  8.365335033866951E-003
   48750.3992254653       4.498080670707740E-002  8.844529641023975E-003
   30031.0918542192       4.449966785748131E-002  8.381995636485708E-003
   92852.9598535626       4.401850085451855E-002  7.919719518239641E-003
   89395.4283103880       4.353740843417934E-002  7.456569931465050E-003
   53242.4313728424       4.293821812668212E-002  8.077290375761105E-003
   65939.4403351817       4.341841187677174E-002  8.541637242754148E-003
   123343.150564458       4.389753408852926E-002  9.005840814673746E-003
   91094.8035474878       4.437637652561540E-002  9.470110543750007E-003
   80103.3735674978       4.391148267587854E-002  9.850506784592405E-003
   104379.779704724       4.344645067236936E-002  1.023111175521424E-002
   181887.127939489       4.298029449705108E-002  1.061085532238345E-002
   88078.4518402062       4.819359527534207E-002  1.190125260729048E-002
   22713.9143526982       4.864810270795894E-002  1.150106475111014E-002
   145382.134795774       4.910174677492042E-002  1.110061636420818E-002
   167127.999805522       4.955555625095062E-002  1.070097692264404E-002
   84771.5374917657       5.000917451648621E-002  1.029989665194871E-002
   119314.398539967       5.046957222688593E-002  1.068455159462278E-002
   20965.8558329997       5.092886628425534E-002  1.106806541300676E-002
   96221.4139227409       5.138904828625498E-002  1.145233514934744E-002
   92122.3803448029       5.184795487493223E-002  1.183649151965376E-002
   17758.7557348924       5.252555615200701E-002  1.113447623165125E-002
   108592.771904013       5.212418032603088E-002  1.068955810583097E-002
   2000.26130575862       5.172273777655716E-002  1.024411601911063E-002
   90618.5921753100       5.132250305907604E-002  9.799767233262402E-003
   15922.7115614148       5.092170358490516E-002  9.354259231480344E-003
   55171.8421435776       5.130641591665094E-002  8.869736285748026E-003
   30259.6128577522       5.169013398000943E-002  8.386131724041361E-003
   58752.2594111302       5.207503549612279E-002  7.901519672717915E-003
   57783.9259015490       5.245996050696656E-002  7.416681008177416E-003
   36472.0100783009       5.138962523775056E-002  7.239149727298712E-003
   61373.5243955435       5.091830696355955E-002  7.640258002546458E-003
   121059.185738311       5.044790756929434E-002  8.040431777300424E-003
   6121.73356025111       4.997674177768335E-002  8.441983578318449E-003
   19619.7196524250       4.949770339593907E-002  8.057471358009573E-003
   18872.0785204436       4.901961771409592E-002  7.674186278808501E-003
   51255.4729811206       4.854054856998465E-002  7.290106187585742E-003
   7048.07792220296       4.786127192323848E-002  7.994681207013705E-003
   41237.9740832604       4.826276744010493E-002  8.459219791713579E-003
   74488.3870239703       4.866310602681801E-002  8.922742644979454E-003
   81244.6080770664       4.906428975037581E-002  9.387304854433570E-003
   19347.6946355554       4.867923133402562E-002  9.853564379102224E-003
   28078.7283585657       4.829489493558393E-002  1.031980421871537E-002
   185632.136780518       4.790921685327409E-002  1.078608058499002E-002
   43454.3117533595       5.322745768160073E-002  1.181234553630602E-002
   2410.00103305626       5.367040087271725E-002  1.128570318133874E-002
   26201.1689512466       5.411456085770322E-002  1.076011067318564E-002
   66464.7681523393       5.455782556854466E-002  1.023348232909898E-002
   40568.3240785155       5.500203513020806E-002  9.706528729395879E-003
   52088.1615607041       5.546770081736636E-002  1.021706016372896E-002
   15353.1997328998       5.593341026205342E-002  1.072731974984853E-002
   35658.9366338050       5.639901105801463E-002  1.123650698955180E-002
   60232.8740862344       5.686443888488194E-002  1.174677529015960E-002
   14153.5818895830       5.752790656357341E-002  1.105842183153386E-002
   19722.6416121295       5.700043776644274E-002  1.061211677158789E-002
   4926.11504895957       5.647391986681072E-002  1.016598041221588E-002
   67453.1863974998       5.594646430813972E-002  9.719985095580764E-003
   1740.25927493382       5.541938359077461E-002  9.273883794016939E-003
   46665.4107949545       5.593254229748591E-002  8.931858053932446E-003
   80957.9146151001       5.644570793269062E-002  8.589666560014116E-003
   76432.4938098824       5.695782681385658E-002  8.247377153534708E-003
   44753.6408324448       5.747087275998812E-002  7.904964851604324E-003
   22559.7770187398       5.595835270616765E-002  7.283201266457222E-003
   13066.3646842789       5.563468853974674E-002  7.806980637668110E-003
   36238.4206999394       5.531088742042157E-002  8.331711952867957E-003
   737.366618849163       5.498696172431402E-002  8.856555306480590E-003
   30895.5838287442       5.449944470436135E-002  8.346351548500027E-003
   30699.9904715744       5.401292978520524E-002  7.836344477076203E-003
   16404.5356382710       5.352556399317494E-002  7.327384009394522E-003
   15990.3061002756       5.298765505077829E-002  7.885262007940236E-003
   15693.1884137049       5.351440294060784E-002  8.353688942574282E-003
   40068.9837255309       5.404213890074993E-002  8.820898119987959E-003
   35136.4716873289       5.456962055635441E-002  9.289147451816422E-003
   13696.5522295605       5.405856157059542E-002  9.750917510809406E-003
   46346.0815743745       5.354722382112594E-002  1.021164736663961E-002
   67594.2872696410       5.303686125328369E-002  1.067346720312034E-002
   45397.5479262867       5.821603789048007E-002  1.172194178767087E-002
   62063.4841594668       5.866353871206502E-002  1.124912552819018E-002
   11520.0406963589       5.911122472068732E-002  1.077630772441888E-002
   28072.7294842908       5.955906453423164E-002  1.030343593770000E-002
   30661.4748476734       6.000682099648590E-002  9.830260743651523E-003
   11882.0780679993       6.045835646904107E-002  1.028703107485648E-002
   6112.44549305389       6.090988099721887E-002  1.074369391689628E-002
   63180.4241410615       6.136229224492062E-002  1.120033841648873E-002
   58526.7254627228       6.181366414770573E-002  1.165696542633555E-002
   19535.6511365063       6.252730992841600E-002  1.091705613270866E-002
   47327.5261767033       6.205429156080506E-002  1.048247904046031E-002
   1175.66815228139       6.158113007450268E-002  1.004715978403353E-002
   19481.3376195370       6.110803386084120E-002  9.612900302384495E-003
   32382.3183966396       6.063504679674783E-002  9.178657026597301E-003
   18259.5980467299       6.109231030964141E-002  8.748455417259686E-003
   14163.3783123561       6.154964937292995E-002  8.317235148244765E-003
   20813.0326276731       6.200705366927570E-002  7.886968334572388E-003
   13168.2305498428       6.246440938399393E-002  7.456569666259840E-003
   9588.76404722569       6.122533735653048E-002  7.132903808514766E-003
   1683.22363663526       6.081177205216211E-002  7.605344363780689E-003
   32067.5811526940       6.039713721812929E-002  8.077827619389806E-003
   20297.3320097323       5.998352237855379E-002  8.550424013411160E-003
   12837.2346529405       5.964189930381827E-002  8.091646185515120E-003
   9139.49736799393       5.930029343183426E-002  7.633027601479440E-003
   20548.8535651658       5.895877979846323E-002  7.174413838700853E-003
   36800.4671535364       5.794205150830778E-002  8.229340118788274E-003
   24568.9355795740       5.841320843941620E-002  8.553669648788636E-003
   1647.89738741010       5.888434141344069E-002  8.877896333810099E-003
   73615.2349946429       5.935540235058660E-002  9.202004050931741E-003
   19396.8844093073       5.889868156216521E-002  9.665952284378347E-003
   6621.24958583323       5.844179121544674E-002  1.012993687469581E-002
   70303.7684168866       5.798478759306305E-002  1.059401554728657E-002
   9892.02316177481       6.326731498294522E-002  1.163094197519289E-002
   24413.9595163587       6.370274356810678E-002  1.121009644568234E-002
   25848.4050074002       6.413917551386572E-002  1.078824335505922E-002
   43519.0916619565       6.457463348465975E-002  1.036741494913741E-002
   8148.76708613816       6.501003052855833E-002  9.946509204416332E-003
   36548.7809898597       6.533525604564228E-002  1.035379269027626E-002
   4577.58184321777       6.566055439543539E-002  1.076104432398895E-002
   5935.56684474901       6.598586614002010E-002  1.116933444422261E-002
   2133.90483369913       6.631121287002557E-002  1.157660097759236E-002
   21642.0147524130       6.751703193304238E-002  1.032686184340719E-002
   16391.8501164280       6.709847391297927E-002  1.001627664963086E-002
   16524.8138397555       6.667888918821248E-002  9.705716536678151E-003
   6687.60782376310       6.626031280119445E-002  9.395096435886631E-003
   32029.7565716894       6.584163603618037E-002  9.084533876126630E-003
   5292.56787280741       6.624609402611893E-002  8.610198073645952E-003
   16462.9887600146       6.665062230688870E-002  8.136900771809374E-003
   20729.3026612988       6.705612528466649E-002  7.662580624884853E-003
   20263.6155648268       6.746062238764623E-002  7.189246866593216E-003
   20174.8608899729       6.635685366439513E-002  6.988018546945089E-003
   19955.3343665410       6.589741828659638E-002  7.410298821776668E-003
   24963.6764285445       6.543895983234016E-002  7.831574458060058E-003
   17997.6226073233       6.497946064594655E-002  8.252829823219355E-003
   13062.6523746043       6.454999915060630E-002  7.847482689064392E-003
   17501.4849463640       6.411947392148735E-002  7.442287274254188E-003
   3608.37274893424       6.368995993431460E-002  7.036099793116874E-003
   15007.0905541102       6.288508454974157E-002  7.870965605137999E-003
   3960.01485147019       6.330675426772679E-002  8.285287327111736E-003
   5479.08512385716       6.372738007717019E-002  8.700630495998644E-003
   49035.0489033606       6.414797661389159E-002  9.114938505422573E-003
   16037.5418985674       6.374301428952928E-002  9.565188782572847E-003
   29664.0947868126       6.333812328424990E-002  1.001549047713182E-002
   32449.1249824523       6.293223516524030E-002  1.046679584124698E-002
   2975.13372608479       6.876681868354149E-002  1.153267379914368E-002
   919.196382684239       6.907762511435650E-002  1.112800832984030E-002
   3034.76861393012       6.938841249191083E-002  1.072433089095688E-002
   16758.3242208459       6.969916533204122E-002  1.031966517273714E-002
   10715.5120335304       7.000988659892492E-002  9.915003562378727E-003
   19583.5476288148       7.036091490611172E-002  1.030778710292540E-002
   5977.06635834684       7.071096422713993E-002  1.070060614289277E-002
   1683.46157114045       7.106201317363375E-002  1.109242343393521E-002
   5384.99213426262       7.141210820843871E-002  1.148525817205585E-002
   15055.2247002181       7.251774181932345E-002  1.033924952486166E-002
   19201.2924954944       7.211270782078069E-002  1.000345706295689E-002
   12272.5050956312       7.170865443148981E-002  9.666619544950366E-003
   795.122995706627       7.130360895151139E-002  9.330776932714582E-003
   1716.60819104243       7.089850371849811E-002  8.993937124077183E-003
   4259.84604560805       7.128968110554783E-002  8.555792456843741E-003
   5412.11145792515       7.168082614138713E-002  8.116656546992271E-003
   14134.6707422599       7.207097005280651E-002  7.678548682857484E-003
   11205.0961510147       7.246208696936179E-002  7.239444828413454E-003
   477.977309799623       7.124955147219077E-002  6.886220013071407E-003
   8256.46029826209       7.082581110089785E-002  7.291938304867426E-003
   16382.1068803197       7.040110031086592E-002  7.698659125123694E-003
   4286.05609363733       6.997737440788183E-002  8.105320794716491E-003
   9525.82192088695       6.950331673637068E-002  7.714759950446586E-003
   1202.41650044423       6.903025070747278E-002  7.324172860838168E-003
   7370.31632718286       6.855620616286526E-002  6.934576828576356E-003
   529.236174933280       6.786786958880812E-002  7.648036229956376E-003
   3110.90100835868       6.827416920107583E-002  8.107832164199219E-003
   5800.89310657021       6.868145301768984E-002  8.566631506091172E-003
   6190.04472092908       6.908878864515490E-002  9.026414991120965E-003
   11237.7294898906       6.869557520535859E-002  9.351549949420912E-003
   21451.4991535041       6.830239464157768E-002  9.676683710797034E-003
   24560.6858372894       6.791021124323383E-002  1.000177134893199E-002
   4955.44734769115       7.366376481036126E-002  1.144482952598268E-002
   695.818413413258       7.399993127066305E-002  1.106069803735143E-002
   3051.72706131435       7.433706263778259E-002  1.067653788672709E-002
   9558.68636363077       7.467318123088194E-002  1.029240601312958E-002
   9411.99354667282       7.501029687964238E-002  9.908279900935662E-003
   13470.4658992532       7.549896869959603E-002  1.027756017822114E-002
   9530.64005504510       7.598863372278586E-002  1.064684511301782E-002
   2133.64232942201       7.647730108477692E-002  1.101617031916226E-002
   5500.66172760280       7.696699179290405E-002  1.138549081838795E-002
   7340.31152197659       7.752667904099372E-002  1.080535161297930E-002
   9286.93883364045       7.714012412217194E-002  1.032920800609949E-002
   629.539791116119       7.675357680815824E-002  9.854034305801455E-003
   4346.43924459404       7.636698852694672E-002  9.377859069031432E-003
   5343.22257811569       7.598038908752767E-002  8.902695337889959E-003
   2092.62062769896       7.634995604248825E-002  8.429947559983919E-003
   1552.33989123873       7.671951073274227E-002  7.958189724451741E-003
   8111.04724292874       7.708902934073501E-002  7.485438540250590E-003
   6510.48375573827       7.745856232707952E-002  7.013718633209625E-003
   1789.34463504905       7.635107196849031E-002  6.773632546717570E-003
   7562.46031331024       7.589197701770470E-002  7.159986555124584E-003
   10720.1953607143       7.543388707996124E-002  7.546303279976491E-003
   10470.9632014547       7.497479620492560E-002  7.932620895889874E-003
   13688.3810047324       7.453712549251250E-002  7.562418094555299E-003
   7429.97309614997       7.409846051852642E-002  7.192199231237751E-003
   589.839212885859       7.366078540874445E-002  6.821940292496934E-003
   10368.3766680038       7.284771817217066E-002  7.664609648814220E-003
   2300.45534944763       7.323334486112869E-002  8.088799229802381E-003
   4643.74110779703       7.361901059337647E-002  8.513999478512835E-003
   6454.37316263176       7.400468612910915E-002  8.938197624145924E-003
   2491.97333271991       7.363294293094749E-002  9.288980845541257E-003
   8806.88125330297       7.326119484233740E-002  9.638751592657977E-003
   12940.8034823287       7.288947154285928E-002  9.989504589191954E-003
   2127.49119927160       7.810682213564908E-002  1.136500281081267E-002
   571.307058899687       7.858313337859285E-002  1.098834368332494E-002
   3184.73977106808       7.905841604127359E-002  1.061170464887873E-002
   4758.71246548714       7.953469661749984E-002  1.023506305987657E-002
   3994.20950350125       8.000998840267447E-002  9.858463978603856E-003
   2428.25842187799       8.037553387490405E-002  1.021995503638004E-002
   1299.67275969519       8.074107844313431E-002  1.058145546485045E-002
   2269.22293579268       8.110662988493868E-002  1.094295679937442E-002
   2939.42707177445       8.147218306052260E-002  1.130446344204071E-002
   1901.44179210995       8.251689211187349E-002  1.022150544139842E-002
   4873.33640302767       8.214250795161306E-002  9.869180592533035E-003
   1798.63844547348       8.176812812860570E-002  9.516842835767543E-003
   361.180591864386       8.139374305337389E-002  9.164502632775734E-003
   4123.27499686433       8.101935524957954E-002  8.812157352281637E-003
   2783.43996465760       8.137899748221493E-002  8.343597702317459E-003
   258.706429240341       8.173864124127435E-002  7.876032246266469E-003
   1430.58826905031       8.209825463218436E-002  7.407467762517347E-003
   1244.94796313358       8.245786971265809E-002  6.938924703555253E-003
   760.573048356339       8.133792474897646E-002  6.674047799386675E-003
   2911.51914396246       8.088263126934434E-002  7.050316850266682E-003
   5231.44428439807       8.042834161835778E-002  7.426557221493545E-003
   5433.92777931301       7.997305058411384E-002  7.802804502384981E-003
   7330.48987370148       7.950054139690743E-002  7.443233516450169E-003
   4853.08105287653       7.902903985538764E-002  7.083621137658298E-003
   737.008847873485       7.855653481935820E-002  6.724010835125588E-003
   5071.32281506246       7.783481020531274E-002  7.472051253836544E-003
   138.074631976494       7.821108734108383E-002  7.931399412510949E-003
   3327.70734899558       7.858736226782932E-002  8.389750985829067E-003
   6637.15412625826       7.896366924448822E-002  8.849100407227474E-003
   3055.43890447768       7.860439552277285E-002  9.337668099740104E-003
   792.560135821624       7.824514868956349E-002  9.827235369325057E-003
   3122.54512195233       7.788589826711122E-002  1.031579983506995E-002
   1175.35240191181       8.359984900149374E-002  1.126619481606745E-002
   1046.39761685208       8.395082858697653E-002  1.081680220969794E-002
   202.718604115301       8.430179964919285E-002  1.036740624862269E-002
   307.879784809124       8.465276595340490E-002  9.918011005122684E-003
   1286.15969221153       8.500373431289784E-002  9.468625776349830E-003
   248.136539095723       8.548162153778140E-002  9.903104529450372E-003
   237.701518568450       8.596050801895892E-002  1.033756847624329E-002
   1497.20601153104       8.643839621862916E-002  1.077205184354641E-002
   1202.54628007173       8.691628625358805E-002  1.120653631610375E-002
   770.651877785392       8.752405666678159E-002  1.057650472598982E-002
   500.659687153428       8.707267892399273E-002  1.011454568363963E-002
   537.796604297237       8.662130265393846E-002  9.652581719851300E-003
   1019.82639817298       8.616990644649278E-002  9.189617352363205E-003
   1481.76579328396       8.571852498175803E-002  8.727653725256414E-003
   786.983869888304       8.615332723817658E-002  8.267757887258177E-003
   37.1405896858912       8.658814679188609E-002  7.808862868869806E-003
   582.603378571652       8.702294754543337E-002  7.348968834831293E-003
   703.723577765716       8.745776964505211E-002  6.890080204991088E-003
   731.497813822746       8.630844154432418E-002  6.659705021121470E-003
   956.967634726692       8.586447724720607E-002  7.110763407327357E-003
   307.059529430748       8.542151527769108E-002  7.561804275506644E-003
   461.210039657507       8.497755346650329E-002  8.012861342610610E-003
   433.417531295170       8.450767206247689E-002  7.578237989589563E-003
   147.321079345578       8.403879603211806E-002  7.143582306044133E-003
   1628.63779243309       8.356891668822687E-002  6.708940262279604E-003
   845.239229357074       8.290909020507400E-002  7.392895087847203E-003
   928.973349694390       8.336031151492647E-002  7.846872883093900E-003
   1643.73738694742       8.381152094943328E-002  8.299852797812382E-003
   4387.25861496653       8.426275338833207E-002  8.753833633715079E-003
   104.094644320336       8.382628570138557E-002  9.120759422037045E-003
   903.485548545434       8.338981932609722E-002  9.487678656358646E-003
   1814.32672462300       8.295335507740575E-002  9.854593483413139E-003
   353.619041258769       8.815408896227687E-002  1.118427418905930E-002
   375.596522266785       8.861741242672208E-002  1.080887936913567E-002
   388.948475047246       8.908073666087869E-002  1.043348671604575E-002
   96.5312300487824       8.954507839885352E-002  1.005907658541705E-002
   41.8882992204614       9.000840416326539E-002  9.683687392706952E-003
   416.340695770479       9.043893394597503E-002  1.004300793908839E-002
   676.108177070515       9.086944776647631E-002  1.040132530415756E-002
   334.325733795675       9.129997919843857E-002  1.076064191795885E-002
   310.915833408342       9.173050994314531E-002  1.111995788739556E-002
   422.931863217340       9.251992372360687E-002  1.030163129003503E-002
   240.050601076613       9.214535795360657E-002  9.884299250700855E-003
   113.923027429517       9.177079295194510E-002  9.466967700898195E-003
   41.3909356609529       9.139722933929048E-002  9.049617760715679E-003
   573.689156196309       9.102266522364144E-002  8.632287052246872E-003
   271.335354601098       9.138268677561520E-002  8.240757131339715E-003
   226.955538912538       9.174171071958327E-002  7.849245434318076E-003
   894.859051919203       9.210173593791100E-002  7.457715145485459E-003
   899.917106821356       9.246178027156396E-002  7.067183736990913E-003
   399.245430626334       9.110632384888880E-002  6.497443589017986E-003
   1011.27265044789       9.072797767440148E-002  6.871300332065467E-003
   1494.85957888829       9.034961319355130E-002  7.244158876072603E-003
   758.689287034515       8.997126695788824E-002  7.618019410186701E-003
   1220.13356091163       8.951273985366616E-002  7.259205411887969E-003
   323.738964859233       8.905523320188125E-002  6.901370243158535E-003
   562.151153689844       8.859670831496032E-002  6.542554280744755E-003
   625.933226400255       8.783281896301506E-002  7.334412083192147E-003
   631.994482563794       8.820788565105010E-002  7.779743351793945E-003
   96.3945708461527       8.858193517949242E-002  8.224091431850055E-003
   1100.19332092311       8.895699886214048E-002  8.669423907106249E-003
   312.564004335193       8.859850819784985E-002  9.145948925168649E-003
   479.032185347647       8.824103505285090E-002  9.623455273547143E-003
   104.447365251392       8.788254594490458E-002  1.009998072696665E-002
   988.414021211141       9.333824773917798E-002  1.109104675832099E-002
   1436.21747075404       9.375320760115934E-002  1.058451206514767E-002
   628.183615016495       9.416815344793568E-002  1.007697926238645E-002
   74.3708312205100       9.458312132158360E-002  9.570446987981866E-003
   575.300676027232       9.499809029916229E-002  9.063911053532828E-003
   978.551226567165       9.552898308991797E-002  9.553447384615766E-003
   692.236335685049       9.605988105007005E-002  1.004297358678875E-002
   986.356302475931       9.659079608114544E-002  1.053349543910726E-002
   839.180592084028       9.712168695772254E-002  1.102301811904196E-002
   69.8065198995768       9.752621065056354E-002  1.060367677172641E-002
   1139.55660433723       9.701789668828893E-002  1.009073617981131E-002
   355.998363136295       9.650858102928815E-002  9.577821714808850E-003
   844.424936333875       9.600027025994642E-002  9.064889098940569E-003
   1312.17967929374       9.549196727089496E-002  8.551952482510250E-003
   433.620964154131       9.598456226983842E-002  8.191050128365397E-003
   652.651969486482       9.647716006524786E-002  7.830145323126224E-003
   607.098380545601       9.697075809278671E-002  7.469220258289958E-003
   59.3606212949104       9.746335397274250E-002  7.108308882805722E-003
   530.226055875081       9.600893172992504E-002  6.541349997659804E-003
   414.479572911542       9.566597227259034E-002  7.047589836547682E-003
   640.823981637591       9.532299182968648E-002  7.552829289900748E-003
   495.746871816945       9.498001015195495E-002  8.058071933827748E-003
   504.530499654585       9.458609771858122E-002  7.566073209031768E-003
   171.782004937148       9.419218649002595E-002  7.074078848633094E-003
   709.764463899176       9.379826076420669E-002  6.581084244295069E-003
   1413.50925613899       9.296760476140602E-002  7.442154855395313E-003
   991.296205876238       9.347444841287361E-002  7.818104398495557E-003
   358.803749515652       9.398029210193014E-002  8.194068692953119E-003
   1190.43298564670       9.448613294070805E-002  8.570030493061648E-003
   440.559668021049       9.399483228585959E-002  9.002921242214752E-003
   364.497197978058       9.350352837150434E-002  9.435814191921582E-003
   1119.42369926222       9.301122469962639E-002  9.868728903598469E-003
   79475.9524958819      -1.867529128804508E-003  1.749660087906096E-002
   137353.081202410      -1.398702510889285E-003  1.708626095751819E-002
   453168.758702639      -9.306347873069072E-004  1.667536918564055E-002
   683320.075064269      -4.614308429504590E-004  1.626286419092266E-002
   288339.728251753       6.867142321026870E-006  1.585102335548118E-002
   653645.432066063       4.613200499553353E-004  1.626030269687576E-002
   189256.362394782       9.155466621762808E-004  1.666986327034525E-002
   218176.754622587       1.369705607089982E-003  1.707727466179032E-002
   118618.839100657       1.822710892519161E-003  1.748530157649172E-002
   625503.618616455       2.516169346717824E-003  1.678688104517913E-002
   270123.321443222       2.100946191526673E-003  1.633715456480995E-002
   172724.656459705       1.686639716805096E-003  1.588881759763628E-002
   239855.658581184       1.271820568401247E-003  1.544123134715700E-002
   69382.0282739778       8.598682495972169E-004  1.499290065809782E-002
   31632.1628088672       1.270743235917351E-003  1.453222942949089E-002
   222422.301987300       1.683098328136604E-003  1.407140065595391E-002
   546369.411315146       2.095003841943890E-003  1.360922147231770E-002
   437776.978392433       2.507234235454858E-003  1.314737164677513E-002
   85852.5122710759       1.390305534015235E-003  1.290450910668445E-002
   339638.503956426       9.275901465977035E-004  1.331529713187478E-002
   534950.326463012       4.656074958721066E-004  1.372754898387689E-002
   85868.8575150558       4.062348353384186E-006  1.413994545640619E-002
   185136.015075437      -3.263715998132908E-004  1.373001281961121E-002
   10955.0545749587      -6.561973788847812E-004  1.331870566384235E-002
   77728.6320702299      -9.848920541671658E-004  1.290849755017707E-002
   211363.443531655      -2.497825962101291E-003  1.368451529434640E-002
   207279.602669795      -2.086167455702562E-003  1.401328819124500E-002
   158198.168711121      -1.674272204362862E-003  1.434061705561877E-002
   17507.5857762371      -1.261298114070245E-003  1.466868840468711E-002
   229729.569520585      -8.499401657038342E-004  1.499708934484721E-002
   33776.2529965765      -1.260131081329909E-003  1.546436635742204E-002
   207165.367925086      -1.672763212621349E-003  1.593200845626042E-002
   529809.638921956      -2.085038519706100E-003  1.639879639442349E-002
   822240.021197652      -2.497158994632081E-003  1.686789930253235E-002
   263057.407792695       3.212093641949946E-003  1.747957793526158E-002
   219748.396926712       3.664325478461660E-003  1.704362674414428E-002
   668729.885860995       4.117185411436145E-003  1.660842042746080E-002
   1281970.93470529       4.570568327753723E-003  1.617085314911805E-002
   589788.814173411       5.024052030581143E-003  1.573181413794317E-002
   991487.609203159       5.411006817600482E-003  1.616510491647056E-002
   132351.897151464       5.796562345500598E-003  1.659772330636620E-002
   147524.208753465       6.181153816903101E-003  1.702846679891720E-002
   202259.305888396       6.562818363679820E-003  1.746067315382668E-002
   571212.598678945       7.537769287067511E-003  1.647352630661941E-002
   885476.497772212       7.095526798396466E-003  1.609723213242410E-002
   616251.037280031       6.654209393364149E-003  1.572144521054562E-002
   79981.5193172113       6.212131872670272E-003  1.534718202261857E-002
   234990.481488659       5.772845936259145E-003  1.497238492781565E-002
   22724.6606524580       6.208229853465280E-003  1.450952779313862E-002
   342466.502854252       6.644464122047214E-003  1.404650403066160E-002
   704068.170811312       7.080374913162829E-003  1.358189833803292E-002
   460629.340815305       7.517324782827159E-003  1.311701690956378E-002
   48006.2424200011       6.402530350847420E-003  1.290834658191504E-002
   362313.915713894       5.940081569095266E-003  1.334535937402478E-002
   668958.068422901       5.478063214377759E-003  1.378391584882085E-002
   134785.236959256       5.016541557425149E-003  1.422409231740297E-002
   328976.134857528       4.551950487985818E-003  1.378989384001972E-002
   4751.26452246462       4.087692229668369E-003  1.335602875214593E-002
   76512.7313341506       3.622751636295347E-003  1.292364509754001E-002
   249162.594051753       2.947994798905479E-003  1.360637433979442E-002
   227516.586452811       3.387487314870739E-003  1.406587552641909E-002
   54092.8701863162       3.827942206256008E-003  1.452356883101929E-002
   143989.041644593       4.267365269219006E-003  1.498151635398623E-002
   82763.8637713137       3.832123221664996E-003  1.543251469938932E-002
   480904.030365799       3.393854740760064E-003  1.588243813092157E-002
   945794.035316450       2.955486061001544E-003  1.633309271843572E-002
   99750.5351443920       8.523799973362544E-003  1.744912061613579E-002
   339494.026064003       8.901775129159840E-003  1.714788623012518E-002
   639205.434532353       9.281612169249583E-003  1.684520968266891E-002
   942044.884249612       9.661715786074523E-003  1.654273024466841E-002
   554172.184072299       1.004211701773621E-002  1.623974742537247E-002
   968640.143067478       1.048569906871856E-002  1.653684169908202E-002
   601506.820355165       1.092756405723979E-002  1.683428626641855E-002
   445116.355257034       1.137062317448137E-002  1.713152718854257E-002
   141818.026113352       1.181271784185110E-002  1.742727883240749E-002
   377108.759703110       1.255142201663231E-002  1.667599425210649E-002
   403951.031031321       1.224455080631155E-002  1.623994233737896E-002
   101445.030043676       1.193764378110516E-002  1.580453497328389E-002
   275775.617415535       1.163231601866160E-002  1.537050674147910E-002
   112088.085260891       1.132906541459722E-002  1.493431393097832E-002
   84257.9618858745       1.162784730920784E-002  1.457570404608488E-002
   218934.049772928       1.192680768698196E-002  1.421692487714447E-002
   380249.886526248       1.222696366624222E-002  1.385791574167259E-002
   278006.343860677       1.252628773550785E-002  1.349761376473509E-002
   77002.5200728416       1.109134494078843E-002  1.273789185441516E-002
   212321.121953966       1.073609561917385E-002  1.304193381016404E-002
   323314.125443420       1.038063845431982E-002  1.334516265003389E-002
   242106.656125743       1.002517608349039E-002  1.364873852328032E-002
   449523.315928482       9.560201668532241E-003  1.335052268511813E-002
   377628.398259281       9.094726237892545E-003  1.305343557416785E-002
   331961.753956311       8.628175397137509E-003  1.275623819245591E-002
   148903.935933999       7.824001982264819E-003  1.357564823952423E-002
   30442.4874764639       8.130409423600517E-003  1.403518216436686E-002
   162865.090108039       8.435094623068091E-003  1.449362697527263E-002
   150930.398596310       8.739425313499258E-003  1.495203025050212E-002
   50446.8824278488       8.440628707252235E-003  1.533241119733334E-002
   292423.953609488       8.140606554930227E-003  1.571253110990968E-002
   667301.809326267       7.838944829123271E-003  1.609310451794257E-002
   41980.3622196975       1.330231419836685E-002  1.741501797534585E-002
   460795.584430136       1.373961649572420E-002  1.712590627906394E-002
   610652.545414024       1.417775154198149E-002  1.683535421501460E-002
   829979.419130771       1.461480694994194E-002  1.654491036044585E-002
   388751.062207136       1.505315984412838E-002  1.625436689853523E-002
   764900.656817025       1.548486251099662E-002  1.653649164314729E-002
   484649.948682714       1.591598831389484E-002  1.681890229289380E-002
   373437.287995764       1.634727114818735E-002  1.710139036571965E-002
   187447.562628725       1.677780711246683E-002  1.738253100058611E-002
   359187.401450615       1.756112907197773E-002  1.658177342610362E-002
   298581.644822394       1.726781774834228E-002  1.615837682652783E-002
   72624.0971073248       1.697430137120212E-002  1.573537636680645E-002
   217151.553720605       1.668219099895078E-002  1.531267459259098E-002
   87457.5117888829       1.639165773908066E-002  1.488908627018458E-002
   134575.270165259       1.667446225669550E-002  1.439511857101991E-002
   12934.7380832913       1.695714437465676E-002  1.389990216569622E-002
   206203.912124534       1.724138443132436E-002  1.340572398413916E-002
   273165.193691972       1.752521505193114E-002  1.291017598850496E-002
   276726.566314971       1.649956087620823E-002  1.267588325985225E-002
   357434.021580646       1.600937220763233E-002  1.296799544120047E-002
   411992.867924551       1.551819677615822E-002  1.325942339888822E-002
   82035.5102173681       1.502855712907132E-002  1.355165144904367E-002
   161617.419026996       1.466865531216166E-002  1.326792847786377E-002
   66022.0406712689       1.430874663129302E-002  1.298452123242238E-002
   88008.6188579277       1.394887344615400E-002  1.270039779710724E-002
   173266.046816022       1.281749745790440E-002  1.385260152477049E-002
   139608.340811397       1.310904153352728E-002  1.420686912357237E-002
   35191.4272961165       1.339954853899661E-002  1.456084379147259E-002
   8526.49402191851       1.368995374475723E-002  1.491466609469679E-002
   159906.733938331       1.340709513081105E-002  1.535539449216048E-002
   114181.241451580       1.312287346485787E-002  1.579452199589253E-002
   411522.648915659       1.283707344120684E-002  1.623495209414749E-002
   157199.087770994       1.836129999488801E-002  1.736515587965234E-002
   71972.7117425380       1.878389995459127E-002  1.690787021720569E-002
   270642.406344112       1.920781672441323E-002  1.645082375560957E-002
   720551.738080308       1.963230909734151E-002  1.599315805554623E-002
   354584.829878934       2.005717572078607E-002  1.553463452622169E-002
   668099.390515919       2.047860241971642E-002  1.598278591783232E-002
   94476.5891536569       2.090042804821192E-002  1.643003633104316E-002
   125106.890487877       2.132058183946996E-002  1.687660207182816E-002
   176903.948680170       2.173930006245758E-002  1.732347581348604E-002
   344062.866946909       2.257549560000987E-002  1.646574266803895E-002
   508681.896755401       2.211431140584472E-002  1.605860408978848E-002
   288167.985901551       2.165301485485171E-002  1.565274209365529E-002
   193444.456540017       2.119205953558987E-002  1.524684911567895E-002
   182127.001021462       2.073327510354155E-002  1.484144090735702E-002
   151051.637279079       2.118390350230218E-002  1.447512960551114E-002
   363989.887478822       2.163463263749200E-002  1.410826381661830E-002
   498531.168312247       2.208539299051831E-002  1.374190718043970E-002
   314362.066074333       2.253621368216082E-002  1.337434109934889E-002
   83288.9181685453       2.111379337223304E-002  1.279213149035766E-002
   74363.3354313649       2.075761207721364E-002  1.324968523724523E-002
   311387.863191594       2.039991387676369E-002  1.370730125532672E-002
   14174.3112854985       2.004214819841043E-002  1.416570520132820E-002
   214306.445235971       1.954420990936112E-002  1.371751436582536E-002
   10082.2238317227       1.904534703998022E-002  1.326968723158238E-002
   77163.8163517525       1.854761637641925E-002  1.282226491948185E-002
   87392.3383968289       1.798573425878344E-002  1.339800017291421E-002
   96467.2566156355       1.844606782555842E-002  1.388441588416147E-002
   94896.1939747433       1.890629985954547E-002  1.437136462679296E-002
   110748.167884311       1.936570982702621E-002  1.485762777349601E-002
   60424.6974319111       1.891597672210257E-002  1.528828223731592E-002
   432489.902905932       1.846451631590062E-002  1.571854968362867E-002
   623737.788201878       1.801274575547045E-002  1.614959384336728E-002
   135017.954925577       2.343240741324906E-002  1.730273668819495E-002
   165777.417527610       2.384114712725849E-002  1.691487740839433E-002
   353494.813912231       2.425069639062992E-002  1.652685867315731E-002
   567118.118471424       2.466144321508765E-002  1.613817245688584E-002
   313096.925584840       2.507109283244707E-002  1.574863770702953E-002
   484685.374206293       2.549002492895696E-002  1.612629628885106E-002
   161676.533907747       2.590850309099710E-002  1.650393540576484E-002
   118780.046119054       2.632700276121280E-002  1.688089129064681E-002
   33864.5870292192       2.674468905144298E-002  1.725795421675548E-002
   254373.042591202       2.758400534667235E-002  1.639286391445750E-002
   181961.875293268       2.719272038766711E-002  1.598706330302306E-002
   91835.2464049718       2.680190697405052E-002  1.558145739563595E-002
   181899.942740578       2.641132289094766E-002  1.517624261068565E-002
   30717.7504858097       2.602204533375223E-002  1.477036714401749E-002
   15086.6504806530       2.639986020391111E-002  1.429772542015698E-002
   136210.178569258       2.677813133825679E-002  1.382509332892306E-002
   291719.619014761       2.715687570791366E-002  1.335230930524468E-002
   249725.639089801       2.753571860909845E-002  1.287876868796507E-002
   158693.701613894       2.643617059952754E-002  1.264936532371931E-002
   274570.294709905       2.597251699989393E-002  1.303913283698186E-002
   377158.898580343       2.550870504203631E-002  1.342924595534351E-002
   180679.349882946       2.504512593742976E-002  1.381997406133871E-002
   230248.770442821       2.467697894638074E-002  1.344124637928397E-002
   38155.9380671657       2.430900572700413E-002  1.306299367212355E-002
   7942.74189248407       2.394228527746507E-002  1.268504824557446E-002
   252926.761563036       2.292633797165512E-002  1.373067051466139E-002
   182336.568147163       2.331601247685696E-002  1.408594887838073E-002
   4887.57385866445       2.370557876069066E-002  1.444172618244154E-002
   107212.637035505       2.409467036308633E-002  1.479735006976887E-002
   74205.0302913779       2.371598723706527E-002  1.521401373453800E-002
   149539.969250714       2.333633768614629E-002  1.563152075575965E-002
   365092.876437267       2.295609303721329E-002  1.604833020352006E-002
   133942.526302031       2.844799649951972E-002  1.723197590370196E-002
   19356.4966672457       2.885403226787637E-002  1.679306968061871E-002
   203248.913546246       2.926074295921582E-002  1.635413739170277E-002
   395079.531763690       2.966798696614862E-002  1.591395536920736E-002
   238719.903410823       3.007535315220677E-002  1.547404720297116E-002
   443926.596751002       3.062423817914509E-002  1.589944008909459E-002
   154143.301799892       3.117335143545411E-002  1.632533732121441E-002
   45658.9628860387       3.172287172345003E-002  1.674896005374176E-002
   70446.1109423172       3.227223738025865E-002  1.717220535302739E-002
   120793.419098450       3.260184072976758E-002  1.683170749253209E-002
   107215.353873461       3.215720913190934E-002  1.629750966456077E-002
   61850.8501187577       3.171316728262127E-002  1.576522010398936E-002
   301975.239844118       3.126902296257514E-002  1.523273331255008E-002
   133442.408091851       3.082760487377552E-002  1.469905987917109E-002
   205160.568258735       3.125664703851728E-002  1.432561356463381E-002
   247618.421135891       3.168662433656816E-002  1.395292680518063E-002
   324097.151409988       3.211548194712365E-002  1.357901122365379E-002
   212945.771090740       3.254443567198437E-002  1.320513981461710E-002
   11833.6326775741       3.113505645415454E-002  1.262815586030175E-002
   67791.6200808153       3.077446562363041E-002  1.306759444910659E-002
   131881.864447828       3.041469626373700E-002  1.350801432017176E-002
   42314.1802117508       3.005379899133327E-002  1.394760264140567E-002
   144610.020422903       2.957882678212744E-002  1.352073997524226E-002
   29943.6997627498       2.910383520328067E-002  1.309329273838166E-002
   62350.9306069578       2.862886832599409E-002  1.266730424897700E-002
   15949.5244544553       2.797759110011181E-002  1.333964196779064E-002
   10740.6302413353       2.841902906686565E-002  1.380052801717411E-002
   138324.620351829       2.886130530057781E-002  1.426107781015027E-002
   35914.1126310293       2.930193175380680E-002  1.472189969842879E-002
   128399.086069777       2.887331889489124E-002  1.513908796415194E-002
   307400.691881011       2.844297376720191E-002  1.555638748087803E-002
   501780.943436121       2.801334708562337E-002  1.597413101023041E-002
   34995.2972275796       3.294174914599076E-002  1.716154730495545E-002
   228379.006710266       3.347865299549747E-002  1.677133789615839E-002
   338973.742192505       3.401495031586153E-002  1.638051345775984E-002
   353375.673929137       3.455086503526831E-002  1.598892809627808E-002
   151139.102017997       3.508634207102886E-002  1.559674500941341E-002
   237493.341131736       3.557463231816538E-002  1.597118378098088E-002
   85629.4721931976       3.606183131867541E-002  1.634545872348182E-002
   13909.0664852484       3.655000550287700E-002  1.671924700074492E-002
   87527.7979901587       3.703650049566751E-002  1.709302643222077E-002
   134608.225294058       3.760462022669201E-002  1.650507286561740E-002
   129351.015884890       3.721243325607390E-002  1.603195361890026E-002
   21982.4750199222       3.682047090261290E-002  1.555828201241812E-002
   118005.297802833       3.642880690545972E-002  1.508577566961044E-002
   8136.50185529429       3.603784808982827E-002  1.461190572935256E-002
   35807.5695775297       3.641278325745960E-002  1.411795672804643E-002
   56846.6110806299       3.678803290915691E-002  1.362405092308043E-002
   195240.823552650       3.716365779690776E-002  1.313008856641222E-002
   175603.790125158       3.753950564560575E-002  1.263571020669015E-002
   123967.592870179       3.650063299667817E-002  1.248748385318313E-002
   214406.574183098       3.601831190805914E-002  1.287814657140183E-002
   267552.934431435       3.553598514248617E-002  1.326911091035878E-002
   95165.4951081054       3.505389603195386E-002  1.366053450413965E-002
   128027.884660303       3.467997134793190E-002  1.328406556254628E-002
   15751.3835280871       3.430730377638481E-002  1.290760984795610E-002
   29888.6465063497       3.393369259317544E-002  1.253139359386165E-002
   117384.698098207       3.293426832424753E-002  1.356540896279822E-002
   125767.330225166       3.332372036900860E-002  1.392585335114118E-002
   4660.92841736185       3.371321165606631E-002  1.428493223161634E-002
   24131.8749052741       3.410235987644879E-002  1.464506463722039E-002
   110675.396605070       3.372840476017788E-002  1.519176177740311E-002
   40150.6240109880       3.335370266100005E-002  1.573804868714217E-002
   167252.270970759       3.297815065978670E-002  1.628407939375422E-002
   41359.7616954354       3.819199158919534E-002  1.707335994436045E-002
   126381.439288500       3.866672833436933E-002  1.673117357745958E-002
   233711.274234548       3.914278281872724E-002  1.638767583120020E-002
   271710.940187372       3.961783814156861E-002  1.604483281175635E-002
   138088.393289627       4.009373400358093E-002  1.570062417914475E-002
   207648.328921047       4.047409286425185E-002  1.602992685380460E-002
   103064.947183923       4.085429958849437E-002  1.635812761083853E-002
   23357.0106657448       4.123546309220024E-002  1.668707353380551E-002
   10967.4157033393       4.161542019544014E-002  1.701490994525753E-002
   73240.9583884124       4.260047283551339E-002  1.599428096195282E-002
   108749.560189261       4.225852545111494E-002  1.562640265855580E-002
   23341.1823664336       4.191566403656615E-002  1.525776076789806E-002
   75159.2946796652       4.157398494586458E-002  1.489021135361587E-002
   17304.8660687538       4.123173035327228E-002  1.452252269555452E-002
   25366.8069707948       4.156151244368799E-002  1.414433101653675E-002
   82486.0512502627       4.189034997787062E-002  1.376600570006257E-002
   113212.652394554       4.222043063658418E-002  1.338863696636844E-002
   108209.520032594       4.254941404740511E-002  1.300992430727089E-002
   67908.6871250212       4.115621546060794E-002  1.235910073323364E-002
   107029.831079985       4.078968360952469E-002  1.270108429690136E-002
   195600.570471691       4.042196798599108E-002  1.304215989431026E-002
   80777.4294612622       4.005439676060814E-002  1.338459422444199E-002
   161975.465791706       3.956023784001950E-002  1.305709725506769E-002
   84635.0111542314       3.906607271929421E-002  1.273081636051066E-002
   71637.9000049850       3.857184165130265E-002  1.240392915159418E-002
   55465.1839053644       3.788374136334832E-002  1.311749407818506E-002
   5469.54467029717       3.822855937675801E-002  1.359911914210242E-002
   83977.4015156006       3.857214971251111E-002  1.408068550642149E-002
   53636.2567534089       3.891635974911651E-002  1.456242247588918E-002
   58034.4883597678       3.858850501585001E-002  1.504856321393269E-002
   15786.4324804980       3.826123453628522E-002  1.553356598027274E-002
   170167.473702551       3.793257648755663E-002  1.601960511306509E-002
   69728.2128134796       4.362079014094895E-002  1.697911300006914E-002
   100034.178889133       4.398637053960350E-002  1.648924261526009E-002
   34448.4003414420       4.435323412929548E-002  1.600034751444072E-002
   141283.115867099       4.471956632148467E-002  1.551047508891755E-002
   115901.395295037       4.508607959022359E-002  1.502104888282175E-002
   143694.043453864       4.550051111402659E-002  1.549636712456639E-002
   43486.2333335659       4.591572889942279E-002  1.597230501467730E-002
   85312.4539125519       4.632961343739651E-002  1.644714966843032E-002
   90628.4541309197       4.674293837466693E-002  1.692325541949459E-002
   106868.797083561       4.760638152757628E-002  1.602869550458871E-002
   129410.582281494       4.711466397349227E-002  1.563245468562838E-002
   79586.1740371473       4.662387578352968E-002  1.523659893296513E-002
   82665.8594967298       4.613210098010364E-002  1.484020427400685E-002
   31332.9735873376       4.564201786464597E-002  1.444478227950037E-002
   32794.9059312613       4.611722579343620E-002  1.397707511531971E-002
   117037.759756750       4.659383128963315E-002  1.350933848068950E-002
   135699.333025035       4.706966334108457E-002  1.304145958126504E-002
   102450.269935836       4.754625099478564E-002  1.257197863712576E-002
   25050.0656704343       4.642332798149312E-002  1.241598952479994E-002
   67981.2563507638       4.597113655897991E-002  1.290632803893170E-002
   204565.615225993       4.551868144771500E-002  1.339779232359449E-002
   42857.5954876988       4.506642099073947E-002  1.388893309947988E-002
   50311.6963165849       4.468441438469669E-002  1.341296194683635E-002
   70326.8192523738       4.430262456157382E-002  1.293623586490573E-002
   86802.8577261718       4.392213418056114E-002  1.246049436132693E-002
   93741.8348808350       4.304025340558679E-002  1.337437336323500E-002
   65839.9317712864       4.353009932709256E-002  1.373759439122461E-002
   47312.8042862306       4.402098699585382E-002  1.410139653165000E-002
   66341.6362415904       4.451049268766735E-002  1.446503158205582E-002
   105847.694013355       4.403371517046557E-002  1.484655580350664E-002
   188647.562396805       4.355555847700310E-002  1.522836882619291E-002
   279138.465998818       4.307835443153273E-002  1.561149705727612E-002
   98443.5830905796       4.850026791277991E-002  1.689218751653650E-002
   36789.9614021073       4.889818471495403E-002  1.646890488337469E-002
   107485.248464646       4.929636469602738E-002  1.604648329345085E-002
   178085.399014393       4.969578427025791E-002  1.562287746890247E-002
   110821.789249328       5.009412777821626E-002  1.519975867855530E-002
   145193.529143540       5.045823211965197E-002  1.560908704361138E-002
   38625.5162920095       5.082229653940790E-002  1.601901288866553E-002
   102180.379698092       5.118608099172935E-002  1.642781620175782E-002
   82980.9319793049       5.154979898072932E-002  1.683742732141857E-002
   15508.3806538737       5.260562375011781E-002  1.574197137432416E-002
   142071.915032937       5.218186341673690E-002  1.539367363018454E-002
   21024.6046700518       5.175895276439243E-002  1.504589308976830E-002
   85662.0789418477       5.133527437833596E-002  1.469829136951409E-002
   98075.2771643988       5.091301533544058E-002  1.435073724879384E-002
   144060.447262565       5.132126157827004E-002  1.389144694035113E-002
   48954.3174523152       5.173074003787872E-002  1.343301162697712E-002
   92566.9441693460       5.213963518090996E-002  1.297355402131420E-002
   75956.7095811508       5.254945731397474E-002  1.251445490618665E-002
   14663.3777712308       5.140293997418821E-002  1.226032382187835E-002
   75937.0692263297       5.095661762665332E-002  1.268339076492086E-002
   232583.289101881       5.051108050015229E-002  1.310766013161109E-002
   18160.3064434969       5.006489674885986E-002  1.353174869638256E-002
   64338.3677082155       4.959715853402080E-002  1.312419615814519E-002
   23275.3917421497       4.912935768925495E-002  1.271604295662664E-002
   109304.938467472       4.866172663125449E-002  1.230915118396468E-002
   54008.3879248417       4.797189775702343E-002  1.302522515820569E-002
   33781.4505065421       4.839648228955312E-002  1.347708773488700E-002
   116358.597042915       4.882184510731082E-002  1.392878062935398E-002
   109414.940245621       4.924580799584536E-002  1.438058905059266E-002
   3388.79304264395       4.883680447880040E-002  1.479208306175530E-002
   78230.5424612582       4.842648175899370E-002  1.520468420595189E-002
   206059.662967908       4.801687529894005E-002  1.561641943343351E-002
   85111.2934543240       5.370092593778305E-002  1.679795073378010E-002
   158850.217583439       5.404613997026046E-002  1.620215992842968E-002
   136782.200995759       5.439168233018849E-002  1.560764830550542E-002
   65992.6634796762       5.473807409283260E-002  1.501276270141692E-002
   74769.0333663801       5.508584308551556E-002  1.441784024186541E-002
   52036.6983525610       5.555983562222255E-002  1.499881873448349E-002
   69456.9588348362       5.603230331623538E-002  1.557924378934579E-002
   150657.757823141       5.650486781548356E-002  1.615925651965742E-002
   71313.7979462278       5.697702078477581E-002  1.674066888206427E-002
   39102.3060967376       5.761857353310314E-002  1.607684403195702E-002
   163911.699299297       5.702037207145311E-002  1.562482899821710E-002
   115511.965880312       5.642253646327250E-002  1.517364379459439E-002
   16012.0980487186       5.582318818035601E-002  1.472429636314032E-002
   66958.9643144928       5.522445324247233E-002  1.427444897096954E-002
   23120.4118166174       5.580715797622311E-002  1.380921325561855E-002
   77923.7852468453       5.638969992251534E-002  1.334335300121717E-002
   59307.6147986015       5.697084480132310E-002  1.287700781821945E-002
   21153.2400068973       5.755266106250295E-002  1.241026847863927E-002
   53065.8364499696       5.641929027239540E-002  1.234471109431289E-002
   64148.6244377112       5.597380363832779E-002  1.294136814856903E-002
   9832.38834423111       5.552780602082080E-002  1.353861809527820E-002
   23954.5765414974       5.508122155394815E-002  1.413573859738507E-002
   26480.8660213139       5.461652124842602E-002  1.355462560822598E-002
   95452.1596897820       5.415319137136139E-002  1.297403145361749E-002
   62708.3098531048       5.368952542673694E-002  1.239396058279203E-002
   57428.0345718195       5.314769816626950E-002  1.295592081919675E-002
   72892.9907881122       5.374527066040444E-002  1.339799923578339E-002
   17346.1685882334       5.434425042157145E-002  1.383829823917697E-002
   161391.286680826       5.494265111556102E-002  1.427909127237161E-002
   218338.560180928       5.435769707338328E-002  1.464319709887126E-002
   231777.087972860       5.377277300922995E-002  1.500873954583062E-002
   214159.669971376       5.318943569886759E-002  1.537503242506626E-002
   31097.7364740094       5.828261527632075E-002  1.671876987052754E-002
   32331.4394266405       5.873772031434610E-002  1.631315439019610E-002
   1456.72751047156       5.919284288836382E-002  1.590741987750612E-002
   29654.9534582994       5.964697258284320E-002  1.550260043027899E-002
   11201.2897018730       6.010185596476642E-002  1.509642399257759E-002
   48160.1930191989       6.048270176408425E-002  1.548776966282485E-002
   16298.3908823636       6.086459370184127E-002  1.587805235783434E-002
   33528.0574021091       6.124547134597459E-002  1.626941131259512E-002
   640.053321166316       6.162644279616132E-002  1.666070848810905E-002
   50503.2119099157       6.261156804835817E-002  1.564027961778724E-002
   10750.4909678894       6.220714922346953E-002  1.527329896427780E-002
   21234.0147556407       6.180265176553783E-002  1.490638859797751E-002
   1822.05468553405       6.139915337409521E-002  1.453841901656767E-002
   58079.7145298925       6.099456507767104E-002  1.417154530538751E-002
   17846.0580006951       6.138450185417050E-002  1.372160090055151E-002
   19674.7027222644       6.177352353171867E-002  1.327171811028831E-002
   40615.3528917641       6.216354457017532E-002  1.282081241469825E-002
   41685.4824163194       6.255348176793063E-002  1.237075692909371E-002
   30586.1683390488       6.137785394026954E-002  1.206259658921729E-002
   38350.0997005046       6.094109191750808E-002  1.246832965774434E-002
   34186.4411830522       6.050526779203511E-002  1.287305580273990E-002
   33035.8867130202       6.006940656156000E-002  1.327875477415446E-002
   31365.0775950558       5.960616415512319E-002  1.288890303704172E-002
   50227.4769152324       5.914272756759214E-002  1.250046047534524E-002
   27084.6101494302       5.867933886405716E-002  1.211113010389757E-002
   33432.3982791245       5.795915703776794E-002  1.285878229482264E-002
   34775.6525388428       5.836562562371761E-002  1.330709815779081E-002
   33785.2027180049       5.877087056706890E-002  1.375548210255379E-002
   139872.066994524       5.917708127967499E-002  1.420377730433684E-002
   57235.1005043511       5.878728825529993E-002  1.467230681695399E-002
   78422.3148336439       5.839851919336254E-002  1.513987317813555E-002
   54936.3241770069       5.800859377481895E-002  1.560836348298911E-002
   543.133210961233       6.363207400026225E-002  1.662529669319074E-002
   9996.19611457242       6.399807644378626E-002  1.616675452876845E-002
   5460.49188800563       6.436394175459534E-002  1.570713443661952E-002
   15098.5832025112       6.473081554993489E-002  1.524851299037844E-002
   12923.3326701271       6.509663904492480E-002  1.478989794613068E-002
   17614.2505782114       6.544757523133610E-002  1.523570033108411E-002
   6886.46476864989       6.579852973834474E-002  1.568152280449863E-002
   1725.44808284757       6.614951978766455E-002  1.612835420339360E-002
   5828.74346896210       6.650051238115386E-002  1.657418405045400E-002
   17130.6087790667       6.760822823468768E-002  1.542623413905742E-002
   20610.9286131473       6.715022703647304E-002  1.509136384640181E-002
   18096.4817939236       6.669123142364794E-002  1.475649198845169E-002
   11518.3567811789       6.623323304057560E-002  1.442158566771414E-002
   4143.13236252616       6.577520586112247E-002  1.408667913181727E-002
   20409.8333279310       6.622145201453028E-002  1.376061304125599E-002
   17104.3644163870       6.666762874236963E-002  1.343452873912170E-002
   26112.3953260812       6.711481085251292E-002  1.310846175445789E-002
   17467.1817632336       6.756098870959706E-002  1.278242597744123E-002
   2292.14518720813       6.600135443060269E-002  1.203424701998352E-002
   8459.50388828839       6.569155393831430E-002  1.249290537392708E-002
   13399.0024651164       6.538174944539291E-002  1.295054201784840E-002
   28978.9240674507       6.507199683664598E-002  1.340817400246392E-002
   38509.1408127683       6.462114448202713E-002  1.296413079760395E-002
   8916.97416331311       6.417026022601841E-002  1.252006655258748E-002
   20625.2123199524       6.371834584289281E-002  1.207497775152506E-002
   21938.5670217946       6.301316570377964E-002  1.280563740822811E-002
   26331.2480483220       6.347390595454741E-002  1.324150075596122E-002
   2600.41617056275       6.393362692460805E-002  1.367644176871017E-002
   16854.6439816790       6.439344011607316E-002  1.411135071463669E-002
   11826.5428684899       6.394819458545734E-002  1.449334684059792E-002
   26077.3312813181       6.350300231470671E-002  1.487634273327256E-002
   15534.3998223308       6.305676155857481E-002  1.525829894922337E-002
   3099.65065477478       6.875616004269380E-002  1.653383112472902E-002
   714.591330462938       6.909306450537959E-002  1.618774200679875E-002
   3282.09819123262       6.942991609844908E-002  1.584162057081572E-002
   1558.31230988237       6.976674957004640E-002  1.549451264939259E-002
   6265.67146276670       7.010360169854861E-002  1.514842112863321E-002
   4640.06874099880       7.053661664274734E-002  1.548069456164634E-002
   8512.41815719880       7.097062501984634E-002  1.581399192430792E-002
   28.9019069141500       7.140362828883880E-002  1.614630831789016E-002
   7443.37744650679       7.183663593777576E-002  1.647864025636376E-002
   6256.99658955983       7.261335566072163E-002  1.567358983939795E-002
   9194.56003883863       7.226578792566557E-002  1.525275244018171E-002
   1148.81812504286       7.191822357525768E-002  1.483189002360778E-002
   2122.18019453730       7.156962107654871E-002  1.441004951598698E-002
   10216.8634280051       7.122205081216869E-002  1.398916868002973E-002
   788.650961087239       7.155584809734226E-002  1.363909836805722E-002
   1806.78952846078       7.189062445909553E-002  1.328999571852429E-002
   8269.31260145811       7.222437390002710E-002  1.293992319006187E-002
   7803.05265538930       7.255813796150708E-002  1.259086939530655E-002
   1109.33351895187       7.107527309290539E-002  1.183139853427799E-002
   7522.84080374923       7.073744949114040E-002  1.217754688903611E-002
   11199.5492931258       7.040064857556866E-002  1.252465973003646E-002
   15763.7397368657       7.006284848531669E-002  1.287078935613565E-002
   17070.7408900717       6.973886168990868E-002  1.253653071180337E-002
   9362.18180151533       6.941485227106479E-002  1.220125151167244E-002
   4928.88208698749       6.909085095669283E-002  1.186695870498220E-002
   16269.6030223957       6.790657020489084E-002  1.309430851389727E-002
   11378.3228843133       6.825216792074730E-002  1.340619512821282E-002
   4125.45445117408       6.859877444109441E-002  1.371807881425891E-002
   4664.24551220684       6.894439796660215E-002  1.402998768821842E-002
   2689.48477638251       6.861059380455689E-002  1.437905437727191E-002
   2033.56196690137       6.827579413302008E-002  1.472812971014810E-002
   937.577295122098       6.794199276507058E-002  1.507716966746079E-002
   1826.32364567206       7.341839288831274E-002  1.645024727039628E-002
   3111.11102737342       7.383729351090587E-002  1.599363552963485E-002
   4546.17661904869       7.425616141084138E-002  1.553700793673392E-002
   2462.85123344719       7.467600523088665E-002  1.507936903668082E-002
   2431.32703723610       7.509487285994837E-002  1.462276994007217E-002
   3554.50202934924       7.537890071217375E-002  1.506673238708128E-002
   140.548218559887       7.566293953962751E-002  1.551170316645232E-002
   760.262854119839       7.594696640160634E-002  1.595566912901861E-002
   817.496250187465       7.622999384166532E-002  1.639965320414579E-002
   2684.82191814082       7.760165091078247E-002  1.497775591671044E-002
   3886.87362749469       7.714778376029628E-002  1.471087821210197E-002
   3834.23519477747       7.669390188724945E-002  1.444299779785387E-002
   7118.57961689805       7.623901959370209E-002  1.417513710206039E-002
   7143.18479728621       7.578515125998264E-002  1.390724481203838E-002
   1900.93157737264       7.622544529777044E-002  1.341723275528414E-002
   3320.89160731030       7.666667847319179E-002  1.292618196364343E-002
   1370.88199730849       7.710691873684682E-002  1.243615625389042E-002
   244.518780872316       7.754714388781159E-002  1.194515721038278E-002
   4250.30301106524       7.649213769384769E-002  1.184314136428234E-002
   599.217532297195       7.601830445005613E-002  1.230077100624814E-002
   976.140915852559       7.554349231188610E-002  1.275939935367345E-002
   11242.0511099226       7.506966626419873E-002  1.321700010509625E-002
   6899.06863637517       7.471771458720756E-002  1.277423915689613E-002
   2558.95024542958       7.436673949583904E-002  1.233043068910828E-002
   5277.88669721338       7.401475764643582E-002  1.188764103707229E-002
   16234.2181575326       7.301318999640848E-002  1.292574408055275E-002
   10728.1339834536       7.346824548272259E-002  1.326165175623793E-002
   7029.77770347798       7.392429063339594E-002  1.359655576728589E-002
   8171.30540310767       7.437936600744273E-002  1.393249728198265E-002
   5500.88236601835       7.393809797686110E-002  1.436752708488834E-002
   2776.58543024484       7.349585636093299E-002  1.480356809905219E-002
   2583.15543731750       7.305460071069851E-002  1.523857902399687E-002
   535.240826125048       7.902354362428841E-002  1.634938709584670E-002
   198.866963612091       7.929203089550969E-002  1.598449754049957E-002
   496.057972375866       7.956150793079679E-002  1.561958340148787E-002
   393.374815680677       7.983098514645599E-002  1.525467137841238E-002
   1612.57519704743       8.010046274750739E-002  1.488976268709760E-002
   965.811455594699       8.044388341148555E-002  1.524363592637278E-002
   1728.10935742438       8.078729842274121E-002  1.559751854773865E-002
   383.867317585325       8.113071641703071E-002  1.595140071936083E-002
   344.157002169224       8.147313526837963E-002  1.630530269891900E-002
   1351.11136158454       8.260521163470613E-002  1.513174903886070E-002
   1864.33076026074       8.223923006326173E-002  1.480227909981648E-002
   753.908052724295       8.187323094319390E-002  1.447180627805363E-002
   1054.55452606364       8.150722830821265E-002  1.414133425705990E-002
   2597.13043394458       8.114122970146981E-002  1.381085574011162E-002
   201.099667694821       8.149471697462114E-002  1.344542909298645E-002
   750.147184990500       8.184819567895488E-002  1.308000039575593E-002
   1053.57414245805       8.220167178068102E-002  1.271457448728005E-002
   449.674533584870       8.255515345942750E-002  1.234916036201416E-002
   1082.81492743103       8.111971933819896E-002  1.167087968809376E-002
   360.080867253113       8.076725435517659E-002  1.203728989044094E-002
   784.905927380180       8.041479347371661E-002  1.240369808577503E-002
   3366.75749125918       8.006233780161021E-002  1.277010622703401E-002
   4616.09927576272       7.957395375786384E-002  1.241883811016551E-002
   5319.22402587762       7.908457759105043E-002  1.206757399068321E-002
   491.478948443341       7.859619973754682E-002  1.171628572593969E-002
   3932.01600056815       7.791575011440718E-002  1.242161009569303E-002
   754.995404130180       7.828433965636102E-002  1.289707688959253E-002
   1139.33591100231       7.865295933524133E-002  1.337353982743706E-002
   2780.32216142222       7.902156589855329E-002  1.384900277285405E-002
   1017.00022152687       7.866658937404369E-002  1.413144324392909E-002
   88.3897246735019       7.831161360263693E-002  1.441388103532397E-002
   274.350027063366       7.795663759578801E-002  1.469631539970556E-002
   338.128304856940       8.377876361904042E-002  1.626381816175707E-002
   126.654460228555       8.410753345446173E-002  1.585883508366110E-002
   237.797185329881       8.443729896421399E-002  1.545383252855219E-002
   778.535682456741       8.476706297565127E-002  1.504883105926665E-002
   940.642952655290       8.509682772519048E-002  1.464383364189690E-002
   717.216036387284       8.547294190035976E-002  1.503613247607982E-002
   220.629193916161       8.584905639251593E-002  1.542843309712378E-002
   238.889703883938       8.622517203592331E-002  1.582073442567482E-002
   314.363329528648       8.660128946444762E-002  1.621303565710071E-002
   666.211804540606       8.760670462153139E-002  1.517078257855470E-002
   877.283783959721       8.720113474289612E-002  1.480901885952048E-002
   435.343871784312       8.679556477463241E-002  1.444725348659821E-002
   53.5505077333504       8.638999400683740E-002  1.408548700587647E-002
   739.720864021812       8.598442170033560E-002  1.372372001596947E-002
   558.580820569677       8.637490398618808E-002  1.324661515848562E-002
   94.6810180299814       8.676536541653333E-002  1.276850980610636E-002
   236.876785772349       8.715584256759490E-002  1.229140470774317E-002
   106.975949859100       8.754632105700631E-002  1.181430480322673E-002
   124.889503592750       8.645353996836780E-002  1.161393245089547E-002
   208.853343279480       8.599079534713087E-002  1.202132658567765E-002
   804.216112192834       8.552705226254206E-002  1.242873706557343E-002
   868.158387402509       8.506430846176671E-002  1.283612687454798E-002
   752.305825437197       8.469819415251453E-002  1.244364809609732E-002
   519.207217168793       8.433208094440062E-002  1.205116458958392E-002
   966.439628170252       8.396596489508885E-002  1.165868093197949E-002
   1554.67698836183       8.296054297443400E-002  1.270092537535138E-002
   338.071584007134       8.336593034822505E-002  1.305269577719021E-002
   82.7738395649266       8.377132012442322E-002  1.340446675322549E-002
   1429.24289438487       8.417671083574430E-002  1.375624015240284E-002
   93.6372353221334       8.378383879872611E-002  1.410037002978458E-002
   514.696359790869       8.339096775809232E-002  1.444449764928827E-002
   933.248127950311       8.299809783944741E-002  1.478862344364522E-002
   23.0858491346979       8.864895881006039E-002  1.617619638602702E-002
   393.538552512653       8.901185471517548E-002  1.583361212496383E-002
   681.814861624588       8.937474952540642E-002  1.549102791619135E-002
   481.911682689299       8.973764362916375E-002  1.514844389239202E-002
   384.651042837627       9.010055767576253E-002  1.480686274895169E-002
   86.3348546901547       9.043752869744863E-002  1.513585714918087E-002
   352.924308741197       9.077352004285245E-002  1.546586662947751E-002
   250.715940565496       9.111051066395916E-002  1.579585852999277E-002
   110.986268372196       9.144650089427334E-002  1.612586866840958E-002
   466.947425555078       9.260312183778477E-002  1.492687001824348E-002
   246.102350621116       9.226123947500593E-002  1.460296733766177E-002
   154.763837263080       9.191933951264754E-002  1.427806458694703E-002
   428.745013561674       9.157745822314750E-002  1.395416128854201E-002
   326.819962794215       9.123655655993966E-002  1.362924248536638E-002
   462.469897214258       9.156387633171489E-002  1.319928798536729E-002
   411.985283603697       9.189219642835017E-002  1.276931574939906E-002
   129.229662245060       9.222051691867141E-002  1.233934354271854E-002
   53.5822763346293       9.254883840246718E-002  1.190937187491012E-002
   322.413026353952       9.131262118208171E-002  1.146352712433004E-002
   50.3253863633730       9.089473162803978E-002  1.180709637984678E-002
   43.7259710190093       9.047684229637232E-002  1.215066640442590E-002
   101.084999814132       9.005893525575677E-002  1.249323732595095E-002
   43.1736259759562       8.958298703140824E-002  1.216674414607396E-002
   57.7707016622148       8.910602172062815E-002  1.183926724250259E-002
   498.733523843801       8.863005597800998E-002  1.151177122570485E-002
   23.4605760263891       8.789071768404338E-002  1.227818832343562E-002
   376.686993971854       8.823511500878130E-002  1.274207263863738E-002
   459.218023645015       8.857953144942451E-002  1.320695653679442E-002
   740.795945225085       8.892293048650557E-002  1.367085854099363E-002
   296.050865543463       8.859462417947866E-002  1.404582758292212E-002
   266.747338923365       8.826531669272979E-002  1.442081270815658E-002
   581.264144848301       8.793601032489867E-002  1.479579783484248E-002
   198.028044382968       9.380211946505240E-002  1.608349305500542E-002
   255.513577140820       9.412350397935650E-002  1.560163607091608E-002
   212.547012300748       9.444587180221845E-002  1.511876210529696E-002
   118.555567218757       9.476725870774935E-002  1.463690618931332E-002
   230.536673684068       9.508964576671364E-002  1.415503128020184E-002
   107.248672859986       9.548914447302562E-002  1.462392328910979E-002
   254.952487188213       9.588764449752037E-002  1.509283073882132E-002
   124.481056639452       9.628716173761291E-002  1.556271984170983E-002
   109.100564695674       9.668566111701460E-002  1.603162660632596E-002
   34.0232516406943       9.760663652378905E-002  1.507690641966078E-002
   229.147228277707       9.712369798824272E-002  1.469553144254476E-002
   68.0409831748172       9.663974133216800E-002  1.431317563472612E-002
   38.7693920288776       9.615680346056900E-002  1.393180156406462E-002
   1119.41579547180       9.567384808118577E-002  1.354942826456513E-002
   883.751985376209       9.614038528091554E-002  1.301896099901342E-002
   171.730467718601       9.660692939524576E-002  1.248849716364038E-002
   374.353556754867       9.707447767705972E-002  1.195801554453368E-002
   60.3898485519983       9.754102504246542E-002  1.142754509220914E-002
   150.752932446492       9.660832505172179E-002  1.150831516521801E-002
   515.998231207029       9.609497615695951E-002  1.199461259521287E-002
   1196.87367686357       9.558160912845504E-002  1.247991433063779E-002
   891.033871584372       9.506824546278002E-002  1.296522245071085E-002
   785.682363471612       9.463574848844326E-002  1.249692616237505E-002
   145.397280035521       9.420325213436589E-002  1.202863263184862E-002
   1102.74296274053       9.377074055661998E-002  1.155933934251927E-002
   1440.90628170364       9.303238861418735E-002  1.232474557824486E-002
   464.757156544594       9.351694152602845E-002  1.274009551128606E-002
   155.077780787319       9.400049361852271E-002  1.315546181619097E-002
   473.937509588748       9.448404247592196E-002  1.357082782553150E-002
   118.265467994759       9.401407133359713E-002  1.391033211008617E-002
   256.835500098221       9.354408208642280E-002  1.424883797611317E-002
   318.855957389697       9.307311106126302E-002  1.458836270526717E-002
   543844.746722389      -1.911208674372509E-003  2.248946703447673E-002
   1096774.98393436      -1.429279800330593E-003  2.212193507759397E-002
   1469667.64451790      -9.458284986753991E-004  2.175331663760191E-002
   2116924.09892232      -4.638789899195931E-004  2.138341703879194E-002
   873448.380473816       1.961570133643290E-005  2.101236945185617E-002
   1801128.51169695       4.002320020804739E-004  2.137893096666774E-002
   700496.897915477       7.781787059963676E-004  2.174440670294592E-002
   791201.751236914       1.157424982556553E-003  2.210856883775048E-002
   193371.868283261       1.533036859620317E-003  2.247418695059639E-002
   1683284.83364519       2.534628262663363E-003  2.145339158317895E-002
   673361.182143517       2.156661612845785E-003  2.108586533172458E-002
   558747.235955137       1.781266468117061E-003  2.071749563417063E-002
   367257.900453348       1.407245128088894E-003  2.035177600866878E-002
   299876.313152328       1.036152664494448E-003  1.998325005332214E-002
   152732.725308482       1.405758481823475E-003  1.953312751987731E-002
   322006.774407834       1.775137684100477E-003  1.908267810369356E-002
   983010.743720142       2.146801823687970E-003  1.863181595581574E-002
   961710.658230337       2.519668655237823E-003  1.817903899936107E-002
   411766.117040298       1.370914710420666E-003  1.785497207975602E-002
   890240.799463794       9.180896169065380E-004  1.822457846466025E-002
   1215043.68536561       4.650383424355795E-004  1.859426960517794E-002
   285474.461742693       1.297803195670424E-005  1.896715466321205E-002
   654646.476552279      -4.570442997276855E-004  1.859921033489442E-002
   391347.605484893      -9.274738288725524E-004  1.823174989434596E-002
   137250.406860005      -1.396949629284830E-003  1.786383621195338E-002
   1194681.19881026      -2.494064823855801E-003  1.812825734193766E-002
   421102.587812237      -2.121186185414486E-003  1.859549533077693E-002
   141503.971779763      -1.748182825176672E-003  1.906063100333775E-002
   113059.246523644      -1.376572021857842E-003  1.952663716677702E-002
   452009.595126713      -1.005573517426128E-003  1.999258742544355E-002
   295580.752040354      -1.373626492731802E-003  2.047176240517572E-002
   435491.611492994      -1.744982130333744E-003  2.094773129451354E-002
   1126511.72575489      -2.119112731805503E-003  2.142518754304828E-002
   2106926.55886792      -2.494675758994897E-003  2.190491011170422E-002
   797993.966544892       3.550599418301983E-003  2.245830591341806E-002
   83650.2054514749       3.920171678014497E-003  2.199827421268891E-002
   141946.654794462       4.293874519143545E-003  2.154016650593017E-002
   1198216.03469319       4.668076715666138E-003  2.108212454537230E-002
   832586.592457820       5.044961569024705E-003  2.062133339376243E-002
   1219346.95045882       5.410525524295598E-003  2.107806810132367E-002
   55365.3755341710       5.774445289342066E-003  2.153196739610652E-002
   98398.8716873719       6.137311635859576E-003  2.198562795291531E-002
   1189956.47584633       6.497011972688062E-003  2.244138217293286E-002
   1700969.83022539       7.562573712869094E-003  2.136058216884944E-002
   924203.551073872       7.095482490652170E-003  2.100732730269756E-002
   906838.009953117       6.629636446172371E-003  2.065506705171578E-002
   8293.99095812829       6.164812548235141E-003  2.030522189492922E-002
   19820.0873327474       5.702433911330871E-003  1.995535417161904E-002
   299029.842849225       6.162265730306768E-003  1.957754136951315E-002
   877222.573066141       6.623402779173127E-003  1.919902854899935E-002
   1323715.37227696       7.085965930583984E-003  1.881872268271880E-002
   864387.518674596       7.548161724568508E-003  1.843745692537118E-002
   256579.893709714       6.185778869678637E-003  1.791957996469594E-002
   271909.105569369       5.805147626052147E-003  1.837775268255203E-002
   975077.960949863       5.422769051422853E-003  1.883552659034488E-002
   703301.023456099       5.039622587558136E-003  1.929676069766459E-002
   1139141.47473224       4.581174654545334E-003  1.883992951873202E-002
   210767.437966957       4.123008117564313E-003  1.838656133615470E-002
   15907.2060482575       3.665969623225520E-003  1.793376372378125E-002
   822080.825606085       2.986964431790582E-003  1.862794559203242E-002
   498082.051671613       3.454055726628937E-003  1.907358645988777E-002
   322902.133123801       3.919280309412175E-003  1.951736285206324E-002
   69898.1966775364       4.381659843460282E-003  1.996207944549766E-002
   438826.519109741       3.921875869504798E-003  2.033349581632644E-002
   1232699.95314595       3.460222871926855E-003  2.070422769958465E-002
   1297010.74101562       2.997722571367018E-003  2.107843709061724E-002
   557184.716526989       8.638430456452153E-003  2.243184814863976E-002
   387973.001205862       8.994063373862085E-003  2.202920185419226E-002
   355748.261154689       9.352518396818140E-003  2.162929450225314E-002
   1146958.13769646       9.711344492763993E-003  2.122685389649077E-002
   819372.010554534       1.007075325064931E-002  2.082370510972447E-002
   1369209.10516194       1.054573441427648E-002  2.122223934090950E-002
   656768.664250037       1.102072852325144E-002  2.162028749324023E-002
   573432.186872549       1.149485538964043E-002  2.201503355935173E-002
   630916.606920091       1.196678728362472E-002  2.241109190799812E-002
   1318893.20866520       1.259067330543320E-002  2.177503997982842E-002
   554647.328944496       1.217855966086158E-002  2.131194044785320E-002
   239614.685079509       1.176915237987081E-002  2.085090678705897E-002
   437749.924762819       1.136014232575158E-002  2.038970166819392E-002
   135004.924830686       1.095560374984926E-002  1.992689449013040E-002
   63328.5489981602       1.135528256139602E-002  1.948743200764172E-002
   321177.129518922       1.175776041750169E-002  1.904924043298499E-002
   940086.203986022       1.215988070556999E-002  1.860902236168357E-002
   700166.213287104       1.256339654345031E-002  1.816735079210256E-002
   117397.912119354       1.137658964030195E-002  1.783092496315046E-002
   412612.425013024       1.093805897835962E-002  1.823311664996343E-002
   676561.811617230       1.049990780221871E-002  1.863730470426161E-002
   627779.308856767       1.006051976926177E-002  1.904163614127475E-002
   776033.935066975       9.674973688591115E-003  1.864208771843722E-002
   312694.925812658       9.289390314199501E-003  1.824373260465396E-002
   23579.5307646462       8.904791027796883E-003  1.784728979315985E-002
   821212.302140759       7.957178687410063E-003  1.881304177908850E-002
   490190.104546975       8.364455658963101E-003  1.918873027839574E-002
   26724.6787635794       8.771950500400659E-003  1.956320060650666E-002
   387676.952721612       9.177064631495665E-003  1.993705275895393E-002
   117331.013627063       8.776422534103344E-003  2.029208257483598E-002
   567744.371010971       8.372457476904330E-003  2.064706015068792E-002
   660828.324711579       7.969062492395609E-003  2.100368156142102E-002
   267366.995920411       1.322420552091942E-002  2.240163888902794E-002
   640529.996737820       1.369017478649494E-002  2.202323042621283E-002
   684683.028552949       1.415807876323252E-002  2.164500244125004E-002
   1214519.51330265       1.462673520400481E-002  2.126569989459960E-002
   643614.375611523       1.509525962405934E-002  2.088406150568759E-002
   1250240.01886921       1.558675104121283E-002  2.125686896791101E-002
   736143.625008824       1.607851560620808E-002  2.162730875123347E-002
   715042.287317168       1.657088977226234E-002  2.199629602693194E-002
   565787.197982912       1.706067491211116E-002  2.236497150281757E-002
   1232849.69096730       1.761716836995482E-002  2.179159116718464E-002
   291156.734736472       1.722807289965147E-002  2.131459864302262E-002
   12195.4372748990       1.684123310419145E-002  2.083818638293359E-002
   516548.325291929       1.645701544217828E-002  2.036200751989599E-002
   105289.812535185       1.607479125251192E-002  1.988424568961154E-002
   17451.1768450756       1.644947792628358E-002  1.945568683598176E-002
   316910.967589222       1.682436613478749E-002  1.902710454215305E-002
   921457.234042339       1.720088016809845E-002  1.859767207284196E-002
   738854.164249251       1.757808417053251E-002  1.816728821791531E-002
   47904.1671010410       1.635461048088125E-002  1.776272183281681E-002
   452153.689146884       1.592924597944963E-002  1.814249429657706E-002
   722174.313384733       1.550339685576613E-002  1.852215674175272E-002
   448679.648477150       1.507755060789158E-002  1.890400522866523E-002
   739982.208301133       1.463274405797642E-002  1.853019416151803E-002
   378696.135279948       1.418896021398744E-002  1.815853878807310E-002
   206603.327103827       1.374452616790354E-002  1.778696665201792E-002
   568210.307578929       1.294867601018041E-002  1.860237066231965E-002
   277118.781460400       1.333310359879948E-002  1.903646889309984E-002
   105045.873473014       1.371578077972782E-002  1.946881674076368E-002
   152262.867412081       1.409802546767580E-002  1.990239046483416E-002
   363030.695724027       1.372407532453372E-002  2.037111708496744E-002
   181281.826608530       1.334843187843155E-002  2.083871305345129E-002
   477562.974961883       1.297049808963115E-002  2.130598795204015E-002
   506019.198878468       1.818793694454806E-002  2.235015952388063E-002
   257333.677219853       1.866732864809777E-002  2.189723561200446E-002
   452306.883121070       1.915059552066599E-002  2.144616774631243E-002
   1128082.47787980       1.963430642464001E-002  2.099218111487483E-002
   598211.832371145       2.011747577153639E-002  2.053671665125790E-002
   640948.618289045       2.041447220568873E-002  2.098223675419091E-002
   18612.4405478267       2.071117527382679E-002  2.142832603954181E-002
   86452.2375199166       2.100648658463779E-002  2.187285660400685E-002
   394870.617336765       2.130074549641891E-002  2.231954615580156E-002
   900401.111064465       2.262959952265088E-002  2.095413620015052E-002
   626849.398449602       2.217243032108595E-002  2.067214328523239E-002
   711870.934349477       2.171710300994514E-002  2.039056602408183E-002
   309802.504552978       2.126051365256450E-002  2.010923100207150E-002
   22690.6132143460       2.080640047887213E-002  1.982889412098598E-002
   61204.9153777105       2.125144606221609E-002  1.941267951572483E-002
   291479.083619239       2.169955069796496E-002  1.899577528273159E-002
   619215.040801871       2.214718834927511E-002  1.857898516260622E-002
   441539.689551202       2.259568855469441E-002  1.816081247659813E-002
   78804.0804809830       2.133118235959503E-002  1.777726240773054E-002
   264163.681077957       2.092160532055936E-002  1.822988874100459E-002
   563259.861372618       2.051031386002711E-002  1.868428771021939E-002
   581158.402934515       2.009971765631833E-002  1.913901106485437E-002
   721282.905295799       1.966370579721863E-002  1.869485636989858E-002
   193664.533699778       1.922804928264566E-002  1.825117074115400E-002
   90090.9692434445       1.879331423129858E-002  1.780921735291624E-002
   710101.298108193       1.803767992476449E-002  1.858854382462928E-002
   546064.642127983       1.849603023595615E-002  1.900871644632235E-002
   80872.5012124048       1.895505700963854E-002  1.942751498549423E-002
   117389.993850413       1.941124424942206E-002  1.984639164361977E-002
   294330.713263903       1.896664975911885E-002  2.033249162552999E-002
   349703.632511156       1.851755947705946E-002  2.081735269967336E-002
   705324.346089646       1.806808665312770E-002  2.130332242505443E-002
   266773.972085466       2.399229273610575E-002  2.228550957370641E-002
   12553.5729486687       2.427480298463683E-002  2.179472652247454E-002
   82849.2585897455       2.455846566128687E-002  2.130612266828162E-002
   574343.670034779       2.484383255281054E-002  2.081615237189693E-002
   513847.556587389       2.512982719933456E-002  2.032643028643399E-002
   967053.880675871       2.558102761513669E-002  2.080670892139574E-002
   144018.966516175       2.603191961555935E-002  2.128593910975948E-002
   62866.2438258502       2.648088804706327E-002  2.176314250663103E-002
   550421.111368521       2.692804847092185E-002  2.224248326677037E-002
   901350.112221625       2.765825115058398E-002  2.148952805339645E-002
   602020.667403588       2.716028769275221E-002  2.105747949114272E-002
   469574.061772736       2.666339813937838E-002  2.062773298648932E-002
   200561.181467200       2.616591404605075E-002  2.019848277180394E-002
   105697.447353540       2.567273727671795E-002  1.976831241535721E-002
   293086.771678921       2.615561242589446E-002  1.935188868918328E-002
   524453.292741439       2.664059487609014E-002  1.893504084494306E-002
   766757.545442657       2.712445449254251E-002  1.851701461289781E-002
   484737.055109103       2.760888873531324E-002  1.809785403392924E-002
   167364.014733678       2.633965316717452E-002  1.775045748202970E-002
   110234.612863813       2.593283053682847E-002  1.824119974720209E-002
   429150.638203294       2.552489746008998E-002  1.873305186671666E-002
   325982.837911710       2.511638739162711E-002  1.922506138584898E-002
   480553.897983133       2.469436297532816E-002  1.874393943595237E-002
   7643.26170831127       2.427177176501751E-002  1.826325823961715E-002
   113126.694654100       2.385114300745670E-002  1.778392906134571E-002
   466891.213565225       2.309103000885480E-002  1.856734310270893E-002
   351158.677528356       2.358550851287869E-002  1.897285509525817E-002
   60094.3780768721       2.408087859891664E-002  1.937811381320908E-002
   102473.366460086       2.457340732705551E-002  1.978235542889339E-002
   488100.448214848       2.408894425114884E-002  2.007378118797547E-002
   855975.630626475       2.360205436597334E-002  2.036673977610790E-002
   722623.730928379       2.311659248620009E-002  2.066009523959275E-002
   236332.156583867       2.840938150589880E-002  2.222199466127212E-002
   309456.571494593       2.884388472180354E-002  2.180176560340576E-002
   372411.955920732       2.927951642738642E-002  2.138094823208300E-002
   819375.775478526       2.971623873789853E-002  2.095979424535482E-002
   439172.671844686       3.015280454495632E-002  2.053721654859599E-002
   662582.199838047       3.056298395525870E-002  2.094597783741048E-002
   165796.787862843       3.097251450233645E-002  2.135442485600457E-002
   178191.045812548       3.138188667689062E-002  2.176304333922064E-002
   361317.688697914       3.178853700096038E-002  2.217136974582314E-002
   724504.801369188       3.267084093460917E-002  2.125842219151425E-002
   376507.624581257       3.224595229216034E-002  2.086611448631355E-002
   316798.255487179       3.182073187387153E-002  2.047294627585145E-002
   94116.1567614690       3.139667312782857E-002  2.008060813103250E-002
   9997.00234542790       3.097429729673782E-002  1.968767034279752E-002
   152331.737338430       3.138164905430106E-002  1.914118191480353E-002
   56188.5769012173       3.179032901090818E-002  1.859542132807601E-002
   282620.193238036       3.220130720541018E-002  1.804994573437382E-002
   291121.389540992       3.261206418122787E-002  1.750222730938050E-002
   207020.338071631       3.173538968610924E-002  1.759411426051448E-002
   431620.827579093       3.119839100084906E-002  1.801759504542177E-002
   468284.278654513       3.066185739494806E-002  1.844131683929478E-002
   270139.941184810       3.012605913889703E-002  1.886615002063077E-002
   331457.686860803       2.970591175547353E-002  1.845696139715594E-002
   111302.869022096       2.928574759574948E-002  1.804885257656756E-002
   15910.8357640541       2.886607191994330E-002  1.764019352572880E-002
   383522.646643663       2.803334897294164E-002  1.850284061879396E-002
   241353.770280767       2.845845289403219E-002  1.890728023660432E-002
   17253.3030617512       2.888221303578447E-002  1.931105476746649E-002
   206710.495816837       2.930526142804646E-002  1.971458592289361E-002
   232635.683164863       2.889593846961346E-002  2.015857749965833E-002
   187560.912827924       2.848459706773423E-002  2.060195802562423E-002
   359367.938171823       2.807142741485720E-002  2.104502042856422E-002
   219408.706275891       3.358197444380787E-002  2.214253113258586E-002
   137846.599110972       3.397517905027223E-002  2.171341912124824E-002
   154992.889124359       3.437112891361184E-002  2.128594926174684E-002
   547053.806224053       3.476738347105560E-002  2.085681956111373E-002
   308208.154762220       3.516401711484088E-002  2.042800489047003E-002
   543425.892676855       3.556377531998061E-002  2.084423970198067E-002
   154579.014964510       3.596211761671539E-002  2.126116085881725E-002
   153474.804661132       3.636138070176207E-002  2.167637838621397E-002
   213731.094866022       3.675954825422210E-002  2.209299368613660E-002
   472125.286543471       3.768043665846447E-002  2.113912573290266E-002
   232890.762543549       3.724828285851117E-002  2.075606544712618E-002
   188968.297807076       3.681767427482553E-002  2.037299683141767E-002
   125962.508761697       3.638627492651110E-002  1.999149233386126E-002
   40103.7887006008       3.595724323191958E-002  1.960842063720713E-002
   31002.9889341013       3.637288716646342E-002  1.912148154414193E-002
   110541.766250522       3.678999447609586E-002  1.863553880259707E-002
   248470.973933360       3.720643690977938E-002  1.814838306151683E-002
   197405.331862601       3.762380196958454E-002  1.766139477631633E-002
   14203.5406885254       3.656323627646739E-002  1.752382531631752E-002
   135359.240942923       3.608822080313451E-002  1.795359578874463E-002
   248851.716810220       3.561397343190928E-002  1.838462668337388E-002
   124596.319358654       3.513890338977024E-002  1.881528499492208E-002
   291802.463240956       3.459015604159466E-002  1.840083181158024E-002
   211843.727209028       3.404072088160942E-002  1.798656714046599E-002
   92732.0063297081       3.349101300608078E-002  1.757441637061927E-002
   124692.094995947       3.304727731227115E-002  1.803636979019427E-002
   70953.1451872947       3.348085343420973E-002  1.856852049077533E-002
   176668.612989903       3.391438371448612E-002  1.910089517302280E-002
   95944.2812318055       3.434592443130126E-002  1.963388701784795E-002
   2203.34117671930       3.392884416549721E-002  2.003991865246468E-002
   335453.764475748       3.350948237064720E-002  2.044579586714151E-002
   409389.401065598       3.309094551133231E-002  2.085248404950603E-002
   140015.802280921       3.863310184333980E-002  2.206112999484085E-002
   75806.4952149963       3.901686868459151E-002  2.163132417768769E-002
   91690.2421933492       3.940172291492781E-002  2.120096036498973E-002
   315379.176472612       3.978584517368401E-002  2.077125998507302E-002
   203180.587160819       4.017117713577713E-002  2.034105952527237E-002
   405047.822093858       4.065578034420376E-002  2.075672894879562E-002
   144487.262470972       4.114055934129728E-002  2.117156272751475E-002
   113090.440235424       4.162542863532687E-002  2.158645636004729E-002
   512110.733253749       4.210905356495061E-002  2.200045545450881E-002
   490356.950188504       4.269429343056048E-002  2.139294943373728E-002
   89975.3176068440       4.226006181394797E-002  2.092555951433302E-002
   11308.1888783356       4.182543700150956E-002  2.045856306353833E-002
   245727.309253871       4.139243698450929E-002  1.999175451995791E-002
   23955.0690978654       4.096077217672619E-002  1.952429325055014E-002
   84578.7579958059       4.137906996462132E-002  1.914419331549045E-002
   261139.430741012       4.179758790019624E-002  1.876372000596026E-002
   385788.168760898       4.221718700125043E-002  1.838180104853395E-002
   246865.736283741       4.263574925432723E-002  1.800043721236627E-002
   86530.2018551018       4.124887916290053E-002  1.744456711866229E-002
   48605.1238214039       4.088064485996303E-002  1.787502957888269E-002
   229691.675515996       4.051294063237131E-002  1.830456011371221E-002
   101282.537741874       4.014514819873011E-002  1.873465733771295E-002
   244727.471939233       3.965622416400583E-002  1.831881804028867E-002
   89177.9970315337       3.916814849221120E-002  1.790361592301546E-002
   6026.85939067847       3.867912486259421E-002  1.748801371884231E-002
   117329.106661724       3.805707257606390E-002  1.813369967974131E-002
   4302.60566470830       3.849112014200490E-002  1.860644325371624E-002
   151875.589388338       3.892369317100088E-002  1.907804287209593E-002
   55647.4502845220       3.935544035316917E-002  1.955099698907979E-002
   51103.2967941892       3.893756774912041E-002  1.994795451454470E-002
   243157.808253132       3.851901280710849E-002  2.034393891759495E-002
   287748.120427071       3.809938784804820E-002  2.074147150917805E-002
   277731.479493683       4.330059606889371E-002  2.197945851664534E-002
   100246.386023199       4.376994603154876E-002  2.158760734448592E-002
   135215.766782061       4.424037314905481E-002  2.119481532441595E-002
   233519.605030601       4.471081431702571E-002  2.080239598516986E-002
   169427.555467046       4.518092063750154E-002  2.040914796696105E-002
   212222.889265372       4.573022308783444E-002  2.078452668990176E-002
   154038.616549626       4.627971982113260E-002  2.115959107709310E-002
   148325.793695600       4.682953722511189E-002  2.153504170537594E-002
   100680.697713698       4.737899589113909E-002  2.190909099585730E-002
   188368.877542658       4.770468515137202E-002  2.157069365303926E-002
   12453.1179516553       4.730865990505755E-002  2.103645758860917E-002
   52056.5009909498       4.691226371271991E-002  2.050235444923785E-002
   116248.356277461       4.651736302164865E-002  1.996803430740414E-002
   81745.1561814495       4.612304872656895E-002  1.943330474026808E-002
   33502.8789789457       4.650082313281664E-002  1.902197765498481E-002
   64634.3444045330       4.687909585858345E-002  1.860981557579305E-002
   155227.147542552       4.725852559668705E-002  1.819845891683384E-002
   133306.891449638       4.763697780479604E-002  1.778678883598795E-002
   23167.6003209117       4.634455329450099E-002  1.731473430480065E-002
   109028.180281824       4.594591845201092E-002  1.770728823313135E-002
   152452.186671091       4.554616815691504E-002  1.809909223879204E-002
   204363.043264824       4.514725057464523E-002  1.849098483230551E-002
   236649.668464749       4.476561769896029E-002  1.811272611440465E-002
   110041.738583148       4.438395979903824E-002  1.773505846149454E-002
   39690.3843979255       4.400149970696519E-002  1.735669922401577E-002
   211740.530080279       4.302844015866564E-002  1.836710828880811E-002
   122943.177710616       4.342184280292237E-002  1.873461060414873E-002
   7749.67878591256       4.381399370712633E-002  1.910082940499340E-002
   183101.002721022       4.420578193636495E-002  1.946689745243680E-002
   123015.577866954       4.382895002815902E-002  1.994833710629542E-002
   8748.22455096708       4.345158876852542E-002  2.042966551475970E-002
   90018.9820737398       4.307272994860580E-002  2.091116995977019E-002
   104327.909821377       4.804275935892909E-002  2.189663879902538E-002
   49726.7615914438       4.857659349438173E-002  2.142680475394880E-002
   115067.206064942       4.911121989901145E-002  2.095700464998806E-002
   146073.582713591       4.964573441287152E-002  2.048670856431295E-002
   74706.7030470038       5.017979472319908E-002  2.001471382688589E-002
   58697.4913464226       5.053100474543088E-002  2.047004934421776E-002
   50129.7239136912       5.088216790371838E-002  2.092374496594660E-002
   16881.7065241631       5.123310610367249E-002  2.137730574816191E-002
   461602.686726805       5.158308234629361E-002  2.183145946921397E-002
   381649.333667856       5.269435736954907E-002  2.067751651098468E-002
   58616.6774616429       5.222616226209430E-002  2.034488682466904E-002
   58570.7403945954       5.175837162474731E-002  2.001204564950065E-002
   59794.2070679015       5.129064659922735E-002  1.967967085158777E-002
   156519.417638049       5.082226838570510E-002  1.934769142984373E-002
   36437.2145735310       5.127825961115662E-002  1.898500066141176E-002
   229475.881526714       5.173370052793285E-002  1.862183487055306E-002
   296069.518277055       5.218934541812972E-002  1.825823165935848E-002
   173615.849632591       5.264475653958211E-002  1.789393943058849E-002
   90770.8634238049       5.120203708893414E-002  1.730376319276025E-002
   14183.1622903209       5.085377329084474E-002  1.777004802442729E-002
   285527.740465147       5.050491666906012E-002  1.823639461981784E-002
   82003.0607036173       5.015602862916897E-002  1.870466034341537E-002
   160333.221771440       4.974176662157871E-002  1.825061028868630E-002
   44605.6326450131       4.932685082201727E-002  1.779780088977036E-002
   108028.750993791       4.891326512561187E-002  1.734510677315258E-002
   170492.812435411       4.810583065488738E-002  1.818343021660321E-002
   101880.906384570       4.857478521726420E-002  1.857957192537736E-002
   72503.0517850229       4.904373308594829E-002  1.897625262647157E-002
   53307.1650983613       4.951298564306651E-002  1.937196186483656E-002
   52678.9325806405       4.906087466349822E-002  1.992174007535838E-002
   958.096976768733       4.860918981667575E-002  2.047120460036789E-002
   102414.235061463       4.815697785923147E-002  2.102061778333519E-002
   262337.548919329       5.384649502642073E-002  2.179063837423055E-002
   30156.1487567045       5.418006402443196E-002  2.133519273222761E-002
   56831.3114749439       5.451458957382781E-002  2.088029210468537E-002
   10523.7210759949       5.484935960680042E-002  2.042529420663141E-002
   118699.657579380       5.518406331213510E-002  1.996965119315986E-002
   6570.04340337451       5.554679109744014E-002  2.041357538164584E-002
   1022.26409337030       5.590951536870435E-002  2.085734530263422E-002
   4147.54486019840       5.627313209642795E-002  2.130111089526473E-002
   49204.4237763553       5.663553968573248E-002  2.174501121253276E-002
   93116.3491047499       5.769642161424202E-002  2.064800061498850E-002
   68987.4532206388       5.724027647662220E-002  2.030062548793405E-002
   65627.3612740080       5.678414238957622E-002  1.995226966236130E-002
   59894.5754824693       5.632802341050890E-002  1.960501771592031E-002
   157112.154538270       5.587187472834305E-002  1.925791974775504E-002
   50378.9062921305       5.631353798787750E-002  1.878878380055334E-002
   64343.0462479123       5.675588616332924E-002  1.832095146222679E-002
   20257.8770298002       5.719838211147334E-002  1.785198717152918E-002
   1690.65301137474       5.764088305364381E-002  1.738269595333600E-002
   76458.0925201510       5.652268150014999E-002  1.719773073713428E-002
   5045.63061595020       5.606803364708799E-002  1.765481811573653E-002
   17294.8924054522       5.561434540372415E-002  1.811218166959666E-002
   199244.677832195       5.515958734321663E-002  1.856974180575558E-002
   145828.372488896       5.479469413161275E-002  1.812609984809551E-002
   59337.6877027829       5.442967669297120E-002  1.768335011302281E-002
   27116.2252497802       5.406500091160819E-002  1.724074885309209E-002
   177327.370667935       5.310200204402252E-002  1.824132833528663E-002
   98534.8882964787       5.355912772456189E-002  1.858848916979833E-002
   8545.15371389293       5.401600924806230E-002  1.893534899898620E-002
   300086.647278898       5.447253713104246E-002  1.928185223610147E-002
   27280.1859120241       5.402822638255285E-002  1.963023795473577E-002
   60001.3896219795       5.358376845944039E-002  1.997910038356298E-002
   65634.8095948452       5.313925807873352E-002  2.032839634309600E-002
   25088.4437358509       5.879319753873728E-002  2.170916565771994E-002
   19383.1905908917       5.914031581229700E-002  2.123245156839269E-002
   21984.0772187703       5.948869063457822E-002  2.075681386235913E-002
   116793.240862453       5.983609125352660E-002  2.028006765909924E-002
   65502.6898177755       6.018359253705547E-002  1.980414346961669E-002
   99826.1867276804       6.050017084260897E-002  2.026863681494845E-002
   8179.13648631156       6.081560044455919E-002  2.073409730430192E-002
   11231.0060029091       6.113197835111110E-002  2.119845407659298E-002
   29313.1305794078       6.144819069181910E-002  2.166390055914170E-002
   77714.1853841035       6.269469114771713E-002  2.037262509739055E-002
   60003.6728666110       6.221812241595440E-002  2.007304258692343E-002
   65822.9089044408       6.174261779474042E-002  1.977341897513248E-002
   4776.33974195747       6.126611495371739E-002  1.947494209894522E-002
   34034.8540531272       6.079084923825288E-002  1.917537959517682E-002
   15351.3188738452       6.125435898881836E-002  1.879338286281207E-002
   33149.6812857565       6.171887582658506E-002  1.841030790594697E-002
   40326.3420266719       6.218239752676277E-002  1.802817967776891E-002
   17103.1689830252       6.264688028441388E-002  1.764595516138265E-002
   17429.1508740660       6.126076864476032E-002  1.713808798507048E-002
   7206.01360090021       6.089499842659452E-002  1.761443485724338E-002
   13004.7417339109       6.052816872862302E-002  1.809178485193440E-002
   10063.6713302398       6.016227587063013E-002  1.856816339252204E-002
   25204.0996454063       5.969204967433916E-002  1.810616078641640E-002
   22358.5440851508       5.922275938093349E-002  1.764335552359307E-002
   35820.8996456976       5.875262499443167E-002  1.718157187480003E-002
   76470.2400610846       5.811991221083188E-002  1.783668464756136E-002
   27953.5646290412       5.859805636431068E-002  1.829041824254504E-002
   16432.3934800271       5.907711680731735E-002  1.874305679480688E-002
   23431.6201861722       5.955511216079018E-002  1.919665938457555E-002
   21644.1588816929       5.909121792187896E-002  1.955921681675978E-002
   50102.5373024146       5.862599684425005E-002  1.992172797715874E-002
   54256.8740404153       5.816176220729698E-002  2.028535778923619E-002
   9842.08325602730       6.398580482471163E-002  2.161934020842047E-002
   25052.6073489862       6.428691676366316E-002  2.122603088766379E-002
   24031.0266960717       6.458821336453061E-002  2.083380041204403E-002
   64980.6465992250       6.488850137890650E-002  2.044051985589989E-002
   35974.1926067806       6.518986007164693E-002  2.004817279831553E-002
   62480.7148479988       6.547689787076057E-002  2.043005820760432E-002
   13587.1084712896       6.576382996642144E-002  2.081301720570442E-002
   18429.1741006588       6.605077386244662E-002  2.119490782029672E-002
   5305.87196992933       6.633766130283558E-002  2.157783575027082E-002
   29873.5333045882       6.769277257076382E-002  2.017329349712557E-002
   14337.7077849063       6.729974788398950E-002  1.990033850878274E-002
   16749.7507239369       6.690778055149019E-002  1.962732601647969E-002
   18202.8814073969       6.651479598483652E-002  1.935438982389167E-002
   27974.7778223872       6.612297498562469E-002  1.908131587832152E-002
   8574.93877363894       6.650386569308067E-002  1.873149312900165E-002
   17059.4188628081       6.688572177764658E-002  1.838161847749363E-002
   15709.6185716763       6.726658188522146E-002  1.803176187071798E-002
   9820.21249718287       6.764843519307302E-002  1.768187889284475E-002
   3265.53180378800       6.616447559603406E-002  1.696823786011471E-002
   3291.49527002424       6.582841253115887E-002  1.736128893249857E-002
   10135.4300461322       6.549235091064094E-002  1.775532890771747E-002
   2662.65267252720       6.515629263807847E-002  1.814839814007313E-002
   2798.05401213414       6.477548584579006E-002  1.776805911564058E-002
   394.750943325646       6.439363147541159E-002  1.738682028909968E-002
   1105.47676269262       6.401281366852525E-002  1.700658299527664E-002
   5995.47199673085       6.304152472392915E-002  1.801297044180847E-002
   3108.63796809225       6.343511769274547E-002  1.838002377304468E-002
   2754.78542143487       6.382970960023263E-002  1.874803077313955E-002
   9957.92353449836       6.422329050673334E-002  1.911500983034377E-002
   11306.0532942491       6.384175152729274E-002  1.942963649753304E-002
   42920.1429420466       6.345908953548604E-002  1.974327264577338E-002
   44656.5589065520       6.307744093933287E-002  2.005796718702590E-002
   5478.29211927084       6.909723699655089E-002  2.152843917608994E-002
   3255.98632302556       6.936977972415669E-002  2.110951499954182E-002
   3271.90656556617       6.964237784660235E-002  2.069061797225475E-002
   18514.0960629983       6.991498740293786E-002  2.027170549626740E-002
   11640.4806413591       7.018763061540124E-002  1.985278376736121E-002
   29000.4517926567       7.066805614277845E-002  2.025822601675058E-002
   10381.7411273025       7.114947082305613E-002  2.066364323233760E-002
   11089.4314809013       7.162990263950857E-002  2.106902485408685E-002
   7811.72810437488       7.211029598727173E-002  2.147440033344198E-002
   17017.0614962811       7.270626212780820E-002  2.085653430662537E-002
   3001.54872986899       7.228374697759844E-002  2.039110002307425E-002
   293.264106333553       7.186126851949072E-002  1.992567119306229E-002
   15363.1445338012       7.143879800706641E-002  1.945924886066030E-002
   10042.0905147527       7.101643548170840E-002  1.899376941202321E-002
   5421.35386825606       7.142276505107971E-002  1.855942743906422E-002
   9756.66424277709       7.182905955806844E-002  1.812406912647968E-002
   13975.5738120317       7.223537056369657E-002  1.768970491206128E-002
   10530.6935608524       7.264169010681260E-002  1.725534840588066E-002
   3917.72928151884       7.141711952471835E-002  1.690024190584419E-002
   6760.58738128553       7.099758186804787E-002  1.732182776656676E-002
   9662.27542054858       7.057704008420940E-002  1.774342796745608E-002
   1848.40286794527       7.015750806553779E-002  1.816502470407587E-002
   2976.52547430468       6.980715682439735E-002  1.775722760703702E-002
   3722.85852900830       6.945681277474085E-002  1.734943272471848E-002
   6330.22408462109       6.910645768987440E-002  1.694165420126374E-002
   7022.90376800664       6.806853649071547E-002  1.801737443487030E-002
   1093.48536149550       6.848859309434738E-002  1.835291766884012E-002
   6713.08934370129       6.890865672489038E-002  1.868844176038235E-002
   5670.04937080002       6.932870389985211E-002  1.902397155263907E-002
   16974.2065335176       6.891974620694546E-002  1.931128645259060E-002
   26450.6991091731       6.851075738142254E-002  1.959860489202632E-002
   25272.1509794666       6.810177571540338E-002  1.988595468675857E-002
   8161.91971444170       7.332408967088723E-002  2.145252850966953E-002
   282.442024366907       7.378836465380534E-002  2.096314721683719E-002
   3117.20827482304       7.425270032509032E-002  2.047378948568118E-002
   11236.3246384925       7.471807493150072E-002  1.998540131591627E-002
   7078.85677834928       7.518242765488435E-002  1.949599180177694E-002
   8626.52938254092       7.561303239830128E-002  1.996932287060711E-002
   676.035349439243       7.604361172023315E-002  2.044165162845649E-002
   1127.82794598648       7.647320960962553E-002  2.091498788744687E-002
   2155.17949919954       7.690379577725194E-002  2.138830996936602E-002
   3898.09501119119       7.770203719780734E-002  2.056080749746894E-002
   1986.60820212094       7.721350832795995E-002  2.014753479055975E-002
   1918.21663725034       7.672500126341154E-002  1.973526450847151E-002
   4042.32287939333       7.623747775526801E-002  1.932198339239611E-002
   3738.94471740854       7.574898256340812E-002  1.890870546724455E-002
   6763.78271265134       7.622495363336515E-002  1.862410378410807E-002
   5302.73422355233       7.669992652608271E-002  1.833951981322917E-002
   4847.95043518838       7.717589637716694E-002  1.805491454439164E-002
   2552.22389840439       7.765188148818380E-002  1.777130618367467E-002
   209.255377101210       7.596368332253209E-002  1.688551746743067E-002
   293.111611991027       7.569637039148196E-002  1.737139932264711E-002
   676.026941307169       7.542903575560099E-002  1.785628157055046E-002
   2926.52336990784       7.516171042244799E-002  1.834216255780875E-002
   4442.33733949478       7.472610736443301E-002  1.786891807091332E-002
   1746.42583630990       7.428952655340529E-002  1.739671097202867E-002
   2679.28811301611       7.385393619149062E-002  1.692349337564895E-002
   2637.56005146286       7.313032003629222E-002  1.767362425850152E-002
   4774.27164343144       7.361893752406330E-002  1.809190447284967E-002
   613.799606885063       7.410657462976150E-002  1.851118114295268E-002
   4050.42298364707       7.459517437799942E-002  1.892943738518996E-002
   366.765553528431       7.412272233130099E-002  1.941094539695468E-002
   8100.12904426561       7.365124922072758E-002  1.989343221722617E-002
   12341.6942237176       7.317875078347437E-002  2.037496378069147E-002
   1241.23170825770       7.852953053642875E-002  2.135905832068493E-002
   659.081969716966       7.894392523531513E-002  2.093254222229731E-002
   978.412423545368       7.935732932073093E-002  2.050604720959645E-002
   2009.12048145196       7.977173553249756E-002  2.007953151952421E-002
   1159.68803362060       8.018615868565938E-002  1.965400928807438E-002
   1352.99988694475       8.055962181363428E-002  2.006535506545052E-002
   67.3617814858432       8.093309926429665E-002  2.047770501099622E-002
   256.651210083225       8.130557853261940E-002  2.089007110502504E-002
   141.813294999588       8.167905789417707E-002  2.130241901149753E-002
   285.986790579003       8.269723292816059E-002  2.024692972212497E-002
   435.643815198674       8.227171682752285E-002  1.988852780510147E-002
   233.959279563344       8.184621943000200E-002  1.953112506620633E-002
   1210.97472412678       8.142070328243907E-002  1.917272317398518E-002
   964.565058418655       8.099619231715754E-002  1.881429829863542E-002
   454.184214378972       8.140806309905398E-002  1.846982959132364E-002
   76.9155058563619       8.182093200769416E-002  1.812534345391225E-002
   366.749272056443       8.223380068419892E-002  1.778085881314632E-002
   214.093138155538       8.264668727578914E-002  1.743737524518174E-002
   738.042692717811       8.114472522022170E-002  1.673028211554411E-002
   355.341205652553       8.081531703944286E-002  1.715528008003282E-002
   24.6284152738615       8.048590982154281E-002  1.758027763174565E-002
   123.373767306867       8.015648560711373E-002  1.800427455249408E-002
   113.664497175709       7.987301146355923E-002  1.759130706192425E-002
   647.538541006201       7.958951885395656E-002  1.717734192113489E-002
   1427.40081389392       7.930602417616220E-002  1.676337914412433E-002
   1099.41112414997       7.807576970308949E-002  1.803871301185972E-002
   191.808607495605       7.849966533622421E-002  1.830713248287915E-002
   356.736475190068       7.892356269899915E-002  1.857554793525788E-002
   1376.03073387565       7.934646028904407E-002  1.884397929028464E-002
   361.309948179629       7.893611304341662E-002  1.927341940733340E-002
   1465.56183022546       7.852476249904849E-002  1.970287893615478E-002
   2095.75175949397       7.811339210287314E-002  2.013134218551739E-002
   107.287344216937       8.375272214661098E-002  2.126510345987014E-002
   395.752414196718       8.411243768223964E-002  2.091257450640579E-002
   390.730501207869       8.447115265264293E-002  2.056006344996078E-002
   634.881967698666       8.483086775388385E-002  2.020753520987802E-002
   460.064813773706       8.519058276631337E-002  1.985500734937412E-002
   571.540596601496       8.553675033025704E-002  2.019483512059230E-002
   331.375858968878       8.588291793930496E-002  2.053466362190649E-002
   334.508180989820       8.622908564730726E-002  2.087449272848438E-002
   224.867773547592       8.657525489190099E-002  2.121432108244465E-002
   775.574667128052       8.769456324927455E-002  2.005400040721796E-002
   384.691304531607       8.734250534677716E-002  1.972027836350268E-002
   321.941334437113       8.699044636724533E-002  1.938655682085329E-002
   93.4022469810632       8.663838717673712E-002  1.905283472570393E-002
   157.254133128772       8.628632744472149E-002  1.871911246584853E-002
   189.829933687869       8.662563383130352E-002  1.834394649175874E-002
   407.684260320333       8.696493819084981E-002  1.796877994520638E-002
   662.260685383260       8.730424185469493E-002  1.759361401786811E-002
   556.936382564809       8.764354596829370E-002  1.721845004491086E-002
   230.692144557394       8.623857458516736E-002  1.656562047124571E-002
   513.616677584935       8.587586002060943E-002  1.691820425584822E-002
   762.888536757677       8.551314607398081E-002  1.727078725335458E-002
   839.479106649454       8.515043303844921E-002  1.762337000447278E-002
   950.534127787528       8.480726639085252E-002  1.728348754467447E-002
   624.336844246772       8.446409912722044E-002  1.694360459285153E-002
   212.829266145101       8.412093072259809E-002  1.660372156352326E-002
   1224.78636973093       8.299867469989210E-002  1.776709489442314E-002
   559.087424399799       8.335067817712444E-002  1.809781778853335E-002
   235.949098650572       8.370268262915669E-002  1.842854074875127E-002
   21.1227675953792       8.405468838252171E-002  1.875926362278526E-002
   295.386004684507       8.371532776919297E-002  1.913142969895662E-002
   79.9254855761384       8.337596825261553E-002  1.950359629786983E-002
   28.8874699118330       8.303659110778235E-002  1.987476287584233E-002
   136.732517812377       8.885488587188828E-002  2.117330711517347E-002
   212.760305611262       8.918776140548056E-002  2.077425385234696E-002
   249.471307488641       8.952063532979390E-002  2.037519991966048E-002
   550.607193009989       8.985349097361497E-002  1.997514670024363E-002
   390.750733838593       9.018636443779565E-002  1.957609418828470E-002
   581.011270246887       9.059336726670555E-002  1.996183592357725E-002
   190.508274928166       9.100038868597993E-002  2.034857722114361E-002
   221.720544982374       9.140839166039644E-002  2.073430152523449E-002
   66.5860165024613       9.181539538366841E-002  2.112004374924818E-002
   266.029391537817       9.269808043079601E-002  2.020502034336313E-002
   34.3606628589729       9.229795033017242E-002  1.981215299945544E-002
   15.1088228697978       9.189780160933469E-002  1.941828600045964E-002
   290.601437472462       9.149667085778182E-002  1.902543653708386E-002
   147.449814188306       9.109653830446113E-002  1.863257016636475E-002
   312.715749306301       9.148352018699525E-002  1.829455412587352E-002
   393.778546452754       9.187151949691541E-002  1.795751999696369E-002
   438.552388961346       9.225850087939193E-002  1.761950427221090E-002
   227.606574759799       9.264550046240826E-002  1.728248891948888E-002
   101.711005243196       9.112362395556839E-002  1.652474157536708E-002
   189.364330497093       9.079974737470990E-002  1.692363232156149E-002
   315.244612078005       9.047688895484134E-002  1.732350479140376E-002
   296.122625936635       9.015301300609119E-002  1.772239518763853E-002
   398.189225574659       8.977700485782622E-002  1.733609595611773E-002
   46.4313347200643       8.940097829890153E-002  1.694879632855811E-002
   35.4745331722281       8.902496941289129E-002  1.656249596149226E-002
   348.059012949086       8.804311818599453E-002  1.758032158884657E-002
   271.526170480938       8.844269114290257E-002  1.794219311573095E-002
   41.3511032511464       8.884326406919830E-002  1.830404748949633E-002
   64.5466545570858       8.924283812915731E-002  1.866591986292231E-002
   179.940971576029       8.885601854737364E-002  1.901293599031121E-002
   434.896840338305       8.846819983993830E-002  1.935996985004440E-002
   498.877305327375       8.808138114359607E-002  1.970698502608394E-002
   121.858663739748       9.361310458592424E-002  2.108770510232505E-002
   80.0335038487419       9.400291363918564E-002  2.051760108933672E-002
   70.3125667631539       9.439372157850595E-002  1.994747851019098E-002
   169.496622582153       9.478352870997288E-002  1.937737359146296E-002
   156.911534560130       9.517333501881391E-002  1.880726966761956E-002
   193.874525836116       9.556039980617738E-002  1.936339824075230E-002
   40.6104010430239       9.594646501979613E-002  1.991954445585703E-002
   9.05632911712553       9.633352997903599E-002  2.047567279341015E-002
   2.11159211164902       9.672059496706503E-002  2.103180109892095E-002
   1.21429284405520       9.769557451470240E-002  2.002110189906963E-002
   6.13311851860472       9.712588497138282E-002  1.965428883853256E-002
   27.4964807904847       9.655619539707709E-002  1.928747580791846E-002
   131.320238094504       9.598652391327099E-002  1.892166251909483E-002
   267.447740012327       9.541683410971968E-002  1.855484966871869E-002
   10.6105671750890       9.597271155467110E-002  1.815379004887457E-002
   236.460501253225       9.652860789490128E-002  1.775372895415994E-002
   197.477819168318       9.708448566610625E-002  1.735266676586754E-002
   23.3267832540473       9.764038053446214E-002  1.695260314352340E-002
   202.886390411921       9.630585063323874E-002  1.660154898957973E-002
   214.440471162052       9.592503967504450E-002  1.717148887140358E-002
   38.8501583269496       9.554522725609077E-002  1.774141006076990E-002
   156.529214610104       9.516441387794584E-002  1.831134990426397E-002
   131.475255153629       9.482334043657942E-002  1.775439428864610E-002
   96.6984167319332       9.448326697054721E-002  1.719742091503483E-002
   264.599117235840       9.414219411419675E-002  1.664046534292161E-002
   272.231882586800       9.321434417983179E-002  1.760231045028804E-002
   56.6657798252240       9.378320711775169E-002  1.792313007773128E-002
   87.6142194899504       9.435205187235786E-002  1.824295024157496E-002
   100.888227278703       9.492091441239042E-002  1.856377038555860E-002
   221.964043085844       9.436520121708256E-002  1.897383398046052E-002
   342.311989713909       9.380948878755921E-002  1.938389695521880E-002
   304.035257294260       9.325379382448347E-002  1.979495884335245E-002
   2566217.55744301      -3.246000000000000E-003  2.500000000000000E-003
   915700.640757533       2.450368315475592E-003 -3.404631244491418E-003
   5056151.93098873      -2.942000000000000E-003 -2.500000000000000E-003
   2511772.38066577      -2.513049643645099E-003 -2.954979556020167E-003
   1004027.13197273       7.421303193412380E-003 -3.077573969582414E-003
   833897.792334198       1.238814129258906E-002 -3.397665911731720E-003
   1278811.25743500       1.736201343275653E-002 -3.043165822611019E-003
   815429.781128031       2.232217863205085E-002 -3.635228666246150E-003
   543028.811628602       2.730458930645178E-002 -3.768977581124502E-003
   271159.024590824       3.228300391493134E-002 -4.003621297615023E-003
   233649.381183247       3.727376162801303E-002 -3.772608251621409E-003
   211278.724475681       4.226993272810338E-002 -3.581253516226981E-003
   110116.813309394       4.726252003970183E-002 -3.749983158246150E-003
   61231.3308457148       5.226212453934661E-002 -3.649382752523089E-003
   2964.13308552721       5.725765900105752E-002 -3.878876906575504E-003
   17832.7303997240       6.224935439365725E-002 -4.388092396371656E-003
   17854.2002607480       6.725638749514271E-002 -4.086039486874186E-003
   3003.35960033801       7.224436712560403E-002 -4.840610468153954E-003
   3412.13768076574       7.725398509370417E-002 -4.370653694158661E-003
   1979.41453776296       8.225178056831010E-002 -4.541421911100338E-003
   1978.13513268577       8.725330864671006E-002 -4.494154643535633E-003
   529.410046665323       9.224955627581927E-002 -4.743903886585531E-003
   338.595602034612       9.830472941743881E-002  1.000234453825652E-003
   2.69293104707083       9.809491392287492E-002 -3.996793567697759E-003
   1.82370417428794       9.724911852012320E-002 -4.812729930837069E-003
   8882.47697130116      -3.172000000000000E-003  7.500000000000000E-003
   699.062138810772       9.853555441629193E-002  5.996858597593004E-003
   78348.7385182660      -3.685000000000000E-003  1.250000000000000E-002
   992.584459740225       9.794555272077993E-002  1.100820374292469E-002
   455094.599184548      -3.130000000000000E-003  1.750000000000000E-002
   162.698352165539       9.856135733357137E-002  1.599788270364913E-002
   797250.791282887      -2.489437276525513E-003  2.307513933970282E-002
   3801289.96025689      -3.085000000000000E-003  2.250000000000000E-002
   85711.3284078364       2.550048707849474E-003  2.347244803608430E-002
   145835.807301728       7.572346086292202E-003  2.350161245289888E-002
   95490.6178885611       1.260018253461848E-002  2.303376111946288E-002
   152266.454562521       1.763181738951504E-002  2.292019266635714E-002
   132038.631331152       2.266356858425133E-002  2.364664037405362E-002
   13394.8941314519       2.767887086335356E-002  2.297199024792006E-002
   78513.7754784356       3.269967289621749E-002  2.305270880013112E-002
   66279.2283264450       3.771227073702333E-002  2.301318272973617E-002
   23803.8370463310       4.271532870374291E-002  2.258422937642373E-002
   5604.63568590328       4.771711771252612E-002  2.223466871262166E-002
   50770.3754673655       5.273522545116157E-002  2.293989443670890E-002
   5731.38035571082       5.773228117550805E-002  2.280577665570131E-002
   9696.31708829906       6.273926624516352E-002  2.291028262984759E-002
   9670.94931099134       6.774215532021306E-002  2.293286406637028E-002
   2421.28121327117       7.272813078569955E-002  2.207034725590291E-002
   287.721488740109       7.773128891369906E-002  2.218654706958540E-002
   67.9060769933695       8.273454807087362E-002  2.232059384936938E-002
   180.282115273867       8.773557731965327E-002  2.233363102368698E-002
   84.5694253696423       9.273041921934683E-002  2.200272935606770E-002
  0.485001538318727       9.870627371875160E-002  2.099608144737691E-002
  0.716166419684397       9.773129416773681E-002  2.200678065072940E-002
