   694961.466264445      -1.839991501453827E-003  2.499482292568554E-003
   38456.9700655351      -1.382585357468789E-003  2.087901730256559E-003
   359686.958665124      -9.268988927767695E-004  1.676675159746934E-003
   901780.603592754      -4.716414075151323E-004  1.266108014847354E-003
   793275.962461181      -1.748754755718961E-005  8.549411046603633E-004
   1595799.28889031       4.575942872305060E-004  1.258237315815171E-003
   1350002.26390186       9.304342497423229E-004  1.666461728863245E-003
   1055888.82995551       1.402739926665597E-003  2.077202890456797E-003
   69459.9864479598       1.881373405250004E-003  2.487224487341063E-003
   2280449.21446275       2.466965838837040E-003  1.897208020745514E-003
   1244439.15237482       2.065852765815373E-003  1.420196893670406E-003
   579333.593243626       1.662692505197415E-003  9.416343396459609E-004
   73445.6675007802       1.256780553343818E-003  4.610572439284409E-004
   1013827.52374866       8.485225053091838E-004 -1.955924586702261E-005
   61397.3793425671       1.253161363935687E-003 -4.520315168782557E-004
   235516.519037726       1.650181577768180E-003 -8.872349171491516E-004
   2479741.18339104       2.045333270229346E-003 -1.320689385873246E-003
   1544498.26767353       2.436685722356856E-003 -1.752458363520162E-003
   735710.229620225       1.614584021269074E-003 -2.545508181496451E-003
   182992.444237775       1.198876203427634E-003 -2.126423264478347E-003
   1664149.18794501       7.893372408510037E-004 -1.705627280066340E-003
   2136668.92370395       3.807287616731250E-004 -1.289335431778444E-003
   2170214.90752500      -2.671572863068038E-005 -8.758765696319378E-004
   2926413.92665522      -4.424985992199474E-004 -1.282855698428969E-003
   1470705.49226159      -8.611051088608240E-004 -1.690072495551927E-003
   899292.221570877      -1.278712880998104E-003 -2.100185312153559E-003
   2459680.34277350      -1.699143988348900E-003 -2.511281819526378E-003
   92409.1525824558      -2.508623267790649E-003 -1.705747178506549E-003
   1581034.41949884      -2.106503670832417E-003 -1.282222752637949E-003
   932520.172207180      -1.703716600932783E-003 -8.572093466318551E-004
   296714.067604702      -1.299453113753814E-003 -4.299754122312109E-004
   733612.872120809      -8.886556985119049E-004 -7.039541303960110E-006
   65198.4068055606      -1.294834269869645E-003  4.539130133785557E-004
   411620.453198208      -1.698638630479665E-003  9.159801375871026E-004
   817919.431571401      -2.102149245665739E-003  1.377334214015856E-003
   631536.340576622      -2.506299416609051E-003  1.837537245552106E-003
   566531.962366377       3.060559880913129E-003  2.478980189761362E-003
   203390.019277653       3.533311841816599E-003  1.999782915684407E-003
   749971.075435106       3.996451817302365E-003  1.517367112024982E-003
   2320697.31363465       4.458874927456165E-003  1.039620456318342E-003
   1368302.92787705       4.922493971646998E-003  5.679772817538842E-004
   1746933.28960852       5.333113134343002E-003  1.033767158134327E-003
   224485.141843972       5.745601861676396E-003  1.503365425863044E-003
   209959.557932304       6.162514297003914E-003  1.975132979255962E-003
   780571.412324554       6.585468205029307E-003  2.442903637120302E-003
   2240617.01123037       7.405722695982718E-003  1.603685027947724E-003
   2178436.77302546       6.943089857930134E-003  1.191943369691920E-003
   1710315.39803240       6.480095304830204E-003  7.752963917012219E-004
   438208.450811918       6.017958456526647E-003  3.553351826426127E-004
   680398.675321136       5.550927019348019E-003 -6.526032086920856E-005
   303527.068905374       6.012526266308174E-003 -5.668294936459091E-004
   309170.779693922       6.463811256914562E-003 -1.073266267804983E-003
   2706019.51055458       6.912385881292063E-003 -1.575893399913423E-003
   1560490.39162594       7.359377561257296E-003 -2.072420274247282E-003
   61444.9335243625       6.805977021150817E-003 -2.609365330103247E-003
   588298.628755261       6.325880371035379E-003 -2.126646609628768E-003
   1434221.59559346       5.855872125231904E-003 -1.640759325349162E-003
   2202444.96258441       5.385796247787992E-003 -1.161099418195551E-003
   1929041.71087030       4.914608219233265E-003 -6.887666728605864E-004
   2188756.55236738       4.500938770656417E-003 -1.155150653494648E-003
   261521.423262078       4.085289668543687E-003 -1.625716171051842E-003
   103922.241553481       3.665553180910449E-003 -2.099291309183301E-003
   56610.7369288654       3.238114963907945E-003 -2.568002508572945E-003
   2092727.34224605       2.896866647855917E-003 -1.333495553609777E-003
   1765452.34635515       3.358389495662933E-003 -9.103205348641570E-004
   176241.242634358       3.819133420144445E-003 -4.833258702077174E-004
   244522.871262781       4.286262950697345E-003 -5.652253233440550E-005
   600046.180605487       3.824415691658702E-003  4.332664205131369E-004
   847004.104481508       3.370612479049188E-003  9.254469949851829E-004
   1643559.15519999       2.918342622204508E-003  1.413611394308488E-003
   528826.861480683       8.249410602478352E-003  2.418338335876598E-003
   312593.063485064       8.659725511574195E-003  1.995530326284110E-003
   729919.208919983       9.065242353561711E-003  1.570261066526078E-003
   1731487.37453989       9.468277410934157E-003  1.148224793536038E-003
   1306640.88633790       9.871243870788349E-003  7.298026231556054E-004
   1750044.36018564       1.031483310314977E-002  1.134174987331269E-003
   782401.190848828       1.075891172672193E-002  1.540661526405680E-003
   139442.216058404       1.120400958970332E-002  1.950328676344792E-003
   454063.757427332       1.165267788516782E-002  2.358923740310386E-003
   1143724.56305300       1.236928803416871E-002  1.619434336059365E-003
   1364294.86340108       1.195735438196271E-002  1.183007032256622E-003
   619040.442617159       1.154397933846223E-002  7.433679381605056E-004
   298944.625738153       1.112998114759432E-002  3.021700690655799E-004
   403658.152222923       1.071168509358215E-002 -1.377205125664175E-004
   410783.719578465       1.111550439833562E-002 -5.515078586607383E-004
   556129.588821214       1.151471664972190E-002 -9.665826135553589E-004
   1925036.04360743       1.191430224600281E-002 -1.380388796331850E-003
   1174493.90804377       1.231092470208509E-002 -1.792586228785324E-003
   389445.448914617       1.140856543470823E-002 -2.659904195049544E-003
   197160.968153233       1.101300849417564E-002 -2.238638335107100E-003
   964936.883969254       1.062134651712573E-002 -1.814787582607704E-003
   1316697.49138668       1.023110274889450E-002 -1.394367553218701E-003
   1700886.96761719       9.842300478444614E-003 -9.753342644469015E-004
   2615509.89806849       9.357376768345417E-003 -1.379288948953552E-003
   1481683.16772648       8.873373092056347E-003 -1.788575202684944E-003
   1223475.59873411       8.391193360323493E-003 -2.204452897656532E-003
   318191.266106982       7.901848429396237E-003 -2.619525355279307E-003
   903966.787480995       7.762217453072775E-003 -1.583563999937486E-003
   124446.134778029       8.170114585860503E-003 -1.091871726381432E-003
   1038155.15593364       8.581366829493026E-003 -5.984006347526850E-004
   706674.214097600       8.999571355116110E-003 -1.091350586232548E-004
   31140.3991091579       8.597630728270845E-003  3.207716738045283E-004
   997603.933214507       8.199271624286788E-003  7.504829537118671E-004
   1602548.90923971       7.801319458848272E-003  1.178717335608131E-003
   416117.479824025       1.311040258779946E-002  2.332071531951520E-003
   268866.387145711       1.354608374958332E-002  1.945585743977746E-003
   613878.389274612       1.397831611969095E-002  1.560054092868726E-003
   1341041.32655402       1.441020791706752E-002  1.175699702601353E-003
   908038.916058372       1.484189805708330E-002  7.939644158273171E-004
   1586585.90122570       1.530560644271782E-002  1.158105404098879E-003
   1220365.39876137       1.576706610780327E-002  1.526807494329216E-003
   638255.222046291       1.622999477808609E-002  1.896857450326169E-003
   365861.211525261       1.669653028415842E-002  2.268424455314105E-003
   1638635.42861758       1.733953076285468E-002  1.606349518204094E-003
   1121448.11473340       1.696535415019137E-002  1.149226736371649E-003
   297355.535917315       1.659040285575786E-002  6.895695995355764E-004
   246581.271275249       1.621195078275962E-002  2.302839574847784E-004
   898878.877549148       1.583205972499878E-002 -2.297029155454384E-004
   957881.555976652       1.619563965589649E-002 -7.497741330165410E-004
   913269.458837209       1.655444945618939E-002 -1.273218521058915E-003
   798724.244521424       1.690763940081606E-002 -1.797755744744787E-003
   909097.992258203       1.725582393877242E-002 -2.322145075449137E-003
   925438.244593972       1.676681692899051E-002 -2.773221753510667E-003
   875019.302126149       1.627647985328005E-002 -2.376657617197192E-003
   2077971.45717571       1.578889930601491E-002 -1.984411403145868E-003
   2060594.73649808       1.529863955915095E-002 -1.596763235558105E-003
   1367807.58896531       1.480627717027686E-002 -1.213704956734197E-003
   1805861.58490434       1.440244942551935E-002 -1.580406765934704E-003
   829232.080757294       1.399777479930266E-002 -1.949431947955186E-003
   852316.361408716       1.359203611542853E-002 -2.319869469069962E-003
   362578.616972156       1.318287947932218E-002 -2.689860111095617E-003
   887477.130125469       1.268476232870450E-002 -1.393127514547469E-003
   635987.516217487       1.306035194510097E-002 -9.928392508950657E-004
   254743.072296634       1.343781536780202E-002 -5.918516911670328E-004
   162635.305912086       1.381783368941832E-002 -1.920127372296877E-004
   434138.661992799       1.345276972544818E-002  2.611400601442999E-004
   278884.340053931       1.308988243083010E-002  7.152661718875891E-004
   815735.950712540       1.272934350883666E-002  1.168188220695681E-003
   526228.596048098       1.800382433579717E-002  2.245209125393827E-003
   390887.281111106       1.845534110451766E-002  1.685919133717626E-003
   398098.418837455       1.889794715170713E-002  1.121320206479765E-003
   1312624.50298851       1.933341292537561E-002  5.563296196776261E-004
   1000855.34732880       1.976733242480905E-002 -4.414281482940311E-006
   1390841.68050740       2.022251430570452E-002  5.320401013921176E-004
   171490.256838116       2.067946673339570E-002  1.073183648774533E-003
   448324.801355587       2.114144006759416E-002  1.614365441104748E-003
   518704.218706230       2.160977979174476E-002  2.151597504968259E-003
   1122374.91665374       2.227483309537389E-002  1.449807312989228E-003
   1571119.87785781       2.172444803304560E-002  1.010721344413017E-003
   1408128.59286849       2.117714702237271E-002  5.665581747821746E-004
   256843.508872775       2.063248574637768E-002  1.171695540429034E-004
   291773.719094490       2.008049207434192E-002 -3.325701799523652E-004
   998150.137869065       2.060848741183772E-002 -7.819883452573870E-004
   1370008.01727035       2.113038066625422E-002 -1.229053710499528E-003
   2108899.19549158       2.165599775900362E-002 -1.670457843493489E-003
   1044905.25372501       2.218410254921183E-002 -2.108236673817661E-003
   207060.931070784       2.136668050342492E-002 -2.887939203983544E-003
   963743.552029350       2.095395728448116E-002 -2.328936368272768E-003
   164339.817145933       2.054802994784037E-002 -1.765937360245864E-003
   744245.398570888       2.014724392780561E-002 -1.202788458252282E-003
   1341638.61017735       1.975015312576929E-002 -6.429555873549118E-004
   2022881.78312603       1.924643204930410E-002 -1.179534745746726E-003
   8220.84995535520       1.874411906231779E-002 -1.725381498485209E-003
   547693.566880778       1.823436384854804E-002 -2.271506897552975E-003
   270750.016347475       1.771119094866914E-002 -2.809111083783058E-003
   2127984.16665492       1.780458559438182E-002 -1.832272026533459E-003
   1578340.42475199       1.834626762705971E-002 -1.330869296779707E-003
   120263.551331886       1.888539739849933E-002 -8.216271938062745E-004
   291451.171292489       1.943677125701403E-002 -3.150311829558010E-004
   392860.569193418       1.891032137363051E-002  1.714550204452736E-004
   1669248.38823744       1.839064023671988E-002  6.552784724787652E-004
   1653082.62701919       1.786699949705635E-002  1.133519384925939E-003
   558867.901216325       2.297929485702497E-002  2.112193789390814E-003
   67907.3715387617       2.341946771686371E-002  1.670681304938410E-003
   749406.092977819       2.385600360971656E-002  1.229520183533084E-003
   1528935.33400125       2.429182594507803E-002  7.909470071797943E-004
   957382.445014703       2.472850402926184E-002  3.560181152040731E-004
   1355268.28176402       2.517429733496005E-002  7.688518056771658E-004
   520727.725211856       2.562142879619440E-002  1.184089124798373E-003
   63593.4732014409       2.606889266118190E-002  1.601004698990268E-003
   488601.454082116       2.652156307152255E-002  2.016924551873693E-003
   1495611.72860187       2.723605520117163E-002  1.264960371466880E-003
   1276079.26965105       2.680809701732772E-002  8.335543447536924E-004
   698485.191421706       2.637975854332398E-002  4.003279497559038E-004
   104255.414304586       2.595019751809141E-002 -3.575276253335087E-005
   588887.289429297       2.551728257088619E-002 -4.702855725890099E-004
   712232.970409911       2.592674920127899E-002 -1.014082758986394E-003
   621954.183923111       2.633056484781036E-002 -1.561193977854218E-003
   796212.366234689       2.672989177068497E-002 -2.108511047601960E-003
   712681.517511940       2.712531085320042E-002 -2.655178056821907E-003
   309349.188253667       2.672169475668414E-002 -3.027091567974718E-003
   301754.875292994       2.621268389290435E-002 -2.578929287856200E-003
   1374215.43646111       2.570785810717843E-002 -2.133282224396161E-003
   1446509.62775714       2.519963438350436E-002 -1.692647056280468E-003
   1058919.79171273       2.468883457479759E-002 -1.255994618808333E-003
   1373280.62739996       2.425941203895014E-002 -1.668988005840636E-003
   624638.144557446       2.383041446802342E-002 -2.085165329293478E-003
   512184.607876985       2.340098585371195E-002 -2.503538138388561E-003
   96315.0847477890       2.296754405272668E-002 -2.920821319370841E-003
   652688.486607575       2.260990591356173E-002 -1.689444328587541E-003
   366589.342159923       2.303759885721175E-002 -1.270136375835814E-003
   342333.771058272       2.346676905296215E-002 -8.495450850821492E-004
   647265.834052342       2.389919761252345E-002 -4.296526293596099E-004
   550248.091835714       2.348862035739096E-002  4.078373258924916E-005
   233856.146689126       2.308229615959901E-002  5.122575479195866E-004
   1008609.06451822       2.267825093736608E-002  9.825805915986531E-004
   372207.468509156       2.799049844675985E-002  1.975726289849577E-003
   164950.412784393       2.841712134186521E-002  1.440885320079105E-003
   10670.3802429729       2.883654426343898E-002  9.041141863215477E-004
   1398601.44328943       2.925355770855034E-002  3.668072839825539E-004
   856227.765335296       2.966848240531535E-002 -1.659540087130512E-004
   721881.083267253       3.000895238863824E-002  3.443702164790067E-004
   419795.512800927       3.035238140909735E-002  8.559385171485214E-004
   518297.731079075       3.069959260696956E-002  1.365849672430528E-003
   446239.426982186       3.104877350130576E-002  1.875026398147946E-003
   1083951.74572030       3.218148213524984E-002  6.617067326575998E-004
   1500908.36266450       3.165638968260568E-002  3.489157422621817E-004
   1575624.33126263       3.113323932160381E-002  3.316112326354637E-005
   915842.147769669       3.061029776372125E-002 -2.848289456772754E-004
   79787.8558063158       3.008492033044382E-002 -6.061241397267967E-004
   181768.966516673       3.058531660837597E-002 -1.119941257224666E-003
   339588.631644299       3.107938571775680E-002 -1.635623056022398E-003
   1293853.90517322       3.157144038408417E-002 -2.148878505866884E-003
   699852.008818619       3.206610901319840E-002 -2.657188969481093E-003
   165094.757710153       3.151145960963633E-002 -3.174489196240452E-003
   513123.849112016       3.104025239107304E-002 -2.635355447762332E-003
   362450.218274975       3.057375667032642E-002 -2.094940022224623E-003
   999596.578966414       3.010909137416910E-002 -1.555208634453039E-003
   895597.355475994       2.964264190489534E-002 -1.021019885283416E-003
   1328693.58716576       2.910841138456233E-002 -1.525297825983995E-003
   297066.773791484       2.857676263911998E-002 -2.036335000997164E-003
   178779.331225303       2.804376007478118E-002 -2.548412333375772E-003
   250397.112409881       2.750026571911706E-002 -3.056685550566136E-003
   1210603.15637629       2.765060159639672E-002 -2.142983661435892E-003
   579152.560856857       2.817142085976708E-002 -1.623563707641637E-003
   400055.942299450       2.869499107275022E-002 -1.100343300747735E-003
   297252.303230436       2.922585328505923E-002 -5.803631723206162E-004
   190695.664004345       2.872492686160199E-002 -1.164776055667348E-004
   1277441.72295208       2.822934268971738E-002  3.481359653521977E-004
   1420210.71906382       2.773396422208060E-002  8.077113095539587E-004
   426455.801717753       3.339689063487823E-002  1.790651150120776E-003
   264679.236953184       3.371117230457654E-002  1.306629715455188E-003
   175299.049971034       3.402357427265831E-002  8.212349615476223E-004
   597682.371843289       3.433342681372788E-002  3.361431213177038E-004
   673912.839992209       3.464245718180158E-002 -1.477595172483201E-004
   1257887.32191203       3.513850350430197E-002  3.035436924961434E-004
   609664.964115996       3.563355412463645E-002  7.584491483442902E-004
   163762.992045304       3.612935965776573E-002  1.215347133553928E-003
   345534.978888258       3.662871667680437E-002  1.671540367915862E-003
   961672.059427189       3.717256065687644E-002  1.088218280315196E-003
   909591.952931911       3.669098554454930E-002  6.207837486584274E-004
   392724.727606148       3.620941148226735E-002  1.503475537680459E-004
   241331.895341689       3.572600793372981E-002 -3.210119076368794E-004
   461683.702825344       3.523854564462644E-002 -7.907539422883751E-004
   212191.060868062       3.568727847477019E-002 -1.317351975158524E-003
   57576.7803563113       3.613163567346984E-002 -1.844617253414683E-003
   1139107.51299976       3.657419830448960E-002 -2.371739380215449E-003
   681020.690969464       3.701684154548247E-002 -2.894778232071729E-003
   97101.3384877008       3.651175224737230E-002 -3.359278720546425E-003
   340201.908874857       3.602943112049279E-002 -2.864338416159248E-003
   563629.966266141       3.555089218588012E-002 -2.368384979775867E-003
   876375.867171529       3.507364170478193E-002 -1.874834268443504E-003
   852688.267497665       3.459412237814463E-002 -1.384501962679869E-003
   1269469.29683044       3.409154598863015E-002 -1.836017474759456E-003
   554678.098045798       3.359064336027946E-002 -2.291966333397092E-003
   306087.190002206       3.308971447279130E-002 -2.750834244103426E-003
   27534.5912949776       3.258590742278148E-002 -3.209196467792465E-003
   491248.111163367       3.254588212300535E-002 -2.180314888210409E-003
   91857.0342978232       3.302664819638570E-002 -1.700306817380618E-003
   589898.558502380       3.350990319258197E-002 -1.219851870396424E-003
   244410.160537977       3.399800170113289E-002 -7.417837678729758E-004
   481554.740981974       3.354283797808941E-002 -3.882148895140506E-004
   1038278.83730990       3.308933232027662E-002 -3.687571219887118E-005
   1082187.96478712       3.263539820438990E-002  3.133178850155684E-004
   408204.565332259       3.775724069514218E-002  1.629367458342537E-003
   266556.533497370       3.822213464028442E-002  1.123485784197454E-003
   41197.2836955382       3.868212349366751E-002  6.148250304064769E-004
   605653.985180204       3.914044524120491E-002  1.080457536914483E-004
   536903.814141996       3.959921927342988E-002 -3.967500987260592E-004
   873629.913460650       4.016881477458371E-002  6.419138740687948E-005
   591438.991643182       4.073595219781133E-002  5.279994694316632E-004
   127628.728234135       4.130206250001139E-002  9.960514571614113E-004
   153630.232963067       4.187274505792878E-002  1.463049507885808E-003
   557543.517176185       4.214489152229482E-002  1.169543305627565E-003
   524214.007926546       4.164745688741169E-002  6.314867452612636E-004
   66873.3792389866       4.114858569168774E-002  9.083861799478619E-005
   407937.102854880       4.064748956118532E-002 -4.487754298973675E-004
   467519.822241297       4.014138592287174E-002 -9.855724534807773E-004
   120574.073292455       4.060552221080004E-002 -1.448046548855008E-003
   264246.224321529       4.106585469482072E-002 -1.909872941921988E-003
   913477.475039683       4.152698324738432E-002 -2.371160820762757E-003
   524497.190054079       4.198712565184634E-002 -2.830230981254190E-003
   61603.6733920059       4.121023928320589E-002 -3.542125072241118E-003
   358771.880594578       4.079328448860188E-002 -3.038551363140950E-003
   217070.981639336       4.037842001488906E-002 -2.532767759437224E-003
   497234.862902081       3.996538137531962E-002 -2.028949723284456E-003
   765287.255653012       3.955173430870209E-002 -1.525849760419141E-003
   1160443.03202723       3.903449071119097E-002 -1.989663354194647E-003
   446750.130403689       3.852004070076247E-002 -2.457284234554242E-003
   156333.893668855       3.800402538699339E-002 -2.928492334284078E-003
   91568.3269186520       3.748409510881282E-002 -3.397351325658195E-003
   660050.931775128       3.751188687399092E-002 -2.408365545756688E-003
   213048.004405733       3.800804134695410E-002 -1.917611628366995E-003
   480055.560186274       3.850547269788755E-002 -1.426930295824566E-003
   562819.102935504       3.900890822908239E-002 -9.376286988461391E-004
   153199.290708173       3.854722574887066E-002 -4.293547628824126E-004
   406297.732593263       3.808940600808394E-002  7.902318424173841E-005
   789892.214068140       3.763109220294227E-002  5.853705082432165E-004
   14797.4946077966       4.243887561332603E-002  1.440678449450405E-003
   184810.233677068       4.296905890873083E-002  8.579668157786835E-004
   269618.537399741       4.349393791153579E-002  2.740031501667090E-004
   537776.334982391       4.401808918674006E-002 -3.100431322038471E-004
   318105.158813734       4.454509379376512E-002 -8.897903207075505E-004
   38165.8933832585       4.495214899060847E-002 -3.467525324395045E-004
   181451.441124071       4.536091586104321E-002  1.956770739018289E-004
   211494.311195613       4.577083431917106E-002  7.362682458266691E-004
   63468.3868559578       4.618149331607228E-002  1.277272290683030E-003
   114791.817221515       4.709376725685700E-002  2.790856195003981E-004
   382351.698506743       4.651992352870389E-002 -8.117191782556999E-005
   411623.794069343       4.594781369938262E-002 -4.424426426916458E-004
   377489.061981022       4.537551903102022E-002 -8.048412816986489E-004
   113131.549760249       4.480367908090542E-002 -1.168738659970074E-003
   518956.796298214       4.534421639699232E-002 -1.572966811155023E-003
   496320.359141360       4.588230412054628E-002 -1.976789680906010E-003
   647080.031658196       4.642018070075177E-002 -2.379099480490315E-003
   346293.221461623       4.695958454861626E-002 -2.780738672791218E-003
   54682.0469323912       4.592985547887488E-002 -3.724785064202961E-003
   201343.655540908       4.557634903609253E-002 -3.150076543291008E-003
   30254.5310076410       4.522434511663472E-002 -2.575566681253244E-003
   348127.754662671       4.487369370290208E-002 -2.000010424034080E-003
   815852.980340556       4.452449502753731E-002 -1.426401444525896E-003
   690876.831692446       4.407298436278041E-002 -1.970690512814105E-003
   379049.750724590       4.361998170066927E-002 -2.517712428811001E-003
   306129.994408731       4.316250217425626E-002 -3.062280406671620E-003
   149903.594186348       4.270181670026122E-002 -3.604855654681017E-003
   862462.661894585       4.255832203104964E-002 -2.414610876809811E-003
   955559.073805670       4.312681315920421E-002 -1.995294511534537E-003
   192272.755214795       4.369445536140246E-002 -1.573002026469574E-003
   213237.666802263       4.426554066073875E-002 -1.148291630542608E-003
   39294.3413535714       4.373209960025149E-002 -5.695575618914863E-004
   313025.787525660       4.320293112463364E-002  1.156947249355222E-005
   458189.448030055       4.267556816575849E-002  5.917553463695724E-004
   33979.7957144806       4.809188790953227E-002  1.190940769548856E-003
   79589.0144775022       4.846424841843176E-002  8.833016178104087E-004
   184643.908357309       4.883643622967913E-002  5.758920192063777E-004
   197033.546021346       4.920852007937571E-002  2.686709628205153E-004
   196437.190723321       4.958084614123954E-002 -3.900799072053878E-005
   224006.165762889       5.009686465691651E-002  2.291082422733203E-004
   228803.575744097       5.061264811268568E-002  4.966099744069317E-004
   161798.123585761       5.112739271308753E-002  7.644838634394806E-004
   20093.0768125863       5.164352789370921E-002  1.032600434019642E-003
   204007.212940035       5.210648283473323E-002  5.265487163170295E-004
   130999.794136357       5.179545631951551E-002  3.574000826037939E-005
   9555.67005236519       5.148400031369641E-002 -4.543880809617076E-004
   51463.1710907756       5.117212277957877E-002 -9.454733579427800E-004
   158743.009764275       5.085905783606811E-002 -1.436474058028537E-003
   28726.9685964430       5.113115054280692E-002 -1.875427163945962E-003
   70645.5149154914       5.140124314265259E-002 -2.314867589686915E-003
   241423.854752793       5.167120364773534E-002 -2.754064694378856E-003
   183314.113307327       5.194021694898722E-002 -3.194477439339514E-003
   249131.924739703       5.111006954365763E-002 -3.951617662730969E-003
   163259.601355962       5.069684530835261E-002 -3.642153502427355E-003
   373549.043703554       5.028533835407096E-002 -3.332632289650510E-003
   331617.382869200       4.987353999611999E-002 -3.023771631462954E-003
   368958.664683260       4.946213632902372E-002 -2.713743397883522E-003
   488286.045018373       4.907277412314691E-002 -2.987928964190638E-003
   338808.991320373       4.868336941527544E-002 -3.261352632329307E-003
   393591.471358507       4.829412017605663E-002 -3.535384895676195E-003
   152050.508859880       4.790401014142336E-002 -3.809045070348389E-003
   67144.9763849113       4.726429412414343E-002 -2.414574926061212E-003
   35649.3913665007       4.756996904945393E-002 -2.048897196613816E-003
   121255.495886689       4.787583450101890E-002 -1.682978857778580E-003
   136881.177350471       4.818329457502273E-002 -1.317364584800871E-003
   53834.6402470614       4.790997049853109E-002 -9.180217636247461E-004
   12132.0066153825       4.763763274475683E-002 -5.189136535837729E-004
   105853.468568915       4.736561467246929E-002 -1.198089276166941E-004
   53087.7497319304       5.261272507406177E-002  9.889388902628209E-004
   85792.7562745236       5.309674482473274E-002  5.377974589009977E-004
   110081.764679865       5.357894140254073E-002  8.666700165575140E-005
   245115.714059632       5.406221095417587E-002 -3.639821299570760E-004
   152420.083377803       5.454563955374230E-002 -8.141896101748462E-004
   215486.936389334       5.500252733895047E-002 -4.062660020139272E-004
   114825.149186593       5.545943324107329E-002  2.048098939984181E-006
   58460.2356880800       5.591654025836088E-002  4.105633480746085E-004
   61334.2293661290       5.637424047753689E-002  8.188983135637648E-004
   255515.878166454       5.708405283949159E-002  4.231559840229778E-005
   215961.815028694       5.663773727287103E-002 -3.770253219262580E-004
   142695.191167415       5.619135263500422E-002 -7.967241111754777E-004
   41726.1408590457       5.574479672391092E-002 -1.216678229778672E-003
   87021.2583982104       5.529783202011671E-002 -1.636602271254320E-003
   16812.8911595301       5.570463604938999E-002 -2.119171430743804E-003
   14729.9957971191       5.611042662735766E-002 -2.601143814033099E-003
   288097.867474350       5.651585460613969E-002 -3.083818592528684E-003
   180409.024435849       5.692100990574370E-002 -3.565148764222910E-003
   52265.7526313174       5.624213764163184E-002 -4.184379257739268E-003
   25562.3363660153       5.580027638144102E-002 -3.734982356584580E-003
   197827.760215753       5.535831628684710E-002 -3.285424352608020E-003
   239594.039249212       5.491733472570657E-002 -2.836506269827583E-003
   273641.064655090       5.447537082249563E-002 -2.387970314346634E-003
   324311.685598419       5.403192879208414E-002 -2.796721482673486E-003
   109729.116814575       5.358825708334796E-002 -3.205823972891165E-003
   71031.5095827824       5.314431216063448E-002 -3.615246581237173E-003
   63149.1924369378       5.269840389823591E-002 -4.024241362198660E-003
   294561.508269469       5.238561924092516E-002 -2.787078481036428E-003
   223190.878370678       5.283114371123968E-002 -2.380287172469318E-003
   33611.7751480080       5.327680348505975E-002 -1.973016347511782E-003
   962.556211870106       5.372319333548613E-002 -1.565888872392491E-003
   101001.612522783       5.331819567803078E-002 -1.042594766765369E-003
   29865.4519703659       5.291397310454955E-002 -5.189693398065971E-004
   106609.562354419       5.251008144780772E-002  3.515814060040239E-006
   19866.5012370952       5.786082244481763E-002  7.513608677633132E-004
   44953.9240433766       5.828081638326948E-002  3.203237006062826E-004
   49851.5946841172       5.870003020962106E-002 -1.119309401862924E-004
   141700.957691496       5.911918274050169E-002 -5.429332824837645E-004
   120429.094278955       5.953839049724097E-002 -9.735434202117185E-004
   118902.430514269       5.996630864617456E-002 -5.816610604996041E-004
   55295.9741700013       6.039429405973716E-002 -1.896279730409873E-004
   4621.11831451457       6.082245505283924E-002  2.034926744375839E-004
   32347.0330178731       6.125180431145335E-002  5.955398323016681E-004
   117935.495513868       6.207057624625422E-002 -3.019772355667969E-004
   135174.699173472       6.164161626646687E-002 -6.936582939461554E-004
   83407.7671082547       6.121171232825205E-002 -1.084535612865487E-003
   23320.6460245428       6.078272509761207E-002 -1.475595699030963E-003
   62405.1036137682       6.035351058307141E-002 -1.866642911091385E-003
   31704.2302794549       6.074562910199890E-002 -2.291379929221004E-003
   17342.9950568833       6.113714557891095E-002 -2.716355722437599E-003
   157659.405702927       6.152958579033083E-002 -3.141176065348056E-003
   99022.9487992666       6.192078864152054E-002 -3.565925507772841E-003
   47945.2592656229       6.100533326438989E-002 -4.400193842166229E-003
   4571.89855825472       6.061876042112097E-002 -3.970631931426870E-003
   113684.323846650       6.023266946112032E-002 -3.539969125653831E-003
   129528.010597011       5.984650105087187E-002 -3.110607904560558E-003
   209875.255636900       5.946050750917606E-002 -2.681332833930909E-003
   277820.898929699       5.898032190046934E-002 -3.070972715037757E-003
   139469.587205183       5.850120821897613E-002 -3.461180613974046E-003
   112160.576719689       5.802099046290469E-002 -3.852819903782262E-003
   35923.8201272402       5.754098596271116E-002 -4.243327565265675E-003
   145872.239858012       5.735115112684883E-002 -3.121742807576587E-003
   68690.0534644924       5.778268916867424E-002 -2.677105375994941E-003
   70568.1112669477       5.821352600778785E-002 -2.233212750610369E-003
   83208.0828428185       5.864507021792235E-002 -1.788565652477212E-003
   19934.0504805381       5.825469930314257E-002 -1.330669069817950E-003
   74052.4496976943       5.786465428252948E-002 -8.727950693373114E-004
   114719.136281758       5.747374115419934E-002 -4.151370797456011E-004
   9978.76655836450       6.296803315699928E-002  5.162464756610003E-004
   22768.5861541198       6.335865208439873E-002  6.163544876159471E-005
   711.664383391171       6.374789535805596E-002 -3.931074048116531E-004
   38174.6696434058       6.413704379893091E-002 -8.487640410727536E-004
   58337.9364585490       6.452625279365160E-002 -1.303243577342968E-003
   41198.1932439776       6.498681324067090E-002 -8.881600975322471E-004
   30143.8293667710       6.544741236442796E-002 -4.719961527431572E-004
   11164.7091316132       6.590801140319620E-002 -5.680927838150242E-005
   11955.9301050546       6.636868568458837E-002  3.583678165890026E-004
   45867.8048847804       6.706982587184977E-002 -4.109751434754178E-004
   50491.5330310467       6.661402779972299E-002 -8.312569118179513E-004
   32121.3940744420       6.615824357866436E-002 -1.251630125743664E-003
   19296.6220598860       6.570142472582910E-002 -1.671992063649524E-003
   34181.2811060532       6.524554805789401E-002 -2.092408056953296E-003
   60589.8260188373       6.566792372575771E-002 -2.398424518157346E-003
   30390.1949192292       6.609094349522765E-002 -2.705624259512038E-003
   80529.3785876672       6.651305188138006E-002 -3.011643600811456E-003
   46845.5969065014       6.693500424829721E-002 -3.318725232822858E-003
   20807.9010323806       6.551952373215715E-002 -4.608075942918909E-003
   8766.40371417664       6.525308391800794E-002 -4.159159530490160E-003
   39695.3026897189       6.498784120693481E-002 -3.710201057704561E-003
   42673.6260514710       6.472162149182033E-002 -3.260313638009695E-003
   132472.687796677       6.445658128007950E-002 -2.811428271283562E-003
   150386.520429857       6.403155367499608E-002 -3.228346821093024E-003
   47711.1544596604       6.360640381986185E-002 -3.646510815543957E-003
   35925.9642741680       6.318118939118539E-002 -4.063849184815999E-003
   15511.1528300797       6.275553478341421E-002 -4.481006076459800E-003
   110984.172344659       6.237438572578011E-002 -3.180228031775363E-003
   86555.7302457252       6.282811200377215E-002 -2.794442656945146E-003
   2927.63936523958       6.328292050829903E-002 -2.408495377314287E-003
   36382.7410903325       6.373708863257532E-002 -2.022563550772571E-003
   3480.30429622252       6.332057818333149E-002 -1.592578181494617E-003
   35462.6364752652       6.290317242920951E-002 -1.162598534402215E-003
   30471.6528578871       6.248677714303914E-002 -7.328083992557404E-004
   2573.91436205241       6.783909695958061E-002  2.899246672347648E-004
   4585.26315909778       6.825867629434147E-002 -1.831406319641807E-004
   14082.9564109790       6.867804720518302E-002 -6.572835837929984E-004
   334.847333671362       6.909745336513294E-002 -1.130390408590742E-003
   15479.9304523192       6.951687490196160E-002 -1.603422097071216E-003
   6527.65126869703       6.991659071158213E-002 -1.168607294605200E-003
   5744.72370736966       7.031730822849849E-002 -7.338547400297347E-004
   4786.39222958932       7.071709026241191E-002 -2.980859532644873E-004
   5000.04371251920       7.111681823955977E-002  1.366824294248394E-004
   17117.0462782966       7.205282742857877E-002 -8.912217147136788E-004
   21105.4325514751       7.158263561509073E-002 -1.248589355379407E-003
   23796.6874198319       7.111146921556859E-002 -1.605919674609432E-003
   36215.0377648119       7.064127466608137E-002 -1.964293584802118E-003
   18596.4546199587       7.017119105756918E-002 -2.321706136773589E-003
   11864.7776732201       7.060167316832744E-002 -2.817358242373461E-003
   12296.7215092769       7.103186814834116E-002 -3.314140185819869E-003
   22901.1105242883       7.146305785582958E-002 -3.809949568413725E-003
   13372.0173551932       7.189314715288897E-002 -4.306682863369998E-003
   6622.56664923199       7.126779464285811E-002 -4.875974943095528E-003
   3034.68343274010       7.081356324011262E-002 -4.401107945493784E-003
   31634.2155496424       7.036045553594296E-002 -3.925299987965433E-003
   20372.0207307148       6.990625974770645E-002 -3.450558837098143E-003
   68250.1112070804       6.945308645047159E-002 -2.975884121855207E-003
   43245.2491585392       6.914660883314735E-002 -3.415156079235997E-003
   2470.25513589408       6.883904252759974E-002 -3.854446840404691E-003
   4768.62324505572       6.853237613251645E-002 -4.294813343621077E-003
   5199.64639191210       6.822459094440031E-002 -4.734035852179554E-003
   63261.0661003131       6.740064091310494E-002 -3.053003883008605E-003
   69224.7198097065       6.786728447952960E-002 -2.788363036584105E-003
   45423.7602185025       6.833296205616281E-002 -2.522579380453619E-003
   9589.31315398340       6.879867630384030E-002 -2.257751262120534E-003
   16968.4770076215       6.836665920634703E-002 -1.796039030668493E-003
   2906.30702607267       6.793468934026056E-002 -1.334337140946008E-003
   9335.43013550898       6.750172690903071E-002 -8.726440570321257E-004
   2785.21059396473       7.308063076801706E-002  4.462604776152507E-005
   6440.63018431223       7.344586076426850E-002 -2.597353591180201E-004
   11378.2900814110       7.381102183210962E-002 -5.641620422195453E-004
   12058.8222396600       7.417719925631970E-002 -8.686235857855338E-004
   2944.58199693672       7.454239562303674E-002 -1.173020056019492E-003
   13244.9716105335       7.492245542893333E-002 -9.035225361225532E-004
   5749.20141995764       7.530250058856194E-002 -6.340206930595612E-004
   3756.65335506696       7.568354487604102E-002 -3.645841490000916E-004
   2917.58454054615       7.606356794519205E-002 -9.509783582211610E-005
   7291.55339522917       7.704520709875427E-002 -1.173230185299879E-003
   5752.45216233515       7.674131572815804E-002 -1.526377414765269E-003
   2134.09717822845       7.643739591185032E-002 -1.880523246555198E-003
   4780.90355074038       7.613352769614062E-002 -2.233659581090674E-003
   5272.91581650849       7.582968869300878E-002 -2.586811784038974E-003
   4984.55334981977       7.609547070440802E-002 -3.047710645424420E-003
   4652.23933472724       7.636121058321127E-002 -3.508643831339859E-003
   8972.11029733516       7.662700949479227E-002 -3.968577741047729E-003
   6714.27874087481       7.689276935952070E-002 -4.429516822779579E-003
   1875.82664529819       7.615136051086466E-002 -5.104571657709450E-003
   234.185681446305       7.571728405192048E-002 -4.796939221628913E-003
   2630.38725662351       7.528418747121193E-002 -4.489358961556342E-003
   8852.72908385124       7.485008146305475E-002 -4.181737453107313E-003
   9631.79879258784       7.441601136182907E-002 -3.874069626100619E-003
   10299.0703792381       7.392813428162494E-002 -4.138543009665724E-003
   9860.95117978081       7.343927253045418E-002 -4.403001029639995E-003
   10995.8807266264       7.295140706794211E-002 -4.667521124718115E-003
   6327.17215619938       7.246249456766621E-002 -4.931980554720408E-003
   9147.89594564081       7.220201182537331E-002 -3.844611746181340E-003
   4313.21812143545       7.251086396019238E-002 -3.383532067547365E-003
   1049.24267507151       7.281977674232067E-002 -2.921444392910164E-003
   9689.89159634848       7.312863990630293E-002 -2.460343481626695E-003
   3847.33282234224       7.285968288519848E-002 -2.068317122405687E-003
   5689.59296707018       7.259074881457388E-002 -1.675304433516753E-003
   19258.3534193206       7.232175222678132E-002 -1.283300164471609E-003
   4888.96226530166       7.812328718227630E-002 -1.916182237220580E-004
   707.907985340181       7.847343905644596E-002 -5.603621197577879E-004
   7960.38224632813       7.882459280664507E-002 -9.291674990678483E-004
   14117.0236735103       7.917476127490837E-002 -1.297932647961119E-003
   9588.82601894496       7.952498798081230E-002 -1.665704593102512E-003
   18802.0726013632       8.000295372192801E-002 -1.336704970842366E-003
   12178.9555057592       8.048096799021189E-002 -1.006730564365657E-003
   1875.24005785134       8.095897718331782E-002 -6.767860576477338E-004
   7983.94505681781       8.143595924204886E-002 -3.468154826603499E-004
   9271.95690058992       8.205767317213641E-002 -1.029658807978029E-003
   11771.7685796224       8.168442395584939E-002 -1.473667564657266E-003
   397.075848273501       8.131114342704282E-002 -1.918639456781449E-003
   7475.40696636728       8.093789136460780E-002 -2.363608510470900E-003
   263.972735087394       8.056567800816500E-002 -2.808642132590130E-003
   5043.13654010026       8.090219145731162E-002 -3.126690002601085E-003
   9682.85936943657       8.123971407972180E-002 -3.444792911637907E-003
   19912.0008310902       8.157723702476964E-002 -3.762912671741296E-003
   12601.1996370469       8.191479010613470E-002 -4.081015085069768E-003
   6762.52238481611       8.056377313801742E-002 -5.311238279542241E-003
   952.765604584142       8.027857514732051E-002 -4.945508836458577E-003
   8131.44674322834       7.999333148118493E-002 -4.579802167920309E-003
   13773.9392952425       7.970808553180062E-002 -4.214082003575205E-003
   8406.09004905242       7.942278993438409E-002 -3.849344019002236E-003
   16572.9211603054       7.895882128521914E-002 -4.179000101888618E-003
   8908.37971750348       7.849481323222504E-002 -4.509653758012939E-003
   9786.11476029048       7.803179635823497E-002 -4.840327014041256E-003
   4121.11245816575       7.756780371235832E-002 -5.170952693843317E-003
   1909.65945499890       7.726539325188726E-002 -3.998508836519000E-003
   406.466922229624       7.763794340987454E-002 -3.568495869217897E-003
   6961.48715282683       7.801052850164400E-002 -3.137489077196618E-003
   3117.86320679738       7.838207600918175E-002 -2.706410516881497E-003
   4600.88124616479       7.804861318465829E-002 -2.323413278314300E-003
   10682.6304196167       7.771412992007039E-002 -1.940369952284154E-003
   18586.6768965275       7.737968475219750E-002 -1.556317603789139E-003
   5475.34702902994       8.274050499052706E-002 -4.078989364567228E-004
   1515.72954700926       8.318032938796449E-002 -8.709232800174689E-004
   2757.66160748115       8.362124654068685E-002 -1.332987459830300E-003
   11508.7698229826       8.406212667986343E-002 -1.796072245715372E-003
   9295.33786242038       8.450304941550965E-002 -2.258189199009900E-003
   9971.89973971172       8.494625312642785E-002 -1.837450446840429E-003
   5403.28436877116       8.538950096441074E-002 -1.415737889295470E-003
   1305.20323435545       8.583368108560174E-002 -9.950749994247438E-004
   5116.85597005445       8.627688346301388E-002 -5.733616089967351E-004
   11894.0377519093       8.704528050535891E-002 -1.417184017357537E-003
   15554.8067330620       8.658394691670186E-002 -1.819076030638438E-003
   9605.81748909265       8.612355692765186E-002 -2.221980660241980E-003
   4970.38322286546       8.566222339413961E-002 -2.623824172897499E-003
   5881.85882018712       8.520190670010777E-002 -3.025708131681907E-003
   2408.15218153445       8.562371965686284E-002 -3.445836481514981E-003
   2548.27722453619       8.604659247197968E-002 -3.865992092558774E-003
   15571.7886190205       8.646842822715085E-002 -4.287121422440843E-003
   9507.89093693700       8.689132855089474E-002 -4.707302964928606E-003
   3717.02882948436       8.595132816572688E-002 -5.563381573546429E-003
   1915.90311191810       8.557240138718014E-002 -5.103213166843489E-003
   9588.23096814828       8.519238467107829E-002 -4.644008759657366E-003
   13144.0040209058       8.481341216252861E-002 -4.183823830594101E-003
   17563.9113367315       8.443438073567085E-002 -3.724616803379925E-003
   15803.1138454316       8.411200776419650E-002 -4.150992203418286E-003
   2016.49913223710       8.378961531726578E-002 -4.578353479973249E-003
   2500.72533192783       8.346728144499800E-002 -5.004702724350164E-003
   2034.94724221508       8.314494732610038E-002 -5.432077410199460E-003
   16730.8299468267       8.237049287631584E-002 -3.800044575888244E-003
   17688.8144081931       8.282517966902421E-002 -3.519018329903954E-003
   8589.52776677674       8.328086802025317E-002 -3.238066753543381E-003
   240.836154734396       8.373552490265364E-002 -2.957069608159929E-003
   5306.82703739961       8.331661165675844E-002 -2.475000195137286E-003
   2954.57018781582       8.289665858320669E-002 -1.992892720490434E-003
   8283.43572494321       8.247769003805822E-002 -1.510814286765206E-003
   511.348299000944       8.788911734007539E-002 -6.487214463723355E-004
   2185.21241479679       8.828931059965726E-002 -1.145943553739955E-003
   2294.41031312728       8.869049794211989E-002 -1.644188731228247E-003
   1124.33605127989       8.909073811887361E-002 -2.141394953843766E-003
   4470.88183960254       8.949092876186354E-002 -2.639620842588052E-003
   921.985598462797       9.000475306205002E-002 -2.184103299195691E-003
   2533.20277830572       9.051852766227025E-002 -1.729577385923543E-003
   3439.28021312018       9.103334643932075E-002 -1.274092630693308E-003
   1341.57733093203       9.154712200288118E-002 -8.195576538101764E-004
   3465.26530006570       9.205276501938776E-002 -1.374752773471378E-003
   3106.36073332473       9.155232303291025E-002 -1.843923060776464E-003
   3869.80929513203       9.105083343436540E-002 -2.314047813562053E-003
   5097.15497707368       9.055038433916221E-002 -2.783218492533305E-003
   4504.51489616330       9.004892598095897E-002 -3.252335403513403E-003
   3626.29587617803       9.050997759854171E-002 -3.647274951302033E-003
   776.600157252626       9.097006662731980E-002 -4.042150098339746E-003
   3634.76931752846       9.143115463382465E-002 -4.437080191630904E-003
   2060.97412752672       9.189124984096139E-002 -4.831963135125944E-003
   1031.89150047515       9.083733153747595E-002 -5.791860497550486E-003
   274.439633262279       9.048703164137575E-002 -5.296988094002869E-003
   3636.56048460237       9.013676730512721E-002 -4.801119815449390E-003
   2263.12123310230       8.978645991835728E-002 -4.306237918347717E-003
   13877.2662207922       8.943618599760599E-002 -3.810357117062182E-003
   12106.6234958374       8.901417554438880E-002 -4.270138456585923E-003
   1862.89640005414       8.859222244695361E-002 -4.728886911902237E-003
   882.980136635964       8.816924389439026E-002 -5.188578247136489E-003
   217.404215662870       8.774735777307442E-002 -5.647341088243113E-003
   12427.3450118230       8.738755168568432E-002 -4.330082662849261E-003
   10835.4233191240       8.788481685165594E-002 -3.951924491231616E-003
   2599.26050707708       8.838103265401073E-002 -3.574745431761495E-003
   6118.34592845997       8.887821187679878E-002 -3.197616175260849E-003
   1823.08502000873       8.841948023432217E-002 -2.752745206176494E-003
   1733.46979186117       8.796173573278672E-002 -2.307914967843087E-003
   571.704055817652       8.750303945507482E-002 -1.862022852587995E-003
   2568.78650288499       9.260797314653384E-002 -8.690980053052077E-004
   1119.44642444458       9.307586312340349E-002 -1.396508300841526E-003
   2651.59870210064       9.354471026179266E-002 -1.924958439434429E-003
   4411.39386633386       9.401260424689505E-002 -2.452359097235196E-003
   1011.83954652681       9.448050052504509E-002 -2.979754795370189E-003
   2969.80719386270       9.489259989060807E-002 -2.493431841625669E-003
   685.158888308172       9.530470543777163E-002 -2.007098224373983E-003
   3656.72844094341       9.571686848876852E-002 -1.519766919313968E-003
   2406.09933711970       9.612898967562199E-002 -1.033434953615201E-003
   353.872550009168       9.702795362518012E-002 -2.020430340703496E-003
   4491.20080712520       9.650537439916575E-002 -2.385456627042158E-003
   2161.17057584718       9.598180447814780E-002 -2.750453971762478E-003
   1058.72721911570       9.545923214653600E-002 -3.115507142437759E-003
   1252.26534047347       9.493664458362637E-002 -3.480563307399266E-003
   2359.97897336317       9.542075738691272E-002 -3.939642913404803E-003
   591.698792398165       9.590487695753831E-002 -4.398717729828401E-003
   147.903476796682       9.638999353914017E-002 -4.857840572580895E-003
   38.1186992342625       9.687411173571135E-002 -5.316916386681352E-003
   23.2977364307160       9.608367877324142E-002 -6.036838497166925E-003
   100.186850303124       9.567170346984165E-002 -5.512055322196544E-003
   400.616294652473       9.525977435872439E-002 -4.986273723149606E-003
   1598.24151121153       9.484780017667842E-002 -4.461489273051665E-003
   4534.70304901488       9.443582059539107E-002 -3.936711114628238E-003
   2722.36107336229       9.403965267375954E-002 -4.423761862496203E-003
   110.568161898832       9.364348887692352E-002 -4.910803409262757E-003
   221.502330763199       9.324728413753439E-002 -5.398842860750337E-003
   25.2908261964242       9.285113610207313E-002 -5.885888938219772E-003
   3117.48104583910       9.241311107848503E-002 -4.482927330180565E-003
   3054.65940159478       9.293597114500553E-002 -4.133940996849672E-003
   1229.46804288240       9.345783252170678E-002 -3.784914905567180E-003
   1943.87199189139       9.397968501454181E-002 -3.435890967918433E-003
   187.819738659715       9.349818294390341E-002 -2.920870633395123E-003
   1218.64616994721       9.301669317529884E-002 -2.405844100222392E-003
   3893.67604478995       9.253425575868970E-002 -1.889770362294951E-003
   18232.4180039533      -2.017996936061992E-003  7.504103247386622E-003
   217814.443096212      -1.514466186322314E-003  7.124125594568240E-003
   300619.072942169      -1.012030693676961E-003  6.744848388474940E-003
   430819.924034323      -5.087281539459591E-004  6.364872515962445E-003
   296946.586576440      -6.554311953837765E-006  5.984938834167853E-003
   502043.330307953       4.608337420661977E-004  6.362568929361869E-003
   339708.507245489       9.278605134694312E-004  6.741291786197746E-003
   366568.538209236       1.394953578372755E-003  7.119840118043359E-003
   199941.986043298       1.864982642566779E-003  7.498898328399558E-003
   932806.576305299       2.489710919791145E-003  6.871189699701909E-003
   318604.539944367       2.112476245595765E-003  6.402561851903166E-003
   186662.639453585       1.735264554042290E-003  5.934525406164968E-003
   26293.7784405300       1.356450579916910E-003  5.466011423361945E-003
   306709.825366367       9.768931779647737E-004  4.997538498565384E-003
   102264.718279301       1.354441623444383E-003  4.516250703493071E-003
   43545.2578165049       1.729289554637179E-003  4.033701421552440E-003
   939186.225103516       2.101845486034752E-003  3.552673893502994E-003
   982066.034518278       2.473418801805462E-003  3.071289932254751E-003
   231718.896105760       1.406271727689366E-003  2.871165433865040E-003
   935826.193732501       9.347716388232827E-004  3.254121912627512E-003
   976217.744786515       4.618134978026963E-004  3.636028589257312E-003
   769262.567308842      -1.130208213383721E-005  4.016817617716410E-003
   1042972.34434630      -4.679189467955784E-004  3.638011420719309E-003
   652454.323450710      -9.250697072211615E-004  3.259339757355414E-003
   171854.073337680      -1.382162075178312E-003  2.880594624941586E-003
   297051.635183077      -2.505295428726969E-003  3.162972705919460E-003
   587521.186866624      -2.128112927042859E-003  3.622551656292669E-003
   106264.953022519      -1.752045805965968E-003  4.082855669302590E-003
   270565.998963592      -1.374012564824239E-003  4.543175472815465E-003
   195910.203443769      -9.934649591730746E-004  5.002082490022097E-003
   53353.9263856710      -1.371280890645254E-003  5.506827408266708E-003
   238149.946313290      -1.748343100637986E-003  6.012786461065730E-003
   451572.420301057      -2.124134135128901E-003  6.517308589121094E-003
   1070704.42253657      -2.500847715802633E-003  7.020667083260089E-003
   100431.298874075       3.119084926163808E-003  7.494491795312160E-003
   87473.6866487538       3.586089684813909E-003  7.042431147765734E-003
   36856.2494509574       4.049333497159302E-003  6.587983789208337E-003
   435272.937220412       4.511780571260850E-003  6.134787790283802E-003
   517084.381383548       4.973629251443884E-003  5.681925865542858E-003
   749965.263743344       5.464404621126117E-003  6.123797886370921E-003
   658838.361894741       5.953204252290770E-003  6.568025956582957E-003
   253843.879321002       6.443620537408760E-003  7.014101500324921E-003
   220013.116711006       6.935098091495474E-003  7.458934283524970E-003
   791297.167793790       7.475618675553113E-003  6.906783876381624E-003
   859347.415775207       7.026381232766751E-003  6.424220338439052E-003
   400918.187078593       6.576322611008688E-003  5.938389586434656E-003
   188715.309424437       6.126019710291532E-003  5.453048970987485E-003
   581040.890144530       5.674290896866685E-003  4.966839997144866E-003
   378083.983077403       6.117236979934455E-003  4.540139891414822E-003
   529977.985457398       6.554930399101285E-003  4.111924994875196E-003
   1300952.55394893       6.992670976727029E-003  3.684616370686667E-003
   1001859.28196177       7.429552454542015E-003  3.261014568339387E-003
   83885.0068179915       6.176119054002316E-003  2.900901457757869E-003
   683812.580966084       5.768816335384690E-003  3.360210570376697E-003
   1078954.38581017       5.363597897543403E-003  3.816527369226044E-003
   1630302.23949437       4.959626844453829E-003  4.270955858316364E-003
   2182710.76777165       4.485558320029915E-003  3.826707826350466E-003
   1064983.99012666       4.011763810793599E-003  3.379730321782988E-003
   388285.599547703       3.538468175452854E-003  2.928892562649105E-003
   1442221.29192440       2.917020700790389E-003  3.546427628135316E-003
   661724.625585962       3.361735505627648E-003  4.024521035200175E-003
   369889.323862557       3.807675015023613E-003  4.504765123082686E-003
   179409.492598187       4.259564980031841E-003  4.982426507729605E-003
   140706.491135866       3.816720968069022E-003  5.455388583331102E-003
   498536.084958960       3.374929382125400E-003  5.928306189986732E-003
   562699.239879536       2.931905022578054E-003  6.399874020613092E-003
   236366.411091167       8.027704955601546E-003  7.444144126922066E-003
   286308.529740109       8.510700977521594E-003  6.990776345888329E-003
   190905.324126154       8.991154819349033E-003  6.537341004140156E-003
   152690.912974204       9.469926717478218E-003  6.083977791471254E-003
   407194.943751645       9.950162485068706E-003  5.633522299939694E-003
   532538.122954931       1.050301174000508E-002  6.065516639146781E-003
   727667.405140575       1.105378813323308E-002  6.501673247697964E-003
   316215.700083398       1.160306448168255E-002  6.938620870528860E-003
   209823.795895670       1.215598321655032E-002  7.376829317211698E-003
   667926.910569906       1.246010610037175E-002  7.062894725808525E-003
   595373.834377453       1.201411239216708E-002  6.521301392961119E-003
   6230.18731998353       1.156839186426780E-002  5.977860106796335E-003
   23992.5932217396       1.111921570038009E-002  5.433995282901631E-003
   859186.731669723       1.066969745175738E-002  4.890732267796289E-003
   94316.8506554492       1.110437878665265E-002  4.435588142931997E-003
   154531.173788546       1.153541260192938E-002  3.979085037535699E-003
   1016528.01859381       1.196430292328786E-002  3.524345210898859E-003
   745495.894905171       1.239416377801078E-002  3.072411567716122E-003
   392681.235562480       1.121823277958312E-002  2.814813886943592E-003
   403577.579165018       1.078728012542589E-002  3.270137145781304E-003
   785315.537931405       1.035733383290555E-002  3.724470405500533E-003
   1231302.79070907       9.927929273312942E-003  4.175692663043482E-003
   1373737.35271543       9.510362841452982E-003  3.739505908662873E-003
   539468.965490112       9.092409032413495E-003  3.299549820489829E-003
   84280.3490941394       8.671867418338199E-003  2.859284596553051E-003
   1349655.67196388       7.873531835705090E-003  3.671459929109147E-003
   760107.541898839       8.316192986981051E-003  4.085844600223568E-003
   6834.23139884515       8.760993909784806E-003  4.500887455215182E-003
   426343.042249309       9.208214182033906E-003  4.915646479069926E-003
   360351.982533576       8.774100004184781E-003  5.414675039093013E-003
   37613.7536341293       8.340450502386887E-003  5.912946724249148E-003
   156314.273545705       7.908479801172567E-003  6.411195229658375E-003
   202679.467687716       1.277453507464195E-002  7.365372126921157E-003
   55884.3976242541       1.331285736650252E-002  6.903848158345252E-003
   326893.982791708       1.384693302492748E-002  6.442979150648044E-003
   529043.065419973       1.438284686100891E-002  5.983678424520512E-003
   412495.657025415       1.492055862826183E-002  5.528193339793073E-003
   365153.505014542       1.538720814909008E-002  5.966045842335668E-003
   208035.237530283       1.585352838805438E-002  6.406610439303519E-003
   36310.7791462775       1.632069947261058E-002  6.846589445004099E-003
   166325.904585634       1.679095355738700E-002  7.285904825253148E-003
   646813.498314218       1.743329405049784E-002  6.618871854242503E-003
   579116.241816204       1.698160950994021E-002  6.165283513287815E-003
   304700.269787311       1.653013109897625E-002  5.711097729854647E-003
   98185.9337551464       1.607708886941588E-002  5.256100366054835E-003
   576855.222915179       1.562417768332975E-002  4.800802318830022E-003
   66389.8129958107       1.606183270663316E-002  4.326991024929801E-003
   219201.014717134       1.649646236083215E-002  3.852980991863156E-003
   979559.623017553       1.692884944369543E-002  3.379472568123888E-003
   751927.356546811       1.736147830099161E-002  2.909058986100177E-003
   272951.290053395       1.624326884142118E-002  2.727295874986727E-003
   431086.737469341       1.579344505160867E-002  3.186575864709566E-003
   796360.928576397       1.534561066336970E-002  3.645033324020053E-003
   1014670.74673592       1.489685861564849E-002  4.100294582857000E-003
   1180513.90547563       1.445195189641068E-002  3.660830726778368E-003
   432622.285390675       1.400679057057641E-002  3.217916894241313E-003
   186897.065858841       1.356011904982747E-002  2.774769966507515E-003
   1219587.01376480       1.284267270466342E-002  3.507582425208189E-003
   608145.013980532       1.329061747188419E-002  3.946071400905329E-003
   91165.1029017702       1.374065842075487E-002  4.386143242193107E-003
   375105.120383270       1.419299866340464E-002  4.825716666908018E-003
   445447.775560290       1.375666933690224E-002  5.384355427635616E-003
   228287.445336438       1.332187864562940E-002  5.944565674678258E-003
   155512.878950293       1.289051139567680E-002  6.504386228276158E-003
   53989.2062712727       1.810114824849331E-002  7.259762292102173E-003
   38952.1726240785       1.855295748019233E-002  6.754971955564671E-003
   20022.0731952039       1.900133448314290E-002  6.248930695217135E-003
   502887.129776858       1.944874341859833E-002  5.743037468556316E-003
   437220.468277798       1.989538671039003E-002  5.238559539411120E-003
   796247.105046863       2.038475114528139E-002  5.719569362500238E-003
   358106.536479456       2.087369148915480E-002  6.204406587994264E-003
   259366.405239209       2.136398085286875E-002  6.689918213027876E-003
   152582.266309792       2.185922255331593E-002  7.173532525374985E-003
   1236215.01330092       2.241464776249114E-002  6.588583154707777E-003
   845786.420353487       2.191327593782093E-002  6.118359736374673E-003
   667877.290776410       2.141248341959009E-002  5.646855031582769E-003
   247508.411990285       2.091119644041927E-002  5.173705663021038E-003
   507905.063429222       2.040853969421040E-002  4.700879393365201E-003
   159288.590593835       2.088851035677736E-002  4.228472255352232E-003
   402467.679735866       2.136383212012014E-002  3.754612175091781E-003
   1280894.23161726       2.183837073861497E-002  3.282983157333534E-003
   864966.679051019       2.231346715524185E-002  2.814183282451917E-003
   367703.102391699       2.117098091680776E-002  2.662510034787418E-003
   460505.076141968       2.073652888332171E-002  3.174797695000120E-003
   935293.642534874       2.030351283246801E-002  3.685327014945872E-003
   1246055.20914133       1.987038022437638E-002  4.191223612310188E-003
   1605908.82153817       1.940422308870249E-002  3.708482763265820E-003
   580438.757326039       1.893938260508490E-002  3.221765700559315E-003
   284528.319194725       1.847288777807827E-002  2.733226809875540E-003
   924987.076856212       1.785919026307191E-002  3.362337038491610E-003
   638937.708011410       1.835675034656980E-002  3.817628996945309E-003
   169264.963527035       1.885542290036002E-002  4.272940678177311E-003
   246090.874552833       1.935795673572670E-002  4.727118597423176E-003
   88921.6626010235       1.887682137225940E-002  5.200759008200826E-003
   494455.698017321       1.839609105983277E-002  5.674467087701900E-003
   496336.546745082       1.791491375257364E-002  6.146747904347248E-003
   251562.225692603       2.300123996951794E-002  7.141959378957504E-003
   148262.104993354       2.347069932930445E-002  6.672660054691121E-003
   398491.881928764       2.393522456123886E-002  6.201578148752890E-003
   814271.795787028       2.439912500275037E-002  5.733093732762497E-003
   616916.880808649       2.486408741206253E-002  5.266717102449444E-003
   599767.837823115       2.532376508599657E-002  5.707306789725025E-003
   170330.213947240       2.578251984046344E-002  6.148550915614589E-003
   136504.921926387       2.624329784520953E-002  6.591446820527647E-003
   399820.333449080       2.670632270802048E-002  7.032691747112588E-003
   629317.442282454       2.738639464020573E-002  6.311584131769448E-003
   670472.788758230       2.692454197013537E-002  5.874892022543885E-003
   344697.177785415       2.646195270992374E-002  5.436271511781999E-003
   65526.3569807181       2.599978870251796E-002  4.997524772748406E-003
   466533.814657419       2.553473358480347E-002  4.557994320029393E-003
   185355.851873528       2.597418133669264E-002  4.100187959684961E-003
   523956.717883051       2.640858190154525E-002  3.640646945617582E-003
   1194125.06555686       2.684309141792764E-002  3.183839996944312E-003
   809663.857378815       2.727711800681584E-002  2.729161306834912E-003
   159561.713317298       2.609375312240707E-002  2.485641058939413E-003
   503342.741178555       2.567020243815496E-002  2.955762370424137E-003
   960081.431017265       2.524693755995893E-002  3.423404044449940E-003
   1141074.44220252       2.482514103727394E-002  3.889730752835384E-003
   1415294.60700665       2.436558397044124E-002  3.448009994000532E-003
   452336.502926480       2.390596289477426E-002  3.004022292656347E-003
   252099.186529445       2.344465449021740E-002  2.557240216184120E-003
   1287696.44888122       2.277149762778752E-002  3.256134632700042E-003
   561590.612215711       2.323004585496853E-002  3.702102912969765E-003
   332007.027297337       2.368912490060211E-002  4.149960158759589E-003
   461502.632249306       2.415370572723225E-002  4.596723124498305E-003
   174090.525911671       2.371572722200722E-002  5.095217380279908E-003
   284233.812305808       2.328135321752729E-002  5.594167152338182E-003
   670114.754463645       2.284737037565527E-002  6.092051054745203E-003
   224085.441985393       2.810865234691872E-002  6.989502212544996E-003
   78211.3218881851       2.854504097899014E-002  6.541372751985505E-003
   58538.4639829591       2.897922974929979E-002  6.092602626297688E-003
   391401.111452464       2.941178820748201E-002  5.644490221553456E-003
   438463.143998296       2.984527134443076E-002  5.197416786844981E-003
   541050.569925715       3.029906634602385E-002  5.614005361097393E-003
   362712.898515238       3.075227870022109E-002  6.032884472195079E-003
   37720.7399281813       3.120633335436006E-002  6.452465233810289E-003
   380735.945624478       3.166209883923407E-002  6.871936214591431E-003
   615993.784912021       3.236963519920371E-002  6.116159808816499E-003
   640603.384290937       3.192601563318173E-002  5.688597731004808E-003
   243978.207221695       3.148239847294631E-002  5.259344436358986E-003
   19703.4852310711       3.103775378421665E-002  4.829512517509768E-003
   448588.877395849       3.059193474435146E-002  4.399465909086242E-003
   286660.921403490       3.101206947444836E-002  4.049636412116696E-003
   497779.741054270       3.142972160722833E-002  3.700691609550435E-003
   880260.775214178       3.184709226083620E-002  3.352074829646369E-003
   644047.105987341       3.226451276032153E-002  3.005610468430702E-003
   161247.992234853       3.073376416721882E-002  2.320819104321953E-003
   268628.374862923       3.041920899014521E-002  2.766814809067280E-003
   660279.511587589       3.010646490896727E-002  3.211939894382314E-003
   962607.389171168       2.979405815015966E-002  3.656184026223032E-003
   1388511.88408650       2.934428898824189E-002  3.238477467269757E-003
   675540.389123152       2.889359542208558E-002  2.818805193971941E-003
   426926.455709034       2.844369633768837E-002  2.397191819436698E-003
   682079.944806120       2.771752894909383E-002  3.159502872614004E-003
   345642.993519197       2.815886642121609E-002  3.589998194068055E-003
   295614.000083321       2.860157497598117E-002  4.022215048161998E-003
   155089.602926505       2.904767775191093E-002  4.452007231622517E-003
   73839.2768714519       2.863126822939919E-002  4.917926448485144E-003
   247996.583336603       2.821605082321998E-002  5.382840874710729E-003
   443752.408142351       2.780118777998913E-002  5.847800629141938E-003
   249759.761883733       3.312615855417055E-002  6.821140451778803E-003
   202606.171743541       3.355092111927351E-002  6.305434105922569E-003
   84330.9517547034       3.397284755517054E-002  5.788602219986900E-003
   524138.363487401       3.439366705629622E-002  5.272470932095687E-003
   447321.023233841       3.481459229718494E-002  4.758766738615323E-003
   324509.901897784       3.521866946367205E-002  5.243564298908776E-003
   38615.6218120258       3.562395019590466E-002  5.729255286589905E-003
   131025.549060657       3.602974289727077E-002  6.214663460425504E-003
   260631.276956047       3.643851977339022E-002  6.698886827403664E-003
   774693.678279494       3.734296827319209E-002  5.723154100910880E-003
   819617.066899803       3.683321749873109E-002  5.352481423268739E-003
   796796.804105738       3.632402403255066E-002  4.981694078673499E-003
   570544.489773608       3.581527367437468E-002  4.608342768970704E-003
   315418.218428651       3.530586157392362E-002  4.233975069113395E-003
   112034.985773940       3.578660144501319E-002  3.728765164613289E-003
   50848.3814048519       3.626267181204520E-002  3.221923564462723E-003
   733528.912542334       3.673770578278811E-002  2.716390911722207E-003
   468129.947419393       3.721330718502071E-002  2.213423915383258E-003
   328088.131820398       3.616416185833100E-002  2.190736712963207E-003
   291558.276227054       3.570299775156423E-002  2.710851592289620E-003
   571216.237541480       3.524254943410061E-002  3.229306090595316E-003
   855128.995329786       3.478129951899672E-002  3.744727799426129E-003
   506596.116183701       3.443747577951070E-002  3.257035630978468E-003
   93286.3388737620       3.409277008703674E-002  2.767817179321148E-003
   369454.030355449       3.374509589703723E-002  2.278928811757553E-003
   1176550.70365144       3.277122346895099E-002  3.318316631510140E-003
   1073606.57258538       3.327708704786243E-002  3.633815533658082E-003
   725575.441381473       3.378262222140016E-002  3.950091914800676E-003
   177651.820313931       3.428962595850973E-002  4.268857758715131E-003
   338677.358610622       3.380740086570027E-002  4.731731906827765E-003
   214507.501772018       3.332803089656165E-002  5.194776901486332E-003
   390798.260169520       3.284897334355013E-002  5.656238159212246E-003
   59344.8602325529       3.831930862921755E-002  6.624775718808079E-003
   133580.713027349       3.869219985318718E-002  6.165038241445812E-003
   19747.4722677591       3.906195861316661E-002  5.704309667116858E-003
   376961.639766008       3.943244441477198E-002  5.245065915711278E-003
   355637.329216559       3.980255171050828E-002  4.785591095330290E-003
   405450.007831423       4.025561782123470E-002  5.211589593315787E-003
   176558.386859148       4.070901849444816E-002  5.636822645276759E-003
   189407.077045795       4.116288055897384E-002  6.063223945468548E-003
   57583.0385000991       4.161805449786129E-002  6.488907524468226E-003
   648108.977077611       4.233755651048449E-002  5.706174280764331E-003
   473735.278739325       4.187762340666942E-002  5.288383094875195E-003
   444019.242891256       4.141762821794642E-002  4.870139543569961E-003
   248781.572211728       4.095869691037695E-002  4.451147926643008E-003
   193644.534957109       4.049816770975869E-002  4.032180652744649E-003
   65162.9601046143       4.091981084808543E-002  3.458989423061292E-003
   186906.760118678       4.133681893073551E-002  2.883740119249977E-003
   543368.904993097       4.175251880609832E-002  2.307981303053582E-003
   372266.978125524       4.216723838481942E-002  1.734081363147013E-003
   171653.477462921       4.133891893240956E-002  1.934301584572537E-003
   694021.180169958       4.080889142376010E-002  2.404811238110495E-003
   569588.842754803       4.027758075039986E-002  2.871696876288216E-003
   839410.786127865       3.974533884013669E-002  3.338232395379020E-003
   1039119.91178912       3.924840535053357E-002  2.913363363357287E-003
   634886.019826703       3.875221496715246E-002  2.487201802130926E-003
   179078.817058102       3.825570939210076E-002  2.058395153022844E-003
   721993.228568983       3.767070529366074E-002  2.681182117361482E-003
   216652.034696943       3.812838872882683E-002  3.151172415220612E-003
   214627.917797682       3.858671793201450E-002  3.621480574773303E-003
   160455.907020217       3.904885497139164E-002  4.090529242560456E-003
   34492.0716499106       3.862123856073479E-002  4.499468739989555E-003
   331580.851616685       3.819560835282438E-002  4.908236549330031E-003
   300230.296974847       3.776887772539177E-002  5.315087221502588E-003
   45313.0101110256       4.312059872914989E-002  6.423812809498821E-003
   107914.868040649       4.354021650482245E-002  6.000396037058903E-003
   12139.4273474382       4.395811524629213E-002  5.576209094713156E-003
   246335.046603330       4.437593241916409E-002  5.153486500196012E-003
   200462.026505458       4.479340791952218E-002  4.730006186144700E-003
   340088.402148992       4.527294113144793E-002  5.112732967529267E-003
   261911.953113076       4.575225075258692E-002  5.495102122582474E-003
   105723.273818772       4.623175417644813E-002  5.878856254844671E-003
   53785.4834732354       4.671176740025485E-002  6.262751810383362E-003
   235377.198915187       4.733068827673486E-002  5.586561962297477E-003
   283976.339323013       4.690779192248484E-002  5.142004479940520E-003
   105052.931833099       4.648476992645396E-002  4.696781896413848E-003
   6540.42148500399       4.606226806188567E-002  4.251414678932900E-003
   106259.825376916       4.563818677171105E-002  3.806230966324827E-003
   56322.9209601582       4.602456369077330E-002  3.401787716104134E-003
   68681.4691791400       4.640906155274212E-002  2.997131633009501E-003
   250474.655980719       4.679446668071291E-002  2.592808416494899E-003
   170584.083699183       4.717970554181137E-002  2.188761233970146E-003
   48939.2850454953       4.581417036634267E-002  1.698993363314892E-003
   116434.604110827       4.544745202056396E-002  2.120804325429704E-003
   172547.279944403       4.508079064644296E-002  2.541234018989692E-003
   328432.038939460       4.471455140995331E-002  2.962550816809879E-003
   589501.052173300       4.414481680885365E-002  2.583802009967060E-003
   541517.122581335       4.357597655879095E-002  2.204913485008440E-003
   685421.651817734       4.300817252872813E-002  1.823348681215477E-003
   31198.5379069182       4.259041241119080E-002  2.273493506933033E-003
   83754.4093914179       4.301566012161014E-002  2.811827415235743E-003
   207164.453935697       4.344146869260302E-002  3.349439155253979E-003
   70501.9416040469       4.386964419017711E-002  3.886002367575660E-003
   31675.9810277912       4.348570852374695E-002  4.341329783858271E-003
   195738.284359869       4.310349728466615E-002  4.796710477799639E-003
   182045.695455403       4.272022360028391E-002  5.251451800637624E-003
   52303.2437674257       4.800668803228922E-002  6.204351860138817E-003
   29546.1208835414       4.845182612776570E-002  5.790174506068975E-003
   37613.7283854268       4.889615415016567E-002  5.376893739930892E-003
   142559.186704475       4.934042233122407E-002  4.963064876472785E-003
   112802.490065401       4.978485841886189E-002  4.549776117170382E-003
   117816.804781989       5.024848271429928E-002  4.922517031601891E-003
   81725.7906060635       5.071307559434857E-002  5.295451768351650E-003
   5178.90126328092       5.117674989990095E-002  5.667540503041600E-003
   36041.3513555179       5.164170513201451E-002  6.040620590861788E-003
   104519.129784564       5.231944913559262E-002  5.299599973772906E-003
   137458.725278431       5.190739190801408E-002  4.869616153698424E-003
   55955.9375743584       5.149638424849663E-002  4.440250642324783E-003
   8502.76213269700       5.108417393428040E-002  4.009842658539904E-003
   86193.9722198189       5.067181445019697E-002  3.580432165204823E-003
   57503.5148346830       5.104222637012552E-002  3.059014575767681E-003
   53723.4634261671       5.141203516986917E-002  2.537287612890300E-003
   62152.1737729667       5.178056601811653E-002  2.016609772763267E-003
   90350.6464161656       5.214985852988149E-002  1.495248867241937E-003
   6935.88251274879       5.115785112105117E-002  1.448621203370030E-003
   97921.1019092729       5.067350075578764E-002  1.863368573944237E-003
   110326.122135968       5.018811368242229E-002  2.278731517569449E-003
   155717.205212286       4.970267796944351E-002  2.693872594990765E-003
   149362.682809488       4.930026476929352E-002  2.318324498740496E-003
   71461.2761529513       4.889786311676132E-002  1.942238421765917E-003
   47638.5745467508       4.849516193052114E-002  1.567044824412365E-003
   269170.865800080       4.758869418777826E-002  2.556810359333186E-003
   152532.273633318       4.799670073492979E-002  2.925355304535504E-003
   62550.9545306425       4.840591306736804E-002  3.294128154421448E-003
   130987.337077634       4.881531960066632E-002  3.663163683473507E-003
   120534.400062286       4.844332734661239E-002  4.144091435608566E-003
   19660.3756388642       4.807179073912670E-002  4.625113685949624E-003
   38610.8624033991       4.770153902437054E-002  5.105900077311112E-003
   11980.2668787314       5.306037081036410E-002  5.976811691924611E-003
   9517.73982102733       5.348429762961349E-002  5.427051969373405E-003
   47111.4532879696       5.390678988731129E-002  4.878047046070387E-003
   44772.7915614559       5.433005659635189E-002  4.327973888063117E-003
   50375.8223639189       5.475220943785179E-002  3.779038761429442E-003
   77156.2357465871       5.523825359040554E-002  4.286416280069863E-003
   46182.3107845848       5.572439267748363E-002  4.795015449963276E-003
   7893.03720135193       5.621069399062675E-002  5.302580463208360E-003
   16424.9128344106       5.669720439564909E-002  5.811076208724552E-003
   53542.2637007293       5.731510156070713E-002  5.134083846372357E-003
   120960.561926379       5.676485848089147E-002  4.695883761592782E-003
   91638.6861577656       5.621579040821139E-002  4.257353227532515E-003
   76770.4256017014       5.566574969800893E-002  3.818735298384185E-003
   31258.8832047483       5.511655967887746E-002  3.380062163180556E-003
   46900.1936840317       5.562492885071921E-002  2.916921166725012E-003
   44386.8938222445       5.613386156142617E-002  2.453758954736030E-003
   99830.7332775591       5.664190431694234E-002  1.990968072422644E-003
   52596.5929351048       5.715111181715998E-002  1.528421606241287E-003
   63605.2021895125       5.595965301378476E-002  1.368570859706334E-003
   11720.9973987395       5.554540917673868E-002  1.917448887819383E-003
   15834.4925452618       5.513146991322380E-002  2.467330815592947E-003
   135769.390828729       5.471765594724767E-002  3.016008341532632E-003
   176429.275012069       5.419130053652693E-002  2.510276039133191E-003
   81898.3372583800       5.366510056963625E-002  2.002856528185560E-003
   5972.99103184128       5.313969831441949E-002  1.496251180371677E-003
   165183.553697639       5.270117244699804E-002  1.974927900089693E-003
   102654.258667050       5.325119322687042E-002  2.454232736222746E-003
   22950.8467885843       5.380238989860494E-002  2.934697583611221E-003
   3131.71748029974       5.435327513406420E-002  3.414893529586059E-003
   14291.1427694600       5.384520849557581E-002  3.885769439624580E-003
   58529.3093279057       5.333640676799978E-002  4.357618569269170E-003
   29681.1158479276       5.282841576395706E-002  4.828123762158893E-003
   8582.28732856116       5.799187310634851E-002  5.751580812653554E-003
   20047.3057200225       5.843836631728407E-002  5.376652995314916E-003
   42907.4299201637       5.888461540914187E-002  5.000643343920004E-003
   19519.5096072969       5.933092290910977E-002  4.625702045957227E-003
   22771.6946567997       5.977721863345897E-002  4.250794123010312E-003
   7276.02410968353       6.025503360015477E-002  4.583025547635258E-003
   47513.9292870332       6.073274605063144E-002  4.915388569914003E-003
   18265.0763920881       6.121056396174720E-002  5.248664168162417E-003
   7896.58934096213       6.168829004971405E-002  5.580970024084771E-003
   31715.6189903148       6.230959751245121E-002  4.899419680595271E-003
   61655.6789709964       6.193475418830426E-002  4.454422231378169E-003
   32118.7958458751       6.155899253509662E-002  4.009342825295865E-003
   52377.2392360779       6.118418670456613E-002  3.564230778540689E-003
   51204.1093601506       6.080952881286961E-002  3.118966816574717E-003
   17766.3785891421       6.114456133522991E-002  2.693101484812564E-003
   18987.4850245951       6.147922592559842E-002  2.267020226145344E-003
   21774.0218704519       6.181488373130220E-002  1.840969191458086E-003
   18596.8398715581       6.214946123308236E-002  1.414049900249083E-003
   9755.51866499118       6.085756211684153E-002  9.682986437265374E-004
   27011.9879505052       6.046444228361570E-002  1.341965033159827E-003
   11096.9420740864       6.007124620741149E-002  1.714493184187904E-003
   113560.274734988       5.967826493038534E-002  2.087173049815034E-003
   135978.861119082       5.922387588017085E-002  1.753699149869111E-003
   127677.805708536       5.876956087716204E-002  1.420041140695251E-003
   70976.8146582729       5.831517664030386E-002  1.085279195778575E-003
   86205.9381530603       5.752437602614281E-002  1.950861060065202E-003
   22598.5919221585       5.789868265423677E-002  2.373434604207885E-003
   2652.17231651553       5.827216255777053E-002  2.796030025354196E-003
   29654.8241918429       5.864577823636838E-002  3.218600233212013E-003
   28684.6806234190       5.831330948467680E-002  3.697448171122710E-003
   15135.8964724468       5.798087895600911E-002  4.176315257447502E-003
   32607.0447306514       5.764743395238215E-002  4.655186285299059E-003
   26236.1342806176       6.299080039807740E-002  5.520334088307641E-003
   22826.9477193552       6.343169744690456E-002  5.048610802060009E-003
   64866.3054383594       6.387250639378134E-002  4.576755270000149E-003
   60968.3268587782       6.431340594802969E-002  4.104889485822391E-003
   17279.7707799165       6.475425164872158E-002  3.632894091899168E-003
   35554.6518445954       6.515898066888140E-002  4.065396949560048E-003
   21453.1205029067       6.556462511330774E-002  4.497806765327827E-003
   45208.5182708788       6.596920630389871E-002  4.930215547168461E-003
   16318.4318261731       6.637470097021886E-002  5.362587279799136E-003
   9294.13662022731       6.729095120150624E-002  4.356895130980736E-003
   17230.1119456433       6.682245685978258E-002  3.993323191953411E-003
   8888.03087639103       6.635398733826660E-002  3.630890789356004E-003
   60078.3539487874       6.588550640442459E-002  3.267555112290117E-003
   17587.2646320670       6.541728608145080E-002  2.905171013992306E-003
   23377.5803207064       6.584755227403433E-002  2.443832300869404E-003
   37631.2499229279       6.627767329151905E-002  1.982366839370150E-003
   29351.7001299549       6.670784634891577E-002  1.520917211758829E-003
   22981.5818876971       6.713800013026225E-002  1.059430243281732E-003
   17663.8122259945       6.594902657447185E-002  8.293342787869724E-004
   14504.8878037127       6.552934126665493E-002  1.300304505371472E-003
   57795.6446799995       6.510960122574648E-002  1.771242654114779E-003
   60518.8891111912       6.469000038321711E-002  2.242364790672622E-003
   47151.2796727729       6.425974512773075E-002  1.810920654512392E-003
   49799.0765372837       6.382952572194861E-002  1.379373190923896E-003
   22533.6441167011       6.339926992465113E-002  9.478136895547324E-004
   57696.9624377953       6.261884420352334E-002  1.803708057163921E-003
   40206.4849477168       6.308814494475203E-002  2.192444064608057E-003
   42864.5481271305       6.355748942070012E-002  2.581163036461461E-003
   2639.64800982317       6.402685177266199E-002  2.969895861784821E-003
   29597.3761962502       6.359760591889650E-002  3.452202316468186E-003
   34475.3564667398       6.316827753984176E-002  3.934518181341887E-003
   101122.174709095       6.273885217445267E-002  4.416825989376020E-003
   30810.3384890651       6.829646463717769E-002  5.272991335345418E-003
   33255.9176661699       6.865635802801300E-002  4.721821619723031E-003
   12509.3042523321       6.901524116565466E-002  4.170658183539316E-003
   32896.4912622217       6.937528266070818E-002  3.619480092800130E-003
   25138.8524390278       6.973434836090901E-002  3.067184622271607E-003
   29157.1443831765       7.017214052501203E-002  3.582137247913363E-003
   28415.5966955307       7.060980460239888E-002  4.095972490442476E-003
   39699.2536348852       7.104734503939521E-002  4.609837498159412E-003
   28889.4400265719       7.148475911581374E-002  5.123788919463378E-003
   2045.98451267105       7.229228330400145E-002  4.237148837416280E-003
   25994.5526687328       7.173948148108564E-002  3.849533293684520E-003
   11430.8522243577       7.118661046516564E-002  3.462081395944174E-003
   42832.4020193463       7.063372144424496E-002  3.074789534956429E-003
   11232.4071651266       7.008007134776767E-002  2.687574924844067E-003
   25519.2833738268       7.059701996460405E-002  2.284191540177046E-003
   59000.1271917286       7.111290829172910E-002  1.879752457019416E-003
   48598.6939559221       7.162880905796569E-002  1.476244680648824E-003
   26564.6925341886       7.214463382007644E-002  1.072647613833446E-003
   5453.14767543967       7.076314307996485E-002  6.877344096397498E-004
   2493.43642213671       7.040939903114610E-002  1.238761928889577E-003
   39890.8234523951       7.005453386385838E-002  1.789799346433699E-003
   17358.9999182238       6.970065582368255E-002  2.341905335019284E-003
   2931.62623281172       6.923513831722207E-002  1.828166020194038E-003
   32751.7935567051       6.876970596299641E-002  1.315468664086647E-003
   13615.8423468306       6.830432496317082E-002  8.027573130673562E-004
   11841.7470545125       6.769200426830606E-002  1.475036786554140E-003
   5701.80610770127       6.824600233026294E-002  1.890613496307624E-003
   40730.2935336337       6.880002417198267E-002  2.306071913666169E-003
   11214.0365684292       6.935491967972254E-002  2.721466235260991E-003
   52607.7062564370       6.883816900914329E-002  3.129716062420563E-003
   57629.4787538779       6.832237937176246E-002  3.538993929269569E-003
   80332.5027413977       6.780656037247187E-002  3.947341012518505E-003
   28934.7675673961       7.317876697283605E-002  5.044646623056844E-003
   21837.7768196619       7.357346577416830E-002  4.641023946593237E-003
   26584.1201190073       7.396816264542699E-002  4.237316301914956E-003
   27925.7583573757       7.436292787147071E-002  3.833586895190470E-003
   22331.6685605403       7.475763569519854E-002  3.429721666745644E-003
   24347.5359750507       7.536504942028355E-002  3.786711925714641E-003
   14810.2527049063       7.597149161778938E-002  4.143707911689894E-003
   30088.8301757991       7.657901054068229E-002  4.500501958601213E-003
   47984.6253569583       7.718647501693091E-002  4.857063395202395E-003
   35806.4875498646       7.732069788332001E-002  4.709614998003410E-003
   3945.88078920707       7.690827807637672E-002  4.138510248345656E-003
   27537.2631584218       7.649600487411229E-002  3.567417914172237E-003
   30497.9883853853       7.608388945694422E-002  2.997211413088499E-003
   3264.04760397969       7.567184480017736E-002  2.425893790495301E-003
   6325.01208382970       7.603931425687264E-002  2.041335553836936E-003
   14737.6011181701       7.640677888208365E-002  1.656754935537115E-003
   18135.0016661273       7.677420109432097E-002  1.271160681093389E-003
   13252.1775433171       7.714165975158130E-002  8.865384873778855E-004
   3034.82618694450       7.571497417209699E-002  3.066083241768818E-004
   1128.33816371808       7.536535990330170E-002  7.083590818283934E-004
   8744.65070047349       7.501672247051966E-002  1.110061489366181E-003
   7231.41646441619       7.466808591656937E-002  1.511785714379592E-003
   11477.9255604381       7.427146520829435E-002  1.144900511330943E-003
   4666.80620080765       7.387381253066855E-002  7.781627865349576E-004
   3492.46837768325       7.347717444856117E-002  4.114140447951942E-004
   951.446629988814       7.254703431671355E-002  1.433127895315489E-003
   5389.24884515675       7.294937375229779E-002  1.793627444835609E-003
   14701.7856660314       7.335172509283673E-002  2.155102964328684E-003
   37532.0392517286       7.375401198055821E-002  2.515547062049772E-003
   2951.16533392658       7.338862165976329E-002  2.945867210463918E-003
   6819.14349435364       7.302320852923321E-002  3.376235582035802E-003
   47961.0908913722       7.265771279414737E-002  3.806611767313311E-003
   30024.7250156969       7.746812633983388E-002  4.843868311373024E-003
   27364.9949211551       7.803697295962533E-002  4.377002773230144E-003
   4796.16652963237       7.860585543151423E-002  3.910025742875011E-003
   1714.04705290302       7.917364553194339E-002  3.442013115973668E-003
   1264.34162629584       7.974242018324741E-002  2.974872373865011E-003
   7047.33554452609       8.023350375293074E-002  3.392331028550177E-003
   4170.27774312805       8.072364285449503E-002  3.810802496960207E-003
   18963.9749394841       8.121470445385987E-002  4.228236734262258E-003
   16008.5400983101       8.170474919364566E-002  4.645714416493024E-003
   7138.35770011376       8.229318126397552E-002  3.999531878259318E-003
   9674.58383441753       8.183167499232794E-002  3.550602641922313E-003
   1856.75093308492       8.137009153436064E-002  3.100736578939588E-003
   1318.97895172602       8.090756649575205E-002  2.651926106980107E-003
   13863.7660542906       8.044598910248273E-002  2.202089842012288E-003
   10621.4444862041       8.086388116617323E-002  1.720071627693015E-003
   1247.58232015444       8.128281271905058E-002  1.238013668537036E-003
   3592.92965521069       8.170077344194512E-002  7.559945821269598E-004
   3091.35116164072       8.211877288511228E-002  2.749285638412066E-004
   3801.66193444829       8.099603133697413E-002  1.141931852831693E-004
   2173.75799862125       8.055507790338955E-002  5.752604352815484E-004
   10954.6372354693       8.011415855478703E-002  1.037350001789123E-003
   6834.54692650013       7.967321031422755E-002  1.498489064245817E-003
   5428.76319703331       7.928596311155581E-002  1.076177216227928E-003
   2060.85486621507       7.889867623272741E-002  6.529005373463489E-004
   5447.56381894876       7.851045978176056E-002  2.306754167954931E-004
   10826.3870041080       7.759840945484212E-002  1.232519788186834E-003
   6882.69457324365       7.805519944448754E-002  1.579483688095548E-003
   1011.93872202577       7.851293426248264E-002  1.925374766012098E-003
   15870.2921049004       7.896964838712571E-002  2.271294165283666E-003
   11955.2980935145       7.855775262283730E-002  2.881169203628194E-003
   19408.0015422209       7.814477694614926E-002  3.490054718330790E-003
   2165.53843698283       7.773276049908563E-002  4.099821101691348E-003
   3146.42232385063       8.293937169096165E-002  4.588001614586772E-003
   6219.01081696892       8.338577694010854E-002  4.072608215297370E-003
   4690.99144584159       8.383313248325752E-002  3.556167668488807E-003
   9223.50438072258       8.427953709392347E-002  3.040774481510757E-003
   1636.84746501053       8.472692949368756E-002  2.525321914039996E-003
   8478.60873405218       8.517550066860544E-002  2.998901408525588E-003
   208.176728697063       8.562507705241149E-002  3.472439198232496E-003
   2260.14340859829       8.607370031672727E-002  3.947033614398314E-003
   3026.20358868062       8.652329347340695E-002  4.420572904585410E-003
   3476.53032922300       8.727936797468237E-002  3.590398155506764E-003
   896.747697265853       8.676599666886252E-002  3.186906394083219E-003
   2060.97329382819       8.625166567179431E-002  2.784463227213328E-003
   4334.81475216831       8.573828586666259E-002  2.380965736211971E-003
   8546.06363843685       8.522492408043043E-002  1.978482620490551E-003
   3249.58969384050       8.569861491473453E-002  1.532894860433898E-003
   3508.05141261150       8.617232483344366E-002  1.087310002289379E-003
   2568.98067979045       8.664698782425290E-002  6.406716578215986E-004
   2584.96908445088       8.712069204689847E-002  1.950645532087913E-004
   3783.41361236950       8.587742070877181E-002 -6.016675476195601E-005
   3228.20007304268       8.547700258308202E-002  4.540733540953725E-004
   3394.45846821041       8.507753181072442E-002  9.672696857396068E-004
   6529.28185812465       8.467805532797289E-002  1.480467292511362E-003
   5240.27699133193       8.419342950524301E-002  1.008597801907363E-003
   3592.09333830356       8.370878895671729E-002  5.367749409458163E-004
   3414.66047891563       8.322411469094410E-002  6.396266043128592E-005
   6811.10066634911       8.263382405472715E-002  7.123148130983377E-004
   856.035809804227       8.314992830440190E-002  1.150623612662099E-003
   1872.23420737348       8.366501709135128E-002  1.588973223727939E-003
   12096.9314507484       8.418007676428957E-002  2.027328316087675E-003
   5130.45887751405       8.370862351198180E-002  2.520862562927519E-003
   7618.45158998293       8.323713052275256E-002  3.013404406347959E-003
   6066.51890197742       8.276467967748967E-002  3.506989686929197E-003
   2700.99694589806       8.810957003009426E-002  4.346496424114166E-003
   1515.36179557318       8.851751470350770E-002  3.928983892873371E-003
   7662.94725469862       8.892445712120058E-002  3.511529010761615E-003
   11336.8133252457       8.933239276591284E-002  3.094036662589642E-003
   4242.85458597364       8.973932936910610E-002  2.676602514729131E-003
   9031.34056361698       9.012045453449244E-002  3.057261762768317E-003
   1970.89180127998       9.050158923185776E-002  3.437930491442292E-003
   3593.29458545450       9.088273283736426E-002  3.818608743935065E-003
   4193.13881946994       9.126388465039306E-002  4.199293720222857E-003
   1971.12068338588       9.226191068956294E-002  3.103588210672448E-003
   6434.68036359225       9.184744250977055E-002  2.759528412684951E-003
   1368.09836193509       9.143297645248519E-002  2.415447619232661E-003
   5024.65765052738       9.101850129364551E-002  2.071357889839555E-003
   447.693268776014       9.060399976119064E-002  1.727274403882420E-003
   6545.55731487169       9.097859815127345E-002  1.217217410922387E-003
   1729.93926740231       9.135320457678582E-002  7.071712779265719E-004
   2937.58196021410       9.172774485634135E-002  1.961218522436199E-004
   3849.35057271482       9.210232816062661E-002 -3.139137416334273E-004
   3692.17228211636       9.107424266992860E-002 -3.990136208593107E-004
   4774.42136270219       9.060037193301353E-002  2.156758242605238E-005
   10343.5891479019       9.012750322454223E-002  4.420957656507229E-004
   4397.44090071543       8.965460891168059E-002  8.625886870230375E-004
   3361.84150594303       8.921349715550266E-002  4.847429255630379E-004
   5888.25904726718       8.877237792528143E-002  1.069020318990059E-004
   4211.07712526894       8.833025656258602E-002 -2.708927060592237E-004
   905.717477691836       8.753799762298205E-002  5.990317842113212E-004
   160.970335049630       8.795535278947562E-002  1.003997165500254E-003
   1788.11477004533       8.837265612353165E-002  1.407972805575110E-003
   939.556070556600       8.878996234979725E-002  1.811948796048394E-003
   164.978598319317       8.841227095278269E-002  2.256066059618710E-003
   4041.02463794521       8.803464658846105E-002  2.701186599780631E-003
   9786.38118978390       8.765698671350290E-002  3.145304270704512E-003
   5081.54343284433       9.335763289551988E-002  4.101608224204582E-003
   7520.30926160417       9.369590086964499E-002  3.563219856649678E-003
   2991.84361474923       9.403410863710646E-002  3.023827315887444E-003
   2091.38107488633       9.437233362221242E-002  2.485424845827078E-003
   4117.40757480238       9.471053820066044E-002  1.947041979475146E-003
   5818.17232593917       9.519132517046339E-002  2.447183582953120E-003
   956.390854909220       9.567210995055506E-002  2.947368260872469E-003
   7896.50470669484       9.615296650394670E-002  3.448552500890520E-003
   4837.38575695205       9.663480225102958E-002  3.948679068057480E-003
   1109.58660520264       9.727379783423878E-002  3.247119328313320E-003
   8224.04204662242       9.673104398344140E-002  2.813953305672426E-003
   2218.57306746668       9.618735703644074E-002  2.381788243913061E-003
   4501.29002856485       9.564466284166308E-002  1.949554498907473E-003
   4097.89388696782       9.510192393042408E-002  1.517325881479571E-003
   2783.37256458762       9.560519453310196E-002  1.104363468013705E-003
   3665.22292121869       9.610845975418753E-002  6.914152565221966E-004
   2573.54880147580       9.661272393780465E-002  2.784303835473884E-004
   392.679193259801       9.711600132387195E-002 -1.344895118831420E-004
   2052.40728052408       9.576476503980119E-002 -4.938387017280345E-004
   2219.33230623694       9.540059270762595E-002  4.675795797661484E-005
   3422.16036626968       9.503638936005038E-002  5.863608241780979E-004
   1570.45231096333       9.467218760163373E-002  1.125946236909640E-003
   437.592850630973       9.415640513280976E-002  6.274466638171309E-004
   2787.09525943395       9.364063145240574E-002  1.289112382498970E-004
   4601.96614410444       9.312379717670524E-002 -3.705796584724487E-004
   1589.79657819056       9.264668288284535E-002  1.532161634046529E-004
   962.111294509480       9.319207292092646E-002  6.213266643775423E-004
   4821.14831421510       9.373642327222149E-002  1.088501704805613E-003
   6381.73996228735       9.428080338217562E-002  1.555670133191204E-003
   4571.10852825423       9.377632789665383E-002  1.942677030262330E-003
   8498.04766144959       9.327186689571659E-002  2.329658081231140E-003
   11317.1742708036       9.276640005587299E-002  2.716662182535504E-003
   67608.6726642656      -1.575506649196334E-003  1.250445424937532E-002
   79656.8592530966      -1.180439730644145E-003  1.202992252957059E-002
   113697.953623706      -7.865448305660616E-004  1.155447408407731E-002
   108294.530110719      -3.918946721643395E-004  1.107783113151202E-002
   17876.0838258332       1.405827589300332E-006  1.060202591377421E-002
   115041.552259737       4.634246898188802E-004  1.107570985064941E-002
   525.856768952361       9.265644613842588E-004  1.154984457825236E-002
   158178.129556553       1.388678811585761E-003  1.202268428947555E-002
   82903.9616155536       1.850693594958899E-003  1.249612371774242E-002
   337135.773161749       2.507349035187151E-003  1.183529674358602E-002
   10389.6752047739       2.029923541912714E-003  1.137635322947266E-002
   74428.7900271504       1.552936173471241E-003  1.091815421967900E-002
   27991.0774678122       1.075015781746975E-003  1.045930285644501E-002
   41156.8815696775       5.985358716866041E-004  1.000136926408868E-002
   120296.341397934       1.072260112953037E-003  9.532508456809469E-003
   66107.7693040792       1.546901561867415E-003  9.063507603961142E-003
   16496.8683784660       2.020522919853177E-003  8.594376308799993E-003
   57278.3483040154       2.494214096361515E-003  8.124283795324034E-003
   148855.649787144       1.397803948226146E-003  7.975063152608694E-003
   88591.3084843814       9.312570151848349E-004  8.450990360782999E-003
   47613.7082108929       4.646384575061726E-004  8.927900961131271E-003
   123438.028217195      -1.921713153163913E-006  9.403993870340851E-003
   138014.440915176      -5.065086400236888E-004  8.930013983981631E-003
   125787.804768631      -1.011703729385619E-003  8.454715837633279E-003
   55557.0966827761      -1.515414195428577E-003  7.979897846175069E-003
   463547.697083934      -2.502614217943319E-003  7.986430090559698E-003
   57663.2679001451      -2.027725052535523E-003  8.491271640883133E-003
   173832.705795998      -1.552523064153896E-003  8.995895121904575E-003
   176195.795994957      -1.075721511484559E-003  9.500843472985583E-003
   28057.6929761384      -5.992674147156463E-004  1.000417371895457E-002
   258564.725337455      -1.072911437223304E-003  1.039881665523829E-002
   249071.468758241      -1.548037706789688E-003  1.079393426547800E-002
   106480.381290477      -2.022605809407056E-003  1.118750182440983E-002
   348044.213996981      -2.496847706094890E-003  1.158153457852581E-002
   94090.9520265712       3.166651644970700E-003  1.249106670500249E-002
   298180.053502935       3.627389509039544E-003  1.202809903302992E-002
   516834.630904502       4.087638166586772E-003  1.156479777283962E-002
   795047.603627322       4.548892207869203E-003  1.110058656434763E-002
   313262.405786074       5.008739507759227E-003  1.063513590410009E-002
   690121.996019722       5.559630925195793E-003  1.109175955515950E-002
   134022.099074473       6.110913195109187E-003  1.154788064695203E-002
   438313.819760261       6.664529223696327E-003  1.200184322742914E-002
   2268.01746790772       7.216578715627871E-003  1.245497212796010E-002
   284653.691954477       7.531027808405198E-003  1.213035940318165E-002
   250850.679911533       7.059811710052425E-003  1.159356944014424E-002
   109950.325379983       6.590304317789955E-003  1.105508606642473E-002
   517923.528965171       6.122093762708153E-003  1.051690699922419E-002
   436038.440895144       5.656690200474781E-003  9.976619492842747E-003
   350568.674756334       6.115720091396503E-003  9.482203500573617E-003
   431538.790163383       6.573346602424074E-003  8.987883707504449E-003
   170400.952722850       7.030399230425980E-003  8.492448686195661E-003
   143885.579935174       7.486865205944050E-003  7.997872155909240E-003
   345498.637029618       6.451689138100211E-003  7.927603789439299E-003
   110779.927334889       5.967844321434822E-003  8.396127310880288E-003
   114660.589910450       5.484624120870481E-003  8.863694136670448E-003
   219206.235822899       5.000137271026279E-003  9.330580959286117E-003
   180714.914622618       4.529522007118743E-003  8.872211445005707E-003
   223045.132929649       4.059341262363242E-003  8.413362043839693E-003
   126655.822538152       3.589432609700145E-003  7.954198079306184E-003
   35593.3413257258       2.958370918123206E-003  8.591151514884139E-003
   33470.3270394691       3.422706710416123E-003  9.056923711402400E-003
   8379.12027653923       3.887490312047861E-003  9.522271593868689E-003
   97795.2118955749       4.352589165234798E-003  9.987323619371219E-003
   26229.0290425299       3.893043878932801E-003  1.044919860077983E-002
   275269.920244727       3.431739304356551E-003  1.091128005297895E-002
   483357.516141588       2.969614988031318E-003  1.137240363794943E-002
   117706.264588207       7.853958809799801E-003  1.244441404978517E-002
   394085.946383330       8.395552008009578E-003  1.204545602491530E-002
   746030.897955995       8.939250431853603E-003  1.164655173467255E-002
   794345.560211161       9.481324648104065E-003  1.124527746827355E-002
   211989.785549092       1.002264473546921E-002  1.084299010041063E-002
   444077.134344640       1.040673907296699E-002  1.122967683089994E-002
   70014.2481773077       1.079101198355565E-002  1.161659600055564E-002
   361283.635955615       1.117386778735276E-002  1.200216084771851E-002
   169758.846884081       1.155843647985218E-002  1.238751307663304E-002
   363520.157003845       1.253387970984288E-002  1.137790883601824E-002
   309129.141507120       1.213363174981960E-002  1.100708010248881E-002
   39894.6342528989       1.173350129827168E-002  1.063905059203183E-002
   354521.648097840       1.133278934838539E-002  1.027022581408356E-002
   310388.537200593       1.093376907138943E-002  9.901566566272498E-003
   76252.8758206963       1.132021350207495E-002  9.347073120593796E-003
   276629.701806729       1.170453623217240E-002  8.791071590615955E-003
   55515.7702079279       1.208738865768722E-002  8.235903282668496E-003
   29525.3242860911       1.247035579234750E-002  7.679936068948655E-003
   107911.644213737       1.161527804753456E-002  7.782244859969110E-003
   186653.655225278       1.107628387748507E-002  8.185907146669348E-003
   28874.3265250761       1.053566271943269E-002  8.589266929698240E-003
   594571.582563098       9.995602055463976E-003  8.993219037888408E-003
   675415.115197633       9.502714828776546E-003  8.606700420645576E-003
   641467.777797584       9.011130761290592E-003  8.219634761890023E-003
   184579.413640603       8.518609542222921E-003  7.833010996752833E-003
   524046.430363427       7.885734213457297E-003  8.480030437049991E-003
   76310.1728487008       8.283504745355559E-003  8.964601624183064E-003
   40912.2423073599       8.683282518291464E-003  9.447831280687619E-003
   14618.0819521816       9.084236999848082E-003  9.931491068372704E-003
   157110.291612721       8.698072227039659E-003  1.048124177828858E-002
   31773.9186700081       8.310211610828972E-003  1.103013852772673E-002
   600444.206056133       7.921669788062505E-003  1.157969167234235E-002
   64823.0226615907       1.354494379027365E-002  1.235397726300309E-002
   64666.1502337183       1.391454512151097E-002  1.191870217848399E-002
   54217.9485565545       1.428272531061765E-002  1.148301977695669E-002
   40380.2072201969       1.465189674303100E-002  1.104720520589709E-002
   39518.8541750330       1.501977578934926E-002  1.061101188988100E-002
   89850.5681194486       1.556794462016341E-002  1.102881244411024E-002
   138372.979748645       1.611580764275599E-002  1.144709874084724E-002
   129587.912986272       1.666369164051795E-002  1.186551392690554E-002
   105479.785182050       1.721219942378469E-002  1.228370807388715E-002
   372913.521482070       1.754493657587243E-002  1.193671196991509E-002
   137870.054974399       1.710598797856651E-002  1.140577943695128E-002
   63598.9479180816       1.666696800739425E-002  1.087432435773660E-002
   58035.7660032734       1.622766783023269E-002  1.034279758486165E-002
   167500.334245402       1.578833500133182E-002  9.811179058368771E-003
   83305.1745450225       1.620769457304412E-002  9.340253189291029E-003
   182391.371391056       1.662534980371681E-002  8.868782905054334E-003
   518084.524494426       1.704244752037039E-002  8.397887230918435E-003
   351770.052941010       1.745951047631729E-002  7.927285368612230E-003
   40449.4653478715       1.633840131546694E-002  7.726003987429415E-003
   336002.915121141       1.588820965543661E-002  8.166138565057613E-003
   459744.985752459       1.543833254033282E-002  8.605467508213588E-003
   492558.346296728       1.498856819950722E-002  9.044048150451045E-003
   712995.500108086       1.443436955664858E-002  8.625484999796269E-003
   474545.812595726       1.388045456311024E-002  8.206605670069747E-003
   244739.219758838       1.332822085945925E-002  7.786365292606057E-003
   382541.111332153       1.290618407344955E-002  8.220402300356025E-003
   33646.1411428589       1.334283521864733E-002  8.761094537686545E-003
   227486.108213443       1.378074022511284E-002  9.302386426060686E-003
   211271.999585023       1.422069387176094E-002  9.842342725412985E-003
   199412.320871023       1.379928474825579E-002  1.022581003574128E-002
   188765.839683401       1.337766502077393E-002  1.061020872827066E-002
   91399.5914828057       1.295569484083944E-002  1.099340708202419E-002
   35843.5016806397       1.789178022682069E-002  1.226891870957536E-002
   65598.9743511063       1.842382196272654E-002  1.187816894285839E-002
   87590.8341044680       1.895529455845594E-002  1.148794074487848E-002
   133979.930431511       1.948663351537759E-002  1.109657772962432E-002
   45004.8297707164       2.001815954637652E-002  1.070551318377753E-002
   147355.334478574       2.029862695668162E-002  1.107772711125682E-002
   78532.7569174090       2.057995676492781E-002  1.144992452082618E-002
   81809.9965881435       2.086012249819740E-002  1.182114957184471E-002
   175361.280709906       2.114204144008758E-002  1.219264270412651E-002
   291087.010749633       2.251979254191129E-002  1.074486298341985E-002
   12240.1987121356       2.213471488645320E-002  1.048188246730419E-002
   113793.481656954       2.175012483879445E-002  1.022069302422089E-002
   180919.787515215       2.136473333128816E-002  9.958401304344304E-003
   165974.629991675       2.097974125717153E-002  9.696910115812673E-003
   86131.0236980065       2.134798243842739E-002  9.205978735374831E-003
   146270.346380411       2.171455090618836E-002  8.713931951801908E-003
   159654.890872749       2.207982987259119E-002  8.221965410284965E-003
   261171.352255995       2.244511714589533E-002  7.728610288523764E-003
   202232.023659472       2.138679142520222E-002  7.565049361902488E-003
   397643.537010484       2.091566961373077E-002  7.955370105927027E-003
   227002.946585754       2.044396388413049E-002  8.345768485866436E-003
   533304.057178062       1.997271002880875E-002  8.736614153941386E-003
   637626.987848705       1.950513896492616E-002  8.367957926600925E-003
   399434.800121150       1.903756657200725E-002  7.998893236421566E-003
   403911.639444174       1.857028295684960E-002  7.629869047652131E-003
   160383.681805292       1.784615622938990E-002  8.382021996493889E-003
   58470.7159860528       1.823268800114323E-002  8.835852653483391E-003
   177688.873696274       1.862081617907393E-002  9.289797108069389E-003
   98501.3691204284       1.901028552901222E-002  9.743006522044271E-003
   70814.7137123952       1.864414299967134E-002  1.029174222040668E-002
   33894.9834920661       1.827750047484151E-002  1.084012856639537E-002
   79280.1230358426       1.791170782604016E-002  1.138833618641777E-002
   27495.5635076942       2.396897220405790E-002  1.212063362307989E-002
   34817.7729993316       2.422938838969357E-002  1.163899000416727E-002
   152559.406585649       2.448783212620207E-002  1.115662081540806E-002
   98415.5643348600       2.474741854937438E-002  1.067424615311773E-002
   48705.6376123803       2.500559934521717E-002  1.019045644864077E-002
   22684.3073023980       2.545687065396578E-002  1.065295362512804E-002
   169925.545976633       2.590890675443285E-002  1.111504411892265E-002
   19894.6176115581       2.636048802010799E-002  1.157682073290361E-002
   129681.683088842       2.681318925180348E-002  1.203859570075021E-002
   241341.004084250       2.753663543770062E-002  1.126976109670834E-002
   364203.736138606       2.704922724055800E-002  1.084602027582447E-002
   243235.512529934       2.656234576679617E-002  1.042256369501441E-002
   373847.643983133       2.607538234530463E-002  9.997993539205772E-003
   316267.366461072       2.558802160322593E-002  9.573764932671933E-003
   37198.3216919300       2.605097561481041E-002  9.107882913368500E-003
   23894.4870772419       2.651054182530319E-002  8.642254521295469E-003
   252075.517016215       2.696957706212175E-002  8.176294806235778E-003
   162994.574986170       2.742898624147482E-002  7.711809069918100E-003
   118091.101355470       2.627152892835151E-002  7.523294991684900E-003
   121394.435071743       2.583780078740679E-002  8.013914927293864E-003
   251828.885185695       2.540552166668828E-002  8.503699947646300E-003
   621556.303411228       2.497242932439108E-002  8.993478096876449E-003
   727193.295124655       2.448020102001243E-002  8.531069973172597E-003
   386760.076265084       2.398817715876409E-002  8.068500120112296E-003
   62359.5674805856       2.349572767593709E-002  7.605205603179788E-003
   615753.389236652       2.293067624761798E-002  8.198089218493871E-003
   312875.248228238       2.341582269179194E-002  8.668266197685424E-003
   4330.29373521571       2.390164806024584E-002  9.138830484019133E-003
   117801.078098173       2.439039840212509E-002  9.608561605518472E-003
   23680.4561477525       2.392205269667524E-002  9.892208702604462E-003
   66815.5466735204       2.345466680465279E-002  1.017676791634822E-002
   53847.0620075410       2.298691624258863E-002  1.045993364315968E-002
   81543.6044146245       2.830419417458882E-002  1.199091168212076E-002
   69315.7372668215       2.873073913397816E-002  1.154349078576553E-002
   336698.499441624       2.915535468150429E-002  1.109428553785368E-002
   468055.703326073       2.958102731712440E-002  1.064586811694264E-002
   106131.870062499       3.000590501075428E-002  1.019668106498128E-002
   429454.314379815       3.052757757638576E-002  1.061375685860413E-002
   90321.2010854374       3.104888989796731E-002  1.102998773142966E-002
   40108.4627086044       3.157028632231976E-002  1.144651417523765E-002
   81817.6478723305       3.209100363997442E-002  1.186193437197629E-002
   40175.0723613401       3.255043200098380E-002  1.137024439726861E-002
   191618.187785697       3.209842446700142E-002  1.087931959792874E-002
   39512.1847032670       3.164547403574028E-002  1.038929037465212E-002
   233143.009032422       3.119386437035125E-002  9.899389524020558E-003
   405139.799341617       3.074278131990496E-002  9.408544463835846E-003
   125362.257057881       3.116342150111833E-002  8.951064978243857E-003
   123799.993770030       3.158173972690109E-002  8.493095212263664E-003
   25407.6732645847       3.200073280028704E-002  8.035364696060273E-003
   11965.5503457363       3.241893509766659E-002  7.578563867224591E-003
   148604.329042319       3.123524470965940E-002  7.322300239204844E-003
   32385.3675754903       3.080877801294247E-002  7.773400545412344E-003
   18245.3017922593       3.038245662137805E-002  8.222995813606405E-003
   374607.555767939       2.995644705740259E-002  8.673335177486608E-003
   371251.977604663       2.949422887823198E-002  8.253139116273405E-003
   251794.541585538       2.903340276002908E-002  7.832712787269087E-003
   25386.5571074031       2.857126195415646E-002  7.410771288114236E-003
   297564.321262517       2.787544710555718E-002  8.148289445460321E-003
   42898.4304216457       2.832288096929094E-002  8.585718422587492E-003
   100085.031896015       2.877000709561392E-002  9.022256414814543E-003
   318833.063413283       2.921910887290032E-002  9.459542834171364E-003
   69784.8521700870       2.879860105339999E-002  9.911892302378059E-003
   171165.192800462       2.837828441586376E-002  1.036467751607174E-002
   366846.113970113       2.795665435929636E-002  1.081630593649585E-002
   64812.7152889791       3.304206419412503E-002  1.182986311746309E-002
   224996.701515629       3.353247580441270E-002  1.134665877257870E-002
   228954.735617327       3.402268580925726E-002  1.086305156148174E-002
   380868.385533810       3.451242525286569E-002  1.037880111444136E-002
   65794.7920576000       3.500191053804153E-002  9.894260561684567E-003
   282363.209376745       3.540562564286016E-002  1.034474902625456E-002
   17866.0008649766       3.580807276929255E-002  1.079509026732647E-002
   8546.14447507996       3.621149326788105E-002  1.124503305882647E-002
   18507.8938678835       3.661352560835050E-002  1.169513326319043E-002
   25573.2398217312       3.753682620069126E-002  1.069560825475565E-002
   51811.0846318761       3.705560252658749E-002  1.033057134312380E-002
   23666.7426697969       3.657449742536826E-002  9.964644398906011E-003
   188582.353316029       3.609355037568972E-002  9.599988719055595E-003
   215666.726727038       3.561354344709923E-002  9.233884620234858E-003
   74938.0755896421       3.606481237526450E-002  8.825989283727321E-003
   25288.1848319166       3.651506713518514E-002  8.417634335836048E-003
   27744.2160886543       3.696530977476783E-002  8.010497397671297E-003
   36945.3690624626       3.741564736851381E-002  7.602756828526939E-003
   9157.36058662485       3.606710842282762E-002  7.180186193128141E-003
   50572.2947739190       3.569673073663279E-002  7.661316621250256E-003
   20426.3537178762       3.532538740384387E-002  8.142211704304816E-003
   395865.750816209       3.495446614892801E-002  8.623195302314968E-003
   386357.555856454       3.449727497049453E-002  8.173771966140801E-003
   237719.225946021       3.404033745014372E-002  7.723395896841917E-003
   82969.8282947241       3.358317168262382E-002  7.272572180487036E-003
   286028.205175974       3.289944369735487E-002  8.003822767077546E-003
   35267.5020362684       3.337963406047315E-002  8.430123790685393E-003
   105121.326769598       3.386044505342319E-002  8.856341698012232E-003
   141392.292434055       3.434238520902524E-002  9.282083280399046E-003
   97262.6698636200       3.389558157955536E-002  9.804803591352568E-003
   31333.7601453144       3.344771418688518E-002  1.032683774461241E-002
   65453.8296852996       3.299931848366181E-002  1.084860842863260E-002
   124428.338014217       3.853550704695808E-002  1.161811243421349E-002
   18363.8588806958       3.890346104884185E-002  1.119094604714185E-002
   206024.819233413       3.927226818005574E-002  1.076229200380536E-002
   357660.470907082       3.964038446093310E-002  1.033443681951369E-002
   126949.055851081       4.000959800703471E-002  9.906148399467737E-003
   331486.778362454       4.042572478532117E-002  1.030160301995810E-002
   38192.5428683612       4.084147641827430E-002  1.069685707775618E-002
   91115.0822448306       4.125809864905592E-002  1.109258281933459E-002
   109882.632806660       4.167319107157783E-002  1.148728359340251E-002
   39815.3249979802       4.254088388629448E-002  1.054251773412382E-002
   141885.475465632       4.211072935724277E-002  1.016265556688253E-002
   13056.0606801060       4.167962746394235E-002  9.782376550897504E-003
   242584.933387421       4.124984339778249E-002  9.403392275809138E-003
   124926.156296835       4.082121845387123E-002  9.023910211410784E-003
   111073.476646776       4.121658832199637E-002  8.570585985552730E-003
   142958.202308090       4.161106256265514E-002  8.116527978259812E-003
   34595.9522063624       4.200669952481240E-002  7.662503377441485E-003
   11173.5591659630       4.240096985417387E-002  7.208111874735475E-003
   12621.5151525574       4.119876026259855E-002  6.919713627650768E-003
   60952.9674012333       4.077958437577790E-002  7.351612572646020E-003
   112609.686041713       4.035998948233520E-002  7.782176964548164E-003
   290589.045084096       3.994097533182316E-002  8.213446202611973E-003
   250376.003543484       3.953528699904876E-002  7.816689789364029E-003
   189024.517299334       3.912952910525450E-002  7.419940707191914E-003
   95223.3692504968       3.872473703770727E-002  7.022028929521265E-003
   153070.051545695       3.784371467153113E-002  7.975708971772178E-003
   89150.2882953298       3.827257302065917E-002  8.347923352347223E-003
   46689.2567535130       3.870061105266615E-002  8.721069770144996E-003
   26638.4463148124       3.912900004606293E-002  9.093940433513867E-003
   7997.69347206151       3.873181504277891E-002  9.494675064301909E-003
   141462.268311313       3.833390449453371E-002  9.894293090656876E-003
   319895.207641288       3.793470824157199E-002  1.029506819759691E-002
   104977.221516924       4.348493043750527E-002  1.140989561924595E-002
   21514.6761472421       4.386503352644965E-002  1.096695837730330E-002
   220364.347488835       4.424615544796161E-002  1.052365372297779E-002
   268596.592629726       4.462656466811950E-002  1.008021572714970E-002
   106259.986839160       4.500677852375165E-002  9.637064292013144E-003
   171111.656179882       4.542779834892601E-002  1.004422473084434E-002
   64976.1291267552       4.584840467621304E-002  1.045268151238649E-002
   148649.415950914       4.626897181075343E-002  1.086086885425036E-002
   111912.121630099       4.668853891741299E-002  1.126890559227569E-002
   128090.698958098       4.754081241125284E-002  1.033726621518356E-002
   13759.9711555635       4.709644808537026E-002  9.955684968717286E-003
   68884.0418846417       4.665192301851769E-002  9.573562548236783E-003
   253905.669773691       4.620747043777029E-002  9.191626712946266E-003
   161896.676144519       4.576492933606570E-002  8.809073547345201E-003
   24685.9556192449       4.617070946978492E-002  8.327346425135104E-003
   122670.245075459       4.657652261035587E-002  7.845038233098338E-003
   30300.9412357876       4.698226751495949E-002  7.362919292522805E-003
   14460.3437204460       4.738785130581000E-002  6.880970797409859E-003
   127015.645429439       4.626809246718687E-002  6.710608972294241E-003
   8657.96960150071       4.582484634518442E-002  7.158482754847447E-003
   49997.1227874766       4.538150746539206E-002  7.605929966266477E-003
   245201.361263425       4.493846774141042E-002  8.052528089234503E-003
   247769.528393763       4.448397943165856E-002  7.646173095336379E-003
   225255.628708126       4.402940924540481E-002  7.238867381459201E-003
   105235.693609426       4.357480636287612E-002  6.831535722293629E-003
   231512.212170149       4.284620789973028E-002  7.625692891483977E-003
   142197.008937002       4.329120262042739E-002  8.043670859946775E-003
   120069.654981255       4.373632333219109E-002  8.461538093898721E-003
   120542.871737142       4.418068213376266E-002  8.879279519237251E-003
   75856.9787766699       4.377184400894047E-002  9.294526069113544E-003
   134576.831819089       4.336167658873764E-002  9.709940445484086E-003
   292806.068405260       4.295117853488134E-002  1.012640920902969E-002
   6966.36657010424       4.847242117666557E-002  1.118935760025711E-002
   7974.03485567085       4.885466978982721E-002  1.075482699222605E-002
   45910.9459046852       4.923755801819962E-002  1.031906433649734E-002
   30832.1109984039       4.962051629192143E-002  9.884395869604795E-003
   46309.4559490858       5.000330288814941E-002  9.449631582297665E-003
   78355.8460373503       5.047432925280396E-002  9.845690303367724E-003
   107413.419792261       5.094526394883282E-002  1.024192831281686E-002
   45140.1759971994       5.141633866369148E-002  1.063912681384333E-002
   30042.6483737069       5.188735817755814E-002  1.103539884578892E-002
   67067.6777906477       5.254392871227494E-002  1.031692541023185E-002
   135688.896090923       5.210727233932400E-002  9.883401054230512E-003
   79488.3419391229       5.166971763255666E-002  9.449677615330660E-003
   86828.2655357239       5.123306999139399E-002  9.015906747664872E-003
   42634.3662589378       5.079646275727700E-002  8.582023743155594E-003
   21708.4244740345       5.119322440093482E-002  8.116585405295661E-003
   17974.9726113513       5.158945592494443E-002  7.649915983314191E-003
   46551.7703830222       5.198669130899271E-002  7.184329296966898E-003
   26272.7119797467       5.238287948673125E-002  6.717996556938767E-003
   37139.2354515034       5.121289075298274E-002  6.477702870806974E-003
   22098.1703190319       5.078532832076053E-002  6.915723149572596E-003
   11324.4482465879       5.035673649531852E-002  7.352601571474267E-003
   144751.006557915       4.992934110537462E-002  7.789498306471718E-003
   171231.642046830       4.944869732759431E-002  7.393736737937622E-003
   158219.100405188       4.896812712868034E-002  6.997728025524671E-003
   24805.5129465773       4.848738468725430E-002  6.600644883286559E-003
   202919.521194294       4.782462006300657E-002  7.324576012220566E-003
   81124.1011456237       4.826224062920809E-002  7.768647882523553E-003
   46883.1611441407       4.869908174831655E-002  8.212768694071152E-003
   18061.5818276215       4.913615088686527E-002  8.656856812528955E-003
   45675.6330832759       4.873741135699104E-002  9.077173792575870E-003
   13104.7873323165       4.833889019942576E-002  9.497589558473220E-003
   12394.8998787465       4.793929445987036E-002  9.917899543901567E-003
   39760.1294970972       5.326184016141648E-002  1.097284968956646E-002
   33600.8966011704       5.369266978857095E-002  1.046303404362274E-002
   88260.8785431392       5.412325935720824E-002  9.953002747672123E-003
   66315.2323292193       5.455396729941687E-002  9.442986503842366E-003
   17399.9414094098       5.498460415784799E-002  8.932812704639092E-003
   33298.8295432904       5.549452052495879E-002  9.399893674862872E-003
   56416.9343966816       5.600442445957206E-002  9.866894759517259E-003
   22109.4133943158       5.651435644780873E-002  1.033373868638696E-002
   10410.0303926804       5.702404976111750E-002  1.080069139189050E-002
   14682.4726425647       5.754656629769574E-002  1.022802600119879E-002
   56625.2306944122       5.703467951375896E-002  9.763197448805012E-003
   40820.1388218425       5.652287654433691E-002  9.298374094596775E-003
   109222.982863047       5.601112329729546E-002  8.833622705501297E-003
   47509.8619158120       5.549970336177650E-002  8.368667544991160E-003
   32112.2756266280       5.596845699425505E-002  7.883791281980209E-003
   83140.1586807509       5.643700967371859E-002  7.398783357730935E-003
   52227.5351588309       5.690555606906552E-002  6.913784030798234E-003
   40559.1726665675       5.737402564882014E-002  6.428726297900905E-003
   50968.4453408599       5.625691758085157E-002  6.321789434002582E-003
   33418.5761931832       5.581664182405935E-002  6.832510140127241E-003
   72093.3957438916       5.537628559753213E-002  7.343155186749994E-003
   60889.2782611575       5.493598299520770E-002  7.853881738480249E-003
   51433.1571570709       5.446752468286284E-002  7.384767795982737E-003
   65640.7364051055       5.399815808795611E-002  6.915503989303245E-003
   44087.1650639885       5.352977326525302E-002  6.446152427137338E-003
   57068.2597218997       5.289234622819628E-002  7.143471032940734E-003
   45429.3782133636       5.340177254813692E-002  7.567967025231805E-003
   58059.8633257543       5.391131044763488E-002  7.993424430359802E-003
   20310.1755409032       5.442083103805759E-002  8.417876557104426E-003
   70009.8174869562       5.395162438820655E-002  8.892578563145896E-003
   52784.4486798488       5.348237263899676E-002  9.367290731016862E-003
   131367.894734636       5.301302176342002E-002  9.841938386269148E-003
   44399.8656637025       5.811875296827926E-002  1.075022446725852E-002
   29824.1715305673       5.858530693459408E-002  1.026160562872791E-002
   129093.164119076       5.905191894513536E-002  9.772880265517701E-003
   154898.177514329       5.951863762613926E-002  9.285026095580086E-003
   54764.3704533504       5.998518700758757E-002  8.795910509271487E-003
   103456.980998177       6.044984537959917E-002  9.241618825052955E-003
   27151.0365970762       6.091336218169014E-002  9.686169902238289E-003
   44858.1227402885       6.137780653272505E-002  1.013149542070662E-002
   58368.3765015334       6.184083286441761E-002  1.057703685170334E-002
   47853.0291892974       6.253631211460667E-002  9.813807555076397E-003
   41922.0717367632       6.204890834871676E-002  9.394136752382754E-003
   11478.9548724900       6.156148835829273E-002  8.973700754086190E-003
   100549.397090436       6.107519725267616E-002  8.554440099614787E-003
   28285.7593465706       6.058836924133604E-002  8.134051497555585E-003
   6248.14969416803       6.103391075240897E-002  7.651227765501941E-003
   93702.7619861604       6.147845112584319E-002  7.168334748756524E-003
   109445.639160632       6.192408543527469E-002  6.685328568568357E-003
   82281.4156048670       6.236964057260574E-002  6.202110646303573E-003
   36019.5417311608       6.124819550157871E-002  6.068679670938841E-003
   58155.4940049630       6.080790390290138E-002  6.556357252247339E-003
   132770.498093892       6.036743302295283E-002  7.043052773241420E-003
   37423.2927624398       5.992716225335702E-002  7.531075060075279E-003
   11708.6394678922       5.944319965295828E-002  7.086077586051609E-003
   66808.4862622514       5.895940331628347E-002  6.641941089576695E-003
   16755.3960534135       5.847554954539079E-002  6.196835918506903E-003
   50090.3894673898       5.786175804897525E-002  6.869690947705506E-003
   17044.6639385992       5.834942868545961E-002  7.310730247801643E-003
   56927.4989472352       5.883617616885185E-002  7.751711592944860E-003
   28786.8859020810       5.932381758511754E-002  8.192716937679409E-003
   36616.2927311608       5.887955127708840E-002  8.701524665364191E-003
   72137.4957776709       5.843597399179364E-002  9.210192617584708E-003
   160181.420156948       5.799120709612787E-002  9.718922040851894E-003
   61379.1854118934       6.329897733760656E-002  1.050913058802257E-002
   3692.16869375701       6.372315877330968E-002  1.010762087274270E-002
   123889.299543971       6.414838892360576E-002  9.704861540762243E-003
   155457.414228943       6.457278445607811E-002  9.303003816643621E-003
   79441.0880461271       6.499808785447823E-002  8.900812872442706E-003
   130658.801332726       6.544889274281929E-002  9.262048618131211E-003
   43616.1382390304       6.589864534771916E-002  9.623128964129370E-003
   57360.1301865716       6.634933600231958E-002  9.984936487029594E-003
   90812.0054818011       6.679875463003138E-002  1.034565438999126E-002
   30303.3095462488       6.753181442139329E-002  9.540498085436685E-003
   91318.6793719126       6.712964770751871E-002  9.126946174652180E-003
   7631.14919442402       6.672646126114119E-002  8.712804827416170E-003
   88501.8948823392       6.632452695342106E-002  8.299696400152002E-003
   15860.1454663908       6.592294885172445E-002  7.885434385724909E-003
   26594.6608755094       6.628698028305248E-002  7.484540782799265E-003
   71787.3000988160       6.665093551915276E-002  7.082463950029400E-003
   105652.967254538       6.701608271858699E-002  6.681286723463747E-003
   81132.1638915469       6.738017120396587E-002  6.278960875095680E-003
   16147.8212419316       6.600772228496697E-002  5.761731997359111E-003
   54731.6754865814       6.564164575508645E-002  6.161882256688625E-003
   137031.174807194       6.527438477814333E-002  6.561127612333840E-003
   13489.0948507137       6.490828724013148E-002  6.960680323001353E-003
   57399.6369079184       6.442881654314944E-002  6.600658939945075E-003
   4893.50002622867       6.394936800431682E-002  6.240769441195209E-003
   20154.0755543991       6.346989451736752E-002  5.880078008434909E-003
   11562.1167949962       6.277302964505548E-002  6.645619966517037E-003
   14862.3235666352       6.317726757336170E-002  7.089002048122168E-003
   67253.1754860071       6.358040586965077E-002  7.532353974723449E-003
   36201.8751593371       6.398329956227163E-002  7.975823428784175E-003
   5310.58409335853       6.362209630893521E-002  8.435672222342570E-003
   44465.0363043153       6.326061350061461E-002  8.894524981800047E-003
   160641.207348923       6.289794128056544E-002  9.354471855493493E-003
   73264.5661285555       6.833672135924791E-002  1.027377925343429E-002
   61661.3079426022       6.874618851494427E-002  9.778683977787472E-003
   22501.9579381657       6.915698536243230E-002  9.284571918591720E-003
   82077.3131942909       6.956697161532968E-002  8.789426003782913E-003
   65093.2725204511       6.997791282557934E-002  8.293832983894495E-003
   73325.8731090458       7.045909171281718E-002  8.747715059811575E-003
   5318.74292344983       7.094025335793634E-002  9.201322654367732E-003
   75525.4648816363       7.142216864018455E-002  9.653811573330891E-003
   77183.5702556048       7.190286290472626E-002  1.010740320798376E-002
   18291.9950967574       7.253419598164293E-002  9.414338814553478E-003
   96521.3690001968       7.203697450003521E-002  8.977989627488199E-003
   25329.0282233773       7.154055914625232E-002  8.541038961531734E-003
   40053.6411970856       7.104329482150745E-002  8.105298394803704E-003
   34833.0301301577       7.054637866429601E-002  7.669494331014345E-003
   8836.67591096685       7.100271293116142E-002  7.235088480214125E-003
   41588.8986347597       7.145922399573083E-002  6.800642161941225E-003
   66932.7398307139       7.191478554038709E-002  6.366130910605465E-003
   42501.4308406950       7.237128778276541E-002  5.931398603883586E-003
   17503.3138964439       7.109433155034907E-002  5.618274748850141E-003
   13407.0240040449       7.070368867951508E-002  6.111731959628558E-003
   66061.0840931267       7.031296996927734E-002  6.606236644111693E-003
   37289.2977690436       6.992226403380264E-002  7.100967484260580E-003
   42386.6619928880       6.951607688860571E-002  6.643552099236662E-003
   18639.5269435836       6.910896642415795E-002  6.186427200000598E-003
   25441.7503012869       6.870306114053704E-002  5.730286270182502E-003
   64099.0466510993       6.787396484688066E-002  6.641220736226834E-003
   51299.3802209367       6.836667125092624E-002  7.002438163542957E-003
   7227.00308028838       6.886040322573470E-002  7.364387036316386E-003
   74056.9602378357       6.935387792625501E-002  7.725235223154328E-003
   12357.6389699005       6.889838921682818E-002  8.179322316761561E-003
   49687.2145596262       6.844253089943611E-002  8.632464978422367E-003
   121999.994838894       6.798761135605826E-002  9.086754011382626E-003
   30478.7728127948       7.322724726797267E-002  1.004596840896705E-002
   10826.9954989447       7.366580872317886E-002  9.595367556140016E-003
   18790.0041415678       7.410555181822102E-002  9.145690108442893E-003
   22287.8273491879       7.454427145871005E-002  8.694955175789460E-003
   23879.0717931696       7.498289814765947E-002  8.244959758667764E-003
   1744.36072884451       7.543349672766460E-002  8.653304440620515E-003
   9934.91281662500       7.588312590778964E-002  9.062687066307145E-003
   19587.5396857839       7.633368109604215E-002  9.471022695383916E-003
   20230.5669113617       7.678325705827989E-002  9.880407362088660E-003
   4776.92743399296       7.752410981761014E-002  9.066963080171251E-003
   7638.55609535526       7.707448801061537E-002  8.657500086138643E-003
   994.604218799401       7.662579799687447E-002  8.247045270933378E-003
   8644.41553723734       7.617615983853344E-002  7.837659360405272E-003
   26168.0859966484       7.572750078893334E-002  7.427228719163650E-003
   21945.0033944518       7.612839247832956E-002  6.817909529352456E-003
   25066.0873486883       7.653045052148374E-002  6.209641077069228E-003
   27470.2810540957       7.693161525724958E-002  5.600538424661723E-003
   22104.4694958801       7.733388920514687E-002  4.991318728610110E-003
   3412.01272196944       7.661704668356910E-002  5.313715424175072E-003
   10613.2368011122       7.604750465245690E-002  5.769568057401035E-003
   11963.5001448901       7.547910895160463E-002  6.226535742679297E-003
   23838.7972257262       7.490974224914494E-002  6.682641786827871E-003
   16688.4987507989       7.447694767454750E-002  6.273475855014113E-003
   3279.32670288713       7.404407096270500E-002  5.863528794238243E-003
   32226.3578679163       7.361135252199245E-002  5.454610001750897E-003
   49302.1526638493       7.282034990600883E-002  6.323794176739613E-003
   15497.5340302695       7.326841779709339E-002  6.716086955525834E-003
   7226.89715222003       7.371741131571177E-002  7.108249719308749E-003
   78871.0383466150       7.416534158790981E-002  7.500375250755688E-003
   33405.3805902010       7.375819061183508E-002  7.978560537691158E-003
   22227.3211372768       7.334994918740557E-002  8.456800415168282E-003
   7747.64060571313       7.294262039683057E-002  8.936001958235044E-003
   12110.9697274818       7.833749450463018E-002  9.807822956295552E-003
   19798.4913233392       7.874597972596430E-002  9.336376429494770E-003
   1602.70172676580       7.915543767611875E-002  8.863869423541473E-003
   4814.13631768657       7.956398677041759E-002  8.392402997194230E-003
   5635.98031504212       7.997352199147911E-002  7.920828876698574E-003
   3791.54122781433       8.042116283028898E-002  8.352418494280275E-003
   979.310618565082       8.086980532990476E-002  8.783919084871519E-003
   17753.7358734730       8.131746507530174E-002  9.216461920364379E-003
   17286.8168600367       8.176607011056115E-002  9.647941283458488E-003
   6222.59194847458       8.251837366496048E-002  8.822018418303554E-003
   12072.1473058313       8.204690079386293E-002  8.415534059152168E-003
   2025.22503492430       8.157444685349172E-002  8.010167096649813E-003
   7820.84112331251       8.110296678825667E-002  7.603766366417913E-003
   8857.28247159449       8.063156586589841E-002  7.198369779151071E-003
   12129.0993907670       8.106114146449102E-002  6.706868483067426E-003
   1611.43279326175       8.149074916224189E-002  6.216342639848754E-003
   5585.82310166284       8.192131942143059E-002  5.724764587019709E-003
   6692.41705016541       8.235090015432239E-002  5.234176099091918E-003
   7503.70552609258       8.125635252190665E-002  5.119085044584396E-003
   10546.9848142909       8.080699620523676E-002  5.593509052412887E-003
   836.185830124553       8.035856224503682E-002  6.066878070611884E-003
   8529.28043413427       7.990914474565944E-002  6.540328465940380E-003
   7209.44511184654       7.929870988688341E-002  6.116320398087308E-003
   770.120818990759       7.868921600915295E-002  5.692362254025855E-003
   32221.9680739910       7.807863335240812E-002  5.267550422546675E-003
   10849.4560898662       7.781304567228566E-002  5.559372134191177E-003
   23905.9010201028       7.829314716479509E-002  6.127393570103926E-003
   14146.0353917181       7.877212059973211E-002  6.694555174496868E-003
   20881.1141308182       7.925111100021888E-002  7.262761760548344E-003
   3661.84725641842       7.881965627280171E-002  7.714252070725236E-003
   2364.71052231673       7.838812626956149E-002  8.164763895592668E-003
   19761.5868596185       7.795561977997761E-002  8.616342746313810E-003
   3034.93166629591       8.334432117627930E-002  9.574387669456032E-003
   2515.12282182340       8.375246872051276E-002  9.138908353215767E-003
   3121.28413217693       8.415957069903672E-002  8.702475735221519E-003
   8868.85886875842       8.456771570872730E-002  8.266994851809460E-003
   3567.60175175954       8.497483850214152E-002  7.831536155476467E-003
   14664.3957712812       8.549763243162298E-002  8.223591224706743E-003
   10185.9660323873       8.601941675131507E-002  8.615721070107087E-003
   5286.46895783709       8.654224554062305E-002  9.008829911886869E-003
   1381.29843251244       8.706406167797964E-002  9.400990471922324E-003
   10730.3163222483       8.752689769088903E-002  8.892880147416765E-003
   9183.72894502710       8.708798177839253E-002  8.409798244392159E-003
   1984.49840033405       8.664800672708090E-002  7.925734271460651E-003
   3555.89205991760       8.620905125218070E-002  7.442621596092397E-003
   966.886993263099       8.577001396946822E-002  6.958527431727276E-003
   1858.49973068302       8.616567798591912E-002  6.513562288729137E-003
   5804.43796834682       8.656127245384379E-002  6.067595956370292E-003
   14768.6275923610       8.695790280627889E-002  5.622593095632487E-003
   12020.1978763424       8.735347380277265E-002  5.176643779431570E-003
   2522.88644975316       8.611617597651160E-002  4.856056349750514E-003
   10019.3809754924       8.571013606975036E-002  5.292499271957089E-003
   14036.2516432204       8.530305338466358E-002  5.727974097000672E-003
   5685.15368952772       8.489696555911073E-002  6.163379977280904E-003
   10108.9829215263       8.440710051216478E-002  5.769782421223585E-003
   1243.48646243156       8.391821004711526E-002  5.376170539333383E-003
   5768.78557417312       8.342827604074297E-002  4.981602151419744E-003
   5425.29601917317       8.278835937873887E-002  5.684236828745394E-003
   7628.88859130039       8.322686669969287E-002  6.135250894358713E-003
   1166.99216891084       8.366431715130766E-002  6.585327712114327E-003
   15103.2687872726       8.410183975806032E-002  7.036384712371092E-003
   4880.42471230435       8.370619345375503E-002  7.482280440445513E-003
   8946.04726951306       8.331061146062070E-002  7.929186521617407E-003
   9559.97250071466       8.291397485462755E-002  8.375132140478206E-003
   2661.41235279810       8.803501519562905E-002  9.355690102488719E-003
   735.030513865391       8.851681411218888E-002  8.889669207722084E-003
   3853.58886621430       8.899960986862299E-002  8.424596261618648E-003
   9433.60085059566       8.948135689112341E-002  7.958595968261723E-003
   6006.18098287293       8.996416370744659E-002  7.493581947404055E-003
   7427.89233081773       9.040825685891325E-002  7.915349998983018E-003
   2678.79824884763       9.085239318827126E-002  8.338154837145971E-003
   6461.10061150449       9.129650354274764E-002  8.759969223481674E-003
   7957.60557685870       9.174168370160084E-002  9.182736931921370E-003
   4843.78188316769       9.250639953499967E-002  8.343184766598708E-003
   11070.4687903738       9.204411466914665E-002  7.939289247974749E-003
   2912.68906100628       9.158288334318558E-002  7.536306742567420E-003
   2590.79646503486       9.112063679312567E-002  7.133357501764363E-003
   6265.06105215636       9.065936349667088E-002  6.730357289919749E-003
   583.304692556453       9.108394638051281E-002  6.347089461048579E-003
   8143.38843315796       9.150950368312866E-002  5.963787217482846E-003
   12355.3282963569       9.193405379881078E-002  5.580550243992168E-003
   7704.80625535370       9.235961085144337E-002  5.197294751645794E-003
   3599.51660409744       9.092193759254241E-002  4.658778173059399E-003
   1774.51077420044       9.057996566145449E-002  5.117263976222378E-003
   10924.8131369403       9.023806103780206E-002  5.576741309708321E-003
   7156.65506834420       8.989611460586321E-002  6.035189419472325E-003
   10904.9741525175       8.945002821225119E-002  5.613510860560091E-003
   1230.36879616544       8.900288737467603E-002  5.190856918214059E-003
   1357.11954823640       8.855677542273666E-002  4.769142606935594E-003
   11007.6510576960       8.781584445203498E-002  5.582532900772198E-003
   7508.52723296194       8.827717453151634E-002  5.987491295781607E-003
   1205.26512002869       8.873955666563595E-002  6.393426644595574E-003
   4046.32010580347       8.920092665177094E-002  6.798407004417367E-003
   5061.63567840903       8.878290400884592E-002  7.322505382595908E-003
   746.020197751539       8.836387182425356E-002  7.845663700057253E-003
   6381.05633195464       8.794590619003539E-002  8.369765118047892E-003
   5597.67356378761       9.334596541737285E-002  9.107865057608459E-003
   5078.82621674232       9.375003572294725E-002  8.649482406715873E-003
   1253.63169203845       9.415303468915698E-002  8.190146662752400E-003
   4362.94784507948       9.455606547414339E-002  7.731819566268816E-003
   5350.09035873011       9.495910638831855E-002  7.273528356653305E-003
   4398.69799146016       9.547200845329035E-002  7.689075857364199E-003
   2665.64252514268       9.598490231403756E-002  8.104648165350517E-003
   4887.93611452308       9.649785029821434E-002  8.521230865454237E-003
   3849.00228031502       9.701076936839967E-002  8.936819310423810E-003
   701.848535495720       9.751359426028092E-002  8.384779014827801E-003
   5862.71587926749       9.705212256248082E-002  7.912771254271306E-003
   863.268872016343       9.658965637675031E-002  7.440779266525524E-003
   3200.84829663630       9.612817345093674E-002  6.968739435900017E-003
   7113.24137977774       9.566667211232879E-002  6.496705697546562E-003
   4080.04163483888       9.608389152879948E-002  6.019700428436237E-003
   350.263457098693       9.650108210120142E-002  5.542687370825880E-003
   2009.95108360544       9.691925499383830E-002  5.065631125216276E-003
   418.922741400265       9.733638838454027E-002  4.587650779607065E-003
   632.679997506018       9.619779369271297E-002  4.408604907227187E-003
   3073.17014243078       9.576184015919512E-002  4.869472321261187E-003
   7296.47371632847       9.532584604803973E-002  5.329326394711956E-003
   6941.68282333298       9.488984477817501E-002  5.789156615978588E-003
   6291.39124854487       9.450682016176415E-002  5.367541752911723E-003
   1102.26697588094       9.412379293375760E-002  4.945897553961701E-003
   3349.99839699648       9.374070228480894E-002  4.523249389551243E-003
   9372.64938037902       9.281501430955159E-002  5.539452227597460E-003
   5298.46029814187       9.327141805751932E-002  5.881580092560900E-003
   629.013484305045       9.372683157960329E-002  6.223770324739695E-003
   9968.66601317144       9.418226272502482E-002  6.565972967648190E-003
   3372.92540449083       9.376351598897491E-002  7.010033156646479E-003
   769.115644098209       9.334478675800433E-002  7.454085250052932E-003
   6777.60834545095       9.292507218019172E-002  7.898171855999614E-003
   177495.478731410      -1.505956714352089E-003  1.749939147248913E-002
   89662.8236495362      -1.126807266323825E-003  1.706655087523993E-002
   397062.804308300      -7.471673949552229E-004  1.663355038691156E-002
   1038994.33153432      -3.680183052507847E-004  1.619885482323722E-002
   552493.885896954       1.219541478315765E-005  1.576507433260407E-002
   1349776.22117692       4.507070065832615E-004  1.619785994317879E-002
   805507.587140061       8.894093599855110E-004  1.663118116346682E-002
   1015967.96927416       1.329477032118698E-003  1.706160134084531E-002
   778758.506836618       1.769471312197003E-003  1.749254627174115E-002
   318063.746339621       2.526679010280552E-003  1.671317582608972E-002
   58670.8443995097       2.085094274798447E-003  1.628671090439185E-002
   53785.0924618110       1.646296654811664E-003  1.585873329615419E-002
   346084.606202058       1.207425205577552E-003  1.543026286901117E-002
   330565.274752520       7.724674910338918E-004  1.499952009043953E-002
   371475.455787982       1.205669521529814E-003  1.453817452002859E-002
   280133.486118525       1.640878153403909E-003  1.407628268179694E-002
   542602.123533514       2.075102685294989E-003  1.361493908827161E-002
   481077.779619136       2.510524132451296E-003  1.315228606039478E-002
   200960.190589924       1.390405098115056E-003  1.293245045233888E-002
   390814.153047336       9.302538931895897E-004  1.336740095275165E-002
   338303.558433797       4.690701224806133E-004  1.380373049077618E-002
   376582.504823530       8.487999020667031E-006  1.423890210241091E-002
   509909.806758040      -3.881426993692245E-004  1.380552406797736E-002
   233364.459041343      -7.852601580757376E-004  1.337144818073584E-002
   105947.675069562      -1.180836789710200E-003  1.293857873021424E-002
   760326.593959364      -2.497698161878578E-003  1.342769683150141E-002
   655058.641367624      -2.060658184549521E-003  1.382200381015567E-002
   551515.921545894      -1.624448069061448E-003  1.421560032852892E-002
   340426.876029370      -1.187230394547469E-003  1.460956694688862E-002
   417448.513212151      -7.517598014658944E-004  1.500251577296399E-002
   98674.8922734288      -1.184866081783423E-003  1.537905471028839E-002
   385463.720555794      -1.621506577269039E-003  1.575443017405349E-002
   748106.286115552      -2.057644431942648E-003  1.613118758534642E-002
   575514.970289429      -2.493824278202123E-003  1.650897126078761E-002
   394387.335847354       3.304778681530078E-003  1.746800803063399E-002
   787451.801998672       3.730506575821730E-003  1.689150104728233E-002
   297031.391471692       4.160046606775702E-003  1.631748439051927E-002
   1000822.64637322       4.595839889670067E-003  1.574639022868161E-002
   800500.817876534       5.036811597746128E-003  1.517250582113057E-002
   1012711.87666997       5.513563005524929E-003  1.573284494039095E-002
   635570.789330629       5.987394740734780E-003  1.628978122639992E-002
   786053.435411081       6.453919387145068E-003  1.685014465660888E-002
   193717.051906543       6.914928701957974E-003  1.741473832735030E-002
   551871.684706359       7.586799631907861E-003  1.672890411996064E-002
   1297819.16917154       7.003109715545780E-003  1.627968296781645E-002
   1253154.30143448       6.415328216811055E-003  1.583609250396045E-002
   36292.6494312065       5.823884817604136E-003  1.539819181417785E-002
   314030.824953440       5.239237541941244E-003  1.496372912988898E-002
   616819.964280285       5.812318941776063E-003  1.441663457144077E-002
   991379.502505687       6.390583962412871E-003  1.387159535145157E-002
   1332235.30390505       6.967450438311180E-003  1.332264363870886E-002
   769892.708624768       7.540052175780509E-003  1.276931577018407E-002
   151261.962375555       6.676766528495078E-003  1.303401772254895E-002
   590981.755280619       6.129721725733917E-003  1.360902621766950E-002
   1143686.96366779       5.580420217025118E-003  1.418306356576681E-002
   134867.889653500       5.032683654209598E-003  1.476106511490324E-002
   206673.829868984       4.562615738555309E-003  1.419568122833865E-002
   420955.850631175       4.094087920153348E-003  1.362949925470921E-002
   209061.289076724       3.629329936017294E-003  1.306148986206896E-002
   380687.338176752       3.088728819134209E-003  1.361053166129847E-002
   535006.518815165       3.668431627480726E-003  1.406592216130877E-002
   59427.4508732664       4.250242554436264E-003  1.451903712653552E-002
   283965.063093335       4.830128060660120E-003  1.496902956847848E-002
   1091453.07205265       4.254562858944223E-003  1.539860887235650E-002
   1716646.41248834       3.674753324889252E-003  1.583148008499280E-002
   1810842.38830533       3.098546856853425E-003  1.626965435033776E-002
   342892.940962664       8.270931746411145E-003  1.740182677747022E-002
   484792.294978631       8.722744324059034E-003  1.695837684748950E-002
   355826.527952711       9.177549522382877E-003  1.651481175534507E-002
   1030247.70276089       9.634784024334276E-003  1.606958176743790E-002
   661061.705003641       1.009052819949346E-002  1.562100678297452E-002
   1082520.92589429       1.058177742320166E-002  1.605928753767087E-002
   405096.932888608       1.107254787663667E-002  1.649445885669347E-002
   477411.752211038       1.156301238990413E-002  1.692774003175649E-002
   104626.617353030       1.204885318039108E-002  1.736116205274969E-002
   296173.064139214       1.261964232447170E-002  1.677706474599816E-002
   1073422.28843159       1.216378628461247E-002  1.630245995218609E-002
   207536.061109239       1.170721213186588E-002  1.583142688511284E-002
   475244.836984259       1.125255886162513E-002  1.536252756509182E-002
   187650.726397314       1.080178209655864E-002  1.489139434034879E-002
   23831.1110902905       1.124318187468327E-002  1.451242250395093E-002
   438132.229269648       1.168482898047655E-002  1.413121493636961E-002
   539378.619036571       1.212659267388141E-002  1.374992614172469E-002
   218694.136285832       1.256750183680401E-002  1.336581795398862E-002
   404216.685740041       1.118853857800233E-002  1.283560613824617E-002
   252077.887928232       1.081852538168655E-002  1.328342072221272E-002
   175152.446759090       1.044610007400316E-002  1.373097359273915E-002
   99508.2733848361       1.007429115116760E-002  1.417961890493755E-002
   557254.864249429       9.521217603821085E-003  1.374046876307150E-002
   588685.929520287       8.965357195396649E-003  1.330584434523494E-002
   118557.924793298       8.407471048421327E-003  1.287455114175192E-002
   212293.153662016       7.999599324815367E-003  1.330430063756097E-002
   359857.105687446       8.457532043072785E-003  1.383779632903346E-002
   452710.712833791       8.911958427390291E-003  1.437163118786056E-002
   778621.228217578       9.363873983164822E-003  1.490711076755593E-002
   475977.914143048       8.923080905510460E-003  1.536123209044022E-002
   203608.499860808       8.478604429893410E-003  1.581564337433604E-002
   1002468.82900858       8.032373784735720E-003  1.627031394712710E-002
   222151.381150914       1.320332542172331E-002  1.734904765025566E-002
   596644.642308545       1.368030046835431E-002  1.693836998796103E-002
   882185.818146836       1.415927733416522E-002  1.652649306635605E-002
   1326995.93028226       1.463655205205081E-002  1.611233363508131E-002
   532203.492525433       1.511412914801224E-002  1.569647050729152E-002
   985688.272166496       1.552816556334387E-002  1.609382278028283E-002
   256547.782326999       1.594223644627537E-002  1.649056350465673E-002
   30601.8341824871       1.635475111877473E-002  1.688614606574138E-002
   158005.904922089       1.676641802266064E-002  1.728191196199358E-002
   509457.092931957       1.763709178609738E-002  1.637254537014905E-002
   675503.163795721       1.721868715400103E-002  1.597882930067412E-002
   355895.003982393       1.680068221087960E-002  1.558740470206283E-002
   273641.291877688       1.638321604482301E-002  1.519608957279776E-002
   152321.605899041       1.596848071169128E-002  1.480484340454889E-002
   296671.097148666       1.636536991202195E-002  1.425813161917555E-002
   24379.7656426070       1.676236896788769E-002  1.371128823930634E-002
   356708.679606523       1.716051413759263E-002  1.316464219346924E-002
   315341.461473715       1.755922453922234E-002  1.261681186135431E-002
   99904.6918235241       1.667986073655799E-002  1.269968656853750E-002
   320501.754643702       1.614615572741392E-002  1.311590533325068E-002
   512012.749782781       1.561260239617150E-002  1.353285538686394E-002
   138017.262891793       1.508021746287546E-002  1.395150015351150E-002
   70913.5957186792       1.469642337477372E-002  1.355190980508528E-002
   115444.076561957       1.431163153296452E-002  1.315285118133645E-002
   86556.1344654119       1.392821114349011E-002  1.275376350564736E-002
   191242.575474565       1.298222511097964E-002  1.373523377840550E-002
   182987.444480336       1.339662385343622E-002  1.410367800144778E-002
   120315.439079445       1.381109504695196E-002  1.447259924937237E-002
   107666.363932591       1.422571490681951E-002  1.483992330565900E-002
   492071.299609777       1.382803036062222E-002  1.532587758680586E-002
   36840.5544598428       1.342704451617964E-002  1.580911558311809E-002
   373755.993201680       1.302409412131592E-002  1.629312484640280E-002
   292445.033380419       1.854460295279447E-002  1.724342506916875E-002
   67391.0586806889       1.894002057906839E-002  1.683435453390765E-002
   479178.406869813       1.933569165793888E-002  1.642603157003177E-002
   1001238.29057972       1.973305548089951E-002  1.601584023583803E-002
   541435.110016272       2.012998022579032E-002  1.560479257012277E-002
   1111749.34164552       2.057882029673865E-002  1.599680759502755E-002
   424494.218453610       2.102723206686694E-002  1.638795240724166E-002
   172576.717705321       2.147662874420113E-002  1.677626771635190E-002
   32924.8739457224       2.192346285550539E-002  1.716531129428409E-002
   348537.272667192       2.265804077850587E-002  1.638982301236633E-002
   351671.681785165       2.224119110259804E-002  1.596562548923398E-002
   31764.2567736300       2.182624043094272E-002  1.554135113686848E-002
   574433.354047311       2.141140132944193E-002  1.511863718796001E-002
   305847.743100530       2.099975412784562E-002  1.469429647608666E-002
   427927.877036512       2.139801818919165E-002  1.441548224479010E-002
   692706.208176515       2.179584097879521E-002  1.413451333808398E-002
   860280.461564523       2.219261924607492E-002  1.385395709521456E-002
   510288.957937236       2.259080749764953E-002  1.357257922664093E-002
   222298.749497339       2.088050667729808E-002  1.260158404537894E-002
   18686.4020037788       2.061854434955439E-002  1.300875642785593E-002
   289287.463773512       2.035499987868759E-002  1.341693131430369E-002
   5820.22195213045       2.009246600728630E-002  1.382595186211746E-002
   392188.520955466       1.954262100507357E-002  1.343453579291156E-002
   275585.686602004       1.899204964205021E-002  1.304446190161048E-002
   115281.322145255       1.844107968361108E-002  1.265687698226862E-002
   120248.688545795       1.797708835446413E-002  1.314643426485487E-002
   132937.538157904       1.839290403901271E-002  1.367502589313965E-002
   269839.645622507       1.880840691678971E-002  1.420397726916511E-002
   20071.3742334474       1.922266561440803E-002  1.473372949959700E-002
   57191.3621128113       1.882779816893711E-002  1.514234446088604E-002
   534135.926308100       1.843093214782623E-002  1.555160617414072E-002
   936017.050825046       1.803442035927929E-002  1.596071071754497E-002
   496641.507811285       2.343125562651573E-002  1.712392551675998E-002
   272800.900872528       2.385582210097870E-002  1.663201885307191E-002
   377154.098559015       2.428345456225781E-002  1.614023273379292E-002
   1227449.40735148       2.471177437711555E-002  1.564754467595483E-002
   718205.424562840       2.514044444272720E-002  1.515225818006729E-002
   1338550.75224420       2.565109956730696E-002  1.562052678958576E-002
   367543.766824359       2.616310635117090E-002  1.608616760070795E-002
   87583.9219323197       2.667340036488377E-002  1.654994746378590E-002
   13435.8102946109       2.718008734347668E-002  1.701483481835973E-002
   608068.113202577       2.769806030549782E-002  1.646306102796494E-002
   785988.698441411       2.719403043675891E-002  1.598793363549212E-002
   413672.773292092       2.668972014785592E-002  1.551579489036274E-002
   417351.818201885       2.618665861945333E-002  1.504384230325748E-002
   311982.556036967       2.568835815922672E-002  1.457065566997542E-002
   434257.476217171       2.616101042203873E-002  1.411977209049584E-002
   592072.784410432       2.663461484799134E-002  1.366774548110159E-002
   846137.589323235       2.710815627866090E-002  1.321576868678325E-002
   563906.247806085       2.758130316702855E-002  1.276181461783969E-002
   32276.3425007585       2.638848038822654E-002  1.253484813213188E-002
   310807.629592618       2.596304253114499E-002  1.303039362254469E-002
   550884.081092238       2.553573079019403E-002  1.352618872859329E-002
   265605.955239170       2.510908484167500E-002  1.402295244412970E-002
   239261.015354864       2.482271389021184E-002  1.354757104874186E-002
   193775.255065678       2.453677396449052E-002  1.307232362943606E-002
   26130.6781100968       2.425230422601253E-002  1.259719666122691E-002
   532752.362394367       2.308387211968114E-002  1.383087686276859E-002
   723820.843556811       2.357617234372982E-002  1.408898931964972E-002
   503281.046409514       2.406902973455433E-002  1.434680892776363E-002
   253459.510422242       2.456117758457804E-002  1.460299324856223E-002
   14768.8445415127       2.408820953904934E-002  1.504828129162204E-002
   688140.797664142       2.361147878485805E-002  1.549298329508815E-002
   1214828.18963498       2.313408162965818E-002  1.594023333317091E-002
   235432.120993707       2.824834581721674E-002  1.698202863944021E-002
   517562.588163936       2.872795070858594E-002  1.654187488398728E-002
   876107.111474665       2.920949406674264E-002  1.610103307244746E-002
   1312570.94557023       2.969167966927604E-002  1.565894479086492E-002
   547846.615921800       3.017179657462984E-002  1.521361293873367E-002
   777603.951047784       3.053988187363926E-002  1.562700578135464E-002
   36458.7406222978       3.090562512092147E-002  1.603858032040058E-002
   283029.135023104       3.127131636360164E-002  1.645049743615979E-002
   408398.162201603       3.163528770277928E-002  1.686285367865164E-002
   641055.890110839       3.269959402808249E-002  1.571817538283526E-002
   855132.342006792       3.225659833869456E-002  1.538524509625276E-002
   567088.566305017       3.181357943454638E-002  1.505376486949166E-002
   60865.1710147495       3.137193312283681E-002  1.472471277655763E-002
   29603.2317627012       3.093149124312570E-002  1.439471163482742E-002
   502200.361292489       3.134226603601114E-002  1.387678439701450E-002
   28771.7194125507       3.175337639981107E-002  1.335918699920864E-002
   544471.941915844       3.216746090948463E-002  1.284168563653776E-002
   529386.845839979       3.258232190269089E-002  1.232251315812469E-002
   123352.952092083       3.159833019523565E-002  1.230359298865953E-002
   545920.271923474       3.110363029901414E-002  1.274573578245931E-002
   933547.275664325       3.060901305953088E-002  1.318845023971087E-002
   36965.7967951557       3.011624359130544E-002  1.363516767899803E-002
   129830.965840874       2.966244034442861E-002  1.322376835012770E-002
   225305.810022578       2.920822573145159E-002  1.281371847648009E-002
   116148.191930058       2.875551085406361E-002  1.240298696202764E-002
   212489.504384571       2.802560929592080E-002  1.318579380237983E-002
   220734.482512207       2.846946819208279E-002  1.360840294381247E-002
   87247.8919907125       2.891251341473838E-002  1.403089350242604E-002
   82620.8181412597       2.935568361465909E-002  1.445230904518427E-002
   319271.056893179       2.894480159941483E-002  1.495531245803076E-002
   163268.366234960       2.853162523738898E-002  1.545785855914472E-002
   662271.547171049       2.811535310678532E-002  1.595954386656664E-002
   467865.041433202       3.384191529821006E-002  1.678395336452702E-002
   412901.098747637       3.417253254076813E-002  1.624551106287367E-002
   243478.535750184       3.450521178396689E-002  1.570705129841494E-002
   773614.545670383       3.483932787387509E-002  1.516995426065605E-002
   692551.705806882       3.517739751297836E-002  1.463113794712720E-002
   1156970.94977252       3.560826596358022E-002  1.514386762492467E-002
   50051.1781142644       3.603800910755762E-002  1.565396067784640E-002
   110516.718218720       3.646530802019905E-002  1.616462507960889E-002
   117041.999711312       3.689156654776447E-002  1.667518303423494E-002
   470770.793858433       3.773606894228704E-002  1.575926153372683E-002
   791708.093919695       3.718854848294625E-002  1.537579659150070E-002
   723488.748600992       3.663945835424913E-002  1.499494537560685E-002
   43129.0406775184       3.609120949846866E-002  1.461479811207458E-002
   405923.102648287       3.554697306090335E-002  1.423384226828802E-002
   555964.789213203       3.606362491548833E-002  1.383125956474704E-002
   593521.415265612       3.658039443055105E-002  1.342859978077687E-002
   676352.003448818       3.709728971889401E-002  1.302360330061724E-002
   391571.669779459       3.761263415718587E-002  1.261892073732147E-002
   220565.580680607       3.625062651376960E-002  1.223788997213840E-002
   71604.7608430433       3.588526187599890E-002  1.278082563392600E-002
   133949.911058525       3.551954831608095E-002  1.332229706825027E-002
   206348.488958738       3.515133994880658E-002  1.386405709505748E-002
   567483.696076524       3.462315155915944E-002  1.335354422520105E-002
   109483.463009127       3.409410022543822E-002  1.284630404637419E-002
   44569.1250116835       3.356627815944607E-002  1.233857862706380E-002
   482935.134341295       3.313217418497068E-002  1.280926258242110E-002
   347849.066325757       3.368410201584907E-002  1.329339805808108E-002
   67001.2216372092       3.423460646013839E-002  1.377610736474982E-002
   98881.3663123440       3.478198764102217E-002  1.426000759196319E-002
   629942.226562789       3.426261968078813E-002  1.462186844844988E-002
   1216898.37009798       3.374081299796441E-002  1.498433555887523E-002
   1206603.80668671       3.321907596341435E-002  1.535030614348142E-002
   338938.784105311       3.865089354072370E-002  1.660457529638566E-002
   126255.012723250       3.903673388384574E-002  1.610288451079043E-002
   195134.451444744       3.942336075193749E-002  1.560259942289965E-002
   842478.221325869       3.981219378580879E-002  1.510066904431982E-002
   504775.410211794       4.020145399693791E-002  1.459664553315960E-002
   629932.280396522       4.057298237657918E-002  1.506795321530025E-002
   64608.8076390661       4.094408951069272E-002  1.553808351441782E-002
   379355.952386360       4.131276377214062E-002  1.600719898132376E-002
   279333.332446321       4.168054983451785E-002  1.647750123129800E-002
   330667.286197224       4.274228498675650E-002  1.532041165813857E-002
   786295.071599991       4.223810768080065E-002  1.499425241576537E-002
   566093.065630018       4.173417491328669E-002  1.466995874779517E-002
   38389.6175586008       4.122928448073512E-002  1.434612892801165E-002
   63191.1357336864       4.072665160328896E-002  1.402369278047606E-002
   9722.81498105576       4.119871558345445E-002  1.360810989937617E-002
   440662.954225439       4.167180656425248E-002  1.319192935857441E-002
   549613.693513474       4.214409933409962E-002  1.277394180076132E-002
   343935.449680724       4.261685012981383E-002  1.235561559903928E-002
   107463.782648338       4.129552916837573E-002  1.198993571271559E-002
   76216.4182721872       4.091569668353263E-002  1.249139340740629E-002
   534059.868595629       4.053580470161190E-002  1.299395992776096E-002
   132520.471300016       4.015591388582898E-002  1.349830823067582E-002
   242372.245326367       3.974892743111936E-002  1.302765513489306E-002
   127768.550565491       3.934365928179369E-002  1.255775421126930E-002
   152669.519363714       3.893829643307230E-002  1.208893415312252E-002
   372688.016229977       3.811753739868375E-002  1.298241017037630E-002
   331197.566574896       3.862151119764823E-002  1.334631952740073E-002
   22723.9090934678       3.912654499313629E-002  1.370798751710229E-002
   70722.8635679413       3.963051379839139E-002  1.407021290233254E-002
   76785.3290153454       3.915855406830752E-002  1.449165968373325E-002
   583651.919841318       3.868405499336953E-002  1.491310620174757E-002
   827623.543258022       3.821024033690946E-002  1.533481395027173E-002
   177093.665027432       4.389936867472655E-002  1.638412265590216E-002
   171474.324764642       4.422371366936902E-002  1.584707830502125E-002
   111825.681640693       4.454945393119921E-002  1.531172036179286E-002
   203933.738627521       4.487727017101215E-002  1.477547260562747E-002
   294009.525011903       4.520491388009492E-002  1.423788104682091E-002
   208851.873175248       4.555198878305480E-002  1.474672198192267E-002
   92917.3697638654       4.589922058038927E-002  1.525510837232310E-002
   174607.795755701       4.624477829623225E-002  1.576268906646327E-002
   5937.49491437272       4.659105581888510E-002  1.627137302855132E-002
   61502.1986628078       4.774382486895842E-002  1.501481177583921E-002
   296130.563598265       4.720577111869853E-002  1.471347744060851E-002
   254576.960214564       4.666839430021708E-002  1.441383943650731E-002
   40943.7686414500       4.612984729319902E-002  1.411393249725371E-002
   54790.4608397129       4.559225121805111E-002  1.381547203257058E-002
   52852.4986831364       4.609914732166958E-002  1.339270243341511E-002
   243388.044351583       4.660655608885952E-002  1.296940892209797E-002
   203261.081218948       4.711281190720339E-002  1.254552001318940E-002
   70583.4534626632       4.761940840675778E-002  1.212156306858444E-002
   89722.1139091924       4.631061692581723E-002  1.180896006931221E-002
   73310.3275698823       4.593124162767478E-002  1.234792032914635E-002
   140858.788292907       4.555106038309387E-002  1.288766256505181E-002
   130417.673999535       4.517048569114124E-002  1.342807827650595E-002
   100736.172707262       4.474806015953350E-002  1.292263364347323E-002
   158201.147772313       4.432612651632772E-002  1.241854167054158E-002
   148545.647404998       4.390422667236304E-002  1.191529547056575E-002
   246983.048890998       4.315892747534331E-002  1.273026701192724E-002
   227865.815719456       4.370016587258696E-002  1.310536135912114E-002
   33557.9293309464       4.424249334821383E-002  1.347813465877592E-002
   363846.808035725       4.478361736568275E-002  1.385021041335600E-002
   226558.805826282       4.427357923582696E-002  1.421595249394484E-002
   448990.162043903       4.376254953959601E-002  1.458379183563304E-002
   462487.112555161       4.325277780566872E-002  1.495176905696601E-002
   110108.456629291       4.900030605496073E-002  1.616723246582781E-002
   82936.7694190870       4.930274068736507E-002  1.565324930167422E-002
   48920.7811959133       4.960424556629899E-002  1.513918020064086E-002
   206422.090994774       4.990722897612206E-002  1.462504021880792E-002
   145912.369896736       5.020951843152965E-002  1.411031566073472E-002
   232063.945421716       5.059172051636665E-002  1.459417183596361E-002
   53861.9989564907       5.097446785593162E-002  1.507780793380072E-002
   82990.4443513118       5.135598327692398E-002  1.556136277131799E-002
   9475.81555522086       5.173715747129679E-002  1.604507797136782E-002
   23351.0923989495       5.275103817223696E-002  1.493506603348471E-002
   111297.026889467       5.223392703528877E-002  1.459915081966576E-002
   77326.7353877872       5.171674689781635E-002  1.426358605159891E-002
   152512.335265771       5.119951506433752E-002  1.392746500176665E-002
   114960.885553598       5.068326300285537E-002  1.359217883749664E-002
   34717.7003155809       5.116409940492447E-002  1.311726527254530E-002
   147162.919428537       5.164462046368483E-002  1.264210425610722E-002
   89942.1632852074       5.212514070936017E-002  1.216692603680603E-002
   69023.6238073861       5.260547256948143E-002  1.169155446335386E-002
   64152.6555291332       5.145714524397930E-002  1.155629616506570E-002
   38180.9103007251       5.102689988120858E-002  1.207720457752938E-002
   131343.171662147       5.059644993107359E-002  1.259798697613929E-002
   103868.724701358       5.016609603741499E-002  1.311899776520154E-002
   49616.6727905651       4.974233774002391E-002  1.263653775633761E-002
   87045.6740524624       4.931855665370978E-002  1.215424354021514E-002
   15935.4527603655       4.889477124965601E-002  1.167199817826539E-002
   102575.238224643       4.813786823166533E-002  1.249951356940593E-002
   72519.6219412828       4.865613860251981E-002  1.287867013679744E-002
   132668.301989811       4.917440062457371E-002  1.325761515554710E-002
   62017.4122029580       4.969246152157930E-002  1.363649648139426E-002
   188972.938869936       4.920555555045847E-002  1.398009402323792E-002
   266791.290930004       4.871821511453295E-002  1.432495439983853E-002
   324901.534800293       4.823080458955471E-002  1.466908745130541E-002
   67938.9944607520       5.386059779295169E-002  1.594834228996728E-002
   51430.9419928354       5.419948499035940E-002  1.548801362967226E-002
   96484.6366412473       5.453833577661542E-002  1.502844304843038E-002
   159163.323860183       5.487846240556221E-002  1.456780679832534E-002
   88202.8659190402       5.521764202752916E-002  1.410686202962379E-002
   188222.035484710       5.571035678681573E-002  1.452938755356303E-002
   12571.5986652076       5.620305002231312E-002  1.495149632135567E-002
   41754.1270410351       5.669663473685004E-002  1.537206317463490E-002
   95117.1185761871       5.718849709653415E-002  1.579385368301721E-002
   129437.122766967       5.777075536430881E-002  1.515484963905494E-002
   27801.6536443702       5.730360396955845E-002  1.470446315805503E-002
   29044.8252960670       5.683761227226347E-002  1.425336355103637E-002
   195936.607801043       5.637095120649474E-002  1.380352523295423E-002
   9827.40451983111       5.590517306301152E-002  1.335323637431140E-002
   38087.5048856341       5.632804159503379E-002  1.284595339266688E-002
   117980.932467171       5.675097321333713E-002  1.233853249063147E-002
   182388.915711292       5.717317866902272E-002  1.183107168251101E-002
   153550.287423332       5.759633497406701E-002  1.132314193498255E-002
   73809.2576323913       5.655649819656718E-002  1.126709730957759E-002
   126399.853575906       5.608849862748729E-002  1.173246980572489E-002
   236728.250948716       5.562040213722393E-002  1.219895449208944E-002
   29092.4104600932       5.515265668281134E-002  1.266603837035010E-002
   14818.2860201671       5.467973350368796E-002  1.224241575895926E-002
   89443.6737032330       5.420692216988794E-002  1.181884944390118E-002
   78361.5159999165       5.373421195484602E-002  1.139643584837515E-002
   39563.2904464685       5.307074592475692E-002  1.212360918721820E-002
   45077.3131805382       5.353494192867839E-002  1.255560975322499E-002
   126872.348535242       5.400011029751371E-002  1.298738960812846E-002
   6964.51181816031       5.446493283334286E-002  1.341932357937045E-002
   123412.809908541       5.403632851261723E-002  1.379771253437059E-002
   169086.076283078       5.360756193857693E-002  1.417724783045024E-002
   267729.189272669       5.317961738875734E-002  1.455584496983955E-002
   132287.110068755       5.840875333333253E-002  1.573692725808721E-002
   29196.4336343499       5.885985272355702E-002  1.525976262172202E-002
   189555.283682110       5.931254737124210E-002  1.478247596873401E-002
   319678.007443221       5.976454530777826E-002  1.430487502281316E-002
   157157.637094371       6.021634557842859E-002  1.382652990920372E-002
   240851.028757455       6.066434374633949E-002  1.426275494773622E-002
   16863.5139579295       6.111313582942476E-002  1.469844724545905E-002
   129619.013176049       6.156054309351456E-002  1.513393347462768E-002
   107772.907287571       6.200735768583525E-002  1.556951251415097E-002
   78222.2088937066       6.276435929557406E-002  1.473841695408578E-002
   221825.157433201       6.228717846552834E-002  1.433420269322428E-002
   84596.2037568499       6.180983744902766E-002  1.393078453876907E-002
   114132.547719876       6.133267130930695E-002  1.352677889917036E-002
   10528.9190713270       6.085647030518784E-002  1.312357001107328E-002
   24733.9817481998       6.129293660378392E-002  1.266062595043818E-002
   130538.592850270       6.172973743848438E-002  1.219856362176801E-002
   199817.950083087       6.216671256531456E-002  1.173530434442345E-002
   147558.762743198       6.260361523888323E-002  1.127257341110538E-002
   10435.3486138397       6.142017799240110E-002  1.105341706942369E-002
   88836.6696039092       6.099806610576569E-002  1.152980225492962E-002
   228732.067492806       6.057668711845494E-002  1.200629032083983E-002
   33273.5473599920       6.015451614737760E-002  1.248347205652733E-002
   105659.577486468       5.964532409234415E-002  1.204982476058153E-002
   26608.6590584631       5.913612829621404E-002  1.161653057716294E-002
   34935.5657839658       5.862705786634365E-002  1.118352412738464E-002
   42744.2153931317       5.807608373873365E-002  1.178921207896733E-002
   10693.1668456435       5.855577110815446E-002  1.225491530678861E-002
   104712.829193973       5.903529858907555E-002  1.272037910645807E-002
   43354.8884710937       5.951427194176109E-002  1.318607741395648E-002
   6080.27774900386       5.907914957170652E-002  1.367776737725947E-002
   133108.960992354       5.864317190958721E-002  1.416928743432478E-002
   336056.397596439       5.820683270306860E-002  1.466206149986487E-002
   104957.542271223       6.359505708387785E-002  1.549574135758564E-002
   72183.8829899267       6.400097639870833E-002  1.504840829983708E-002
   91833.0417149392       6.440730515994335E-002  1.460096769237673E-002
   194602.678394890       6.481492235403918E-002  1.415323619677123E-002
   129545.141892739       6.522143979395718E-002  1.370494116198055E-002
   154488.317000969       6.562681835539025E-002  1.411524690017459E-002
   33373.6071176399       6.603107051616375E-002  1.452521174389647E-002
   108587.110277024       6.643599718297184E-002  1.493501680038172E-002
   133819.750890862       6.683967408424210E-002  1.534478459562281E-002
   84677.6398219247       6.775552266363324E-002  1.433908201821855E-002
   202347.889594595       6.730854721512688E-002  1.397546611515340E-002
   80168.6407582387       6.686136502549707E-002  1.361146209723687E-002
   36567.3411464398       6.641442833415934E-002  1.324869776673977E-002
   74631.6885618159       6.596790812026643E-002  1.288498009900564E-002
   85488.6133872391       6.637647136617945E-002  1.243326386088538E-002
   53875.4544364793       6.678536964450994E-002  1.198245416505840E-002
   102200.343474700       6.719448379951218E-002  1.153050273946503E-002
   72303.1351628602       6.760350218956339E-002  1.107901817189267E-002
   28339.1742425227       6.638698387167249E-002  1.079350443373651E-002
   35871.6155875440       6.597392621849138E-002  1.124150546409048E-002
   159382.293382764       6.556162730534540E-002  1.168962271632696E-002
   58805.3571332229       6.514849591674229E-002  1.213833341899420E-002
   100099.298709062       6.468540238647973E-002  1.173058802309143E-002
   16462.4453703179       6.422324382675122E-002  1.132332668513602E-002
   52496.0712532808       6.376029854122182E-002  1.091633685308191E-002
   104190.934314438       6.305347765870216E-002  1.169384013152346E-002
   24826.9954271367       6.350329956615013E-002  1.211574275414100E-002
   65347.6592056639       6.395284988449698E-002  1.253642023115728E-002
   129707.857869299       6.440206918969989E-002  1.295809289423213E-002
   42265.0325187732       6.399312662180183E-002  1.340261620420931E-002
   68440.0272439576       6.358371704906100E-002  1.384817679943586E-002
   218720.463848609       6.317396338819969E-002  1.429296826095297E-002
   43931.8211805477       6.876121573768798E-002  1.525570514297380E-002
   34993.7758955495       6.912280475563710E-002  1.476676426351340E-002
   9967.03598502716       6.948578989256635E-002  1.427793616953012E-002
   33888.7523037139       6.984796726069339E-002  1.378909791934034E-002
   60425.6278342663       7.021109426943364E-002  1.329980369856529E-002
   8021.73095797608       7.054086063922803E-002  1.375688463770573E-002
   16801.6611429292       7.087154436952962E-002  1.421379486552458E-002
   49855.9518552388       7.120107913069128E-002  1.467079731594444E-002
   20949.7826835400       7.153055782306095E-002  1.512780563148529E-002
   22244.6691276391       7.273760656002209E-002  1.380365156751279E-002
   71850.7083099878       7.225173885742922E-002  1.351776107810060E-002
   47598.0670592227       7.176579057385879E-002  1.323205717983373E-002
   24361.7193304785       7.127981588435127E-002  1.294546547496016E-002
   82169.7680711427       7.079395842736071E-002  1.266004010203139E-002
   64575.1281523007       7.124415317520755E-002  1.218013684892514E-002
   4617.95160609865       7.169465005033762E-002  1.170026966741974E-002
   16355.9455497775       7.214523327324027E-002  1.121930378261685E-002
   3387.98066590348       7.259573597742520E-002  1.073899204568467E-002
   39991.6901816305       7.146613527197967E-002  1.059965515550306E-002
   10937.3031053975       7.102822468403407E-002  1.109197375225128E-002
   46916.2460084171       7.059118292969828E-002  1.158435238464611E-002
   55114.6558714771       7.015422291262118E-002  1.207703755070045E-002
   50149.9686719139       6.969919018486051E-002  1.162585028444823E-002
   3973.91208340364       6.924508555507974E-002  1.117512721292256E-002
   64857.5817279878       6.879020912577714E-002  1.072454088088627E-002
   79691.5796623402       6.809561730439463E-002  1.148835585932183E-002
   15228.5603050187       6.858782487535890E-002  1.189834543006360E-002
   45468.7154172135       6.907982755594001E-002  1.230713872174259E-002
   150422.312042499       6.957155265117457E-002  1.271687596943001E-002
   13989.3071495575       6.911774650349127E-002  1.312264260692005E-002
   39288.3080468045       6.866370822922671E-002  1.352759842905094E-002
   68888.5966390075       6.820965453833841E-002  1.393377319578757E-002
   35852.8823242442       7.406168437163548E-002  1.501076347561395E-002
   37805.6745189289       7.434441359933074E-002  1.445629400627434E-002
   20854.2936623259       7.462716196061664E-002  1.390085319905426E-002
   23241.0721068965       7.491112136049963E-002  1.334641591466836E-002
   39742.4297763901       7.519427300067590E-002  1.279188988473360E-002
   46637.3492670576       7.562438030753546E-002  1.331337051203404E-002
   12421.5370526102       7.605537403279367E-002  1.383461017438276E-002
   45394.8441798805       7.648523012790408E-002  1.435694755385446E-002
   33644.2232413816       7.691593970795037E-002  1.487829052337979E-002
   7863.56788518798       7.775216165400087E-002  1.396056200308449E-002
   65800.0823591649       7.719274868499772E-002  1.358005110775509E-002
   43596.3497030005       7.663225047942690E-002  1.320082818637390E-002
   3022.32628641776       7.607267555821917E-002  1.282072756212257E-002
   5618.49095845354       7.551339902142057E-002  1.244168070949982E-002
   2069.77142557203       7.603397476335352E-002  1.198626511275019E-002
   31224.1006010234       7.655461645099951E-002  1.153174275134224E-002
   28655.5203017956       7.707615558749502E-002  1.107606111585497E-002
   11690.3469207163       7.759664253567523E-002  1.062129362031218E-002
   18845.7164497913       7.637891905486167E-002  1.044072428866213E-002
   16552.9565809567       7.597352682202231E-002  1.100202568298107E-002
   12172.8215006194       7.556895016812332E-002  1.156222128191696E-002
   3085.92565254341       7.516330342167284E-002  1.212253091845093E-002
   5183.70840592302       7.467946775246563E-002  1.160349177741597E-002
   10695.7525301249       7.419560999618947E-002  1.108468398398852E-002
   38521.9316535443       7.371084069586073E-002  1.056489065457441E-002
   29729.6831985707       7.315757060238447E-002  1.117238752226337E-002
   4743.11630330335       7.372054847202993E-002  1.160653539439517E-002
   17862.6779332959       7.428246988317477E-002  1.203960908603753E-002
   38107.3233725283       7.484419593730612E-002  1.247267388709967E-002
   47356.6033369985       7.431781940329345E-002  1.280490832559321E-002
   69842.5739249417       7.379137276095590E-002  1.313833196817345E-002
   72864.8411641237       7.326393750104558E-002  1.347094123700650E-002
   10455.1288811875       7.866995046833890E-002  1.479697857007541E-002
   5109.36471615605       7.905820251327782E-002  1.440563883452902E-002
   5581.39953572849       7.944550923959937E-002  1.401433980808728E-002
   3561.08520198376       7.983383184084257E-002  1.362296707713730E-002
   10767.5942083911       8.022109187796574E-002  1.323153189490405E-002
   3491.93964192482       8.063499018045106E-002  1.358567675697615E-002
   2402.41137725194       8.104889185418508E-002  1.393981404763059E-002
   7862.19106919855       8.146178790822381E-002  1.429400108212648E-002
   1115.51644692155       8.187569528557240E-002  1.464812588411382E-002
   10173.9172289748       8.274527208878485E-002  1.369370121896001E-002
   450.188506224464       8.235424109481154E-002  1.331445722677851E-002
   3813.87828264485       8.196324318984669E-002  1.293623190833550E-002
   3192.64146810508       8.157220493760046E-002  1.255700354089669E-002
   13659.3419219622       8.118116497919317E-002  1.217777939119311E-002
   3821.83395278384       8.153387403519086E-002  1.173390971589064E-002
   3107.96846164264       8.188655871507278E-002  1.128905112025288E-002
   10501.4290795053       8.223929689139313E-002  1.084519132792745E-002
   9708.50493175155       8.259195060921545E-002  1.040028359227341E-002
   7119.69962164732       8.135588241678895E-002  1.004038765225990E-002
   10245.1302415322       8.094671643798346E-002  1.043281889197615E-002
   8282.57060924893       8.053653637289297E-002  1.082529703204103E-002
   10204.9038913994       8.012733920866597E-002  1.121772127759201E-002
   9907.94097710362       7.967940389378064E-002  1.086514621689468E-002
   15238.6016660532       7.923240240990032E-002  1.051266003132679E-002
   5310.15990894389       7.878442861440015E-002  1.016024943200037E-002
   9844.67853599887       7.798935979888802E-002  1.103338146454665E-002
   9293.37507332066       7.838210357399950E-002  1.144642149375861E-002
   9995.66295151465       7.877473613221926E-002  1.185847315233127E-002
   44432.1237931277       7.916742273966985E-002  1.227148138934480E-002
   13781.0208714436       7.881360652769613E-002  1.269321650043972E-002
   11732.3743444812       7.845984904491078E-002  1.311599097671728E-002
   884.887130195963       7.810599912453886E-002  1.353777034798148E-002
   653.188514636881       8.369970650704438E-002  1.456324767135380E-002
   661.116270152102       8.408220986286813E-002  1.424212102321586E-002
   4576.39806993943       8.446373787954983E-002  1.392202089331159E-002
   1667.09698940669       8.484622161359055E-002  1.360087973701363E-002
   1052.17088376084       8.522869582780174E-002  1.327972981972579E-002
   2632.39555223888       8.576323218036713E-002  1.355813675654931E-002
   7166.04050798552       8.629875057989655E-002  1.383652236103299E-002
   3871.26662703409       8.683322637025294E-002  1.411395405938189E-002
   2162.94074162918       8.736875162902423E-002  1.439234447445813E-002
   5522.23096742518       8.776303681897996E-002  1.395951582730634E-002
   5353.81623138779       8.743609650570143E-002  1.345219147488896E-002
   353.807121440119       8.711019663098887E-002  1.294580444691062E-002
   2048.04813751325       8.678323866951668E-002  1.243846868547672E-002
   5646.03532017546       8.645634178003250E-002  1.193211682341787E-002
   3016.92171478919       8.673556633265667E-002  1.141454078190101E-002
   4724.43460423436       8.701480433404028E-002  1.089794475226518E-002
   5296.53553113317       8.729298200083843E-002  1.038039641386446E-002
   6654.41988538631       8.757217314408108E-002  9.863804228633519E-003
   5066.83615567010       8.657573658421709E-002  9.727128444097006E-003
   11492.0959311406       8.608638494939697E-002  1.005229809869507E-002
   9541.71129124535       8.559806690124769E-002  1.037839346758784E-002
   9184.19221173387       8.510875316309015E-002  1.070453405624748E-002
   12142.1872623419       8.466814576609674E-002  1.042172049175122E-002
   6915.97774165665       8.422652741553184E-002  1.013896393051803E-002
   9500.78990461786       8.378595838316401E-002  9.857146030269348E-003
   5532.10287337161       8.291449928554059E-002  1.081372653861115E-002
   4809.19315598202       8.323602194877762E-002  1.122621302047266E-002
   486.410634307743       8.355859011437858E-002  1.163966281934213E-002
   3378.95446515087       8.388113552347350E-002  1.205209939419725E-002
   520.150464491306       8.359692752531973E-002  1.246275908207917E-002
   2519.40856560045       8.331272591095538E-002  1.287342301280645E-002
   511.540852982836       8.302946767706820E-002  1.328303282397499E-002
   1612.05311449418       8.819585446253143E-002  1.435377252132997E-002
   2851.62362465953       8.869932465168803E-002  1.394385035627189E-002
   4047.93365478120       8.920181725070232E-002  1.353497097098428E-002
   579.734103992360       8.970526329380170E-002  1.312505703586191E-002
   1938.11012307511       9.020775570496775E-002  1.271619293268130E-002
   1549.82185250917       9.059029448883069E-002  1.308375258140123E-002
   3642.00896358309       9.097386617248537E-002  1.345228966609677E-002
   615.870890698053       9.135640137184592E-002  1.381987264895938E-002
   2395.27887108727       9.173899104128598E-002  1.418845441942924E-002
   6099.23330717853       9.272844470701878E-002  1.310216393644199E-002
   6232.37954998082       9.232587210366228E-002  1.275554942055734E-002
   3623.73722514224       9.192429822983465E-002  1.240888088997059E-002
   4503.71833387585       9.152167123322023E-002  1.206125936834791E-002
   7157.06672554913       9.112010014585370E-002  1.171457181469574E-002
   2862.91719756583       9.148493162280832E-002  1.127305648956631E-002
   662.531175796771       9.185072890386536E-002  1.083148355366122E-002
   3666.80251793931       9.221551553153765E-002  1.038996534323367E-002
   2717.76331031195       9.258125713254065E-002  9.947427534286435E-003
   1957.35180584905       9.133514937744312E-002  9.588177194669744E-003
   2759.32306011986       9.092957933799314E-002  9.992560470060587E-003
   5650.35972943279       9.052406193321787E-002  1.039792687272354E-002
   9836.64286325224       9.011850519687378E-002  1.080228516391063E-002
   13956.3953080323       8.959715621219740E-002  1.044118692270971E-002
   11610.3170559830       8.907676821602419E-002  1.007902209061018E-002
   6111.73649980796       8.855542791805220E-002  9.717882699723282E-003
   10524.8288245882       8.798112083885055E-002  1.034827855328108E-002
   2376.65890447848       8.838912902692189E-002  1.083382858585649E-002
   1855.42119672358       8.879811252520924E-002  1.131833396261845E-002
   2243.26937770548       8.920616897180829E-002  1.180387410128977E-002
   3756.62192352822       8.884585256651444E-002  1.234225881140498E-002
   1801.85105719550       8.848459336411149E-002  1.288169530266992E-002
   2916.85452398562       8.812428783434430E-002  1.342008352215645E-002
   1752.95269242000       9.381473785804482E-002  1.409158546651449E-002
   990.252894051944       9.415991077184989E-002  1.365801042230991E-002
   273.833490300970       9.450506479241365E-002  1.322442778373424E-002
   1178.01266821388       9.485121177055958E-002  1.279080194904772E-002
   2901.22805877300       9.519636393812907E-002  1.235723862099368E-002
   1606.99450451041       9.564932411692115E-002  1.275355011574933E-002
   1658.12609807310       9.610227939339989E-002  1.314987476791950E-002
   1612.16705586152       9.655523896324321E-002  1.354620210569644E-002
   1255.42251791527       9.700820090877470E-002  1.394253417849314E-002
   349.572907993909       9.773576484154607E-002  1.314375102040798E-002
   2371.36398734401       9.729899568185112E-002  1.272965941025641E-002
   417.326585456211       9.686222842810099E-002  1.231555726379746E-002
   933.946135867378       9.642545419202087E-002  1.190145538295589E-002
   5352.82002262846       9.598867638669344E-002  1.148735130402419E-002
   3333.98310898842       9.638223890287995E-002  1.097541893257114E-002
   609.658741414465       9.677577872139499E-002  1.046347795121364E-002
   1417.51342433341       9.716930276101546E-002  9.951537704645779E-003
   143.581694390677       9.756282952047271E-002  9.439623690469408E-003
   529.040715679145       9.653776580749822E-002  9.376397943588119E-003
   2851.41639837891       9.606477471235159E-002  9.815965740333787E-003
   5440.94304246595       9.559178615064819E-002  1.025551890572325E-002
   5424.34971129116       9.511879121924646E-002  1.069505509160633E-002
   5741.12367685403       9.467584225585954E-002  1.029826690469027E-002
   2664.81674312007       9.423289505544265E-002  9.901457196672583E-003
   4442.98755766442       9.378993554552098E-002  9.504640955255828E-003
   7854.22179846046       9.301758951819533E-002  1.035252764068598E-002
   1552.17726640888       9.345386954506867E-002  1.075665681286693E-002
   2020.61549601920       9.389016176104695E-002  1.116079207074583E-002
   5687.38945424242       9.432647001156530E-002  1.156492865637209E-002
   460.048627042952       9.392694739963715E-002  1.194899893341437E-002
   1545.71593765851       9.352747328135513E-002  1.233405873811927E-002
   2682.05065316258       9.312795566441011E-002  1.271811180706034E-002
   128805.191211705      -1.283089720119548E-003  2.248423190620443E-002
   320344.059695185      -9.608868740538498E-004  2.194293258996903E-002
   130393.094531526      -6.360792181066637E-004  2.140304609540443E-002
   1743272.88986654      -3.085307399826413E-004  2.086208230366897E-002
   1289315.87924923       2.451550738405126E-005  2.031938254089129E-002
   2882593.68777069       5.301224616588702E-004  2.085245187938805E-002
   201253.761089634       1.036311796125072E-003  2.137335091891850E-002
   574916.543966196       1.533465408507207E-003  2.189371309642645E-002
   1661659.04669098       2.017924980714105E-003  2.242328293303630E-002
   2818493.10263851       2.596877007924634E-003  2.183558386586350E-002
   2457572.71575023       2.036624963199326E-003  2.136088628166171E-002
   2058539.53219658       1.471707303900963E-003  2.089787345511638E-002
   400515.502196102       9.043241545508302E-004  2.044298361316794E-002
   808668.411363138       3.514357499181367E-004  1.998607830098087E-002
   1838151.98171315       9.007780656873462E-004  1.955906933735489E-002
   2336516.93536371       1.454072941430801E-003  1.912939117065913E-002
   3566635.76391362       2.002911162307781E-003  1.869273642086425E-002
   2074556.30144687       2.550560064627187E-003  1.825289464809181E-002
   1061935.85437686       1.344878818739764E-003  1.803806413327036E-002
   275861.783400349       9.100849868967579E-004  1.857652252571943E-002
   1536172.82666836       4.690760849021516E-004  1.911452458303809E-002
   752022.909143861       2.339424993418801E-005  1.965751153272761E-002
   1333809.54948342      -3.623453705900626E-004  1.911747374235653E-002
   146904.646615833      -7.448246900701151E-004  1.857794567949603E-002
   383499.590713278      -1.126312735364873E-003  1.803929026904597E-002
   1370324.33213124      -2.492755978474136E-003  1.849157382876473E-002
   1126456.53531488      -1.946829204730946E-003  1.886864624411579E-002
   1107394.94964288      -1.400142833657847E-003  1.924419846015683E-002
   262551.448883387      -8.513244006563047E-004  1.961672074526922E-002
   1988593.63680447      -3.057202932301819E-004  1.998938180523773E-002
   1688722.67400001      -8.521118263665458E-004  2.030858346008236E-002
   2317623.79746323      -1.401827095681284E-003  2.062813223234689E-002
   2024625.46534702      -1.948824200030518E-003  2.095017909302467E-002
   1582551.06290675      -2.495019939308419E-003  2.127347800800375E-002
   1457250.96703895       3.180064034634130E-003  2.242093221333603E-002
   1292699.68377095       3.660924724008867E-003  2.202149201820273E-002
   1548700.41214986       4.146814102607422E-003  2.162152874352385E-002
   2507187.93750614       4.632799269341675E-003  2.121618980053884E-002
   1529678.66886539       5.115542117736457E-003  2.080527282796495E-002
   1674369.22520868       5.508907343890708E-003  2.120392984468065E-002
   488638.331462402       5.901420106211109E-003  2.160168794556401E-002
   436557.623101749       6.291957882106281E-003  2.199778586950945E-002
   868074.014066798       6.678664458266171E-003  2.239600496043224E-002
   2208872.91077485       7.639159766581558E-003  2.141293716982635E-002
   1540490.20491309       7.223065626477265E-003  2.103561110945397E-002
   1339472.24479380       6.808591006688940E-003  2.065978373026307E-002
   347272.366350606       6.394235675286967E-003  2.028551377290448E-002
   412846.677653684       5.983333737658968E-003  1.991165778673050E-002
   55714.9885938564       6.381004053064904E-003  1.945546575021656E-002
   73992.9597329523       6.785269271184745E-003  1.900130020415955E-002
   1601750.40579785       7.191577430919823E-003  1.854657063463620E-002
   1109159.89848413       7.599943694091096E-003  1.808954846320579E-002
   125188.024119749       6.462528531950584E-003  1.781891756487110E-002
   1377092.81043611       6.005562615437493E-003  1.822300784656326E-002
   1537713.30628068       5.547677291541696E-003  1.863082119776826E-002
   2067539.13103687       5.089982311145875E-003  1.904029299259002E-002
   2542936.19005736       4.641699024808777E-003  1.864226219664579E-002
   1370878.31926221       4.193021995593876E-003  1.824901487140949E-002
   809241.593452801       3.745634203111684E-003  1.785914311524546E-002
   1803819.15020807       2.973748218116147E-003  1.867631648271255E-002
   966999.536647983       3.394578851416342E-003  1.909707857879743E-002
   240981.795079850       3.812784613865936E-003  1.951559567506485E-002
   948185.909022286       4.225971475547882E-003  1.993493058156644E-002
   1077939.60077744       3.826580965502611E-003  2.041097779304205E-002
   46952.4643281477       3.420988579377130E-003  2.088533271397813E-002
   660578.314703282       3.011106526112734E-003  2.135911221015467E-002
   9480.34832015861       8.618605588107684E-003  2.237950988837825E-002
   1413885.01263139       8.998629401368379E-003  2.205576054247383E-002
   1241120.14883398       9.382096018886935E-003  2.173468017504207E-002
   2263555.23080042       9.765924820431425E-003  2.140973140733197E-002
   1277132.39530832       1.015014100351141E-002  2.108454917067663E-002
   2630731.18170244       1.061302813214757E-002  2.139998613423849E-002
   1817024.04394740       1.107611183471421E-002  2.171323719717309E-002
   2003608.86455738       1.154110965119927E-002  2.202124065346918E-002
   937870.180567574       1.199984147431789E-002  2.233069253137039E-002
   2968539.04379789       1.267874073209208E-002  2.162167871439081E-002
   584514.995970545       1.233901815771655E-002  2.118034134536819E-002
   123672.025880758       1.200576606821493E-002  2.073740403796156E-002
   815886.607310797       1.167384953605622E-002  2.029650131180753E-002
   439031.524436633       1.134622993550818E-002  1.985363813265306E-002
   698553.448544110       1.166338911541934E-002  1.937376826954993E-002
   128970.092411873       1.198319044058094E-002  1.889562976110118E-002
   1261635.67981242       1.230513355384091E-002  1.841637268871223E-002
   1459510.70390235       1.263142549230034E-002  1.793566152537081E-002
   877488.877855705       1.156958150595468E-002  1.768083996758134E-002
   1817952.34976055       1.108575487553858E-002  1.800147534023853E-002
   2115525.26611378       1.060319078943961E-002  1.832629286827174E-002
   1066127.35017174       1.012104995877180E-002  1.865440197789230E-002
   1743178.15318613       9.657732807283581E-003  1.833842383409504E-002
   1177383.82211658       9.193504911059525E-003  1.802399861823896E-002
   614364.110023240       8.730568879899333E-003  1.771298614698548E-002
   1156133.42676973       7.934131016417753E-003  1.853953270548414E-002
   282224.363379017       8.265244161955733E-003  1.898722865789815E-002
   414528.655185613       8.595471492562025E-003  1.943508424226513E-002
   55202.9034102439       8.922680679896695E-003  1.988300144933542E-002
   427913.341084582       8.605815151996302E-003  2.026580496267210E-002
   528194.515943689       8.284952162202533E-003  2.064783199001668E-002
   722645.288110385       7.964521782102208E-003  2.103056641848101E-002
   1160752.88427806       1.338066423372924E-002  2.230496873446965E-002
   367127.486940834       1.382638109201785E-002  2.183938480907958E-002
   791201.972840610       1.428207000903128E-002  2.137679098598028E-002
   2844630.88990756       1.473921461961582E-002  2.091084440250696E-002
   1556099.38797878       1.519685382824082E-002  2.043945153797475E-002
   2290843.74433182       1.557819629013415E-002  2.089632807315463E-002
   250460.911111720       1.595661489733291E-002  2.135086427016799E-002
   275259.180182958       1.633257490974641E-002  2.180328432892692E-002
   1127255.21888433       1.670389415720495E-002  2.225843695314408E-002
   2291406.95383496       1.773420899724504E-002  2.117838564128763E-002
   1510167.97785568       1.725329182759094E-002  2.082909665845052E-002
   1492746.61470166       1.677393677241809E-002  2.048106620119827E-002
   29835.7581810012       1.629461807026961E-002  2.013553173561202E-002
   350957.338936261       1.582150579878562E-002  1.978877798218528E-002
   481664.797597617       1.628232164019507E-002  1.938313846011692E-002
   1064268.26068809       1.674612337374528E-002  1.897588485805457E-002
   1704429.72044046       1.721019113805299E-002  1.856716247167716E-002
   1107550.52812655       1.767364944415183E-002  1.815484163631700E-002
   361886.984293970       1.637240876275489E-002  1.775212296595005E-002
   337102.731311097       1.597561577893980E-002  1.822105898302133E-002
   1081349.08989348       1.557562013400965E-002  1.869074768187276E-002
   876882.992780990       1.517557141516510E-002  1.916315080135297E-002
   1529709.69081643       1.467937083560549E-002  1.870613026462700E-002
   482729.690142363       1.418378274983561E-002  1.825343582778096E-002
   172147.784705237       1.368927399485081E-002  1.780274403054141E-002
   1450284.57099606       1.311306318240184E-002  1.840866540760475E-002
   907637.557728227       1.359515358980606E-002  1.887792075609044E-002
   104342.301415028       1.407576894929120E-002  1.934328961303887E-002
   147983.044755398       1.455155377801461E-002  1.981070696335916E-002
   302258.900761694       1.409062425329717E-002  2.026151245059902E-002
   1479104.93784247       1.362119720346012E-002  2.071025088361523E-002
   2113445.29536557       1.315006200211910E-002  2.116406449910687E-002
   635929.559362786       1.880852035410221E-002  2.221493203719364E-002
   362706.510059524       1.916102494089369E-002  2.176653571769580E-002
   382043.049059508       1.951797443639526E-002  2.131950194687827E-002
   1930513.17360915       1.987706236520758E-002  2.087142005377409E-002
   1243945.06003422       2.023805303947241E-002  2.041994107615109E-002
   2405102.32562929       2.070745371098634E-002  2.085224965746047E-002
   806454.567287667       2.117572159553549E-002  2.127957511683638E-002
   618577.679526374       2.164438966299747E-002  2.170410040673446E-002
   1307916.53840853       2.210596150895417E-002  2.212930060055999E-002
   2307173.05597314       2.279047667238577E-002  2.139868787726792E-002
   1066588.69747317       2.232463788876172E-002  2.096721500903912E-002
   619144.775295252       2.185976605474129E-002  2.053677891361999E-002
   788980.285166752       2.139817617207291E-002  2.010939264241425E-002
   54623.7001797603       2.094261791242422E-002  1.967815818084079E-002
   123640.950265047       2.137942867549309E-002  1.923634809406399E-002
   819428.983003871       2.181790305479177E-002  1.879419481658743E-002
   1710648.47525093       2.225826160246485E-002  1.834894700117599E-002
   1215498.79470627       2.269753125231502E-002  1.790198622611605E-002
   284165.898504592       2.149846631220949E-002  1.761617100316757E-002
   546270.632604719       2.106807577820763E-002  1.806679047499638E-002
   1251665.41800296       2.063694338381453E-002  1.851758712750783E-002
   669164.075911726       2.020588437866341E-002  1.897252184180112E-002
   1047855.71468982       1.978885252803976E-002  1.853762800027658E-002
   189511.227725416       1.937150638938153E-002  1.810630383632560E-002
   53327.8134588274       1.895654355454746E-002  1.767515145699589E-002
   988863.629686518       1.813157286415800E-002  1.854663121315921E-002
   700075.643863182       1.858981114721045E-002  1.893599335255844E-002
   68500.8960909039       1.904641555886016E-002  1.932428760879493E-002
   77803.5239940878       1.950103351039508E-002  1.971146106199776E-002
   108097.136483042       1.906289878247406E-002  2.007726987177609E-002
   1312416.11902690       1.862108693563003E-002  2.044266987284500E-002
   1400374.05051620       1.817806262027543E-002  2.081002563572929E-002
   885440.401769543       2.351594219114434E-002  2.208833128481581E-002
   331410.687556337       2.395186145913545E-002  2.162959516209511E-002
   591050.356925841       2.439522163906078E-002  2.117276762496516E-002
   1754217.26693326       2.483900940238832E-002  2.071343443028737E-002
   1113105.92339902       2.528342046782434E-002  2.024869818987123E-002
   1938344.50145634       2.581555191005528E-002  2.068485972317922E-002
   807628.074858480       2.634824804297607E-002  2.111544370704761E-002
   521013.367513765       2.688216701190324E-002  2.154151713162093E-002
   1453760.26031281       2.740866012812592E-002  2.196854536223753E-002
   2012644.65646879       2.785105637407002E-002  2.149325548419507E-002
   810813.905928445       2.737237905180040E-002  2.100196268732004E-002
   189314.992181783       2.689524709767271E-002  2.051368311411568E-002
   883777.954466744       2.642164065222492E-002  2.002697482852638E-002
   416046.965948552       2.595374578551317E-002  1.953557564240542E-002
   66703.1880715997       2.639416462558013E-002  1.903646128141908E-002
   435677.162133294       2.683808488945481E-002  1.853773945399318E-002
   1675143.30953278       2.728408472552692E-002  1.803850249757194E-002
   1266848.12701450       2.773024006279937E-002  1.753536044833852E-002
   70494.5730115369       2.670059274463144E-002  1.747539710901697E-002
   955526.451113801       2.621564274080488E-002  1.793487616682073E-002
   1428631.27531772       2.572893091439100E-002  1.839685575904216E-002
   975662.460909233       2.524438063185196E-002  1.886356912569113E-002
   1283448.41865875       2.478883761765937E-002  1.842494807983851E-002
   250080.939175300       2.433373192128143E-002  1.799076445507277E-002
   149480.980438053       2.387944410448657E-002  1.755827661888398E-002
   1157021.70695569       2.316840639400328E-002  1.832345768736661E-002
   675194.426183920       2.363903676926988E-002  1.874305266559655E-002
   278021.005390407       2.410845776356858E-002  1.915920832265925E-002
   505728.142680522       2.457471983323639E-002  1.957585076430480E-002
   246173.945518197       2.413271230646767E-002  2.003072324561915E-002
   832900.278571300       2.368660221717305E-002  2.048375451199594E-002
   1286953.96712847       2.323897037107584E-002  2.094036090617638E-002
   985602.290074545       2.832267051737241E-002  2.193947170911096E-002
   384656.256682395       2.882085982256644E-002  2.147327334947001E-002
   749109.463801507       2.932694705068980E-002  2.100708388916395E-002
   1728450.81772661       2.983206508221296E-002  2.053795047324193E-002
   931838.360886899       3.033599650017466E-002  2.006274568328772E-002
   1373848.59260504       3.075861522267053E-002  2.050802617247231E-002
   412178.309674592       3.118099343931451E-002  2.094959238278466E-002
   321524.594916314       3.160398511337635E-002  2.139024514194041E-002
   616109.746897942       3.202302724707488E-002  2.183093801222929E-002
   1182346.08342198       3.288140076308764E-002  2.089820865497466E-002
   519227.894629391       3.240292436352547E-002  2.051778815482230E-002
   354635.977105711       3.192462511474058E-002  2.013668473572275E-002
   449477.127296851       3.144842552807527E-002  1.975775745410984E-002
   157294.274244120       3.097520175492862E-002  1.937757392783829E-002
   446335.951982526       3.142489041509720E-002  1.901738736985261E-002
   905749.655762048       3.187550289152322E-002  1.865719969152071E-002
   1163508.48695226       3.232715967351687E-002  1.829421177010557E-002
   753919.069466907       3.277699589810022E-002  1.792915380025049E-002
   335517.079275621       3.130193763432172E-002  1.733051681222215E-002
   41796.9932489483       3.096682817142757E-002  1.779881451525144E-002
   655540.482682587       3.063089210861069E-002  1.826634530630694E-002
   711352.222989965       3.029264445525781E-002  1.873653061170131E-002
   1336301.40125853       2.978050708112513E-002  1.829356484406847E-002
   569150.322096063       2.926640953758837E-002  1.785583526117270E-002
   259819.577041085       2.875438382723164E-002  1.741938784411880E-002
   1039222.62371028       2.821291839499839E-002  1.800976100640017E-002
   507441.328954086       2.869633539097953E-002  1.848028236904797E-002
   275909.334300785       2.917678576567742E-002  1.895023073059100E-002
   518223.148328495       2.965387288788891E-002  1.942062373421448E-002
   706091.466621928       2.920925170873771E-002  1.993967479171191E-002
   261139.488012546       2.875923598307801E-002  2.045494623670900E-002
   921134.319431966       2.830497853173553E-002  2.097229026071761E-002
   581436.263151022       3.381082089592430E-002  2.175925501064648E-002
   331857.039378369       3.418980345753362E-002  2.119376554980041E-002
   353780.470917698       3.457395889330417E-002  2.063074061578775E-002
   426785.566024525       3.496076270688880E-002  2.006900311837318E-002
   664778.553159581       3.535063163701645E-002  1.950438270267511E-002
   881558.063861003       3.589463035348441E-002  2.003364009597794E-002
   316744.004252332       3.643931315802027E-002  2.055526883090559E-002
   532828.306488373       3.698069532369588E-002  2.107749611372276E-002
   1723084.20274522       3.751280567220194E-002  2.160555983530487E-002
   1318253.73785623       3.794373963977685E-002  2.114352866952141E-002
   811968.039316679       3.736617748975370E-002  2.065224703262725E-002
   505136.835138311       3.678438899202671E-002  2.016738662798837E-002
   582062.694002027       3.620219120402921E-002  1.968837793831624E-002
   363625.062289387       3.562800085776931E-002  1.920552678184877E-002
   1020776.61600102       3.617210421696444E-002  1.878991842493238E-002
   1495362.22981765       3.671936798919428E-002  1.837125005709861E-002
   1878378.27313421       3.726404107067948E-002  1.794881163548149E-002
   1043601.57652387       3.780657645025925E-002  1.752260928814696E-002
   761634.734749797       3.650854630826374E-002  1.724021913152880E-002
   214547.092043113       3.612125231973362E-002  1.780213979892305E-002
   776521.907959001       3.572829363429080E-002  1.836262980453655E-002
   805016.308817139       3.533123025470688E-002  1.892673302724663E-002
   652380.982955368       3.495332914062844E-002  1.839066790381083E-002
   564514.206240983       3.458055933160562E-002  1.785660451113015E-002
   491855.634135145       3.420970390393799E-002  1.732139744280931E-002
   1014481.14002038       3.334565957034977E-002  1.825751019886396E-002
   1165864.27665519       3.391526317492549E-002  1.858413480490812E-002
   356584.143122407       3.448628590464995E-002  1.890605170269999E-002
   245558.463502792       3.505382397719461E-002  1.922607322416440E-002
   786406.447901874       3.451090449013160E-002  1.963939450634147E-002
   1243920.72651001       3.396589788077903E-002  2.005551625154745E-002
   1111481.17120375       3.342290067094257E-002  2.047635643290920E-002
   918132.848586278       3.840321570798956E-002  2.157753308645765E-002
   138274.107398574       3.890253974402320E-002  2.108953751072104E-002
   450906.386629017       3.940702045949815E-002  2.060045801192197E-002
   1046297.28540362       3.990979895071892E-002  2.010867266778805E-002
   681110.300117058       4.041047180399000E-002  1.961139467499141E-002
   563531.202394557       4.080891187605073E-002  2.007318502393961E-002
   64380.9695546496       4.120772771157246E-002  2.053353345378016E-002
   44344.7764248997       4.160477649458793E-002  2.099448937158041E-002
   431151.588457199       4.200077307343757E-002  2.145545046349637E-002
   790546.992448778       4.295332744891479E-002  2.042009996429005E-002
   540932.346871289       4.245770498406892E-002  2.006383322624626E-002
   507606.271584616       4.196143986675719E-002  1.970894284743242E-002
   125330.624994311       4.146622562588739E-002  1.935420530294269E-002
   282943.375439287       4.097265780080137E-002  1.900063326498553E-002
   407620.060425309       4.143671214437497E-002  1.863781048480345E-002
   587382.868708569       4.190313998774388E-002  1.827353154403010E-002
   841983.514149747       4.237041991321558E-002  1.790849108272358E-002
   457511.821089346       4.283603127166337E-002  1.754182817551952E-002
   336335.398367995       4.135341647955056E-002  1.696690126260827E-002
   22031.5169870857       4.102479789941531E-002  1.745686124010057E-002
   368568.032809851       4.069376915996276E-002  1.794617250373278E-002
   887683.484146959       4.036203282928470E-002  1.843641755046256E-002
   973758.419271904       3.993152527708924E-002  1.797638380190961E-002
   186066.303500893       3.950171760946305E-002  1.751963232095522E-002
   94094.7848998429       3.907485095957047E-002  1.706248202078679E-002
   1155041.24441800       3.830591792851626E-002  1.790674485026471E-002
   912676.983693288       3.880623961077878E-002  1.828800930025740E-002
   252663.935862855       3.930514845918336E-002  1.866803237549667E-002
   705047.309132470       3.980113218079445E-002  1.904755428686184E-002
   832838.675367945       3.934316561776215E-002  1.957359155844246E-002
   239429.466001526       3.887962135815000E-002  2.009581760105679E-002
   216598.370384031       3.841168570756285E-002  2.061889562647133E-002
   246935.071623108       4.398671277787821E-002  2.137492473174303E-002
   104427.593202752       4.434496212948346E-002  2.090624385230044E-002
   129213.498788113       4.470419269967309E-002  2.043837048458111E-002
   619103.542203008       4.506488448015282E-002  1.996878313897480E-002
   483262.942219436       4.542501280758835E-002  1.949902557796712E-002
   781959.879615444       4.590776667073653E-002  1.993395929724743E-002
   266749.994911994       4.639075382949468E-002  2.036828504945653E-002
   191252.925238078       4.687451976066221E-002  2.080022383016495E-002
   430172.512824783       4.735531445826808E-002  2.123268185933756E-002
   716203.455938604       4.798081037349082E-002  2.054835877656586E-002
   312609.402227610       4.750318039456278E-002  2.010886289126428E-002
   152400.559751696       4.702612324567680E-002  1.966914803767132E-002
   302561.285821677       4.654901645834336E-002  1.923103903084391E-002
   25331.9118494216       4.607539521051858E-002  1.879174947987243E-002
   466871.073959078       4.651747269702794E-002  1.845169270298593E-002
   590821.617450206       4.696149624880240E-002  1.811016687081048E-002
   811977.165570553       4.740436460031195E-002  1.776864677073034E-002
   493272.372130115       4.784724068728813E-002  1.742570513108450E-002
   193289.520042768       4.628676261323299E-002  1.673863692402087E-002
   76951.3183241055       4.598205824226623E-002  1.720530245033336E-002
   347200.469201843       4.567565702206358E-002  1.767326678625499E-002
   436679.275501725       4.536922826268271E-002  1.814078505694727E-002
   564689.723630637       4.500085638923529E-002  1.770106442379279E-002
   95076.2155328788       4.463210329593222E-002  1.726135912210817E-002
   24304.9933436600       4.426501210934663E-002  1.682306399310390E-002
   520231.911911591       4.330720632268725E-002  1.786881633350218E-002
   446354.532902025       4.377808639085773E-002  1.819547818934166E-002
   87313.7592680648       4.424985080901092E-002  1.852215653046806E-002
   62040.9837341582       4.471915829722656E-002  1.884780465152901E-002
   33071.4669286348       4.427931615804932E-002  1.923977397124983E-002
   423531.845593689       4.383693527694604E-002  1.963282882517860E-002
   475844.969857381       4.339538303131794E-002  2.002587504900610E-002
   315547.383122734       4.866357243915440E-002  2.117541420059520E-002
   63674.3933740827       4.910376711517914E-002  2.067893316445687E-002
   171601.403251796       4.954727590296368E-002  2.018309528042024E-002
   600022.455687308       4.999040247570616E-002  1.968740730767813E-002
   405726.101822033       5.043312009786510E-002  1.918880873982199E-002
   562489.094226289       5.093749051914386E-002  1.964543410723127E-002
   140358.181705033       5.144194255480533E-002  2.009975500858580E-002
   67644.2533709361       5.194506287385089E-002  2.055428264302636E-002
   353342.875449586       5.244733636019484E-002  2.100943305256254E-002
   527195.387279664       5.299781800559675E-002  2.040648229957307E-002
   324101.864702310       5.249520498606554E-002  1.994812421584077E-002
   189657.682716893       5.199267973258461E-002  1.949191636860584E-002
   178017.541677605       5.149166693999190E-002  1.903530328179319E-002
   17628.5364597218       5.099166086468566E-002  1.857787285188550E-002
   370763.144820296       5.145498999674857E-002  1.819929470527432E-002
   445609.490953751       5.191834601347448E-002  1.781954881090720E-002
   618402.150597725       5.238257258845864E-002  1.743988445160194E-002
   365597.272865046       5.284664925702702E-002  1.705966697611642E-002
   120694.383390925       5.139989526781889E-002  1.653879643914322E-002
   97082.3822202599       5.106149268743339E-002  1.703209885747290E-002
   306025.586904976       5.072136536742507E-002  1.752467758484812E-002
   394652.215957960       5.038147944314358E-002  1.801883732652834E-002
   374355.154649319       5.003506783347900E-002  1.755539202561643E-002
   82321.9781523644       4.968879165233193E-002  1.709359941583001E-002
   53895.7894083166       4.934417006904473E-002  1.663093915357249E-002
   533038.095588915       4.834193627314756E-002  1.772789202286145E-002
   585487.248860982       4.883623903515927E-002  1.802911848478266E-002
   279637.080257489       4.932981248717457E-002  1.833018190656182E-002
   60480.4096958289       4.982327632620590E-002  1.862971577731573E-002
   126685.255773621       4.936429189979998E-002  1.910867843861651E-002
   262923.369919091       4.890415140569519E-002  1.958718082163115E-002
   427530.552475228       4.844248858125990E-002  2.006765984311006E-002
   138769.792438003       5.359986357361801E-002  2.095817465395069E-002
   234078.516188140       5.406270518968325E-002  2.053058524298703E-002
   292494.919663483       5.452574132334888E-002  2.010193698881636E-002
   474651.163471481       5.498965037491504E-002  1.967325802639913E-002
   253907.585347704       5.545304076626015E-002  1.924250480059152E-002
   388061.582267738       5.596278832229451E-002  1.962799922151876E-002
   176776.342509046       5.647350923171303E-002  2.001207912781466E-002
   167645.686769421       5.698344309950677E-002  2.039641276159625E-002
   182411.343454001       5.749353055281098E-002  2.077965863852421E-002
   330134.676549506       5.800527499252937E-002  2.021614959273052E-002
   88528.0007490602       5.757301346702497E-002  1.974571400966994E-002
   13423.3342682827       5.714037203981820E-002  1.927657652989655E-002
   181525.276959540       5.670917423589985E-002  1.880646310494411E-002
   38003.4149832322       5.627813985001558E-002  1.833670724891315E-002
   5965.56834578375       5.666505796301888E-002  1.784688637741548E-002
   92932.2685242233       5.705165726556530E-002  1.735728928021582E-002
   244089.897384294       5.743962222336790E-002  1.686648576307316E-002
   223706.649136846       5.782671242078004E-002  1.637608347834030E-002
   112701.004330027       5.673528885494982E-002  1.622235245819285E-002
   234086.720553495       5.628058654565309E-002  1.665202518077558E-002
   306205.943626558       5.582676477780629E-002  1.708106636713197E-002
   205679.484812459       5.537313053368792E-002  1.751159005689911E-002
   228056.092595919       5.499456866045670E-002  1.711994758397522E-002
   17441.1094161417       5.461532498975376E-002  1.672981482802728E-002
   34126.1583443212       5.423732900223582E-002  1.633891911851391E-002
   279552.071130427       5.327209226589669E-002  1.739906172079839E-002
   248434.589986726       5.369806875305833E-002  1.773848337673897E-002
   63589.7504990618       5.412303744258531E-002  1.807834390877174E-002
   130929.040120375       5.454845954887249E-002  1.841696844008558E-002
   183498.837117009       5.416179137250184E-002  1.891474310099935E-002
   17926.4143129960       5.377493270201053E-002  1.941204669259849E-002
   161821.617158346       5.338622764072137E-002  1.990855462800493E-002
   147428.410908826       5.856810770804163E-002  2.072851905251547E-002
   50356.7341035981       5.903813083416205E-002  2.026891106395781E-002
   109457.610509960       5.950813928578440E-002  1.980856291028811E-002
   183548.582105303       5.997935794280362E-002  1.934881494437782E-002
   110477.786416576       6.044929463765836E-002  1.888840581095592E-002
   163352.726513275       6.092624929327414E-002  1.930436492695774E-002
   4152.49962797234       6.140440916891463E-002  1.971927118055549E-002
   33141.2928757538       6.188143731662086E-002  2.013465608710155E-002
   754723.036774046       6.235811795238316E-002  2.054944837873528E-002
   528553.088777565       6.300001508651164E-002  1.984349424102457E-002
   37296.8250226126       6.253960933188202E-002  1.940859078155667E-002
   27825.1447577775       6.207868551747238E-002  1.897499664876783E-002
   189631.152163934       6.161913296327089E-002  1.854070545686245E-002
   205146.783086051       6.116041752005275E-002  1.810723059146102E-002
   99928.6417142327       6.157883594370922E-002  1.766310099932862E-002
   175790.102060198       6.199791884626661E-002  1.721777923379885E-002
   364802.768457465       6.241847940039372E-002  1.677295974123284E-002
   242956.835409665       6.283793352555174E-002  1.632729688830485E-002
   69907.1573166900       6.160173626288842E-002  1.602530925831536E-002
   126940.855481971       6.119520503771732E-002  1.648204574979815E-002
   385188.474922418       6.078713454465121E-002  1.693820350027428E-002
   140891.324140682       6.038031706067166E-002  1.739546886986254E-002
   254445.759132654       5.988727099564844E-002  1.698042610386624E-002
   11372.0856326456       5.939427638724906E-002  1.656595068971267E-002
   77825.5610212914       5.890044347333735E-002  1.615109134491994E-002
   134176.237714512       5.828751236981226E-002  1.682664434430206E-002
   19271.6911077889       5.874921705360683E-002  1.727746019862553E-002
   196814.658009094       5.920951008363904E-002  1.772697396554244E-002
   108976.038784986       5.966873868221802E-002  1.817695071920273E-002
   15252.9314565868       5.925363358766824E-002  1.868596929758281E-002
   82408.1631862350       5.883809524355550E-002  1.919595424879102E-002
   184999.455048676       5.842118625816903E-002  1.970526092483066E-002
   454136.713932741       6.370431098475086E-002  2.048719405602071E-002
   45421.7534232088       6.414176360584901E-002  2.005424989949776E-002
   7764.03880043650       6.457952793542124E-002  1.962258256106227E-002
   105577.755357042       6.501839783460688E-002  1.918933699578721E-002
   145688.385940444       6.545589750709373E-002  1.875608746766595E-002
   85219.9776148786       6.598847428921414E-002  1.914528399531265E-002
   68832.1485273625       6.652123593232534E-002  1.953520357729337E-002
   50174.6276077548       6.705399836082976E-002  1.992389843205291E-002
   47826.1574130537       6.758656889577784E-002  2.031353659347558E-002
   91081.6200268153       6.800970675486569E-002  1.984951315419043E-002
   31758.6389456810       6.757209195795953E-002  1.935522522557712E-002
   7021.03554527389       6.713564857969727E-002  1.886101738187879E-002
   32930.7269120292       6.669842608121501E-002  1.836681655046411E-002
   137126.316148133       6.626241085794470E-002  1.787245810800135E-002
   30912.6224130336       6.665712867601330E-002  1.746929723703156E-002
   35721.3442157768       6.705342063145987E-002  1.706722454463249E-002
   59986.9886149795       6.744871557510355E-002  1.666397972416664E-002
   19691.0027578109       6.784479167898613E-002  1.626114977040748E-002
   61703.0678045495       6.647505405621328E-002  1.577530752725105E-002
   22697.0040095878       6.610933253198406E-002  1.620502793820743E-002
   8637.38592734330       6.574445973540760E-002  1.663581376907938E-002
   216215.692701331       6.537820876697853E-002  1.706559902146410E-002
   236859.668813789       6.493254599148596E-002  1.667253199036391E-002
   162424.967555476       6.448548656868332E-002  1.627974900047588E-002
   16759.5918233738       6.403984700206140E-002  1.588829419120222E-002
   247888.623889369       6.327267059995316E-002  1.673316494080930E-002
   72765.5692274648       6.370619054661801E-002  1.713850400505852E-002
   43591.6179423323       6.414021605708292E-002  1.754454747073361E-002
   348455.772046597       6.457276109179223E-002  1.794941663789189E-002
   159144.190190370       6.418071983242263E-002  1.842213944671259E-002
   46186.0751212463       6.378726583842635E-002  1.889597144380304E-002
   40791.7020152171       6.339433867166901E-002  1.936906248411874E-002
   19040.9957280508       6.847358823298486E-002  2.027281815618912E-002
   57898.2740180961       6.896925889763064E-002  1.985896597495460E-002
   66972.5940090515       6.946513368097311E-002  1.944502490966164E-002
   93838.9936794711       6.996092544022728E-002  1.903086599057395E-002
   39507.2633621380       7.045661954408602E-002  1.861653685326276E-002
   97206.9506739775       7.091863588152446E-002  1.898650240117490E-002
   50761.6408613895       7.138176840500006E-002  1.935609642575532E-002
   53160.9507512331       7.184396178180352E-002  1.972545271400719E-002
   193060.061271250       7.230588395746283E-002  2.009480602785556E-002
   141544.895717049       7.299398290499054E-002  1.933805099901828E-002
   38426.9280967985       7.258215645908926E-002  1.891342551398857E-002
   54532.9830979185       7.217062676227733E-002  1.848870235694422E-002
   98798.8289595619       7.175925450570350E-002  1.806297053429294E-002
   36764.8744397206       7.134819502566320E-002  1.763810802767772E-002
   10865.5853680473       7.172478723957997E-002  1.731282967942151E-002
   76387.0929681293       7.210129686264607E-002  1.698633885954033E-002
   101330.097919552       7.247794432019762E-002  1.666078265636055E-002
   72359.4538706352       7.285458496165124E-002  1.633510445034377E-002
   10647.7752694908       7.124087372160288E-002  1.553235156836597E-002
   24487.3233229876       7.095106979280144E-002  1.593690878478982E-002
   106471.807452196       7.066012692648189E-002  1.634153000652885E-002
   9237.32475565295       7.037028547322224E-002  1.674639162910344E-002
   53746.9779019466       6.996744731568615E-002  1.637366352146384E-002
   15019.0115962297       6.956565774058103E-002  1.600093720807972E-002
   18805.6223829456       6.916291450180999E-002  1.562831985270576E-002
   36956.5207012179       6.825323570487131E-002  1.662664029077096E-002
   5962.74030326806       6.866173756179844E-002  1.699300354740995E-002
   29195.4956501924       6.907013605198940E-002  1.735832510703515E-002
   16062.2409439705       6.947842530232362E-002  1.772469686528384E-002
   40393.6968763816       6.911156408125958E-002  1.825596722977560E-002
   8371.53317825154       6.874446783164492E-002  1.878712355421706E-002
   24295.8960216054       6.837718296183885E-002  1.931826631240063E-002
   154211.007931641       7.375019232059922E-002  2.002657951512408E-002
   84089.3686527422       7.416728132998135E-002  1.944591688900902E-002
   93849.4070337951       7.458497485350897E-002  1.886566630046914E-002
   21800.0280573947       7.500412223307805E-002  1.828461825752493E-002
   35288.6898411938       7.542249493157925E-002  1.770418268617635E-002
   18117.7701138654       7.577831300233069E-002  1.824922038565802E-002
   16522.2862957269       7.613501307097233E-002  1.879518635544350E-002
   13196.7214204631       7.649055462284808E-002  1.934027076947451E-002
   21742.1846422066       7.684599059851230E-002  1.988543481720261E-002
   39868.1688931855       7.796951043511920E-002  1.865338599759359E-002
   43029.5016690014       7.739379220954234E-002  1.834956246855278E-002
   54544.6828507520       7.681804223185694E-002  1.804577225621272E-002
   70009.1578762564       7.624117909706288E-002  1.774113582965759E-002
   70007.9765332301       7.566531654613425E-002  1.743763398620065E-002
   20549.1549797119       7.620702088343825E-002  1.700769534586948E-002
   11380.5780958054       7.674997298249785E-002  1.657655720198487E-002
   23905.2353899816       7.729188350578411E-002  1.614623504890507E-002
   3075.79132262920       7.783361755805135E-002  1.571471184843345E-002
   44163.1201520009       7.653635919993519E-002  1.545723737473964E-002
   36528.6528660910       7.615763379418476E-002  1.603603487725707E-002
   6759.86773856561       7.577776069679187E-002  1.661579049136817E-002
   67531.4248372070       7.539871265172066E-002  1.719466101274269E-002
   24311.3357040975       7.506414972095023E-002  1.664890969394337E-002
   54030.1404130925       7.472899464859437E-002  1.610241957218644E-002
   53093.2665992701       7.439520687666297E-002  1.555669223081399E-002
   118720.489267509       7.342955826022490E-002  1.661679690095333E-002
   139806.337976870       7.400462572361377E-002  1.689834904845063E-002
   143953.437586129       7.458088738029994E-002  1.718053274199570E-002
   134676.104105728       7.515599008345809E-002  1.746123052309652E-002
   53586.3805086724       7.461587080489107E-002  1.792951732238542E-002
   40248.5974059714       7.407435087081542E-002  1.839920892679321E-002
   50699.3393244794       7.353403404736825E-002  1.886843583802119E-002
   6955.07492398553       7.920148218240508E-002  1.977704616829436E-002
   13258.9412278966       7.951052861186778E-002  1.931438065848322E-002
   15327.2530401282       7.981967456708346E-002  1.885174928210587E-002
   50560.7118604326       8.012978044136586E-002  1.838801674379076E-002
   30018.3963474873       8.043895527186874E-002  1.792525189839999E-002
   48474.8096931348       8.081452268595307E-002  1.835627060601087E-002
   8668.00336466990       8.119107690336914E-002  1.878822981435465E-002
   9579.60557525200       8.156658083524096E-002  1.921918410759265E-002
   12693.1564492964       8.194300676177757E-002  1.965012559652448E-002
   31924.3098941039       8.296975790125097E-002  1.852313646433910E-002
   19061.7685647466       8.250560344558809E-002  1.818838064682004E-002
   18416.5118957541       8.204153126385265E-002  1.785461751955094E-002
   11156.0117541995       8.157641927503170E-002  1.751995090326272E-002
   12237.2745698191       8.111248121924676E-002  1.718617654753118E-002
   6659.32061759964       8.154163074102919E-002  1.676886480988956E-002
   13771.3925544164       8.197178089498243E-002  1.635148472472487E-002
   16202.7176053812       8.240097451691308E-002  1.593512647654061E-002
   8174.14945324512       8.283010301337897E-002  1.551773520543648E-002
   5233.89526822964       8.149992452710822E-002  1.511403556711313E-002
   1660.02410092248       8.112512353611193E-002  1.557988941787309E-002
   5593.05710421301       8.074934100671821E-002  1.604678319261446E-002
   3876.08750206347       8.037350078342788E-002  1.651269417973471E-002
   8930.80122482319       7.994812070777037E-002  1.608390987434655E-002
   9945.15195902430       7.952166503018346E-002  1.565427308550475E-002
   9843.16371555261       7.909629583185905E-002  1.522559487111682E-002
   20613.3587596410       7.830000765084032E-002  1.609951885691219E-002
   4441.78253532979       7.876637074937649E-002  1.648325749640970E-002
   2410.60681276461       7.923374067019887E-002  1.686793848384037E-002
   20163.4196290131       7.970004457661277E-002  1.725163414157648E-002
   10383.6899286880       7.926776178059279E-002  1.760180324572854E-002
   17001.2619404241       7.883440616389099E-002  1.795300123975042E-002
   19728.2400241872       7.840198577989284E-002  1.830320273713351E-002
   6444.03535859311       8.409667478441242E-002  1.954996793558269E-002
   8589.52175303706       8.443333449678053E-002  1.912590428049821E-002
   8993.50594739819       8.476906621996901E-002  1.870191333459811E-002
   27205.9913396959       8.510585030850822E-002  1.827884451131991E-002
   14402.6471912356       8.544161040729682E-002  1.785479830945183E-002
   28788.3557018929       8.586524598513401E-002  1.824348711307903E-002
   8866.95494410692       8.628880873059527E-002  1.863117864523711E-002
   9686.25558316338       8.671142536112160E-002  1.901987573469594E-002
   7043.81237613038       8.713499861708915E-002  1.940853766145604E-002
   18271.5562617057       8.797399204878666E-002  1.848740523453220E-002
   6724.90529224976       8.754750585270127E-002  1.810188680010408E-002
   4900.99010859957       8.712109624938150E-002  1.771736381848667E-002
   11072.0289589289       8.669564959770983E-002  1.733181523302560E-002
   7439.85879482788       8.626928129546420E-002  1.694626702511784E-002
   552.223850489423       8.665263048771797E-002  1.640685840449482E-002
   5431.15216089931       8.703492495555971E-002  1.586648596888690E-002
   8121.10856999686       8.741827199171305E-002  1.532706161379322E-002
   7023.06159850135       8.780157120021627E-002  1.478662105825860E-002
   5844.02673713078       8.686629175251687E-002  1.482419470876078E-002
   6163.72901241894       8.636481740815534E-002  1.525599143614059E-002
   8664.26506516073       8.586229355599803E-002  1.568683272663775E-002
   1285.75060102530       8.536082810442687E-002  1.611864232918014E-002
   1537.64544835637       8.494527916795147E-002  1.572953629499315E-002
   654.919164212554       8.452976981498317E-002  1.534145626952947E-002
   1590.46847829235       8.411521829862276E-002  1.495233982855805E-002
   1085.49280474902       8.325615167497132E-002  1.589531299274091E-002
   1080.03237966943       8.368213372704945E-002  1.627190177928344E-002
   1802.34340344797       8.410715757611618E-002  1.664952391379410E-002
   3050.92092781994       8.453317650622141E-002  1.702708841187216E-002
   1772.45039348791       8.414210036421114E-002  1.740060131360812E-002
   16500.9798492685       8.375201481250204E-002  1.777506077249886E-002
   18676.5508395519       8.336088017390299E-002  1.814860183039928E-002
   5495.01432551590       8.889507976880842E-002  1.932643646455512E-002
   3004.66437688087       8.928002824259641E-002  1.888705651040715E-002
   4108.68479595684       8.966406740246782E-002  1.844873659575702E-002
   11795.6587908802       9.004906930959641E-002  1.800935802406790E-002
   6573.97889111527       9.043407609826032E-002  1.756995910809426E-002
   11577.5444756303       9.091821632471954E-002  1.796882847280589E-002
   3078.56954562607       9.140234768088550E-002  1.836770242140037E-002
   3768.98699802354       9.188743786865748E-002  1.876551108991359E-002
   1955.73965784882       9.237156408912728E-002  1.916436378624665E-002
   4827.06115649957       9.298007660975367E-002  1.849625777646644E-002
   856.681339858223       9.253783720377065E-002  1.805140143257094E-002
   369.026319399756       9.209656217222198E-002  1.760550004952246E-002
   6363.39655064209       9.165434170904570E-002  1.716064741498600E-002
   4935.03816960605       9.121215818130080E-002  1.671576857305066E-002
   3599.80458515020       9.161570871098568E-002  1.633154345953949E-002
   3676.89935186424       9.201920360676108E-002  1.594631484002288E-002
   3076.31778586235       9.242174340120887E-002  1.556213180175622E-002
   1576.27192122626       9.282528117722121E-002  1.517790393664957E-002
   765.809586046759       9.139400611984988E-002  1.462601240930203E-002
   349.554726551786       9.104897276182866E-002  1.506256873074881E-002
   357.965430369243       9.070298531281012E-002  1.550016710796270E-002
   1145.57566601329       9.035799763948156E-002  1.593771800679397E-002
   533.888978335695       8.981794930300620E-002  1.554143832662931E-002
   1141.40893606989       8.927689400520300E-002  1.514522453142983E-002
   1189.70501890048       8.873688262344488E-002  1.474997741555849E-002
   2766.00573877187       8.824645056484459E-002  1.528842283474224E-002
   2002.42978584817       8.869027297150185E-002  1.578927056465711E-002
   3303.57935090813       8.913513155651877E-002  1.629107025710020E-002
   2956.95286807394       8.957993557118578E-002  1.679187568782975E-002
   2350.83168058593       8.917823366383996E-002  1.721600483324177E-002
   9290.70311674780       8.877650833683741E-002  1.764013686620532E-002
   11720.6184861944       8.837573163630945E-002  1.806324353162526E-002
   1613.29396944675       9.364817239307244E-002  1.910477890714784E-002
   1075.04734170999       9.409402091670409E-002  1.868354745207802E-002
   1518.49153249439       9.454092707798804E-002  1.826327108428141E-002
   2795.00994911635       9.498678960075638E-002  1.784203833917978E-002
   1113.52467945880       9.543265096078116E-002  1.742079976241180E-002
   1575.30588482262       9.592078915448163E-002  1.779845143477891E-002
   439.344010492546       9.640992078121154E-002  1.817606413439242E-002
   122.453375090512       9.689800827312142E-002  1.855272255936114E-002
   35.6340916654399       9.738714094173020E-002  1.893033379177243E-002
   22.2815517651530       9.797566323783645E-002  1.828419945054697E-002
   82.8804797418411       9.755414380536487E-002  1.783235613877579E-002
   297.698783269257       9.713367036909300E-002  1.738146473472317E-002
   1066.53018018836       9.671214957281650E-002  1.692962259693247E-002
   2223.89327610180       9.629068248364814E-002  1.647877320463080E-002
   962.054380096071       9.667001710350925E-002  1.602658831511703E-002
   271.778070110190       9.704934398476874E-002  1.557440177966818E-002
   788.103744915858       9.742766769100369E-002  1.512226350241217E-002
   114.377760114909       9.780699308086459E-002  1.467008816988351E-002
   210.110193932023       9.659332485937162E-002  1.436234623229534E-002
   744.791149843705       9.617840415195872E-002  1.478115504362993E-002
   1960.35436245629       9.576353279571548E-002  1.520095913822004E-002
   1800.53138059533       9.534866158155886E-002  1.562075846903049E-002
   1846.71415070200       9.496541987877981E-002  1.523820379963527E-002
   1232.76019288863       9.458117601062277E-002  1.485569859871345E-002
   2008.10323044625       9.419797437869509E-002  1.447414738045932E-002
   3129.66653646377       9.324186515489806E-002  1.552384985178543E-002
   924.783263372256       9.365743943757648E-002  1.586985729593107E-002
   481.254184196965       9.407406125370101E-002  1.621681511841620E-002
   1399.31806256786       9.449064063041764E-002  1.656277120814192E-002
   100.089685215835       9.411274414324020E-002  1.704590124702440E-002
   1564.45254304689       9.373484245157480E-002  1.752903140285032E-002
   2712.60739714388       9.335798353637234E-002  1.801311796015884E-002
   2736671.51296832      -3.163000000000000E-003  2.500000000000000E-003
   2193876.56781319       2.414735595288305E-003 -3.372106165482151E-003
   4653370.94257030      -3.306000000000000E-003 -2.500000000000000E-003
   1357330.94988609      -2.512871133935203E-003 -3.317428124447954E-003
   2529344.34286890       7.348984976246336E-003 -3.164554335088407E-003
   1220800.33983730       1.228081562417201E-002 -3.564971558318535E-003
   1726466.25422412       1.722062053126286E-002 -3.264502660059170E-003
   1218692.15194309       2.215088533701994E-002 -3.706605526495812E-003
   1676941.04874541       2.709601472505391E-002 -3.431793945056676E-003
   1142034.77108423       3.203136662023628E-002 -3.729818166139239E-003
   1320778.22783562       3.697885352496787E-002 -3.865197371712955E-003
   826424.230266046       4.192456322758231E-002 -4.320132262740048E-003
   163528.671400119       4.687499385937411E-002 -4.754701734473694E-003
   219959.778749192       5.186778216097107E-002 -4.782634912955766E-003
   258868.702812970       5.686207570034993E-002 -4.863598320285856E-003
   113438.756758637       6.184000425959004E-002 -5.315940543265162E-003
   33912.4494345449       6.680906098671713E-002 -6.023741331802531E-003
   21140.3954691751       7.183714144863822E-002 -5.501354790583149E-003
   7161.09689592842       7.682639056145342E-002 -5.845968821043435E-003
   9774.38041224028       8.179394570169692E-002 -6.662202440051488E-003
   11476.8866745927       8.680736573682565E-002 -6.503354160114527E-003
   2191.63813244800       9.179722038452096E-002 -6.845771757408199E-003
   2712.18370890737       9.801494069012086E-002 -1.121483316315511E-003
   15.3236901933425       9.759403377844790E-002 -6.107349333795862E-003
   10.3774953604153       9.680360087475033E-002 -6.827271390751894E-003
   554076.365067728      -2.983000000000000E-003  7.500000000000000E-003
   5092.51993080286       9.797534954030065E-002  3.886089250276635E-003
   920973.099910300      -3.423000000000000E-003  1.250000000000000E-002
   5267.55765852257       9.806562716435856E-002  8.887583809341406E-003
   503304.077622201      -3.491000000000000E-003  1.750000000000000E-002
   1957.81051960882       9.853454256287129E-002  1.387130571602139E-002
   655053.652526475      -2.485876603182016E-003  2.369989176134328E-002
   2157400.64335227      -3.713000000000000E-003  2.250000000000000E-002
   261627.276612667       2.599795257593989E-003  2.300124577987948E-002
   176839.088752844       7.656381204181441E-003  2.335413243840893E-002
   735254.646937345       1.270363506931906E-002  2.300506895226666E-002
   223048.697726613       1.777784147776889E-002  2.328562215473602E-002
   146363.544217868       2.283143614803291E-002  2.281162199973539E-002
   173909.289971636       2.788018769907955E-002  2.240997051795637E-002
   155442.403254562       3.295288583362768E-002  2.268766210251483E-002
   277620.333445745       3.797198858934663E-002  2.203459991001648E-002
   60806.7401628115       4.303393562114184E-002  2.240707864031289E-002
   43458.8136136714       4.803807847595053E-002  2.185757961857933E-002
   39672.8624697109       5.304916929329607E-002  2.155966221663632E-002
   29129.0780154210       5.805639964329084E-002  2.129113188368736E-002
   80156.0415743153       6.306241167870155E-002  2.118877260643294E-002
   5211.81493959602       6.805043278956249E-002  2.073662561229218E-002
   42461.5415331876       7.306220662891930E-002  2.078199344332385E-002
   1424.59766348244       7.807791731109616E-002  2.100892379678144E-002
   4880.80948313542       8.306991701946320E-002  2.067682940699081E-002
   3635.68153660899       8.805609076906379E-002  2.024750301054710E-002
   855.825929069910       9.303966095157436E-002  1.977287073386304E-002
   11.0479980755073       9.862179751963081E-002  1.887272173890716E-002
   16.3137734558409       9.803327526970892E-002  1.951885602942714E-002
