   1192915.38624449      -1.643992062430859E-003  2.500651916692804E-003
   287345.811994193      -1.240551209291544E-003  2.006930308667750E-003
   450774.985046025      -8.388949005126988E-004  1.513149661761510E-003
   2102856.13387484      -4.398844020283228E-004  1.019895645118676E-003
   1717556.50589393      -4.425016058941127E-005  5.270383043968509E-004
   2791381.56506320       3.843945586493113E-004  1.009776480512552E-003
   915644.130165882       8.142895292945073E-004  1.499357674724063E-003
   507122.516655889       1.248784118022687E-003  1.990599595986787E-003
   164665.258511432       1.693238954036731E-003  2.477354201078195E-003
   2998118.43086174       2.429030454128583E-003  1.720105460789447E-003
   3050653.12738163       1.947786803275056E-003  1.289920481907024E-003
   2670207.81474015       1.467724129939569E-003  8.548558567818889E-004
   1192175.10453268       9.874763075084442E-004  4.143429985548161E-004
   351281.866767379       5.003427582393226E-004 -2.633310621541871E-005
   2521371.93844609       9.791513281107139E-004 -4.307325987113437E-004
   2556723.42124033       1.444851489253567E-003 -8.358897778123363E-004
   4925932.68703097       1.911998692282451E-003 -1.232754274048068E-003
   2700987.91978655       2.378650304957730E-003 -1.626336629036617E-003
   153231.525610632       1.400818540139193E-003 -2.569216584346145E-003
   1329433.91353666       1.023826806446966E-003 -2.067977751826415E-003
   1040871.27204725       6.590283201517067E-004 -1.561363665507742E-003
   2340592.60672044       2.989784881875097E-004 -1.058041746002674E-003
   4040685.81303590      -5.441975334818653E-005 -5.604754917544683E-004
   5063905.89604174      -4.540954707339890E-004 -1.046837015925125E-003
   1342898.91245618      -8.567374502205055E-004 -1.538392898011259E-003
   228840.206875030      -1.264343505926509E-003 -2.033549754378521E-003
   3477202.35748602      -1.678421933604245E-003 -2.527450273651726E-003
   102422.538578162      -2.510484513562730E-003 -1.696696465406416E-003
   3851100.78705660      -2.033693989503490E-003 -1.282098065333473E-003
   3105800.21113665      -1.559347739279182E-003 -8.607388996688113E-004
   488075.478777165      -1.084419840559656E-003 -4.354201317905471E-004
   2000378.11474039      -5.965155168792156E-004 -1.298325886345040E-005
   744590.534036980      -1.078747009857784E-003  4.016882731272314E-004
   1818393.11594958      -1.556421306696393E-003  8.172915481256665E-004
   2240401.36610753      -2.034785673077560E-003  1.230379512873305E-003
   1672458.15753221      -2.515837422536681E-003  1.639012273455672E-003
   795413.382910678       3.191132647562349E-003  2.450483484944504E-003
   1039468.18680373       3.620929740398977E-003  2.094324498284513E-003
   1992013.68561232       4.044278314534313E-003  1.740638107947359E-003
   3576374.47139351       4.467498688218067E-003  1.391296141577106E-003
   2192864.40576730       4.889707054433478E-003  1.044553236750501E-003
   4126921.71627108       5.333379807434911E-003  1.375240952395504E-003
   3487457.22962580       5.774377678653208E-003  1.712654881577318E-003
   2115859.08894569       6.215444392121338E-003  2.054474624924418E-003
   230603.925832448       6.660096521323740E-003  2.401019118712231E-003
   2839044.17011274       7.362892490146173E-003  1.701334381797193E-003
   1982167.39709733       7.036628184236894E-003  1.250084801741837E-003
   96560.0791055169       6.706695246936802E-003  7.935807922796721E-004
   968902.520772465       6.369826992900008E-003  3.368517457530442E-004
   1643889.48151235       6.027677659754749E-003 -1.186748580010327E-004
   2135972.72018973       6.358278483892484E-003 -6.242977580137545E-004
   2025581.84688973       6.680206962098916E-003 -1.135947973262612E-003
   585612.455576867       6.993406058190437E-003 -1.648926619457518E-003
   1340522.99954280       7.295623047615916E-003 -2.164130748547315E-003
   2581213.50050235       6.723322387927316E-003 -2.669528650091117E-003
   2710461.87477624       6.258784059881920E-003 -2.302007935331027E-003
   4392023.89953536       5.796635532259151E-003 -1.942025602955044E-003
   4301993.66096532       5.328501047834827E-003 -1.590221014236000E-003
   2494887.08409921       4.857720309212227E-003 -1.244449464606741E-003
   3546087.94989019       4.478715206656702E-003 -1.578172753086589E-003
   1889078.33904337       4.098343959121399E-003 -1.914152419917272E-003
   2198317.94425781       3.718512371796568E-003 -2.253865675857344E-003
   857736.338483148       3.329872133532094E-003 -2.591113895737549E-003
   1404921.86517103       2.707912061391476E-003 -1.239671434621536E-003
   1072512.13493196       3.043228832412578E-003 -8.553534772143296E-004
   485458.057916179       3.380838345357586E-003 -4.679145320608838E-004
   352684.721227870       3.724147985262590E-003 -8.219798567346926E-005
   1171852.94639528       3.391729703532313E-003  3.682691944288711E-004
   424344.188350892       3.066868779475175E-003  8.214967419584098E-004
   1866951.64978895       2.746377451921802E-003  1.272606095332282E-003
   17012.1098745013       8.063316137441877E-003  2.398018794347992E-003
   1049242.41999402       8.511320340259755E-003  1.803277374206062E-003
   2107695.46927092       8.941056950357393E-003  1.193879306428607E-003
   2505595.26226673       9.346952534216264E-003  5.708654363498708E-004
   1890655.68102700       9.728288893774421E-003 -4.426023701127547E-005
   2056902.30597230       1.011449332691431E-002  5.441724049236254E-004
   2139599.94261844       1.052311423697160E-002  1.139705111356218E-003
   1363277.36850513       1.094905211695989E-002  1.724467782395742E-003
   102351.812544348       1.138854789819949E-002  2.298122999490454E-003
   2638145.70440981       1.219980512489676E-002  1.410683879826403E-003
   3723249.47133007       1.160992846540366E-002  1.025491196336845E-003
   5046598.54819778       1.102786148154572E-002  6.318586323671828E-004
   3184288.09558761       1.045915045166042E-002  2.208879963018162E-004
   406231.028242211       9.884306375557050E-003 -2.068786029925216E-004
   4721780.90002585       1.042473909577625E-002 -6.748804763292821E-004
   4938747.52938923       1.096094831788342E-002 -1.122430513268792E-003
   5148336.59390592       1.151372572647419E-002 -1.552424894378360E-003
   2383231.68786596       1.207613989489894E-002 -1.972396346482579E-003
   725824.165168269       1.120253948391173E-002 -2.812714389519778E-003
   2514609.38801926       1.080265240122415E-002 -2.210926117892307E-003
   1676845.81892580       1.041770793434871E-002 -1.597589757239768E-003
   1187679.86729812       1.005436294048820E-002 -9.731774385962923E-004
   2537300.94444001       9.716830905717571E-003 -3.574587216582994E-004
   4106136.70459807       9.276026562963145E-003 -9.532974534097048E-004
   1963027.85864938       8.817171364356387E-003 -1.568280433071375E-003
   1981974.89527502       8.325691748696358E-003 -2.163652596197887E-003
   462759.084687877       7.807714921252466E-003 -2.736145873465314E-003
   5025309.16833021       7.885403576230781E-003 -1.708069822231511E-003
   5788718.58963934       8.454027975434824E-003 -1.228773273075316E-003
   2145671.10020941       8.998521608615738E-003 -7.178833895990416E-004
   523885.682416769       9.560386505119188E-003 -1.950875675131595E-004
   3761590.30607398       9.021766390752861E-003  3.065513147980122E-004
   5705514.08151564       8.485889974367599E-003  7.895762056210502E-004
   4035176.50947964       7.930429785961646E-003  1.251326181840077E-003
   377029.509189663       1.309230817890188E-002  2.220364113182543E-003
   532452.468157417       1.348233521610954E-002  1.788967171524036E-003
   1934356.29377093       1.386697045886265E-002  1.359438303471824E-003
   2981906.69537525       1.424933185118101E-002  9.323954799744229E-004
   2300520.83322873       1.463384201090238E-002  5.138112286375051E-004
   2165082.75750507       1.501214229779682E-002  9.050989828030099E-004
   476707.733883469       1.539311905986393E-002  1.300149749379888E-003
   557745.177233338       1.577723070448585E-002  1.695932363160868E-003
   743226.782320883       1.616771946094862E-002  2.091606502463482E-003
   2280276.34427176       1.713545514517708E-002  1.031910679999323E-003
   2839785.37237856       1.672295882344305E-002  6.784088516761522E-004
   1821306.73027162       1.631144589026719E-002  3.213403257087525E-004
   325325.099265763       1.589769883748456E-002 -3.942410630933870E-005
   944568.313131556       1.547992917627905E-002 -4.006225555169749E-004
   438603.511709535       1.586824244020671E-002 -7.965368342345797E-004
   736581.163871538       1.624890672364973E-002 -1.193783476941635E-003
   3173700.71703288       1.662738814859882E-002 -1.588151897069611E-003
   1959239.90200486       1.700187261194007E-002 -1.983310974345843E-003
   1071840.99743858       1.593700974911271E-002 -2.940377616720309E-003
   88637.6139059906       1.558632027203653E-002 -2.513673273374602E-003
   2035844.47060587       1.524401588701997E-002 -2.085483826517193E-003
   2849264.93663207       1.490267553132715E-002 -1.661163311465637E-003
   3202365.74115967       1.456277872316113E-002 -1.240792278455332E-003
   4421986.62277916       1.415414355476443E-002 -1.631304781938093E-003
   2173335.11919988       1.374568822397396E-002 -2.028721119095668E-003
   2012576.40641527       1.333719850108459E-002 -2.432000566993602E-003
   516834.194258792       1.292215319072906E-002 -2.835371310219089E-003
   766389.253082937       1.247641469977423E-002 -1.561714331837848E-003
   170192.400136140       1.288207294752244E-002 -1.150891221502519E-003
   1787325.45036187       1.329278596443724E-002 -7.391637231503295E-004
   1421870.12414752       1.371262775629256E-002 -3.317908792327668E-004
   154158.261183637       1.332913787175640E-002  1.067138587913704E-004
   1093171.75286120       1.294950882024394E-002  5.444799697779043E-004
   2543472.37104255       1.257467501511398E-002  9.799419549291724E-004
   1011936.93365457       1.819876088155949E-002  1.992448455170204E-003
   150495.455742974       1.854865059116129E-002  1.528589083004434E-003
   485852.161947597       1.889098276723109E-002  1.062202713925278E-003
   2966406.16820661       1.923140074471005E-002  5.999381440856121E-004
   1960284.09627272       1.956849210901977E-002  1.399051404697934E-004
   3418843.89603958       1.998152621554444E-002  5.637858039465844E-004
   1365800.20158723       2.039671893764221E-002  9.929428021619704E-004
   539489.847151995       2.081402068768868E-002  1.426544031108351E-003
   941813.488500866       2.124059904320861E-002  1.856697353981693E-003
   3648781.92449640       2.206757255287576E-002  9.635068588451956E-004
   2983872.64915450       2.162426205705180E-002  5.702601731164499E-004
   2081314.44581026       2.117876296905722E-002  1.739088747543270E-004
   294004.235617319       2.073199621589316E-002 -2.276442332750848E-004
   861005.049436833       2.027651718242911E-002 -6.273295149432550E-004
   1033086.41114848       2.069322796528693E-002 -1.150383682761244E-003
   353620.050019616       2.109654073985269E-002 -1.678281835795073E-003
   2892573.48017321       2.149463391887802E-002 -2.204420119128457E-003
   1924693.07626340       2.188782973165444E-002 -2.725160954197292E-003
   541972.328562182       2.132155571859916E-002 -3.222965268903506E-003
   340994.258922431       2.086090438378563E-002 -2.743118035499024E-003
   2297233.44360413       2.041107230630069E-002 -2.262566179549412E-003
   3069574.18490497       1.995971320511023E-002 -1.791137228642589E-003
   2282365.88751519       1.950478821745962E-002 -1.327179644887128E-003
   2565094.45718353       1.912612514017764E-002 -1.752926026275545E-003
   556005.326666854       1.874576134756256E-002 -2.181586835157265E-003
   464565.549075705       1.836183892336727E-002 -2.613612403423094E-003
   301699.773204745       1.796951875767182E-002 -3.040496031406521E-003
   2479873.00678822       1.744713811818735E-002 -1.629849002029650E-003
   2259407.88362278       1.789575101218216E-002 -1.275759360240172E-003
   672265.059559924       1.834377026937273E-002 -9.180173718264080E-004
   224682.434118480       1.879855557438436E-002 -5.590732100745066E-004
   401611.266392988       1.837553201638426E-002 -1.594125183037342E-004
   1587487.43236756       1.796174535649326E-002  2.410806717489396E-004
   2175326.60346369       1.754755000334139E-002  6.373463332286975E-004
   163710.022727498       2.296415919218632E-002  1.780253668006949E-003
   631662.199762550       2.335285382648722E-002  1.240609423910872E-003
   906755.831342289       2.372700894154420E-002  6.937673695665964E-004
   1308933.55176803       2.409448407644028E-002  1.458379246169765E-004
   1673364.97859678       2.445526787316691E-002 -3.967408840185001E-004
   2568675.14113931       2.496866848095810E-002  8.717307731057988E-005
   523190.904300178       2.547995170998467E-002  5.818523474341405E-004
   279203.778804048       2.599596946628223E-002  1.079163247045256E-003
   73643.0561189469       2.652548590306776E-002  1.570004898730193E-003
   2271701.70093528       2.700110189597250E-002  1.027520322910564E-003
   2244359.30900361       2.646965936303045E-002  5.623981195519078E-004
   1333023.90327579       2.594187402969683E-002  8.787028728063763E-005
   491028.865268865       2.541194225160760E-002 -3.919868400488110E-004
   873121.301168568       2.487016161540894E-002 -8.675005486740205E-004
   1745589.60069679       2.535020802691952E-002 -1.312385752470828E-003
   2221309.51047646       2.582197319762451E-002 -1.754666626360164E-003
   3847886.19075453       2.629658951997050E-002 -2.190166289713803E-003
   2002780.62403192       2.677280653487552E-002 -2.620957536631259E-003
   283581.526578560       2.581790317188993E-002 -3.462398686820867E-003
   1556276.43685943       2.545026968567253E-002 -2.918146182717094E-003
   155900.169367373       2.509269374121705E-002 -2.368606265377251E-003
   1441228.00240869       2.474204810055993E-002 -1.819851774606246E-003
   2711961.07130969       2.439662482904772E-002 -1.276885693736103E-003
   4091303.89747041       2.390000191513920E-002 -1.765108346170446E-003
   700952.676285693       2.340763137831607E-002 -2.270438845767434E-003
   161524.138792777       2.290991860245923E-002 -2.781411454456185E-003
   356180.295747846       2.239481964886927E-002 -3.284526151198333E-003
   2689690.45919254       2.240663813165604E-002 -2.256799053859244E-003
   1561345.44402081       2.292198669225930E-002 -1.775970672534758E-003
   1381788.10026022       2.344143007419120E-002 -1.288266155468664E-003
   779955.077033972       2.398061334038023E-002 -8.083943709953920E-004
   1442300.09864357       2.350144113657626E-002 -3.563510407468827E-004
   3088361.62069638       2.302691187538241E-002  9.138533142864693E-005
   2856544.81321402       2.254819203465491E-002  5.289705563344155E-004
   337412.673857371       2.754650718338746E-002  1.499950831806859E-003
   763784.278803402       2.800966611423521E-002  1.020519383333537E-003
   1584105.71787250       2.846500234996876E-002  5.410224415166752E-004
   2358811.36107446       2.892093698334178E-002  6.756964705246691E-005
   1467098.46798809       2.938067160468854E-002 -3.998487796634964E-004
   1408208.26878949       2.982721245966485E-002  1.405585679258611E-005
   234359.181551912       3.027616093327017E-002  4.294345407052102E-004
   345641.010369789       3.072675281750239E-002  8.470310813741746E-004
   620202.100113730       3.118280966042870E-002  1.261447749965830E-003
   1629711.78216456       3.191854362908743E-002  4.200631156230071E-004
   1809030.61467054       3.146079703168424E-002  2.275200533845344E-005
   1164344.50455932       3.100227170111669E-002 -3.784812823113222E-004
   100744.305964433       3.054390145256665E-002 -7.839364884838257E-004
   767617.120260014       3.008063104660898E-002 -1.188258874662738E-003
   320876.513301881       3.049023092483867E-002 -1.664165443770759E-003
   701693.075381420       3.089034335195077E-002 -2.141082772123714E-003
   2867982.94420210       3.128943546400920E-002 -2.615659818441156E-003
   1745950.47212056       3.168576951335442E-002 -3.085995596008710E-003
   401824.646336140       3.090576225466580E-002 -3.766311016980339E-003
   295227.774941845       3.049570223702966E-002 -3.293992411827735E-003
   1562197.68804974       3.009283567362496E-002 -2.819126822203891E-003
   2271048.87992291       2.969170512484244E-002 -2.349643922014979E-003
   2330832.46674529       2.929006494767591E-002 -1.883444806852375E-003
   2768518.93041695       2.887790903437085E-002 -2.300914511507220E-003
   646812.107007466       2.846382191028365E-002 -2.721269801034808E-003
   664379.667562471       2.804714181647486E-002 -3.146067492014554E-003
   120805.243329010       2.762326168196706E-002 -3.566209240489483E-003
   1659530.42929662       2.722148889155001E-002 -2.242507765831027E-003
   1375650.04401362       2.767419661041485E-002 -1.862496625144532E-003
   385426.822347467       2.812712822738840E-002 -1.479491864027972E-003
   761418.200247094       2.858833551308631E-002 -1.098295717921225E-003
   727358.388157700       2.818293293817666E-002 -5.670243340068065E-004
   228001.309739026       2.778541103425110E-002 -3.359612442675958E-005
   1381873.91944250       2.739185659885529E-002  4.990449060513133E-004
   111638.157192766       3.276264340595728E-002  1.151726611325789E-003
   737014.710355685       3.316373300656943E-002  7.758368553018920E-004
   1128657.82138732       3.356122145916846E-002  3.991372874048195E-004
   1552811.58441198       3.395943555937143E-002  2.536833280634520E-005
   1200722.73123245       3.435759792101195E-002 -3.464911191337092E-004
   1330572.91106325       3.477798013384604E-002 -3.072076792279060E-005
   726817.952065500       3.519982485419425E-002  2.851813124987732E-004
   461137.295903838       3.562132654666059E-002  6.036594927192899E-004
   193542.085157040       3.604671092976591E-002  9.204131014550134E-004
   1412842.69551558       3.687494738346195E-002 -3.305737552136982E-005
   1045505.63925498       3.650950416501079E-002 -4.111340883146128E-004
   588952.749177084       3.614155427564841E-002 -7.889941973389974E-004
   50052.3267441074       3.577358786818102E-002 -1.169106830860714E-003
   527375.415662937       3.540258294935665E-002 -1.547725440752950E-003
   317044.230851362       3.571971068156671E-002 -1.956829865735804E-003
   273603.277663947       3.603075736060241E-002 -2.367764714648939E-003
   1896943.13601520       3.634244067183386E-002 -2.776700538081460E-003
   1265205.08582502       3.664924432570094E-002 -3.186327484576893E-003
   935754.686501442       3.561457029983955E-002 -4.076456974350817E-003
   316433.175327570       3.525756117734521E-002 -3.704507193819137E-003
   1590407.67370184       3.490554478266814E-002 -3.330213453912589E-003
   1749906.58415871       3.455263133038185E-002 -2.959977454714895E-003
   1982131.33302809       3.420182367551565E-002 -2.588844874874531E-003
   2792904.68291354       3.374528987715857E-002 -2.903507601014138E-003
   1665363.68223013       3.328931265316214E-002 -3.219137406274416E-003
   1815822.43738780       3.283291395736331E-002 -3.540120260005901E-003
   752326.101391925       3.237173248610971E-002 -3.859095568163525E-003
   790353.662763310       3.204607690387720E-002 -2.662625261682360E-003
   339841.160334442       3.241263523855245E-002 -2.238777406799091E-003
   803935.119108812       3.278036708332258E-002 -1.814474772088281E-003
   511590.439275269       3.315435427213041E-002 -1.391884164662329E-003
   168146.837642710       3.284224096090374E-002 -9.379590474569357E-004
   419841.475956721       3.253290721030247E-002 -4.834481371996745E-004
   1076060.25222706       3.222420452490968E-002 -3.093486922390231E-005
   232491.475528319       3.783087955590170E-002  7.923861851562876E-004
   330207.559071123       3.820304945251686E-002  3.674298864264328E-004
   586109.415781055       3.857071615236538E-002 -5.808875145522484E-005
   1370119.31382759       3.893867693704605E-002 -4.821377069961768E-004
   1061549.14462552       3.930505937437459E-002 -9.045421286569482E-004
   1500352.60803365       3.976205234533301E-002 -5.433241948141036E-004
   806874.373256023       4.021928958202626E-002 -1.799682012519747E-004
   472177.945072377       4.067744301713168E-002  1.851377836301444E-004
   293859.219240336       4.114037481351364E-002  5.492553577632643E-004
   1540391.50825130       4.184425064485664E-002 -2.672928542646524E-004
   1231761.62320072       4.142529203805487E-002 -6.727087104733437E-004
   703459.562932438       4.100511487501148E-002 -1.078966105585304E-003
   31535.5471909574       4.058356433601813E-002 -1.486638084013832E-003
   405896.809327267       4.015920355882194E-002 -1.893698503094705E-003
   466849.427288114       4.052186718624668E-002 -2.327981596056433E-003
   625063.156841326       4.087901201322208E-002 -2.764635072985424E-003
   2261918.62864670       4.123558193498818E-002 -3.197751057829907E-003
   1437175.29185317       4.158939175148216E-002 -3.631198470006132E-003
   576598.660404252       4.063509286526619E-002 -4.446961582736824E-003
   34316.1402199053       4.026354371360514E-002 -4.020092939112348E-003
   1334230.83402729       3.989856837638854E-002 -3.592038718442559E-003
   1723007.01260818       3.953266362613805E-002 -3.166893078235839E-003
   1830914.92889013       3.916935697745434E-002 -2.743238926535334E-003
   2301795.66590919       3.876642038682786E-002 -3.110268148664082E-003
   831010.953748471       3.836139715165209E-002 -3.478098165835210E-003
   820440.763218545       3.795588380028758E-002 -3.848604660126113E-003
   439965.673002752       3.754540783941145E-002 -4.216963537414324E-003
   1345412.41862912       3.706224952501357E-002 -2.829690511036625E-003
   1101637.27926589       3.747784476837795E-002 -2.473198349999700E-003
   126902.123070238       3.789415140781579E-002 -2.114261857817199E-003
   191723.629814340       3.831535083546604E-002 -1.757326270773190E-003
   80481.5945037221       3.795267830983523E-002 -1.325653711840661E-003
   803436.120357566       3.759273672112334E-002 -8.929008640917599E-004
   1197459.49817569       3.723330422442511E-002 -4.628452836885658E-004
   126951.463446370       4.266272753354128E-002  4.327723062890068E-004
   641217.842300954       4.307015012923736E-002  5.899772958119351E-005
   828318.468260043       4.347306894690514E-002 -3.148497236151264E-004
   1305762.56392462       4.387590885770378E-002 -6.868220300683043E-004
   987141.567445712       4.427902691203490E-002 -1.057986135089018E-003
   1247437.02886172       4.471188002350070E-002 -7.519633084582685E-004
   863477.813540722       4.514451869810247E-002 -4.450217708568236E-004
   505369.870966029       4.557776595117458E-002 -1.367211029012672E-004
   281568.238850669       4.601443919569801E-002  1.713883196204583E-004
   1291702.54997776       4.680072852424705E-002 -7.461745811644849E-004
   942598.475439633       4.643645700697484E-002 -1.131943337169899E-003
   417605.448478674       4.607082697611548E-002 -1.517769991350156E-003
   76777.7456004873       4.570390207026822E-002 -1.904313316470090E-003
   567790.920414959       4.533449489924895E-002 -2.290784053005073E-003
   176788.207754918       4.564279932879309E-002 -2.704428624018893E-003
   130007.089966704       4.594555538731902E-002 -3.120559191457954E-003
   1676233.93313872       4.624788729648184E-002 -3.533902643481750E-003
   1142501.03116629       4.654628138646393E-002 -3.948133169039818E-003
   966150.576627796       4.551324912212111E-002 -4.820432180524156E-003
   348680.791411075       4.515724645429153E-002 -4.450267347126446E-003
   1551160.51614627       4.480585893439683E-002 -4.078923615116307E-003
   1737049.40932601       4.445260845131458E-002 -3.710409924935881E-003
   1700455.75204211       4.410188400109951E-002 -3.341467735721698E-003
   2315974.64313608       4.368148316998736E-002 -3.650326079347586E-003
   1227321.53773210       4.325885056415858E-002 -3.958704085030707E-003
   1382550.93521354       4.283747994902086E-002 -4.270276858402729E-003
   629049.541232077       4.241031274019075E-002 -4.579918762733950E-003
   879323.909032401       4.194887795722609E-002 -3.250628131250578E-003
   612184.731243120       4.231219969046904E-002 -2.872097135622410E-003
   414156.679307158       4.267659164433216E-002 -2.490802364623589E-003
   182013.750584580       4.304608785693628E-002 -2.112665372152700E-003
   204092.481036070       4.274233536084165E-002 -1.650770953064280E-003
   364821.507868459       4.244148078807290E-002 -1.188872472352604E-003
   842222.581853358       4.214177096324553E-002 -7.280864142111757E-004
   366834.628521497       4.772018041182591E-002  3.652369173292929E-005
   143189.704354907       4.809508634889997E-002 -4.510817361887800E-004
   119517.590338163       4.846461697658933E-002 -9.409920095945800E-004
   975117.889395295       4.883270073039333E-002 -1.428888294489602E-003
   979002.110517623       4.919992429244183E-002 -1.915649052980885E-003
   1339869.61795152       4.970434541186152E-002 -1.502444121171868E-003
   720956.715022205       5.020816966926038E-002 -1.086735592238633E-003
   200833.705373134       5.071333374619090E-002 -6.683384452906742E-004
   384073.084535547       5.122242136293650E-002 -2.520263488344525E-004
   1164612.46500179       5.177445413746513E-002 -9.038591868596559E-004
   1220322.50534684       5.129002386137202E-002 -1.339032809123970E-003
   605947.649444308       5.080451305305642E-002 -1.777586924266895E-003
   51945.6727931204       5.031822381427409E-002 -2.217474460540817E-003
   409689.018132391       4.982740096218805E-002 -2.656159206640116E-003
   998492.331634782       5.024978756590096E-002 -3.043673303001638E-003
   1005115.30489708       5.066621835064863E-002 -3.431491525690432E-003
   2111301.11532250       5.108425134618249E-002 -3.816368829884889E-003
   1212249.58728294       5.149967052258477E-002 -4.201216662535174E-003
   328969.988463250       5.029372725651294E-002 -5.214144949893989E-003
   479098.616717611       4.998696622745080E-002 -4.731053595711316E-003
   590143.085973435       4.968547162470311E-002 -4.245014164082265E-003
   1098382.88513138       4.938472405558674E-002 -3.761866709639614E-003
   1786387.62675012       4.908695051293440E-002 -3.279216023898484E-003
   2135538.47632162       4.867553929020146E-002 -3.702242080168220E-003
   454881.372396599       4.826093504834988E-002 -4.126635363763457E-003
   345343.071512097       4.784555932463000E-002 -4.554068073794899E-003
   238911.352969191       4.742497643326454E-002 -4.977940049759495E-003
   1626839.72267695       4.702141378686497E-002 -3.598775463914140E-003
   1433408.52243972       4.749876994583510E-002 -3.248435493966066E-003
   133503.823842103       4.797575613321940E-002 -2.893920299269139E-003
   105076.856462649       4.845902018207619E-002 -2.541694642036862E-003
   156288.225198036       4.804193975875350E-002 -2.091033156253233E-003
   889567.148357978       4.762849148664995E-002 -1.640985379459649E-003
   1144320.72756016       4.721403628361555E-002 -1.193193846394249E-003
   463769.411386060       5.242736416375326E-002 -3.555409119573882E-004
   281887.525374981       5.286362358599337E-002 -8.119789211008897E-004
   532125.226150139       5.329606000486303E-002 -1.268225056296253E-003
   1270575.96062307       5.372868834318102E-002 -1.721841102938183E-003
   840222.170775608       5.416197968517172E-002 -2.173060853741655E-003
   1518016.49590634       5.468776044684562E-002 -1.802581478154384E-003
   1154474.82847124       5.521186794684267E-002 -1.427828967411047E-003
   614741.330170985       5.573597541917119E-002 -1.049897071166702E-003
   486198.737574471       5.626406243022231E-002 -6.714972356805047E-004
   1456926.58809597       5.672774758355976E-002 -1.212186493588209E-003
   891447.773577035       5.628457386867865E-002 -1.679387207331108E-003
   97111.3177523141       5.583937253413974E-002 -2.149514662472215E-003
   433001.005126663       5.539091609058372E-002 -2.619505090695546E-003
   749160.643804500       5.493897193752882E-002 -3.087820218246933E-003
   327133.058286518       5.531285465047477E-002 -3.569214703756189E-003
   64768.8532850332       5.568160362815327E-002 -4.052927397255051E-003
   1632186.34971137       5.604871614238157E-002 -4.533960710940884E-003
   1081188.45587534       5.641334483552385E-002 -5.013847610916345E-003
   494885.904817525       5.562571708130571E-002 -5.670003062629278E-003
   139376.873030830       5.522162750794795E-002 -5.215501473113342E-003
   1148464.56746598       5.482261531043363E-002 -4.760512553528321E-003
   1587144.06799429       5.442234097596427E-002 -4.308643451407617E-003
   1246394.48748523       5.402266519461747E-002 -3.859789114598214E-003
   1439006.67230125       5.364947138755545E-002 -4.244403403906851E-003
   325398.484795818       5.327447687587454E-002 -4.630048278254630E-003
   424266.368741659       5.289870020717558E-002 -5.017220174089305E-003
   172557.997382820       5.251851369171413E-002 -5.401792562947101E-003
   1194834.50698795       5.193412415373163E-002 -3.887984177584620E-003
   1159356.11264934       5.237057920494528E-002 -3.575561752116689E-003
   287883.035224507       5.280718346169380E-002 -3.260795114946366E-003
   80502.4190997347       5.324678105095880E-002 -2.946489027313917E-003
   635190.434668694       5.287453843906950E-002 -2.435773748456498E-003
   94420.6198459844       5.250620367194862E-002 -1.923832116932489E-003
   546484.446448607       5.213964674934327E-002 -1.412874976537948E-003
   334538.433880628       5.726997207715194E-002 -7.518295467809121E-004
   167905.237025619       5.772427174957759E-002 -1.313965144228325E-003
   136100.010236074       5.817078557952394E-002 -1.879307495130592E-003
   1000272.23392052       5.861438139392325E-002 -2.444715463300956E-003
   832621.684181671       5.905953557596731E-002 -3.004058567052308E-003
   778717.297199817       5.957887079916147E-002 -2.527817931838506E-003
   83170.3780311159       6.009763129301541E-002 -2.047710826214955E-003
   197226.273407673       6.061956121468605E-002 -1.568716669618840E-003
   351779.592885756       6.114541305940754E-002 -1.092183116242461E-003
   716669.449253293       6.166517116678940E-002 -1.713675729632002E-003
   915369.469401581       6.111102502990785E-002 -2.148126056182943E-003
   650317.209572088       6.055836844966959E-002 -2.586203800690498E-003
   63222.4866578445       6.000476501548429E-002 -3.025603271132179E-003
   355866.360756545       5.944890118292868E-002 -3.465478987584753E-003
   1117795.22535095       5.993076968700963E-002 -3.879705897123656E-003
   1119504.74990193       6.040936246460562E-002 -4.293017500230655E-003
   1755462.51990443       6.088828882694196E-002 -4.703952214654207E-003
   945915.628254771       6.136760147142869E-002 -5.112865061507826E-003
   142035.261855227       6.024301487408491E-002 -6.055713654757490E-003
   603894.310687928       5.992400444280469E-002 -5.505607816855542E-003
   125486.962574023       5.960841426245518E-002 -4.953466517722325E-003
   702148.163289271       5.929617180517670E-002 -4.401016320021930E-003
   1572179.06777693       5.898692565857618E-002 -3.852074201505341E-003
   1839347.86874886       5.851480670835021E-002 -4.334870484600624E-003
   74623.7673744486       5.803974555414645E-002 -4.824421071857215E-003
   288606.540041649       5.756144748346807E-002 -5.313392616463514E-003
   127992.538994199       5.707553801648017E-002 -5.797645505072778E-003
   1704903.82781162       5.695824798208782E-002 -4.614622145474469E-003
   1503565.60729868       5.750167002495035E-002 -4.210780442444219E-003
   14899.2199811611       5.804591039218049E-002 -3.800754547860444E-003
   438678.214067069       5.859652341706641E-002 -3.392461705004678E-003
   47050.6810546051       5.812655806425182E-002 -2.844892932977138E-003
   797757.145333790       5.766060391211516E-002 -2.296710882998144E-003
   1116418.64821371       5.719558016053072E-002 -1.752032336632257E-003
   181625.919316237       6.228758042877361E-002 -1.195859290207667E-003
   304037.388205343       6.273169495181319E-002 -1.628393518642172E-003
   564700.415572209       6.317391182351466E-002 -2.061258492493091E-003
   688393.346624788       6.361542527193283E-002 -2.491522316020316E-003
   556159.836603091       6.405929705646020E-002 -2.919635043431605E-003
   395176.006117676       6.448263734387974E-002 -2.567471532278569E-003
   172131.943253530       6.490722633216356E-002 -2.214813220195342E-003
   35850.0856028520       6.533140062046339E-002 -1.860758718525301E-003
   206399.269763667       6.575738593623658E-002 -1.507939723035130E-003
   421772.736272580       6.660100690542493E-002 -2.516980025587091E-003
   482478.746155903       6.618122469220028E-002 -2.873994436960865E-003
   284160.931491846       6.576042137628720E-002 -3.230702597457919E-003
   66744.4089272221       6.534018492354532E-002 -3.588991057213212E-003
   281506.667605687       6.491931252919966E-002 -3.946321565095492E-003
   339784.536440359       6.527688447333585E-002 -4.313707107558609E-003
   259760.923102303       6.563181775917457E-002 -4.682020660617498E-003
   869405.699091976       6.598785628146063E-002 -5.049294722286411E-003
   550124.978819892       6.634139367423084E-002 -5.417934201658652E-003
   312091.846241283       6.507466131634543E-002 -6.473102260113791E-003
   28664.6945313671       6.477675672024143E-002 -6.056027845511543E-003
   567117.887407841       6.448210868997509E-002 -5.637329160463809E-003
   689683.263336437       6.418709438013923E-002 -5.220887478573997E-003
   1028653.50712440       6.389352225589383E-002 -4.804428017689433E-003
   1225788.59939003       6.350042312589461E-002 -5.160214197375510E-003
   480982.440550312       6.310652223240243E-002 -5.517056825043762E-003
   532165.027455666       6.271129391932555E-002 -5.876356165795786E-003
   168098.195345898       6.231402478720945E-002 -6.233124983654458E-003
   634785.121096520       6.178108630424504E-002 -4.779800855259707E-003
   538430.924623038       6.219756503510909E-002 -4.446602693798317E-003
   108033.277392365       6.261347882791100E-002 -4.112989409636406E-003
   367364.561238682       6.303171909691095E-002 -3.780072351311334E-003
   285058.627226796       6.268831614959072E-002 -3.263033436910388E-003
   75037.8136886608       6.234608728361404E-002 -2.746815492642758E-003
   316069.532429125       6.200456167609982E-002 -2.229644087163084E-003
   111951.582780859       6.761049621259548E-002 -1.675039857113350E-003
   50262.7389591328       6.796526573451378E-002 -2.118809419649040E-003
   89402.6327918139       6.831767261381480E-002 -2.563782461925911E-003
   334398.860686926       6.867084331104759E-002 -3.007400453039532E-003
   370653.762291528       6.902282652608033E-002 -3.451217695556057E-003
   494091.035560603       6.957144193263588E-002 -3.089961300440819E-003
   430540.801733189       7.011956204193878E-002 -2.728752034954705E-003
   329242.320170912       7.066777464002062E-002 -2.365848769334875E-003
   60462.9960715096       7.121716213327776E-002 -2.004116579442744E-003
   475776.106028014       7.161526053912252E-002 -2.482394612668751E-003
   403739.720067307       7.116382443235525E-002 -2.958068423476311E-003
   160117.330418460       7.071085864188019E-002 -3.434774975390115E-003
   12093.5896725506       7.025805962182882E-002 -3.911665493019202E-003
   237357.139168203       6.980342775771331E-002 -4.388129473317950E-003
   228596.063757742       7.017424178064056E-002 -4.839094234449000E-003
   187426.173882166       7.054156224929650E-002 -5.290747752566163E-003
   789440.433295738       7.090956985691443E-002 -5.742516536671822E-003
   491893.202228018       7.127585419856328E-002 -6.192786072604333E-003
   174707.870080762       7.035925718357024E-002 -6.953570192152437E-003
   24609.3225630487       6.998477269895978E-002 -6.506987055140566E-003
   482271.806878856       6.961139520327070E-002 -6.058925916565280E-003
   567829.841759695       6.923888066912712E-002 -5.613153018074334E-003
   793693.887301232       6.886726491733133E-002 -5.166721610331093E-003
   832900.807081251       6.850182496088758E-002 -5.545866032566604E-003
   236728.982804803       6.813546776453051E-002 -5.924387509967701E-003
   246258.389098342       6.776871017275725E-002 -6.304739790705833E-003
   132662.704224784       6.739910851286335E-002 -6.682918618946151E-003
   617995.874407950       6.677600331162023E-002 -5.120680975883482E-003
   589188.270006085       6.721245806456630E-002 -4.824894445592840E-003
   136941.794460798       6.764802648452167E-002 -4.527946467761405E-003
   36254.7813587493       6.808624758112024E-002 -4.231558270904178E-003
   26199.6797303492       6.771368345183469E-002 -3.802837851059064E-003
   220274.422589778       6.734294348888793E-002 -3.373378350086878E-003
   337976.038467928       6.697127797195310E-002 -2.945441069953790E-003
   141718.985092447       7.209350635425159E-002 -2.085407412204766E-003
   336524.575126962       7.257876678776809E-002 -2.428033821858137E-003
   328814.435053559       7.306297721270916E-002 -2.771101785892406E-003
   359956.762169689       7.354763711619301E-002 -3.112364429357297E-003
   254317.186689355       7.403276738544835E-002 -3.452929238979991E-003
   199159.840440720       7.437507213985498E-002 -3.188185749506737E-003
   138744.362034770       7.471741750587782E-002 -2.923220993791979E-003
   44406.3199561558       7.506004095654438E-002 -2.657209421199605E-003
   33271.8452540892       7.540274843920133E-002 -2.392116850590934E-003
   250979.029777932       7.651622150353921E-002 -3.732505458534457E-003
   294017.665435354       7.619390484122578E-002 -4.020957632102317E-003
   196773.595493335       7.587057695207178E-002 -4.309599502111231E-003
   125402.530835718       7.554810147692144E-002 -4.598444974971042E-003
   136131.906646510       7.522553197560040E-002 -4.887438324727602E-003
   70777.1595830314       7.547939841327309E-002 -5.355117737079662E-003
   129304.250020275       7.573169175477404E-002 -5.824533071001607E-003
   265137.484519739       7.598484726218664E-002 -6.292780863787610E-003
   222194.161325198       7.623582470794753E-002 -6.761108021745566E-003
   318764.938864742       7.544013027493092E-002 -7.419835970049214E-003
   245818.468068583       7.502784927413657E-002 -7.084500008908336E-003
   504481.161515471       7.461647339223458E-002 -6.748232136199009E-003
   431003.992177925       7.420352677012400E-002 -6.413766738728705E-003
   494607.495683894       7.379205967201660E-002 -6.079136096771510E-003
   633205.327028634       7.335435865489144E-002 -6.335517244099836E-003
   411380.311435305       7.291647050534281E-002 -6.592174142469945E-003
   501789.551549613       7.247758261204397E-002 -6.850602293489608E-003
   241968.455446610       7.203830836942296E-002 -7.107453282044887E-003
   250479.760995789       7.160484726900394E-002 -5.806104763140313E-003
   166641.301621284       7.193627066939984E-002 -5.418960334142362E-003
   82109.5463012019       7.226690220543341E-002 -5.032260828165154E-003
   132824.437258080       7.259838751863534E-002 -4.645935930854965E-003
   161314.125125720       7.235188868444981E-002 -4.105127275786167E-003
   82299.8865199949       7.210581003911760E-002 -3.564177936478482E-003
   69946.7645731993       7.185940069140687E-002 -3.023109217885967E-003
   63762.8056831030       7.785627002108982E-002 -2.620398525273286E-003
   51805.8741479762       7.813104178794189E-002 -3.095083444223682E-003
   99926.2872502883       7.840491735812097E-002 -3.570258398362774E-003
   17942.9551450961       7.867852006104992E-002 -4.046383088563438E-003
   147133.733851522       7.895186461910926E-002 -4.521449596033276E-003
   289478.738361672       7.958043022230220E-002 -4.132458381271083E-003
   425751.165386848       8.020726579727588E-002 -3.741352924964178E-003
   475080.005056431       8.083413757304064E-002 -3.350341057096767E-003
   174986.543296734       8.146124267590937E-002 -2.958830798008742E-003
   345551.341504028       8.158853612047275E-002 -3.112394659259627E-003
   247992.881352530       8.109181536955822E-002 -3.658697144091911E-003
   28150.6224998798       8.059360831368224E-002 -4.205696274185707E-003
   27509.8010570236       8.009321628524796E-002 -4.750862191954111E-003
   255220.470840745       7.959314409997346E-002 -5.296666399865979E-003
   77840.5085800414       7.999270220110262E-002 -5.819235505326485E-003
   51708.5519577570       8.039118617558311E-002 -6.343658205729951E-003
   369267.585818816       8.078814945822081E-002 -6.866623045108703E-003
   240804.729910713       8.118467130697812E-002 -7.388970194216887E-003
   78813.4028116975       8.055700584061869E-002 -7.905142588581280E-003
   56296.9114344454       8.012173601186051E-002 -7.412533920018581E-003
   290566.251543528       7.968781426603913E-002 -6.919908957416118E-003
   338072.140043275       7.925278351192612E-002 -6.427249587393948E-003
   468166.631689212       7.881845617473757E-002 -5.936484302632277E-003
   543017.472039816       7.833863573058873E-002 -6.340462755334866E-003
   201134.457253686       7.785755155735244E-002 -6.746114496518353E-003
   127652.355768795       7.737724301681516E-002 -7.151515633774266E-003
   85266.3486947788       7.689569808896810E-002 -7.556493866061246E-003
   345270.949495405       7.672012965174914E-002 -6.362220480973158E-003
   228931.478584531       7.720471402869222E-002 -5.962733452386565E-003
   67591.7250168742       7.769080644479182E-002 -5.561830535736341E-003
   33359.5142444504       7.817721894914610E-002 -5.162423447139249E-003
   113698.278649906       7.776218106835722E-002 -4.804583012960021E-003
   198879.091102696       7.734624625316999E-002 -4.446925651887261E-003
   158476.778082168       7.693107758064480E-002 -4.089815111557239E-003
   63180.4728732920       8.174207847393879E-002 -2.985518442395995E-003
   187101.164940634       8.228052676292658E-002 -3.539800973402797E-003
   164705.174757469       8.281785424620139E-002 -4.093460719936526E-003
   208798.986353006       8.335552527810332E-002 -4.645484805431439E-003
   110556.980800324       8.389549916577942E-002 -5.196292549400118E-003
   43599.6126611349       8.437463384243267E-002 -4.740881229329954E-003
   4823.82147974222       8.485396758780685E-002 -4.285371547310251E-003
   69134.1395010457       8.533363760816425E-002 -3.830011103562569E-003
   45717.0663947061       8.581356667637978E-002 -3.374802752325787E-003
   50865.3933542446       8.649866583651088E-002 -4.203224467781034E-003
   163954.605326098       8.596233050103744E-002 -4.589202537300077E-003
   116205.897278843       8.542624559700523E-002 -4.975669438353019E-003
   81269.1459260313       8.489022653750856E-002 -5.362422236567185E-003
   82630.4699119558       8.435410973992619E-002 -5.749354908532569E-003
   63250.2641168636       8.481186670670920E-002 -6.201823639587895E-003
   54536.5975338143       8.526878620466810E-002 -6.654451746356066E-003
   174467.754836811       8.572559657695238E-002 -7.107762801650112E-003
   97261.8577776955       8.618246276284970E-002 -7.559920731798220E-003
   20315.3855163630       8.523340615719972E-002 -8.344813990077677E-003
   46247.7194712821       8.487510735662848E-002 -7.810398144660993E-003
   68771.7869381207       8.451632905494055E-002 -7.275732960212595E-003
   122470.829203190       8.415866303000426E-002 -6.741415214593508E-003
   248294.064429738       8.380112313664125E-002 -6.207495894297224E-003
   275088.036172231       8.327764813410578E-002 -6.659183089737619E-003
   2314.42739897946       8.275296650656465E-002 -7.111690756786623E-003
   72862.1274372294       8.222843912795767E-002 -7.564336365695010E-003
   52150.1682550185       8.170204948417072E-002 -8.015808059337347E-003
   343914.943427175       8.172407142815299E-002 -6.957176617715669E-003
   253570.711030086       8.226304799027749E-002 -6.524000097345869E-003
   8260.47971600605       8.280216288942970E-002 -6.088810114303427E-003
   110533.691525491       8.334228997067801E-002 -5.654761112275719E-003
   150382.819783893       8.290174063521059E-002 -5.019905043387795E-003
   96347.2794626591       8.246257401572006E-002 -4.385033084436210E-003
   34831.4081488665       8.202523508234949E-002 -3.748273016662401E-003
   12774.3115921029       8.732690223595620E-002 -3.518572565503770E-003
   28072.7262048682       8.772196553183090E-002 -3.960953429821770E-003
   23721.4803568050       8.811673906963713E-002 -4.404352326874701E-003
   42216.4932235027       8.851163326033855E-002 -4.846632798961411E-003
   43545.7120986587       8.890663877033396E-002 -5.288713250086076E-003
   15723.7184564113       8.930489068864778E-002 -4.921550867614961E-003
   9361.40143851378       8.970416782175075E-002 -4.554495161851703E-003
   2114.44745754480       9.010257474026837E-002 -4.186363738137289E-003
   3499.82163293650       9.050088875714656E-002 -3.819215289155171E-003
   20815.4180134419       9.144825580200033E-002 -4.964622871914379E-003
   41125.0697130822       9.101301240946487E-002 -5.286985890658115E-003
   34161.3183900966       9.057680917856925E-002 -5.609316917958910E-003
   30030.7950786510       9.014151227119953E-002 -5.932757411483458E-003
   26318.4927399843       8.970630154697239E-002 -6.255212677744740E-003
   16803.9205506786       9.006667026278130E-002 -6.727225384379073E-003
   19627.7190638758       9.042674507903055E-002 -7.199394960163500E-003
   22433.0762732364       9.078769389364007E-002 -7.672616573795094E-003
   15899.3152695135       9.114764832473421E-002 -8.144752703399889E-003
   17410.5447050389       9.032479760003874E-002 -8.825083014809375E-003
   11623.8924055652       8.992878876073919E-002 -8.382705587190439E-003
   44697.0008217341       8.953195486975296E-002 -7.939252757955319E-003
   28880.7489357428       8.913595277961878E-002 -7.497019070471482E-003
   95362.3038151900       8.874005208945168E-002 -7.054732823963792E-003
   98855.6620483254       8.829739045078089E-002 -7.417774051438883E-003
   46375.1321200656       8.785472176582636E-002 -7.781043505514136E-003
   42655.4829830048       8.741088615195204E-002 -8.145343727954312E-003
   12844.1283387882       8.696778162540206E-002 -8.508572666201206E-003
   79631.8095656661       8.662138924224863E-002 -7.192347250955700E-003
   57820.3029161045       8.706156084121365E-002 -6.823853055170066E-003
   8697.67866294161       8.750073385306097E-002 -6.456128314892771E-003
   59572.8084674759       8.794008007737932E-002 -6.088392283729766E-003
   39820.4560143457       8.757981353270793E-002 -5.617116315274492E-003
   18941.8086857663       8.721964595456369E-002 -5.145839854762080E-003
   10227.8533952809       8.685857891380443E-002 -4.674500274807176E-003
   6821.85613525883       9.259350669834834E-002 -4.017454605926259E-003
   15194.5271522161       9.290893225161509E-002 -4.527401227042536E-003
   5403.95640323651       9.322425799940941E-002 -5.037410692513669E-003
   1889.63475153120       9.354051021307368E-002 -5.548493095122361E-003
   4119.09392454045       9.385587183633384E-002 -6.058471455147322E-003
   3597.54758216201       9.433501756140422E-002 -5.623715024951974E-003
   5940.82256438812       9.481524463856646E-002 -5.188099729076047E-003
   15866.2232617187       9.529434694644756E-002 -4.753387319011700E-003
   7404.16378015369       9.577340743258449E-002 -4.318658265633319E-003
   5653.74268083469       9.645394688869753E-002 -5.141404602496161E-003
   9715.00399046803       9.593696590946101E-002 -5.530437529175810E-003
   586.607488366019       9.541996763444505E-002 -5.919407352892844E-003
   9837.20241343180       9.490189260382105E-002 -6.309246601024047E-003
   2167.33264877665       9.438495372016714E-002 -6.698182087995244E-003
   12136.2314604245       9.482073803885735E-002 -7.167287965944111E-003
   3113.27139823041       9.525738104001692E-002 -7.637512066673326E-003
   792.336498582742       9.569313448393467E-002 -8.106638394622405E-003
   205.813150573294       9.612888470275736E-002 -8.575766938885846E-003
   122.901588441623       9.526253964052102E-002 -9.292352992770255E-003
   536.582760048913       9.488345478294895E-002 -8.776354431719639E-003
   2109.43580388469       9.450437270719782E-002 -8.260353118440898E-003
   8214.33180994202       9.412437916264312E-002 -7.743272156245432E-003
   22274.4984583791       9.374532296426745E-002 -7.227244351165650E-003
   16781.6823733134       9.326634849903440E-002 -7.662072092856748E-003
   3320.53164812036       9.278725940836376E-002 -8.097952111678833E-003
   3156.46487943948       9.230721562468477E-002 -8.532742009540266E-003
   955.180904374960       9.182806942073816E-002 -8.967567940207430E-003
   28870.9097314096       9.166450474942031E-002 -7.755761316929895E-003
   23338.0751190754       9.218144331731459E-002 -7.365714728506207E-003
   11436.6109860217       9.269928678654704E-002 -6.976698834518542E-003
   10286.5866286782       9.321617995742587E-002 -6.587571283667991E-003
   8259.70722681038       9.277440339278226E-002 -6.182116176296637E-003
   4240.56681774393       9.233173228716401E-002 -5.775572846414564E-003
   16510.4515837009       9.188995164503690E-002 -5.370140146680611E-003
   329967.255179884      -1.827239332087725E-003  7.511339131708022E-003
   295748.381941743      -1.371295600152487E-003  7.113751210589926E-003
   667686.763488932      -9.194158359679968E-004  6.714764609075907E-003
   1525380.76947953      -4.671517686614335E-004  6.318294249736619E-003
   877231.020820065      -1.716535376471446E-005  5.920875823468725E-003
   1366061.62329133       3.383572375945275E-004  6.314736382186734E-003
   514567.694197775       6.957442668214190E-004  6.709658196647566E-003
   436894.010096609       1.053244853559849E-003  7.106933123785452E-003
   546597.739458346       1.416635749424552E-003  7.500994949893724E-003
   2347538.46081530       2.470674197334387E-003  6.435664640530869E-003
   1572979.21979466       2.081423609840146E-003  6.076503128448653E-003
   1375424.07769011       1.689217918855912E-003  5.718413200494997E-003
   629434.039292862       1.297740004364928E-003  5.357019820223306E-003
   342672.233774406       9.033114111285872E-004  4.995856029841865E-003
   332562.776537256       1.296455408928502E-003  4.550764071117328E-003
   227907.717617304       1.683381116417638E-003  4.103353804007233E-003
   1524163.89732365       2.069414293528110E-003  3.657098437204453E-003
   1619320.14919339       2.450419940933660E-003  3.210151467642516E-003
   151483.772468401       1.260948155842058E-003  2.879626271326366E-003
   1517762.91267501       8.334727850946508E-004  3.283743310745444E-003
   1735473.59398139       4.050079048077481E-004  3.683074492222052E-003
   1427434.72569320      -2.351150171523625E-005  4.081024342189757E-003
   1875129.77783822      -4.280701378099004E-004  3.686799536290336E-003
   1175332.78867949      -8.336808281604234E-004  3.293549922912431E-003
   218440.631933891      -1.239652757316465E-003  2.897998961268090E-003
   575678.840117180      -2.514091257341714E-003  3.365907146188499E-003
   1202656.69867794      -2.122023209704125E-003  3.773406662445792E-003
   407011.095662195      -1.730360957322211E-003  4.184305968786287E-003
   204309.649464571      -1.338248936631623E-003  4.595128913668097E-003
   583120.864678671      -9.412433534640442E-004  5.003877040003392E-003
   55685.3623454104      -1.334934691421250E-003  5.462121642883858E-003
   756996.144152085      -1.724010563526452E-003  5.922725354831374E-003
   1307771.48520681      -2.113418669961987E-003  6.380769349751620E-003
   2285741.08610066      -2.501609199594881E-003  6.837049772907331E-003
   331004.199968462       3.540984194974687E-003  7.484315345734691E-003
   113796.629666649       3.897971029332665E-003  7.027030980288224E-003
   130602.458503370       4.248082586370634E-003  6.566985655505999E-003
   1486531.24214734       4.597231349087675E-003  6.108156371869272E-003
   1385481.83606868       4.943142910340602E-003  5.652688265940940E-003
   1670171.96721874       5.319964295241772E-003  6.098149397037585E-003
   293978.205865304       5.698391275785103E-003  6.548256071922082E-003
   310121.369861118       6.079020081874337E-003  6.999945227144777E-003
   845540.040616002       6.467845735644529E-003  7.448078205662395E-003
   2899585.55544620       7.432755042471199E-003  6.453755632316086E-003
   1823199.14461402       6.984739729200785E-003  6.078794360926810E-003
   1727078.09084842       6.534972072805680E-003  5.704361176188887E-003
   620877.098330597       6.085085737653470E-003  5.326171259298178E-003
   785650.276536003       5.632392170032202E-003  4.947022282630727E-003
   643030.778987863       6.073505484676825E-003  4.479577485577849E-003
   1724079.91709418       6.504730200378311E-003  4.010676400559092E-003
   4178634.40355304       6.933989462185399E-003  3.548260386281431E-003
   2421977.41334898       7.365069963397777E-003  3.096727395905362E-003
   1080591.90746172       6.214844163390416E-003  2.868197566375398E-003
   1179664.55389837       5.781051124829977E-003  3.338776315847206E-003
   2555074.32493697       5.352070353469826E-003  3.805413768697130E-003
   2896444.65170529       4.924804757117198E-003  4.264666137011149E-003
   3493417.69664065       4.496571188607702E-003  3.817347691015123E-003
   1091392.68205281       4.066525031618381E-003  3.363735445433143E-003
   722317.925080497       3.632325575483609E-003  2.906840802317207E-003
   3438945.73360844       2.895273522437578E-003  3.640221492738667E-003
   1750303.39373394       3.337628166757446E-003  4.079837776039356E-003
   354800.935583185       3.782466083837705E-003  4.523891060548370E-003
   232039.157504792       4.236390372396357E-003  4.965862485872374E-003
   708901.367294890       3.793024826472943E-003  5.335296112606761E-003
   1729701.57547936       3.352081861348259E-003  5.704869487676761E-003
   1782991.38048622       2.910758153509279E-003  6.070022992558860E-003
   74929.3748107271       8.433253879092856E-003  7.411624470197257E-003
   762975.521340132       8.807436447695056E-003  7.033017898288866E-003
   302929.406448285       9.174570621972130E-003  6.650761307250507E-003
   758845.377672617       9.541008239107994E-003  6.269277640516759E-003
   1283937.65995863       9.907142385171775E-003  5.889200037183499E-003
   1563475.65788303       1.044634777007978E-002  6.239282927758764E-003
   1764379.28800106       1.098408915362576E-002  6.593121465894237E-003
   1484747.96603639       1.151998189668355E-002  6.949598591850378E-003
   307646.424453586       1.206054212803251E-002  7.307059794067484E-003
   1751470.48507894       1.242199596678533E-002  6.921015649729254E-003
   1133337.46906275       1.204493442975962E-002  6.401149136099914E-003
   169180.033064430       1.166459006626662E-002  5.878753667523292E-003
   82998.2132617905       1.128068201392625E-002  5.355757419157299E-003
   1408188.89349013       1.089512870890290E-002  4.834141030260302E-003
   793920.980244023       1.125213910679712E-002  4.403897118998965E-003
   527292.416788016       1.159745683529293E-002  3.968475626139977E-003
   3297877.25492207       1.194079549724775E-002  3.536388835205128E-003
   2649746.67395213       1.227873533268133E-002  3.105359737529086E-003
   1165167.21276036       1.099625290081526E-002  2.691001107557122E-003
   3349838.93276488       1.061126981723618E-002  3.084401097463614E-003
   3456803.26623326       1.022493923413891E-002  3.471478342357308E-003
   4079758.55732461       9.842365434606263E-003  3.858355330544864E-003
   5689536.20304287       9.398815229621490E-003  3.497581057205769E-003
   3175445.00677315       8.952830551967002E-003  3.137037531299327E-003
   3578339.03546001       8.510324452431002E-003  2.768096065717369E-003
   698480.037689768       7.726393335386516E-003  3.548621865541543E-003
   239767.245894200       8.095704981166138E-003  4.000475900711323E-003
   1976996.22760760       8.468841303276979E-003  4.453486290331934E-003
   398779.153709533       8.855246540471698E-003  4.898112396798585E-003
   1096625.15450632       8.499238837147498E-003  5.288682697054800E-003
   1559950.69029254       8.143189364934220E-003  5.677785786018841E-003
   1413192.47996486       7.786517796357209E-003  6.064532720576971E-003
   393307.101582654       1.280941833449399E-002  7.277898187457389E-003
   208580.036895358       1.332523191054200E-002  6.893165623695023E-003
   959370.160487312       1.383381961669232E-002  6.513316907964317E-003
   1535085.17157160       1.434490944477974E-002  6.137706652904609E-003
   1178017.78293753       1.485676767327077E-002  5.765700238688895E-003
   1567093.58425801       1.529898558913132E-002  6.097542783780885E-003
   1481328.52896698       1.573876741372091E-002  6.435571107775161E-003
   106790.974606064       1.618046651656238E-002  6.774380901585439E-003
   821615.295279176       1.662546563521242E-002  7.115944898122771E-003
   1618623.85155956       1.736407436714863E-002  6.318303800521577E-003
   1815870.16727748       1.700382079565831E-002  5.898691999548335E-003
   361827.035007334       1.664371301772714E-002  5.474602947939921E-003
   100878.657758700       1.627907367469728E-002  5.050121139818038E-003
   1355681.34270653       1.591366321613535E-002  4.623849115815684E-003
   384969.175871697       1.624940494430555E-002  4.231053985576809E-003
   406152.114908306       1.657927328069030E-002  3.836983789906073E-003
   1714272.69362054       1.690582531601100E-002  3.444843573084327E-003
   1699015.96684202       1.723196171686383E-002  3.054735797174279E-003
   446975.157487551       1.581515585624090E-002  2.466876913387744E-003
   1682023.16406762       1.546649262655297E-002  2.839487755526755E-003
   2540140.66221574       1.511873338849725E-002  3.209771253771401E-003
   2331053.79045927       1.477234754473817E-002  3.577645400503572E-003
   3169360.08093368       1.435620561420096E-002  3.241244887374995E-003
   1607079.08495975       1.393840824239179E-002  2.902501035104917E-003
   957895.831816536       1.351917105385319E-002  2.561139750924698E-003
   2715653.79779673       1.263388278586020E-002  3.503943460564179E-003
   1584412.46080543       1.299138180408239E-002  3.905483256172040E-003
   17068.7901788353       1.335187126519800E-002  4.310282170864181E-003
   412443.973687622       1.371794248374951E-002  4.713896968206821E-003
   1167332.61467065       1.338711161346386E-002  5.263961546836829E-003
   604928.947318000       1.306077095190096E-002  5.817461967711782E-003
   520508.644687529       1.273959163757913E-002  6.370617850916492E-003
   346707.715266821       1.816210538639976E-002  7.049595823836608E-003
   194357.488954301       1.857315189115082E-002  6.494517766500645E-003
   378965.819602100       1.897645936719811E-002  5.934278813078648E-003
   860213.541705425       1.937574643910216E-002  5.374743242377994E-003
   1133465.90428450       1.977358067649384E-002  4.819522782621024E-003
   941299.837190805       2.026429940938916E-002  5.331745506349748E-003
   146798.814370568       2.075758055220884E-002  5.845255118361996E-003
   73817.7867604844       2.125339063273847E-002  6.358766965207600E-003
   218810.641060586       2.175482177363753E-002  6.868120205268504E-003
   1084572.84055221       2.232700482721828E-002  6.230088820171172E-003
   1355576.04944647       2.177464378885492E-002  5.786221976962499E-003
   1249955.34746512       2.122374161984253E-002  5.339519372438243E-003
   709214.678512355       2.067511655542057E-002  4.888265634640765E-003
   529748.665853335       2.012313199157349E-002  4.437410000633968E-003
   1872302.23717143       2.063188391518425E-002  3.992140678997825E-003
   2007947.24582271       2.113117188698121E-002  3.547950465640986E-003
   2645526.24552106       2.163443018073027E-002  3.111417878535835E-003
   1241889.49226219       2.214062888763633E-002  2.679870771987087E-003
   937706.439537728       2.085543093378383E-002  2.413714256181817E-003
   73823.6116419638       2.047827516449201E-002  2.975017999493768E-003
   1047378.62469496       2.010643338228175E-002  3.535773082397832E-003
   2714768.88129700       1.974091453425957E-002  4.092137182180283E-003
   2024823.35380862       1.936685922587855E-002  3.569132105389801E-003
   669158.472018589       1.898500752797245E-002  3.041378606709182E-003
   1226493.60776524       1.859559305211863E-002  2.514484302159284E-003
   3237994.68368464       1.777319442998813E-002  3.399817822091982E-003
   3130179.48692784       1.831172256344744E-002  3.750324750833089E-003
   1456864.29923767       1.884663900963110E-002  4.108532169880174E-003
   290880.976583072       1.939010441928935E-002  4.471201376225638E-003
   271855.174623612       1.888065924185305E-002  4.937433610331130E-003
   1263189.12992472       1.837697113373631E-002  5.401827633143613E-003
   1140447.94601923       1.787061433597022E-002  5.861289017282256E-003
   98769.0598013212       2.296496118097838E-002  6.799296634485058E-003
   631317.812376110       2.342209681290005E-002  6.482846303715087E-003
   458790.570418866       2.387635317099436E-002  6.167275781080419E-003
   508637.952241050       2.433188350650775E-002  5.851711467911094E-003
   719926.018388491       2.478724545506615E-002  5.537572166922726E-003
   706125.937640049       2.531331538566135E-002  5.794756637733225E-003
   978418.805663847       2.583697575733872E-002  6.054178779630899E-003
   1280656.25451467       2.636140820925680E-002  6.313017777183520E-003
   288738.366521388       2.688774432399717E-002  6.572154121072814E-003
   1621154.67921604       2.731604984271932E-002  6.089456234211838E-003
   448882.466283365       2.700248276305674E-002  5.596430965058947E-003
   212566.037105322       2.668778015033898E-002  5.102768826431505E-003
   178779.664811227       2.637104769232742E-002  4.609942905457956E-003
   961721.604125682       2.605505066562058E-002  4.114976712654372E-003
   272431.059159556       2.631759728297484E-002  3.599998741841805E-003
   786348.407288915       2.657241502523163E-002  3.080750010155562E-003
   978151.541708955       2.682385467255090E-002  2.561949705251607E-003
   1514047.22522724       2.707003462785067E-002  2.042889166087538E-003
   1950236.67540992       2.605182510132950E-002  1.896001113075166E-003
   2828946.22503613       2.558156770265328E-002  2.218063749190406E-003
   2158765.33951741       2.510863209092000E-002  2.536284838853597E-003
   2364624.10086736       2.463760551658391E-002  2.856111920645448E-003
   3095656.46045830       2.422068099417058E-002  2.588116484042350E-003
   2335171.56873040       2.380130910218839E-002  2.320971344805588E-003
   2164159.41189804       2.338386091690290E-002  2.051768366708860E-003
   659894.466071834       2.244381322216490E-002  3.077894554271226E-003
   106125.461499323       2.274874358802761E-002  3.475247429097306E-003
   727239.693944002       2.305625422025651E-002  3.874036636972657E-003
   196043.667320296       2.336864775511674E-002  4.268652303031374E-003
   157215.571870477       2.310698697667962E-002  4.758695793302278E-003
   31975.8880392396       2.284551262240720E-002  5.249546320729647E-003
   61137.9972505898       2.258567277595406E-002  5.739124110558440E-003
   216934.105732572       2.779933666768619E-002  6.514995594301290E-003
   744544.054846766       2.828368769967677E-002  6.075186204000649E-003
   322259.491375998       2.876402411605219E-002  5.634220593820067E-003
   685563.557810272       2.924369251060728E-002  5.194732732213734E-003
   620904.989475063       2.972478986704303E-002  4.756314730728098E-003
   618286.393257248       3.017589071299963E-002  5.132276497808291E-003
   439924.306256848       3.062575979170910E-002  5.509875930532451E-003
   362247.639506047       3.107725064709910E-002  5.887919079194276E-003
   148334.835584767       3.153091372011347E-002  6.265013332686089E-003
   1055332.90693801       3.226764738289792E-002  5.420609576336674E-003
   717103.792436874       3.183703707300622E-002  5.021914918520122E-003
   539981.374281388       3.140578112889227E-002  4.622642411316007E-003
   310121.494534049       3.097404628624181E-002  4.223569695538779E-003
   606058.179407676       3.054166834029973E-002  3.823019466599234E-003
   337684.728336275       3.091845477856259E-002  3.365974159065902E-003
   425911.897651748       3.128940116020274E-002  2.906072242510360E-003
   1330340.61554636       3.165910135749248E-002  2.448872141234177E-003
   1006403.39680268       3.202867326534417E-002  1.994821404925566E-003
   207703.079701033       3.078716994772637E-002  1.701030242862387E-003
   1033925.72635289       3.039428289945417E-002  2.139911045009023E-003
   1333909.91541848       3.000092039047410E-002  2.576300535034690E-003
   1875378.12847481       2.960999674310609E-002  3.011526691754255E-003
   2582106.41448171       2.909597235195804E-002  2.637355081836802E-003
   1463506.93588454       2.858208707782939E-002  2.260669400453702E-003
   895459.801446939       2.806797714487818E-002  1.880012665150412E-003
   1718748.55356145       2.749605873126306E-002  2.514242611490139E-003
   659494.067074793       2.792409926809709E-002  2.989678142805290E-003
   529638.399071295       2.835528286449667E-002  3.466413434510259E-003
   83203.2400389327       2.879269261563338E-002  3.939960172564544E-003
   102982.136400889       2.842167073413006E-002  4.477904310285484E-003
   290303.915515097       2.805215436204143E-002  5.015310026785423E-003
   278652.119569854       2.768335739709065E-002  5.552784611907878E-003
   212701.857440531       3.311341266636032E-002  6.154639782741301E-003
   174915.570296967       3.351451760124018E-002  5.765173922301171E-003
   313025.556332923       3.391312042741133E-002  5.375352041591000E-003
   562732.557753504       3.431034473614540E-002  4.986585547942175E-003
   539691.678065949       3.470908702054778E-002  4.599387207621478E-003
   680661.822704209       3.525437573195675E-002  4.919008983029595E-003
   624381.838376939       3.579991178458923E-002  5.240154012479438E-003
   210594.952835587       3.634421279015070E-002  5.562966514767289E-003
   356322.058192385       3.689105574160174E-002  5.886979842046229E-003
   443100.547408369       3.726789269891714E-002  5.453549038732888E-003
   412954.457297563       3.687774288327886E-002  4.954881365775117E-003
   132353.176029175       3.648623260712042E-002  4.455629048760973E-003
   289288.347648933       3.609296517436947E-002  3.955872247598589E-003
   398071.394693356       3.569847875826862E-002  3.457856081785300E-003
   170883.695018393       3.602693300847327E-002  3.030402804138174E-003
   351342.531597847       3.635281894955190E-002  2.601338821629803E-003
   945770.886654469       3.667814291522846E-002  2.174271557343011E-003
   837481.464624860       3.700295550220126E-002  1.747657493788776E-003
   140138.322147630       3.567220387328224E-002  1.309022616158770E-003
   651864.259423728       3.530035986150688E-002  1.697218676269503E-003
   882597.395103717       3.492786367425937E-002  2.084205275292500E-003
   982185.137458118       3.455719901659404E-002  2.470617029082618E-003
   1307848.61629281       3.410999290000669E-002  2.142762830484602E-003
   713787.868277361       3.366144709362240E-002  1.813596898050774E-003
   352698.599721551       3.321339010596907E-002  1.482618300485619E-003
   865477.110807251       3.241086506534704E-002  2.397105318339983E-003
   338662.877880356       3.279444306938036E-002  2.800756878492841E-003
   276830.392788665       3.317937237847719E-002  3.206299208382712E-003
   321946.011418594       3.356674039860399E-002  3.609986938290820E-003
   80106.8996702352       3.324086452882290E-002  4.063772730200921E-003
   241563.563157425       3.291558874439950E-002  4.516149034639742E-003
   532877.806520037       3.259107960725863E-002  4.968724941274295E-003
   148576.866321041       3.770165009593398E-002  5.828671434078898E-003
   65035.3792786866       3.819465264704344E-002  5.382964714927618E-003
   187205.044770765       3.868455867541635E-002  4.937622549977334E-003
   295776.845388213       3.917563816969998E-002  4.493394491839518E-003
   319786.699321353       3.966660314651661E-002  4.050728634314136E-003
   173520.026881145       4.011445874284938E-002  4.424606344747567E-003
   153425.391935001       4.056213332650800E-002  4.799448175438319E-003
   30915.5407818665       4.101038542082027E-002  5.174297411364789E-003
   237973.376068555       4.146049879697138E-002  5.548829308541987E-003
   411216.663522379       4.221609594402653E-002  4.670899032081692E-003
   442500.276704785       4.178138730058352E-002  4.281485940251588E-003
   262865.492462454       4.134682097908887E-002  3.892249918121451E-003
   195550.944122142       4.091193791700966E-002  3.502637762973144E-003
   426027.307466839       4.047703708050843E-002  3.112453078321963E-003
   98225.2029953610       4.085046427915914E-002  2.647566069328851E-003
   95617.0639030521       4.122074860899109E-002  2.181626293240021E-003
   679259.067631060       4.159021825596651E-002  1.716551084552973E-003
   606853.072121175       4.195913552199294E-002  1.251857641836266E-003
   49051.6658573357       4.073800919778730E-002  9.893876562647201E-004
   557130.725874191       4.033839974555176E-002  1.429166951166524E-003
   715538.515992626       3.993887901849583E-002  1.867390160833927E-003
   949402.609633935       3.953989894570809E-002  2.304821898281680E-003
   1065810.94521867       3.911457908917719E-002  1.927900215436609E-003
   429405.084813445       3.868754352124260E-002  1.549992574951273E-003
   128569.056842467       3.826073150977176E-002  1.170958873350209E-003
   892465.252475953       3.743320327155835E-002  2.119960186929678E-003
   545304.988848665       3.786384266435673E-002  2.492600129432566E-003
   30253.8836405917       3.829526369559327E-002  2.867332625911836E-003
   198843.816442688       3.872891854546665E-002  3.240472268233679E-003
   222277.825966573       3.836220402516583E-002  3.793343439027219E-003
   86261.4508458431       3.799653425373289E-002  4.347550827099484E-003
   165640.226910490       3.763188612170392E-002  4.900690506420917E-003
   168812.957673576       4.309442622199396E-002  5.424526276057795E-003
   142121.238889624       4.348493094608349E-002  5.002064191831642E-003
   38833.4739238720       4.387306516045816E-002  4.579407514660498E-003
   184169.276647650       4.426089086685575E-002  4.157234632990154E-003
   299343.308276964       4.464865565940461E-002  3.735703645476670E-003
   383254.504761784       4.514519281826854E-002  4.087541709806264E-003
   459850.060140629       4.564094190675277E-002  4.441161386668429E-003
   88336.7823693511       4.613708014153718E-002  4.795232664680065E-003
   143202.495691444       4.663489466399913E-002  5.149724000917531E-003
   279124.065238662       4.720884854870964E-002  4.480457153236095E-003
   454309.224871520       4.678584132111627E-002  4.041806472433980E-003
   73111.8785691766       4.636274159750417E-002  3.602865924391447E-003
   49724.8538606730       4.593860207463611E-002  3.164040820482202E-003
   448911.719544022       4.551420650443556E-002  2.724889275590817E-003
   87970.6826318650       4.587132480082602E-002  2.282631577600398E-003
   147040.851698165       4.622605813909213E-002  1.839801571672183E-003
   600040.174837329       4.658019936516704E-002  1.397852950938943E-003
   536229.382140343       4.693417407341562E-002  9.563869473560079E-004
   107951.726263741       4.563479094878665E-002  5.951984657464366E-004
   333781.887472448       4.525754722023105E-002  1.018602237662484E-003
   554132.654106907       4.488069668906426E-002  1.440875887237456E-003
   769581.222255995       4.450451062072792E-002  1.862504049198386E-003
   983090.218068553       4.404506399641828E-002  1.506620488970225E-003
   596621.702456463       4.358550312488609E-002  1.149450899269745E-003
   136626.629268701       4.312531178254864E-002  7.912613162050766E-004
   823495.957523195       4.237793003896476E-002  1.655951972350228E-003
   329250.990698699       4.279692110178705E-002  2.060909238072289E-003
   85711.5279934341       4.321701422103776E-002  2.466377467499972E-003
   157733.128150718       4.363898548830829E-002  2.871286622203502E-003
   130724.450537164       4.328257187202820E-002  3.321424389669483E-003
   85165.0518237265       4.292681845285163E-002  3.771468523658198E-003
   221327.316883082       4.257126402931456E-002  4.220936678223251E-003
   217120.976257257       4.787788878948546E-002  5.052514987145465E-003
   333871.331299943       4.831138577131444E-002  4.558712936021080E-003
   196825.177509562       4.874169830973952E-002  4.063433026447077E-003
   157621.815082737       4.917147948391637E-002  3.569713690282219E-003
   286746.130249367       4.960109169702186E-002  3.075916131624852E-003
   593698.474771246       5.018224971706726E-002  3.487064421298930E-003
   706594.238165376       5.076168406825819E-002  3.899998151576447E-003
   418656.504451753       5.134070399610706E-002  4.315617466083167E-003
   131008.808693890       5.192183300556763E-002  4.730200367310118E-003
   659086.678995728       5.220119880483402E-002  4.403227292237848E-003
   572504.137346973       5.170856121877729E-002  3.891025928316943E-003
   93214.2453814456       5.121411701813102E-002  3.376526877617863E-003
   35475.6078215836       5.071850986760883E-002  2.862583053429866E-003
   586103.312298027       5.022036473188109E-002  2.349639987209456E-003
   313720.415068484       5.063789237745074E-002  1.836910684649499E-003
   201750.589436359       5.105095471341976E-002  1.323014389107498E-003
   396269.105356365       5.146381274332418E-002  8.096347026460881E-004
   437774.136942703       5.187528848561438E-002  2.977480879321698E-004
   246650.811136922       5.078908646720661E-002  2.452765030408373E-004
   288221.492106958       5.035794050843244E-002  7.434713954261722E-004
   474013.974269607       4.992659916366137E-002  1.238892882987296E-003
   693447.633037492       4.949481593703486E-002  1.733464439406260E-003
   743322.757257527       4.905240584836996E-002  1.310208299903313E-003
   338507.445839000       4.860980691846343E-002  8.862409701238172E-004
   60176.4333496848       4.816608113207405E-002  4.607961665732949E-004
   822567.370448390       4.741861404928736E-002  1.331002288879959E-003
   495137.583767694       4.790362452193233E-002  1.706330970980949E-003
   143561.410625697       4.838828897282684E-002  2.082527239473772E-003
   187367.991737804       4.887567964973530E-002  2.458536438505030E-003
   307542.494151311       4.845741903310846E-002  2.964508998231379E-003
   25360.3804362099       4.804152637174987E-002  3.470521845618203E-003
   183219.548357753       4.762480451537242E-002  3.975698536185745E-003
   40188.4602972090       5.252820498516884E-002  4.681395641727860E-003
   111552.483246417       5.302999002349273E-002  4.088531103834577E-003
   68560.4934872751       5.352699923609505E-002  3.493588534839204E-003
   666778.469917360       5.402348944061852E-002  2.898979003434293E-003
   342853.820429503       5.452276642623178E-002  2.309186607338572E-003
   199988.613812384       5.495960306493312E-002  2.823751303268075E-003
   158877.540000895       5.539900286235334E-002  3.339634828225981E-003
   205551.908210538       5.584048170124595E-002  3.853343690146164E-003
   138062.005173219       5.628385490690107E-002  4.365604789449182E-003
   626013.699251675       5.711087242658792E-002  3.383301604410197E-003
   832004.070012479       5.653430742765709E-002  3.033819119029553E-003
   924671.655162148       5.595879019116488E-002  2.682859372052988E-003
   833054.850499119       5.538347430887301E-002  2.329842364880600E-003
   273151.409001429       5.480903389570968E-002  1.974840910693519E-003
   128321.039581871       5.531178186165107E-002  1.426931073584264E-003
   374609.566994750       5.580933270213103E-002  8.777991759027150E-004
   826057.174453179       5.630651608657773E-002  3.318121454377013E-004
   427572.694922060       5.680706144947176E-002 -2.094609537555449E-004
   476887.541811167       5.581171031326820E-002 -8.179101269747925E-005
   35126.6260210352       5.536447605450204E-002  5.103585869997368E-004
   504643.905503946       5.492028456850560E-002  1.103231961022388E-003
   946204.884910396       5.447466422795778E-002  1.690329994768340E-003
   898587.441939926       5.396700185542503E-002  1.179935139957108E-003
   40539.9446989570       5.345766033541437E-002  6.655076360734982E-004
   468537.889161123       5.294444288721659E-002  1.535773357308561E-004
   1346434.21939001       5.245533765588704E-002  7.236424327846116E-004
   1043564.81621320       5.303241048028450E-002  1.154565087934018E-003
   445517.428313932       5.360919772510039E-002  1.589104739661223E-003
   18515.8105785751       5.418831877582789E-002  2.024070007480274E-003
   326413.951027577       5.368822314059163E-002  2.618431471484903E-003
   194602.649229996       5.319202094394460E-002  3.215205352257467E-003
   306639.586593173       5.269772064623866E-002  3.810907129234092E-003
   71736.6758210121       5.809321197079163E-002  4.208058967788418E-003
   82041.1470647330       5.844828638280289E-002  3.689719797862371E-003
   97501.8104833169       5.880140133498951E-002  3.170435493161771E-003
   350613.488239081       5.915411129107875E-002  2.651483581944219E-003
   280236.569459936       5.950598133600845E-002  2.131913355051093E-003
   414458.382418768       5.995187377872967E-002  2.580330828969929E-003
   153620.259458375       6.039815539478791E-002  3.028538123770554E-003
   53786.6564072028       6.084517601107120E-002  3.476816293181837E-003
   84541.2713484487       6.129328731970089E-002  3.924548128229409E-003
   518350.714559877       6.208478932338338E-002  2.978794479131310E-003
   552547.107702176       6.156744952335026E-002  2.616498955158208E-003
   499202.352429726       6.105030745348302E-002  2.253506257693928E-003
   327714.850890027       6.053316868834052E-002  1.889788971268868E-003
   141398.232286981       6.001427103969271E-002  1.526033202722311E-003
   80288.6700807105       6.045571586308810E-002  1.000857656532824E-003
   8773.17073306488       6.089354733024260E-002  4.758508336848524E-004
   360959.355215430       6.133065850704129E-002 -4.955023500228259E-005
   272602.483684425       6.176801212571011E-002 -5.736150514348659E-004
   106902.414351651       6.070977883653098E-002 -5.637668535832998E-004
   219953.272700374       6.027570788679086E-002 -3.519696090170665E-005
   323687.738813132       5.984278914684967E-002  4.922153649649721E-004
   629246.867539144       5.940863511722560E-002  1.019401902414696E-003
   892858.743311446       5.887298766951314E-002  5.786786286422138E-004
   607151.619685251       5.833859110594097E-002  1.365148959359564E-004
   410364.858629771       5.780463481956826E-002 -3.074018695796345E-004
   378493.755290243       5.732811129292879E-002  2.494531290456255E-004
   149404.240021268       5.784988000108865E-002  7.089450425287564E-004
   131791.441472695       5.837324462550374E-002  1.167857089257926E-003
   15049.2674862129       5.890023701185654E-002  1.624832064403073E-003
   8505.29473604988       5.845138339037887E-002  2.065091739638746E-003
   344091.443811992       5.800468475800918E-002  2.505186118150689E-003
   266622.319063408       5.755758177668175E-002  2.944225696696115E-003
   90199.3608898770       6.303042419193915E-002  3.768245519540645E-003
   77466.5290619439       6.339319032649801E-002  3.249843530681527E-003
   114902.070555831       6.375415468384318E-002  2.730610149755042E-003
   168948.291818001       6.411462047923976E-002  2.211604125599722E-003
   204998.654871629       6.447478329213593E-002  1.693321211524379E-003
   236122.830886799       6.494421985657657E-002  2.135669499905283E-003
   95415.7191580485       6.541370362470658E-002  2.578990307436618E-003
   61941.7461736489       6.588375101965846E-002  3.022419859506027E-003
   125146.209842881       6.635452801641875E-002  3.465593046873430E-003
   224497.803746571       6.706463280122378E-002  2.613886481007113E-003
   322193.426174724       6.654597899035228E-002  2.230324968477668E-003
   193830.137496248       6.602753392192696E-002  1.845928392657152E-003
   66513.5961568215       6.550884255831806E-002  1.461091629716966E-003
   186437.534398432       6.498941530383050E-002  1.076213922127985E-003
   81545.7053996960       6.543460654217644E-002  6.404822078067149E-004
   200516.559875332       6.587861633686519E-002  2.040192666736907E-004
   323792.251474637       6.632279860151236E-002 -2.306328884352201E-004
   184806.202090698       6.676740065077032E-002 -6.652823232387375E-004
   189004.600325628       6.540952233501503E-002 -9.901721401593387E-004
   49149.9533941370       6.506348313816979E-002 -4.722978364901059E-004
   140017.734529182       6.471717374462466E-002  4.552356094480754E-005
   350242.032455796       6.437238526083010E-002  5.626370947132376E-004
   475544.041931993       6.385147359719956E-002  1.246676933187906E-004
   218442.627902284       6.333191132499787E-002 -3.153386187895544E-004
   115082.016151397       6.281058028367294E-002 -7.558587458504845E-004
   507757.602754259       6.228986349766905E-002 -1.367300798591842E-004
   192460.651894977       6.281133077166293E-002  3.021447859641482E-004
   75924.8795340093       6.333349432499405E-002  7.405971928058724E-004
   201158.954334523       6.385752714448201E-002  1.179433498732404E-003
   43162.2195909604       6.341377673097358E-002  1.630032053354588E-003
   209631.829145956       6.297083467479594E-002  2.080300013312833E-003
   193864.817323827       6.252768100380908E-002  2.529625027175922E-003
   70614.6018207921       6.791635415726559E-002  3.322903612179067E-003
   33090.4560497634       6.830672345005635E-002  2.877904608771601E-003
   34340.8937987725       6.869626725392412E-002  2.431785233369918E-003
   117781.805620404       6.908578832360147E-002  1.986960327239487E-003
   135796.267503346       6.947540772250183E-002  1.541704963570666E-003
   105620.502216803       7.000012338224774E-002  1.903424619336989E-003
   97889.6783260178       7.052472342281446E-002  2.264336398499173E-003
   20991.1834982905       7.104959927916465E-002  2.626241045119384E-003
   83942.6833856367       7.157464520274100E-002  2.987129835188544E-003
   91557.4095478472       7.206297843465023E-002  2.399571830157317E-003
   203201.533477317       7.161345559529947E-002  1.949209969293054E-003
   82805.5579478344       7.116308255390730E-002  1.498322496698909E-003
   48378.8965444456       7.071356002454261E-002  1.047234152054037E-003
   124161.876610516       7.026291255323959E-002  5.961886473444143E-004
   46680.6685742155       7.062271844607773E-002  4.571790961405142E-005
   95318.8037572144       7.098043389945058E-002 -5.052064970431855E-004
   198812.727162875       7.133872880585194E-002 -1.056150567817784E-003
   123336.131647252       7.169549846759221E-002 -1.606720645392311E-003
   20944.0197156357       7.074190512321155E-002 -1.550732540622970E-003
   201162.718502154       7.026749296782082E-002 -1.096512364378359E-003
   163333.472915419       6.979265755080119E-002 -6.440049930772087E-004
   280845.049392765       6.931789880194766E-002 -1.906934923358670E-004
   290631.070788901       6.889174455140448E-002 -5.616752369828133E-004
   169178.893661365       6.846468489103277E-002 -9.322259903316540E-004
   8598.20168602795       6.803822939908293E-002 -1.304113436530874E-003
   264871.982425581       6.720720509847676E-002 -3.103449107375502E-004
   113964.624040898       6.764794241834469E-002  4.407143560625042E-005
   22951.1778799823       6.808813877288052E-002  3.997387792067254E-004
   156546.613290693       6.852976918901757E-002  7.543220649130636E-004
   75602.0288919588       6.816258936924816E-002  1.219497065924020E-003
   21671.7514006719       6.779671355480914E-002  1.684489097120529E-003
   84604.9577612799       6.743005067172696E-002  2.149327768523793E-003
   45199.4300073159       7.265018421897168E-002  2.887138594101489E-003
   61516.8004517457       7.311127959130301E-002  2.549682871568491E-003
   57320.2484113859       7.357190546582350E-002  2.211289076743145E-003
   17508.9072518423       7.403270540017889E-002  1.874158427230752E-003
   67085.3675098384       7.449341462048215E-002  1.537033681085277E-003
   83237.8092635310       7.488485900387042E-002  1.794653880836506E-003
   128714.108335796       7.527602446751121E-002  2.052789911697816E-003
   61907.0794719217       7.566742485708453E-002  2.311869865214341E-003
   23207.9178693335       7.605779844832876E-002  2.570143438441111E-003
   128708.867751397       7.699470307817317E-002  1.441672848239371E-003
   130253.817097935       7.666957004346842E-002  1.105337991792392E-003
   60936.0943058342       7.634334070881731E-002  7.679248596778199E-004
   73156.4054759998       7.601791750715463E-002  4.304727509887550E-004
   94558.0369553892       7.569275569897346E-002  9.264006963816736E-005
   45386.7478381515       7.595556476646172E-002 -2.502314553823534E-004
   19001.0951397990       7.621776165400804E-002 -5.933961563506845E-004
   121358.503248868       7.648099260497303E-002 -9.364476090328484E-004
   105536.846028019       7.674309047857097E-002 -1.279325076084442E-003
   35640.3519941431       7.511415005521536E-002 -2.070669490065198E-003
   60943.6517116753       7.482587976851950E-002 -1.748231555049895E-003
   69436.6476182084       7.453747442851578E-002 -1.427024313175262E-003
   218485.336391532       7.424952931900342E-002 -1.105574982996567E-003
   332254.207607976       7.371035739281692E-002 -1.349648248580831E-003
   387160.279841736       7.317146324997242E-002 -1.594201837580663E-003
   300982.484288092       7.263255929684979E-002 -1.840080594588266E-003
   202195.398604806       7.203311253607944E-002 -1.120746869060479E-003
   4166.31188480261       7.237231381278399E-002 -6.343789437987428E-004
   36933.3207375228       7.271105783200035E-002 -1.480506302821072E-004
   61175.6433835741       7.305000977006494E-002  3.382496321183755E-004
   85054.0365660758       7.280320698034769E-002  8.534327306620841E-004
   43873.4639165443       7.255667907995833E-002  1.368782511818241E-003
   42752.8721554235       7.230918346103712E-002  1.884189663119902E-003
   11261.1892122210       7.812284622996113E-002  2.377721607208565E-003
   32870.2091881559       7.844241767674667E-002  1.868873998909766E-003
   49247.5744458901       7.876251186073679E-002  1.360629268690849E-003
   109047.042689597       7.908254108925676E-002  8.515442110130673E-004
   94585.5238146771       7.940239475165249E-002  3.434494259291002E-004
   152627.605546712       7.991407160972382E-002  7.735504889042405E-004
   129425.100848181       8.042598130878062E-002  1.204537478566265E-003
   141725.799887898       8.093793676165732E-002  1.634419345461109E-003
   91000.8433800085       8.145022211750044E-002  2.065083161920894E-003
   215498.642063858       8.200945894058416E-002  1.389596731906252E-003
   209740.448977539       8.149119540718844E-002  9.666848788397915E-004
   218336.690825156       8.097402230169964E-002  5.435413945291297E-004
   203035.574476064       8.045597363597688E-002  1.203033012106671E-004
   25501.7455114385       7.993897626958819E-002 -3.031423966033319E-004
   62526.4292766822       8.035857479003217E-002 -9.349015576122274E-004
   127801.579786291       8.077829752808724E-002 -1.566361165283255E-003
   132771.600853005       8.119635383907088E-002 -2.199063955929254E-003
   128438.403573314       8.161476619792497E-002 -2.831870205359580E-003
   60994.6858832478       8.091918020987794E-002 -2.427657845413639E-003
   127295.528888184       8.037724695301032E-002 -1.897946810267291E-003
   25909.2556867422       7.983574014269045E-002 -1.368077353048751E-003
   217134.833334127       7.929297457639881E-002 -8.391930073828732E-004
   143512.776862218       7.893417084323201E-002 -1.283767388634411E-003
   65878.2918908795       7.857504410112029E-002 -1.729613165146611E-003
   31753.2171119206       7.821570262387507E-002 -2.174434287808604E-003
   276747.406402310       7.724699393987101E-002 -1.008129986638359E-003
   242666.992293734       7.774966511250654E-002 -7.364108525325765E-004
   226604.323878558       7.825336027850152E-002 -4.646771930044346E-004
   78127.0634036939       7.875622477673246E-002 -1.927307490092334E-004
   82320.5886995250       7.831601060110480E-002  2.160998734895237E-004
   42251.0366209061       7.787525800478552E-002  6.251169720167095E-004
   11724.5173831117       7.743538443981708E-002  1.033754279029995E-003
   46922.5424088269       8.268450688768390E-002  1.948199714851403E-003
   61236.3343073484       8.310437556625497E-002  1.391179511642063E-003
   101382.743636699       8.352345949556338E-002  8.327571796965614E-004
   78402.6354135613       8.394257766094253E-002  2.753599202530562E-004
   60599.5552667653       8.436125355959920E-002 -2.832527095856848E-004
   182619.463950692       8.487316657426605E-002  1.859736885226650E-004
   140374.073139416       8.538593770097259E-002  6.545958321171946E-004
   74250.2239565132       8.589800817274183E-002  1.124382145132398E-003
   78546.2217615125       8.641024614411073E-002  1.593098932826401E-003
   130273.174682313       8.698253925283153E-002  9.007893988818311E-004
   204526.982331197       8.642641939824970E-002  4.857804097740471E-004
   169736.241543142       8.586942799012130E-002  7.057578697129523E-005
   150007.738683835       8.531326107211942E-002 -3.458076818092289E-004
   22666.1291858622       8.475590186065902E-002 -7.609857456394673E-004
   51042.1658369966       8.522822911844526E-002 -1.243613052304967E-003
   23134.3387514988       8.569901851285930E-002 -1.726133023917540E-003
   94128.6153736102       8.617093207734533E-002 -2.208382439530378E-003
   40027.5253170964       8.664204386608809E-002 -2.690193520151253E-003
   90705.1466973905       8.542923013390125E-002 -2.820464087069710E-003
   30446.0083894420       8.504542015871670E-002 -2.264937131308123E-003
   20508.7214259172       8.466176995465803E-002 -1.710443408903178E-003
   180955.227057258       8.427845961241341E-002 -1.155085985741958E-003
   334748.400730691       8.364322205693696E-002 -1.612421343239327E-003
   371084.176254552       8.300970858033335E-002 -2.069441628734909E-003
   449817.549816039       8.237581337044780E-002 -2.528007679527270E-003
   337447.028083372       8.218036345141942E-002 -2.293013106840190E-003
   198212.536705404       8.274770416108561E-002 -1.753707074595130E-003
   120359.929391075       8.331487616968426E-002 -1.215731841333485E-003
   112226.670285244       8.388390333191266E-002 -6.773942346123031E-004
   74354.2352696052       8.341468684025474E-002 -1.604833149031343E-004
   55843.3819395373       8.294674627981631E-002  3.563688679189313E-004
   45097.3506695024       8.247753802546057E-002  8.729705044873441E-004
   25670.6504180147       8.767446485310824E-002  1.472629028277802E-003
   30875.7826629387       8.809108541297914E-002  9.286068145730993E-004
   32782.0324678912       8.850712368922500E-002  3.833758952054679E-004
   53549.2554955273       8.892421595829834E-002 -1.608358464918894E-004
   40775.0974963360       8.934033275210505E-002 -7.047446506376343E-004
   48465.0984295545       8.978870346516792E-002 -2.430771947376639E-004
   35682.1532685282       9.023710812244719E-002  2.186375881280947E-004
   14178.2963119426       9.068567598117661E-002  6.813388737586185E-004
   27720.8057991438       9.113505751981514E-002  1.143063341594806E-003
   15924.5074314893       9.193460210160352E-002  1.761274253554729E-004
   71098.9115051187       9.139676945025743E-002 -1.785339880390046E-004
   47369.5052722826       9.085814655883583E-002 -5.322809949397751E-004
   47622.4886463278       9.032050587913193E-002 -8.861045063913980E-004
   4059.89847407243       8.978282224391876E-002 -1.239904705753843E-003
   20346.1434623800       9.024851538061594E-002 -1.647650954731335E-003
   15176.9090916843       9.071401039911424E-002 -2.056437412480698E-003
   3886.84105340682       9.118063596780418E-002 -2.464270447375976E-003
   3781.25235774445       9.164624322200997E-002 -2.872021675291458E-003
   16222.2469709228       9.018778392684634E-002 -3.285295169143304E-003
   6333.12533590105       8.987482774116366E-002 -2.750341183875905E-003
   30494.3020570169       8.956076503538725E-002 -2.216305381846938E-003
   53276.4028229654       8.924780062683345E-002 -1.682278585381926E-003
   45970.8174469155       8.876772650412151E-002 -2.140958420610323E-003
   30771.5015767308       8.828763889120403E-002 -2.599868655114965E-003
   4344.92348082786       8.780731486743450E-002 -3.059764165883991E-003
   83692.2350099423       8.718258930839447E-002 -2.304571208948082E-003
   66759.4760805940       8.772407279510977E-002 -1.918887910347169E-003
   56262.5094897378       8.826458261781332E-002 -1.533004892931823E-003
   31743.6008475285       8.880518959885200E-002 -1.147071082294743E-003
   58079.7714904811       8.834948057214698E-002 -6.353254804626618E-004
   16125.3891805822       8.789420390371559E-002 -1.225226313563543E-004
   15438.2400907197       8.743782607962081E-002  3.891854778446157E-004
   20802.4255377676       9.290106030307814E-002  9.753675825419977E-004
   5687.28360115240       9.327789212172924E-002  6.676960800399666E-004
   52593.8861336659       9.365351511898135E-002  3.589491848851548E-004
   55528.0967024160       9.402928452632954E-002  5.119166394022302E-005
   25274.5374424454       9.440495836195685E-002 -2.575949526708657E-004
   50195.1130274462       9.484888137994030E-002 -2.651137109439643E-005
   37103.8510943513       9.529268739257118E-002  2.035466348129676E-004
   25030.2599569494       9.573653639192359E-002  4.345647721940363E-004
   18870.3447967689       9.618131485180693E-002  6.643059428704887E-004
   27715.8214090692       9.691924008929008E-002 -2.281875503238025E-004
   55761.0246302522       9.660964721543362E-002 -6.217630546531466E-004
   2204.29331172418       9.629909865512185E-002 -1.014050128884838E-003
   18664.8474141694       9.598963209296579E-002 -1.406451149264441E-003
   973.347026624312       9.567926118942205E-002 -1.798799656332048E-003
   31263.2076320326       9.590904072346224E-002 -2.258375464564631E-003
   4313.82700289444       9.613761558932832E-002 -2.718934627990063E-003
   9154.61871958941       9.636735847927973E-002 -3.178556892907592E-003
   2264.70524548679       9.659610203867969E-002 -3.638121760256100E-003
   25284.8008020608       9.536480429301561E-002 -4.007855913416732E-003
   20618.2897868552       9.495633038951989E-002 -3.695988069704065E-003
   39156.3357090168       9.454674101592001E-002 -3.385027191970293E-003
   14466.6306283863       9.413837507244886E-002 -3.073012463913810E-003
   8860.44476084094       9.375235419227458E-002 -3.309658944344651E-003
   11790.9479272327       9.336543177306911E-002 -3.545202543728938E-003
   16000.3489142785       9.297941644347510E-002 -3.781828605521835E-003
   5987.38041730012       9.195015447733031E-002 -2.537214731064404E-003
   8705.53807477887       9.225505551953218E-002 -2.202504396375938E-003
   10306.6511381898       9.255904899926390E-002 -1.866704008177450E-003
   2338.52043399206       9.286394079262102E-002 -1.531994778587725E-003
   1629.36857331158       9.263113327544972E-002 -1.105207585293218E-003
   10549.3017882656       9.239926771718798E-002 -6.785144051918946E-004
   61871.9255343420       9.216632259799874E-002 -2.517395681804896E-004
   26671.5686798056      -1.597215400001773E-003  1.251351999131866E-002
   52615.0596714144      -1.195120801674840E-003  1.209843998554930E-002
   286953.975690129      -7.941852083741491E-004  1.168136977228057E-002
   639725.186293064      -3.939496901668359E-004  1.126338471570062E-002
   210834.059645569       6.624332549780956E-006  1.084587822206966E-002
   765299.565573699       4.887388133136879E-004  1.126064205965713E-002
   680958.479811239       9.708486059242563E-004  1.167587946773134E-002
   823130.946708010       1.453783443506068E-003  1.209064311334711E-002
   838585.149627472       1.938863485169712E-003  1.250479796512415E-002
   2119.30465232499       2.518657260520329E-003  1.191190077497260E-002
   179132.841213156       2.096512622645149E-003  1.143640097967137E-002
   232964.274802957       1.675102698863279E-003  1.096110777809754E-002
   135836.715979798       1.254047341556005E-003  1.048537358407206E-002
   361229.117032991       8.339698629554285E-004  1.000878523871485E-002
   76997.3975100213       1.247836371469545E-003  9.645220242925880E-003
   485305.259692584       1.661074590904585E-003  9.281208153670931E-003
   568572.564714152       2.073718556448275E-003  8.918579387527353E-003
   580640.715133922       2.486763830939708E-003  8.556248659943717E-003
   106925.973439891       1.060255927250779E-003  7.921949427107363E-003
   274369.825168872       7.052974897243976E-004  8.342489815564201E-003
   687154.415756865       3.501622775631022E-004  8.762776293829294E-003
   315236.110104621      -4.121787162480775E-006  9.181601644684069E-003
   474204.501045160      -4.599922680831172E-004  8.765054235941303E-003
   114175.017832891      -9.171343738344155E-004  8.348691486896116E-003
   473341.706461377      -1.372777526177459E-003  7.931207386396293E-003
   401288.721954823      -2.505336609460401E-003  8.184519201866304E-003
   200250.461975636      -2.087462542814238E-003  8.642774493382058E-003
   600191.118989431      -1.670036348054277E-003  9.101159732794349E-003
   840933.176441444      -1.251522764727387E-003  9.559626486452649E-003
   58660.4981002415      -8.304646128490249E-004  1.001513307058470E-002
   817649.144087823      -1.243989353787175E-003  1.041592081727228E-002
   561246.810540422      -1.659890831221356E-003  1.081469115209324E-002
   316224.964459865      -2.076595250117596E-003  1.121264498868881E-002
   916363.080932832      -2.492871903571873E-003  1.161041055954997E-002
   255052.202425293       3.112954463608029E-003  1.249159535581682E-002
   23030.1195239663       3.586937511474060E-003  1.207718541619756E-002
   85313.5676913809       4.060912632213324E-003  1.166166961286577E-002
   596398.226245812       4.534783448504892E-003  1.124613565502479E-002
   21383.3389329957       5.009370859216993E-003  1.082995892370637E-002
   654643.266404246       5.381568859436611E-003  1.123441907309193E-002
   136367.588257993       5.753442720236184E-003  1.163671514918339E-002
   117630.471559908       6.126164923024098E-003  1.203893115026767E-002
   376959.613827992       6.495811391589468E-003  1.244101716325350E-002
   272058.485940517       7.524425232246029E-003  1.137287308127335E-002
   168665.029602205       7.105671030351863E-003  1.101911937985932E-002
   67178.1958735129       6.687100829923133E-003  1.066410237536491E-002
   397961.527280641       6.270021238856979E-003  1.031096342329334E-002
   222259.042602083       5.853730759103224E-003  9.957558672873490E-003
   703352.503502137       6.260608763592403E-003  9.573724462954120E-003
   168462.344970916       6.663322384135530E-003  9.187506659719936E-003
   18272.9136257116       7.066953341339457E-003  8.801340420840990E-003
   240053.356844780       7.470671658460332E-003  8.415830665159042E-003
   590397.771370250       6.097320499704149E-003  7.865444292917483E-003
   518834.199108856       5.726246731109181E-003  8.282232825756443E-003
   211435.285311806       5.354922432109923E-003  8.697260414065964E-003
   1299085.04922275       4.985624126129611E-003  9.115133953181613E-003
   1226499.58962636       4.626000076427610E-003  8.707779238835150E-003
   522695.804714627       4.264266165948315E-003  8.301218954997065E-003
   148281.243927246       3.903219357500837E-003  7.892642179688145E-003
   720788.951526201       2.898491389809125E-003  8.912148265172101E-003
   415830.504060474       3.310978125318706E-003  9.268392744854930E-003
   129002.559517088       3.723016598022789E-003  9.626191204941093E-003
   84006.0870959435       4.138749113410799E-003  9.981743074643104E-003
   360732.025205692       3.735131597227668E-003  1.046458876500438E-002
   45892.3673904535       3.330277559834886E-003  1.094613338226819E-002
   203835.760363852       2.924094433418636E-003  1.142809649423784E-002
   653015.415474526       8.587679117224004E-003  1.239489937497960E-002
   452806.802541692       8.945726307878375E-003  1.197378315336307E-002
   839136.322274319       9.303881851296920E-003  1.155006691768471E-002
   1770333.95194982       9.663095221770574E-003  1.112555347312068E-002
   972746.764812391       1.002361033706098E-002  1.070029015166724E-002
   2234942.71930848       1.057049286969584E-002  1.110227295278403E-002
   989012.508878733       1.111662665238524E-002  1.150352107370757E-002
   41399.9220006501       1.166431009249654E-002  1.189997398217557E-002
   189192.952517656       1.220608448997803E-002  1.229554705931681E-002
   645907.233933135       1.258106849577355E-002  1.190174151455010E-002
   1341771.26857518       1.213831311831338E-002  1.138497948161239E-002
   73143.6137422368       1.169689328302687E-002  1.087472981600238E-002
   1096587.13694425       1.125910133803909E-002  1.036557660655597E-002
   731457.581182765       1.082970555315065E-002  9.850792756153718E-003
   303548.996881758       1.123592722153880E-002  9.307627149434890E-003
   754512.542481162       1.164059368280753E-002  8.761393921043621E-003
   305339.615130662       1.204436855034167E-002  8.215368250806149E-003
   257557.081769759       1.244624797273722E-002  7.666858450065172E-003
   574129.844789141       1.154169704631844E-002  7.744976166276349E-003
   67247.9515318741       1.102416235416957E-002  8.181465651896331E-003
   249165.783195169       1.050438286517506E-002  8.615821481452632E-003
   440289.243343977       9.985676765408453E-003  9.048946040384385E-003
   294706.780716806       9.597681442671721E-003  8.639719349618900E-003
   179213.221015779       9.209199104703927E-003  8.230620143769149E-003
   273514.403364245       8.821307996009992E-003  7.821317850067715E-003
   87118.0891241364       7.898418769813615E-003  8.786356732683864E-003
   17863.7280743091       8.326124595056120E-003  9.155494982701037E-003
   18403.7325624666       8.753622900209070E-003  9.524278342823015E-003
   33098.5460242944       9.180686055005334E-003  9.891999953827460E-003
   234702.664755993       8.770078043669072E-003  1.026043712876555E-002
   1011465.95084759       8.354914423262336E-003  1.062856878064053E-002
   1989375.18167145       7.938358386675601E-003  1.099864071529983E-002
   397030.947099852       1.297502148509952E-002  1.227925676342576E-002
   2219433.04402487       1.349741749262058E-002  1.190033760435958E-002
   1361033.61683029       1.401890804822657E-002  1.152071568612965E-002
   1595996.67726189       1.453677942001714E-002  1.113743658659140E-002
   309353.995544627       1.505506317470605E-002  1.075474963853190E-002
   979184.145314040       1.536959332360762E-002  1.110136584399062E-002
   182023.943509996       1.568028763486251E-002  1.145249091341312E-002
   332590.975143571       1.599314076900942E-002  1.180136293382354E-002
   542850.036794413       1.630565852147391E-002  1.215081646408629E-002
   548269.512002263       1.755961723053113E-002  1.077297182825845E-002
   399059.543779805       1.718429480994696E-002  1.049522991957795E-002
   290454.124977001       1.681004422274088E-002  1.021624517567072E-002
   823776.345140595       1.643423586676161E-002  9.938740320971208E-003
   1067579.79975303       1.606304601616918E-002  9.656127443196853E-003
   228658.217779802       1.640734646707027E-002  9.204458655954250E-003
   55118.9611176661       1.674858629735674E-002  8.751277443992808E-003
   480928.742439470       1.708733007044915E-002  8.299048055954564E-003
   396391.999405879       1.742786497404434E-002  7.850693527034908E-003
   176908.882215893       1.621005616562640E-002  7.504039709162437E-003
   365478.863893761       1.579579862949250E-002  7.889152823226339E-003
   693810.687181456       1.538246229490636E-002  8.273381751193229E-003
   1267623.06729950       1.497029440323848E-002  8.655988713815246E-003
   1672119.22872510       1.442976049988136E-002  8.315002682713997E-003
   1517602.72174767       1.388879295215519E-002  7.972040565085986E-003
   224066.420976869       1.334965060719881E-002  7.627383038957589E-003
   1222587.81475489       1.282241323692709E-002  8.185192631631392E-003
   206358.738950285       1.319921553914762E-002  8.706608373342577E-003
   567769.423457609       1.358030418014502E-002  9.227776543387698E-003
   105546.511186041       1.396415190481026E-002  9.745569411736842E-003
   482076.167906102       1.362357690157297E-002  1.028742009519150E-002
   143702.629589077       1.327868973999821E-002  1.082621816572443E-002
   394279.858457458       1.293278528693832E-002  1.136516259624210E-002
   100119.150744714       1.893868178438807E-002  1.202109895026737E-002
   377429.032316357       1.921083983103719E-002  1.151559298383921E-002
   110663.130088156       1.948182369501057E-002  1.100942061875650E-002
   77939.0211655358       1.975265029928481E-002  1.050268522020095E-002
   47063.1883349181       2.002467079337624E-002  9.996518900279127E-003
   215356.417084099       2.052080608543413E-002  1.046261122241112E-002
   124639.905879603       2.101772031672507E-002  1.092804330826472E-002
   241343.602554121       2.151483851910192E-002  1.139130537332976E-002
   332246.756570249       2.201254062446248E-002  1.185526588264082E-002
   342248.876576142       2.259543998766386E-002  1.120155497781276E-002
   271063.178303911       2.207653734758589E-002  1.076045224003110E-002
   423904.758317888       2.155912441219000E-002  1.032069334486646E-002
   739598.883083288       2.104172317988826E-002  9.880832557448642E-003
   173169.067598219       2.052763601963122E-002  9.439515233251643E-003
   177066.439570416       2.099604205702319E-002  8.941189011274374E-003
   264445.500891964       2.146268048064408E-002  8.440198410906876E-003
   34871.3247162743       2.192791604337003E-002  7.940258084663997E-003
   79129.6443865697       2.239350157181554E-002  7.439148438003342E-003
   9240.83340948978       2.130898808262396E-002  7.386945949204189E-003
   225778.826320622       2.086436991345247E-002  7.904525899439126E-003
   52974.7506037947       2.041811812270502E-002  8.422005187105262E-003
   872447.587656217       1.997294554582296E-002  8.938339934549944E-003
   855539.326567299       1.952025678524574E-002  8.468409587898837E-003
   478241.875315103       1.906782950605965E-002  7.995805665972537E-003
   289495.431729132       1.861527387663739E-002  7.523297386650568E-003
   511562.924341454       1.793783896918581E-002  8.261241676076439E-003
   392876.563476619       1.844689092758670E-002  8.672331485208584E-003
   135393.345368685       1.895758206360348E-002  9.083413780627622E-003
   31465.3803786183       1.946920282635518E-002  9.493495201549037E-003
   238885.977344687       1.899205189657256E-002  9.813126181766853E-003
   177188.409139108       1.851380963336134E-002  1.013216770377443E-002
   473102.974683959       1.803622685338190E-002  1.045181324814450E-002
   115380.344351736       2.324729109235782E-002  1.178175641196361E-002
   613954.340879249       2.369106399740834E-002  1.126797054958920E-002
   378186.194341096       2.413488083385058E-002  1.075280057551436E-002
   842515.240968505       2.458036921230342E-002  1.023793808753423E-002
   358772.983307661       2.502534550112204E-002  9.720464183337120E-003
   564047.264285013       2.545773516269887E-002  1.018420195386220E-002
   208596.648464139       2.588880008844350E-002  1.064592684197186E-002
   745155.653794606       2.631667909852325E-002  1.110886659356475E-002
   41712.7755816783       2.674365801469662E-002  1.157140293449684E-002
   121620.756260035       2.759328210041048E-002  1.061542735892657E-002
   915621.724734156       2.707703925207400E-002  1.024571214365111E-002
   458930.080249941       2.655853924193241E-002  9.880514478732522E-003
   238524.523042571       2.604126513891950E-002  9.516423347694323E-003
   26641.5419647989       2.552699665407649E-002  9.152884738401439E-003
   536333.548188068       2.598785499135784E-002  8.615379035655355E-003
   153358.465496006       2.644843781326086E-002  8.078325130791496E-003
   30557.0953759733       2.691068709084647E-002  7.540140993993309E-003
   87184.3843051275       2.737107582162897E-002  7.000427895522069E-003
   51517.1141156447       2.640677034171472E-002  7.091321035337121E-003
   101983.617244643       2.592507568770919E-002  7.611469538861670E-003
   406192.662711605       2.544363124814389E-002  8.130554690878537E-003
   648803.701570818       2.496249599535401E-002  8.651793466590665E-003
   582129.535935657       2.446354196071213E-002  8.189764424504356E-003
   378861.374618141       2.396377245240724E-002  7.727080114511072E-003
   178354.488438641       2.346487250333317E-002  7.262825402392148E-003
   427117.566249490       2.290947344129419E-002  7.883908342605123E-003
   277343.906601925       2.342625253772366E-002  8.328281420963989E-003
   122720.627255323       2.394253132792208E-002  8.773624739261958E-003
   142298.353316824       2.445992401414384E-002  9.217240649005868E-003
   109661.910809075       2.399633037477039E-002  9.711916689200524E-003
   336980.173016992       2.352957499205008E-002  1.020607031677946E-002
   1119750.23361793       2.306084378653257E-002  1.070123181165070E-002
   180765.701940849       2.854933954401783E-002  1.146516097488247E-002
   241171.265361658       2.892677989187509E-002  1.107241911860380E-002
   637815.681861678       2.930332202533483E-002  1.067881393579422E-002
   720727.648944761       2.968106344764378E-002  1.028343403627235E-002
   315357.706150688       3.005794733739417E-002  9.887288831807582E-003
   459909.771437007       3.051473978149443E-002  1.022794251123992E-002
   26319.3317153427       3.097061877978624E-002  1.057045089691688E-002
   119578.726697503       3.142563719779502E-002  1.091103646296274E-002
   33848.9849245744       3.188127848055929E-002  1.125118657728527E-002
   223823.533147420       3.260096722727166E-002  1.042805917604175E-002
   55588.4001454024       3.220178412793574E-002  1.002245163120773E-002
   159457.459510547       3.180303497465542E-002  9.618155341407636E-003
   514150.860343551       3.140341845693416E-002  9.213186709945241E-003
   261829.067242017       3.100689682514579E-002  8.806504884363900E-003
   58264.2361173237       3.135038327779786E-002  8.355937698654933E-003
   245155.809080662       3.169313966123601E-002  7.905146172014665E-003
   31860.2152403237       3.203477218697701E-002  7.453600035380534E-003
   142851.820840790       3.237561286632655E-002  7.001668806508535E-003
   45199.5108930967       3.113002916577507E-002  6.664136350208107E-003
   240272.310455512       3.072954190062582E-002  7.063229683311146E-003
   96451.2470940511       3.032955364632024E-002  7.462421199392049E-003
   451457.010739514       2.992928077563136E-002  7.861303919475798E-003
   530253.493853044       2.939647386397844E-002  7.523676071882885E-003
   446685.703915966       2.886395369056426E-002  7.186556548156738E-003
   683549.100968399       2.833096980123175E-002  6.850752624938184E-003
   214523.227417401       2.777351120238683E-002  7.485562332799022E-003
   285692.022934908       2.817603177719449E-002  7.970336252720402E-003
   166196.631648737       2.857918292024011E-002  8.454217674476436E-003
   519304.991210749       2.898219992567209E-002  8.938527200692695E-003
   159542.654873524       2.863636190772437E-002  9.357603785254959E-003
   15090.0704046264       2.828885796575881E-002  9.776970663737257E-003
   369665.860889453       2.794111785463613E-002  1.019522109217641E-002
   172419.348986615       3.342275018566687E-002  1.114596461239884E-002
   64936.3474285463       3.382547502287223E-002  1.067768476251063E-002
   367122.037727066       3.422663916668046E-002  1.020866269093448E-002
   491146.415810354       3.462921405721838E-002  9.739361928668843E-003
   138202.590248633       3.503177297070297E-002  9.269564526646941E-003
   443993.791012157       3.558981673434040E-002  9.671665224745140E-003
   30328.9006314946       3.614685073822362E-002  1.007335793544088E-002
   141182.495424633       3.670513731620963E-002  1.047344285461997E-002
   38964.9532532935       3.726090925678926E-002  1.087343602558494E-002
   40756.7789680048       3.762608229491876E-002  1.045201032039132E-002
   16808.6814549145       3.714720080166098E-002  9.960023000516773E-003
   154991.393791422       3.666877919805960E-002  9.467943458148385E-003
   497577.733939583       3.619126423460199E-002  8.976737031798321E-003
   365470.641542051       3.571584976399571E-002  8.482872511243919E-003
   148516.214204311       3.612045207279888E-002  7.929122226277797E-003
   270034.340721810       3.652267762963379E-002  7.373094303754952E-003
   117168.106919896       3.692405131946558E-002  6.817915966157480E-003
   96772.6597678248       3.732531040780644E-002  6.263008934515321E-003
   157336.323506890       3.640029831736160E-002  6.366848617855738E-003
   60260.1929379636       3.591134891531782E-002  6.845903730482274E-003
   44225.8496729826       3.542106504234143E-002  7.323689974664282E-003
   526615.835203775       3.493171550296020E-002  7.800930593596241E-003
   452682.487254718       3.447739928782116E-002  7.390108434207849E-003
   295729.278560643       3.402392817552833E-002  6.978487332620641E-003
   169885.597200631       3.356868931014102E-002  6.566866044996685E-003
   674785.104574776       3.284373509346115E-002  7.396263080980049E-003
   313450.175134472       3.331103819391412E-002  7.792796361273171E-003
   154649.032032795       3.377874917511665E-002  8.188591092068475E-003
   75004.1792101341       3.424737382606677E-002  8.585356805869153E-003
   120978.382262265       3.383644901292178E-002  9.046054863326724E-003
   240243.247275824       3.342466908014398E-002  9.506570742307981E-003
   553609.642031661       3.301233991456783E-002  9.966098328190129E-003
   60822.3269773496       3.804628203851731E-002  1.081675024121439E-002
   435134.946154683       3.854477137527380E-002  1.038955646217729E-002
   594133.148610337       3.904404259311397E-002  9.962496670805563E-003
   638186.949477309       3.954171408394334E-002  9.533769657841829E-003
   209451.928752031       4.004011773716760E-002  9.105654520107533E-003
   393809.828721561       4.044743645633321E-002  9.465520507295802E-003
   59397.0216501238       4.085403191196311E-002  9.827024441180020E-003
   7786.66678015900       4.126053024435163E-002  1.018712004671157E-002
   72370.3273769487       4.166683841403901E-002  1.054816334151163E-002
   57334.2461120170       4.257800546759206E-002  9.489184521390618E-003
   197484.477326533       4.215928521823682E-002  9.141455605413977E-003
   131646.325709357       4.174159797052415E-002  8.794016697287476E-003
   124570.431637108       4.132290229486969E-002  8.447025943264918E-003
   295271.356349970       4.090641211026424E-002  8.099089474671368E-003
   93946.0291023218       4.126447032137193E-002  7.650713544832426E-003
   131118.461445481       4.162292612065709E-002  7.201956551601022E-003
   80367.5868525956       4.198031668832349E-002  6.753370906003059E-003
   56326.4658097904       4.233863294825190E-002  6.303920261279685E-003
   121408.965480910       4.106994184744223E-002  5.970954326648893E-003
   64154.7271717104       4.068039479406855E-002  6.391869381999320E-003
   71226.4557101504       4.029090007949687E-002  6.813540358200404E-003
   157679.751112072       3.990159382652804E-002  7.234310277485507E-003
   172649.044086188       3.935173346308399E-002  6.884130588025930E-003
   220496.277020123       3.880112891271077E-002  6.532524773005371E-003
   33019.9102540418       3.825174390342291E-002  6.181452229447744E-003
   92664.2048600499       3.775278872738930E-002  6.757569636771721E-003
   87386.8306728661       3.817946865777944E-002  7.251462372793615E-003
   76766.9382671958       3.860778658150307E-002  7.745876014402087E-003
   111000.911572721       3.903536575346291E-002  8.239122378044325E-003
   80059.8845416074       3.868519767334196E-002  8.793159998462812E-003
   53341.9530094278       3.833269651880353E-002  9.345691092075475E-003
   342569.367981773       3.798027123059068E-002  9.898939365132092E-003
   39747.5969716940       4.363724773199795E-002  1.040010286981752E-002
   221914.733050802       4.398591425768698E-002  9.992404492997552E-003
   204986.951927387       4.433465978610621E-002  9.584702721187449E-003
   293667.891278216       4.468326592619699E-002  9.176810384276361E-003
   63320.3913365661       4.503205328727207E-002  8.769038357474723E-003
   225269.317232606       4.542875332723404E-002  9.119020349884903E-003
   27808.6938731802       4.582477842775688E-002  9.470041305330157E-003
   38784.6355027297       4.622208056627054E-002  9.820732913112983E-003
   227733.759659406       4.661884165156588E-002  1.017114379595860E-002
   247279.016882371       4.756263060190308E-002  9.068000504547018E-003
   72038.5542414753       4.715574254941793E-002  8.730329566943130E-003
   56340.4366037711       4.674862865614544E-002  8.391776925839768E-003
   183304.308714739       4.634144496481700E-002  8.054223877872971E-003
   342828.746491924       4.593516732156649E-002  7.715616284410193E-003
   193137.856917617       4.627841295194573E-002  7.217574151049391E-003
   154840.154471196       4.662062796275265E-002  6.719126258783133E-003
   143261.177072243       4.696244340475920E-002  6.220909445348343E-003
   74327.9373048477       4.730381143035212E-002  5.722208650569771E-003
   252533.755775856       4.619545727242168E-002  5.566604924255333E-003
   32157.3142750288       4.575802544606953E-002  5.983214478309354E-003
   103791.150321943       4.532057982448145E-002  6.399074285058223E-003
   220398.344958821       4.488317945160659E-002  6.814491606247098E-003
   228743.483264202       4.443622444354742E-002  6.467535200771148E-003
   207023.345117401       4.398935006684658E-002  6.120158815392776E-003
   106834.917060834       4.354218273308075E-002  5.772713210765125E-003
   273665.340914900       4.274916704566292E-002  6.694495675963994E-003
   23622.1648412916       4.315917115213607E-002  7.085158548864475E-003
   26719.2561368143       4.356962053165556E-002  7.475676145803488E-003
   124558.627119543       4.398042177501840E-002  7.866143960603079E-003
   64667.6233492236       4.363019444077332E-002  8.272115200059906E-003
   129424.791526954       4.327953559062654E-002  8.677809419821842E-003
   123214.957276170       4.292885943621488E-002  9.083545796224038E-003
   44953.2747360334       4.866665161976890E-002  1.001051838129745E-002
   43602.6798885661       4.900353738310635E-002  9.596759996496708E-003
   19775.3123005109       4.934084024217120E-002  9.182594904921992E-003
   8714.04146220523       4.967713906603605E-002  8.768598708202541E-003
   103216.560559045       5.001357287077439E-002  8.354865421056408E-003
   11934.8434366680       5.049287578463675E-002  8.703611496848493E-003
   46982.3150197198       5.097210118136469E-002  9.052509837442040E-003
   95166.3388477442       5.145046617621127E-002  9.401308537482674E-003
   103834.041021044       5.193020861100124E-002  9.749622532702028E-003
   336164.606078161       5.257212245190050E-002  8.994375727252176E-003
   147800.202719121       5.215174904905358E-002  8.577150436914927E-003
   159883.830302221       5.173143804467543E-002  8.160885024249097E-003
   175546.660345742       5.131113243791078E-002  7.743424484338702E-003
   200625.551464966       5.089114704989767E-002  7.325584835024081E-003
   68255.8749430008       5.123295383742552E-002  6.746976599491430E-003
   212153.886872367       5.157274667163254E-002  6.167244590468943E-003
   370523.467906855       5.191153664299212E-002  5.587389533833375E-003
   288845.909146180       5.224900101137019E-002  5.008394217583212E-003
   78513.3162932920       5.140658491363605E-002  5.161344152160418E-003
   467385.768288431       5.089270466512887E-002  5.591739647307529E-003
   319105.446218985       5.037794638594210E-002  6.020665322277256E-003
   507728.662897749       4.986314317079509E-002  6.449439206854446E-003
   601678.341647489       4.936715933885489E-002  6.101228658551034E-003
   450379.920146588       4.887127483946577E-002  5.752355185351316E-003
   91959.1534795698       4.837523206681253E-002  5.402781091732384E-003
   435587.587275361       4.772333465453601E-002  6.160873339278625E-003
   67699.0026222075       4.814290519621401E-002  6.599835356240622E-003
   122481.931030163       4.856333691029610E-002  7.038731479102864E-003
   93908.4215724594       4.898496735333487E-002  7.477025536609122E-003
   11390.0632001729       4.862934424568483E-002  7.874663265582159E-003
   25214.7428926562       4.827362768107886E-002  8.272120603173245E-003
   10798.5702982569       4.791797599397628E-002  8.670422880100935E-003
   68999.3716023694       5.332721597896573E-002  9.635058615396312E-003
   56639.5205749936       5.374275172924194E-002  9.187787966024600E-003
   200194.965846320       5.415649810912572E-002  8.740847285111111E-003
   135994.969981679       5.457114747043210E-002  8.292708536009556E-003
   55873.6949313040       5.498540871781473E-002  7.844155855061093E-003
   52505.5525056875       5.558929154512608E-002  8.205595694921254E-003
   257234.290484590       5.619292444616005E-002  8.567233424982473E-003
   309953.340723563       5.679657662127391E-002  8.927241284158279E-003
   118189.682294351       5.739990375793844E-002  9.287607307027997E-003
   243809.296675469       5.759670319470802E-002  9.053540345139815E-003
   278420.808249040       5.713802634984556E-002  8.521192168566708E-003
   173839.958837053       5.668043314085121E-002  7.988243533043258E-003
   238800.844929627       5.622183589895231E-002  7.455087984704470E-003
   206996.676137108       5.576380392504954E-002  6.921250263901994E-003
   106368.163537096       5.614114942275443E-002  6.489109220505822E-003
   29840.7171072995       5.651687072454525E-002  6.056229237090881E-003
   202084.397971999       5.689150178261508E-002  5.623822928628012E-003
   162865.485598866       5.726680725164950E-002  5.191514702530799E-003
   12359.7887352268       5.592301811385753E-002  4.810941718051168E-003
   213534.417760086       5.556265825594810E-002  5.255273702227383E-003
   189109.969394776       5.520221973832200E-002  5.699947520694752E-003
   542682.823348125       5.484245037280809E-002  6.144778538031644E-003
   788505.325882175       5.426302656679360E-002  5.780232733321181E-003
   673299.685898533       5.368420271078846E-002  5.414961020565009E-003
   762049.853048416       5.310642832501246E-002  5.049106542344425E-003
   257122.145119303       5.270044686630078E-002  5.523124346743844E-003
   52029.7859741068       5.315274809259422E-002  6.038247531529291E-003
   160066.815057280       5.360751659708379E-002  6.552679379237284E-003
   71477.2650220610       5.406400450425262E-002  7.065844320821907E-003
   62316.1173055410       5.369112357438534E-002  7.548367541035018E-003
   96369.8914164387       5.331804617839876E-002  8.030800995592183E-003
   80426.6647886651       5.294537736467151E-002  8.511805670613954E-003
   81997.0746118573       5.782993252081639E-002  9.249846642557923E-003
   171653.493247168       5.836132464561970E-002  8.749323000392025E-003
   401792.290079422       5.889221473196383E-002  8.248399922400746E-003
   247624.776946270       5.942278715224163E-002  7.748169325157053E-003
   32675.3312653060       5.995261977255022E-002  7.246399912713145E-003
   46330.3747234697       6.044411367992169E-002  7.656900277712458E-003
   172250.611585766       6.093632867375344E-002  8.066227946558207E-003
   224605.724683076       6.142755960628878E-002  8.476311738647805E-003
   128861.251595467       6.191843455522383E-002  8.886434978251092E-003
   161247.437938495       6.254199509894856E-002  8.141019188264948E-003
   109527.668506537       6.205064986415187E-002  7.730468218168769E-003
   170283.652714071       6.155934863241888E-002  7.320272020308235E-003
   330870.495963804       6.106911534479915E-002  6.909168542609484E-003
   128709.291734487       6.057877946568929E-002  6.498665129508984E-003
   89722.3915665052       6.099497431999264E-002  6.053179025834538E-003
   151403.178569934       6.140900588439004E-002  5.607133257497812E-003
   31003.2491045889       6.182415103152576E-002  5.161264706908163E-003
   32521.5909564031       6.223896764570638E-002  4.715242650077786E-003
   91371.3408058699       6.092787890756007E-002  4.412083246450578E-003
   38606.0622149951       6.056287145275884E-002  4.899789933639797E-003
   103842.986980482       6.019750838958619E-002  5.386108773338947E-003
   378075.782745670       5.983284832029253E-002  5.873859480586764E-003
   338601.973543324       5.939809317857554E-002  5.457657120360019E-003
   237441.637481013       5.896340023660065E-002  5.041945510843155E-003
   130650.634084479       5.852841251200403E-002  4.625046994412040E-003
   321752.054471652       5.775178003340815E-002  5.548506029168699E-003
   253669.123269199       5.823670197462912E-002  5.905824770208299E-003
   185979.049247077       5.872082106726746E-002  6.263304517874514E-003
   52424.1473486146       5.920635338460006E-002  6.620588845188912E-003
   82752.6795253527       5.880451479436401E-002  7.228890539325671E-003
   59221.4530982258       5.840329410918881E-002  7.836994833600602E-003
   372986.437234018       5.800021435273057E-002  8.444898359807811E-003
   87877.9175942122       6.328640091915688E-002  8.763719003257467E-003
   68082.8446078063       6.369908843623935E-002  8.282725142793212E-003
   216491.464381946       6.411128974124196E-002  7.800243758394091E-003
   145641.206728957       6.452483161236312E-002  7.318624060369435E-003
   40011.4746717146       6.493695268024030E-002  6.836461553415734E-003
   51423.2511936159       6.535934830516185E-002  7.242506698244160E-003
   122692.639003119       6.578144147027110E-002  7.648892399581872E-003
   85773.6229633481       6.620371548178884E-002  8.056093289358759E-003
   30467.6221723355       6.662675949256454E-002  8.462312780697536E-003
   138416.788720357       6.749924811357734E-002  7.416141019396531E-003
   129744.960033149       6.702347660658124E-002  7.072963423793101E-003
   124680.617981523       6.654691599777157E-002  6.730843983361360E-003
   255306.912894346       6.607131810743459E-002  6.388809818115454E-003
   128914.339264378       6.559626205591683E-002  6.046361656530737E-003
   48684.7177152009       6.599935004677432E-002  5.578739881300140E-003
   87943.5599753273       6.640143046240528E-002  5.110674108871824E-003
   15654.4929098447       6.680444405240850E-002  4.642728134891524E-003
   13139.0824418087       6.720644358174972E-002  4.175145805072162E-003
   69466.7844386410       6.596749796342556E-002  3.946247401976829E-003
   25791.1220322917       6.558079513584200E-002  4.427844710489071E-003
   25923.3226192424       6.519394900734528E-002  4.908098135274849E-003
   274189.159034968       6.480746854684195E-002  5.388449162473451E-003
   267977.503443682       6.436331145423571E-002  4.983877364872474E-003
   210492.676830640       6.391908237638370E-002  4.579160632936546E-003
   64000.6462952808       6.347459116357906E-002  4.173401053839802E-003
   294636.186231966       6.271614221656836E-002  5.080501040219832E-003
   193440.318578661       6.319401777159836E-002  5.446241809878925E-003
   156147.908893003       6.367104094164414E-002  5.812022282410640E-003
   127146.321768323       6.414834900533610E-002  6.177662598887313E-003
   86113.6977414024       6.374713124573705E-002  6.667983509544736E-003
   58825.6439492953       6.334592756731691E-002  7.159444229557649E-003
   266515.610166910       6.294321228630372E-002  7.649882276297564E-003
   74803.1791636840       6.854443103197853E-002  8.287066813230395E-003
   64850.8136277514       6.888812596080106E-002  7.806387999577508E-003
   156372.897629903       6.923009537946206E-002  7.324260697916344E-003
   212640.192375564       6.957240019002282E-002  6.843122404280116E-003
   73342.9062325177       6.991472707483140E-002  6.360893797707752E-003
   232752.454052014       7.047339190250627E-002  6.760137702619958E-003
   22402.7934742764       7.103195444246721E-002  7.158146063306501E-003
   29680.5355178017       7.159066216513012E-002  7.556534965758917E-003
   16880.2077938492       7.214758529954231E-002  7.954070563225430E-003
   40726.0973117955       7.253181085643284E-002  7.491683933500668E-003
   43901.8281636167       7.203728645200250E-002  7.017482322010508E-003
   28639.3281419314       7.154186598421063E-002  6.542854862770990E-003
   189440.199535619       7.104779567361268E-002  6.068155593544722E-003
   153340.798042166       7.055369446831473E-002  5.592836264166077E-003
   87202.0510471759       7.095666105723168E-002  5.063606967580998E-003
   165969.923898805       7.135817059178422E-002  4.534165589460983E-003
   140251.756593161       7.176060612916274E-002  4.004580868698498E-003
   120592.526843465       7.216193620250574E-002  3.475036732219893E-003
   126341.476475339       7.112768877560895E-002  3.478663767800603E-003
   89144.6815592308       7.068080160212419E-002  3.971064660573987E-003
   128699.982669107       7.023368379541735E-002  4.462238433906381E-003
   109512.629161476       6.978676946405622E-002  4.954478843997404E-003
   63241.9303207657       6.931913568895795E-002  4.546438644171721E-003
   88710.9207717882       6.885171596034637E-002  4.138964833974443E-003
   44656.6201198542       6.838398718675547E-002  3.730522706886982E-003
   157810.395404567       6.769125145897721E-002  4.561478949523243E-003
   57819.0530362929       6.817686351490840E-002  4.948201766272137E-003
   64528.2725818261       6.866166187398333E-002  5.335012083637237E-003
   132766.027307184       6.914750310032398E-002  5.721883186984572E-003
   116857.141040726       6.873505675811699E-002  6.145156684414411E-003
   147714.237055954       6.832330878728694E-002  6.568251376120073E-003
   280180.605233183       6.791039837622111E-002  6.991358355785617E-003
   39932.7593405996       7.299377080258675E-002  7.875825472457874E-003
   174057.996087542       7.347846994830848E-002  7.484975960072805E-003
   225449.995363124       7.396426459966407E-002  7.094774714165092E-003
   213462.719364268       7.444984282339112E-002  6.703370914267560E-003
   74358.7906290782       7.493526160632955E-002  6.311795859670703E-003
   137510.075511898       7.548934984374595E-002  6.606501703877415E-003
   43798.5282786049       7.604428437894367E-002  6.901305292052300E-003
   38514.1971140003       7.659825614603916E-002  7.194852653895837E-003
   35469.7840981053       7.715316247382188E-002  7.489092201970342E-003
   17019.1122537569       7.751594734068863E-002  7.051285853352804E-003
   9093.23164447927       7.712329082372638E-002  6.560979500851725E-003
   33730.5014255675       7.673200738467292E-002  6.071568147112621E-003
   101702.967414811       7.633975878858151E-002  5.581211703079149E-003
   68578.2183372937       7.594811154227793E-002  5.091406103368707E-003
   21574.6511651757       7.625800422093323E-002  4.695039854253072E-003
   46367.2639619811       7.656768513500480E-002  4.298540395914753E-003
   36078.8011364431       7.687639948773244E-002  3.902175184225964E-003
   28888.2898473559       7.718621914380275E-002  3.506756817616579E-003
   50381.4403901999       7.572622665676147E-002  2.947585990765490E-003
   39081.2862040422       7.539356691326407E-002  3.324098688352281E-003
   54213.8799925965       7.506097626957264E-002  3.701551865195633E-003
   43634.4034561506       7.472855754898577E-002  4.079139914831565E-003
   30808.7972644307       7.420883479532663E-002  3.780971107825001E-003
   80108.1479903533       7.368918907750378E-002  3.482722023910610E-003
   38656.8017834990       7.316957632700993E-002  3.185575539027579E-003
   87785.6789458035       7.255075669540251E-002  3.930800374750618E-003
   7850.00876018455       7.293837470791109E-002  4.386966345394744E-003
   27456.7150647853       7.332709529518254E-002  4.842935231244971E-003
   1297.76438753359       7.371575807503671E-002  5.298979218613409E-003
   19482.9378814051       7.341998055195055E-002  5.847422133587001E-003
   13739.0366176628       7.312392440774559E-002  6.395781655547191E-003
   125948.505877110       7.282853297891299E-002  6.944022685883981E-003
   37636.3510668037       7.795346206676164E-002  7.413979533075706E-003
   23008.9298239583       7.843295027218183E-002  6.898572462578694E-003
   137240.337361190       7.891182378867927E-002  6.384159694433069E-003
   163289.316640406       7.939156354318094E-002  5.868370315759694E-003
   50755.2606623029       7.986999237274610E-002  5.352231665453970E-003
   72032.3360950733       8.030578222299030E-002  5.781886537855346E-003
   37016.3361052282       8.074240316209887E-002  6.211232453928989E-003
   121404.886286365       8.117768430205413E-002  6.639653948198734E-003
   75546.4637942267       8.161289259964137E-002  7.069073795518508E-003
   19677.1959307711       8.244872984282467E-002  6.059299117942838E-003
   92149.7818167126       8.194467860644436E-002  5.712033580813102E-003
   15274.0342670781       8.144147854939231E-002  5.365161139858294E-003
   87464.9932012763       8.093728835589778E-002  5.017619140270409E-003
   11485.0771652497       8.043362626201167E-002  4.671060294207829E-003
   70879.7533558210       8.085685282839607E-002  4.159493929148517E-003
   82290.2279027622       8.127996481967219E-002  3.647748309581728E-003
   22522.8123966591       8.170227456577213E-002  3.136118507759424E-003
   16119.2198555402       8.212528276446922E-002  2.623961928631229E-003
   60428.7484675324       8.102594750513940E-002  2.575762259791996E-003
   15147.5387220489       8.060166535883546E-002  3.085605382434641E-003
   125800.116008783       8.017727046232842E-002  3.596409193781500E-003
   93171.4207910490       7.975316880286779E-002  4.107643898665280E-003
   70429.1195986765       7.934515180056789E-002  3.675140531955228E-003
   87836.8039751909       7.893725291064309E-002  3.242489244747720E-003
   36289.0694864816       7.852946853328452E-002  2.810786319064416E-003
   39497.3752451633       7.768719010095583E-002  3.826445023056146E-003
   10145.1509911699       7.818716286954470E-002  4.147344775941119E-003
   34138.5269961105       7.868822734088940E-002  4.467968951469207E-003
   14806.7196626636       7.918931616739454E-002  4.788489814621964E-003
   12945.2568408419       7.877121382894413E-002  5.353717011083907E-003
   34372.3886677067       7.835270730538167E-002  5.919759001911169E-003
   154648.726525045       7.793473646752466E-002  6.484711291590152E-003
   28755.3298123254       8.345841734127861E-002  6.895225958628517E-003
   6960.59958111193       8.381410771917390E-002  6.479254282550934E-003
   69949.5557384667       8.416983817273122E-002  6.064131330660566E-003
   21627.7994526189       8.452659742110015E-002  5.647926949715102E-003
   8976.84788960579       8.488200136485262E-002  5.231375089658584E-003
   64160.4001370730       8.535883641419321E-002  5.568641744251601E-003
   105999.333303404       8.583454471247332E-002  5.906202569795728E-003
   110953.444833409       8.631118914789068E-002  6.242622359934895E-003
   59742.6889563909       8.678800596600687E-002  6.579960879997974E-003
   131458.979478766       8.744497638334653E-002  5.785349141191463E-003
   94215.5098717128       8.702420549543601E-002  5.380430406708045E-003
   82411.0370131819       8.660438934655264E-002  4.975400434168786E-003
   99030.4511663834       8.618361947333421E-002  4.571447700317857E-003
   25686.9219554077       8.576290051511465E-002  4.166311272565491E-003
   27451.3857148036       8.609843462576443E-002  3.666316602905398E-003
   42362.0825869349       8.643338575694121E-002  3.165074703214656E-003
   112243.993467854       8.676744811584899E-002  2.665062728396107E-003
   64117.0286214354       8.710218616740403E-002  2.164859696386734E-003
   50571.1066337295       8.598224386495629E-002  2.016619903650161E-003
   64614.1721615508       8.555457411956384E-002  2.439271624425724E-003
   31881.0106595824       8.512586748528070E-002  2.862749761062245E-003
   115348.677478798       8.469835650735252E-002  3.286243427915742E-003
   153080.195865217       8.419482619106801E-002  2.951319751853768E-003
   143423.224261524       8.369122102228817E-002  2.616631017367286E-003
   163557.555726669       8.318780098192474E-002  2.282947754741261E-003
   85823.0130726918       8.254864363791210E-002  3.055724467087758E-003
   82477.6629395202       8.297101180510623E-002  3.487577094914904E-003
   63078.8255802770       8.339436637122757E-002  3.919328376934750E-003
   138419.536269367       8.381787050737599E-002  4.350943061110815E-003
   24715.1960997379       8.347522483569665E-002  4.777601928953392E-003
   10924.1923830798       8.313290399424532E-002  5.205507611970337E-003
   51415.6177242931       8.279127632224947E-002  5.632265926796955E-003
   12413.7984678283       8.823932860742689E-002  6.441833493953834E-003
   39113.8633512163       8.864612819139721E-002  6.037458704160180E-003
   27684.8156726646       8.905243597259599E-002  5.631912983114879E-003
   68710.8655770638       8.945793587579220E-002  5.227640620594331E-003
   57245.1884610885       8.986421141643276E-002  4.823131059641579E-003
   106991.263156072       9.032153837333143E-002  5.145120177775379E-003
   114148.455915573       9.077883848023188E-002  5.467175065841563E-003
   80151.2909412720       9.123628016163590E-002  5.790205110078058E-003
   67806.9475630633       9.169360606824666E-002  6.112303145054075E-003
   94936.9580881212       9.241438744113836E-002  5.239856637148193E-003
   122562.880159909       9.201203047334718E-002  4.851495252104176E-003
   83302.9475392621       9.160872439626412E-002  4.463059575370042E-003
   74017.4371382603       9.120635047018781E-002  4.074519493224153E-003
   5856.17979941547       9.080395819913589E-002  3.685933577651237E-003
   53040.0315414674       9.112848325376663E-002  3.250384233615714E-003
   15067.3285827387       9.145259045432169E-002  2.814592312024440E-003
   47699.3672734397       9.177778449237012E-002  2.378833080622760E-003
   16182.5514408544       9.210179286492670E-002  1.942161683938346E-003
   39617.1487424702       9.076718427582418E-002  1.543736920029569E-003
   11095.8322446364       9.040058501084412E-002  1.945383383574396E-003
   30177.2795409830       9.003382424869978E-002  2.345901191001116E-003
   119795.232723699       8.966739362033786E-002  2.746679043153174E-003
   153232.247303331       8.916939550140195E-002  2.428568656039713E-003
   161836.695305701       8.867049776567036E-002  2.110364098447660E-003
   146980.179207996       8.817249297769424E-002  1.790998919219572E-003
   120526.655570686       8.750805542073066E-002  2.594258844552718E-003
   72312.5580828239       8.791503829565633E-002  3.023694743355221E-003
   50112.2128480035       8.832126746879958E-002  3.454241351321300E-003
   24348.2964072363       8.872747643833015E-002  3.883827132030324E-003
   56948.6517635511       8.840682978755125E-002  4.359334641770796E-003
   16363.6557725094       8.808644319301702E-002  4.834033289606865E-003
   19036.3648011175       8.776507846545059E-002  5.309676671263427E-003
   86380.0616349695       9.328605719985116E-002  5.959954938892509E-003
   120256.942288636       9.366586935185998E-002  5.461240767483455E-003
   51370.8642947904       9.404540818616645E-002  4.962235441447738E-003
   66443.1960595223       9.442508999824513E-002  4.462234952472814E-003
   25924.6328818107       9.480482480335686E-002  3.963002122260900E-003
   49539.9788293054       9.524937178560451E-002  4.383403125764860E-003
   31160.0534790046       9.569293133771112E-002  4.804403624329876E-003
   171673.304399796       9.613697953384918E-002  5.224339102175945E-003
   93342.7621040220       9.658076269533565E-002  5.644273452822633E-003
   37405.9631061076       9.738503529105433E-002  4.670903168871400E-003
   161444.606312618       9.688760770706724E-002  4.314332591328194E-003
   36279.7333705168       9.638995042035875E-002  3.958492736604905E-003
   55283.0501154949       9.589157629051784E-002  3.604020275768028E-003
   74372.2768630590       9.539448464193853E-002  3.248627798064073E-003
   151032.669288177       9.581393958455199E-002  2.787620279411627E-003
   25688.5507789698       9.623441048264299E-002  2.326314572837876E-003
   20721.4517703877       9.665413612179963E-002  1.865076775925303E-003
   2128.79995948966       9.707364770304984E-002  1.402537729964656E-003
   16054.9572583653       9.580546499057910E-002  1.162497075521048E-003
   4241.68509334369       9.543053472974192E-002  1.660701089172581E-003
   143254.691123856       9.505551778038512E-002  2.159959899706696E-003
   86405.1668210470       9.468078464361260E-002  2.658838932602633E-003
   55728.2858101649       9.423608199400049E-002  2.238240644443172E-003
   57081.2965023558       9.379131717832002E-002  1.816615579168757E-003
   73791.5450245231       9.334669492735861E-002  1.395938808031913E-003
   29168.6598413017       9.259880082390187E-002  2.300778691665507E-003
   48137.3979939380       9.309577611818889E-002  2.658271043967964E-003
   58420.2995224554       9.359374702256253E-002  3.015624012026775E-003
   27458.6666738804       9.409070663147995E-002  3.373028128926541E-003
   6065.32961198585       9.367198150390384E-002  3.839516255878887E-003
   25500.5117857209       9.325207125282647E-002  4.306145923976756E-003
   150204.233118855       9.283300080912261E-002  4.772697706594385E-003
   338525.723387801      -1.816063264796406E-003  1.749341994938666E-002
   571888.495875839      -1.359504893355740E-003  1.696305849129555E-002
   285579.819194812      -9.001208647540608E-004  1.643361840494306E-002
   2017633.19693503      -4.375371324628506E-004  1.590259778123677E-002
   1146408.14778234       2.574270404726377E-005  1.536787803644788E-002
   1839392.86943794       4.830055357862505E-004  1.589534568319423E-002
   230670.427867503       9.364611586928545E-004  1.641917205398754E-002
   68371.7998839739       1.385327637299368E-003  1.694282831282766E-002
   320007.808399398       1.823981226049365E-003  1.747201571870773E-002
   1851832.05229029       2.568350214919229E-003  1.672642154074393E-002
   2084741.79996843       2.024274570577831E-003  1.628826950901852E-002
   2284517.17544833       1.477783765081889E-003  1.585340175509877E-002
   874777.307330247       9.278305720332564E-004  1.542619795951741E-002
   396323.540338231       3.847496494621914E-004  1.500018091391169E-002
   634127.563178740       9.184924296537733E-004  1.452470083355939E-002
   804013.359851023       1.458928013110405E-003  1.405009098826619E-002
   2184995.18169478       1.997295220487550E-003  1.357107835035353E-002
   1091018.99114316       2.533965051634631E-003  1.308769786866845E-002
   837066.388018477       1.465935855195415E-003  1.304022147547434E-002
   375387.323682779       9.860985213019156E-004  1.357111852424105E-002
   899760.941770768       5.029762378024098E-004  1.410323976902750E-002
   888681.598519353       1.927222178897051E-005  1.463897392715512E-002
   875271.095855824      -3.902683884766598E-004  1.410843553745251E-002
   120896.076104957      -7.960650822623570E-004  1.357734040407998E-002
   199827.070641998      -1.198743993516010E-003  1.304634583141880E-002
   1311532.81124388      -2.499672505488851E-003  1.341261226927372E-002
   1530152.18382946      -1.962144282452250E-003  1.381370761980953E-002
   1673214.49679010      -1.422899670781458E-003  1.421358970857206E-002
   1236275.89491097      -8.807069107587140E-004  1.461041434206175E-002
   1024779.06386485      -3.405135574423781E-004  1.500559006076194E-002
   144940.837840394      -8.742314586209284E-004  1.545695457504290E-002
   1103349.83303703      -1.416198598642521E-003  1.590639936395153E-002
   1678044.94808956      -1.957069034333435E-003  1.635861230584460E-002
   1460588.06819926      -2.494891270660555E-003  1.681623201456544E-002
   138565.116937989       3.309498050335284E-003  1.746969820122787E-002
   2565615.57277699       3.752599739258812E-003  1.715440475903533E-002
   2961074.51783982       4.198732412240616E-003  1.683593496625100E-002
   4051838.14020933       4.642628445381883E-003  1.651422901558505E-002
   2017308.08696414       5.088044234324054E-003  1.619279553010913E-002
   4598947.85770302       5.638437858940065E-003  1.649980446020220E-002
   3605183.04948193       6.189829247558847E-003  1.680659799059808E-002
   4533443.39423580       6.745325854043295E-003  1.710526759440208E-002
   685264.260532895       7.298153690785227E-003  1.739674863069173E-002
   2833379.52917066       7.646019782139796E-003  1.701720153344905E-002
   99541.7501344632       7.294506766703844E-003  1.650103460547746E-002
   713602.964573545       6.954818431897150E-003  1.598481732292500E-002
   1961403.77402843       6.621800412841645E-003  1.546593532339299E-002
   595547.350626551       6.299222274148109E-003  1.494080310621229E-002
   731009.086932331       6.614045964133012E-003  1.457482090682254E-002
   1215847.61616581       6.929566928001407E-003  1.420797269931810E-002
   2402049.51839228       7.246224139839224E-003  1.383836770804832E-002
   1910640.20629235       7.564335286065904E-003  1.347028712923137E-002
   73643.3981987385       6.139853541933261E-003  1.276443105332207E-002
   987783.394680304       5.778557285868954E-003  1.308667918687599E-002
   1402786.27023130       5.417711570148673E-003  1.340901618552279E-002
   778173.669073610       5.056620932724985E-003  1.373267956409936E-002
   1732718.72507244       4.570775060810930E-003  1.342034741805549E-002
   1435314.65451382       4.084492951242199E-003  1.310946110928578E-002
   1333233.37951851       3.597793565059537E-003  1.279979176564656E-002
   823413.365339240       2.865290719648776E-003  1.356129177128787E-002
   235326.984213318       3.194763631868885E-003  1.403262094275648E-002
   271755.489365279       3.521427398795786E-003  1.450348280271848E-002
   174211.829328691       3.845766522808504E-003  1.497520342431998E-002
   903572.997935974       3.534364150231667E-003  1.541495162807884E-002
   311822.529715703       3.215681346754747E-003  1.585075580695048E-002
   1267738.73670056       2.893352776080908E-003  1.628830814815649E-002
   101569.671661152       8.019671479593109E-003  1.736726926916899E-002
   1794099.68581295       8.549291605492261E-003  1.698123320183626E-002
   3297789.12793481       9.088487304737282E-003  1.659001831098108E-002
   4194173.55019446       9.625973121479255E-003  1.619079064332635E-002
   1827712.77779149       1.015859278659300E-002  1.578389915162348E-002
   2291873.36290666       1.050951138232651E-002  1.615595512039635E-002
   535944.071805464       1.085823151320441E-002  1.652522808309849E-002
   556007.441065715       1.120332837488542E-002  1.689393124283950E-002
   675407.179165339       1.154486456499321E-002  1.726171509518580E-002
   1990315.64233134       1.268874676956902E-002  1.603380429675345E-002
   2822299.14436384       1.228349343364299E-002  1.571993396867414E-002
   1873262.45284291       1.187714840613336E-002  1.541005461198994E-002
   379933.370442522       1.147291536622995E-002  1.510232528830555E-002
   267298.739456480       1.107262337806724E-002  1.479572294542958E-002
   1771574.44430943       1.144377208970804E-002  1.426308065868681E-002
   649716.013448734       1.181987366232625E-002  1.373425642851111E-002
   1239036.50753870       1.220566854538065E-002  1.320699374761825E-002
   1965445.84666214       1.259712681302780E-002  1.267423117348397E-002
   1627270.51468157       1.167866607662907E-002  1.268082002335161E-002
   2901092.80818870       1.114604986769540E-002  1.307305228374449E-002
   3497237.50322398       1.061716605310959E-002  1.347193532847150E-002
   1015250.20903379       1.009317421846908E-002  1.388069440978546E-002
   1067384.71648673       9.712424750082561E-003  1.350840226586096E-002
   267275.945534848       9.334469833228850E-003  1.313774604304736E-002
   530725.697099171       8.957532533242760E-003  1.276732583788131E-002
   2077868.11435749       7.968491241523696E-003  1.382197525524562E-002
   1685404.29256135       8.372440602090135E-003  1.417310258344581E-002
   523450.463614094       8.775525699980713E-003  1.451955563939200E-002
   96274.9406814802       9.176586477360435E-003  1.486543356632000E-002
   1416115.10256350       8.806968300595420E-003  1.540438621575135E-002
   50803.1329239494       8.428332625934025E-003  1.593937493661027E-002
   2535524.38223893       8.039911059006312E-003  1.647251471304380E-002
   1310419.75064300       1.391280515361417E-002  1.718224601737583E-002
   1422281.70255855       1.422192439774756E-002  1.660000797288235E-002
   1816098.18729915       1.453809877805336E-002  1.602140878767331E-002
   1096781.37086595       1.486508925770870E-002  1.544872588750275E-002
   2667748.05281270       1.521074520376360E-002  1.487394476227599E-002
   3807206.42165824       1.572006759787132E-002  1.543338549831158E-002
   233799.710261563       1.622524788621884E-002  1.597691386439216E-002
   500143.368954309       1.672087026683101E-002  1.652497434726295E-002
   73228.0148813633       1.720712437985080E-002  1.707851162607916E-002
   967340.810254335       1.783239275230226E-002  1.640182156517075E-002
   2771755.78756558       1.722676299547504E-002  1.596187558729095E-002
   2953441.43349691       1.661404810184228E-002  1.553063122359753E-002
   536048.384725034       1.599726462404519E-002  1.510890876154491E-002
   2846890.10416099       1.539538230514371E-002  1.468405851437343E-002
   4275159.85489593       1.597462995870190E-002  1.437062587441514E-002
   2517261.35124064       1.654830129419032E-002  1.405246543638024E-002
   2587869.01528680       1.711830828535322E-002  1.372896675212504E-002
   1320656.02556474       1.768745697278323E-002  1.340770600095660E-002
   942569.721828110       1.604047922947264E-002  1.274168286094046E-002
   530961.679740405       1.576850787614120E-002  1.332997791308937E-002
   663368.352244245       1.549404357746867E-002  1.391567114834169E-002
   1121998.13401850       1.520751099704003E-002  1.449916977869957E-002
   2599897.91663515       1.464465310973196E-002  1.393515288992080E-002
   260191.497575858       1.407866784965994E-002  1.338863753503368E-002
   635244.466034898       1.351951315303868E-002  1.283855251976012E-002
   1706356.02554086       1.319958571470717E-002  1.318813169445356E-002
   2006728.97247445       1.381081586357310E-002  1.369117578675537E-002
   396297.811827793       1.442441286675055E-002  1.418485132350387E-002
   1821229.50283880       1.502356045947356E-002  1.468732519691912E-002
   4545997.60107035       1.443506162776792E-002  1.500756466767027E-002
   4995530.55833977       1.384650242979877E-002  1.534206528395736E-002
   3836116.60124225       1.326480568046062E-002  1.568548299180084E-002
   414527.915420025       1.850758582450701E-002  1.702870638829565E-002
   1754419.05949616       1.895916839845369E-002  1.666035873484912E-002
   2342870.41374360       1.941240953682355E-002  1.628803183096707E-002
   3332960.94567293       1.986414546412835E-002  1.591209620871801E-002
   1528329.40187849       2.031590214432048E-002  1.553457200645448E-002
   3061300.69591062       2.080200710066418E-002  1.585966421104350E-002
   1790642.59552892       2.128705534638112E-002  1.618366382897410E-002
   1193862.50453684       2.177130299515584E-002  1.650432473515458E-002
   443573.980512143       2.225208449084624E-002  1.682290568334436E-002
   1643973.35526800       2.287760559699413E-002  1.611234094745407E-002
   1384407.92484925       2.248708307547990E-002  1.567940028816623E-002
   361119.772851669       2.209896334046355E-002  1.525014202457253E-002
   939945.955276757       2.171460641232798E-002  1.482087351139451E-002
   244667.236739192       2.133692480205590E-002  1.438779255116461E-002
   244712.050152737       2.166616623218437E-002  1.390218917359982E-002
   412737.169772636       2.199701795086460E-002  1.341632953413603E-002
   1679648.11202988       2.233093318025779E-002  1.292948182667566E-002
   1325927.68602462       2.266578106222495E-002  1.243935462949960E-002
   563005.431958167       2.156076609531990E-002  1.223122354367947E-002
   1433993.18160848       2.110614841496922E-002  1.260828790596313E-002
   1835218.61790362       2.065126712226607E-002  1.298633524554897E-002
   618560.061349942       2.019778993584684E-002  1.336733650246550E-002
   834396.437787116       1.988052624307876E-002  1.303074415739053E-002
   179245.356874751       1.956536005864946E-002  1.269470512592111E-002
   252850.616553765       1.924963906258724E-002  1.235864152980583E-002
   1271695.02069100       1.806085278156259E-002  1.368216035342525E-002
   1244487.94202720       1.843330560948999E-002  1.395886659117298E-002
   712647.594689908       1.880484368567467E-002  1.423285357272320E-002
   230199.913577100       1.917532396914443E-002  1.450734837156034E-002
   1166091.22564344       1.884780805324765E-002  1.498306158200036E-002
   115795.661139438       1.851320628323473E-002  1.545528301273835E-002
   862404.967486204       1.817407311201290E-002  1.592762359066055E-002
   54228.7617471485       2.358551879632743E-002  1.674144339249916E-002
   659813.910596654       2.402591440680496E-002  1.641715542125462E-002
   1414392.87958854       2.446954056849225E-002  1.609252355488716E-002
   1906870.88282099       2.491447803497027E-002  1.576414254542481E-002
   1160852.13578673       2.535883142678461E-002  1.543424933821489E-002
   1880221.39722253       2.585059897587679E-002  1.570920202064390E-002
   1451072.39471454       2.634355763994988E-002  1.598348767282567E-002
   701205.225905147       2.683551025472889E-002  1.625392098253038E-002
   224316.821527589       2.732536365969296E-002  1.652279000596278E-002
   770810.494786602       2.790328095931156E-002  1.586573684581673E-002
   846128.416369285       2.756391031083227E-002  1.541789760195610E-002
   185511.477580063       2.722806641007997E-002  1.497216458754635E-002
   754228.660496807       2.689372179390439E-002  1.452530481751098E-002
   369651.144081720       2.656372188692509E-002  1.407755577690716E-002
   189137.073471253       2.684480207284436E-002  1.366472852871506E-002
   324934.415603835       2.712841387265614E-002  1.325175689148896E-002
   1108947.97599280       2.741240611174968E-002  1.283911796452891E-002
   1026294.38463804       2.769853507866344E-002  1.242401776353048E-002
   474509.365470331       2.636167051265628E-002  1.189526035928928E-002
   1098365.61620542       2.597877127126621E-002  1.221882882188320E-002
   1489759.49026483       2.559451033740176E-002  1.254491173460420E-002
   999956.772207011       2.521046044724623E-002  1.287168058644630E-002
   1674235.44452691       2.471935385392957E-002  1.259607217235561E-002
   1234981.71605601       2.422761807352638E-002  1.232196432439144E-002
   925548.087558635       2.373588437434433E-002  1.205196617294633E-002
   726531.158601673       2.300608962636414E-002  1.288773007763902E-002
   73293.5437441924       2.334157857537483E-002  1.333413570615693E-002
   626397.649658963       2.367576927807011E-002  1.378012830999936E-002
   573155.382786672       2.400650662851173E-002  1.422719799987456E-002
   391677.402403512       2.372847898954501E-002  1.469762714710109E-002
   338913.179229802       2.344689867858928E-002  1.516781448430213E-002
   1501843.68433259       2.316393188312199E-002  1.563800169924359E-002
   401046.917971248       2.855897777953856E-002  1.644514629467142E-002
   263005.343169453       2.900088347862414E-002  1.595931732068590E-002
   616894.601606629       2.944805452666184E-002  1.547321702078544E-002
   1671349.29308592       2.989812693650599E-002  1.498575821183953E-002
   1018890.24407992       3.034636058550647E-002  1.449387807906790E-002
   1653688.68265902       3.087902546317364E-002  1.492345642198463E-002
   585148.174303754       3.141214930552388E-002  1.534951711752565E-002
   91534.6865269143       3.194415019391139E-002  1.577399812045809E-002
   333655.729838614       3.247080921111119E-002  1.619891576699530E-002
   727068.989256234       3.294884125603340E-002  1.565515710066476E-002
   1230356.40381488       3.244636339084558E-002  1.518982891231742E-002
   468954.800848477       3.194261826852066E-002  1.472967081078311E-002
   524362.248703436       3.144205898723530E-002  1.427084773693666E-002
   56150.8259234741       3.094710658871708E-002  1.380928297231637E-002
   382277.134959674       3.138415172992137E-002  1.335121920957179E-002
   727011.089278720       3.182355232525161E-002  1.289301546242274E-002
   1196103.56956620       3.226421385872128E-002  1.243405613597484E-002
   751018.180324431       3.270303365717685E-002  1.197184560790807E-002
   147521.832979415       3.147994289486455E-002  1.173979273055806E-002
   346698.519917046       3.107686524173069E-002  1.222864020544038E-002
   786096.197245469       3.067126073322822E-002  1.271724716786937E-002
   679750.575648203       3.026514485780402E-002  1.320764104966585E-002
   805441.448941582       2.983286370740876E-002  1.277113181737538E-002
   40189.4559093010       2.940195922164789E-002  1.233668119851475E-002
   192061.487952649       2.897397730596557E-002  1.190158305714709E-002
   1166082.78718081       2.819072589998724E-002  1.279368586513862E-002
   999068.209166502       2.868367089557602E-002  1.316071074247369E-002
   293396.365306665       2.917561369558896E-002  1.352611879129881E-002
   256060.993537871       2.966511603332911E-002  1.389082016974115E-002
   344674.463290066       2.922969351043261E-002  1.438263565258904E-002
   668965.691978354       2.878872267521813E-002  1.487438916349654E-002
   1565101.27821303       2.834485358490626E-002  1.536745925973628E-002
   107344.147573059       3.349125544721297E-002  1.613440193515115E-002
   923661.513881185       3.396474444643934E-002  1.570778546096561E-002
   1358483.92789874       3.444020326836408E-002  1.528055299383998E-002
   1741862.36116790       3.491463913523821E-002  1.484938841154985E-002
   744766.934772123       3.538758722617151E-002  1.441656599339262E-002
   1162473.89111454       3.582464901262682E-002  1.478222414620339E-002
   273992.288374760       3.626054425123616E-002  1.514827715433269E-002
   147215.298470926       3.669556348261646E-002  1.551187775459090E-002
   296723.092350437       3.712841470828536E-002  1.587670392729854E-002
   696017.780881437       3.794168955499771E-002  1.493422187661109E-002
   814426.102596978       3.751072183918808E-002  1.456027964165956E-002
   371201.529771465       3.708125866400830E-002  1.418803720191958E-002
   409932.554804329       3.665162902619550E-002  1.381718260667815E-002
   48739.9624673237       3.622628751236333E-002  1.344489511872087E-002
   429916.658092597       3.658697305357894E-002  1.289325549144413E-002
   74020.6243274096       3.694994891166812E-002  1.234277322680400E-002
   626477.359310401       3.731430958863395E-002  1.179164559622591E-002
   696444.741077212       3.768095188311952E-002  1.123909620233410E-002
   581148.138242132       3.676167278201212E-002  1.130490622152336E-002
   908337.482944173       3.625954180978237E-002  1.173656226342277E-002
   1174061.26522182       3.575899155984633E-002  1.217084721039689E-002
   178653.295399771       3.525944436671808E-002  1.260695911029353E-002
   325773.117905013       3.479864674797518E-002  1.224170021181888E-002
   128226.301726620       3.433829197618115E-002  1.187614420567770E-002
   133009.522036268       3.387958295616828E-002  1.151228655907830E-002
   353885.328939059       3.313397281916845E-002  1.237400927398344E-002
   270177.809793068       3.356295718364055E-002  1.277484711571051E-002
   143556.510313459       3.399282584980588E-002  1.317534636065832E-002
   213396.235373142       3.442045610030241E-002  1.357605952023254E-002
   469317.065498181       3.405789303729476E-002  1.409650349289640E-002
   52973.2940879215       3.369052422767302E-002  1.461546947165214E-002
   744407.021568220       3.332120459070782E-002  1.513425575102219E-002
   261869.091409681       3.888210187124430E-002  1.574842305760686E-002
   265336.600370321       3.925411835823524E-002  1.526968054042190E-002
   231740.356468930       3.962851251611919E-002  1.479130284687109E-002
   868048.022884454       4.000469420275887E-002  1.431334371881757E-002
   606278.578309153       4.038145904713226E-002  1.383246512294430E-002
   1065274.24272856       4.090365416349858E-002  1.424950476066570E-002
   319998.620411259       4.142491158050666E-002  1.466372099921837E-002
   74230.0733848069       4.194684765184094E-002  1.507690217932240E-002
   249981.192931589       4.246520478234762E-002  1.549042802651448E-002
   361213.349647018       4.297685841957237E-002  1.489705691254880E-002
   549117.330259675       4.248474776896966E-002  1.444655325876872E-002
   114783.155742553       4.199287315625418E-002  1.399747119657177E-002
   547523.071853935       4.150355648228997E-002  1.354986060933126E-002
   162434.723520455       4.101693984648356E-002  1.309922150606733E-002
   385698.274608661       4.144429460588897E-002  1.269081204099161E-002
   604393.558133717       4.187083626925477E-002  1.228171675752082E-002
   785625.540254439       4.229813037743237E-002  1.187161461109519E-002
   477508.451513384       4.272513321473523E-002  1.146078246629261E-002
   176366.581501023       4.132335704004236E-002  1.102769971244548E-002
   39728.4607392052       4.097841849253060E-002  1.150667510363748E-002
   309046.934306131       4.063247032997638E-002  1.198464096769560E-002
   200908.672086282       4.028607930147327E-002  1.246427270857693E-002
   570568.810550466       3.972563235675567E-002  1.204909228884214E-002
   204515.595821662       3.916512640081895E-002  1.163763957150077E-002
   147556.152533598       3.860341068336653E-002  1.122753779249638E-002
   148175.330492712       3.817594435023907E-002  1.172883181165107E-002
   111773.657553921       3.867016562196365E-002  1.221760131620344E-002
   460024.641308509       3.916144691212830E-002  1.270554514618509E-002
   226986.603711506       3.965120174262030E-002  1.319608150358087E-002
   280487.356589196       3.922502239933770E-002  1.362869335414295E-002
   832711.914130253       3.879776121170434E-002  1.406183542089587E-002
   1255179.64244928       3.836923443273630E-002  1.449676456340321E-002
   182633.496874236       4.356920225378337E-002  1.540891332482754E-002
   151866.584453040       4.401918112035726E-002  1.487965383100050E-002
   527543.608218444       4.447237120094204E-002  1.435152089623864E-002
   1197277.34985297       4.492493620274432E-002  1.382097990941321E-002
   547895.173462778       4.537763345758342E-002  1.328878628893100E-002
   650669.676083656       4.577047793815087E-002  1.375416011623744E-002
   149879.610041111       4.616237751070239E-002  1.421965681970765E-002
   353898.578228883       4.655157234044170E-002  1.468437383434733E-002
   48509.8868043462       4.693924838654012E-002  1.515091826780556E-002
   421226.105068268       4.794738231227486E-002  1.397578682082886E-002
   940459.230197761       4.742260847201409E-002  1.366350743773785E-002
   832311.162335672       4.689819751651352E-002  1.335288654423201E-002
   274216.684009328       4.637245944459606E-002  1.304325369672407E-002
   307530.501146623       4.584996559981360E-002  1.273510500058327E-002
   244890.032815743       4.631711526087983E-002  1.233161173581825E-002
   465239.494072806       4.678617929131424E-002  1.192750517863479E-002
   733796.020779024       4.725396008941474E-002  1.152149160960727E-002
   402337.446597758       4.772301413652564E-002  1.111628419658445E-002
   187347.141497753       4.629081391080411E-002  1.069459682801373E-002
   107660.311591964       4.595989096475537E-002  1.121634667444829E-002
   448155.662459820       4.562929061652620E-002  1.173928224426063E-002
   156884.271014349       4.529818436672860E-002  1.226251871842059E-002
   299742.868540147       4.488151130599799E-002  1.179780722857738E-002
   124062.906729387       4.446581631105594E-002  1.133197813951581E-002
   123874.252342187       4.405063684011133E-002  1.086725840627381E-002
   298112.680638333       4.325097509907665E-002  1.179962454323688E-002
   475031.288315947       4.377537358377929E-002  1.213901197798093E-002
   203994.719925064       4.430125652086475E-002  1.247714983630776E-002
   272099.268171159       4.482541070070219E-002  1.281525733364835E-002
   111023.108687321       4.436713653604094E-002  1.333625913060833E-002
   458034.766009884       4.390385971866209E-002  1.385495546754008E-002
   820566.701016146       4.344056161904307E-002  1.437533064353941E-002
   209458.919155492       4.912187083102834E-002  1.498374628722668E-002
   247146.253970617       4.944567113927206E-002  1.460262180849183E-002
   590579.230128719       4.976997825199651E-002  1.422085677618023E-002
   1236701.61210906       5.009539017679355E-002  1.383792307160813E-002
   643535.442559057       5.042103952130577E-002  1.345511083427709E-002
   1338865.56598315       5.086023072364049E-002  1.377700810846894E-002
   687862.155236261       5.129841725596331E-002  1.409903949974698E-002
   575598.990066279       5.173555639838050E-002  1.441965744557450E-002
   229109.243825664       5.217189603363362E-002  1.474050252113741E-002
   754867.715302334       5.296655058238246E-002  1.380235302008905E-002
   673373.132177346       5.257398099988737E-002  1.342581924142393E-002
   413990.773619367       5.218271777286179E-002  1.305067819889207E-002
   180897.369220926       5.179197340249619E-002  1.267539246679803E-002
   264092.767164606       5.140389946846287E-002  1.229857010732774E-002
   34796.6098299372       5.172395289161655E-002  1.182197028508342E-002
   99168.4106202138       5.204422828265028E-002  1.134524290164967E-002
   329452.336927750       5.236486873041522E-002  1.086926903406689E-002
   255512.794060483       5.268572553073105E-002  1.039191503121538E-002
   26114.2629663170       5.151041007034190E-002  1.014106103030942E-002
   199684.088998035       5.109082236904897E-002  1.053237210404641E-002
   297353.700530261       5.067012358673421E-002  1.092407701826822E-002
   118895.719252080       5.024965022514109E-002  1.131632337238964E-002
   240744.537146682       4.985394785710744E-002  1.098913987787441E-002
   190745.248906287       4.945792561995725E-002  1.066299791198447E-002
   216100.015909344       4.906114732968183E-002  1.033719463294670E-002
   298712.531471703       4.810962228029847E-002  1.145427243559005E-002
   256872.144569756       4.849554547386429E-002  1.179364798049878E-002
   175055.304781346       4.888115082124028E-002  1.213165721297532E-002
   94096.2379043721       4.926688777452209E-002  1.246902553077504E-002
   199113.269242874       4.893922682378211E-002  1.284558631109433E-002
   353065.571322823       4.860899686761838E-002  1.322215738431326E-002
   692356.040851376       4.827823931844850E-002  1.359843382997865E-002
   172200.460912752       5.390353504732778E-002  1.459728038639128E-002
   571321.115822284       5.428096243839042E-002  1.419764088434453E-002
   853816.829778038       5.465904727961746E-002  1.379871963781958E-002
   1531794.08754314       5.503801427409883E-002  1.339715700395193E-002
   667732.519444910       5.541787429506321E-002  1.299615587972822E-002
   1310744.33431562       5.581159222747099E-002  1.332975302738471E-002
   450709.421550959       5.620473986980259E-002  1.366466602998209E-002
   200492.925633273       5.659641191687986E-002  1.399734746993471E-002
   163732.471442273       5.698658388627156E-002  1.433121629280045E-002
   772882.459965846       5.795184554032593E-002  1.317843825826301E-002
   829893.041337226       5.754993543194972E-002  1.285395678711938E-002
   525988.786594837       5.714972306739387E-002  1.253021300681440E-002
   194831.303446091       5.674886607586455E-002  1.220673106481696E-002
   341544.879218713       5.635208719791531E-002  1.188254043389899E-002
   344518.045359168       5.667071348134482E-002  1.128321150556996E-002
   31554.6336708732       5.699016541438279E-002  1.068358070467070E-002
   157308.696743385       5.731038424590607E-002  1.008465185166410E-002
   345942.113530651       5.763321718522418E-002  9.484303086161052E-003
   669053.695123435       5.686014245545777E-002  9.701866947605421E-003
   599621.401284553       5.632004354452062E-002  1.011644231762869E-002
   689695.103459985       5.578075605358324E-002  1.053281828860488E-002
   121489.663478421       5.524305712531517E-002  1.094996280770004E-002
   22664.4583228688       5.476338441877455E-002  1.062154827097115E-002
   104145.908650997       5.428366147628898E-002  1.029256741123939E-002
   142644.121673367       5.380538104582509E-002  9.964585512638655E-003
   200923.997413883       5.309199349828127E-002  1.080954590420126E-002
   128766.059154348       5.349700291347868E-002  1.122586051959033E-002
   40804.8839698871       5.390304427958950E-002  1.164262721177553E-002
   133518.274829500       5.430807749938547E-002  1.205917361434445E-002
   166620.232282050       5.397610509517149E-002  1.249523333357780E-002
   464860.019834154       5.364006025435630E-002  1.293034511504365E-002
   853920.482086834       5.330417865162785E-002  1.336527471828771E-002
   156039.823307636       5.910367850210587E-002  1.414511662178429E-002
   101489.691262069       5.942698697183100E-002  1.372185789056043E-002
   278622.007620944       5.975217090915942E-002  1.329995411884180E-002
   801269.504629509       6.007885407269140E-002  1.287626580803285E-002
   448191.749765301       6.040540824599581E-002  1.245301816536995E-002
   848626.489020396       6.081922676742230E-002  1.281140786977757E-002
   263444.726323518       6.123223692425469E-002  1.317064970984529E-002
   101575.685573644       6.164486560955484E-002  1.352793097873445E-002
   17395.2459383900       6.205641140885092E-002  1.388636956224670E-002
   399987.524066119       6.295282313010468E-002  1.281417024986297E-002
   454132.759363391       6.252403489808958E-002  1.247327934349275E-002
   253915.847999451       6.209674517816091E-002  1.213288945322070E-002
   238625.712094783       6.166889279648161E-002  1.179333059753330E-002
   165401.122751222       6.124414079585342E-002  1.145263528059300E-002
   72002.9365636048       6.159825619613789E-002  1.096806136225166E-002
   264248.140186602       6.195313384480092E-002  1.048187241124884E-002
   350446.377481950       6.230762263978461E-002  9.996543318057648E-003
   270732.231828996       6.266274994624972E-002  9.510007078747275E-003
   104576.516856667       6.150131228141217E-002  9.318506963136958E-003
   188662.655621875       6.108352424533523E-002  9.749796410375116E-003
   432653.070156690       6.066431129930405E-002  1.018228248691909E-002
   32548.1227763611       6.024664154389415E-002  1.061478706552378E-002
   218761.686659371       5.964283021972735E-002  1.027184122979940E-002
   111531.879794630       5.903830437735534E-002  9.929139921646207E-003
   94648.0343231584       5.843321934170326E-002  9.589297062972079E-003
   109375.577623514       5.807931895298930E-002  1.001608329262595E-002
   276828.676516218       5.852295122456142E-002  1.054745256606145E-002
   331298.706337499       5.896628699845025E-002  1.107973791921884E-002
   14326.9883058789       5.940760231666415E-002  1.161316345030017E-002
   258712.712950111       5.904534454177355E-002  1.200338698093674E-002
   700110.570864889       5.868072659744047E-002  1.239479375905266E-002
   906320.341545537       5.831693818998087E-002  1.278621452044550E-002
   149980.822504260       6.402395296412208E-002  1.371037012334630E-002
   19946.3928309042       6.436599339660776E-002  1.328381234705160E-002
   309881.729505066       6.470875225381573E-002  1.285703694195195E-002
   548313.893164239       6.505213623611668E-002  1.242989037832718E-002
   327339.974438076       6.539558381448575E-002  1.200184743488746E-002
   637282.631483718       6.594297878991422E-002  1.234972244556821E-002
   234041.249402447       6.649042634551496E-002  1.269686718845848E-002
   105590.181054156       6.703818453254412E-002  1.304215859165597E-002
   139079.253561796       6.758328872759711E-002  1.338700793715106E-002
   283764.098219041       6.799301101362640E-002  1.289377130710037E-002
   84201.0608875782       6.754957825354585E-002  1.242270649978509E-002
   158131.231696637       6.710726500186188E-002  1.195139572773315E-002
   489741.036342610       6.666611806920690E-002  1.147987842148086E-002
   93743.7541325169       6.622717459407809E-002  1.100669052599353E-002
   127752.274476965       6.658853729121877E-002  1.058972322875029E-002
   381074.840836530       6.694969940563018E-002  1.017215700377056E-002
   506118.120890354       6.731105522925125E-002  9.754261852104283E-003
   355390.651068632       6.767225409557361E-002  9.334876274004571E-003
   31757.4517229364       6.627865632182726E-002  8.890658930889547E-003
   162919.169643133       6.593084669781085E-002  9.318819000984826E-003
   386190.839995941       6.558255426625927E-002  9.747040526749635E-003
   60745.6097755360       6.523457110256134E-002  1.017608610257584E-002
   214466.843864161       6.474735130983668E-002  9.822305917089758E-003
   26776.6548913333       6.425923499319353E-002  9.469139159795789E-003
   76074.5335069816       6.377221469697807E-002  9.116595466102766E-003
   16234.0901554029       6.309864400575790E-002  9.924946517155590E-003
   64596.2794990571       6.353395847043161E-002  1.033972023071474E-002
   263016.695254092       6.396899242741683E-002  1.075518439612211E-002
   71398.5930819711       6.440300718722783E-002  1.117012982696739E-002
   206440.834295817       6.404109903334569E-002  1.158034457342017E-002
   438637.080557783       6.367849679410717E-002  1.199089262621342E-002
   706629.028400567       6.331551724618821E-002  1.240198833313000E-002
   91465.9058219708       6.848462594510070E-002  1.330352842762210E-002
   116508.695619764       6.895771159884324E-002  1.284871302427544E-002
   611748.030252481       6.943315020510210E-002  1.239198400487106E-002
   751325.956673142       6.990852637910720E-002  1.193486930586314E-002
   336353.232023096       7.038287298282296E-002  1.147609467242988E-002
   409345.736260353       7.082607949942332E-002  1.184876793775187E-002
   22496.0736848608       7.126854387789512E-002  1.222120549170068E-002
   259038.283890059       7.171039376982852E-002  1.259427085064149E-002
   73838.6642068515       7.215201792558328E-002  1.296647546175183E-002
   231279.294506580       7.294733102242824E-002  1.201123295221412E-002
   512318.326191189       7.249732487573282E-002  1.164461601928012E-002
   263761.354800957       7.204627897376778E-002  1.128044683215438E-002
   100196.167960332       7.159650393995606E-002  1.091701850370702E-002
   25693.4729072514       7.114809943485716E-002  1.055325601741950E-002
   186098.314109039       7.151202324664770E-002  9.999479542258532E-003
   43327.3042459713       7.187661918762667E-002  9.445842225798810E-003
   299399.263629668       7.224326690055799E-002  8.892170405705949E-003
   279452.937611311       7.260943829120201E-002  8.338592026732015E-003
   207282.783466911       7.166851415302920E-002  8.411344105245612E-003
   380881.345006907       7.118766661037358E-002  8.870119160716648E-003
   517944.222622394       7.070694206806626E-002  9.328674365700718E-003
   98772.5822830448       7.022715779443540E-002  9.788483477069334E-003
   122529.907650215       6.980599537809157E-002  9.413203496555575E-003
   100410.269163272       6.938517298865872E-002  9.038256460105133E-003
   82420.0133253524       6.896455872805754E-002  8.662583400990857E-003
   171920.978534526       6.812004102506855E-002  9.679814088705324E-003
   166566.818364351       6.856822281985601E-002  1.002378435613653E-002
   38159.3374438145       6.901539382613919E-002  1.036713908071201E-002
   155192.967730852       6.946203598597701E-002  1.071037711248302E-002
   192724.249576869       6.909729113431623E-002  1.125628415805391E-002
   45697.6241032045       6.873071932330864E-002  1.180162095114507E-002
   614403.914055366       6.836150835713703E-002  1.234710713072281E-002
   172663.587081422       7.390188995512065E-002  1.280686634425044E-002
   122528.162469406       7.427333937183168E-002  1.240273071650136E-002
   350834.478713331       7.464425917143661E-002  1.199827819360303E-002
   625422.391477355       7.501530267918846E-002  1.159318132219748E-002
   320782.158646967       7.538658110028477E-002  1.118769252706609E-002
   665487.998837185       7.588983435772809E-002  1.151204880066308E-002
   385027.429561934       7.639289700639673E-002  1.183609296750859E-002
   183507.299300550       7.689593229068779E-002  1.215914580256954E-002
   86846.6439194166       7.739809375205740E-002  1.248181454269325E-002
   299265.849699648       7.796037353902703E-002  1.180191811283525E-002
   332367.079571526       7.754606870994572E-002  1.137013627081851E-002
   61650.0894752539       7.713236576064195E-002  1.093920600803285E-002
   223103.138245731       7.671940021581505E-002  1.050840409408004E-002
   55312.5509315248       7.630797839515707E-002  1.007664053083947E-002
   84162.4829092689       7.662832129159293E-002  9.521193713324721E-003
   20424.5135858647       7.694872313838233E-002  8.964715184569174E-003
   200944.729030044       7.726965639031942E-002  8.409195027056374E-003
   191050.644421491       7.759076992116914E-002  7.852105658250322E-003
   85402.7182412687       7.666433377973211E-002  7.905318859194160E-003
   195063.132120450       7.617588775259636E-002  8.321607930643090E-003
   246285.950577747       7.568650653183112E-002  8.738305786320139E-003
   50873.3058360257       7.519852347742030E-002  9.155448185502436E-003
   172995.457481299       7.464708887656882E-002  8.834728719409522E-003
   137713.030322018       7.409534953380455E-002  8.514745749800570E-003
   137414.812598824       7.354356196237691E-002  8.195343891703358E-003
   67364.2847491991       7.302708680714332E-002  8.819594057606491E-003
   26189.2533775917       7.344420680134310E-002  9.301292399661668E-003
   85519.1501475270       7.386082841552850E-002  9.783033358700708E-003
   71303.9047112205       7.427714424867746E-002  1.026490837520359E-002
   106378.643601049       7.394586985101564E-002  1.070111245628231E-002
   159072.381875005       7.361332737183984E-002  1.113699357725644E-002
   402396.260261031       7.328032431616179E-002  1.157321774954218E-002
   38466.9565658974       7.864016801040467E-002  1.236531574423350E-002
   101537.525746154       7.906961537728385E-002  1.192138776327384E-002
   156083.955196102       7.950032322678556E-002  1.147855663789779E-002
   326513.071174512       7.993100592143260E-002  1.103416675861189E-002
   175072.254483810       8.036156089991878E-002  1.058919615074789E-002
   224220.704072557       8.073760303232602E-002  1.095842296006990E-002
   67172.8333327734       8.111336704991706E-002  1.132748946607320E-002
   48488.7305224615       8.148779682532503E-002  1.169551869701542E-002
   26583.6038112838       8.186313642445932E-002  1.206434381804949E-002
   110719.558540434       8.289572232356608E-002  1.081736375572947E-002
   228831.878130069       8.246227362595925E-002  1.051752825347525E-002
   133193.321272438       8.202984470957395E-002  1.021905606357585E-002
   11826.0667153687       8.159647721606246E-002  9.919906235933765E-003
   9930.36600621673       8.116361411641686E-002  9.620672016777857E-003
   25773.2158615599       8.152832992348276E-002  9.192326801408942E-003
   84194.5940092754       8.189317686642376E-002  8.762867852098602E-003
   123974.480093031       8.225729712856243E-002  8.334348393584290E-003
   77989.0093035906       8.262223802722134E-002  7.905281287970564E-003
   21267.0165889854       8.125906570530732E-002  7.506404780557443E-003
   42264.7414947215       8.090499557866759E-002  7.942885573688174E-003
   144017.959135244       8.054979673953447E-002  8.380569998526641E-003
   93728.7081280000       8.019563949796621E-002  8.818513133320466E-003
   191278.008486268       7.963558984855344E-002  8.466238291920824E-003
   135819.254642699       7.907426182004895E-002  8.114753283879507E-003
   78060.5482590209       7.851396952415389E-002  7.764785519877667E-003
   88278.6824665223       7.804255148723460E-002  8.336457860255164E-003
   30899.8642505159       7.849278846571223E-002  8.819419217200518E-003
   102858.446958728       7.894356269191306E-002  9.303377023172639E-003
   104829.182477790       7.939373013973422E-002  9.786654366061413E-003
   77750.3158777622       7.903598956714450E-002  1.029027618470140E-002
   100727.991405159       7.867745323610940E-002  1.079375413866045E-002
   227905.199470471       7.831956312974003E-002  1.129750937825095E-002
   40265.8882918055       8.414286525094672E-002  1.185031515396516E-002
   22715.7551242443       8.443893961646501E-002  1.137787984224720E-002
   31990.0824436323       8.473425914967027E-002  1.090460726537030E-002
   124993.566476466       8.503086644983510E-002  1.043213548806386E-002
   96993.3038608858       8.532753680267649E-002  9.959324252880595E-003
   134064.823648224       8.576886581868690E-002  1.036248315819708E-002
   26358.8004973051       8.620905255480969E-002  1.076571557680849E-002
   22747.7457460158       8.665026702918979E-002  1.116971238781723E-002
   64576.6083063531       8.709032974645634E-002  1.157273612475543E-002
   22724.3653524262       8.789953518499312E-002  1.059416672465644E-002
   66150.7704394767       8.742063641519879E-002  1.023768795867631E-002
   23173.6084353081       8.694061638296703E-002  9.880538278226512E-003
   62908.6051936444       8.646176687714985E-002  9.524376728471014E-003
   34390.4763522574       8.598323605126350E-002  9.166987873586368E-003
   22942.3025448111       8.638277342583804E-002  8.684337679015554E-003
   67110.9011575809       8.678237468363667E-002  8.202603555046560E-003
   21939.0227938121       8.718292226732172E-002  7.719765276627385E-003
   11887.6228463215       8.758222683907628E-002  7.236722027096658E-003
   40123.8641593681       8.638852911173980E-002  7.062558379833665E-003
   8528.10286423366       8.598925220743781E-002  7.546262776599184E-003
   43165.0615243229       8.559073358172309E-002  8.028826038889984E-003
   17831.3559907929       8.519123930431154E-002  8.511563594693749E-003
   23258.6708271247       8.475814392512906E-002  8.107495239250723E-003
   16067.8669265097       8.432405312456055E-002  7.703831061811250E-003
   36749.8032119418       8.389101344410771E-002  7.299125985923546E-003
   50285.7805659197       8.310049385976362E-002  8.254812002880878E-003
   23809.8992939568       8.357966839798506E-002  8.604153883498531E-003
   24672.3785842450       8.405785843326519E-002  8.954414216739781E-003
   74857.7408376728       8.453581019841842E-002  9.303557645732463E-003
   49711.4593471411       8.412626144892589E-002  9.681950916859965E-003
   123834.588726432       8.371647512066281E-002  1.006051546976208E-002
   163577.440631946       8.330555488262910E-002  1.043840242971125E-002
   19267.8710888824       8.887820176499173E-002  1.140310841097005E-002
   13748.3980678150       8.923094539125467E-002  1.088447714428426E-002
   65250.1813716086       8.958461598376483E-002  1.036565816322262E-002
   39919.4557683999       8.993738778864405E-002  9.846935735500075E-003
   13884.9389368168       9.029103369247901E-002  9.327897354276037E-003
   18990.0101423794       9.087067497675569E-002  9.757367789944044E-003
   137411.039801007       9.145041316877402E-002  1.018640071417647E-002
   159798.916976146       9.203006664654045E-002  1.061505836391103E-002
   190309.811619421       9.260889017060191E-002  1.104400048230048E-002
   38747.8562381147       9.292983796441759E-002  1.065568439874693E-002
   92930.4944487546       9.239788000678964E-002  1.016854791752781E-002
   109327.615827311       9.186584389547456E-002  9.681903231671417E-003
   189440.500438580       9.133401137812144E-002  9.195309128407398E-003
   16144.1834517174       9.080270983417159E-002  8.708304959010552E-003
   31675.6924841008       9.124364294868738E-002  8.239591325550199E-003
   101482.027740233       9.168434328826958E-002  7.770657234177088E-003
   56000.7513257355       9.212513013189426E-002  7.301734987785934E-003
   49973.4053992704       9.256574751125056E-002  6.832613385460081E-003
   39257.9514088114       9.131618731831036E-002  6.633373157799448E-003
   20468.2734033457       9.093878411724701E-002  7.154506571278599E-003
   118115.030379796       9.056120036238263E-002  7.675571418323998E-003
   109808.332648566       9.018383225541986E-002  8.196969821665630E-003
   86984.6540803520       8.969741033531807E-002  7.758375658127671E-003
   115334.911284359       8.921205287528249E-002  7.319511322655394E-003
   52198.9609693089       8.872563627182126E-002  6.880748425103205E-003
   129721.290213878       8.810474754485910E-002  7.631805668318405E-003
   93640.7977173777       8.862716648288141E-002  8.027047297693723E-003
   122606.496468215       8.914955427034983E-002  8.421212736934174E-003
   31313.7158300492       8.967200392313786E-002  8.816400886618055E-003
   84695.2424676549       8.922890273672046E-002  9.261266855983918E-003
   57851.5455427672       8.878575891051331E-002  9.705211419887515E-003
   88153.9734301289       8.834263430837708E-002  1.015011730803072E-002
   114768.065336363       9.331743196145428E-002  1.097642165043555E-002
   123333.668784713       9.381929897220104E-002  1.058310261026412E-002
   292249.011589394       9.432112565181267E-002  1.019002243717350E-002
   252865.757594469       9.482260837884371E-002  9.795505548490863E-003
   90892.2539356486       9.532371191290205E-002  9.400559467116659E-003
   138927.616787451       9.577448880939610E-002  9.703452556025931E-003
   71659.6446093190       9.622429740232195E-002  1.000571248094164E-002
   355233.438649994       9.667440463273839E-002  1.030676895681352E-002
   199376.531784794       9.712337621019593E-002  1.060820531357624E-002
   77060.1593052191       9.786662215867445E-002  9.708126689103792E-003
   400944.044684160       9.748262557206211E-002  9.324649754377193E-003
   43307.3265230403       9.709913569607195E-002  8.941578134535780E-003
   78519.5723207341       9.671530556207006E-002  8.559673565675160E-003
   107199.309969379       9.633170126993981E-002  8.176964645672004E-003
   250988.269099988       9.663734454330085E-002  7.745099565775968E-003
   30018.2469108383       9.694273820323260E-002  7.313761630423362E-003
   17556.2663985927       9.724766809408403E-002  6.881689221624462E-003
   17933.0044370834       9.755341330926810E-002  6.448960980929605E-003
   136403.783705100       9.621252752218777E-002  6.024894307583452E-003
   148080.001216867       9.584443487655316E-002  6.405102764007941E-003
   342931.089435261       9.547717250655390E-002  6.786317014681980E-003
   54526.0743846464       9.510972270205077E-002  7.168680744448370E-003
   15448.9651964997       9.465354795805074E-002  6.866214973429150E-003
   79850.0570094371       9.419754431017059E-002  6.563697980341802E-003
   136207.785275210       9.374172577570537E-002  6.262319060613993E-003
   29159.1220908285       9.294984568432638E-002  7.222616237430543E-003
   24016.5505593251       9.333292073233239E-002  7.612511524057639E-003
   87020.7748262455       9.371694796401463E-002  8.002196058904596E-003
   41923.0200914106       9.410069362777339E-002  8.392049972227845E-003
   90811.3044305813       9.380848505652606E-002  8.958103730005541E-003
   75951.9539951536       9.351587608849017E-002  9.523985849121262E-003
   135806.646118226       9.322358824335511E-002  1.008954812602816E-002
   521348.796617736      -1.487706233182676E-003  2.247191192865490E-002
   876757.460006911      -1.107631312416172E-003  2.203921541500788E-002
   1968034.09656169      -7.257718622841106E-004  2.160638095840525E-002
   4981929.40866018      -3.412339842634503E-004  2.116888586471852E-002
   2362624.55501009       4.706284880505161E-005  2.073045986120389E-002
   5084807.61761782       4.450080203063704E-004  2.115735278214952E-002
   1102927.38016694       8.381314006358946E-004  2.158005571109231E-002
   1174608.46417940       1.229557166045390E-003  2.199583699826454E-002
   1335987.72714559       1.608888373609123E-003  2.241824343501344E-002
   5186781.87415985       2.602444583140395E-003  2.136799531062722E-002
   2656399.28882043       2.141472262412401E-003  2.101416802060296E-002
   2423584.35868442       1.686619873814356E-003  2.065967359753509E-002
   764671.633731469       1.232029848989287E-003  2.031165231423567E-002
   914969.072995318       7.903786667433891E-004  1.995967320059173E-002
   240754.530389700       1.228517484799447E-003  1.952609780299007E-002
   1397183.74185013       1.671362915789250E-003  1.909242878806860E-002
   3126053.83734285       2.116967761098953E-003  1.865615754817996E-002
   2855798.80198187       2.565886769154131E-003  1.821844937516513E-002
   752559.306887822       1.382099933810952E-003  1.790496932057018E-002
   2296357.08411511       9.326455194589754E-004  1.833586102113543E-002
   3787623.69127179       4.828157013606652E-004  1.877133000078313E-002
   848073.188664509       3.594832135756923E-005  1.921538123224132E-002
   2077132.12434245      -4.291686764521040E-004  1.878405031407178E-002
   681394.952942902      -8.922144794774558E-004  1.835193385500949E-002
   51726.2910896884      -1.354683918447118E-003  1.792271263108920E-002
   2403792.95774167      -2.487634624897640E-003  1.817752826068418E-002
   1373186.50125404      -2.042819068382838E-003  1.863029719273403E-002
   675585.416598575      -1.598068932576836E-003  1.907928305605720E-002
   454633.472068236      -1.153151992945165E-003  1.952706671058453E-002
   2078201.53355612      -7.140990491099496E-004  1.997799820226733E-002
   616776.304233772      -1.148782116088117E-003  2.035174233235844E-002
   2790403.71114874      -1.593840369663735E-003  2.072196959031735E-002
   3589713.05260340      -2.038950337414315E-003  2.109416035923161E-002
   3878276.19534764      -2.484379380296413E-003  2.147180116413962E-002
   3017953.10803182       3.637589390045503E-003  2.237377456450450E-002
   821325.560328471       3.997264689754516E-003  2.183930067496015E-002
   1081148.93511142       4.372367722210749E-003  2.131276416704888E-002
   3950889.71482373       4.757730446536070E-003  2.078815375209139E-002
   3396859.41484758       5.154733889095000E-003  2.025244474679984E-002
   4460346.80268906       5.619098811121857E-003  2.076722145259463E-002
   1033900.59171015       6.073687905789172E-003  2.127104667760116E-002
   977068.549085502       6.515074418754199E-003  2.177800276452861E-002
   3322641.13733342       6.939592067242878E-003  2.229519428637789E-002
   5202586.00241661       7.763233783301998E-003  2.143597065730610E-002
   4666300.52307805       7.198304698148581E-003  2.103270670477122E-002
   4943900.87786175       6.627714870036087E-003  2.064019467949648E-002
   1107624.01987784       6.053412815361430E-003  2.026195435204769E-002
   653105.886942602       5.495863585553312E-003  1.988710207918855E-002
   500459.963512994       6.030065317876752E-003  1.935562631218180E-002
   1734510.58167451       6.580236501561539E-003  1.882987883960221E-002
   4365633.71479383       7.132983214364208E-003  1.829793831337742E-002
   2766573.39580662       7.674424032903217E-003  1.774586671526596E-002
   848125.686992835       6.775990516933109E-003  1.793711609411444E-002
   1469283.09669983       6.232699955316987E-003  1.846668642301758E-002
   2885673.71216537       5.682019821295336E-003  1.899732138626735E-002
   1700343.36352998       5.138320569261354E-003  1.954340904171464E-002
   1614581.44457070       4.667228258369589E-003  1.902339548335187E-002
   998957.181272374       4.202705682025468E-003  1.851150665778572E-002
   1026767.17679486       3.747931223033341E-003  1.799510010405596E-002
   3122865.06372437       3.119673894625828E-003  1.865406047357197E-002
   3115429.71687574       3.679796416098498E-003  1.908136918409116E-002
   1091412.34712549       4.243109512656816E-003  1.949522118236689E-002
   50186.2620805937       4.797882567623863E-003  1.990427462939868E-002
   2027857.80598797       4.257167124596701E-003  2.025845576434831E-002
   5203196.57616105       3.702110910607027E-003  2.061801506525266E-002
   4542348.37294910       3.150664620989665E-003  2.099052963336861E-002
   1066120.38364961       8.612508993465936E-003  2.227438180987210E-002
   1899398.32722978       9.023652126856253E-003  2.189463283814095E-002
   1893494.08825891       9.444872863661205E-003  2.151825839685965E-002
   4123622.72579507       9.867311872932607E-003  2.113579968333856E-002
   2617156.64285840       1.028965475159462E-002  2.074878956810245E-002
   5272443.04880250       1.082071799792448E-002  2.111827995016203E-002
   3655915.74124659       1.135537162824612E-002  2.148016416539575E-002
   3553013.59554111       1.189502258395409E-002  2.182901866087207E-002
   1178665.62483708       1.242856970366915E-002  2.217129276411306E-002
   3956235.38584254       1.287060816074007E-002  2.166565408925985E-002
   105915.684883825       1.244621901498424E-002  2.119171223171746E-002
   1251051.02271018       1.203415175586151E-002  2.071692717387272E-002
   2942094.15546747       1.163165196145983E-002  2.023892781704682E-002
   190565.182106521       1.124248126458654E-002  1.975183941283864E-002
   1540852.64212911       1.162138393379815E-002  1.942233870342186E-002
   2748021.72678032       1.200274102285894E-002  1.908931262180382E-002
   3884080.26932206       1.238462140908753E-002  1.875352700221321E-002
   2704326.36450556       1.276639174180094E-002  1.841412993920264E-002
   908869.556685932       1.122858682016052E-002  1.764541414242459E-002
   350461.476474470       1.090710001782699E-002  1.802794998079312E-002
   1729780.64181732       1.058120698904897E-002  1.841148440498291E-002
   1742705.93936416       1.025397728926237E-002  1.879777518296023E-002
   3976567.88361882       9.700655979423864E-003  1.842478077876418E-002
   3756384.24709990       9.140159660420885E-003  1.806225441333818E-002
   2244954.58207238       8.576853249407849E-003  1.771068606719971E-002
   1375056.14980494       8.097219406102836E-003  1.825768725355166E-002
   1049450.42311616       8.509491668004720E-003  1.876294831760414E-002
   1830310.15290933       8.910849573756794E-003  1.927351168667061E-002
   1282575.88179083       9.303651968505284E-003  1.978834293794933E-002
   863446.016414375       8.927841221316025E-003  2.019957785731885E-002
   1249068.14018408       8.543585188192355E-003  2.060941981372708E-002
   1883980.41669220       8.156674104407050E-003  2.102222201438295E-002
   2419894.41341751       1.336888664292701E-002  2.211219368908467E-002
   704625.700854828       1.385020144906064E-002  2.155985731098524E-002
   372457.513066601       1.435552581029753E-002  2.102009303827965E-002
   4143495.13973066       1.487210845463192E-002  2.047950741489747E-002
   2534854.60979187       1.538388026313205E-002  1.991815612333764E-002
   2704400.67075756       1.589109330354581E-002  2.042455331776602E-002
   1140473.39356079       1.639099241023982E-002  2.091915461971772E-002
   1306134.58429343       1.687575505488939E-002  2.141897656964275E-002
   3801341.30456462       1.734182626312335E-002  2.193250641372162E-002
   5009040.75194658       1.802226473685945E-002  2.120299899681685E-002
   4047962.90373238       1.744400606164117E-002  2.077455481125675E-002
   3950793.31825905       1.685840907771842E-002  2.036093956231922E-002
   999052.752082658       1.626778800539791E-002  1.996305675718991E-002
   932691.976928259       1.569110513344962E-002  1.956981036338235E-002
   953958.424851165       1.622560600550906E-002  1.911207392910000E-002
   2918866.48428822       1.678110128408303E-002  1.865718717722220E-002
   5244845.39126464       1.733491332245014E-002  1.819045910750261E-002
   3281033.97743190       1.788192053437706E-002  1.771135149181753E-002
   1688362.04561376       1.676193536085447E-002  1.762465877827126E-002
   817653.435087999       1.629824801462377E-002  1.816132534959970E-002
   3744956.74847069       1.582348700893099E-002  1.869842175487267E-002
   2877797.21987052       1.534906650659989E-002  1.925627599464091E-002
   1715839.79253633       1.497324271172917E-002  1.874021009839896E-002
   1679247.56618359       1.461064559764639E-002  1.822523192381484E-002
   1189466.78679020       1.425686707723298E-002  1.770720648672873E-002
   3787616.22670799       1.333218788996557E-002  1.872146285058451E-002
   4711114.00350499       1.389990893033059E-002  1.902551781540399E-002
   3085464.79198373       1.447274765247513E-002  1.932005517315570E-002
   787532.803361966       1.503988286323274E-002  1.960533993307313E-002
   479958.405960865       1.451122640962294E-002  2.011429684992800E-002
   2686980.09572344       1.395981943634343E-002  2.061661932089971E-002
   3824023.03061307       1.340919171786507E-002  2.113100242763899E-002
   2200535.13260346       1.874107850618135E-002  2.189604495251786E-002
   252537.167766209       1.918025350588662E-002  2.140048727169079E-002
   912011.485341082       1.963420873275421E-002  2.091065959146526E-002
   4742422.01679449       2.009378047078977E-002  2.041537018064034E-002
   3021643.71451395       2.054969614895477E-002  1.990226890168029E-002
   3660172.73585842       2.099871651897332E-002  2.037384722151368E-002
   150549.260515369       2.144362893833916E-002  2.083840972074695E-002
   232301.042288393       2.188242647198361E-002  2.130213331795644E-002
   2034884.74080922       2.231177080307682E-002  2.177147169137116E-002
   3671956.59230246       2.314776129914594E-002  2.084122600035042E-002
   3131124.37126223       2.261615969016229E-002  2.046460128296473E-002
   2940005.14705381       2.208419656249764E-002  2.009357628396038E-002
   333906.786251673       2.155292493836116E-002  1.972883718573386E-002
   137985.314561348       2.103192093871221E-002  1.936365095790461E-002
   658756.565249444       2.150937482907870E-002  1.889030264847906E-002
   1355527.52930423       2.199373495332876E-002  1.841705630279823E-002
   2700996.55912147       2.247869528188446E-002  1.793878217670452E-002
   1468264.60472096       2.295982365056952E-002  1.745152656637713E-002
   1118293.53923915       2.182357703942535E-002  1.733796020002613E-002
   236202.004264626       2.138650854540213E-002  1.784914564684922E-002
   1252425.97385351       2.094321590949715E-002  1.836039865054654E-002
   2001655.29336036       2.049830004519190E-002  1.887797440116818E-002
   2537998.60769771       1.999266131465285E-002  1.840730464613199E-002
   485225.337379777       1.948732661905784E-002  1.795038593281088E-002
   473058.476313086       1.898948378157747E-002  1.749377168622335E-002
   3355525.38066091       1.841810836536541E-002  1.814876989553297E-002
   2364385.46511105       1.895707289154626E-002  1.857540759277152E-002
   466361.884745938       1.949321178926589E-002  1.899388502441005E-002
   1973178.64525297       2.001997762528867E-002  1.941247406674415E-002
   1563088.84422996       1.953702343165694E-002  1.985776886195304E-002
   1778447.15292590       1.903558143728611E-002  2.029926853496308E-002
   2676773.63839340       1.852900188109731E-002  2.074682382504538E-002
   105263.364284003       2.407340346688963E-002  2.168832341002058E-002
   2593724.29437349       2.446335087154634E-002  2.136513379379682E-002
   2264375.72543514       2.485930488507111E-002  2.104373405067230E-002
   3563625.55084635       2.525476682890661E-002  2.071736732422601E-002
   1989724.77028422       2.565004145148305E-002  2.038941838330130E-002
   3710130.54222670       2.613726258202130E-002  2.066674880508159E-002
   2520959.11341142       2.662354383339123E-002  2.094327699942409E-002
   2883312.33877070       2.711120484271610E-002  2.121400164017219E-002
   773292.678021183       2.759253673087059E-002  2.148513038141595E-002
   3572893.43903638       2.820530006025830E-002  2.078199240219060E-002
   794480.178603449       2.785708245807030E-002  2.034787503831918E-002
   206132.452237627       2.751615548814234E-002  1.991285712201990E-002
   1162831.84886252       2.717793848773690E-002  1.947910298953060E-002
   240395.679576620       2.684643433056563E-002  1.904123205249388E-002
   423562.962204209       2.712636350471732E-002  1.855818526501634E-002
   132393.365473641       2.740880878722731E-002  1.807458574932874E-002
   1639229.00931267       2.769363276947095E-002  1.759104844334416E-002
   1518423.31148283       2.798097362170406E-002  1.710439342471614E-002
   420411.941840479       2.687335496204563E-002  1.685016395493967E-002
   1492252.40507011       2.641708263655713E-002  1.717892893618942E-002
   1813760.51119563       2.595963837311001E-002  1.751047629132971E-002
   1211075.43063120       2.550386453073561E-002  1.784432565897429E-002
   2038907.11337219       2.502441760602631E-002  1.756305666316345E-002
   1929697.66551638       2.454307729342347E-002  1.728654739372143E-002
   1033010.12458301       2.406322898795975E-002  1.701279402344413E-002
   1152127.88022719       2.330181965757957E-002  1.788712143376171E-002
   110606.565722571       2.364063237893527E-002  1.831930191397312E-002
   559620.185907610       2.397599106957310E-002  1.875281216227805E-002
   809281.054937611       2.430985310448645E-002  1.918607969393855E-002
   1031909.45738379       2.402620475670057E-002  1.960046761241664E-002
   315867.046678399       2.373686942289453E-002  2.001366442746018E-002
   677762.863277734       2.344592205453571E-002  2.042799749240079E-002
   575784.426029253       2.890152673910666E-002  2.140046138855018E-002
   1827737.74257252       2.934107395611674E-002  2.101648388603613E-002
   1964927.93814130       2.978834071683487E-002  2.063396235611750E-002
   3401372.21039848       3.023492039237714E-002  2.024551531338168E-002
   1752067.02121160       3.068195372713232E-002  1.985479428464132E-002
   3391430.18413577       3.117373283975398E-002  2.018479250158660E-002
   1882146.97443449       3.166497677219789E-002  2.051209575253331E-002
   1934342.05622825       3.215647508137008E-002  2.083275363540157E-002
   1663360.32419706       3.264018405482251E-002  2.115588048019196E-002
   3832109.44364354       3.325683998357609E-002  2.044126750996600E-002
   1241857.78939494       3.284965954326263E-002  2.001431141789774E-002
   540715.307342995       3.244921310131643E-002  1.958805517675345E-002
   1009195.29217316       3.205092755704963E-002  1.916371569269033E-002
   350357.788833243       3.165969979679010E-002  1.873562576328294E-002
   690174.841663405       3.199186546052638E-002  1.822224634052177E-002
   36396.1112638835       3.232844265697174E-002  1.771017157822766E-002
   2012576.52888011       3.266816883031425E-002  1.719753885506615E-002
   1971364.01384355       3.301292154929121E-002  1.668107557985323E-002
   882433.025128962       3.199345458923059E-002  1.658362747474644E-002
   2276365.27926378       3.151035791288131E-002  1.696898259260158E-002
   2619330.64796606       3.102818187001768E-002  1.735973810417045E-002
   1315287.86803038       3.054822905892139E-002  1.775476893990553E-002
   2144620.66491838       3.004964078418276E-002  1.742371949629284E-002
   1282779.26794456       2.955014200829476E-002  1.709498658713207E-002
   805923.005656150       2.905206273303396E-002  1.677057517153055E-002
   1282225.28323668       2.838262347596300E-002  1.754778116337093E-002
   389640.224441194       2.878048997050652E-002  1.798848262497001E-002
   570242.902030590       2.917689242648962E-002  1.842903817726260E-002
   106152.669966888       2.956880606814293E-002  1.887065279934358E-002
   701968.169073941       2.923545933743490E-002  1.934854688863820E-002
   808550.498929467       2.889502982790711E-002  1.982396123259872E-002
   1671048.11480371       2.855296621604002E-002  2.030172008499233E-002
   1271265.78377670       3.396344415276395E-002  2.106552045541298E-002
   1046084.99210753       3.439567022391915E-002  2.062332746807692E-002
   1408155.48436132       3.483797082467958E-002  2.018390076191559E-002
   3357252.74240183       3.528102218490786E-002  1.973837557643171E-002
   1816780.93190036       3.572386715796614E-002  1.928789639469472E-002
   2670202.50026049       3.612474374066339E-002  1.968135735697911E-002
   704662.828210554       3.652259230065209E-002  2.007399020735099E-002
   686996.995269313       3.691954669203235E-002  2.046280223499389E-002
   891336.061830933       3.731124214742711E-002  2.085520585180600E-002
   2435440.20341012       3.828196538338342E-002  1.973075522820860E-002
   1582420.19537822       3.782773050092005E-002  1.940173377235025E-002
   1425837.68746097       3.737684480620219E-002  1.907240087231474E-002
   110034.306816107       3.692548733399453E-002  1.874620174685566E-002
   359186.922802254       3.648026942204687E-002  1.841746114288603E-002
   481591.903481867       3.687482846784629E-002  1.798803237643077E-002
   961274.834483795       3.727264589370111E-002  1.755852396155352E-002
   1705311.12327878       3.767004520051041E-002  1.712693561799976E-002
   1097436.93354506       3.806794499278664E-002  1.669232531015209E-002
   202170.201881157       3.675343857511228E-002  1.632197812214871E-002
   553411.020067983       3.637507815430792E-002  1.676592634435753E-002
   1140615.04593827       3.599513630171976E-002  1.721217075253401E-002
   1236325.79093620       3.561411491747277E-002  1.766024575488293E-002
   2083943.70843971       3.508196097884958E-002  1.727299847614088E-002
   1252635.29140521       3.454831446112073E-002  1.689123411830314E-002
   867537.523920377       3.401564383334039E-002  1.651434828345948E-002
   1527460.13190952       3.347962511577800E-002  1.714638088583711E-002
   615770.001333765       3.394310626535183E-002  1.760685231138391E-002
   383976.365467865       3.440400956341220E-002  1.806579165885975E-002
   505671.678711096       3.485990690843114E-002  1.852663842048225E-002
   679333.108079245       3.446749056544955E-002  1.900419884373414E-002
   1175627.36935583       3.406637174108513E-002  1.947946394346438E-002
   2047360.19239453       3.366341291564395E-002  1.995822602615344E-002
   213329.716510816       3.940212193537937E-002  2.070795803899815E-002
   1154256.67055440       3.973961917646127E-002  2.033913132428874E-002
   1077496.32207066       4.008217566285039E-002  1.997209142795482E-002
   2220225.41000603       4.042431718129448E-002  1.960146063410587E-002
   1255895.78671012       4.076796119176587E-002  1.923103767595358E-002
   2432248.58433679       4.123098004146036E-002  1.954261547193739E-002
   1322100.31940004       4.169309061193989E-002  1.985426927258213E-002
   1454060.25123109       4.215647653404727E-002  2.016116428698754E-002
   898397.251014792       4.261396122130036E-002  2.046949795618330E-002
   2515407.31360942       4.332370934251413E-002  1.963675460492434E-002
   760826.774949111       4.293761477735310E-002  1.923673171651966E-002
   410676.163941691       4.255551955636758E-002  1.883514267391114E-002
   677105.604074687       4.217410279788969E-002  1.843610101008842E-002
   97286.0530650466       4.179848465733890E-002  1.803428308428605E-002
   421602.584275238       4.210949250926894E-002  1.752696401020878E-002
   72142.6432817976       4.242376361571534E-002  1.702093740828257E-002
   1332008.97038203       4.273938103394762E-002  1.651343592964854E-002
   1289215.99678763       4.305749554658297E-002  1.600462175120617E-002
   620314.194956487       4.200328281902492E-002  1.586566581129862E-002
   1463860.78017701       4.153689489879563E-002  1.624194311891549E-002
   1726668.49568396       4.107189794936717E-002  1.662160489307567E-002
   820565.351803118       4.060724879214957E-002  1.700301646413343E-002
   1258223.00667225       4.017473871545844E-002  1.668788056518597E-002
   655698.520558889       3.974251845456674E-002  1.637315202810690E-002
   458522.713845908       3.931080716929875E-002  1.606114806238035E-002
   756459.946758580       3.844715287240522E-002  1.706904818722023E-002
   365007.164847936       3.882450037292733E-002  1.744536262589122E-002
   258051.479847338       3.920179267215611E-002  1.782055821102162E-002
   35379.9412065499       3.957591561899763E-002  1.819642218799535E-002
   133897.319925916       3.925663932136333E-002  1.857996575239273E-002
   897659.809992958       3.893250560549449E-002  1.896255310043735E-002
   1109096.15906683       3.860905476962134E-002  1.934717534380538E-002
   793579.755057781       4.415070563950220E-002  2.035140513689675E-002
   570274.488546608       4.455067635176972E-002  1.990412754282049E-002
   754450.421237815       4.495789928234330E-002  1.945734008688383E-002
   2101722.43365350       4.536510857670618E-002  1.900892779575790E-002
   1206058.87734001       4.577307500507793E-002  1.855797078044157E-002
   2013105.19554564       4.620293072495774E-002  1.894663672815327E-002
   644377.521157959       4.663140227868641E-002  1.933361691595949E-002
   629573.889773031       4.705947064048983E-002  1.971901865295225E-002
   865315.549676304       4.748314648072584E-002  2.010528004397821E-002
   1915421.33743968       4.833873689300885E-002  1.909871989392240E-002
   908136.533515634       4.788224028605563E-002  1.874408486783238E-002
   714285.716152843       4.742691612367853E-002  1.838942161106781E-002
   429919.515141690       4.697361033641984E-002  1.803664843314598E-002
   169773.869016560       4.652514419208485E-002  1.768182042868970E-002
   508412.019139219       4.692044416170949E-002  1.730366556331198E-002
   940949.347877990       4.731756500227697E-002  1.692386622823296E-002
   1545447.07527731       4.771590736776847E-002  1.654327565815694E-002
   1061147.51962496       4.811367447119664E-002  1.616181529910113E-002
   233197.056172648       4.662085355017445E-002  1.559479604943061E-002
   399995.410003776       4.629965857321629E-002  1.603889714557592E-002
   974419.800827056       4.597625265893571E-002  1.648297940665450E-002
   839011.482037237       4.565294453132106E-002  1.692863060603372E-002
   1573918.78080261       4.513043221060792E-002  1.654542672894012E-002
   804650.152994449       4.460832388218629E-002  1.616538985179581E-002
   628914.866230204       4.408557390275698E-002  1.578733615330639E-002
   910419.597524557       4.352160959938889E-002  1.645558180585698E-002
   392440.670237047       4.398499353611836E-002  1.690491037558096E-002
   411500.301570523       4.444500827384423E-002  1.735228924502014E-002
   122761.637380777       4.490107602124824E-002  1.780251045624891E-002
   133203.857627011       4.451160487573814E-002  1.825952557592379E-002
   1088398.99080642       4.411707817852621E-002  1.871569517367583E-002
   1544466.71154191       4.372066096219523E-002  1.917570234084917E-002
   664290.335177508       4.934059885219069E-002  1.995891265158353E-002
   189613.628338956       4.969510763391086E-002  1.946412232297751E-002
   283721.953951077       5.005463138007370E-002  1.897007542190968E-002
   1633832.30420066       5.041576448275700E-002  1.847536144192881E-002
   1106053.61839840       5.077799093829433E-002  1.797746849571449E-002
   1943944.30038005       5.128710820490586E-002  1.840538717818286E-002
   518372.029576502       5.179534680684277E-002  1.882891422334401E-002
   360099.235918099       5.230347884940403E-002  1.925033451416126E-002
   1272166.62093250       5.280577219821519E-002  1.967297321032418E-002
   1956471.58610284       5.339361901264084E-002  1.897277443928157E-002
   978100.118430564       5.287920489354837E-002  1.855312155358640E-002
   576670.705698949       5.236481444478701E-002  1.813631824245893E-002
   674317.032220528       5.185360751835089E-002  1.772237922882539E-002
   85363.2955742075       5.134885303089893E-002  1.730441533840250E-002
   535099.531228603       5.178645654506841E-002  1.686476731104863E-002
   1077013.25739383       5.222711815000429E-002  1.642444423398746E-002
   1955321.83229197       5.266880895565601E-002  1.598239520038253E-002
   1358750.16946020       5.310938866393503E-002  1.553766396835898E-002
   417491.034343098       5.180333798778189E-002  1.523812025966687E-002
   455569.458428474       5.143101201177942E-002  1.573500411661733E-002
   1186710.48370703       5.105569514869765E-002  1.623203978815055E-002
   832446.090872005       5.067959665702253E-002  1.673202429814040E-002
   976866.579485099       5.028687801096706E-002  1.629438335744152E-002
   114899.314208105       4.989543602393921E-002  1.585833713268810E-002
   244325.811840395       4.950676561915988E-002  1.542164796836136E-002
   1257448.80012027       4.861304916448012E-002  1.647437649263905E-002
   1181303.03995418       4.911306104250841E-002  1.678586506581689E-002
   364576.048584205       4.961224923934673E-002  1.709566198362054E-002
   61496.5628664410       5.010841703098046E-002  1.740383149614328E-002
   101048.723819391       4.966984702557602E-002  1.782576462706749E-002
   1161275.64609438       4.922678461662298E-002  1.824778483413678E-002
   1329828.43341030       4.878259178202871E-002  1.867268571474468E-002
   893156.383184035       5.408981249682929E-002  1.956520553597558E-002
   200255.390111231       5.451397391575397E-002  1.905612363261705E-002
   425645.817190833       5.494458065340037E-002  1.854969322298839E-002
   1678198.41442867       5.537548568640249E-002  1.803979934165707E-002
   1052951.73054281       5.580648407738242E-002  1.752604578008007E-002
   1209404.23632054       5.621908103230577E-002  1.796840239703630E-002
   94413.5538807472       5.662997280693154E-002  1.841008935179214E-002
   131458.475297373       5.704044439205410E-002  1.884981874512796E-002
   681993.126434948       5.744666568697643E-002  1.929258787285828E-002
   1365546.87121777       5.838526999918291E-002  1.817437292744331E-002
   1005861.16056141       5.787312122416499E-002  1.785134627165331E-002
   992108.277609690       5.736247000810074E-002  1.752770612222166E-002
   179944.420428682       5.685099757538718E-002  1.720737392585118E-002
   71385.7809434261       5.634385026591409E-002  1.688655610941256E-002
   709291.055901990       5.679002406746989E-002  1.649202713022247E-002
   977774.042741842       5.723997248184930E-002  1.609564992401605E-002
   1380217.52470942       5.768858854240169E-002  1.569806202731843E-002
   835947.753175932       5.813743167882796E-002  1.529849298706013E-002
   408640.370600926       5.667006820332927E-002  1.483560918169512E-002
   106386.179694455       5.635085325031319E-002  1.533825296680472E-002
   656288.988447694       5.602886544556770E-002  1.584252597681234E-002
   1036120.77235591       5.570581022369035E-002  1.634733817821063E-002
   1241938.71093317       5.525154828619747E-002  1.590834850799869E-002
   164229.700899027       5.479864694467163E-002  1.547147907277866E-002
   148620.938158838       5.434919913042156E-002  1.503619018222628E-002
   1414263.11585111       5.362610682147861E-002  1.590309328522677E-002
   1210723.93575859       5.414161138906068E-002  1.626558524267951E-002
   343364.306709198       5.465784365644300E-002  1.662599350577317E-002
   314030.437281628       5.516947332466641E-002  1.698628875679592E-002
   434377.690665015       5.473125141141045E-002  1.748187284082412E-002
   690820.526592485       5.428586879765578E-002  1.797536464938050E-002
   1126025.99231896       5.384017760315329E-002  1.847238328655177E-002
   294719.839221125       5.950069733034710E-002  1.911710539025778E-002
   408590.967691496       5.983162285454216E-002  1.868185374399002E-002
   420893.237245118       6.016678180684940E-002  1.824851095117787E-002
   1200323.34558261       6.050103030880118E-002  1.781279946504677E-002
   785759.370739633       6.083595430775260E-002  1.737584164440501E-002
   1394635.82022030       6.133045425842506E-002  1.774043392036849E-002
   629416.372755278       6.182569135492472E-002  1.810343053695357E-002
   564835.462336330       6.231968042135829E-002  1.846327697833731E-002
   641444.712367427       6.281052912588850E-002  1.882489165944662E-002
   1358479.80085272       6.342235710840632E-002  1.809014406236582E-002
   597071.096240441       6.297111642028237E-002  1.767439022675456E-002
   305222.800476800       6.252257439837482E-002  1.725937817822128E-002
   411528.361959899       6.207431047146855E-002  1.684433830376916E-002
   47451.0991068490       6.162955085251307E-002  1.642847935219960E-002
   330525.120588975       6.200296283177690E-002  1.601838846942120E-002
   613971.625053893       6.237796451980111E-002  1.560808992494574E-002
   1117832.24924553       6.275218640732561E-002  1.519666254880717E-002
   775827.804753216       6.312768176589409E-002  1.478419364415910E-002
   103911.953442367       6.171550827855081E-002  1.432318003678718E-002
   385794.161045294       6.137241172160533E-002  1.475859795281795E-002
   741244.852792421       6.102867272359380E-002  1.519581520986019E-002
   647831.661699318       6.068433832751575E-002  1.563407049420009E-002
   868489.868036370       6.028802753054432E-002  1.526049017194643E-002
   301984.900451253       5.989138226130539E-002  1.488817294521769E-002
   177616.958036299       5.949649521538236E-002  1.451762024004800E-002
   735124.426579164       5.857736266475459E-002  1.561938205028058E-002
   557318.511768996       5.901544779312987E-002  1.594010841705711E-002
   85356.6185468441       5.945413590702135E-002  1.626062157804082E-002
   51118.5111153103       5.989103625840417E-002  1.658023206835386E-002
   80970.6788499417       5.951674180252510E-002  1.697807902415224E-002
   584852.360636586       5.913993707569776E-002  1.737565123376876E-002
   703537.934668684       5.876394442725821E-002  1.777556392862108E-002
   314589.128728447       6.415464240989918E-002  1.870503540989651E-002
   599535.771630939       6.457492273435739E-002  1.827603943192210E-002
   693639.891639276       6.499833894781712E-002  1.784713188646501E-002
   1299217.67622245       6.542256104262036E-002  1.741703179815934E-002
   668375.959103924       6.584539945910324E-002  1.698436115912694E-002
   1062321.80679441       6.629805697253340E-002  1.733667183870511E-002
   393531.128220422       6.675077437450375E-002  1.768757534542111E-002
   403194.247427504       6.720239174237677E-002  1.803818126665858E-002
   447867.223775680       6.765164654161054E-002  1.838975444197559E-002
   1063905.67098787       6.841004225200072E-002  1.747540216938695E-002
   550363.794858949       6.797698624326730E-002  1.709968877541504E-002
   407288.305968725       6.754515752901924E-002  1.672413146243909E-002
   176916.551138797       6.711472964602434E-002  1.634852784731167E-002
   32243.1620690209       6.668582797386897E-002  1.597277891446119E-002
   150246.440617704       6.703093236440338E-002  1.542872968192535E-002
   61866.0295823424       6.737701160500427E-002  1.488541914198997E-002
   608166.106969434       6.772565733896779E-002  1.434182873425986E-002
   541242.148504197       6.807508234104251E-002  1.379713327595750E-002
   370774.466494915       6.710828448854946E-002  1.382180028666068E-002
   739665.361035676       6.663050385974789E-002  1.425742372800315E-002
   845210.012663916       6.615295762787024E-002  1.469354729979564E-002
   504381.835292674       6.567627773782343E-002  1.513201126676842E-002
   590645.597395069       6.526187987883723E-002  1.477560650384823E-002
   171769.655662401       6.484808407678122E-002  1.442116189299752E-002
   123722.647832974       6.443488830161928E-002  1.406633770346500E-002
   700249.901098157       6.355613720600371E-002  1.512448560523861E-002
   536020.980334217       6.398380871675047E-002  1.546446024391039E-002
   150952.871669110       6.441014556204194E-002  1.580341011734969E-002
   133193.172018846       6.483637306772036E-002  1.614205778546564E-002
   369849.216491245       6.448590670868115E-002  1.662879973208826E-002
   240227.338899451       6.413352045548892E-002  1.711559013654012E-002
   562105.659505228       6.377879330398245E-002  1.760239595884230E-002
   153993.033166784       6.932240688747610E-002  1.823656069035549E-002
   499724.729031849       6.970563800694884E-002  1.787049183368365E-002
   467906.410443922       7.009110904100749E-002  1.750592585111134E-002
   782117.994628442       7.047737813579286E-002  1.713924303038703E-002
   436512.480622780       7.086271651120020E-002  1.677198343832616E-002
   917841.596663501       7.137346466942486E-002  1.705738398292626E-002
   628325.844085766       7.188459339587389E-002  1.734141242957908E-002
   764152.634888135       7.239621970755941E-002  1.762216213803035E-002
   1116192.39919914       7.290599111888264E-002  1.790346817270667E-002
   1233579.69284381       7.342770571611636E-002  1.726779615963071E-002
   152033.271792372       7.304921266789355E-002  1.682489445838222E-002
   273941.488456910       7.267442921286588E-002  1.638102435454052E-002
   565625.002584692       7.229999270502215E-002  1.593702035410745E-002
   230586.184954833       7.192734675863358E-002  1.549175544113866E-002
   176011.714167077       7.222151924232076E-002  1.506073251551137E-002
   258390.524833851       7.251602425229636E-002  1.462916153063576E-002
   676455.128370293       7.281044703279488E-002  1.419727474200315E-002
   615631.178845237       7.310627042283677E-002  1.376330142722879E-002
   198381.361901806       7.177677160960157E-002  1.333060979827262E-002
   547554.322100580       7.140127621043801E-002  1.369409299248906E-002
   886003.446336509       7.102543803223393E-002  1.405928198341085E-002
   345068.046688763       7.065032553872501E-002  1.442607263442463E-002
   717196.391610936       7.010837984804422E-002  1.414349637216349E-002
   453067.908242224       6.956633550319927E-002  1.386167084692898E-002
   286609.355280031       6.902408511233828E-002  1.358269024417589E-002
   196822.929014442       6.845502822786992E-002  1.427362238924280E-002
   156141.473650576       6.883223602492554E-002  1.475052650494625E-002
   422632.192205623       6.920921302534762E-002  1.522756122402250E-002
   110755.442885540       6.958445218560957E-002  1.570586221973524E-002
   63944.3252516933       6.929197855146940E-002  1.614775496147301E-002
   281022.479868909       6.899845630017802E-002  1.659050897635286E-002
   435537.066068470       6.870550045007819E-002  1.703291714260581E-002
   1075930.32442228       7.406012022854434E-002  1.779201810751322E-002
   279605.940978157       7.449333206240258E-002  1.727450948484472E-002
   19948.9329524869       7.493082034601251E-002  1.675721866707493E-002
   559960.352807255       7.536962805829400E-002  1.623973482426012E-002
   429243.548788289       7.580759261405774E-002  1.571923820699225E-002
   447821.924261919       7.630615618686812E-002  1.615372700907804E-002
   79657.7973373101       7.680446993454128E-002  1.658714749163206E-002
   52806.4658972446       7.730217729910509E-002  1.702118205251688E-002
   351847.242072577       7.779800739006371E-002  1.745516564941067E-002
   560519.975059988       7.841667478661905E-002  1.671088997275309E-002
   404652.670323949       7.789582200616825E-002  1.630312664171801E-002
   301954.044905079       7.737392153191597E-002  1.589649423914769E-002
   17025.7012382665       7.685327459039108E-002  1.549068191276807E-002
   235200.097877790       7.633407605871483E-002  1.508452152578567E-002
   56261.2065400671       7.676812981772295E-002  1.457542007598328E-002
   147557.645142095       7.720424733823612E-002  1.406664260885873E-002
   491631.400496063       7.764163356571153E-002  1.355677158241942E-002
   276684.427226013       7.807738659331179E-002  1.304528180386498E-002
   228629.064680746       7.697530199900869E-002  1.300008118313255E-002
   103199.591831943       7.655060796245759E-002  1.351887975620824E-002
   301365.110802665       7.612510343495328E-002  1.403734943836836E-002
   487813.662589210       7.569961175067390E-002  1.455706169762017E-002
   444257.721553951       7.524859575404448E-002  1.411849304890714E-002
   24968.8476276139       7.479819430525636E-002  1.368199811308609E-002
   191970.819574038       7.434920092290059E-002  1.324461938648263E-002
   724323.199797596       7.362353655495517E-002  1.412320203420240E-002
   551858.318553555       7.414179568069883E-002  1.448061223758930E-002
   166345.982792514       7.465877098006944E-002  1.483646044289023E-002
   499170.608971239       7.517408814917659E-002  1.519168525770852E-002
   318049.161774508       7.474009871710015E-002  1.570931242823454E-002
   229350.135896727       7.430317615754246E-002  1.622669915525368E-002
   577600.693257696       7.386454214864541E-002  1.674590002993288E-002
   110295.216457098       7.916005621376548E-002  1.733105603523691E-002
   282430.175680576       7.957756270798713E-002  1.690750296459622E-002
   300108.973944344       7.999629459216391E-002  1.648392296391210E-002
   559901.189232625       8.041488643332502E-002  1.606039046510694E-002
   301423.138739740       8.083328042501647E-002  1.563522330485843E-002
   465174.638564549       8.123887130014296E-002  1.598386016706128E-002
   184376.045842117       8.164298434112854E-002  1.633145999015850E-002
   189864.627974504       8.204814684570663E-002  1.667940190057301E-002
   141110.870790307       8.245141887616975E-002  1.702786038855809E-002
   432653.372946270       8.337353158319286E-002  1.591398150597789E-002
   213707.586887803       8.295449143874345E-002  1.558322724268892E-002
   174516.771655465       8.253592825215154E-002  1.525129483352062E-002
   61340.3423554905       8.211861862200269E-002  1.492068248188010E-002
   39571.6039976475       8.170116275612400E-002  1.458870933139349E-002
   108454.007287928       8.205322974402611E-002  1.421601006094477E-002
   184652.436484305       8.240473608564010E-002  1.384332726883940E-002
   307587.459967095       8.275735449945647E-002  1.347119504180571E-002
   195946.859801316       8.310990283411475E-002  1.309776635361084E-002
   69240.3917871047       8.156146831155454E-002  1.247859056632300E-002
   59752.8683072392       8.126031491536312E-002  1.289268717825472E-002
   160482.848120611       8.095785234351012E-002  1.330607226459682E-002
   210209.993558618       8.065518887273976E-002  1.372063124290023E-002
   365322.923737472       8.015141820733836E-002  1.338054799365401E-002
   302540.629804122       7.964742422772898E-002  1.304239502187160E-002
   204383.652934031       7.914340553114296E-002  1.270382652004592E-002
   211039.041403776       7.850608142718143E-002  1.347578856300839E-002
   50842.8768374196       7.893424950402539E-002  1.390589740424095E-002
   61341.7781428890       7.936079321128847E-002  1.433608012854598E-002
   138384.139343482       7.978778830210637E-002  1.476630857126242E-002
   205505.021913186       7.944625027210657E-002  1.525258555155175E-002
   53746.4350044778       7.910437979051912E-002  1.573832911578511E-002
   167053.305289833       7.876096436151851E-002  1.622449164792213E-002
   80907.8543476691       8.448649304501046E-002  1.683709638492367E-002
   146863.526900834       8.481642447635897E-002  1.640291200818713E-002
   155314.282199900       8.514823879087277E-002  1.596790799652141E-002
   457711.092888322       8.547915129218141E-002  1.553346661000384E-002
   250427.715664101       8.581137381598362E-002  1.509771415428846E-002
   490624.852555556       8.626116882552157E-002  1.545969450851095E-002
   187278.968545732       8.671155869984148E-002  1.582022700990144E-002
   183819.871285360       8.716092606883301E-002  1.618119872040975E-002
   222452.317032352       8.761006147515243E-002  1.654153805323694E-002
   512544.582335718       8.837580783987535E-002  1.561399252362148E-002
   249508.559105856       8.793485505221249E-002  1.524161512841973E-002
   180782.419147711       8.749358508816042E-002  1.487038910894522E-002
   85800.5789910520       8.705350209119692E-002  1.449854180860966E-002
   50218.4172934785       8.661362731278327E-002  1.412728443781550E-002
   30386.1169353938       8.697749144604415E-002  1.369086392656866E-002
   144961.239489773       8.734084262775357E-002  1.325542913168191E-002
   323498.365346681       8.770524484622777E-002  1.281858632993375E-002
   221748.858379718       8.806893208159708E-002  1.238259402371742E-002
   16714.0327477751       8.672986741142708E-002  1.201005079966783E-002
   143999.025734592       8.636778885787830E-002  1.244832427159612E-002
   262022.369060502       8.600644064903641E-002  1.288578764050565E-002
   137125.556695472       8.564421700202555E-002  1.332480779439250E-002
   196674.042688872       8.526818644972985E-002  1.295555438629345E-002
   55010.5330364125       8.489248248679591E-002  1.258748785325365E-002
   36474.9423200210       8.451785358132347E-002  1.221849934624183E-002
   215264.931080096       8.354264387393848E-002  1.339741451411423E-002
   184646.015932270       8.397608820757853E-002  1.369594886745749E-002
   70303.3013554743       8.440857335617093E-002  1.399526134359538E-002
   69553.2791113477       8.484169088672737E-002  1.429446410300805E-002
   36627.7192798215       8.447512570431853E-002  1.469983362806165E-002
   211063.358849095       8.410842525399262E-002  1.510386471215085E-002
   254672.093669178       8.374077372255907E-002  1.550947089614223E-002
   126132.879390299       8.930230058129289E-002  1.638099312316553E-002
   177157.812045542       8.967399981859538E-002  1.592473425736257E-002
   204637.670239866       9.004604235948306E-002  1.546978227956335E-002
   573185.855198291       9.041898386889977E-002  1.501297711807062E-002
   277073.570966220       9.079125805594995E-002  1.455673307405446E-002
   468338.549726558       9.119153688952988E-002  1.493858799179847E-002
   100691.988407039       9.159022028023393E-002  1.532165091355298E-002
   104092.254623188       9.198963679818088E-002  1.570317258498733E-002
   128378.705181563       9.238825724279887E-002  1.608616182889791E-002
   431158.259885331       9.334238045669584E-002  1.492751304782424E-002
   324715.108587430       9.288841379894949E-002  1.460994448789499E-002
   304990.139110901       9.243577918516394E-002  1.429229797407940E-002
   29363.4329043976       9.198225809723110E-002  1.397633595510856E-002
   160705.705906690       9.153072066654666E-002  1.365874996367579E-002
   28323.4278651597       9.189632249435412E-002  1.308509157377984E-002
   7314.05138277442       9.226313465384699E-002  1.251145269705804E-002
   82954.9579357712       9.262929762073140E-002  1.193810570921683E-002
   20601.3144123633       9.299664139912953E-002  1.136459737811794E-002
   191170.064726471       9.211462931190702E-002  1.151298372840263E-002
   112519.163785424       9.162071462183094E-002  1.198135293864477E-002
   118507.883647033       9.112706843329324E-002  1.245089096786287E-002
   46502.5390890303       9.063354985375366E-002  1.291962421641695E-002
   66877.4720788815       9.019395097075696E-002  1.254079039133485E-002
   28245.8428573652       8.975523394005103E-002  1.216134458873526E-002
   50809.8430988233       8.931587596368114E-002  1.178302883410744E-002
   185629.710195840       8.852593964140519E-002  1.274071576403110E-002
   169932.913426235       8.898183668511288E-002  1.309991093091220E-002
   122095.223719430       8.943857464444482E-002  1.345767896820618E-002
   47852.3389294976       8.989440737320580E-002  1.381619347044990E-002
   133204.925196100       8.951657600672085E-002  1.426505752449603E-002
   182651.837931377       8.913636960930996E-002  1.471462375039624E-002
   266615.429421075       8.875681572862953E-002  1.516365701911134E-002
   31267.8202401177       9.450062495286145E-002  1.588277030108175E-002
   356665.754077669       9.482266284941164E-002  1.547117046950831E-002
   298967.871581401       9.514567896844651E-002  1.505878795591169E-002
   1013653.93493826       9.546715028518600E-002  1.464628401519381E-002
   274033.685577947       9.579123700322335E-002  1.423359021452039E-002
   1572575.80132429       9.624398089979491E-002  1.456990156960601E-002
   1378729.75781250       9.669939676739348E-002  1.490148131855028E-002
   1160096.38843603       9.715510176836931E-002  1.523123369198886E-002
   377782.167615523       9.761200555748292E-002  1.555772631860763E-002
   155551.147179598       9.835445317967617E-002  1.460411615769618E-002
   780345.971831011       9.792911860589135E-002  1.424401938174862E-002
   1045945.97350871       9.750539382656141E-002  1.388345661452257E-002
   1277592.82873160       9.708511759908031E-002  1.352003045380161E-002
   434949.071010209       9.666646866912271E-002  1.315580990061781E-002
   966315.891900904       9.700573192258094E-002  1.270591515774644E-002
   97444.3142462422       9.734281701655026E-002  1.225543017123662E-002
   46245.7887178432       9.768295869909772E-002  1.180442165668010E-002
   29737.1915267950       9.802185799388734E-002  1.135285151753813E-002
   312520.537247677       9.674137012527258E-002  1.102253997288377E-002
   363691.370356000       9.635884958887950E-002  1.143956278035687E-002
   1110352.72916420       9.597642366424149E-002  1.185590551105374E-002
   511681.359290492       9.559620053309265E-002  1.227732062876096E-002
   163798.271942941       9.502586501613634E-002  1.195210426940461E-002
   275584.622528205       9.445600024240940E-002  1.162747257315530E-002
   373415.563271481       9.388636104810469E-002  1.130166161250502E-002
   18972.8061563889       9.342505798229021E-002  1.186184772221861E-002
   8961.32249738825       9.385506077063151E-002  1.235846625073869E-002
   37394.1910562602       9.428443302390954E-002  1.285488256413850E-002
   341776.764982690       9.471477165647760E-002  1.335124644451572E-002
   424394.197208397       9.437369253830716E-002  1.374656562754826E-002
   130811.339605172       9.403044521493574E-002  1.413913603833694E-002
   137044.413392050       9.368642338070267E-002  1.453351626997639E-002
   5295542.18670212      -3.364000000000000E-003  2.500000000000000E-003
   2364123.45559930       2.355294442551014E-003 -3.551202426478978E-003
   7536027.10407502      -3.329000000000000E-003 -2.500000000000000E-003
   3011432.29704630      -2.525666384135423E-003 -3.353225371755834E-003
   1806258.78278063       7.230902830207914E-003 -3.247166552298210E-003
   2038636.87295000       1.205197529571481E-002 -3.687840416816304E-003
   2083238.27365631       1.690253488623229E-002 -4.012313780726563E-003
   3696409.87129081       2.182699906830755E-002 -3.792881159268633E-003
   2354557.62873899       2.666877138690044E-002 -4.421181511215406E-003
   1854981.55116503       3.159253267212025E-002 -4.549259057551025E-003
   1179915.36649374       3.650921186478664E-002 -5.115910676851296E-003
   1288380.06419115       4.145618711976368E-002 -5.404764007280349E-003
   1195307.43570250       4.638961540155952E-002 -5.858389230629804E-003
   1130550.75248856       5.131209193783105E-002 -6.423732800476664E-003
   1663434.10910486       5.628636336863132E-002 -6.460774729408624E-003
   819506.777733351       6.118990594616368E-002 -7.182140861205184E-003
   410308.926267335       6.613174192761043E-002 -7.741936113643152E-003
   449714.044452047       7.112184610717029E-002 -7.871254029505443E-003
   248987.644541136       7.609939231847494E-002 -8.216530191596943E-003
   436704.344336967       8.107412758796409E-002 -8.533322840572665E-003
   108110.410916671       8.601870660246287E-002 -9.294085526282213E-003
   21047.3173641608       9.100517900138749E-002 -9.647998124022859E-003
   4782.85866374552       9.727669503666277E-002 -4.460831792326777E-003
   80.2254286425069       9.684547112766873E-002 -9.442112104031673E-003
   54.3301730231933       9.597912572590711E-002 -1.015869843875001E-002
   1939957.73892359      -3.174000000000000E-003  7.500000000000000E-003
   53219.5625173438       9.781195872477014E-002  5.099367793020603E-004
   1674765.39517664      -3.401000000000000E-003  1.250000000000000E-002
   96728.4540907559       9.835865030925393E-002  5.475786902342810E-003
   801228.285519220      -3.180000000000000E-003  1.750000000000000E-002
   302081.546079900       9.876765918645891E-002  1.045286610444122E-002
   1519611.40187330      -2.471273227902465E-003  2.347610292170594E-002
   6337119.59425416      -3.502000000000000E-003  2.250000000000000E-002
   122951.987207823       2.646016198420464E-003  2.340343732035573E-002
   209225.396243055       7.785482293458509E-003  2.311542417769777E-002
   828094.786003344       1.292885304799536E-002  2.260961386600706E-002
   377883.628924931       1.805932238418331E-002  2.261009517354398E-002
   169309.102714636       2.323285599772857E-002  2.260375782034351E-002
   1015096.75726189       2.828948845552016E-002  2.209295887271590E-002
   629155.151095596       3.334702344252825E-002  2.176844589509985E-002
   348061.159431972       3.842973701414890E-002  2.182296311945700E-002
   579233.466781099       4.344147245980205E-002  2.117572962851762E-002
   322026.311464049       4.848502130684984E-002  2.095829112855968E-002
   182450.620140185       5.350157496024453E-002  2.025956752488305E-002
   141182.717158864       5.856110209089194E-002  2.022984810375953E-002
   179179.167603637       6.354236603542142E-002  1.943560294691953E-002
   165085.289402465       6.856341906953221E-002  1.914704086532105E-002
   514787.562011211       7.353920990414778E-002  1.842067251237329E-002
   54449.7968132066       7.854096083231540E-002  1.807359421540024E-002
   94587.6989707373       8.356429110596640E-002  1.794931473727630E-002
   83885.6137490996       8.853639363257325E-002  1.730671783364925E-002
   53004.7932001555       9.354595151905136E-002  1.703991973924318E-002
   338909.179881864       9.930765416196427E-002  1.534382296066611E-002
   544194.739865796       9.856760880703823E-002  1.629638540102528E-002
