   927429.219975215      -1.885445610054174E-003  2.499116818038583E-003
   404431.477277643      -1.419771073699080E-003  2.082158994164707E-003
   1069800.62801185      -9.563700091659571E-004  1.665395946717376E-003
   2120991.68160560      -4.929104882540806E-004  1.251917970072330E-003
   1347879.70363395      -3.068333316045867E-005  8.382178288080976E-004
   2379586.50904737       3.844889938439590E-004  1.246128236585382E-003
   1347260.25322072       7.990948476163802E-004  1.659201670979657E-003
   1234842.23545041       1.214372169479408E-003  2.075962862998603E-003
   617690.122690274       1.639141327314215E-003  2.488597454081966E-003
   3686985.51298427       2.445286928965363E-003  1.674933361313083E-003
   2202540.57246352       2.044295544050080E-003  1.253618690837957E-003
   1724557.85139208       1.639388475533938E-003  8.319098480296942E-004
   642977.477971679       1.233867709076979E-003  4.059699739015058E-004
   979066.219019480       8.248760248441055E-004 -2.075957554769999E-005
   122459.933021857       1.232820992208518E-003 -4.844809542308758E-004
   246754.211775767       1.629258824676117E-003 -9.536003777075729E-004
   3668244.41371974       2.023102988424712E-003 -1.418153683985859E-003
   2260798.80245752       2.410862435806472E-003 -1.880637686468260E-003
   866683.179909432       1.707887849170250E-003 -2.557712270836230E-003
   203913.629901406       1.263179565313426E-003 -2.131109606870230E-003
   2541821.85343958       8.304206303510637E-004 -1.701870265420321E-003
   3133898.49265857       3.964252684044544E-004 -1.280600589113025E-003
   2918254.50599838      -3.592697288945051E-005 -8.641011747085873E-004
   3576195.33954962      -4.002216879733412E-004 -1.275566545947909E-003
   1508448.59751679      -7.683355221097111E-004 -1.686555473682703E-003
   778238.611285794      -1.137093818723700E-003 -2.101405290454580E-003
   2825636.55005044      -1.507726047340258E-003 -2.516206957934180E-003
   26973.5935263069      -2.513451561070603E-003 -1.516939729551003E-003
   2392922.18942126      -2.109048270566146E-003 -1.142881027985213E-003
   1764652.40194040      -1.703810011726757E-003 -7.657979662856938E-004
   197861.341623708      -1.298803943155791E-003 -3.866281787030496E-004
   1278273.66313514      -8.861780154773082E-004 -1.110705269968383E-005
   408879.211602791      -1.296771322437136E-003  4.610858734429263E-004
   537244.492061061      -1.701927073811101E-003  9.361327396010542E-004
   1292435.16731744      -2.106593322336267E-003  1.410450146860749E-003
   1226723.37028370      -2.510234293024098E-003  1.882474140006996E-003
   649684.258361807       3.266333602463958E-003  2.474017879331861E-003
   701486.157155697       3.683621620524955E-003  2.051552002454035E-003
   1177044.81414249       4.090617051444452E-003  1.626703320932047E-003
   3009347.87360923       4.496738959927781E-003  1.205706920178245E-003
   2021873.86312518       4.902016729577207E-003  7.893512259432227E-004
   2801524.08415005       5.299601295576215E-003  1.195749433524521E-003
   1014286.16259668       5.698968920104238E-003  1.605443043674024E-003
   425367.851391872       6.100353306450026E-003  2.018179132612140E-003
   790851.777764025       6.508854981805658E-003  2.429013537548951E-003
   2866634.18553720       7.384190022100123E-003  1.531761362229519E-003
   2436316.73350467       6.979714829383920E-003  1.133039431926130E-003
   1652016.39656942       6.573554587576658E-003  7.313189990547891E-004
   61396.9723655294       6.165949372780406E-003  3.259525653974067E-004
   622187.277577246       5.752194781331080E-003 -7.859677226394643E-005
   149719.790775914       6.155879651234162E-003 -5.270725144104203E-004
   569023.696379724       6.550832896172792E-003 -9.782622309997045E-004
   3323867.01372601       6.943399092642389E-003 -1.425931333672101E-003
   2046989.80393753       7.331977569630627E-003 -1.872422532119672E-003
   730453.011124041       6.561057183010124E-003 -2.612360601496571E-003
   243059.451773747       6.132772667584782E-003 -2.187926551908160E-003
   2007537.32935398       5.714750969923218E-003 -1.761506658289408E-003
   2668421.12164296       5.297155095313606E-003 -1.340258718869135E-003
   2674660.96347428       4.880497557865781E-003 -9.229575007981574E-004
   3744232.06330708       4.438406457788992E-003 -1.329202984767093E-003
   1649765.18516923       3.995320362069287E-003 -1.740911102226230E-003
   1413318.04264715       3.552614424172281E-003 -2.158574065682658E-003
   537845.252379086       3.098018548214294E-003 -2.573979158851201E-003
   1994313.53961860       2.808048535002054E-003 -1.427630526094097E-003
   1116794.61550271       3.209715992222677E-003 -9.723859677976411E-004
   858263.246703274       3.614828810955322E-003 -5.126004965749834E-004
   457510.834171613       4.029128331854278E-003 -5.680332357962070E-005
   134155.794835329       3.626525919330536E-003  3.786616073879229E-004
   1579062.68962265       3.230631481526215E-003  8.148447017869351E-004
   2425514.34321068       2.836636729858629E-003  1.245980356447890E-003
   512581.931486570       8.286611275878699E-003  2.399973337347495E-003
   714101.759329977       8.682736868986643E-003  1.991746245593575E-003
   1062193.89701255       9.071878165626343E-003  1.582591689588967E-003
   2356321.27286721       9.459583026319910E-003  1.175256711166197E-003
   1769957.06066796       9.846820486243706E-003  7.726016141512417E-004
   2163856.96415691       1.022266096681773E-002  1.161629479647976E-003
   860464.480366707       1.060012769259384E-002  1.553576514432199E-003
   222870.607202279       1.097897853945014E-002  1.946594094693351E-003
   548816.847402989       1.136148081674575E-002  2.340229273064807E-003
   1712836.11488557       1.233982054808150E-002  1.327347356667065E-003
   1827122.37587446       1.194349752843457E-002  9.580179894753686E-004
   1152674.49676630       1.154734648432357E-002  5.863500989248858E-004
   16204.4841289660       1.114902017257512E-002  2.124833416728149E-004
   288295.166215404       1.074726072383984E-002 -1.606441496105331E-004
   950148.597602020       1.113556917074341E-002 -5.120347103961025E-004
   1056106.86966558       1.151898666403612E-002 -8.660482891172541E-004
   2783244.42100632       1.190144618136894E-002 -1.215712567058788E-003
   1712271.38782554       1.228120592205552E-002 -1.566674333126872E-003
   783529.013820157       1.111484921614858E-002 -2.678240536510153E-003
   181794.273636616       1.078368540457384E-002 -2.272717618413530E-003
   1356266.59265098       1.045905344109483E-002 -1.865440982261738E-003
   1891104.39836738       1.013361279754813E-002 -1.460241083837832E-003
   2435471.35037205       9.812266346072173E-003 -1.057012804675883E-003
   3478373.92874981       9.382280343317064E-003 -1.445812083532469E-003
   1598290.73854217       8.951707722990525E-003 -1.839543500725165E-003
   1489181.89553031       8.520962516854145E-003 -2.237528752831692E-003
   594808.171170894       8.080465585484448E-003 -2.634614512303918E-003
   1606433.89358159       7.720016877845130E-003 -1.437073682427353E-003
   943107.493517811       8.111788837530031E-003 -1.001314948667766E-003
   798499.576125305       8.507295813223811E-003 -5.626137037063292E-004
   376481.341910591       8.909674436327565E-003 -1.266822943945027E-004
   146138.932143804       8.524258388776922E-003  2.899168889439253E-004
   1379170.36584395       8.142123220213451E-003  7.064504672182000E-004
   2003865.72629650       7.762388361791757E-003  1.119921042731492E-003
   612711.546346587       1.335544393707162E-002  2.300331835225159E-003
   136876.309124905       1.372337671805909E-002  1.874885207338668E-003
   276120.292973512       1.408656978726216E-002  1.448081556002286E-003
   1602400.46301492       1.444815741889031E-002  1.023026820699785E-003
   1414130.72717717       1.480790252945161E-002  5.998776857684622E-004
   2445466.36458309       1.528473199077616E-002  1.000731747017376E-003
   1663103.19992449       1.575961413728015E-002  1.407554460540454E-003
   982006.340661043       1.623447896147502E-002  1.818205643214356E-003
   569301.075228364       1.671782832607719E-002  2.227991111262013E-003
   2807720.23829745       1.730106735654540E-002  1.619633745311570E-003
   1908308.31760147       1.689018244415483E-002  1.151668422660561E-003
   807974.249638393       1.647718772081933E-002  6.800165110149301E-004
   192872.948278735       1.606047640277665E-002  2.056221981042600E-004
   1189401.47444941       1.563880258461745E-002 -2.677029635989354E-004
   410316.148179347       1.603978974913543E-002 -7.490466920078822E-004
   6718.81341996139       1.643101690209281E-002 -1.235037338521632E-003
   2963855.63910658       1.681856682778394E-002 -1.717400587709441E-003
   1875609.26007060       1.720167881705543E-002 -2.196847141902367E-003
   736249.966896886       1.653047065154653E-002 -2.820199746551890E-003
   181136.471417749       1.608386143262165E-002 -2.383856501118893E-003
   2185301.51822110       1.564658474680844E-002 -1.946679051796810E-003
   2735687.95511831       1.520777636428348E-002 -1.515747202352304E-003
   2419766.16387019       1.476946576481365E-002 -1.089780948498962E-003
   2732424.02015381       1.443175834068554E-002 -1.496966184679973E-003
   750346.389124558       1.408998450582308E-002 -1.905722591672082E-003
   778612.584691009       1.374849109613654E-002 -2.317407455276260E-003
   391161.173021355       1.340046579124572E-002 -2.726076632636021E-003
   1821647.20242588       1.269212383831391E-002 -1.232432044878782E-003
   1719957.69977181       1.310626159508326E-002 -8.992210746846495E-004
   202262.180148342       1.352060609029526E-002 -5.615428663135274E-004
   238976.608241308       1.394072755458137E-002 -2.262138918127067E-004
   21306.5753720722       1.353701718159145E-002  1.640791909962677E-004
   1139411.07774070       1.313734851003180E-002  5.543748832561258E-004
   1624213.13565033       1.273815520944513E-002  9.418204994045446E-004
   689837.636044184       1.791345722242068E-002  2.196476001625160E-003
   455977.400729221       1.837564114887399E-002  1.726336758672821E-003
   916654.821216842       1.882706777472458E-002  1.254080027930644E-003
   2358003.26866307       1.927801108924148E-002  7.859006553140227E-004
   1556038.07259427       1.973048850819534E-002  3.240401100828076E-004
   1848359.50142102       2.013702414439641E-002  7.620096387144677E-004
   546679.025166838       2.054457080155839E-002  1.203738317019628E-003
   174336.869477349       2.095541703116962E-002  1.647178243753553E-003
   642408.087381312       2.136957756324193E-002  2.089691764295053E-003
   1571272.31627566       2.223358328247219E-002  1.180486983574688E-003
   1779499.56436145       2.178184143567096E-002  7.890868020383251E-004
   1096287.88107937       2.133026045888238E-002  3.931839532189508E-004
   33000.7936200269       2.087740053505343E-002 -4.357921454039291E-006
   593395.010141202       2.041962961633407E-002 -4.016194281415618E-004
   634688.285710224       2.085641725938308E-002 -7.715526964069998E-004
   895208.118915458       2.128735980005420E-002 -1.141177300528609E-003
   2345684.18428216       2.171818396987692E-002 -1.508473412495563E-003
   1357633.44495614       2.214650997206216E-002 -1.876261176169044E-003
   485098.325914234       2.101032099457230E-002 -2.934041420436032E-003
   505042.886657726       2.067465782819468E-002 -2.471934802678039E-003
   846763.254621015       2.034517432943114E-002 -2.007278406712291E-003
   1582182.07689387       2.001756603281179E-002 -1.545192725213116E-003
   2070370.48988263       1.969138830335108E-002 -1.085712503358199E-003
   3031678.84345804       1.923087290595378E-002 -1.523001921740787E-003
   1017883.30202982       1.876969943233841E-002 -1.966879265327541E-003
   622721.752700836       1.830744425563220E-002 -2.415373420721150E-003
   160872.276472995       1.783417098850491E-002 -2.860456869700604E-003
   2086887.49569820       1.764658143757424E-002 -1.743592280358555E-003
   1257532.68283631       1.809312164420720E-002 -1.285191265457786E-003
   598317.058237567       1.854257936301496E-002 -8.217374435202924E-004
   733482.948847072       1.900101681254562E-002 -3.618291645546182E-004
   548996.316892389       1.856888296252349E-002  1.354204616385797E-004
   864552.862652191       1.814409248274879E-002  6.343733901062118E-004
   1721211.62981942       1.772212435334231E-002  1.129147239619053E-003
   517015.493730396       2.314525619038465E-002  2.039586681514922E-003
   540834.223231188       2.353349650133699E-002  1.502867584355158E-003
   292257.037265698       2.391615121134314E-002  9.629497155677366E-004
   1661224.45777767       2.429346370062568E-002  4.234330588446943E-004
   1306947.52229175       2.466818948157718E-002 -1.104973396261150E-004
   1123037.03855012       2.502786787254224E-002  4.020531440747174E-004
   456599.520208384       2.539185054188821E-002  9.171988673844623E-004
   490411.236572703       2.576119218491798E-002  1.431452665154632E-003
   387411.146853170       2.613503250256947E-002  1.942354502164526E-003
   2036370.09436446       2.717410394753187E-002  8.290010887219120E-004
   2224191.82087441       2.664899098779109E-002  4.921706774667623E-004
   2433111.24587349       2.612502190279563E-002  1.520451278251455E-004
   1567155.81785456       2.560303303084875E-002 -1.920539053231934E-004
   278926.889829921       2.507780378504688E-002 -5.404012054076564E-004
   323715.980629282       2.558130423126521E-002 -1.014318851471807E-003
   824393.274391822       2.607491417415430E-002 -1.488698369158525E-003
   2269194.87751672       2.656848001507567E-002 -1.959248813092964E-003
   1204499.35089540       2.706356580714902E-002 -2.424607104417897E-003
   146207.913953112       2.632559046725196E-002 -3.110372942825363E-003
   920627.904737917       2.589840140111335E-002 -2.569155108805880E-003
   445492.871321485       2.547830822953309E-002 -2.024407584252461E-003
   1436732.68839823       2.506268291605572E-002 -1.481598574428647E-003
   1858218.68291533       2.464613389915046E-002 -9.461398253625071E-004
   1370291.52527768       2.429515136699747E-002 -1.459647794809500E-003
   487429.680570888       2.393993644849526E-002 -1.976830506119260E-003
   327686.532458057       2.357958431042131E-002 -2.493649363166240E-003
   50314.9496471943       2.321248031342795E-002 -3.006294748385291E-003
   2120569.60451094       2.266888422020946E-002 -1.540511177261954E-003
   2442126.63247647       2.319105698866949E-002 -1.203535386658501E-003
   1339444.99602930       2.371136032409139E-002 -8.621760217952554E-004
   41888.9666929177       2.423614914449168E-002 -5.167387999284402E-004
   106726.325831961       2.373129829715693E-002 -8.808583955199710E-005
   1594549.28387901       2.323331713236884E-002  3.391141327825980E-004
   1779214.83621001       2.273428944892722E-002  7.621447849806820E-004
   87060.7610727366       2.828980318019125E-002  1.863301931552912E-003
   81259.2372567146       2.862762884971439E-002  1.363136987956013E-003
   20683.7114443978       2.896092636745108E-002  8.593495344635375E-004
   1230087.35279497       2.929093968421802E-002  3.573833758049915E-004
   1125967.64973052       2.961982791525503E-002 -1.423367614945489E-004
   806796.505086640       2.991261461779818E-002  3.347842212023403E-004
   360272.635395763       3.020907851485878E-002  8.112385827567061E-004
   270514.888240119       3.050719113705380E-002  1.288865715658023E-003
   203718.992976608       3.080862368255849E-002  1.763395165017645E-003
   1410270.68591345       3.212801020287013E-002  3.281907787205066E-004
   1485467.52459158       3.163585733436946E-002  6.795914755868796E-005
   1707261.78727179       3.114230811035523E-002 -1.923138717103170E-004
   1073504.40775187       3.065070270574500E-002 -4.554634838772713E-004
   65356.9934395281       3.015583197605572E-002 -7.198260109409298E-004
   577290.341722515       3.062493221415000E-002 -1.137069192949711E-003
   796207.466521334       3.108797063185153E-002 -1.553687320844598E-003
   1724906.82632975       3.155197733752706E-002 -1.968587332656714E-003
   983667.727138597       3.201468400378632E-002 -2.381194204716758E-003
   114773.334562319       3.104742211876921E-002 -3.269554263113132E-003
   431170.811606282       3.067575026275673E-002 -2.765992333901130E-003
   486617.544370347       3.030763343752645E-002 -2.259674504330719E-003
   1088314.87308692       2.994200797186886E-002 -1.755945182280510E-003
   1617564.56005722       2.957694018053187E-002 -1.254157537529019E-003
   2007570.27937188       2.912328435026350E-002 -1.725481924758413E-003
   375369.577578440       2.867081194903518E-002 -2.201522521236724E-003
   175463.516368322       2.821548217760609E-002 -2.681212125578970E-003
   90606.3874175839       2.775457091502914E-002 -3.157332436773135E-003
   1170165.58568032       2.755402747186032E-002 -1.991534894362173E-003
   808232.719537172       2.804598012656418E-002 -1.554598506842387E-003
   575707.009128318       2.853847315949573E-002 -1.115644370703420E-003
   279284.530598942       2.903937855524247E-002 -6.777954031717753E-004
   887993.365417138       2.857046816888722E-002 -2.976009941981629E-004
   1702029.42388818       2.810555092484855E-002  7.993441936185539E-005
   1629294.54543247       2.763902139515126E-002  4.552212941920105E-004
   294728.892886763       3.356602073127096E-002  1.645552349839374E-003
   138782.296891745       3.382900962711853E-002  1.240317102022224E-003
   287443.473683676       3.408960585119642E-002  8.352105251213716E-004
   1110564.41091117       3.434956787184324E-002  4.300262898444414E-004
   939892.763349552       3.460799261174369E-002  2.647014895927895E-005
   1586490.51197320       3.503035302873704E-002  3.999638309568651E-004
   774400.027542281       3.545340401652664E-002  7.758349853866400E-004
   540154.658752142       3.587690139087572E-002  1.152540426791176E-003
   244729.980985384       3.630347589573420E-002  1.529613193027699E-003
   1370005.99239061       3.712314873822538E-002  6.402084970676450E-004
   1007772.29031655       3.671945241691470E-002  2.448573429290190E-004
   629089.354191597       3.631537289481408E-002 -1.514962754429049E-004
   119338.786882052       3.590926380282201E-002 -5.491094905711037E-004
   113496.642828318       3.550100805756990E-002 -9.457377762855508E-004
   257683.257246175       3.587310525315203E-002 -1.381125022246055E-003
   473107.909714257       3.624293601102020E-002 -1.817286882521670E-003
   1657681.06962887       3.661108897355312E-002 -2.252644459571873E-003
   1055335.44126225       3.697853860190929E-002 -2.686320012958696E-003
   360998.829257800       3.610896283698860E-002 -3.481974717786948E-003
   78219.1814883618       3.571035062220067E-002 -3.069673090797199E-003
   888248.790578075       3.531479499170641E-002 -2.657249319462740E-003
   1188304.86395659       3.492059167620685E-002 -2.245826760368753E-003
   1171306.39269336       3.452710271964587E-002 -1.836655439603031E-003
   1584628.98197669       3.412293331458327E-002 -2.211236668112980E-003
   673096.232831281       3.371898664685174E-002 -2.588204586804246E-003
   673402.450912516       3.331399957434254E-002 -2.966269598628381E-003
   227722.825623244       3.290649715168670E-002 -3.344147865338836E-003
   642693.540748197       3.241710476303149E-002 -2.002739053004252E-003
   460076.388762599       3.282078226430057E-002 -1.623614067767361E-003
   332995.814193831       3.322628274658068E-002 -1.244161198128046E-003
   168985.949661297       3.363415371607798E-002 -8.649118613485321E-004
   566419.562604079       3.325648957161037E-002 -5.657966734094740E-004
   1155972.14523322       3.287974509273309E-002 -2.667699439356660E-004
   1264469.77319286       3.250390386309943E-002  3.068304475286774E-005
   34098.4273808025       3.801435966901602E-002  1.456790704898811E-003
   396835.031836912       3.841009538827665E-002  1.086859374286562E-003
   534845.689778388       3.880267809295109E-002  7.161992932115269E-004
   976341.757551583       3.919482889083307E-002  3.467817286112982E-004
   792431.708189869       3.958698326888095E-002 -2.121141094853706E-005
   1062854.71585604       4.004547655870172E-002  3.082864413790547E-004
   716072.010018323       4.050484328337539E-002  6.391397407338334E-004
   406118.116561644       4.096352476077499E-002  9.714417980818285E-004
   133055.703089765       4.142437476130392E-002  1.303892864792579E-003
   963577.054387608       4.210648696736344E-002  5.580585675642117E-004
   728658.558711692       4.174092470838559E-002  1.275209979582877E-004
   250964.355453958       4.137416208073692E-002 -3.043130439664795E-004
   170604.452367690       4.100614165245162E-002 -7.377068610435261E-004
   380739.000857162       4.063645172840014E-002 -1.169645407843603E-003
   225686.913033834       4.096858988275111E-002 -1.575552156466989E-003
   285980.075812055       4.129739819696965E-002 -1.981646644013192E-003
   1469910.53302583       4.162576504642310E-002 -2.387213723970023E-003
   970203.026478367       4.195149029205568E-002 -2.793191477187816E-003
   625134.632402593       4.095954162192983E-002 -3.692969550303092E-003
   172513.993057405       4.058846331753066E-002 -3.323372713065269E-003
   1106683.23615979       4.022103402624333E-002 -2.952701241792696E-003
   1272103.04219289       3.985426219112630E-002 -2.584215777882042E-003
   1326097.47800838       3.948771431274520E-002 -2.216054343462336E-003
   1838509.67951045       3.906186827276513E-002 -2.548371424151363E-003
   971316.652017438       3.863518636035240E-002 -2.881407870736212E-003
   1048129.74332444       3.820783097390577E-002 -3.217010763789759E-003
   454402.836503251       3.777780968244061E-002 -3.551653252425613E-003
   606763.074321362       3.733969969645407E-002 -2.282464404087710E-003
   365389.514318627       3.770388170544381E-002 -1.878056746114337E-003
   447007.815218307       3.806903600702265E-002 -1.473413381860957E-003
   128724.996199240       3.843777741220269E-002 -1.070510166076093E-003
   63414.0755600654       3.810744643086521E-002 -6.418993824449749E-004
   545796.945675019       3.777843731373082E-002 -2.135058232696967E-004
   881085.227321102       3.745005419922039E-002  2.136857860916702E-004
   160392.343607167       4.285357170726763E-002  1.237800590578614E-003
   193271.698290837       4.328165979763184E-002  8.433464405920685E-004
   418255.181903797       4.370703037741051E-002  4.486946491164803E-004
   819267.633790207       4.413298952280094E-002  5.431060861273975E-005
   707778.607945253       4.455815899284023E-002 -3.375965462987143E-004
   1028074.00717451       4.507047021773519E-002  8.723280892807689E-006
   843911.882617531       4.558296950687116E-002  3.580382828896453E-004
   520271.101517511       4.609431912785149E-002  7.082504550545692E-004
   20117.9885068598       4.660799513195470E-002  1.059102115830159E-003
   913969.976651778       4.709095120858998E-002  5.294767074588448E-004
   611116.575610367       4.670204985455398E-002  4.842278850386073E-005
   59421.3908323587       4.631156000890189E-002 -4.343931472381771E-004
   258065.757845665       4.591814280841413E-002 -9.181683783783918E-004
   373605.026931539       4.552395811065955E-002 -1.400243348157077E-003
   433134.149073074       4.587877847536036E-002 -1.750869785833205E-003
   415265.891759970       4.623157150283660E-002 -2.102576596879271E-003
   1346544.19781077       4.658353429185603E-002 -2.452589839329665E-003
   825251.038059619       4.693316957899787E-002 -2.803663410576317E-003
   507260.473303633       4.570118314758776E-002 -3.916059416763366E-003
   48785.6997295637       4.538840197592643E-002 -3.528239734902195E-003
   749488.317587334       4.507907698353799E-002 -3.138917890087246E-003
   939108.802720495       4.476952853232871E-002 -2.750275605269531E-003
   1221721.35335765       4.446165901555524E-002 -2.362663452960133E-003
   1625418.78089960       4.406160846834715E-002 -2.715863519373972E-003
   743990.566896426       4.366151338182633E-002 -3.070986379096371E-003
   742563.440777065       4.326028556123920E-002 -3.427039640875581E-003
   381470.115405639       4.285544422830322E-002 -3.781688439210517E-003
   886403.151783326       4.233447129723246E-002 -2.420546110433215E-003
   676161.756711200       4.271969215297436E-002 -2.048197252082153E-003
   110516.046972003       4.310652242998580E-002 -1.675354745390331E-003
   108662.983616791       4.349543219339731E-002 -1.302542567687931E-003
   161517.944641501       4.314652837018386E-002 -8.369976420223939E-004
   274665.986430688       4.279831288441381E-002 -3.702395260375119E-004
   657789.650917080       4.245192252988843E-002  9.455234471873893E-005
   125892.067248460       4.762152901143006E-002  1.010458953966257E-003
   302210.946740207       4.809559997289872E-002  5.204605338740237E-004
   498744.696825368       4.856592948722272E-002  3.001493309976919E-005
   1142977.30625672       4.903727815342779E-002 -4.582057722309334E-004
   652778.346374312       4.950886119117258E-002 -9.434576496240159E-004
   352453.008830180       4.981414765980043E-002 -4.932858283171182E-004
   158460.699767699       5.012220599696510E-002 -4.266286842246670E-005
   181554.335685745       5.043048085622923E-002  4.079599292431083E-004
   297734.356093002       5.074189110420282E-002  8.572469814398941E-004
   1087942.20325993       5.202225251378202E-002 -5.575318062542190E-004
   1158062.47327048       5.154849074469772E-002 -8.224483768000936E-004
   1247446.71070373       5.107461083421111E-002 -1.086584816029028E-003
   1002648.86323448       5.060115389462224E-002 -1.353342120212965E-003
   127939.706956777       5.012704788920520E-002 -1.620300087726427E-003
   89960.6111679822       5.056850552093523E-002 -2.094924025084442E-003
   143913.408518284       5.100485315824335E-002 -2.570218701351597E-003
   1177459.01354690       5.143989759805815E-002 -3.045021573818391E-003
   709722.166993185       5.187410907342476E-002 -3.518320124662281E-003
   157930.101545600       5.113410289119213E-002 -4.184278226521555E-003
   197275.182002217       5.070999009402035E-002 -3.695837293204908E-003
   706424.313741661       5.028965486045522E-002 -3.206695812223018E-003
   1037548.15690434       4.987058437338679E-002 -2.719996479501422E-003
   1170851.68315179       4.945031523570467E-002 -2.236042025576477E-003
   948560.871921400       4.910365443346314E-002 -2.684929257213451E-003
   61366.7806945765       4.875460887100747E-002 -3.134461587047108E-003
   54936.1346446336       4.840430601872944E-002 -3.584562361397928E-003
   85408.5443987946       4.805054092343441E-002 -4.032602386776094E-003
   1236129.33186833       4.740706985448094E-002 -2.494176851729141E-003
   1335959.38985385       4.788166273615846E-002 -2.184705715856461E-003
   674427.553805962       4.835572458589037E-002 -1.872869011777633E-003
   179956.788280830       4.883204613344937E-002 -1.560673079156981E-003
   387074.822776483       4.839276345874010E-002 -1.038567279456618E-003
   229818.380611795       4.795754161797698E-002 -5.139120072826812E-004
   594153.618772737       4.752404260442259E-002  8.951590523311121E-006
   171943.621665181       5.343867263233535E-002  7.194633063651137E-004
   52329.3177091050       5.370455210326298E-002  2.643632006181435E-004
   32237.0146275378       5.396681896849096E-002 -1.919572058287123E-004
   546250.717422944       5.422942421124493E-002 -6.478490000500496E-004
   610069.237720793       5.448977032623378E-002 -1.102921718449894E-003
   807776.268156404       5.488821400927580E-002 -6.831271607839434E-004
   235901.825273710       5.528746580252555E-002 -2.624370674105040E-004
   71783.8109658414       5.568846701408064E-002  1.588451940024197E-004
   123668.643271429       5.609016306661008E-002  5.795822297205821E-004
   725000.541454000       5.701981030531220E-002 -4.536252099954458E-004
   758362.468982303       5.656301849350550E-002 -8.089945727254868E-004
   601349.353934135       5.610597930068427E-002 -1.166173646740931E-003
   150233.643318743       5.564872532297412E-002 -1.523429757629947E-003
   41895.1355761301       5.518967061617361E-002 -1.880444319222682E-003
   400630.601598129       5.560942124362199E-002 -2.270170692642393E-003
   428813.957530525       5.602688770304427E-002 -2.660273957198772E-003
   972638.940953375       5.644442450875179E-002 -3.049067678037861E-003
   577603.944149526       5.686118101777030E-002 -3.438718791700511E-003
   143196.160911392       5.576848574768642E-002 -4.419100951753903E-003
   164783.280648397       5.542636487768506E-002 -3.959013925354237E-003
   344931.768521490       5.508754206574194E-002 -3.498137562811861E-003
   557537.340610083       5.474909973738282E-002 -3.038210055156030E-003
   898796.267899466       5.441177987241005E-002 -2.578935285232972E-003
   1231427.17839513       5.394538003757174E-002 -2.995580043935937E-003
   461778.657995498       5.348003400538623E-002 -3.414618457720136E-003
   345305.794273033       5.301324392435944E-002 -3.835547916453522E-003
   80143.9812295222       5.254306821078638E-002 -4.255531883837367E-003
   616730.122350759       5.233107533721669E-002 -3.090132282447791E-003
   350530.059336643       5.278916792372038E-002 -2.660816895643045E-003
   343259.483562089       5.324847741243022E-002 -2.231381488482285E-003
   26976.1233664404       5.371128124191426E-002 -1.802259097343075E-003
   580029.104390961       5.328816756238206E-002 -1.490427983903766E-003
   952082.374251484       5.286617069096356E-002 -1.178308758526398E-003
   884641.061029405       5.244372897725494E-002 -8.686417395482891E-004
   124598.873144468       5.805370068667572E-002  4.740179442124007E-004
   215688.010474908       5.841267995318065E-002  8.801065028069205E-005
   291144.422233432       5.877105249177594E-002 -2.974489059039708E-004
   664673.931430675       5.912821618269859E-002 -6.830309330828831E-004
   475741.689347268       5.948505709720474E-002 -1.067995918413799E-003
   703989.851841619       5.991791581175390E-002 -7.255243248177978E-004
   415487.564642389       6.035099444161041E-002 -3.824857190361606E-004
   257346.516312620       6.078427245967118E-002 -3.971118244989590E-005
   89387.2128531322       6.121879009284035E-002  3.039643188365525E-004
   603932.232198052       6.200930605201773E-002 -5.749587869458013E-004
   510677.520071575       6.162500980714471E-002 -9.712505923078285E-004
   278824.487869616       6.124115271463294E-002 -1.368219417974220E-003
   19560.7658245307       6.085577195812493E-002 -1.765622383383699E-003
   130467.581713564       6.046921092044205E-002 -2.162679060259684E-003
   41825.4198030511       6.081056660289741E-002 -2.617880247147674E-003
   50494.7289494449       6.114999685544990E-002 -3.074775259548466E-003
   687646.973053106       6.148800839083889E-002 -3.529963318508759E-003
   460315.110329102       6.182578585991027E-002 -3.984983378870358E-003
   264367.279600685       6.102689910586696E-002 -4.700177829277943E-003
   83963.4721612926       6.061264630593079E-002 -4.310738384271883E-003
   570403.681526969       6.020016360274196E-002 -3.922054156140873E-003
   629479.385984114       5.978653810189648E-002 -3.533533185668385E-003
   627677.562632942       5.937424623723988E-002 -3.145476847718843E-003
   775568.174151279       5.899271790073319E-002 -3.490947919792969E-003
   355953.271926513       5.861074547264492E-002 -3.836970333551961E-003
   384201.143302810       5.822873762775276E-002 -4.182934982971091E-003
   160144.200328471       5.784374122076116E-002 -4.528913332783826E-003
   428464.940734058       5.724219099824237E-002 -3.091059830306801E-003
   355539.744904452       5.762343956549118E-002 -2.744836603276302E-003
   22826.3086716207       5.800595211887398E-002 -2.397864567073149E-003
   35263.7480157681       5.838975535289732E-002 -2.051231013101119E-003
   49525.7986736812       5.804573427013079E-002 -1.651750785714800E-003
   300298.485881559       5.770293044346610E-002 -1.252142673949691E-003
   455088.365319145       5.736146051884508E-002 -8.523298927867815E-004
   56923.0604178568       6.288869363696074E-002  2.137943927366468E-004
   151803.561435182       6.328460249912768E-002 -1.734535174609149E-004
   206460.127405705       6.367890255032671E-002 -5.610517116399194E-004
   488517.248087406       6.407304270662574E-002 -9.479376496790205E-004
   366277.439233156       6.446702419953072E-002 -1.334248372920592E-003
   557431.786234882       6.494362172341379E-002 -9.958189300077417E-004
   383307.344494856       6.542114143518209E-002 -6.567130829459999E-004
   236166.863061953       6.589785670201327E-002 -3.168620904315596E-004
   66098.2241418086       6.637683663578399E-002  2.287362695075484E-005
   559962.213416297       6.700153810678131E-002 -6.742060380614822E-004
   434027.033066317       6.661532450322170E-002 -1.113796903915008E-003
   183978.537889384       6.622858930390849E-002 -1.553208269458893E-003
   38344.0347142789       6.584117495746945E-002 -1.993961698669658E-003
   190118.422302241       6.545291834541141E-002 -2.433485796336116E-003
   61212.4689723394       6.579192285107635E-002 -2.904932036100501E-003
   45052.6036620755       6.612920611708964E-002 -3.377108056683341E-003
   510246.457084427       6.646594971051428E-002 -3.848850575814616E-003
   344593.667367011       6.680146202916991E-002 -4.321406255493604E-003
   240175.680199704       6.606871298310027E-002 -4.975050112931300E-003
   98355.6804327417       6.563819303887281E-002 -4.585044176326068E-003
   514443.344015359       6.521013895195309E-002 -4.195061807832365E-003
   536721.126000097       6.478177676363697E-002 -3.806245840037161E-003
   552337.254760221       6.435360936277418E-002 -3.417805432523461E-003
   750631.458539703       6.390171875212673E-002 -3.757966641428232E-003
   420389.403943118       6.344870568209308E-002 -4.098772986515101E-003
   411435.317066783       6.299666871573310E-002 -4.440716822910938E-003
   196887.154802967       6.254285761639623E-002 -4.782213210446759E-003
   352929.894776644       6.220967095795474E-002 -3.569051039734990E-003
   198533.678574862       6.259473707826560E-002 -3.152984075024577E-003
   136868.316675995       6.298044694078804E-002 -2.735380232772128E-003
   80220.7401302264       6.336749297509145E-002 -2.319320095167983E-003
   56298.2354900926       6.302690596224506E-002 -1.882894464184951E-003
   224093.978333199       6.268727984459409E-002 -1.446376698279282E-003
   373999.248765944       6.234793300613226E-002 -1.010496904773259E-003
   72812.6725112912       6.769907682722033E-002 -5.101726450467770E-005
   252497.528511672       6.813696179234494E-002 -4.584774172249092E-004
   299208.612734496       6.857232074399171E-002 -8.659210970933195E-004
   572684.425298347       6.900877958246317E-002 -1.272413047828629E-003
   321005.405437511       6.944435122135122E-002 -1.678089491826757E-003
   381241.001320424       6.980835148307760E-002 -1.316038630288453E-003
   99270.8970784227       7.017398219180737E-002 -9.541313973535645E-004
   65888.7377723590       7.053885779357413E-002 -5.918644979081645E-004
   117118.745399915       7.090564480001894E-002 -2.300927733423644E-004
   525615.835205784       7.195959842760850E-002 -1.408217830024118E-003
   462376.872405721       7.156144926494876E-002 -1.732648104422659E-003
   408862.637837577       7.116307550137163E-002 -2.056220797136133E-003
   183767.691942929       7.076468963770462E-002 -2.381393956644941E-003
   4813.66926026182       7.036561285015061E-002 -2.705385157373065E-003
   144388.544649159       7.071431810155145E-002 -3.316019764707714E-003
   308391.697329311       7.106152713595071E-002 -3.926749477603584E-003
   56394.1970280560       7.140705490822093E-002 -4.539508167420897E-003
   86371.1080200136       7.174974531934088E-002 -5.152265214847853E-003
   73942.7300307994       7.160063496179413E-002 -5.284419814038789E-003
   344209.270455884       7.103581424439695E-002 -4.867055778454342E-003
   506377.241143676       7.047086245253822E-002 -4.452128160119501E-003
   325642.260121465       6.990540168528321E-002 -4.038982679663466E-003
   339526.076701849       6.933838313406912E-002 -3.626269277446569E-003
   411133.370688606       6.886863453149812E-002 -3.982104483335762E-003
   253389.591551314       6.839903214191613E-002 -4.338838747232055E-003
   209452.980509799       6.792918161177171E-002 -4.696154676190831E-003
   111764.297995362       6.745677748005419E-002 -5.052927928648291E-003
   352236.262310814       6.720433541211386E-002 -3.890540916741943E-003
   203755.424857866       6.760779116370123E-002 -3.460208641236212E-003
   15466.8926837144       6.801171413791297E-002 -3.029411533841732E-003
   136128.548515175       6.841625607959521E-002 -2.598595062333850E-003
   193609.894193195       6.806102407415907E-002 -2.117999709453511E-003
   82264.9358098214       6.770718297351258E-002 -1.635976599493946E-003
   241033.146448161       6.735389525494291E-002 -1.155363216346596E-003
   55727.4979122156       7.313819064208572E-002 -3.561169141745738E-004
   69626.5464963236       7.346017288828049E-002 -8.003414564360951E-004
   15876.6894354862       7.377965842223148E-002 -1.246248852294930E-003
   260924.849795823       7.410000412556757E-002 -1.690914366156551E-003
   189099.038772271       7.441878661607863E-002 -2.135365400005979E-003
   328947.001115864       7.482534861138565E-002 -1.732901186540650E-003
   116984.518772774       7.523219565349398E-002 -1.330201187095929E-003
   30454.2613859940       7.563930320023503E-002 -9.262133810374936E-004
   39789.8799722220       7.604579717291918E-002 -5.232171753137790E-004
   217519.204195166       7.695430108626179E-002 -1.541702032333087E-003
   252158.730630082       7.650894069930658E-002 -1.899832063755945E-003
   170428.551010843       7.606247569393262E-002 -2.259267059203889E-003
   2834.58858566325       7.561685151429993E-002 -2.619059226961071E-003
   41960.6297247580       7.517048365848035E-002 -2.978613076014635E-003
   67864.8576485675       7.557166476274818E-002 -3.401811121452291E-003
   109661.521226450       7.597250781440330E-002 -3.824013881343386E-003
   247672.976769516       7.637426955793661E-002 -4.246974790668873E-003
   151285.721370832       7.677495705118580E-002 -4.668752234487403E-003
   29410.5062136676       7.581867281991503E-002 -5.521078147725922E-003
   42433.2248603928       7.544563400423136E-002 -5.073622251649337E-003
   80546.2809107492       7.507224669406519E-002 -4.624909056605580E-003
   142280.436823453       7.469993363368312E-002 -4.177446434498846E-003
   169735.650632226       7.432676411069580E-002 -3.730143088391961E-003
   364230.033553932       7.371446823244542E-002 -4.120523199426971E-003
   353773.244411738       7.310402056365693E-002 -4.512051167279947E-003
   257974.420686839       7.249370591466560E-002 -4.906317592971561E-003
   91496.8657184529       7.188238642573296E-002 -5.301016820927455E-003
   109443.525748810       7.220326599512120E-002 -4.585370934148335E-003
   147876.436352982       7.265969566201466E-002 -4.017679560051874E-003
   200496.662134328       7.311673560563639E-002 -3.452118716955976E-003
   20127.3055051544       7.357502655374396E-002 -2.886611179596068E-003
   154635.890303495       7.317092130491404E-002 -2.517163514687343E-003
   362574.301245098       7.276746848654606E-002 -2.146812778730157E-003
   321680.837610403       7.236272419087419E-002 -1.778119373383559E-003
   6183.00544120853       7.797268036750379E-002 -6.340310961057173E-004
   63035.6597649516       7.833552219851686E-002 -9.996717618153805E-004
   51300.7626036473       7.869873706095022E-002 -1.366589123941802E-003
   123448.095711838       7.906198224080527E-002 -1.732310842028615E-003
   108780.055947064       7.942522340552262E-002 -2.097822656246604E-003
   120862.609236934       7.983904875347310E-002 -1.777099379588899E-003
   80910.0315281746       8.025191863527453E-002 -1.456242279445283E-003
   34605.1123698742       8.066590806193906E-002 -1.134361241626382E-003
   8006.53901144111       8.107994716845440E-002 -8.134240139628275E-004
   95145.2902698191       8.194650970126942E-002 -1.785983331370423E-003
   108913.763952692       8.158066587404779E-002 -2.160488928385406E-003
   57376.0933330376       8.121380076921912E-002 -2.535106255817092E-003
   13324.9189341754       8.084790105648144E-002 -2.908843674099280E-003
   36480.4783423965       8.048178099942760E-002 -3.283546253603877E-003
   32256.3895997242       8.080444026836149E-002 -3.666860239612466E-003
   7709.48685459440       8.112666495945674E-002 -4.050392940735546E-003
   110955.120340563       8.144989062425499E-002 -4.433836628470859E-003
   72940.6969623631       8.177186365539739E-002 -4.817305308643110E-003
   63377.1618435882       8.066935049592718E-002 -5.798914215728755E-003
   26630.8775551029       8.032583469125673E-002 -5.434371382424762E-003
   109199.145224281       7.998267398933129E-002 -5.068734269590403E-003
   106047.018950051       7.963937425998903E-002 -4.704317390715158E-003
   168143.177933909       7.929630137476026E-002 -4.339809372760814E-003
   214709.461033482       7.887882010818505E-002 -4.660417206115377E-003
   128771.658524816       7.846231298919737E-002 -4.981297219349000E-003
   135209.894408255       7.804475730483877E-002 -5.303407872372913E-003
   55538.8309815489       7.762777303393419E-002 -5.624399351285876E-003
   82507.2933611539       7.714035190043726E-002 -4.290613103349201E-003
   51888.9241146210       7.750719040394403E-002 -3.911642044353894E-003
   35542.0913474453       7.787311245882712E-002 -3.533465727476858E-003
   45753.8974377830       7.823940570668465E-002 -3.154385692756157E-003
   5938.36773356303       7.791816297112354E-002 -2.750858824639791E-003
   74184.1735650815       7.759708348553883E-002 -2.347384956832668E-003
   95968.0892140690       7.727504884395488E-002 -1.944053990717479E-003
   3525.79134396804       8.291887056031551E-002 -9.199429389060159E-004
   31699.1754550555       8.329092809776442E-002 -1.331150066206793E-003
   1155.25658547780       8.366266156475334E-002 -1.742515602775971E-003
   45045.6106302196       8.403341138345530E-002 -2.153715879241797E-003
   42829.7765175547       8.440519375620606E-002 -2.563896734192719E-003
   31268.4433670479       8.472799867264212E-002 -2.193947955345629E-003
   20329.2537881699       8.505188450962867E-002 -1.823044195865680E-003
   9101.54512000814       8.537479965808197E-002 -1.452078399083519E-003
   9080.19842074141       8.569772189661912E-002 -1.081096466646998E-003
   35805.3999875753       8.691578942245605E-002 -2.448829662382230E-003
   51323.9345907901       8.651012099248609E-002 -2.726798140693707E-003
   46032.3518001265       8.610447240270193E-002 -3.004807968788927E-003
   40844.4841537857       8.569876139814678E-002 -3.283829739781024E-003
   11904.2046700565       8.529408746100725E-002 -3.561916566954095E-003
   22892.7301469197       8.565999159287951E-002 -3.957719597051504E-003
   7554.01129052425       8.602656731063771E-002 -4.354733887517563E-003
   34446.2887138951       8.639320847717882E-002 -4.750683196552693E-003
   21504.6565587931       8.675976070008115E-002 -5.146657043692590E-003
   19281.9687785586       8.570036884101891E-002 -6.089776256198528E-003
   7369.14906904749       8.534953321139087E-002 -5.679734780959477E-003
   41817.0767824318       8.499880084051628E-002 -5.269667895438703E-003
   28933.8145660105       8.464702010872686E-002 -4.859654482494678E-003
   92417.3370837131       8.429632500142110E-002 -4.450615425913681E-003
   91398.9442929101       8.391087901888079E-002 -4.817012916589107E-003
   41493.1988967865       8.352532896868822E-002 -5.184532849437404E-003
   34926.8835728376       8.313971664672085E-002 -5.552139377665634E-003
   24074.3517581840       8.275383651992692E-002 -5.919616413780695E-003
   90858.5441781681       8.218081821598923E-002 -4.476241101865735E-003
   76280.1075875490       8.258989114434864E-002 -4.135184162156174E-003
   31755.9424081646       8.299900066795556E-002 -3.794005350427514E-003
   13867.8581120164       8.340723916319548E-002 -3.452745044815919E-003
   19287.8339662023       8.304268068346456E-002 -3.035826442442831E-003
   19729.5014592379       8.267718565099857E-002 -2.619839368090044E-003
   9937.75842506174       8.231174506343322E-002 -2.202964750736037E-003
   4639.46731918132       8.828333482227535E-002 -1.231029141109494E-003
   15545.9814747281       8.855862102845259E-002 -1.685654532104201E-003
   6855.94654877564       8.883375049162595E-002 -2.140381986490568E-003
   8115.38344597950       8.910984324939765E-002 -2.596136000642041E-003
   11611.6635361121       8.938497506343562E-002 -3.050824242979229E-003
   9444.99755640263       8.977367085619707E-002 -2.634629881240419E-003
   9139.40317126629       9.016142515684943E-002 -2.217378440526580E-003
   8451.15722016142       9.055011737559182E-002 -1.801179637061316E-003
   5225.86944512707       9.093880309072173E-002 -1.384973695783767E-003
   6673.35944650232       9.192166922493097E-002 -2.488646275253304E-003
   7954.64394087589       9.146336989765268E-002 -2.826702942148244E-003
   8835.32219821082       9.100507184531963E-002 -3.164756330649281E-003
   10314.3180250037       9.054583303801442E-002 -3.501746502192952E-003
   2122.67198865935       9.008753496352857E-002 -3.839785229459896E-003
   12060.9139947196       9.050917194308593E-002 -4.135643098974811E-003
   801.349906569948       9.093168746293223E-002 -4.432601832649606E-003
   5699.22230456761       9.135327494795907E-002 -4.728485082389442E-003
   2921.26397414188       9.177479274879514E-002 -5.025374615296390E-003
   1907.89580513799       9.028137321913374E-002 -6.355202136803477E-003
   341.993897808952       9.003516163577852E-002 -5.902201134517647E-003
   5246.18958356171       8.978996537415027E-002 -5.449249913350107E-003
   2029.55605289007       8.954381470737166E-002 -4.995261668526250E-003
   25819.6497861252       8.929865824739693E-002 -4.542296314152456E-003
   20887.8162061067       8.890006892322690E-002 -4.957956320032574E-003
   5232.45719297752       8.850039910193608E-002 -5.374602962770859E-003
   2997.34524736855       8.810174649926476E-002 -5.790320829227307E-003
   3765.35654774617       8.770300217863169E-002 -6.205989615200032E-003
   33094.3578055517       8.721854499319778E-002 -4.798616225641814E-003
   29791.1775979146       8.767734423511275E-002 -4.450557367986912E-003
   17058.9068449738       8.813720229147545E-002 -4.101506568401620E-003
   3334.45612793532       8.859604026742471E-002 -3.753371954594219E-003
   4344.69470268387       8.817617541873218E-002 -3.427501708836355E-003
   7674.97237879857       8.775539898080406E-002 -3.100578285738998E-003
   6582.27292726135       8.733553769223495E-002 -2.774760667502162E-003
   3584.02635602386       9.302528360565097E-002 -1.505837769359826E-003
   4503.01073301147       9.336466067987657E-002 -1.942159452026293E-003
   4476.98233570865       9.370394881015330E-002 -2.379506738146108E-003
   5897.43127254511       9.404230599351958E-002 -2.815796629997958E-003
   2340.85433041406       9.438160664663407E-002 -3.253145849007032E-003
   6961.67441361876       9.485999228385855E-002 -2.863171673717802E-003
   2497.94507140730       9.533831749815629E-002 -2.474206717516396E-003
   4456.88713920311       9.581569429471429E-002 -2.084195183018275E-003
   4249.02950792286       9.629400223161870E-002 -1.695248276283686E-003
   1416.85790601334       9.693445912437905E-002 -2.414490040767332E-003
   6708.32979066848       9.649281585293688E-002 -2.844667016411879E-003
   542.337011974353       9.605022680079250E-002 -3.273759596078113E-003
   3720.49762977667       9.560858927872688E-002 -3.703904319987789E-003
   1384.95690335371       9.516597660569302E-002 -4.134000566664789E-003
   2527.91730829916       9.555464467232791E-002 -4.635309730653704E-003
   703.865590582169       9.594230278463473E-002 -5.136569113928835E-003
   195.883598234527       9.633090440485619E-002 -5.638882608254321E-003
   57.3563427152709       9.671856475355468E-002 -6.140140460053710E-003
   36.5535053085886       9.609860036375209E-002 -6.692211139264086E-003
   132.728724061118       9.564545797322913E-002 -6.249264241933596E-003
   476.414588655100       9.519137568857637E-002 -5.805260475525287E-003
   1712.38920602868       9.473823151858840E-002 -5.362315622790130E-003
   4164.47587107632       9.428515451891049E-002 -4.918361823072369E-003
   1877.87315548687       9.399050396788652E-002 -5.318997586728234E-003
   416.975840625184       9.369490604018600E-002 -5.718576012306250E-003
   213.210339427923       9.340024660596692E-002 -6.119212177808724E-003
   395.597479762447       9.310463692390662E-002 -6.518785544937447E-003
   4390.71852026851       9.220581580944313E-002 -4.777887298834594E-003
   4980.93707178321       9.263778281262251E-002 -4.531459132028980E-003
   3692.65270108510       9.306880714766848E-002 -4.283968717707393E-003
   357.337365073306       9.350077576605423E-002 -4.037533766119200E-003
   431.515115551081       9.310552037604324E-002 -3.650037409398072E-003
   1647.92794517995       9.271119419987764E-002 -3.263600303495732E-003
   7852.09951665256       9.231591811703875E-002 -2.876112010961082E-003
   150505.737114206      -1.742484116941582E-003  7.510921177648531E-003
   129332.025742649      -1.307260377164530E-003  7.014016965507920E-003
   193382.578294767      -8.751650798541528E-004  6.516500670444553E-003
   948033.801721537      -4.438257843824888E-004  6.018053386593294E-003
   578757.841410237      -1.497161925238793E-005  5.520471849304813E-003
   722067.483420555       3.328456518323605E-004  6.016055957004866E-003
   151461.594220835       6.827480985606187E-004  6.512149385547713E-003
   72389.6576629883       1.033625637013549E-003  7.007615647813496E-003
   284471.230804707       1.387634065520077E-003  7.502191889374774E-003
   1201585.95060164       2.479665236305845E-003  6.397433919952562E-003
   770359.157202120       1.984990360213713E-003  6.049549565110651E-003
   987975.246444518       1.490712717884515E-003  5.701992160080954E-003
   445854.363604486       9.962483197963484E-004  5.352419562657838E-003
   217220.917153981       4.999322644505139E-004  5.002522173898663E-003
   616322.187121870       9.924753258031267E-004  4.574772523326178E-003
   713018.974746460       1.481293126357588E-003  4.146221521204942E-003
   1321020.76378704       1.969010689239172E-003  3.720453173005820E-003
   1168797.42610783       2.457807755714375E-003  3.294928062016420E-003
   107655.306383922       1.221098538402877E-003  2.989154900901616E-003
   527658.364706451       8.071630752359698E-004  3.489905681359652E-003
   913159.008143212       3.934484631378369E-004  3.990569443505301E-003
   1062765.70132539      -1.952242538232500E-005  4.488839917914446E-003
   1386994.84022136      -4.850384816453797E-004  3.993473017669770E-003
   513435.175674299      -9.504879217605887E-004  3.496005809102289E-003
   299570.860557288      -1.416999334013880E-003  2.998309822799278E-003
   337307.606981244      -2.506872625485003E-003  3.119421012898570E-003
   1117488.01776401      -2.013905707665247E-003  3.589171439705073E-003
   479197.214054002      -1.523489559188044E-003  4.061563131797840E-003
   220145.536542208      -1.031049996400301E-003  4.534701289211950E-003
   552734.377762142      -5.342130242865791E-004  5.006031653521403E-003
   610545.133485505      -1.026771528367852E-003  5.443690637607219E-003
   1124571.14491484      -1.517527883744259E-003  5.882116510145606E-003
   1148182.34151652      -2.008010082070936E-003  6.317456181320465E-003
   1924328.50659401      -2.500322657877837E-003  6.751100801326367E-003
   157557.878146204       3.587576030040387E-003  7.487260540607050E-003
   79652.4379521948       3.934733720675588E-003  7.033944681616153E-003
   109313.308531133       4.279153402815605E-003  6.579189526911886E-003
   586554.117734025       4.622555228820499E-003  6.123803245838124E-003
   723722.775251384       4.964274950066225E-003  5.669723305850167E-003
   1030466.56501195       5.394379339646671E-003  6.112487601133290E-003
   579355.372116385       5.824180567661828E-003  6.559321678011789E-003
   166673.266947237       6.255452989293371E-003  7.006052761471396E-003
   370645.602370685       6.689879823983403E-003  7.451928873472654E-003
   1342664.12443651       7.463384254792358E-003  6.657881329176300E-003
   1224853.50260717       7.013645655965755E-003  6.235139850080730E-003
   812534.010822186       6.563980415780490E-003  5.810271804669934E-003
   356515.463585344       6.112374808391360E-003  5.383960817226216E-003
   578283.177453089       5.659759098901668E-003  4.957240238190243E-003
   491142.528516315       6.102477808609470E-003  4.542036670907692E-003
   853035.773607876       6.540243294549448E-003  4.125713008397617E-003
   1700260.83458358       6.976066335665424E-003  3.712052976247789E-003
   1320019.31233206       7.412440729050950E-003  3.302007122158767E-003
   217729.286320932       6.114336920850473E-003  2.889694116604600E-003
   677386.182484645       5.723465942100105E-003  3.350763638674459E-003
   1331598.52667742       5.334499210626033E-003  3.810823644729575E-003
   1842582.26280005       4.947251319312117E-003  4.267323227367183E-003
   2265598.15542161       4.529089566918215E-003  3.822205193695088E-003
   868490.726206870       4.109743526984891E-003  3.373652857539500E-003
   52047.2064208763       3.689752113304538E-003  2.924079479907938E-003
   1822476.14742597       2.904929354481489E-003  3.711839826480222E-003
   1020643.63440813       3.351069702720163E-003  4.131977795620439E-003
   134363.084192288       3.799623728895603E-003  4.554925683842653E-003
   407517.944348964       4.252986828839690E-003  4.976108418552848E-003
   437475.845784584       3.808956448528013E-003  5.332737931930731E-003
   939499.489554037       3.365413903456982E-003  5.688971502909205E-003
   922360.859605651       2.922352329197114E-003  6.043371429369264E-003
   347040.289724206       8.258564621606776E-003  7.426685627518062E-003
   164308.247166338       8.681247512772196E-003  6.958086328848920E-003
   128385.670706769       9.099327807181048E-003  6.486595944833443E-003
   742050.862168987       9.516160902450039E-003  6.017289842195719E-003
   734771.282224412       9.932414372685439E-003  5.549223979698514E-003
   839851.212495245       1.034080381635745E-002  6.000597422937214E-003
   334313.328934024       1.074915944854299E-002  6.454505647467094E-003
   106662.153118435       1.115950270051192E-002  6.910045610189759E-003
   574929.890707639       1.157425762212912E-002  7.363418945440248E-003
   1286848.45949678       1.243608787579421E-002  6.468528430721060E-003
   1250481.87834356       1.197530228991390E-002  6.071154427888902E-003
   848846.014611121       1.151371764033791E-002  5.672620605785630E-003
   359540.768036474       1.105235915527384E-002  5.272208090785486E-003
   708402.137562666       1.058801290630499E-002  4.870760504927978E-003
   207344.253865828       1.103925853143215E-002  4.479723758283008E-003
   682402.196478786       1.148495742387361E-002  4.088859022515668E-003
   1440778.74773505       1.193127658089104E-002  3.700749108035605E-003
   999363.031517544       1.237692788502034E-002  3.315296351056802E-003
   599814.556121667       1.099438133505113E-002  2.810177739704818E-003
   173695.639032404       1.063084389738911E-002  3.282103855815692E-003
   884165.862845503       1.026926272586286E-002  3.751813196820405E-003
   1356618.04079259       9.909569529886588E-003  4.220131793464528E-003
   1606887.91761483       9.506396250426784E-003  3.767619591417807E-003
   523899.443071301       9.102401791084234E-003  3.312675441702795E-003
   102825.729826592       8.696274900801772E-003  2.855431026286132E-003
   1646335.21367635       7.871258152638842E-003  3.697259060702215E-003
   1102259.27938425       8.330608430902232E-003  4.095563647532979E-003
   194409.343329861       8.789908205883256E-003  4.496144393158897E-003
   305131.137281650       9.254297355711247E-003  4.896659387270041E-003
   344129.501411025       8.803469703400383E-003  5.338443307546706E-003
   431069.337323243       8.356729561726393E-003  5.780256115554066E-003
   617472.826957030       7.909297988424477E-003  6.219805574298258E-003
   304631.363175352       1.333306362316325E-002  7.326103602615451E-003
   96538.5479046429       1.372990842916699E-002  6.873534412278552E-003
   280158.190486542       1.412205385504219E-002  6.419865365050106E-003
   1029394.92292127       1.451323347292147E-002  5.967646902598918E-003
   835538.116536536       1.490442256004788E-002  5.519224886301277E-003
   662412.689839560       1.524899938338945E-002  5.952874891514285E-003
   18329.0540893158       1.559603196316282E-002  6.388343826505061E-003
   23544.8326896142       1.594322739008976E-002  6.824210230240729E-003
   409756.980452672       1.629433906520671E-002  7.258490955859040E-003
   1376057.32219870       1.740809799158057E-002  6.091132854587599E-003
   1147924.55698240       1.696312982380545E-002  5.761118310642342E-003
   1138861.57960245       1.651766021052324E-002  5.431848788330616E-003
   683824.558665417       1.607248160738644E-002  5.099756356112733E-003
   384370.210032470       1.562704919543937E-002  4.767913509460526E-003
   141530.935647253       1.605770353967018E-002  4.278479290088650E-003
   12964.2445844079       1.648354089861273E-002  3.786524525041397E-003
   1093934.85866138       1.690724704198776E-002  3.296624861460493E-003
   1030868.09221074       1.733003204640723E-002  2.808527782918916E-003
   51896.9521183863       1.625435794956008E-002  2.685616477034646E-003
   901727.750414380       1.579574807029478E-002  3.143124406939864E-003
   1148282.57755358       1.533614467045720E-002  3.597513995258492E-003
   1454930.40789544       1.487613043799454E-002  4.048207646594394E-003
   1373053.89245108       1.449845503799353E-002  3.614456570978525E-003
   431740.616491369       1.411968313466865E-002  3.176986588369626E-003
   334473.595170590       1.373872886251577E-002  2.738642674378732E-003
   1689936.41538827       1.282033004097319E-002  3.682328548536585E-003
   1061561.30899877       1.326288356424146E-002  4.052689914944148E-003
   261697.852702734       1.370635981151948E-002  4.425001029652319E-003
   376109.802777037       1.415203594504494E-002  4.797788341678644E-003
   200539.853396417       1.372100944849417E-002  5.216344886984862E-003
   483570.354450122       1.329182631570297E-002  5.634880881274567E-003
   763062.388782257       1.286347628522382E-002  6.051714309355546E-003
   200956.106162894       1.857800439508662E-002  7.200738671195047E-003
   55685.1251312986       1.890650025961225E-002  6.706753821300763E-003
   289087.318333963       1.923020413364486E-002  6.210633566447805E-003
   779004.656071987       1.955372037453416E-002  5.714875256314983E-003
   740690.107762355       1.987332985740070E-002  5.219213221362862E-003
   1167471.83920842       2.026812583858826E-002  5.691235026999391E-003
   235967.247426091       2.066410602788230E-002  6.166516198145707E-003
   139531.226650512       2.106212964968053E-002  6.642503072475611E-003
   388140.286276726       2.146456072980672E-002  7.116278365731232E-003
   1743231.85333573       2.238556043521662E-002  6.136963853436458E-003
   1366894.79606148       2.189537052011920E-002  5.764470833623522E-003
   1312355.24046243       2.140488115099161E-002  5.390980951937711E-003
   638287.782346563       2.091437765676770E-002  5.014921849131148E-003
   272124.275542265       2.042097090458141E-002  4.638145839229807E-003
   669215.249861172       2.088997495474602E-002  4.212872631566427E-003
   1170404.93761462       2.135352546640594E-002  3.788145401499922E-003
   1963901.04483784       2.181725954257404E-002  3.366346666151634E-003
   1131591.73061839       2.228259741124688E-002  2.949680585280222E-003
   711879.934078417       2.098123882530782E-002  2.590978250845688E-003
   157074.324215220       2.059687925059150E-002  3.094046491662744E-003
   996181.614082805       2.021679901756511E-002  3.596153057328920E-003
   1603639.26629725       1.983909168271245E-002  4.095032004915155E-003
   2301462.05805418       1.935857796708413E-002  3.625037800231636E-003
   989043.040838229       1.887884959814104E-002  3.150433589420996E-003
   196451.189588866       1.839876049134087E-002  2.673111999092194E-003
   1665216.81448350       1.781850147129874E-002  3.271677287822214E-003
   901476.724493545       1.830610323847663E-002  3.738541093058322E-003
   232250.936599945       1.879586917756976E-002  4.207979090276661E-003
   538698.681920447       1.929263465668603E-002  4.674486090688799E-003
   575337.028485295       1.882035576123829E-002  5.029762410801596E-003
   1255131.51423591       1.835019649743369E-002  5.385515306681183E-003
   1018373.90858318       1.787880391789625E-002  5.737719140341542E-003
   86139.1210931196       2.336751967357546E-002  7.053710072776211E-003
   439738.721240722       2.374147219875139E-002  6.633520491341038E-003
   393131.725939617       2.411152296867464E-002  6.212650339632321E-003
   830282.377470112       2.448082715405481E-002  5.791782141676698E-003
   877509.818543022       2.485031609136364E-002  5.373073340335799E-003
   824348.368614076       2.529703248687821E-002  5.763452913418432E-003
   331561.754723748       2.574428098557066E-002  6.154379019468612E-003
   216003.077697653       2.619191456299057E-002  6.545223291503798E-003
   137665.874519647       2.664162352037498E-002  6.936466831076214E-003
   813697.479224368       2.737261689054962E-002  6.149239538512668E-003
   648746.449806873       2.695396942846983E-002  5.729380993602630E-003
   433838.620131012       2.653580806640092E-002  5.308528390099733E-003
   17670.1790726160       2.611621898092792E-002  4.886762797813297E-003
   231695.353064138       2.569478030444149E-002  4.465596617694121E-003
   944365.343113460       2.608788238236810E-002  4.093351687034201E-003
   884470.428560798       2.647678584174499E-002  3.720703635088352E-003
   1553971.86056314       2.686452743161837E-002  3.348904457376898E-003
   1045323.93103015       2.725297313491306E-002  2.979412566424141E-003
   127722.121277254       2.579619140737553E-002  2.363517747485631E-003
   810295.761395121       2.545853475373694E-002  2.783932626390315E-003
   1053677.40232422       2.512250747484737E-002  3.203699557986738E-003
   1759159.90087765       2.478801162339605E-002  3.623538945301730E-003
   2194959.73372417       2.437935128961929E-002  3.229979838322641E-003
   963536.222799334       2.396965655009861E-002  2.834583299371722E-003
   486089.189183641       2.355846073129199E-002  2.437608556743454E-003
   1144079.95775184       2.269450642733558E-002  3.342255759943133E-003
   581973.476437744       2.310673062276403E-002  3.737521162184672E-003
   483969.387450863       2.352148746123002E-002  4.133193733275461E-003
   214479.215326624       2.394128612582930E-002  4.526917271039037E-003
   366110.781327324       2.355081930996813E-002  4.930783044102303E-003
   792656.250789292       2.316129463376823E-002  5.333799549180023E-003
   888070.301239424       2.277309959788659E-002  5.735255337678643E-003
   50774.1712284554       2.816073599322759E-002  6.878197304854561E-003
   406063.666220506       2.858364848072480E-002  6.554301462016728E-003
   394212.208692128       2.900488559998480E-002  6.230148331599839E-003
   658977.964791626       2.942625999370920E-002  5.906973451378715E-003
   581287.593578687       2.984744284015548E-002  5.584141139918038E-003
   735319.549451242       3.025186971347504E-002  5.873663168365060E-003
   669232.860413536       3.065480381225920E-002  6.164551107666094E-003
   432193.475152855       3.105904754718248E-002  6.455913961098717E-003
   91973.8422614212       3.146306279228887E-002  6.747626080462617E-003
   678615.458984780       3.235263159478632E-002  5.786402176961018E-003
   518341.381280547       3.203360140337529E-002  5.405315046423653E-003
   203912.829832809       3.171392800973208E-002  5.022655865802980E-003
   44322.8055885629       3.139348891804851E-002  4.640864056970639E-003
   248207.589764393       3.107277842041633E-002  4.257654458636712E-003
   406711.669796893       3.136819714476727E-002  3.964692112591214E-003
   371145.202426663       3.166096043396838E-002  3.670336235130133E-003
   815797.275717470       3.195372864249763E-002  3.376874371809261E-003
   818350.495510131       3.224578410717051E-002  3.083596600414741E-003
   398640.618880967       3.054240717741830E-002  2.081942547165285E-003
   821309.918715713       3.027713628278896E-002  2.400466445773181E-003
   933781.195925782       3.001166574656419E-002  2.717875013441353E-003
   1190106.23211772       2.974810873698847E-002  3.036127409892003E-003
   1591877.42870925       2.938441090950166E-002  2.743175561270867E-003
   944708.288728853       2.902041742314457E-002  2.450646516232656E-003
   917960.780976392       2.865562838595776E-002  2.156642618131869E-003
   777270.794148055       2.756840190464555E-002  3.323921893870067E-003
   571832.083318606       2.788561820936098E-002  3.669049061206431E-003
   26590.4814490393       2.820305589991964E-002  4.014213763867687E-003
   126972.051475029       2.852305575338099E-002  4.359050938051659E-003
   135775.032540397       2.823408101812495E-002  4.806614018134196E-003
   152935.101736044       2.794624059948769E-002  5.254544158704136E-003
   313128.075897907       2.765876822490377E-002  5.701945233349976E-003
   97184.0328761214       3.331379746518639E-002  6.673251187581108E-003
   93313.3228627862       3.368723162582113E-002  6.153448845355743E-003
   153429.602720383       3.405893755120950E-002  5.632217588828035E-003
   465850.563416754       3.442857629658891E-002  5.111355522606070E-003
   493761.444915317       3.479844474715482E-002  4.592029926392593E-003
   404323.354314578       3.521295590702810E-002  5.078496214732129E-003
   38038.8465048645       3.562851396312344E-002  5.565881494334011E-003
   69225.0709230221       3.604540602768786E-002  6.053064618670896E-003
   168040.314960734       3.646398407593781E-002  6.539315576364081E-003
   637279.477272705       3.733517312802871E-002  5.588348910066847E-003
   763194.542546638       3.681766442453863E-002  5.214032215459704E-003
   737249.916359730       3.630068090624756E-002  4.838654011171493E-003
   521791.584364716       3.578407759558494E-002  4.461948064205860E-003
   131697.502823726       3.526667802806909E-002  4.084563353691570E-003
   477670.805953044       3.575136464642899E-002  3.649218191147476E-003
   579719.449274950       3.623223841497852E-002  3.213592552095412E-003
   1016363.78309598       3.671327813161750E-002  2.779998449135433E-003
   617318.840810365       3.719509973006888E-002  2.348365564330920E-003
   274376.275092955       3.591444682302886E-002  2.051981241533804E-003
   213033.483362692       3.552803680919392E-002  2.575266875738108E-003
   594065.014545870       3.514319238662773E-002  3.097828804832302E-003
   1044329.49891768       3.475951429015066E-002  3.618305289384980E-003
   559474.858717777       3.446471101984236E-002  3.125374244498138E-003
   242106.761374265       3.416688002312599E-002  2.631666745639766E-003
   410180.608614015       3.386716109844696E-002  2.138276801057644E-003
   1380369.25262061       3.275763919370032E-002  3.341332211341784E-003
   1442854.14921031       3.326871108715831E-002  3.600577884092943E-003
   1103859.84672328       3.377916408426129E-002  3.861785704830477E-003
   217999.573957765       3.429114794757563E-002  4.124623884107617E-003
   64256.1292400406       3.380512057156474E-002  4.541925685637532E-003
   444058.047097939       3.332108151624371E-002  4.957737147216040E-003
   430757.319582062       3.283679095900558E-002  5.372817982419224E-003
   54338.9652780722       3.828632206244653E-002  6.457279242718411E-003
   246798.258212873       3.866903549918903E-002  6.121941064910810E-003
   247857.089596616       3.905039712863774E-002  5.787253551923138E-003
   444626.389490917       3.943175245109561E-002  5.452294183753746E-003
   388895.727528411       3.981317927671157E-002  5.117981149657112E-003
   362864.220501736       4.013827547494887E-002  5.420572864270741E-003
   252386.671859710       4.046230256021494E-002  5.723817394773031E-003
   165774.883820225       4.078754524897565E-002  6.026215026108374E-003
   126835.402953375       4.111358513462887E-002  6.329320262396567E-003
   561582.197393781       4.230860311280702E-002  5.021417726435576E-003
   465031.978665490       4.197924197898961E-002  4.723732371205010E-003
   359228.702595953       4.165046528886102E-002  4.426002588866403E-003
   238671.363550767       4.132053349530738E-002  4.129023269512903E-003
   222993.368014575       4.099050295584771E-002  3.830632555262965E-003
   67764.5978505000       4.128813297098927E-002  3.369859301832112E-003
   68468.6541263229       4.158354456372081E-002  2.907033184858077E-003
   416188.915828267       4.187739225987585E-002  2.445666628296203E-003
   447380.823835394       4.217136408313259E-002  1.985061790491786E-003
   176422.931201596       4.099385174023675E-002  1.643064452663716E-003
   548922.265989918       4.056437743742648E-002  1.980637709084969E-003
   551839.161588064       4.013376597743021E-002  2.317986701147655E-003
   732115.294130713       3.970483007957064E-002  2.655413347013422E-003
   911882.904294673       3.928251245752208E-002  2.356676749626439E-003
   695523.039699145       3.886021493840318E-002  2.057112749133283E-003
   421744.063132460       3.843774570148895E-002  1.757695325360438E-003
   551553.768828937       3.752700360243801E-002  2.745840431077495E-003
   184397.143802914       3.785859990101383E-002  3.144167842320153E-003
   97153.0284405963       3.819204072454613E-002  3.542707583253333E-003
   174774.097433942       3.852657603309413E-002  3.940988860063237E-003
   132248.327851490       3.822758570173741E-002  4.352982688536996E-003
   77211.1274675879       3.792920471763676E-002  4.764998248274090E-003
   175987.467687592       3.763212824428973E-002  5.176553913984073E-003
   59270.5629292619       4.361697318335630E-002  6.214314577335530E-003
   98181.7136955357       4.391232532306458E-002  5.831980839787108E-003
   49420.9150464165       4.420624979912120E-002  5.448916599051046E-003
   320163.009436620       4.449910694681136E-002  5.066318939722478E-003
   327078.576786427       4.479249710870741E-002  4.683848991942418E-003
   470079.299053454       4.522503542730551E-002  5.031599556331444E-003
   323730.636500366       4.565746323299064E-002  5.380161942578456E-003
   293362.264072259       4.609011576345980E-002  5.729205818280562E-003
   119149.814638001       4.652410482851238E-002  6.077748784008975E-003
   740153.828787744       4.731546251093415E-002  5.207945168109312E-003
   406485.907525935       4.693034770808231E-002  4.808452712137660E-003
   287275.955661034       4.654455863830867E-002  4.408799706103256E-003
   107269.777088810       4.615840715605053E-002  4.008690006761252E-003
   248743.841341521       4.577179076583507E-002  3.608426467689607E-003
   122294.978965765       4.611625197331182E-002  3.092045197721203E-003
   95993.0396231869       4.645826527404776E-002  2.573548705283915E-003
   569294.799346540       4.679913314522534E-002  2.056340899501065E-003
   545007.949815351       4.713885284473378E-002  1.540580506802331E-003
   161736.891984815       4.612922714683056E-002  1.453657256244129E-003
   650753.702660597       4.565235890452789E-002  1.847552225094630E-003
   658040.663898991       4.517411959244567E-002  2.239805768381219E-003
   685003.490286322       4.469686098925209E-002  2.631366901393663E-003
   872016.189498538       4.423683565430891E-002  2.284101385703208E-003
   547292.185501575       4.377563000216558E-002  1.936202661270501E-003
   174356.939290924       4.331512099921647E-002  1.587270934237371E-003
   637199.760187198       4.255679537059842E-002  2.413718959153354E-003
   204347.591314619       4.294256938900645E-002  2.843885743067964E-003
   148542.135258316       4.332931007743290E-002  3.275404452562274E-003
   29064.3880868214       4.371773101493796E-002  3.705225912522116E-003
   114769.037014633       4.336486568272503E-002  4.034773119112243E-003
   334938.419290556       4.301255648638756E-002  4.363280219344050E-003
   334871.621140383       4.266017141291394E-002  4.692136045595304E-003
   46999.1906363323       4.818612328177346E-002  5.997349737098281E-003
   143212.448040300       4.858282730208294E-002  5.559720473695387E-003
   43190.2631704524       4.897762508659228E-002  5.122199264944349E-003
   345708.370652794       4.937210161617384E-002  4.684139485244222E-003
   329429.417918671       4.976620748282970E-002  4.246467987576472E-003
   390895.897779827       5.017345615775193E-002  4.643238619932333E-003
   209738.881834957       5.058084546535997E-002  5.040568809981797E-003
   41958.8271048304       5.098753986368608E-002  5.437223571995335E-003
   73670.1308759573       5.139574076823389E-002  5.834900067394970E-003
   308687.768273774       5.229602516170762E-002  4.839062259515621E-003
   387268.981003377       5.186106285105437E-002  4.472749339375877E-003
   240073.914012395       5.142718982062944E-002  4.106754021181002E-003
   78582.7943168062       5.099197320069526E-002  3.739519324390932E-003
   28530.0803761924       5.055608020904658E-002  3.372329505354852E-003
   430870.105489820       5.095802310199979E-002  3.063758293299135E-003
   401318.917146124       5.135856375415492E-002  2.753877485668886E-003
   536133.796605038       5.175825011785627E-002  2.445733566349145E-003
   406132.890938246       5.215904899211302E-002  2.137151715830258E-003
   52036.1252131554       5.047574427285700E-002  1.289341939580115E-003
   133468.121300433       5.021099968309060E-002  1.720348672010771E-003
   251023.621456868       4.994563467949462E-002  2.152033051253059E-003
   637762.556238316       4.968248299111411E-002  2.583786901805372E-003
   989310.792371991       4.916743587370521E-002  2.192145510187726E-003
   656713.964868103       4.865188507732957E-002  1.799141283650891E-003
   476288.494676391       4.813760681450763E-002  1.405417868774974E-003
   500110.111562114       4.757531697264726E-002  2.018688224185139E-003
   154706.945954551       4.801181748363961E-002  2.498152336081588E-003
   220117.846361942       4.845082219748236E-002  2.978646632262071E-003
   19142.5537201998       4.889210820468218E-002  3.456886343620948E-003
   73751.5835218587       4.849700269548123E-002  3.895132593858792E-003
   338789.561958864       4.810268985653248E-002  4.333344414761396E-003
   337743.135472981       4.770927282277732E-002  4.770645526319632E-003
   21196.1165713508       5.329141036232665E-002  5.737638009998755E-003
   31299.0611192610       5.365841630515471E-002  5.304851396134281E-003
   67136.2859612119       5.402328142332369E-002  4.870603657238076E-003
   123482.568373790       5.438909663614149E-002  4.437603245822076E-003
   201539.918151299       5.475461925460678E-002  4.003832054077375E-003
   247073.767577258       5.524368978938123E-002  4.392371754954406E-003
   277769.760742297       5.573229448931315E-002  4.780867989723167E-003
   143563.122157367       5.622118840467921E-002  5.170573226225770E-003
   46596.7355871956       5.671066773258098E-002  5.559233262980034E-003
   341028.359871359       5.730145968791069E-002  4.903507257706332E-003
   311799.715899710       5.686599374430981E-002  4.456799409925175E-003
   148392.000006203       5.642942901896192E-002  4.009509270875272E-003
   112819.184707548       5.599339098200894E-002  3.562058625781569E-003
   228636.057943864       5.555620488947412E-002  3.114431105720496E-003
   108715.707449326       5.595011892772173E-002  2.713073415068757E-003
   111068.813561116       5.634135538555736E-002  2.311252348345113E-003
   426131.881858979       5.673336648030271E-002  1.909026934819161E-003
   356579.231807544       5.712410174642016E-002  1.508247951744729E-003
   49685.1800709848       5.573378324992072E-002  1.013199108879475E-003
   240853.893834751       5.537747550287019E-002  1.448013941360138E-003
   338082.323811395       5.502223126493465E-002  1.881057251155016E-003
   534423.015465044       5.466771101489969E-002  2.314857358665083E-003
   487192.828970487       5.436176630084679E-002  1.915801655264980E-003
   152314.298843605       5.405415418897752E-002  1.517565940824850E-003
   15244.0401171756       5.374705982282472E-002  1.118038979672321E-003
   587331.370620167       5.258523011588923E-002  2.403417654685417E-003
   490477.474646980       5.301221779370528E-002  2.669254548692188E-003
   268396.998595680       5.343836503885530E-002  2.936609709470702E-003
   75814.1050518962       5.386632171654733E-002  3.202844686518688E-003
   84937.3663105551       5.347277636440665E-002  3.612395570405264E-003
   81381.9920975658       5.308075239056881E-002  4.021888838275875E-003
   77359.2699096854       5.268763086296551E-002  4.429945421084617E-003
   56578.9362313062       5.795705022606570E-002  5.493019964230971E-003
   35280.6006186996       5.840162094898536E-002  5.011793807248090E-003
   42037.4543322490       5.884486512945028E-002  4.530139243521390E-003
   173255.060322881       5.928795773570184E-002  4.048957876276909E-003
   191265.014245821       5.973111347142065E-002  3.568412707467117E-003
   205054.963723783       6.020376872532239E-002  3.999573025939830E-003
   162706.038248811       6.067633044998928E-002  4.431461302034976E-003
   20532.9086929948       6.114933989725604E-002  4.863404389228288E-003
   62232.1410519786       6.162202646544319E-002  5.295193688413942E-003
   266525.020197445       6.228431116782097E-002  4.557206705122980E-003
   350112.904252015       6.180597721367782E-002  4.133718972732248E-003
   220098.448904272       6.132779134178640E-002  3.708475128712644E-003
   156536.951120327       6.084938893037947E-002  3.282908176455024E-003
   195583.692464860       6.037069694087153E-002  2.857142677630219E-003
   96097.8732555194       6.080391880297938E-002  2.415925303896516E-003
   121257.248866685       6.123547134394867E-002  1.974366049299332E-003
   411551.142029802       6.166689680608939E-002  1.533584182530228E-003
   270989.509273073       6.209835197206358E-002  1.093577929863499E-003
   153589.267627957       6.082786138335360E-002  7.829465074384629E-004
   118076.904030305       6.043814739735123E-002  1.262213426614069E-003
   232480.479228946       6.004882161936379E-002  1.740909084704280E-003
   481019.293029481       5.965999017192657E-002  2.219064190393927E-003
   460593.284915055       5.925967693573703E-002  1.783420384946778E-003
   133344.552884017       5.885882980179320E-002  1.346997278863497E-003
   82900.3997431064       5.845619768933037E-002  9.104414465588304E-004
   613652.908139612       5.759801311942950E-002  1.862122868333245E-003
   453036.086089806       5.807167585584647E-002  2.218058776507263E-003
   199643.257614684       5.854546409920695E-002  2.573718581474476E-003
   41226.2740982036       5.902027758306034E-002  2.929513646221095E-003
   162795.610804554       5.858975951436751E-002  3.423188590125919E-003
   29257.9114383668       5.816013301765249E-002  3.917067161225524E-003
   58659.2686455179       5.773069272176671E-002  4.410476460690586E-003
   30725.5964181490       6.302209163779300E-002  5.218322741266617E-003
   61287.8328395339       6.345137795029170E-002  4.840697261349729E-003
   47230.7006618304       6.388089407541830E-002  4.462910871576032E-003
   160290.334805670       6.431051848229968E-002  4.086557566410795E-003
   159963.480159128       6.474011924938824E-002  3.709517511651166E-003
   166289.706541000       6.515938113774301E-002  4.039902982171609E-003
   158092.401926521       6.557845314639746E-002  4.369703518823150E-003
   89823.4124026050       6.599874874078465E-002  4.700505808514398E-003
   36981.6307379927       6.641835639178434E-002  5.031327792815322E-003
   256275.909668759       6.726303596830055E-002  4.088562174819739E-003
   223489.240617875       6.688934423970036E-002  3.707594279413493E-003
   139522.717398972       6.651551839681916E-002  3.325384072291569E-003
   102209.135891668       6.614256357366326E-002  2.944013612349342E-003
   146591.735330723       6.576862333013855E-002  2.562465092984889E-003
   37487.1624470867       6.609656063792155E-002  2.084336272474034E-003
   67431.5859802408       6.642221368909909E-002  1.604644667314349E-003
   177263.123407531       6.674860552711902E-002  1.126090694797444E-003
   213893.704207400       6.707450126493728E-002  6.469081634856125E-004
   41957.8195704308       6.593732242725155E-002  4.017885602887474E-004
   237281.160345931       6.549939055661297E-002  7.803917238741877E-004
   222004.510855797       6.506024820883415E-002  1.157359192541914E-003
   371126.162119381       6.462249481203251E-002  1.535320292883997E-003
   446173.282443891       6.418923604695329E-002  1.205331212789825E-003
   327948.068362522       6.375604650476330E-002  8.758224539366505E-004
   144310.841808621       6.332259161933561E-002  5.449354240859377E-004
   355834.764595294       6.247191195111243E-002  1.490009013729086E-003
   147060.600575978       6.284564283240970E-002  1.887079020990261E-003
   7708.00980334143       6.321883227769595E-002  2.284358332667982E-003
   84971.8643927074       6.359360416251514E-002  2.681494924384877E-003
   114763.337710853       6.326549527216670E-002  3.150681931150007E-003
   14647.9604602553       6.293882234156245E-002  3.619945722022533E-003
   28180.0836657170       6.261133941055125E-002  4.089080872029948E-003
   10462.2486415690       6.820557328277034E-002  4.931999784815726E-003
   51012.1030670335       6.858073757158054E-002  4.446374172653778E-003
   64913.0616337934       6.895607083387330E-002  3.961176928768373E-003
   66564.1658704958       6.933028016328927E-002  3.475166859097637E-003
   117664.103686079       6.970426630010076E-002  2.989235361849415E-003
   135212.444900039       7.018911274409045E-002  3.426387838580765E-003
   131368.819393360       7.067388691374063E-002  3.863849945502684E-003
   56144.9153330200       7.115976444312755E-002  4.300283414131986E-003
   11354.8378075035       7.164487493886704E-002  4.737762192740332E-003
   133304.997879962       7.226586161624295E-002  4.042473457179041E-003
   189998.359712164       7.177721780954352E-002  3.609619548719837E-003
   126679.974564657       7.128962506602053E-002  3.175377102213834E-003
   111984.487435571       7.080097481528440E-002  2.742115147795627E-003
   65936.3767772486       7.031220345875765E-002  2.308804265802800E-003
   174643.462022387       7.075615654887767E-002  1.937739448575271E-003
   126143.795890365       7.119922779679448E-002  1.565526869213635E-003
   213503.339515654       7.164145638595462E-002  1.194802923229266E-003
   149921.705408924       7.208473708598802E-002  8.233728841734044E-004
   67750.9226408016       7.058629676561202E-002  2.531579628430639E-004
   30388.4197568396       7.026825872100201E-002  7.354401287999134E-004
   59522.3032806855       6.994949162550124E-002  1.218595288698470E-003
   337179.350382817       6.963234267605566E-002  1.701713099767918E-003
   406445.900642776       6.914986661067281E-002  1.264011935182012E-003
   212715.740319236       6.866642309695367E-002  8.255670315573784E-004
   25000.1250151714       6.818364657478143E-002  3.877010408360575E-004
   384411.003764375       6.756188377666897E-002  1.080236482443491E-003
   209278.308546681       6.804804277071112E-002  1.513598994111792E-003
   28788.1412302186       6.853563680830883E-002  1.948233826861278E-003
   3216.47014937442       6.902418559135449E-002  2.381560802417938E-003
   10042.5030491373       6.858341739856783E-002  2.808246978209934E-003
   95364.1533114598       6.814293133398799E-002  3.234890979966749E-003
   34805.2147920586       6.770333996531613E-002  3.662081893371357E-003
   23234.0381625267       7.296067215003289E-002  4.662691637988036E-003
   35146.1478975801       7.339720155913609E-002  4.229299658986102E-003
   82063.2224521033       7.383424777426340E-002  3.794575143690570E-003
   9838.17196028878       7.427044093498243E-002  3.361023805600769E-003
   44365.4210364858       7.470648603858469E-002  2.927356743635922E-003
   38657.1042230920       7.512105986729679E-002  3.311988801424365E-003
   95336.6509750022       7.553545687476793E-002  3.696885940276275E-003
   59722.9787261410       7.594999171059351E-002  4.082717017299433E-003
   9603.24020671044       7.636444439100114E-002  4.467605034860643E-003
   93247.5901684676       7.724187323761017E-002  3.483751736964038E-003
   103785.651234500       7.681234041577138E-002  3.115867290372899E-003
   80416.8461616159       7.638186372470132E-002  2.747954873607413E-003
   120331.279562701       7.595231159058566E-002  2.380040322733732E-003
   79604.8380522582       7.552296001768360E-002  2.011910789915790E-003
   69294.4643021532       7.590865104175683E-002  1.604960648804400E-003
   17858.7485846450       7.629359654980065E-002  1.197691891171766E-003
   124000.281372910       7.667954260435504E-002  7.906251182075484E-004
   75219.3369957823       7.706449199122403E-002  3.848135810501198E-004
   36436.3405012727       7.568681750051200E-002 -9.351456892680047E-005
   60138.5829609916       7.532720275060700E-002  3.372693242944228E-004
   55242.7830121754       7.496754956523401E-002  7.667911439927580E-004
   234293.188634022       7.460831851205878E-002  1.196449934251058E-003
   234014.810447865       7.424149849803505E-002  8.087102207867047E-004
   130504.685240073       7.387352316045226E-002  4.209055703047510E-004
   60737.0718906414       7.350637402777599E-002  3.191427261328402E-005
   211074.617243037       7.251119401528859E-002  1.145644745928145E-003
   162764.756087758       7.293855354702992E-002  1.467092989945690E-003
   88145.4180304121       7.336505947625246E-002  1.789695642851226E-003
   46540.1270036528       7.379184372299404E-002  2.111189544842614E-003
   57292.7365858369       7.341044825988940E-002  2.593660534123034E-003
   9946.31958506212       7.302922076244002E-002  3.076245008093363E-003
   86661.1382466833       7.264692959253789E-002  3.559750116158172E-003
   10943.3268313188       7.822531449068058E-002  4.360398949848983E-003
   23432.7906279732       7.860025770225262E-002  4.046395260272220E-003
   72732.0474277099       7.897484114535537E-002  3.732143605169995E-003
   41036.7713316893       7.934947220331771E-002  3.417986576350629E-003
   18771.7200537421       7.972407304529106E-002  3.103846503299945E-003
   5891.83458893189       8.025217213307362E-002  3.365580504665989E-003
   56824.6971508371       8.078111501351129E-002  3.627441534042439E-003
   72964.9704950297       8.130908757623322E-002  3.889222856043464E-003
   71779.5541913747       8.183696882045918E-002  4.150924289535938E-003
   43760.8430899973       8.226120955289690E-002  3.674533617807163E-003
   29087.2753754695       8.194018047450868E-002  3.180465103782509E-003
   24497.6156559987       8.161919381680047E-002  2.686354072624501E-003
   53047.4636976339       8.129811822638404E-002  2.191248292889767E-003
   55571.2266942871       8.097734161845585E-002  1.696918160995549E-003
   25841.3081164709       8.124642747252293E-002  1.285815280696331E-003
   26286.9165624417       8.151514487518402E-002  8.754345581952726E-004
   17377.7808271851       8.178385183246405E-002  4.641396547065231E-004
   11954.6794746764       8.205249087656596E-002  5.286688302948801E-005
   16157.8096098030       8.070243664290694E-002 -4.989679619191141E-004
   21288.2411436234       8.032500542768961E-002 -1.845324073447819E-004
   8626.95036639664       7.994850513470149E-002  1.296975858465000E-004
   113826.681371980       7.957131017114739E-002  4.442589389028286E-004
   125536.421581301       7.917139637080542E-002  1.748875606430197E-004
   121715.402018971       7.877155449659172E-002 -9.467466782755443E-005
   76637.8574357587       7.837164999621561E-002 -3.642820837077392E-004
   103816.704528470       7.737767413040181E-002  7.504055638443709E-004
   47911.0628538927       7.769095448545273E-002  1.117131867664956E-003
   25677.2485281964       7.800435849121991E-002  1.483867499231614E-003
   29082.2723565798       7.831777760333801E-002  1.850684628360030E-003
   25727.7195522441       7.804874885416840E-002  2.258937705677905E-003
   6781.61389352484       7.777974486940359E-002  2.667196169199044E-003
   41745.9921624468       7.751066564972653E-002  3.075361614278161E-003
   32034.5903176748       8.273733263879660E-002  4.098568702925850E-003
   17274.7173517436       8.322759393660047E-002  3.704759258337560E-003
   60354.1083710127       8.371782998985905E-002  3.311816793877471E-003
   27694.8792146586       8.420905324348787E-002  2.917829774498942E-003
   3771.60448958705       8.469916757830362E-002  2.523766854841855E-003
   7002.11973667357       8.515557800213484E-002  2.862815538697446E-003
   34662.5718728232       8.561192238565159E-002  3.201907942181277E-003
   52208.9464657377       8.606819161258837E-002  3.539959627157228E-003
   43796.5099733107       8.652348241905597E-002  3.879042284588198E-003
   32190.0433479596       8.723550618429096E-002  3.079557734232855E-003
   7397.79194944850       8.684599669865659E-002  2.666432473145042E-003
   19337.8389382077       8.645741363090986E-002  2.252314918997825E-003
   38375.7241173463       8.606783630726246E-002  1.838279579604450E-003
   11625.9061671711       8.567836179193559E-002  1.424170406968678E-003
   18715.7430729887       8.602548587324974E-002  1.102644257031980E-003
   17045.2268718172       8.637238335291493E-002  7.799856772939704E-004
   7962.61013408212       8.671839473541627E-002  4.584427070865281E-004
   2008.98986683511       8.706532918284594E-002  1.367742254412703E-004
   14402.3071552047       8.541826051043568E-002 -6.993225447342608E-004
   3096.11564442213       8.513882918428811E-002 -3.184834861611301E-004
   20761.9138100981       8.485840081025378E-002  6.335581319789115E-005
   44843.0474930951       8.457912755280593E-002  4.452734790324890E-004
   42484.5455330497       8.416379412448008E-002  1.037566871175998E-004
   45747.9235347595       8.374946603921372E-002 -2.378368619773436E-004
   24521.3758586817       8.333417136647542E-002 -5.783589915094754E-004
   52762.9208241650       8.243963978469086E-002  4.259982472449670E-004
   34716.4199592290       8.282573679761612E-002  7.992782261036294E-004
   33850.7430427619       8.321280112190092E-002  1.171491316354141E-003
   23804.7200284246       8.359992856111148E-002  1.544715718488980E-003
   14233.1772693371       8.326499143761494E-002  2.076855348025642E-003
   2949.47151593483       8.293015323292900E-002  2.610051525226891E-003
   70741.7239781575       8.259613567284162E-002  3.142153738465775E-003
   15918.0887093302       8.803483031722115E-002  3.791459367122451E-003
   12032.3167414796       8.845240268020726E-002  3.475919140591002E-003
   27919.2227961274       8.887081941568384E-002  3.159208798203150E-003
   7539.24181158562       8.928933945171685E-002  2.843525210480859E-003
   1181.96174450518       8.970777357522590E-002  2.527737121732857E-003
   8614.27236529400       9.015190399697710E-002  2.793435886622626E-003
   18420.4509111046       9.059601491602765E-002  3.059137109814594E-003
   37849.0106478453       9.104017181418481E-002  3.325812925150743E-003
   25287.8550517543       9.148427638695222E-002  3.591433041124376E-003
   29942.0846835995       9.222533726915974E-002  2.759140861579322E-003
   5810.05854431724       9.191009443136268E-002  2.348744951245326E-003
   16764.3055545566       9.159383563338767E-002  1.938446811664467E-003
   21545.7191490169       9.127859214111157E-002  1.528081174902118E-003
   3333.53726865356       9.096338921847397E-002  1.117682736231214E-003
   18038.8314216485       9.123295353894240E-002  7.375531583730024E-004
   7195.06206293561       9.150246133975648E-002  3.583294427899281E-004
   1082.74888909536       9.177295477564752E-002 -2.192295304072160E-005
   2341.69821353893       9.204242505511492E-002 -4.021491940939142E-004
   9906.02678832727       9.059220234310743E-002 -1.073446218092391E-003
   4925.22625618022       9.024568509384501E-002 -7.608873992473943E-004
   22096.8604287478       8.990007425420478E-002 -4.494116322696891E-004
   18539.9363454886       8.955357314652793E-002 -1.377588641964314E-004
   15162.8434938932       8.923627539334725E-002 -4.108474606356518E-004
   16882.5988124043       8.891797574282435E-002 -6.838682787776401E-004
   13911.0734823953       8.860061322652350E-002 -9.579367741519187E-004
   20968.9189344438       8.737324015746022E-002  4.203854470729669E-004
   19328.5018735521       8.768212429655448E-002  7.039644211150773E-004
   20609.9159424825       8.799006797740913E-002  9.885944674610605E-004
   21250.7578156528       8.829795360232008E-002  1.272222920603148E-003
   6245.53599013281       8.803256265918499E-002  1.724234583115806E-003
   4955.56343550210       8.776724727806129E-002  2.176311037409126E-003
   26625.3789875108       8.750086103327907E-002  2.628406313010029E-003
   21086.9670931621       9.305752163682834E-002  3.500085684880031E-003
   37509.2971263003       9.345304569047370E-002  2.926359818789625E-003
   2379.27656515553       9.384854625446958E-002  2.352611043881478E-003
   8095.05427515439       9.424415918044853E-002  1.778899776740218E-003
   7668.20702596173       9.463979020944993E-002  1.205081813169263E-003
   1193.63290319321       9.510713329629730E-002  1.728727785823538E-003
   24251.9160417576       9.557338832927501E-002  2.252346934922327E-003
   39680.4056149749       9.604048658501466E-002  2.775997293431805E-003
   17841.5167204353       9.650746673681114E-002  3.299744233935325E-003
   8989.82324595884       9.721952194494857E-002  2.500353142772373E-003
   31615.9659386313       9.664517148537223E-002  2.096810667562120E-003
   17140.4244118113       9.607071782055125E-002  1.693453209515992E-003
   9452.25867847790       9.549627197755417E-002  1.291259037835626E-003
   15075.7304394560       9.492188530314573E-002  8.881679264827677E-004
   22612.0618152107       9.544467197851976E-002  4.022229891868538E-004
   7530.93524705382       9.596750749489015E-002 -8.373582547962794E-005
   4801.39767275875       9.649040999669811E-002 -5.687232549106166E-004
   911.496439304506       9.701322134601911E-002 -1.054760347718910E-003
   4781.84980014900       9.587154919034385E-002 -1.119915731706476E-003
   4939.47725179511       9.545006166242483E-002 -5.446544745196400E-004
   19206.7637405686       9.502753362816088E-002  3.065610118427407E-005
   19871.8154680806       9.460504503008489E-002  6.060715097441034E-004
   15206.3707408124       9.420982514581130E-002  7.813780189683955E-005
   11347.5546566356       9.381562093073095E-002 -4.498646010426023E-004
   9296.45469119925       9.342043995760908E-002 -9.778370824538138E-004
   3817.96957271845       9.261256115526235E-002 -7.057696849106961E-005
   5952.10084214830       9.318270161350434E-002  2.609784615858210E-004
   10738.2080824550       9.375279209066041E-002  5.914983160087515E-004
   22213.1110500236       9.432293738273356E-002  9.229562055998192E-004
   6840.22193069878       9.379855875586021E-002  1.381894931178716E-003
   13710.6096751291       9.327410026120377E-002  1.840882567110563E-003
   39943.5551797091       9.274965206679982E-002  2.299924636025066E-003
   214264.778534248      -1.801497440524962E-003  1.250819288507641E-002
   79621.1930876346      -1.347886502186484E-003  1.217649465776552E-002
   440719.758824580      -8.960384148893346E-004  1.184247502013327E-002
   661579.774397552      -4.444733981644206E-004  1.150762576776849E-002
   260061.873032532       7.661560062101949E-006  1.117433873789154E-002
   759940.077427393       4.689614602328917E-004  1.150513935129786E-002
   526807.218615790       9.289303588970969E-004  1.183705645136847E-002
   549523.488218984       1.390066454281485E-003  1.216821897898713E-002
   595767.945945968       1.850176086210814E-003  1.249951953391891E-002
   500145.935605312       2.516105340427005E-003  1.182722800648557E-002
   394264.610560313       2.177598114095664E-003  1.137072498883031E-002
   239282.994300459       1.839936301128650E-003  1.091459998022910E-002
   32892.5551622067       1.502645300752435E-003  1.045989743248686E-002
   232175.872805374       1.167654437680875E-003  1.000357094609019E-002
   24847.3925145219       1.499001765137158E-003  9.651792039084223E-003
   55842.3642680944       1.831002818940502E-003  9.299836381359054E-003
   67238.1606687053       2.162793413455946E-003  8.947827737732729E-003
   183403.187477248       2.494604259588593E-003  8.596027336043829E-003
   257810.048632873       1.040146335090748E-003  7.838251198035993E-003
   276349.180703961       6.924832586974928E-004  8.173995814561054E-003
   307559.948550638       3.448075650515358E-004  8.509567218685723E-003
   210820.936266553      -2.860029461091725E-006  8.844023161760009E-003
   263812.029446574      -4.378104416016259E-004  8.511369631502202E-003
   126164.076882384      -8.743862030407900E-004  8.178734367951869E-003
   80434.2654059908      -1.309445338921824E-003  7.845663242682460E-003
   159239.975011508      -2.504770702248088E-003  8.269053210583941E-003
   392579.768151362      -2.169097784492324E-003  8.704828843174606E-003
   463323.157371962      -1.833925386249527E-003  9.140798143337649E-003
   503337.865752806      -1.498428762296716E-003  9.577066280098412E-003
   27091.0726646409      -1.162430873530967E-003  1.001086659353701E-002
   521001.678565224      -1.492576478310975E-003  1.046229842513338E-002
   349214.099614318      -1.825849463538557E-003  1.091216459964387E-002
   40892.2022514272      -2.160013512089348E-003  1.136140574438248E-002
   615725.109295772      -2.493675367747157E-003  1.181183918001274E-002
   240833.608904999       3.188832373955180E-003  1.249344451095371E-002
   1061552.32213381       3.645817249328903E-003  1.214770934627477E-002
   723756.173986216       4.103438284113581E-003  1.180218648662824E-002
   1057600.41326984       4.559167126317602E-003  1.145550547181695E-002
   261653.229233467       5.016513584520967E-003  1.111053079472277E-002
   902926.917311081       5.434140145985309E-003  1.144534007294205E-002
   342685.102987058       5.850409250622047E-003  1.178259687671842E-002
   572129.842637073       6.267565134538769E-003  1.211847250418350E-002
   361022.549008223       6.685064745472424E-003  1.245450647789154E-002
   115545.876118100       7.526851582752450E-003  1.158503338980338E-002
   196736.978560737       7.177805885263326E-003  1.117956956172335E-002
   90986.6487532416       6.830124779917057E-003  1.077419054427907E-002
   509290.965720603       6.482405385992200E-003  1.036917473892653E-002
   575873.593962788       6.138469628094946E-003  9.961967251296711E-003
   90221.9740731206       6.476093258809171E-003  9.528520814991601E-003
   313957.261761616       6.812616225136301E-003  9.093625069730911E-003
   37118.3265474387       7.148943009932429E-003  8.658941186882750E-003
   71611.1898347844       7.484565081330161E-003  8.224213400643943E-003
   50753.8893941274       6.265644169994898E-003  7.800773655064295E-003
   194397.652180351       5.841874279940145E-003  8.149295897019361E-003
   83889.1231857840       5.417690223494170E-003  8.496754789467426E-003
   600505.356082854       4.994437627368409E-003  8.843927782784559E-003
   567944.952067380       4.642821499999665E-003  8.506109161261734E-003
   402641.484480874       4.291047164673593E-003  8.167006868698491E-003
   130508.647146893       3.939101140193330E-003  7.827562859298101E-003
   272385.122139113       2.838998792977225E-003  8.943215509217988E-003
   39785.9678456952       3.183093876627484E-003  9.291276163524660E-003
   118760.426954403       3.527690187236508E-003  9.639294200590532E-003
   248700.470900976       3.872119521190378E-003  9.986992606745536E-003
   182181.810687729       3.536001177270877E-003  1.044841763134342E-002
   140681.512456692       3.196775295684981E-003  1.090746754557084E-002
   49385.4003652850       2.857272761297943E-003  1.136776669082031E-002
   152643.594259812       8.394572548812393E-003  1.242371225272562E-002
   192394.232917883       8.800498305816862E-003  1.197601878312456E-002
   418609.445547204       9.205654507261780E-003  1.152656939401347E-002
   817259.884364514       9.611903970909592E-003  1.107772045006252E-002
   279986.949169894       1.001853839805008E-002  1.062776806252038E-002
   633812.486004268       1.035753336839028E-002  1.106276865347824E-002
   9030.00457063163       1.069502026373323E-002  1.149831926054586E-002
   393304.469926388       1.103198766680435E-002  1.193456898676159E-002
   135453.988159377       1.136880337062158E-002  1.236873357985491E-002
   348186.929791964       1.253223333551159E-002  1.115798739699348E-002
   430991.908804183       1.208294180706616E-002  1.083882851189633E-002
   131054.549248373       1.163146136077325E-002  1.052085365867937E-002
   373959.232200296       1.118118431730829E-002  1.020340728721882E-002
   580134.007593940       1.073315477304039E-002  9.884986397175043E-003
   137726.931445304       1.116947272471278E-002  9.470389717708487E-003
   63751.6136309141       1.160323951434404E-002  9.054604552280429E-003
   108719.678778682       1.203782320678334E-002  8.639435056261793E-003
   136380.302098092       1.247171295565582E-002  8.224490309370924E-003
   86109.9789484509       1.117778405261059E-002  7.816374981226892E-003
   95658.0596770820       1.078267031257190E-002  8.269997068301463E-003
   43209.1919715117       1.038772358760358E-002  8.721867146398114E-003
   842859.043728315       9.993918624612410E-003  9.174057753050463E-003
   831360.524021753       9.560369659195839E-003  8.738512517760482E-003
   530029.459488891       9.126648241103740E-003  8.302264452775415E-003
   38124.7155163547       8.692361436104907E-003  7.864538215440050E-003
   787452.551503638       7.932966105956490E-003  8.644938817046116E-003
   352639.215541418       8.381419795849793E-003  9.067728563681224E-003
   92001.3189718856       8.829596731959920E-003  9.490591884503168E-003
   21402.5183147093       9.279436625873948E-003  9.912809684491914E-003
   178247.933781952       8.842831020756604E-003  1.032977292569455E-002
   525477.426400946       8.404510746353263E-003  1.074660517053636E-002
   1002037.91036674       7.964573622517413E-003  1.116406086673228E-002
   94439.6255156451       1.374541450610193E-002  1.232085399327147E-002
   87782.8342517641       1.406277625749888E-002  1.183751788119847E-002
   55358.7875950822       1.438055444970446E-002  1.135464075478253E-002
   207013.698432373       1.469837762805019E-002  1.087064806261726E-002
   12135.1635312852       1.501635696556361E-002  1.038658468598140E-002
   226095.034691569       1.548749860359693E-002  1.085214820558196E-002
   67150.3062322394       1.595770431006406E-002  1.131754127449814E-002
   3100.64987050503       1.642905914812902E-002  1.178150192787557E-002
   210111.780746706       1.689961107839743E-002  1.224617995487872E-002
   248907.854829572       1.754769491633852E-002  1.156308463859315E-002
   3822.77094400187       1.705894374355258E-002  1.111772813580591E-002
   55331.4575872952       1.657125975164801E-002  1.067147130072905E-002
   177084.198117942       1.608288770486469E-002  1.022610069218985E-002
   188456.402039049       1.559532945179414E-002  9.779141361202103E-003
   319043.316246273       1.606396186606018E-002  9.427538938095536E-003
   308972.160884671       1.653112839310166E-002  9.074732757909054E-003
   361610.353008393       1.699732043565899E-002  8.723561369898528E-003
   293219.674081015       1.746495371489670E-002  8.372307847584418E-003
   20044.9195558986       1.596675611732340E-002  7.744802218386928E-003
   102336.367564426       1.564039808085490E-002  8.229936683226833E-003
   239149.276559468       1.531359337449923E-002  8.715820659200688E-003
   586585.585369956       1.498869265366709E-002  9.201330007979968E-003
   611520.626712267       1.457571999633861E-002  8.733046439613418E-003
   166147.528469530       1.416223963989953E-002  8.264143104738027E-003
   186797.524656529       1.374816920262745E-002  7.795862555122927E-003
   510937.226214915       1.295640749285644E-002  8.619537067030432E-003
   250830.519516268       1.343934552109113E-002  9.015204511455616E-003
   89931.5301772754       1.392361343065432E-002  9.411277380008598E-003
   56964.0206397487       1.440966428909790E-002  9.806775658832060E-003
   183588.286340783       1.394056621294853E-002  1.014494436108784E-002
   57814.9678807430       1.347078111486256E-002  1.048278055863768E-002
   51408.2525770425       1.300180294116641E-002  1.082054123825153E-002
   155910.748045880       1.823039730153011E-002  1.221010026992891E-002
   177790.163136124       1.867765877030800E-002  1.177353694931757E-002
   239907.751092183       1.912587141522814E-002  1.133515270855740E-002
   520954.932812445       1.957331755121513E-002  1.089711985601867E-002
   86452.5726641805       2.002184104509937E-002  1.045758533196689E-002
   436183.714463827       2.039665935590987E-002  1.087253655687657E-002
   71995.4879260662       2.076990372120399E-002  1.128607811171013E-002
   250201.276942891       2.114364620847426E-002  1.170024768299933E-002
   100380.282258538       2.151634140416397E-002  1.211290549170435E-002
   119687.409467874       2.254352197978401E-002  1.101851483973670E-002
   350489.130605139       2.210587312565639E-002  1.067287406974143E-002
   80355.7384414813       2.166670984159330E-002  1.032765838666252E-002
   240120.905261086       2.122899940339825E-002  9.983829863114807E-003
   236892.575738397       2.079166696470552E-002  9.638739420282328E-003
   401126.117644541       2.120761450389140E-002  9.239197484211568E-003
   76934.4049941954       2.162044357381087E-002  8.838327563677431E-003
   209113.087781405       2.203430457404853E-002  8.437777438303585E-003
   252762.439006459       2.244718696863009E-002  8.037673032726272E-003
   183540.417446192       2.109203145434493E-002  7.554750109985460E-003
   320146.394229370       2.071958748506898E-002  7.993950585020212E-003
   158647.329860917       2.034689544495179E-002  8.431456984068589E-003
   809030.675808015       1.997544120007725E-002  8.870783836703134E-003
   762169.040643078       1.962721281353178E-002  8.453108612726275E-003
   289415.475770807       1.927718885957101E-002  8.036547233018658E-003
   124697.830163447       1.892808477201766E-002  7.618340705673742E-003
   375558.905226284       1.789900275283477E-002  8.700871211285084E-003
   261996.307715282       1.833391737100579E-002  9.029001861387049E-003
   70951.4113584655       1.876805798379196E-002  9.358435485118376E-003
   80457.6615783064       1.920486144594782E-002  9.685840494591931E-003
   240488.876125073       1.879156085321262E-002  1.015579181363487E-002
   13739.9409922773       1.837757764630649E-002  1.062399544512280E-002
   370527.773899203       1.796192577231672E-002  1.109330444829207E-002
   12802.2342347245       2.363864327399008E-002  1.204431426173612E-002
   56312.0039894372       2.398634555619705E-002  1.166792890362629E-002
   264441.523940961       2.433459903830872E-002  1.128971440125324E-002
   366687.173536586       2.468228513693521E-002  1.091237966020696E-002
   131299.248948116       2.503090442237668E-002  1.053347226968075E-002
   309993.134872035       2.549945764723791E-002  1.088345306113083E-002
   4973.46237669489       2.596624831167407E-002  1.123323037023363E-002
   16861.4925203764       2.643427902288365E-002  1.158336199383694E-002
   307097.337959091       2.690102146355604E-002  1.193237060608792E-002
   115150.518376442       2.755825876102137E-002  1.122632843237704E-002
   10509.1626722595       2.717605964711537E-002  1.078600841138390E-002
   43038.1561790450       2.679308580381323E-002  1.034484075896023E-002
   268743.388456415       2.641116896662027E-002  9.904818117169973E-003
   298890.869722699       2.602960719138158E-002  9.462763432102882E-003
   38434.2813017554       2.638173032185962E-002  9.014354828620709E-003
   106456.912599462       2.673119972617601E-002  8.565072215690446E-003
   136607.549560500       2.708126418443289E-002  8.115926362282040E-003
   229636.309031229       2.742981470858943E-002  7.667101098299237E-003
   142265.934266756       2.622105920456207E-002  7.319288114617491E-003
   342616.679347201       2.580094437449643E-002  7.702747513546679E-003
   313623.557544217       2.538053616514699E-002  8.084341782105610E-003
   463847.641860963       2.496061546443631E-002  8.467029439801830E-003
   518480.198570025       2.456282763777930E-002  8.112901848000020E-003
   257992.467969064       2.416431752315082E-002  7.760507189238851E-003
   173673.783470406       2.376584010325182E-002  7.406770738619589E-003
   299796.687937464       2.282545548009648E-002  8.411693994501689E-003
   214032.205271864       2.320459299063507E-002  8.786141521313776E-003
   15430.1190931931       2.358274023763085E-002  9.160820631841969E-003
   207164.116740295       2.396305555269336E-002  9.534595936125049E-003
   8563.18578086101       2.360813891924907E-002  9.905738593905353E-003
   114390.189637916       2.325372334469102E-002  1.027593430363600E-002
   375097.358723805       2.289784866467550E-002  1.064717827401289E-002
   44885.9652532934       2.826405130306591E-002  1.188209924836391E-002
   206548.928639877       2.870162286755541E-002  1.139920470814906E-002
   360013.644989089       2.913960375945639E-002  1.091574231727448E-002
   405236.033234516       2.957650816046846E-002  1.043309637459553E-002
   69640.1850824975       3.001424290895632E-002  9.949243077872807E-003
   254466.379572681       3.048207307166251E-002  1.039628581981311E-002
   104613.751804420       3.094837017526338E-002  1.084283060913401E-002
   13311.9416831536       3.141589137353741E-002  1.128988093305189E-002
   219763.630958466       3.188297311606681E-002  1.173716037498451E-002
   64195.3999016425       3.255929829477758E-002  1.100394081186087E-002
   87616.6088840388       3.207537081292547E-002  1.057451087834442E-002
   32538.2718444083       3.159172029176954E-002  1.014496370792223E-002
   292872.064049637       3.110905020796211E-002  9.716649423026181E-003
   380883.872064970       3.062647869843858E-002  9.286569595252188E-003
   77416.1794518313       3.107714779960620E-002  8.873146015677196E-003
   78884.0036979561       3.152557864420227E-002  8.460564401913331E-003
   99787.5317330604       3.197497323858798E-002  8.047608600091035E-003
   56539.4611032402       3.242454259862692E-002  7.636309102249010E-003
   247723.949722372       3.108837276023449E-002  7.229984930435396E-003
   100212.013387448       3.071336496332887E-002  7.712604323472879E-003
   60335.2524961536       3.033963716723429E-002  8.193912825519066E-003
   389131.139134304       2.996554851278955E-002  8.676144445943869E-003
   354508.165867026       2.951468212099796E-002  8.227469025078125E-003
   230051.109814116       2.906401790949107E-002  7.778553199546285E-003
   58200.0646496599       2.861268976135688E-002  7.328404028734313E-003
   471488.423212967       2.791074345607313E-002  8.083581891812743E-003
   237826.012675378       2.839128936253710E-002  8.501279114457451E-003
   105879.110806644       2.887129509647371E-002  8.919358393255982E-003
   218270.821770781       2.935312464350474E-002  9.337453750379553E-003
   171921.676225762       2.890464989601171E-002  9.810514463798129E-003
   199312.365279190       2.845665941020177E-002  1.028218585173350E-002
   300364.624107155       2.800740369469632E-002  1.075462179621366E-002
   39004.8919106513       3.329162637004823E-002  1.167859693565079E-002
   108021.254160493       3.372639187704919E-002  1.129809776741294E-002
   369093.916053737       3.416084853816360E-002  1.091792791244213E-002
   422412.350061919       3.459439334209683E-002  1.053659852177739E-002
   93052.9613910382       3.502899021071068E-002  1.015607170556018E-002
   312762.742697884       3.546918182974317E-002  1.049872277251109E-002
   10526.5052468631       3.590877926331707E-002  1.084283672297204E-002
   67024.9959676601       3.634839540706426E-002  1.118535713392731E-002
   80989.2999147410       3.678769092553952E-002  1.152870268006954E-002
   38779.7368978711       3.755602445044454E-002  1.069038024129896E-002
   47686.7323550036       3.717454005477450E-002  1.028291971996824E-002
   44608.3694875569       3.679427218750447E-002  9.875719964279675E-003
   276711.658305772       3.641313120218999E-002  9.468808153971560E-003
   262988.169150860       3.603428742817728E-002  9.060946788094951E-003
   45846.5104265429       3.638010797297113E-002  8.648910820375305E-003
   181503.506597461       3.672551394128570E-002  8.235838336643250E-003
   50277.8189204271       3.706998732323136E-002  7.822999555268889E-003
   24522.3474970535       3.741514427264250E-002  7.410020139450767E-003
   2342.99158790037       3.608333496141747E-002  6.919610872985163E-003
   109603.382271087       3.570278454727176E-002  7.298836130705770E-003
   25845.3119969405       3.532194032038143E-002  7.678524723363177E-003
   410310.356777119       3.494189191699568E-002  8.057967476346180E-003
   416114.560210132       3.453429850378770E-002  7.712775779780207E-003
   362098.595103090       3.412769861347948E-002  7.366288362564776E-003
   152504.599037585       3.372003985063220E-002  7.020654087895625E-003
   251271.779606901       3.280280312158865E-002  8.013971107054724E-003
   72432.1797524425       3.317984198183170E-002  8.393357733156054E-003
   4556.36151325572       3.355825049311522E-002  8.771545902933857E-003
   59457.4344928161       3.393619302114776E-002  9.150547899757689E-003
   19108.4954639397       3.359308807751686E-002  9.614054125620978E-003
   111729.631512777       3.324831944371279E-002  1.007639845233092E-002
   366033.437152322       3.290413718386064E-002  1.053967723378168E-002
   53139.8060041751       3.839379459884859E-002  1.145766016501002E-002
   19873.3216607979       3.879811621924503E-002  1.098385918156247E-002
   222612.246852288       3.920232848894595E-002  1.051069351076021E-002
   313858.665365523       3.960675572166346E-002  1.003638188414798E-002
   90529.9192048095       4.001121836513390E-002  9.562684439238963E-003
   230663.966790572       4.044424552796567E-002  9.997886164322730E-003
   54431.9756980836       4.087785209322742E-002  1.043424262474865E-002
   77348.3384405590       4.131034352233291E-002  1.086935594705791E-002
   57513.4096121605       4.174254270270646E-002  1.130556093075834E-002
   39368.6767454056       4.255397804294259E-002  1.041666176391665E-002
   57531.4854987466       4.207936292172996E-002  1.002597489916238E-002
   20193.2583070557       4.160575518663230E-002  9.635557470548728E-003
   203267.472085969       4.113111516227624E-002  9.244518868040355E-003
   219609.610922034       4.065848700121068E-002  8.853909746906688E-003
   23314.5467100853       4.109937915434964E-002  8.521252434271832E-003
   47866.0073873057       4.154059528850287E-002  8.189314348343532E-003
   1698.35768990615       4.198080278592806E-002  7.856700503756218E-003
   35765.1941532574       4.242215892157888E-002  7.524390145170437E-003
   63823.3480423140       4.082259761255645E-002  6.799523074796652E-003
   26083.2330852313       4.053156268411854E-002  7.268662053319446E-003
   46481.3558021253       4.024163641269986E-002  7.738637808189976E-003
   266657.821426712       3.995119362746830E-002  8.207877158941175E-003
   200803.226655636       3.953520675298108E-002  7.771152346006896E-003
   149536.307683821       3.911911901452340E-002  7.332984692367511E-003
   109550.408189926       3.870261892700553E-002  6.895865763218611E-003
   362563.948427680       3.788807191795939E-002  7.785528588661019E-003
   183713.763575984       3.835941872869909E-002  8.162124958044401E-003
   140045.893583226       3.883198728810168E-002  8.538738642364249E-003
   52781.2934401210       3.930385819045849E-002  8.915506722037269E-003
   116885.165745043       3.886780021700514E-002  9.359075032192224E-003
   190698.731001248       3.843023080998949E-002  9.802582174660235E-003
   341365.357424596       3.799341718295166E-002  1.024609090365358E-002
   73208.6181050920       4.344239241825574E-002  1.122727764477213E-002
   11465.7434713195       4.383588667159611E-002  1.080137387680289E-002
   186280.307182208       4.422917069068264E-002  1.037405221782429E-002
   330867.597731571       4.462361815348557E-002  9.947434090809171E-003
   98669.4034479637       4.501720051632464E-002  9.519755975254523E-003
   297976.823976497       4.540730595742531E-002  9.910242683729698E-003
   46225.7419240071       4.579695816118198E-002  1.029967753459455E-002
   13973.2948692416       4.618655118395053E-002  1.068974396596803E-002
   18836.5227857669       4.657558592130471E-002  1.107893152970774E-002
   100968.505303222       4.754559825487892E-002  1.001092744144561E-002
   145089.007417023       4.711965656329575E-002  9.661185965546278E-003
   79118.0045467377       4.669290428504210E-002  9.311701586551965E-003
   128737.053388348       4.626727036351379E-002  8.962519041821883E-003
   137838.462886913       4.584151613754504E-002  8.613016382236393E-003
   100626.293626276       4.623088295950042E-002  8.177366246809540E-003
   46000.5407676777       4.661851723132907E-002  7.741251828839593E-003
   7972.33014484354       4.700721676404495E-002  7.305186401685666E-003
   40853.5030818196       4.739489913372058E-002  6.869236938972718E-003
   20869.5748543520       4.612710513494461E-002  6.505243396772704E-003
   51811.2902630272       4.573012411491894E-002  6.933662381359828E-003
   42940.3325640383       4.533295916841347E-002  7.360866023439907E-003
   249947.787848103       4.493632104783041E-002  7.789534164803164E-003
   187037.277097957       4.460631136057468E-002  7.395415839178484E-003
   107237.174278953       4.427717812654756E-002  7.002207955964850E-003
   43325.5579182761       4.394682187075618E-002  6.608029645654306E-003
   185388.014560123       4.284418872893721E-002  7.816783751495630E-003
   85976.9297509295       4.326679412478823E-002  8.109816492281180E-003
   31191.1267633575       4.368850879019042E-002  8.401840674905117E-003
   36606.3142364497       4.411159314496146E-002  8.694672548636396E-003
   31132.1949198659       4.372228916805869E-002  9.124962668983093E-003
   95135.3356489191       4.333329166279142E-002  9.555914727201799E-003
   245343.436761697       4.294299457973960E-002  9.985981766851320E-003
   74858.6309286177       4.861287058272289E-002  1.098008192894053E-002
   50342.5106725435       4.896415514603909E-002  1.057037936401391E-002
   261477.216804224       4.931540721446773E-002  1.016025721006217E-002
   405664.462221676       4.966696510267316E-002  9.750880236783355E-003
   166374.704205887       5.001853607452209E-002  9.340066903731695E-003
   355829.727995718       5.048376962832889E-002  9.709511912653483E-003
   27216.9750687430       5.094832889026221E-002  1.007850137917634E-002
   57841.6952260838       5.141209008547010E-002  1.044793870682258E-002
   86739.0905962028       5.187631873576903E-002  1.081742342460046E-002
   44199.1586361899       5.256003662183562E-002  1.006053354070422E-002
   41249.7768238036       5.214438843896178E-002  9.636361465507800E-003
   28467.7000091998       5.172914313392870E-002  9.213250458500955E-003
   224605.674054896       5.131488288598909E-002  8.789384895596766E-003
   246996.566000835       5.090092587914195E-002  8.364625459759193E-003
   43278.1952817028       5.127448014807708E-002  7.956940058916348E-003
   85196.0299571741       5.164620457049154E-002  7.548908499379566E-003
   38384.2408402847       5.201893255751550E-002  7.142056037811612E-003
   9820.72757694329       5.239146746361283E-002  6.734357792104910E-003
   84998.0962855107       5.102804588180913E-002  6.247601595738204E-003
   24084.9078305673       5.066165480211888E-002  6.660244152532877E-003
   16581.6810895426       5.029417576551501E-002  7.071606302347540E-003
   221379.159472543       4.992715425118647E-002  7.484104117268001E-003
   226806.818126526       4.949184534623186E-002  7.112180792528694E-003
   178716.369702531       4.905647306386191E-002  6.741424377510558E-003
   103459.904413501       4.862110800636663E-002  6.369575725197304E-003
   119208.491220481       4.780771502846995E-002  7.266261391752764E-003
   60662.4726256193       4.822037925756986E-002  7.663540663943472E-003
   22477.8409145236       4.863215032910319E-002  8.060761504298079E-003
   44585.4715977913       4.904527420108951E-002  8.457624567802890E-003
   50645.5116698183       4.867065930942303E-002  8.845750618413984E-003
   182911.561038524       4.829644283477118E-002  9.233786542065067E-003
   357373.393172946       4.792089026327676E-002  9.622000336991690E-003
   55756.7175393835       5.331635441906908E-002  1.074353794930300E-002
   297911.873443256       5.374664578889208E-002  1.043124057409995E-002
   344059.496162784       5.417584261180127E-002  1.011971072088477E-002
   362557.405261288       5.460591321030868E-002  9.806970445885355E-003
   101906.603459718       5.503609747161145E-002  9.495287208569575E-003
   250800.244837710       5.537256727149167E-002  9.766428385070339E-003
   61257.5539757747       5.570747410661433E-002  1.003919369585227E-002
   23783.0508297386       5.604340173423870E-002  1.031059145397354E-002
   21420.5574476563       5.637826371285563E-002  1.058295708571937E-002
   21265.1765918085       5.753056075892047E-002  9.302573082981902E-003
   73607.5349955906       5.722393601414125E-002  8.998429918555713E-003
   26351.6324817477       5.691835528553953E-002  8.693353538436990E-003
   125537.885562179       5.661179241440649E-002  8.389549672263075E-003
   154806.913486173       5.630701529837030E-002  8.084031389556672E-003
   71024.0218436551       5.657199088106719E-002  7.600872879982089E-003
   92293.7817139650       5.683702813019279E-002  7.117009466481094E-003
   17639.4581743147       5.710126039611577E-002  6.633340547244603E-003
   13937.0060642446       5.736624725443733E-002  6.149462348674346E-003
   108601.765500611       5.625729748286572E-002  5.873565453959281E-003
   13098.0980247284       5.580410428871589E-002  6.186941059069338E-003
   105128.513174338       5.535075387785025E-002  6.500972812666357E-003
   207051.534807106       5.489802548521872E-002  6.814732141475761E-003
   217673.603879696       5.449603539362404E-002  6.546278385455389E-003
   239922.676054454       5.409412634799714E-002  6.276569145971234E-003
   113705.274591612       5.369315250365116E-002  6.007813360217900E-003
   154231.347523224       5.270077843817088E-002  7.106751530751390E-003
   33857.5471113541       5.300883572227770E-002  7.478652922733194E-003
   22213.0572442010       5.331820688961031E-002  7.851387455085936E-003
   63790.5862993347       5.362661813576414E-002  8.224251175445847E-003
   7016.32775232665       5.336094614232800E-002  8.683598085582157E-003
   56880.2628325327       5.309384442485272E-002  9.142816660490053E-003
   161132.294708727       5.282746017520994E-002  9.601003774359939E-003
   41005.9805133267       5.881068792536379E-002  1.045391369621330E-002
   28451.5462899746       5.910918130601538E-002  1.003098603545736E-002
   110164.144343959       5.940844932522101E-002  9.607685515381503E-003
   168706.880052704       5.970697174148460E-002  9.184418109502646E-003
   64680.3353087230       6.000654524537589E-002  8.760853338054351E-003
   172407.981655847       6.043236954830074E-002  9.145114792799952E-003
   22343.5924380092       6.085783552373825E-002  9.529644876993036E-003
   9623.26083723025       6.128339601633503E-002  9.913848761731445E-003
   39958.3065573937       6.170869947627392E-002  1.029812456028808E-002
   23681.0201564568       6.254366279744793E-002  9.367279998254098E-003
   31020.9486609150       6.211520658017558E-002  8.986208250972115E-003
   34334.2211788823       6.168695116352465E-002  8.605104964015722E-003
   180213.718027178       6.125870963789699E-002  8.224176859290831E-003
   149136.878197413       6.083119864465682E-002  7.842718732062421E-003
   28132.3398616854       6.121399804203100E-002  7.371276073174442E-003
   111842.333899144       6.159604614586508E-002  6.899390678932830E-003
   11552.8352443973       6.197804630297084E-002  6.427620367318777E-003
   10107.2564100430       6.235988320676257E-002  5.956854130235757E-003
   80223.0690496311       6.119564235330510E-002  5.726319095383499E-003
   21011.4877260859       6.076853259772448E-002  6.157490527479801E-003
   28517.1398542738       6.034128444464951E-002  6.588311616268860E-003
   194550.194547603       5.991432498049046E-002  7.019294797829761E-003
   205737.981593305       5.942492873153064E-002  6.637909330266551E-003
   205059.157806473       5.893558559256916E-002  6.256422295209020E-003
   81411.5277492892       5.844620267247044E-002  5.874878978145912E-003
   198464.693222300       5.779705166596316E-002  6.595926095070345E-003
   82808.4318479552       5.822772322339720E-002  7.042817494074213E-003
   57420.0588451209       5.865860520870780E-002  7.489636109262479E-003
   6004.55381969186       5.908972157899030E-002  7.936356506273808E-003
   119839.395733813       5.870006467114965E-002  8.278180483806317E-003
   161222.175171611       5.831019231031087E-002  8.619109830012569E-003
   253183.350688331       5.792022234544019E-002  8.961073528089843E-003
   25494.3144134957       6.347389964455487E-002  1.020129638297240E-002
   33315.8370563856       6.385649121232481E-002  9.788154025101121E-003
   169508.606180824       6.423884610753360E-002  9.374670703398327E-003
   214599.995002036       6.462133171566695E-002  8.961118212820706E-003
   61456.2920751976       6.500385700725754E-002  8.547456732931334E-003
   167759.025511739       6.538258460143219E-002  8.918680453173282E-003
   8153.60302301415       6.575994613294552E-002  9.290114201608694E-003
   31297.4998144113       6.613827609650674E-002  9.661254254039332E-003
   4265.26197784669       6.651630989151633E-002  1.003247867360497E-002
   43053.5267576266       6.752834977611508E-002  8.901497274464362E-003
   60466.3872013063       6.711684218919563E-002  8.566966805843079E-003
   27440.1475497696       6.670545969801764E-002  8.232538428677756E-003
   115520.373435341       6.629415616123677E-002  7.899353442079562E-003
   109886.688236099       6.588340247446255E-002  7.564839546191422E-003
   47648.3026248665       6.625322956229977E-002  7.143015228243008E-003
   73529.4671400564       6.662251535533144E-002  6.720800949908469E-003
   32633.1148435827       6.699186179632502E-002  6.297702202847562E-003
   28942.1137104453       6.736122433277993E-002  5.875602033616784E-003
   57182.7879342466       6.603946451538610E-002  5.444969020182053E-003
   26250.1233027778       6.565962968444590E-002  5.858686875321413E-003
   102399.500570889       6.528068728607628E-002  6.272203644358237E-003
   164912.643386625       6.490218284232951E-002  6.686147696745871E-003
   152521.920287999       6.443185325767690E-002  6.319516683995862E-003
   168176.843568244       6.396165223287850E-002  5.952589859401272E-003
   33045.6895970231       6.349132570723068E-002  5.585625458074046E-003
   185882.783653193       6.277540174214087E-002  6.383509662404305E-003
   63098.0163877119       6.319082819853085E-002  6.811640747821834E-003
   49373.3044529668       6.360649564284977E-002  7.239722678861072E-003
   59680.4841265428       6.402227454216770E-002  7.667850092821784E-003
   56159.1779816093       6.365285472370255E-002  8.092632665063800E-003
   104206.260890679       6.328314709633584E-002  8.517348729044265E-003
   216290.917814729       6.291325733297003E-002  8.942064316450700E-003
   41466.3081411027       6.865877363320902E-002  9.912801839563010E-003
   13419.4384646628       6.899399573828345E-002  9.504047995172781E-003
   134842.899119721       6.932908127365311E-002  9.094986518410132E-003
   183651.129381873       6.966345556990128E-002  8.686923881936037E-003
   83487.8150551121       6.999874930427848E-002  8.277506447154729E-003
   175028.119509792       7.048056017063885E-002  8.640617260862344E-003
   3757.97381154766       7.096309111321070E-002  9.002712075710588E-003
   17151.7856428623       7.144472180254602E-002  9.365427977158291E-003
   5866.75500030057       7.192683450386841E-002  9.728155389031896E-003
   49021.6742424016       7.254676758531337E-002  9.033662567170401E-003
   6156.28119391739       7.213079940985076E-002  8.595883271544046E-003
   25611.5152863087       7.171517962128635E-002  8.159190683257756E-003
   162750.647315568       7.130063643824502E-002  7.721599613859821E-003
   71140.7297707872       7.088587080123344E-002  7.284587771333818E-003
   20608.3670347986       7.124990414148431E-002  6.803535508268005E-003
   100802.664828456       7.161255304236946E-002  6.322218661037443E-003
   65202.2580797996       7.197625434172086E-002  5.839870989326032E-003
   69198.3189058120       7.233987472638594E-002  5.358321959928962E-003
   77177.8653412172       7.120743263052481E-002  5.153088725210456E-003
   45112.0113548610       7.076901275757050E-002  5.568503627612735E-003
   116189.616486773       7.033138697843788E-002  5.982725844639750E-003
   86343.4080748176       6.989411862337269E-002  6.398292989425238E-003
   67426.6088966657       6.947208656711536E-002  6.031461967425443E-003
   101863.190789664       6.905016318658533E-002  5.665660837698650E-003
   70060.0472609680       6.862721372708960E-002  5.298970280796093E-003
   53166.7919031565       6.777300111035056E-002  6.254049041476477E-003
   36450.1279144186       6.818469391552016E-002  6.633593506194741E-003
   64780.3716575570       6.859536847607177E-002  7.012065317068793E-003
   21816.6651497215       6.900699650934940E-002  7.390454757967793E-003
   73599.0897263232       6.863725737066460E-002  7.768245087204629E-003
   123194.547542803       6.826828643231868E-002  8.145087707691278E-003
   236929.377770968       6.789817067216408E-002  8.523030225022800E-003
   24287.1440464584       7.324045734258060E-002  9.653046165871204E-003
   108104.305480022       7.368319332555637E-002  9.308013626937572E-003
   257073.585608390       7.412482454771405E-002  8.961647788829432E-003
   247845.244959024       7.456758825396147E-002  8.616087154817098E-003
   97585.8358765591       7.500913209028903E-002  8.269294183685345E-003
   179659.535403001       7.552226063038744E-002  8.561085115340636E-003
   67104.1386823107       7.603516575271890E-002  8.851943670012786E-003
   55922.0175395063       7.654818687838273E-002  9.143329129394221E-003
   74188.9869854855       7.706089920800210E-002  9.433267098457408E-003
   25812.4910423724       7.754990935989227E-002  8.884073689511437E-003
   48452.4830033070       7.720144949662641E-002  8.408760570953850E-003
   70892.8816389052       7.685225567723733E-002  7.933783035894315E-003
   158959.053536848       7.650432623215918E-002  7.458683751634293E-003
   42850.0009814644       7.615606439391352E-002  6.983139714830223E-003
   24961.4566065955       7.645468477397337E-002  6.573808595851679E-003
   96082.3159174025       7.675196527078702E-002  6.164192806702433E-003
   90892.8693779742       7.705044330830101E-002  5.754565750134165E-003
   84305.6346147276       7.734783303139751E-002  5.344772375881173E-003
   94600.5948858927       7.599109963064025E-002  4.809259440087936E-003
   91303.0244454703       7.561783821617481E-002  5.152048205754857E-003
   170630.227962123       7.524436308381402E-002  5.493773450553734E-003
   38203.6130575893       7.487131217962287E-002  5.836959703433288E-003
   6868.00407482059       7.439371336315335E-002  5.542853100047176E-003
   75174.0980609309       7.391629292314517E-002  5.249685154034366E-003
   64466.8120395108       7.343780177349295E-002  4.955761807395742E-003
   37241.5201792917       7.268563236644614E-002  5.799075597762108E-003
   28845.8721618772       7.303226829139940E-002  6.240847226100530E-003
   72612.4615162651       7.337786155869067E-002  6.681602439203821E-003
   15678.2465555408       7.372423483403374E-002  7.122471485040822E-003
   5789.56383838274       7.342964164791087E-002  7.599644396108983E-003
   45213.3937856184       7.313591701315521E-002  8.077786643535518E-003
   216942.107185797       7.284078672187710E-002  8.554978444902644E-003
   68483.3713192877       7.809882048602175E-002  9.373085189499607E-003
   54221.7413505350       7.856399239375196E-002  8.836964145656004E-003
   89123.4240456633       7.902964189907788E-002  8.301914966336144E-003
   109016.137337272       7.949549546275173E-002  7.765731587061857E-003
   55774.2207047900       7.996103664444836E-002  7.228843768238390E-003
   14345.5368731618       8.033725009760956E-002  7.716436042515458E-003
   71380.4078459162       8.071321180312291E-002  8.203997996608894E-003
   101039.237667644       8.108889270391825E-002  8.690662272374857E-003
   71262.6436879362       8.146351445612020E-002  9.178465642651684E-003
   8265.32497079982       8.251060396307303E-002  8.003304592306748E-003
   55860.4232204857       8.198238343501325E-002  7.687166011648264E-003
   21576.9372623067       8.145496503743142E-002  7.370297719764892E-003
   64308.1229352701       8.092651852328250E-002  7.053768396352919E-003
   22850.9622859552       8.039834609017596E-002  6.737439641536848E-003
   59410.4311755553       8.087712459183502E-002  6.197158998837477E-003
   65765.5737436787       8.135601311687227E-002  5.655900543481369E-003
   37797.6923195697       8.183414991897130E-002  5.115682101707581E-003
   28891.4103203619       8.231310321988343E-002  4.575033793811375E-003
   43535.5059971345       8.135494887711188E-002  4.688352571876950E-003
   35408.0179371617       8.087270270471777E-002  5.224786170033299E-003
   130721.734792793       8.038940515869616E-002  5.762348853162045E-003
   49846.4365851475       7.990739751925675E-002  6.300333840982284E-003
   48227.4976202213       7.948659437552909E-002  5.815223888867646E-003
   99487.7092955235       7.906593174152328E-002  5.330115435937934E-003
   24894.4686220739       7.864540662459266E-002  4.845966693183277E-003
   50371.3308613644       7.787875905877599E-002  5.706559401450587E-003
   12958.5942028593       7.840852415734659E-002  6.068550739282223E-003
   77291.9261177743       7.893937720150332E-002  6.430168427942241E-003
   96383.8329633501       7.947010351933750E-002  6.791617393618076E-003
   27160.1352783428       7.899019970938886E-002  7.314562352137993E-003
   61965.1464737139       7.850979633464215E-002  7.837420398442305E-003
   178968.526992990       7.803018127065457E-002  8.360385462192281E-003
   23841.4744829483       8.368556576757540E-002  9.050427563125671E-003
   17888.8156515392       8.400846982238659E-002  8.637365212968135E-003
   33231.9737858717       8.433225727337366E-002  8.223147583193459E-003
   13688.7491174291       8.465620411994093E-002  7.809947646046134E-003
   14997.3988774029       8.497995470993421E-002  7.395532863737144E-003
   2715.00105449446       8.546300190426011E-002  7.763210108583666E-003
   33728.8695127601       8.594597921943266E-002  8.129828681259069E-003
   35871.6649734738       8.642901640069579E-002  8.497341440737004E-003
   45226.5597821833       8.691185783950960E-002  8.863871677195743E-003
   11969.2460675932       8.752898119853732E-002  8.170944923319252E-003
   33587.7036326096       8.710897717466100E-002  7.733657618583656E-003
   36705.7673386953       8.668805166764997E-002  7.296422455806630E-003
   58855.4627481254       8.626816667377020E-002  6.859148228194724E-003
   23361.3360107213       8.584740357523127E-002  6.421854805693314E-003
   26180.9873264678       8.621677643494993E-002  5.963987651522755E-003
   29688.7079940218       8.658506314985583E-002  5.506067375997578E-003
   8967.11370421558       8.695443316114040E-002  5.048102109024937E-003
   7293.55054453703       8.732275203843079E-002  4.591012665090894E-003
   13926.7699270240       8.611182828902841E-002  4.297290053954809E-003
   2847.45840290630       8.569926744499744E-002  4.716681520550653E-003
   43901.7829729019       8.528655728036469E-002  5.135049634947701E-003
   19970.4933737363       8.487402099481499E-002  5.554591518987871E-003
   16309.7927914666       8.434006416563800E-002  5.189839720577118E-003
   38762.7105176179       8.380511223620123E-002  4.826318546219814E-003
   66708.2453228883       8.327109938071334E-002  4.461905715638573E-003
   42175.5685245241       8.273611601068796E-002  5.063092926736894E-003
   55825.3032306923       8.316004398197033E-002  5.551061656248120E-003
   64522.3809106132       8.358292729126966E-002  6.040136495967730E-003
   65118.5498959137       8.400665167389487E-002  6.528238320219206E-003
   22752.8374640014       8.363211521172371E-002  6.897142097813446E-003
   13647.9664093765       8.325866361740970E-002  7.266135875600734E-003
   52536.9118399225       8.288411492493059E-002  7.635167997685297E-003
   39374.2163968120       8.822150516990350E-002  8.787824489603708E-003
   24229.8194620309       8.865739637965817E-002  8.336236493544001E-003
   73305.7826803866       8.909334503231327E-002  7.885500055899539E-003
   78083.8503893009       8.952933046249094E-002  7.433695265587273E-003
   36457.7791554205       8.996526874144124E-002  6.982661456490210E-003
   36288.4384231901       9.031555251573498E-002  7.387880506253087E-003
   18948.4950194644       9.066677415869030E-002  7.793987146367291E-003
   54164.4703451780       9.101682676699535E-002  8.199141089058060E-003
   26217.7609408779       9.136785419054892E-002  8.605234274460812E-003
   9256.70980454832       9.249087160500506E-002  7.344268090065591E-003
   63308.8545520603       9.204654217722397E-002  7.042431935273526E-003
   31210.5153359517       9.160322157357080E-002  6.741719921507836E-003
   18807.5659589112       9.115887615060962E-002  6.440188353259001E-003
   4535.42962482914       9.071574904808803E-002  6.139635114441335E-003
   42371.6337778320       9.111542902400939E-002  5.688010686296608E-003
   30405.2074549205       9.151605334793254E-002  5.236209933513861E-003
   27433.1543238819       9.191578451013782E-002  4.784460452607824E-003
   20111.0848234023       9.231645157522866E-002  4.332494816162503E-003
   7104.22247400229       9.108155419893056E-002  4.041290077554243E-003
   12011.8477903479       9.067873431947066E-002  4.490203217733284E-003
   68694.5239351649       9.027587813347727E-002  4.940122150547897E-003
   29614.7223581169       8.987311505726467E-002  5.389295442665146E-003
   20770.1832841490       8.941327551350570E-002  4.990322569256017E-003
   37931.8082752955       8.895339548385971E-002  4.590383294319921E-003
   39528.3317193308       8.849359664174200E-002  4.191469952740017E-003
   21705.2426653926       8.777319142687383E-002  5.000564962847306E-003
   25772.3533262554       8.822267278705981E-002  5.411146534188787E-003
   40350.2663310143       8.867314307378113E-002  5.821629311586458E-003
   29753.5090997267       8.912256147118816E-002  6.232180842228513E-003
   5722.98758667280       8.872481756677282E-002  6.716749615037971E-003
   22287.6678649236       8.832593636232952E-002  7.201384153045307E-003
   104887.820698317       8.792789032638380E-002  7.685970016121555E-003
   43354.3885933409       9.375163128425779E-002  8.467124456346557E-003
   17156.2144560552       9.405666155989699E-002  8.075124609278228E-003
   46806.9227626040       9.436061594012431E-002  7.683031913427821E-003
   91088.6892203559       9.466565711255658E-002  7.290837136346399E-003
   50455.3602174352       9.496976118900750E-002  6.898626535149498E-003
   118196.189868057       9.543713785659752E-002  7.245997555370599E-003
   80029.6880613265       9.590354722479406E-002  7.593233750555828E-003
   13717.7501876437       9.637091138803905E-002  7.940236111317724E-003
   32203.7697591312       9.683825447491429E-002  8.286997673257863E-003
   30593.6336747594       9.751174432733520E-002  7.529262487902521E-003
   63491.3454883543       9.711203887290863E-002  7.106002281137155E-003
   22249.1435130127       9.671234803113787E-002  6.683017719812870E-003
   64047.7282496132       9.631292913624734E-002  6.260994626631106E-003
   16332.2309598407       9.591372539416745E-002  5.837843206003238E-003
   58680.0429151334       9.626194216455095E-002  5.381156859151588E-003
   4431.74439343294       9.661015450963290E-002  4.925382957552842E-003
   7130.31269416187       9.695844881344487E-002  4.468660221144614E-003
   2656.61950659056       9.730674538988421E-002  4.011850357415058E-003
   28322.5472085512       9.609365069994823E-002  3.698130362539636E-003
   29995.1796905152       9.567986383096233E-002  4.096627119982104E-003
   71288.3528081752       9.526704324557106E-002  4.495102077552629E-003
   17113.2887402901       9.485340797147943E-002  4.893881963990067E-003
   2801.80932162783       9.440441414085904E-002  4.545326646207743E-003
   6911.66737639117       9.395539154758165E-002  4.196885527836410E-003
   23441.5512774558       9.350640397302475E-002  3.848489995901784E-003
   5695.15835641877       9.271472238998060E-002  4.738010746075900E-003
   11625.7733605114       9.311295534082270E-002  5.143481475937072E-003
   22723.4883940219       9.351113733493280E-002  5.548930830853521E-003
   15929.5694646652       9.390929000918646E-002  5.954357891840369E-003
   3477.98598073896       9.355478212958437E-002  6.301261402395795E-003
   40531.4912733740       9.320017404061436E-002  6.649158615300270E-003
   91251.2966106835       9.284542891409904E-002  6.996094733180620E-003
   85249.2743659956      -1.708454945723003E-003  1.749791099743219E-002
   339984.458980373      -1.276884097649633E-003  1.713071082197322E-002
   1115155.72171549      -8.445314923371018E-004  1.676244788494296E-002
   1796228.11932108      -4.129466329721862E-004  1.639160737614274E-002
   925697.237699719       1.963231339245755E-005  1.602175546034440E-002
   1989342.41942168       4.805899113359237E-004  1.638947692283998E-002
   1183693.59857073       9.420479529978881E-004  1.675761590688460E-002
   1312622.24143057       1.403248402299071E-003  1.712204574174362E-002
   712240.427081542       1.862513278903017E-003  1.748774716854851E-002
   1402486.44540560       2.538872614295692E-003  1.679788797848714E-002
   595158.736360852       2.158496786085826E-003  1.634749436510656E-002
   356742.130243251       1.781896340617666E-003  1.589815564422875E-002
   427863.828978112       1.405618940365558E-003  1.544866290777389E-002
   190994.893706954       1.034464251581437E-003  1.499799217092398E-002
   154133.877969215       1.403622071699485E-003  1.454028172276779E-002
   291344.353660216       1.775778352027603E-003  1.408420292547566E-002
   1231653.19472846       2.147678293215845E-003  1.362615583665390E-002
   1117064.32285242       2.522072286822343E-003  1.316737382382395E-002
   212778.410423069       1.393072753547384E-003  1.287035250255744E-002
   878631.938000207       9.331162753760312E-004  1.323943913125063E-002
   972147.003422885       4.741470491343376E-004  1.361092692868553E-002
   694863.486773481       1.401152006597961E-005  1.398220217900421E-002
   1079313.59522135      -4.408359382447257E-004  1.361338221101253E-002
   688989.303201702      -8.952866121575548E-004  1.324403671552835E-002
   339003.046720921      -1.349251160976332E-003  1.287657940530341E-002
   1536551.36274382      -2.496618219264666E-003  1.320398802072602E-002
   1023410.04702468      -2.121328040667362E-003  1.365557762274371E-002
   537956.099046150      -1.747247602805844E-003  1.410519727976195E-002
   90115.6719549432      -1.372914375014451E-003  1.455398148665018E-002
   352325.381837728      -1.001444333121186E-003  1.500327591768133E-002
   324394.670583314      -1.369831777931661E-003  1.543061354924368E-002
   328640.687595243      -1.743069170707099E-003  1.585599144928284E-002
   1092066.35429159      -2.116740343934073E-003  1.628265678304627E-002
   1296645.31313784      -2.491035219260853E-003  1.671115430431753E-002
   672974.067748186       3.225497575220463E-003  1.747393964560155E-002
   183686.454364972       3.678559034292856E-003  1.694694288937545E-002
   653151.362961266       4.136615768962549E-003  1.642241801710026E-002
   3001899.35051651       4.599307028957287E-003  1.589655142842037E-002
   1506863.48542721       5.062347695258125E-003  1.536500354138478E-002
   1996298.04049119       5.443553968602593E-003  1.588209981133845E-002
   394672.313364815       5.817824385440039E-003  1.639606681478540E-002
   813897.262836263       6.188472049988276E-003  1.691049380686988E-002
   464267.445945389       6.555185817987768E-003  1.742683566369399E-002
   1159998.71830643       7.606205417168890E-003  1.634207298762120E-002
   2431084.13089998       7.067787389835182E-003  1.599100128947583E-002
   2364013.97969551       6.526922462008926E-003  1.564436401004719E-002
   885215.092239514       5.984480742467620E-003  1.530377504421696E-002
   1165329.37040388       5.448303201888022E-003  1.496394411545640E-002
   1123603.98355452       5.973367443142899E-003  1.455014845751058E-002
   1462385.03096189       6.501605998108022E-003  1.413544449688903E-002
   2088313.42435043       7.028638219046013E-003  1.371742115498968E-002
   1248355.25088211       7.554832645047098E-003  1.329679247966957E-002
   430500.665543206       6.281844845578077E-003  1.298631212611953E-002
   331938.945084718       5.874525590625279E-003  1.351546255094000E-002
   1155486.41402023       5.464180130595751E-003  1.404464520421521E-002
   607534.483627271       5.051697182479878E-003  1.457740502108956E-002
   1204655.64784209       4.581505145645848E-003  1.405738035609619E-002
   49219.9796977074       4.114897992575473E-003  1.353727368546827E-002
   403808.924582271       3.649425033829921E-003  1.301690675173027E-002
   974797.386399088       3.056787943402263E-003  1.362236532150497E-002
   1343681.74882739       3.592300652654133E-003  1.407610666606639E-002
   549218.994621310       4.129605220744332E-003  1.452568615480374E-002
   1391154.05483779       4.664894809101430E-003  1.497612909231966E-002
   476335.647540925       4.139003451707685E-003  1.542974770825595E-002
   2064124.64679261       3.604481270167501E-003  1.588192240308589E-002
   2316843.96566224       3.070439211629712E-003  1.633695934961502E-002
   464999.070917041       8.690316528158782E-003  1.739673584610774E-002
   108299.288906857       9.043104126694509E-003  1.701330458762201E-002
   654683.197901914       9.398554959157028E-003  1.662999142705707E-002
   1577347.52790489       9.754065094555411E-003  1.624612319726818E-002
   1135863.16256095       1.011144576905638E-002  1.585936742339175E-002
   1848122.99922445       1.054901018067004E-002  1.623300687022582E-002
   969474.359079395       1.098613330004204E-002  1.660368620296973E-002
   317016.295678219       1.142266041836548E-002  1.697299673259405E-002
   74524.6659497260       1.185647317512203E-002  1.734169195246893E-002
   940347.578739508       1.263902251997074E-002  1.652472803318780E-002
   1131249.56350800       1.224316526753005E-002  1.610854601772029E-002
   376426.590749139       1.184839341157023E-002  1.569474629262833E-002
   487427.086038672       1.145646637774545E-002  1.528196876890792E-002
   66909.6419079441       1.106755511857783E-002  1.486781771627330E-002
   339780.330034935       1.144459772519154E-002  1.453602341172763E-002
   750941.198788829       1.182206668736211E-002  1.420370852095419E-002
   1323375.03371478       1.220083499183819E-002  1.386999083476440E-002
   819285.892405469       1.258028076917640E-002  1.353662291681407E-002
   253701.632415159       1.104934613157547E-002  1.275443353777765E-002
   315700.560872975       1.072656196790588E-002  1.313944363243808E-002
   806792.833750437       1.040287418690202E-002  1.352422470180916E-002
   792243.773555486       1.007838480330479E-002  1.391115205805691E-002
   1257842.97572720       9.656771021228876E-003  1.353601862451886E-002
   714474.308766971       9.234663689657413E-003  1.316495121097771E-002
   397488.630741117       8.813272162572576E-003  1.279469138620407E-002
   876111.145929020       7.949871158966393E-003  1.369976298331040E-002
   406438.138095177       8.343102607294659E-003  1.410084218620636E-002
   193691.637840531       8.733837937782204E-003  1.450076779995409E-002
   435282.085849007       9.123562295720356E-003  1.490044721152050E-002
   80662.0540490780       8.746888071586710E-003  1.525995025304802E-002
   761171.072173978       8.368257341909968E-003  1.561839024123798E-002
   1320222.62432103       7.987613732277519E-003  1.597943166121852E-002
   581773.666459471       1.345396731748610E-002  1.730896057442568E-002
   15073.1932111098       1.387119553244446E-002  1.686330697913193E-002
   671185.435322528       1.429196862389790E-002  1.641680674228438E-002
   2036166.33850337       1.471406271196901E-002  1.596896549133300E-002
   1079922.80666909       1.513695505731426E-002  1.551736285454105E-002
   1794227.02288146       1.554265503620369E-002  1.594866387047007E-002
   450941.826752557       1.594644830956519E-002  1.637742595627270E-002
   39671.9177097326       1.634883118740507E-002  1.680564684461289E-002
   9400.67225238998       1.674801379769801E-002  1.723366037665859E-002
   1072727.02871433       1.767356429123557E-002  1.625585641521645E-002
   1487066.77571072       1.721621543053288E-002  1.588102833078936E-002
   1087647.30489349       1.675798566484108E-002  1.550841035027229E-002
   17072.6005467154       1.630135023382346E-002  1.513797245579313E-002
   306652.476697056       1.584821097016508E-002  1.476650356253809E-002
   12576.1397524239       1.628039848581925E-002  1.429909923672169E-002
   344317.843338875       1.671367805752139E-002  1.383294756267399E-002
   1113818.74856546       1.714871903360426E-002  1.336457735499527E-002
   742932.248105908       1.758320357973365E-002  1.289578270612135E-002
   178017.061658971       1.645307306814496E-002  1.269748638106574E-002
   472003.794022992       1.600230210547776E-002  1.314886463282251E-002
   827489.298617263       1.555184022210379E-002  1.360038489924640E-002
   403372.021498155       1.510071524088304E-002  1.405499513291721E-002
   423152.757335179       1.475963320524048E-002  1.362040734574862E-002
   38762.9249588566       1.441953473343481E-002  1.318798366073527E-002
   30788.7287124258       1.408043611703058E-002  1.275484205423694E-002
   939556.741624800       1.303277857365743E-002  1.385316925953191E-002
   986585.119291535       1.348545012737911E-002  1.417102189728240E-002
   659068.429250970       1.393736353392068E-002  1.448724249755725E-002
   125511.674080943       1.438957233372129E-002  1.480228425067590E-002
   425748.756877193       1.395644055904973E-002  1.523221081809062E-002
   756221.072799715       1.351858993391265E-002  1.566058924669816E-002
   1442310.19859780       1.307827735678831E-002  1.609099511229715E-002
   310298.989383103       1.864984182108461E-002  1.718245977450025E-002
   259748.791047754       1.902729296845404E-002  1.678554554763504E-002
   780685.196835535       1.940717908043905E-002  1.638954482366387E-002
   1676250.25896173       1.978794635950100E-002  1.599098455945594E-002
   992471.954656328       2.016971090954056E-002  1.559108628728334E-002
   1817803.02141073       2.061803488577600E-002  1.596682324779617E-002
   751072.815683468       2.106545524759883E-002  1.634101459670260E-002
   208579.183705667       2.151210954878279E-002  1.671172149593756E-002
   228221.206482219       2.195526113000992E-002  1.708346706676221E-002
   1012885.84261962       2.270691737545833E-002  1.628304211629560E-002
   1156104.02162639       2.229802233896146E-002  1.586533810042711E-002
   467437.358168486       2.189131402454501E-002  1.545003075210687E-002
   530066.699339762       2.148519599027592E-002  1.503624322441060E-002
   167307.935148088       2.108359280740474E-002  1.462069151980902E-002
   306935.982462957       2.146464817355292E-002  1.425226526203117E-002
   838806.154277556       2.184652499014541E-002  1.388387226678026E-002
   1350010.13605800       2.222783323080329E-002  1.351329209615574E-002
   844510.674297975       2.261050209094721E-002  1.314261862236673E-002
   151349.538230889       2.116945088178632E-002  1.251138801308113E-002
   360583.374328952       2.081927242723518E-002  1.290836053995162E-002
   904459.405133876       2.046900591503560E-002  1.330687129660108E-002
   496348.098292294       2.011756214911858E-002  1.370710828380513E-002
   1005706.07787336       1.964443602225583E-002  1.333046825244964E-002
   503295.692945046       1.917216098202322E-002  1.295559512288907E-002
   212921.742008616       1.869931987195152E-002  1.258348041116108E-002
   649422.423951079       1.799059198416399E-002  1.334138661051101E-002
   207270.598742457       1.839589088667321E-002  1.378645172542582E-002
   315965.267259859       1.880083303387911E-002  1.422969390729681E-002
   27984.7306412628       1.920344392517622E-002  1.467469380644130E-002
   47431.5157395761       1.882371546268147E-002  1.506918125110348E-002
   856221.808954468       1.844074765682879E-002  1.546310415738783E-002
   1408232.94070154       1.805786233966344E-002  1.585848960839026E-002
   224186.226650842       2.350483399593336E-002  1.703589871025388E-002
   683349.444185548       2.392765983901902E-002  1.670348522864806E-002
   1299014.46229050       2.435254141213690E-002  1.636974392621232E-002
   1919219.00619690       2.477755961939108E-002  1.603277640988999E-002
   1026550.53265887       2.520296164427693E-002  1.569565197633150E-002
   1901358.09417464       2.568969318215963E-002  1.600192762311553E-002
   1196984.67753861       2.617449568662043E-002  1.630963851802125E-002
   1166649.52441995       2.666096089962197E-002  1.661357786390454E-002
   596480.111196263       2.714395754003327E-002  1.691703799537809E-002
   1035098.63321310       2.773844385776659E-002  1.627516129082442E-002
   593076.326534140       2.739175771482536E-002  1.581905657567667E-002
   153719.493796654       2.704778229343935E-002  1.536265927711688E-002
   579736.882452779       2.670419497957134E-002  1.490792192190069E-002
   181502.486591648       2.636572682431879E-002  1.444958146636039E-002
   20525.1411825679       2.667448021775475E-002  1.398469881762267E-002
   204315.601703995       2.698513576967206E-002  1.352085724366603E-002
   766941.728510027       2.729538632112723E-002  1.305554776081274E-002
   680903.352234687       2.760665352465336E-002  1.259051653438503E-002
   314968.106617259       2.645812496295218E-002  1.227063390506882E-002
   676277.462352114       2.601266095247403E-002  1.260883258881630E-002
   765876.041606045       2.556818872568720E-002  1.294879589472551E-002
   477370.427420285       2.512283696977080E-002  1.328849211490768E-002
   684337.539726520       2.475067595927877E-002  1.297644361277162E-002
   410768.326117236       2.437922059056862E-002  1.266490315241701E-002
   369789.469551292       2.400716160410976E-002  1.235523239847037E-002
   622881.336795387       2.294961293642124E-002  1.348923573464073E-002
   447371.649241528       2.328708599599542E-002  1.383737418431332E-002
   132989.170541057       2.362505686732200E-002  1.418363853099651E-002
   187730.896672945       2.396172400992678E-002  1.453023197951847E-002
   427097.156373949       2.365200279230035E-002  1.496836432730805E-002
   284203.041926741       2.333794738368937E-002  1.540538273067921E-002
   1111954.58711018       2.302313959097482E-002  1.584313831711731E-002
   24988.9118265531       2.837839466744852E-002  1.686996694596313E-002
   821855.188687896       2.883545151247383E-002  1.646204700406152E-002
   1218558.14221598       2.929652371408055E-002  1.605372115496800E-002
   1959778.77449537       2.975655042173699E-002  1.564303790532322E-002
   869956.991785416       3.021762244544758E-002  1.523088800751233E-002
   1503415.06204420       3.062571574608247E-002  1.560666832071973E-002
   429191.006127110       3.103192630089626E-002  1.598231360725040E-002
   65459.7562960473       3.143721418083672E-002  1.635648913536020E-002
   89382.2215808289       3.183933930686806E-002  1.673076231979583E-002
   825635.423100412       3.275209525834666E-002  1.573968698099107E-002
   1225334.56941466       3.233868144046917E-002  1.537021723730921E-002
   723254.461537268       3.192543366461718E-002  1.500188221932127E-002
   192463.808519183       3.151283068058697E-002  1.463517294521616E-002
   360834.334570740       3.110402708252073E-002  1.426700380145767E-002
   45295.3788948843       3.148084978813513E-002  1.380416636907938E-002
   356265.414034687       3.185835237087433E-002  1.334199514363551E-002
   853726.568096347       3.223670657906319E-002  1.287833322014933E-002
   664779.187303019       3.261572175594239E-002  1.241381162262777E-002
   241190.206301690       3.144948893176262E-002  1.214764583341555E-002
   624858.989713300       3.101423883901420E-002  1.255794298426522E-002
   926413.197498835       3.057967706117585E-002  1.296896569433331E-002
   215825.870576343       3.014489809687203E-002  1.338178061374072E-002
   483675.934816566       2.967305305630512E-002  1.300663601208356E-002
   54721.8443642108       2.920271068064295E-002  1.263167188848582E-002
   253601.205203305       2.873154665740229E-002  1.225759429501871E-002
   305142.214920633       2.802057288303318E-002  1.302846072686595E-002
   314842.528599875       2.843353496197755E-002  1.346728805686800E-002
   68874.8373488612       2.884639183010057E-002  1.390407001980160E-002
   182321.110365222       2.925798185563863E-002  1.434231201320132E-002
   234770.848302812       2.888242592944302E-002  1.482605701627174E-002
   553995.833399725       2.850268671700713E-002  1.530725218258977E-002
   1218328.31691460       2.812117979327761E-002  1.579043400418052E-002
   137640.301754898       3.374282235992313E-002  1.665433282639558E-002
   489796.331064009       3.411512379832831E-002  1.629769523947004E-002
   692615.216389086       3.449026700449172E-002  1.594210401485896E-002
   1207205.67733969       3.486551034645702E-002  1.558426807445927E-002
   662458.312898779       3.524129758766219E-002  1.522582449979035E-002
   1212345.65230778       3.567899417065336E-002  1.554950331783914E-002
   632304.157079621       3.611584131888325E-002  1.587320440383125E-002
   453091.187498807       3.655267772049429E-002  1.619435970048468E-002
   79877.9624256317       3.698797902265142E-002  1.651637844399358E-002
   662415.406188037       3.777053029281476E-002  1.565993959750501E-002
   528716.761097796       3.740622502793036E-002  1.525650376809528E-002
   210630.987703139       3.704410581927015E-002  1.485363858664372E-002
   334779.219886495       3.668171322618193E-002  1.445148250919753E-002
   113195.398073797       3.632195971898921E-002  1.404787761398525E-002
   7911.97332550512       3.664731801812755E-002  1.361086117853890E-002
   251391.885509829       3.697313400913201E-002  1.317361462605182E-002
   585509.928183292       3.729852112673139E-002  1.273603469634183E-002
   486368.026596067       3.762529112342558E-002  1.229763524041987E-002
   175915.339840364       3.637834541594060E-002  1.188821982357989E-002
   434447.673886247       3.596792811743168E-002  1.224684381543637E-002
   625685.087574550       3.555725436386635E-002  1.260697098404193E-002
   313720.925464345       3.514686216272388E-002  1.296802355185684E-002
   567156.827327939       3.468226867039598E-002  1.264429389689947E-002
   301282.513617471       3.421858600672067E-002  1.232149676689995E-002
   308493.048743231       3.375403037705439E-002  1.200083506203850E-002
   295517.498518697       3.298027762932932E-002  1.284681335931473E-002
   132794.165347062       3.334244891146261E-002  1.327971922154432E-002
   160184.637749833       3.370496601440560E-002  1.371103069701927E-002
   65735.9669154590       3.406654307202864E-002  1.414357252735827E-002
   71410.1096660612       3.373975202383258E-002  1.454267309875220E-002
   434016.357691084       3.341096819331280E-002  1.494126705898048E-002
   752152.472663070       3.308258968035555E-002  1.534067850883578E-002
   124490.937858766       3.862570867469753E-002  1.644289347848062E-002
   171535.585947210       3.902819182265509E-002  1.602492556476266E-002
   514997.995477793       3.943249672796317E-002  1.560692343805787E-002
   1035969.58322613       3.983741233077360E-002  1.518884297376953E-002
   545170.070274079       4.024260966756206E-002  1.476864207457965E-002
   870002.011523869       4.062772461745045E-002  1.515249989803899E-002
   224022.147263354       4.101268986627710E-002  1.553506297587204E-002
   28999.7761644606       4.139619247765676E-002  1.591782553993555E-002
   9410.43280389095       4.177937904411471E-002  1.630072775542609E-002
   513716.901934987       4.277211643233687E-002  1.521150852861366E-002
   660628.413539495       4.235153426379809E-002  1.486574545543408E-002
   423256.760395959       4.193127486991196E-002  1.452189790524158E-002
   113199.303421489       4.151230622561643E-002  1.417798522016119E-002
   141243.150324090       4.109454362254703E-002  1.383439537581270E-002
   9574.32459321541       4.147825222184899E-002  1.340604101259422E-002
   275483.564518224       4.186144594908843E-002  1.297643656899884E-002
   570686.952598923       4.224614757662715E-002  1.254733001648981E-002
   426452.762979916       4.263113050200758E-002  1.211763760079208E-002
   38261.2317542948       4.134888858430300E-002  1.172474077726036E-002
   305212.205701957       4.095406026100157E-002  1.214377214254166E-002
   561128.821537675       4.055780373492988E-002  1.256231544829755E-002
   206556.645772777       4.016289560869327E-002  1.298296571111892E-002
   379995.640206152       3.971983857716579E-002  1.260077366006445E-002
   65288.2629222648       3.927705517697994E-002  1.222023623476981E-002
   108111.506306513       3.883448367000929E-002  1.183937812368983E-002
   255896.566179834       3.804789442284766E-002  1.270249999986513E-002
   195359.890066453       3.846974175449785E-002  1.310725847582216E-002
   95023.2177022213       3.889034251817563E-002  1.351131850654581E-002
   12625.6752849549       3.931093470693015E-002  1.391551196312218E-002
   12303.7480895951       3.892758086501982E-002  1.435102954000626E-002
   489696.694141175       3.854310806680222E-002  1.478615924603181E-002
   879466.524262252       3.815691682257356E-002  1.522227775913782E-002
   198697.169872687       4.386046263839371E-002  1.620441606434578E-002
   33110.1746749915       4.420560034287683E-002  1.575567450935793E-002
   243618.320204667       4.455090947366615E-002  1.530704326601882E-002
   745213.430448464       4.489800746519193E-002  1.485782354453974E-002
   483749.136333854       4.524477717471533E-002  1.440770079399263E-002
   850214.344269181       4.568502680280890E-002  1.482072996795136E-002
   228632.456588534       4.612471202911679E-002  1.523290773039550E-002
   63238.0292572575       4.656498167916330E-002  1.564396218007876E-002
   21043.0761468771       4.700261511725352E-002  1.605541447244727E-002
   449192.960652767       4.779220944851777E-002  1.518440158248106E-002
   472993.272664120       4.733609563546276E-002  1.478954475440348E-002
   261687.262210569       4.688033195776947E-002  1.439460418735213E-002
   264982.210348360       4.642519513803570E-002  1.400150843179367E-002
   132736.421424747       4.597248075309821E-002  1.360745954153086E-002
   240867.569578347       4.638963366986076E-002  1.321879273182624E-002
   472213.795860881       4.680734811336423E-002  1.282968914473861E-002
   686942.028385904       4.722515587512699E-002  1.243988461879982E-002
   464339.949226502       4.764296604652552E-002  1.204951217452843E-002
   69036.7001120899       4.622655495217577E-002  1.152909471763826E-002
   169528.214380544       4.587632582611292E-002  1.197891587182028E-002
   444208.169354964       4.552545560951992E-002  1.242899097553733E-002
   253461.846732468       4.517435214407576E-002  1.287993805855377E-002
   448329.934371882       4.474071016736812E-002  1.246604699818534E-002
   63685.6632230880       4.430641485712867E-002  1.205299652241756E-002
   43273.6508317951       4.387355073884693E-002  1.164050736533185E-002
   331146.599338222       4.308579675403668E-002  1.250841948947774E-002
   236487.331588709       4.354001785972999E-002  1.289878696859420E-002
   102284.230921207       4.399401615587968E-002  1.328932095755556E-002
   38800.4385250031       4.444664384111471E-002  1.367908222669925E-002
   199275.324834687       4.402921167268335E-002  1.406087216411441E-002
   596466.596477625       4.361027577398705E-002  1.444375287705673E-002
   815757.404552295       4.319106413165102E-002  1.482656442662043E-002
   211514.980510700       4.866175101610219E-002  1.597390652556890E-002
   47405.4717190059       4.905793618768708E-002  1.551939510142491E-002
   363098.689034735       4.945649944647891E-002  1.506571032958565E-002
   807676.234518457       4.985487262644170E-002  1.461033696753115E-002
   485590.259786489       5.025340261481326E-002  1.415353952575935E-002
   845524.484233824       5.075471090837935E-002  1.456541031719942E-002
   284108.668093551       5.125490409482332E-002  1.497626417742972E-002
   50537.5405408744       5.175576538960678E-002  1.538467438190437E-002
   28399.0675748341       5.225470580536067E-002  1.579427957038180E-002
   412048.952519454       5.281664956583015E-002  1.517157305958953E-002
   464779.426659815       5.235294941421076E-002  1.471799986636214E-002
   153751.987090933       5.189059944731666E-002  1.426599091197739E-002
   347184.085547258       5.142826565601059E-002  1.381560455821395E-002
   70387.2444155020       5.096854764776831E-002  1.336286152825521E-002
   143387.817930359       5.138389373168422E-002  1.289787779441949E-002
   361903.989902921       5.180015573391879E-002  1.243283195541112E-002
   655753.607819071       5.221581297408828E-002  1.196820486528184E-002
   478699.130103602       5.263237251786172E-002  1.150155423744685E-002
   61954.9273042826       5.145324659758428E-002  1.127504191783827E-002
   327396.369790754       5.102973375405263E-002  1.173133305076496E-002
   539340.039698807       5.060477851923328E-002  1.218912610215047E-002
   284998.495150049       5.017991722074176E-002  1.264790320258504E-002
   381094.571453585       4.978704758277162E-002  1.223028806223109E-002
   9927.18099336844       4.939477327605941E-002  1.181323778289441E-002
   39370.4530382143       4.900302186062819E-002  1.139760681542039E-002
   369648.243720408       4.809937466258893E-002  1.239710176346913E-002
   327452.522443671       4.855431384322124E-002  1.274461884601476E-002
   12112.9725511006       4.901019383065597E-002  1.309113365732715E-002
   23861.2202300493       4.946497181602220E-002  1.343761266406577E-002
   49203.4293629651       4.904810821391482E-002  1.387324523906240E-002
   454330.202305504       4.862939996986407E-002  1.430880435018457E-002
   827408.712253163       4.821111112626005E-002  1.474618191292761E-002
   87163.7748006810       5.343841008030383E-002  1.573407960215889E-002
   145985.123768224       5.389367273504644E-002  1.527459042168839E-002
   432922.520630243       5.435060665896577E-002  1.481602641080557E-002
   741383.894483610       5.480674179269523E-002  1.435544231819838E-002
   378987.366907461       5.526345286649851E-002  1.389433411097368E-002
   502581.532277491       5.566192494172024E-002  1.431036362963943E-002
   50465.6219295696       5.605971453316150E-002  1.472695130368058E-002
   167432.659064997       5.645683609748996E-002  1.514213847534033E-002
   22526.6273247586       5.685319486893597E-002  1.555840795551399E-002
   209599.594056885       5.780323048873481E-002  1.450349632899380E-002
   466069.588075814       5.734495083347584E-002  1.415286306934146E-002
   271316.207375904       5.688751279085027E-002  1.380325489395376E-002
   105742.726078571       5.642932895563363E-002  1.345446859033519E-002
   114245.204762101       5.597366677898229E-002  1.310533874636036E-002
   183182.462392946       5.639409941412999E-002  1.276311946885080E-002
   375457.594802668       5.681583429758360E-002  1.242135065526746E-002
   462841.258709607       5.723658781843564E-002  1.207819418829046E-002
   293952.990142639       5.765831087800641E-002  1.173558335928693E-002
   68200.0935047533       5.608156027258100E-002  1.103642032470367E-002
   63653.5042389776       5.578318403370639E-002  1.148879936388320E-002
   299974.782981736       5.548534356577762E-002  1.194222159024300E-002
   141575.027189743       5.518627456832457E-002  1.239536621406989E-002
   319319.260116377       5.471784536684877E-002  1.198235869998167E-002
   18420.8922315453       5.424953156802055E-002  1.156903943140103E-002
   114821.999449668       5.378254569950069E-002  1.115723493156051E-002
   186004.442738896       5.309460051346920E-002  1.192270717992778E-002
   178274.062633495       5.355522843921998E-002  1.234274683152534E-002
   90223.9909661886       5.401671717894475E-002  1.276299216719517E-002
   89306.7980654715       5.447619139989453E-002  1.318352271551878E-002
   103895.556982905       5.406375018344312E-002  1.368052219647769E-002
   222204.509977739       5.364835847735727E-002  1.417604210772516E-002
   561214.533001084       5.323303774969125E-002  1.467299472558065E-002
   138501.115178645       5.885775851892823E-002  1.545357537707558E-002
   13328.0227090444       5.920935543116233E-002  1.500656189218344E-002
   222895.386548664       5.956147581131476E-002  1.456038170932004E-002
   475422.151831998       5.991396248935526E-002  1.411283016825558E-002
   293604.193515507       6.026665389962416E-002  1.366554381465010E-002
   522505.760291561       6.075884986964625E-002  1.406722872008269E-002
   145869.826810111       6.125194706536703E-002  1.446928119956237E-002
   67046.4321224667       6.174388053719798E-002  1.486946394651076E-002
   54239.5612747161       6.223454204867466E-002  1.527086622877680E-002
   297032.370566784       6.282657270774990E-002  1.461017566212402E-002
   223082.298910430       6.237089472082380E-002  1.416682635621808E-002
   78293.6242150790       6.191662917321307E-002  1.372413740524625E-002
   250590.020371960       6.146185371762355E-002  1.328090777202638E-002
   72032.1350434755       6.100980471546691E-002  1.283774157600853E-002
   138210.489801812       6.141625278975736E-002  1.241212524709743E-002
   299452.655712733       6.182408907759059E-002  1.198624126584591E-002
   455066.466023085       6.223106967339028E-002  1.155999608957696E-002
   314415.962035940       6.263902530593707E-002  1.113321315079965E-002
   19938.9857032577       6.132821184447842E-002  1.074768841711376E-002
   178440.377179259       6.094687525992910E-002  1.119608301493416E-002
   347303.456273548       6.056520402576177E-002  1.164568389707289E-002
   163023.922042240       6.018346751971312E-002  1.209490817702283E-002
   225511.656567168       5.983909469581844E-002  1.168508393795310E-002
   27469.1445436946       5.949614385639168E-002  1.127438281535191E-002
   27230.6285710662       5.915243344446995E-002  1.086499742484673E-002
   208149.028791053       5.810475918850479E-002  1.203180495300134E-002
   218038.261747528       5.854982923878441E-002  1.232930729610606E-002
   20529.7357842278       5.899588576601104E-002  1.262515974489152E-002
   14855.4024596663       5.944036442008294E-002  1.292204245632498E-002
   71533.3116995600       5.903237535340118E-002  1.331697699388189E-002
   282534.168707178       5.862247533100322E-002  1.371198378793110E-002
   453799.756456968       5.821326521313335E-002  1.410733528629465E-002
   88073.0072058444       6.348613718046321E-002  1.520231716421140E-002
   163409.364665362       6.393277542182453E-002  1.478191928514578E-002
   399410.881753335       6.438022369538517E-002  1.436119596211733E-002
   545735.207790662       6.482878457308096E-002  1.393972796060623E-002
   275477.036158525       6.527603137160845E-002  1.351743976794235E-002
   411426.529390691       6.571684906041386E-002  1.389007180117796E-002
   84123.6814526010       6.615625985027047E-002  1.426249209878072E-002
   40532.9717519237       6.659642906030960E-002  1.463424464158106E-002
   116842.146924606       6.703558671911138E-002  1.500617824974472E-002
   239907.183266032       6.781754687918644E-002  1.413214306476462E-002
   258166.979335015       6.739660407759802E-002  1.373721998350660E-002
   110459.703002412       6.697596534944109E-002  1.334285426891179E-002
   177608.120982900       6.655568980071958E-002  1.294998637414924E-002
   47860.9436316176       6.613658776418424E-002  1.255561888842321E-002
   84020.9850320883       6.651389353022694E-002  1.217810562537810E-002
   266273.759315069       6.689142668337276E-002  1.180126007653635E-002
   382264.490486043       6.726910274241406E-002  1.142313648309804E-002
   271353.039219145       6.764681001739703E-002  1.104465892060957E-002
   20485.1396783045       6.618160639423809E-002  1.044801094230984E-002
   149707.381978665       6.584637675119277E-002  1.086350771652510E-002
   332903.092190692       6.551181135049836E-002  1.127911513122905E-002
   129073.172552971       6.517633113525478E-002  1.169540959294752E-002
   246671.249538958       6.475016876312144E-002  1.132162974443623E-002
   14494.1666474207       6.432428605793528E-002  1.094808703782335E-002
   61705.3438738127       6.389852410582351E-002  1.057498369136362E-002
   140378.058843682       6.305883231918681E-002  1.151420953238992E-002
   119827.495847646       6.347811211781099E-002  1.189528137959672E-002
   83080.6805666476       6.389730185631133E-002  1.227585135641258E-002
   53263.0259741054       6.431577631385416E-002  1.265662313848877E-002
   56489.7684768912       6.394464919211298E-002  1.314455950158012E-002
   134052.544616997       6.357254448265361E-002  1.363326705553438E-002
   417277.471662768       6.319964754334105E-002  1.412119943852406E-002
   149256.559895489       6.869036155142232E-002  1.491409521404573E-002
   115630.308384949       6.908760027797671E-002  1.451478854078881E-002
   356293.352849227       6.948523310356113E-002  1.411408372309237E-002
   561917.617365694       6.988211702317512E-002  1.371387312194783E-002
   290585.393892413       7.027997175581729E-002  1.331203064046383E-002
   545679.007156163       7.076543770939324E-002  1.366363346120933E-002
   250589.265238815       7.125062786072586E-002  1.401393885482560E-002
   115497.040911678       7.173586636528696E-002  1.436432503212215E-002
   121744.324119540       7.222106481993887E-002  1.471349113553796E-002
   257089.548936456       7.282962971484168E-002  1.402997369637840E-002
   240104.955551346       7.242384247594465E-002  1.358903769865563E-002
   43154.7858578347       7.201767500575021E-002  1.314979688556005E-002
   233688.582528473       7.161308167346649E-002  1.271072929128376E-002
   34653.1269862194       7.120893694236637E-002  1.227089714034641E-002
   36609.3161305395       7.156190552237889E-002  1.179097168838311E-002
   135558.385537801       7.191411380880883E-002  1.130999020017463E-002
   309624.184561855       7.226783221666211E-002  1.082979337920380E-002
   279936.844460400       7.262066677168927E-002  1.034805616726046E-002
   151419.557738795       7.148739472312475E-002  1.013078106991971E-002
   279778.755346548       7.104842081090851E-002  1.053447271924387E-002
   396879.125496682       7.060826124578987E-002  1.093754895050715E-002
   125690.909432518       7.016950737026528E-002  1.134227077600600E-002
   196034.096330722       6.979105807822995E-002  1.098424882694478E-002
   17768.0712424296       6.941392795041909E-002  1.062736175838489E-002
   31565.6255074032       6.903588991647165E-002  1.026981731657365E-002
   187630.209685450       6.804518588832968E-002  1.137951602223559E-002
   154586.476201154       6.844414851933417E-002  1.171440461482912E-002
   9154.07888337419       6.884200813640907E-002  1.204792265640484E-002
   12374.9031154620       6.924046046578614E-002  1.238239568432035E-002
   54976.5114621772       6.888528092959877E-002  1.281991726356935E-002
   160374.167071413       6.853003233981171E-002  1.325618096690429E-002
   410983.914468324       6.817330689641911E-002  1.369376022240993E-002
   101988.723834354       7.351226098287031E-002  1.463899781793721E-002
   57771.2876429722       7.395462625772162E-002  1.423978537128364E-002
   304421.420399153       7.439687946000773E-002  1.384028724586446E-002
   449473.067245915       7.483931126970661E-002  1.344014286412624E-002
   237835.382828714       7.528151723891686E-002  1.303921236125031E-002
   328227.768165023       7.568063140043452E-002  1.339141800030490E-002
   117484.977208672       7.608041256565894E-002  1.374335986575043E-002
   77514.2956307882       7.647888277214812E-002  1.409506950481217E-002
   146537.138265179       7.687802362796459E-002  1.444649062398557E-002
   171040.296210825       7.780904989379503E-002  1.340131503313281E-002
   316479.611621796       7.741208199745371E-002  1.304551331009689E-002
   134323.900051925       7.701509837594885E-002  1.269145632876110E-002
   60058.8775525953       7.661833438497390E-002  1.233669348741877E-002
   34826.6532148142       7.622240082362129E-002  1.198272083283900E-002
   137978.535507437       7.656860579713129E-002  1.146786595410011E-002
   19521.3221006162       7.691516130484873E-002  1.095303010027367E-002
   138187.022050877       7.726232027969729E-002  1.043819789186297E-002
   137441.109778159       7.760959834495830E-002  9.922569361255558E-003
   83023.3449611102       7.658772284038654E-002  9.834729973526437E-003
   184776.987494166       7.611404829999172E-002  1.023659516593034E-002
   293653.886404866       7.564030400952318E-002  1.063889167752522E-002
   97088.0950582288       7.516698306542637E-002  1.104192951827266E-002
   164419.872706198       7.468557523347830E-002  1.069408802193167E-002
   49908.7385289117       7.420308857856625E-002  1.034688488312866E-002
   32059.7013053201       7.372174912882863E-002  1.000006578134178E-002
   121770.894941790       7.302267117965909E-002  1.078631640337146E-002
   32120.8000900699       7.342419228402311E-002  1.122328952297666E-002
   90405.6960027523       7.382546253627832E-002  1.166100982375333E-002
   134436.011361792       7.422625662732686E-002  1.209779431385794E-002
   95265.7678146288       7.387810989365949E-002  1.258030699868002E-002
   88554.0449513642       7.352909675117227E-002  1.306267674993867E-002
   378424.718173731       7.317942342691060E-002  1.354530237250829E-002
   43086.1494597713       7.885431658617786E-002  1.433342355661306E-002
   16759.9380195144       7.920796479224503E-002  1.390092098020525E-002
   25423.3600349320       7.956128363106522E-002  1.346968508525859E-002
   94525.4337947257       7.991574390356189E-002  1.303726079149779E-002
   96637.1638208112       8.026921083873986E-002  1.260545870381084E-002
   102383.078334064       8.072733833789884E-002  1.299085502260387E-002
   24312.2125492003       8.118549365569609E-002  1.337705828327028E-002
   18863.7997181404       8.164353008742074E-002  1.376206848859663E-002
   14074.3622995082       8.210135780639163E-002  1.414808575960007E-002
   41874.5361216261       8.281661987258628E-002  1.334570204026507E-002
   47131.4166342926       8.238005063293020E-002  1.293516751378163E-002
   4780.15807058316       8.194456748568783E-002  1.252474991554825E-002
   72109.0193019719       8.150822802117340E-002  1.211448322308304E-002
   40677.3088506998       8.107322927790621E-002  1.170402177552958E-002
   23985.4932282547       8.146389456342358E-002  1.133444184499512E-002
   87405.1510617452       8.185565551026501E-002  1.096468923580613E-002
   80268.0840712804       8.224649321798931E-002  1.059490405379582E-002
   45012.8439258599       8.263817398188315E-002  1.022570518796160E-002
   13280.7703320301       8.114150279220736E-002  9.609181700618918E-003
   2484.45003664771       8.081846419465397E-002  1.003908727617852E-002
   65980.8355546345       8.049528871686130E-002  1.046999146919682E-002
   72125.8373161097       8.017200809803125E-002  1.090005542693042E-002
   130561.201043787       7.965374710887947E-002  1.051806801618449E-002
   65104.2794411020       7.913518603307468E-002  1.013574012768159E-002
   17808.1046353131       7.861669522122477E-002  9.754896948890776E-003
   34235.4117878547       7.805034030731356E-002  1.039243116679544E-002
   49867.4575422087       7.848977083358701E-002  1.086205144717135E-002
   119746.215944464       7.892977290143248E-002  1.133161991191584E-002
   135921.970692281       7.936831746441572E-002  1.180146615953216E-002
   35251.6150418093       7.897915168485005E-002  1.220056705873716E-002
   106788.876816370       7.858891149702299E-002  1.260095061490709E-002
   149828.345727684       7.819953487265366E-002  1.300055239419609E-002
   43046.8657868217       8.361866547405009E-002  1.406084525714677E-002
   1911.57068074872       8.402920052672695E-002  1.361800467695790E-002
   94317.8848770000       8.443979488126582E-002  1.317404124760908E-002
   126720.178766323       8.485056446155419E-002  1.273094987368988E-002
   61977.7616678428       8.526122729763910E-002  1.228754044220800E-002
   94275.8847840393       8.570109895572825E-002  1.268161420313814E-002
   571.990827178151       8.614186763762220E-002  1.307556215430996E-002
   18279.8356480786       8.658166908565047E-002  1.347038915144659E-002
   17585.7081463281       8.702118617299619E-002  1.386426217094586E-002
   14697.0012678037       8.780640606744290E-002  1.298208247412560E-002
   18708.1331668541       8.736374676033806E-002  1.259126158180856E-002
   9217.31810685934       8.692018346920265E-002  1.220058748107807E-002
   86128.0647420710       8.647764076133459E-002  1.180896737363298E-002
   8179.11113489715       8.603552350289000E-002  1.141816384433457E-002
   21270.3117370067       8.642748541781316E-002  1.093399937751498E-002
   59091.2241133276       8.681942328438591E-002  1.044972616351715E-002
   62627.9522326031       8.721249328191268E-002  9.965373472972766E-003
   57026.7957548655       8.760448649729569E-002  9.480838812622412E-003
   39895.3090587175       8.647563302504464E-002  9.308559486281634E-003
   48090.5320867710       8.603937875696581E-002  9.754303876947576E-003
   106375.913522212       8.560296520869062E-002  1.019907377127513E-002
   9638.50788613190       8.516671546139890E-002  1.064411947462890E-002
   8428.53422207982       8.479607213609214E-002  1.024592678001294E-002
   30262.9211925091       8.442548913478734E-002  9.847795408824007E-003
   29081.3054215201       8.405490091078988E-002  9.448702487238411E-003
   12674.3876880757       8.307653190448511E-002  1.054691708358933E-002
   5948.50494128763       8.351587265002389E-002  1.086907234236286E-002
   32078.4672839203       8.395420610571155E-002  1.119116787239104E-002
   41062.1393058618       8.439243790058587E-002  1.151322491686705E-002
   6171.02675561948       8.399897415627917E-002  1.197120103853628E-002
   46130.9733332362       8.360528785589187E-002  1.242919377959175E-002
   132467.763929217       8.321041147732207E-002  1.288730495786851E-002
   75541.8644108172       8.868804112900665E-002  1.376694391221994E-002
   62492.5408855083       8.908092687110736E-002  1.335208248189870E-002
   82823.8492199740       8.947375572636489E-002  1.293598897942178E-002
   124009.646890742       8.986785254199216E-002  1.252076898294781E-002
   66937.1578124028       9.026094129363971E-002  1.210537280690311E-002
   150247.739202122       9.075152628609881E-002  1.246939208853516E-002
   85840.4735614286       9.124224905580185E-002  1.283289681217863E-002
   98932.3788786085       9.173292888832908E-002  1.319702297769614E-002
   103083.524146728       9.222332750837632E-002  1.355977391665814E-002
   41167.5290862246       9.281301244920291E-002  1.289594674335839E-002
   90496.6095726815       9.239370850508358E-002  1.245205800457418E-002
   73976.5771033253       9.197346763168514E-002  1.200877940926341E-002
   143374.077873111       9.155466157753846E-002  1.156536999095565E-002
   41595.5515792100       9.113634665593232E-002  1.112173615966370E-002
   36950.8367912142       9.150922371647152E-002  1.077424811449815E-002
   99701.6233734337       9.188191781954295E-002  1.042543011411682E-002
   125626.855714393       9.225582550170197E-002  1.007749553940078E-002
   93905.0576796470       9.262864662768527E-002  9.728429914379697E-003
   6172.46198404000       9.106392495575258E-002  9.015122252153812E-003
   37096.6403023065       9.076091443311249E-002  9.425994925232037E-003
   157862.191900325       9.045664440140122E-002  9.835938964277017E-003
   15827.3621352337       9.015360490180412E-002  1.024628925616419E-002
   52541.4595055409       8.967048996261726E-002  9.881731989174426E-003
   11597.8304931117       8.918740391205791E-002  9.517301763097133E-003
   42620.9888696299       8.870429116747416E-002  9.152065048468903E-003
   7770.58419875436       8.802276837016604E-002  9.918148697423638E-003
   27791.9903929561       8.844194487877878E-002  1.035527496553267E-002
   80268.5729925382       8.886001031967364E-002  1.079240179588582E-002
   22637.9513918679       8.927780684236035E-002  1.122967048648219E-002
   16807.8156671649       8.891036969636144E-002  1.166729225837369E-002
   67866.6347274545       8.854278318660549E-002  1.210596417683832E-002
   192018.586316293       8.817396173190653E-002  1.254377866190769E-002
   109882.155104575       9.347666500736138E-002  1.348587994344069E-002
   191126.191649147       9.391214323202693E-002  1.291833184143469E-002
   56147.6888023538       9.434831181834723E-002  1.235113188548976E-002
   49128.9329953303       9.478521172341853E-002  1.178503712653832E-002
   62559.4451410865       9.522191393775907E-002  1.121698548334384E-002
   8115.63300391374       9.567411510685325E-002  1.173270135146296E-002
   66987.1536786964       9.612593407091229E-002  1.224696122315010E-002
   162136.573708519       9.657719388896062E-002  1.276253055230150E-002
   89184.3191253064       9.702907630922077E-002  1.327830692481555E-002
   22331.7199115159       9.779878044496278E-002  1.241311266881868E-002
   166994.543388183       9.723269358316597E-002  1.202434101238721E-002
   92799.0187805808       9.666624192561458E-002  1.163733865439137E-002
   14415.9741739669       9.610066157535259E-002  1.125084695038475E-002
   133857.592034472       9.553452683522039E-002  1.086482158482491E-002
   107479.162446084       9.604970814352219E-002  1.038899847273491E-002
   52648.7526766211       9.656457066650119E-002  9.914105458252321E-003
   63755.4714211913       9.708035964733797E-002  9.437771106326577E-003
   7731.26177015757       9.759579097276917E-002  8.960867880383874E-003
   74960.7428149615       9.642459338874118E-002  8.853497379732667E-003
   51502.4398673936       9.601054007455730E-002  9.419813700894435E-003
   92626.4653856395       9.559699023811735E-002  9.985010686752612E-003
   11353.1681087144       9.518259922992135E-002  1.055198464328399E-002
   48048.4021643250       9.482466991371118E-002  1.003058087351103E-002
   89489.0999023945       9.446628760575461E-002  9.510393725802743E-003
   89107.0064374880       9.410926153693260E-002  8.988888511142457E-003
   134686.966186566       9.318912521234850E-002  1.002340340094371E-002
   143286.974675390       9.374966084191018E-002  1.031714726521230E-002
   112078.340383591       9.430941919174882E-002  1.061147529961487E-002
   172841.698346272       9.486999231299729E-002  1.090407209660598E-002
   86673.8584143933       9.435599165637765E-002  1.140143396967317E-002
   36565.4223535126       9.384207804803030E-002  1.189883989527757E-002
   155641.415836528       9.332723190926119E-002  1.239691121087676E-002
   160308.574827702      -1.536158262279423E-003  2.248263384880074E-002
   393224.176599858      -1.148153014073780E-003  2.202758400744669E-002
   1070881.24410337      -7.568387597848397E-004  2.157321323725997E-002
   3143517.63788897      -3.650609989765952E-004  2.111555548408299E-002
   1551283.08666846       3.072297612534689E-005  2.065661695806505E-002
   3885056.65121490       5.053343291956060E-004  2.110705809240350E-002
   1156335.75864192       9.793997244111714E-004  2.154960083483300E-002
   826740.272369934       1.453065184880297E-003  2.198487945965117E-002
   1398436.49168047       1.916325524348501E-003  2.242416396544615E-002
   3833902.08784755       2.590739490643634E-003  2.171457652469306E-002
   1700008.44096314       2.108985823527317E-003  2.127643179109029E-002
   976731.895556020       1.631004805956152E-003  2.084212915825235E-002
   1424733.75223715       1.155931513428190E-003  2.041248517419521E-002
   239710.447386353       6.932967308617671E-004  1.997692815948011E-002
   135792.984433698       1.153533580889871E-003  1.952806027552741E-002
   1499300.95287064       1.618155445816731E-003  1.907771927021152E-002
   3425097.14492113       2.083692005190086E-003  1.862499341766516E-002
   2677916.13989501       2.551001375428635E-003  1.816754606024735E-002
   308381.825021822       1.410278785004579E-003  1.794381531228455E-002
   1371352.40464512       9.500195787994734E-004  1.839552453553553E-002
   2676553.40478777       4.861858042097778E-004  1.885053904789153E-002
   555280.640375131       2.466909096751972E-005  1.931247648590060E-002
   1392382.93997064      -4.106061485857526E-004  1.885839590141281E-002
   260899.210950867      -8.438493937323897E-004  1.840380283118493E-002
   377799.531579044      -1.276954438369255E-003  1.795105135493172E-002
   2140240.11888148      -2.490361363733701E-003  1.828587865968607E-002
   1187733.24627383      -2.028352315852466E-003  1.871386915391290E-002
   670524.429282153      -1.565755965936815E-003  1.913941313658325E-002
   198292.111014581      -1.102343631607042E-003  1.956263612573236E-002
   1465606.58008659      -6.429543272063506E-004  1.998758732404549E-002
   403626.851615818      -1.099941402050426E-003  2.037280261895933E-002
   1860153.86664893      -1.563880538145927E-003  2.075427727447624E-002
   2324467.48605471      -2.027376632860176E-003  2.113893625384275E-002
   2478203.43882895      -2.491136124949150E-003  2.152571409767516E-002
   2701827.69115573       3.291196903992340E-003  2.239722325820694E-002
   354409.496944472       3.736542081847355E-003  2.189200237759151E-002
   38789.7648594151       4.195629271182544E-003  2.139463451473789E-002
   2900657.90877746       4.660166887704658E-003  2.089477770411642E-002
   2085654.55154106       5.127615262431979E-003  2.038709771410599E-002
   2503340.28853956       5.546292980452960E-003  2.088741158543839E-002
   95471.0029061518       5.960001520293087E-003  2.138225326676764E-002
   240770.677508389       6.369581498487623E-003  2.187522877303338E-002
   1833756.51027589       6.768820348313017E-003  2.237423532724520E-002
   3222525.45835595       7.678354301850508E-003  2.144273500630774E-002
   2618223.13741691       7.154003301464680E-003  2.105481862009022E-002
   2573662.71120561       6.629922962414764E-003  2.066940667259169E-002
   686619.126983029       6.104019710741113E-003  2.029162382729092E-002
   58755.1935481335       5.587413871214433E-003  1.991382689104730E-002
   1557790.05622918       6.095765226833604E-003  1.956215032688721E-002
   2143409.12175457       6.611587052135985E-003  1.920887691185841E-002
   3041832.54448787       7.124909168066788E-003  1.884851341235161E-002
   1735745.74353267       7.637990009886578E-003  1.848470187535856E-002
   1199374.40130584       6.204499038467786E-003  1.793452857626238E-002
   101953.528590847       5.846965773562082E-003  1.843769995734732E-002
   1223643.66695878       5.485591733839783E-003  1.894193349649664E-002
   2177555.38088921       5.117698609925474E-003  1.944920959725158E-002
   3044229.22717413       4.639056699908297E-003  1.894905194940416E-002
   535550.058147577       4.160023725590895E-003  1.845762487005517E-002
   187406.777261786       3.687308709941670E-003  1.796917981197061E-002
   2690523.56219448       3.080102167378766E-003  1.861450881344462E-002
   2247347.99917197       3.609993786524201E-003  1.905375421126162E-002
   218417.615443897       4.140200984265671E-003  1.948752245760222E-002
   345849.212317513       4.658508736388179E-003  1.992214676168250E-002
   114172.354946538       4.149788493452241E-003  2.036507857882545E-002
   2301165.65156814       3.628626668924073E-003  2.080607843751707E-002
   2747571.07725846       3.108760827989669E-003  2.125628788379189E-002
   691794.962498031       8.603207742265201E-003  2.236130343528785E-002
   1112069.18743897       8.995235028675509E-003  2.193990196467479E-002
   1248754.68435525       9.395749128093697E-003  2.152078275264020E-002
   3453198.27716133       9.795691138538155E-003  2.109600766596704E-002
   1959687.53527012       1.019775822040156E-002  2.066793362352554E-002
   2853284.86921182       1.055558812779059E-002  2.108164830713150E-002
   664281.461350848       1.091017794538220E-002  2.149445305458368E-002
   726507.578334955       1.126375998173625E-002  2.190322773930305E-002
   1381646.18757423       1.161012060523073E-002  2.231566554469558E-002
   3241693.02388495       1.273232873413205E-002  2.113440257818133E-002
   1893497.25103104       1.229237915216539E-002  2.081047270058520E-002
   1839747.11510699       1.185577725618441E-002  2.048526117124765E-002
   164390.481085072       1.141842085367664E-002  2.016395411028782E-002
   87977.1492806488       1.098833704008551E-002  1.984123907762191E-002
   74152.4944254696       1.140414387126991E-002  1.941477842968548E-002
   766942.409329025       1.182582028444201E-002  1.898874753412366E-002
   2163783.40194333       1.224833553032358E-002  1.856018271336081E-002
   1620779.71946481       1.267166831687445E-002  1.812828312437418E-002
   333538.383076512       1.143919373829683E-002  1.776664485623266E-002
   949597.916098232       1.101629476817540E-002  1.819060945747213E-002
   1840749.18256223       1.059165655016367E-002  1.861813452193811E-002
   1353310.43619888       1.016686583811507E-002  1.904873990453031E-002
   1552867.22165449       9.794069114225460E-003  1.863321883643577E-002
   449755.254601949       9.423479332919345E-003  1.822020789297455E-002
   115202.617351208       9.054418852338202E-003  1.780936086336146E-002
   2176244.41532604       8.074163567311601E-003  1.883492058870768E-002
   1670447.77597519       8.509670955115086E-003  1.918310449824023E-002
   720507.514870323       8.945350409191527E-003  1.952733466730283E-002
   298251.367332251       9.377233258109971E-003  1.987101203393598E-002
   887668.332078681       8.961066576332621E-003  2.026475747614150E-002
   996048.428505694       8.535481822617224E-003  2.065495294931239E-002
   1402323.32575290       8.108861678601153E-003  2.104930482637464E-002
   957938.029825684       1.390466136716645E-002  2.226473030376099E-002
   220408.059925067       1.423197245558454E-002  2.180428456942816E-002
   173288.616164764       1.456686037632278E-002  2.134654429454238E-002
   2317036.51149293       1.490392894648859E-002  2.088783891756126E-002
   1822727.12367191       1.524479472131659E-002  2.042543915121695E-002
   3347485.86911789       1.572572831539817E-002  2.087129695730632E-002
   1025762.42363520       1.620651437933662E-002  2.130979255862532E-002
   643968.608979551       1.668549931620186E-002  2.174448787118590E-002
   1926395.78853430       1.715479808669339E-002  2.218127600347183E-002
   3337652.09830192       1.780959569965862E-002  2.148795797933400E-002
   1922355.12830810       1.732756904244754E-002  2.104623374722075E-002
   1202974.86385981       1.684617021578640E-002  2.060906311775967E-002
   847924.577452111       1.636873526551829E-002  2.017550493571480E-002
   89071.4515647640       1.590052087626842E-002  1.973823195293171E-002
   1092140.56396445       1.635366117017919E-002  1.934816143133722E-002
   1804836.65355843       1.681012582742761E-002  1.895708015544012E-002
   3024784.23141458       1.726753170665065E-002  1.856189893410784E-002
   1936715.90361742       1.772399046407587E-002  1.816409322755226E-002
   684942.914163516       1.637278583324000E-002  1.769529274879773E-002
   564909.436921526       1.599095165706957E-002  1.815526673630462E-002
   1604943.16135120       1.560606773658765E-002  1.861552198982113E-002
   1530847.37622178       1.521889132516443E-002  1.908014627124099E-002
   2287241.02890542       1.477413939538267E-002  1.863255172459312E-002
   584793.548067266       1.433036625168889E-002  1.819066173717129E-002
   73620.3746306322       1.388899101656668E-002  1.775029828458298E-002
   1838209.26008003       1.314668850710623E-002  1.854186180039879E-002
   1160194.08931964       1.362242985000716E-002  1.895152970693847E-002
   325869.556668220       1.409554618704432E-002  1.935791084576800E-002
   217948.214845267       1.456289053597807E-002  1.976552179202306E-002
   892710.505758269       1.410904494529209E-002  2.010514092125928E-002
   2409167.26354172       1.365074067571990E-002  2.044524912929731E-002
   2335281.08813371       1.319202425599922E-002  2.078989858996263E-002
   804680.178225726       1.849666218522770E-002  2.215044043196057E-002
   1370697.75113243       1.894597533649145E-002  2.174436546898391E-002
   1588671.92145482       1.940301530281657E-002  2.133807173360249E-002
   3173047.51573755       1.985974610907803E-002  2.092733609088946E-002
   1707082.33167332       2.031578675112465E-002  2.051196852885718E-002
   2260001.64764000       2.066738987617369E-002  2.090241856948750E-002
   599375.946057334       2.101616336293219E-002  2.129226400220307E-002
   670342.341489692       2.136546943050037E-002  2.168066977188428E-002
   962537.491970489       2.170825851843039E-002  2.207100030464906E-002
   2566247.48249742       2.284561720817098E-002  2.085339880598063E-002
   1557228.55394050       2.242494932558384E-002  2.053879948696860E-002
   1512216.94100943       2.200603507243868E-002  2.022198250951565E-002
   237364.048005538       2.158820332481427E-002  1.990907324723470E-002
   56904.9461017301       2.117504730124739E-002  1.959475153720409E-002
   39525.7498398341       2.156478681083272E-002  1.915616653732884E-002
   508640.869748617       2.195913528048427E-002  1.871868968461798E-002
   1626189.08805047       2.235625908428978E-002  1.827947497902767E-002
   1310204.65911959       2.275317378061077E-002  1.783728721814171E-002
   64134.8992391801       2.153516406598349E-002  1.749385135964441E-002
   1063258.36431948       2.111121883355943E-002  1.790532745900971E-002
   1609849.74289985       2.068632269119333E-002  1.831832389086171E-002
   1458488.95837266       2.026106147059656E-002  1.873385731264495E-002
   1741977.90414135       1.985531937856295E-002  1.834352295995414E-002
   676100.679033983       1.945037614047757E-002  1.795640100218496E-002
   334917.452007235       1.904718507453388E-002  1.757006952503449E-002
   1878116.00821862       1.814627775160585E-002  1.853769572806173E-002
   1388872.01745701       1.856783528430206E-002  1.890992068098917E-002
   390770.874213795       1.898735216370440E-002  1.927942882674801E-002
   432701.836672709       1.940383421092863E-002  1.964828177972037E-002
   1033001.96235363       1.901412429963095E-002  2.010885233656317E-002
   508663.662789397       1.861666009864966E-002  2.056653341348752E-002
   1228202.91608913       1.821474396928076E-002  2.102624328778565E-002
   519172.025775032       2.405695229541620E-002  2.199725195285838E-002
   586631.396656512       2.437457767619694E-002  2.158529476656926E-002
   578681.872719402       2.469876002298040E-002  2.117680671866332E-002
   1927579.34518277       2.502262159107939E-002  2.076534074989352E-002
   1377331.12400042       2.534841603477531E-002  2.035328880031172E-002
   2974214.32902302       2.589978816482789E-002  2.073755475337031E-002
   1843853.42933227       2.645231343774294E-002  2.111818564065537E-002
   1560183.08057646       2.700798344918936E-002  2.149026616670064E-002
   1727222.48927751       2.755608352780782E-002  2.186151206410320E-002
   2881508.52768428       2.792555262292573E-002  2.145870217270946E-002
   891816.752767925       2.748575449436223E-002  2.095155422340534E-002
   179671.405242168       2.705274159402273E-002  2.044852222839172E-002
   1366597.32384567       2.662463898428829E-002  1.994556195954193E-002
   245018.155779797       2.620580703020673E-002  1.943620638819025E-002
   96394.9067273071       2.659591558315621E-002  1.895695550863081E-002
   758281.310769563       2.699065208565834E-002  1.847909039304159E-002
   2490294.88790401       2.738624848544917E-002  1.799808016297993E-002
   1928500.69730243       2.778419404812368E-002  1.751442737990494E-002
   20566.9706463543       2.668737667746074E-002  1.733163148372902E-002
   1354064.24173858       2.622320949699502E-002  1.774388862611009E-002
   1889126.44895482       2.575909347299406E-002  1.815960180910369E-002
   1141515.61068082       2.529453505326908E-002  1.857758125676565E-002
   1694869.11396492       2.484484375427410E-002  1.818977495584439E-002
   584125.602349189       2.439580596381034E-002  1.780343270373390E-002
   72461.5190994112       2.394804472642117E-002  1.742051602036311E-002
   1279710.89619490       2.317729322824745E-002  1.825394829341447E-002
   563992.519177955       2.359931972261756E-002  1.866781204671196E-002
   488288.961610808       2.402068175469739E-002  1.907969602524959E-002
   44354.6351186715       2.443660312186954E-002  1.949285864275118E-002
   483471.891425317       2.404265938762875E-002  1.983168556177000E-002
   1534696.28019167       2.364420177602187E-002  2.017043669087670E-002
   1614294.75355693       2.324674528877563E-002  2.051287016875739E-002
   845639.744814266       2.832383510155047E-002  2.183317384763781E-002
   1536544.50043612       2.884331904703006E-002  2.144104594616395E-002
   1778615.51396913       2.936973719631718E-002  2.104669588251855E-002
   2524171.07641222       2.989290654740909E-002  2.064524773213941E-002
   1306834.85316301       3.041476626907692E-002  2.024059153572047E-002
   1878241.47729119       3.083369935478210E-002  2.060851467565586E-002
   803151.366159967       3.125068274433630E-002  2.097608263586599E-002
   798630.506301577       3.166837661437100E-002  2.134014823714146E-002
   836588.745569068       3.208070244009038E-002  2.170592554904715E-002
   2065181.90470776       3.295268661656376E-002  2.075506652464689E-002
   924476.043719991       3.254521849533885E-002  2.037709881374479E-002
   681415.033881228       3.214027316945811E-002  1.999787920557700E-002
   279788.064735791       3.173532150270550E-002  1.962148596381557E-002
   193667.208333098       3.133515455821578E-002  1.924266222843394E-002
   266593.747717823       3.170516122790470E-002  1.884446206648895E-002
   666653.596217228       3.207947313881236E-002  1.844669512699111E-002
   1531167.14717187       3.245363114772837E-002  1.804724550989923E-002
   1148585.37030883       3.282843497053851E-002  1.764690351920016E-002
   62611.0033299843       3.146809498099271E-002  1.712668561819367E-002
   749513.301564892       3.109292776522462E-002  1.752248396416064E-002
   1236908.15234385       3.071685422996110E-002  1.792094319969424E-002
   1297051.00610725       3.033966371186419E-002  1.831976566826513E-002
   2014816.77176807       2.984754227880670E-002  1.795382213967912E-002
   1213114.29083725       2.935582751238642E-002  1.759011382678442E-002
   1027741.74945942       2.886355482091337E-002  1.723067075248631E-002
   1237961.78125677       2.819736648018880E-002  1.796659057226853E-002
   583135.764769151       2.860771905846402E-002  1.841752111562556E-002
   330268.393505792       2.901661046868403E-002  1.886593637770864E-002
   538668.697935433       2.942064561676229E-002  1.931666375854260E-002
   1068193.92670924       2.905583944284700E-002  1.985408521072727E-002
   155539.841727866       2.868360565321040E-002  2.038721111349112E-002
   848769.724265153       2.830725890216388E-002  2.092092436652225E-002
   581282.632066877       3.389858623160061E-002  2.163164002849845E-002
   449461.790023318       3.427796524601442E-002  2.118333455924962E-002
   564442.720952856       3.466337435027570E-002  2.073661401675078E-002
   1958617.13555843       3.504864489639033E-002  2.028762345680317E-002
   1143861.56124484       3.543606537096711E-002  1.983519801899434E-002
   1704886.74210674       3.581368010959386E-002  2.025483070078351E-002
   322310.138592512       3.618901592720766E-002  2.067247673960654E-002
   340887.332664220       3.656352983114237E-002  2.108842837582398E-002
   781680.633283122       3.693390526126000E-002  2.150649059883371E-002
   1828075.51886577       3.797676032668166E-002  2.036368507818496E-002
   1209990.49652763       3.752008121390103E-002  2.003343201926430E-002
   1166126.81073941       3.706494079181825E-002  1.970296771583345E-002
   122462.797629027       3.660990688192800E-002  1.937493265325774E-002
   228083.865355535       3.615789587003952E-002  1.904591068547366E-002
   243341.927748534       3.657746469630035E-002  1.861081917346483E-002
   651138.433819704       3.699890139721708E-002  1.817588151787866E-002
   1422209.07489258       3.742097933222977E-002  1.773919099620620E-002
   985212.304774928       3.784322665677464E-002  1.730058052718985E-002
   183396.687914301       3.658713067318525E-002  1.696726717680341E-002
   538404.536695064       3.618288589574787E-002  1.741736803154571E-002
   1028675.87090500       3.577748148039972E-002  1.786875051583849E-002
   854740.362964184       3.537166771674363E-002  1.832319778229735E-002
   1057457.06162242       3.496173167991213E-002  1.790379888073730E-002
   235550.428878870       3.455288950422123E-002  1.748728753886117E-002
   90731.6622442135       3.414546553145539E-002  1.707170250635453E-002
   1200244.11771277       3.328489823025808E-002  1.801392860412369E-002
   979220.832856558       3.374073821875555E-002  1.838089317413833E-002
   282465.555445639       3.419621230162321E-002  1.874575488859625E-002
   59627.7303488169       3.465028457186938E-002  1.911027332018853E-002
   139791.556513151       3.422951479441386E-002  1.952120242592800E-002
   1016563.02139569       3.380484657171368E-002  1.993021085914155E-002
   1260449.62002286       3.337955502939841E-002  2.034270753349315E-002
   335818.607994890       3.911552183535157E-002  2.141160474256337E-002
   559969.850624352       3.944999698407866E-002  2.101035792953365E-002
   527292.885825727       3.978847109103641E-002  2.061073818945113E-002
   1508225.03610199       4.012713266579756E-002  2.020938169807525E-002
   964616.816274356       4.046708774902381E-002  1.980709877308832E-002
   1677094.22695488       4.088444753884827E-002  2.017594018710970E-002
   691129.132513615       4.130075935496856E-002  2.054386360941178E-002
   690105.888364433       4.171698047870377E-002  2.090959820912111E-002
   624570.051000711       4.212971200211580E-002  2.127661875375863E-002
   1633208.35370387       4.300555122238453E-002  2.031102952686380E-002
   729333.564813075       4.259430326416869E-002  1.993707546803964E-002
   537172.176258659       4.218521034745062E-002  1.956285236232841E-002
   321229.578691108       4.177689845638659E-002  1.919009976214268E-002
   103379.432054539       4.137217930500482E-002  1.881580378100074E-002
   331003.666426082       4.174450463395884E-002  1.843723148343147E-002
   679784.737573984       4.211841802289858E-002  1.805743676662878E-002
   1263522.28925046       4.249273786043216E-002  1.767737342869114E-002
   906711.577387027       4.286757912313274E-002  1.729543638866254E-002
   81520.9412906845       4.143219943664118E-002  1.670271854505222E-002
   476669.162759271       4.108375105087315E-002  1.710418337711051E-002
   886743.008628620       4.073354495756554E-002  1.750659321017975E-002
   762115.985662665       4.038371003419162E-002  1.791010207950664E-002
   1192720.04956113       3.994310186132485E-002  1.754136894987798E-002
   596694.451093235       3.950266675755119E-002  1.717436118259741E-002
   372316.519286967       3.906274721737624E-002  1.680893803688440E-002
   776570.472435643       3.825424725653026E-002  1.770138540511724E-002
   412593.563500612       3.866395774477924E-002  1.810129754280969E-002
   179354.368034146       3.907258483088530E-002  1.850016479457468E-002
   10108.9177404251       3.947886359817852E-002  1.889959058409310E-002
   72828.4638930546       3.910614483345090E-002  1.926523058582450E-002
   882062.230157534       3.873050457032671E-002  1.963035459330620E-002
   982741.742042264       3.835473286368539E-002  1.999733580329768E-002
   414134.026445851       4.396732696623276E-002  2.119046809365967E-002
   417668.349309466       4.434254858570526E-002  2.075404421840558E-002
   493888.387386298       4.472159867118565E-002  2.031879986393769E-002
   1506362.09523127       4.510115189808783E-002  1.988175811580147E-002
   899167.239944142       4.548161928182469E-002  1.944314983204501E-002
   1564559.53738098       4.592919007690840E-002  1.984211550481851E-002
   535230.268004950       4.637693122406319E-002  2.023945941972358E-002
   468151.077808814       4.682313437801658E-002  2.063479178929382E-002
   781370.986847608       4.726644941700054E-002  2.103145954853371E-002
   1625217.48957944       4.803542212966949E-002  2.017963649123667E-002
   864145.969397115       4.758830722309546E-002  1.977993574671370E-002
   618860.901801470       4.714277115509974E-002  1.938198523952124E-002
   277507.015453968       4.669811845965115E-002  1.898469732059305E-002
   47654.3217347211       4.625738023325095E-002  1.858694944736327E-002
   195773.894761695       4.665903485712522E-002  1.815309465780917E-002
   569026.173144239       4.706296961222677E-002  1.771931172221927E-002
   1284136.26012761       4.746753037286494E-002  1.728315288104848E-002
   911660.335674735       4.787259768057432E-002  1.684659657731257E-002
   58570.3873096231       4.660588369856038E-002  1.649348006988957E-002
   589378.039933218       4.620525053079226E-002  1.693099407829948E-002
   1008292.29904751       4.580480536766336E-002  1.736967436758391E-002
   721741.481354341       4.540414149017392E-002  1.781012817656080E-002
   925213.522375821       4.501678164523073E-002  1.740777891104999E-002
   199584.873559053       4.462950444176984E-002  1.700651849182866E-002
   102297.042488926       4.424409919999278E-002  1.660608198734145E-002
   923081.537279129       4.330897128304220E-002  1.763942299051048E-002
   770449.720351671       4.374952809407845E-002  1.798195939950618E-002
   174291.336705090       4.418989647252686E-002  1.832390254848088E-002
   109562.336138655       4.462816353696784E-002  1.866489192571327E-002
   85352.8396498270       4.422572460904992E-002  1.907588001000057E-002
   770072.371485713       4.381979393657980E-002  1.948620889301287E-002
   967833.012295564       4.341337706026653E-002  1.989836955344856E-002
   361231.369290131       4.888390712745130E-002  2.095260350301798E-002
   599014.594007701       4.928778010285394E-002  2.054325850284170E-002
   657845.585750207       4.969431766461606E-002  2.013475855101093E-002
   1407928.24509592       5.010195511909051E-002  1.972421354416115E-002
   813418.076699932       5.050877629751189E-002  1.931204442639895E-002
   1328861.95845640       5.095936372348583E-002  1.968100902270280E-002
   540603.972507205       5.140923387914860E-002  2.004909532241363E-002
   528771.176887544       5.185890019128915E-002  2.041532427068735E-002
   656383.232207914       5.230433428670458E-002  2.078269035131029E-002
   1445121.47844867       5.305598058317587E-002  1.994779538995300E-002
   673014.713460780       5.263780884803223E-002  1.954416429096327E-002
   456609.827175757       5.222124241320696E-002  1.913990529239350E-002
   257568.846772520       5.180547107240554E-002  1.873690804440777E-002
   104040.208189942       5.139272302385747E-002  1.833260792266266E-002
   107488.216781482       5.176082203159942E-002  1.783895751332991E-002
   165151.338426604       5.213141264571131E-002  1.734701875830207E-002
   974867.154155104       5.250336825550281E-002  1.685338709325793E-002
   777497.871180295       5.287626870008889E-002  1.635785849845128E-002
   187745.181582208       5.179662662774786E-002  1.620623652098692E-002
   809715.372996090       5.133587757319109E-002  1.661838223364121E-002
   1019628.15900481       5.087606319074024E-002  1.703220975894641E-002
   722340.885327424       5.041567705808043E-002  1.744770616785925E-002
   967204.257814259       4.997613114423902E-002  1.707768788955523E-002
   406975.130617845       4.953689998284838E-002  1.670919044105487E-002
   205598.615204451       4.909737069834398E-002  1.634200561962149E-002
   795798.794860057       4.828917923785186E-002  1.724247346954394E-002
   465277.533537535       4.870479314717873E-002  1.763835136182062E-002
   88334.1352379013       4.911951945971337E-002  1.803204242143678E-002
   174958.905102952       4.953225205807884E-002  1.842601806749206E-002
   243943.891158187       4.916118580299882E-002  1.886364281065598E-002
   465712.030997362       4.878719066697725E-002  1.930157584357212E-002
   730993.563137094       4.841222820292072E-002  1.973986594771386E-002
   336536.031855111       5.388780698648415E-002  2.070285674745663E-002
   517334.087329523       5.429439312821612E-002  2.030050427170268E-002
   546711.825948405       5.470526325305876E-002  1.989985703805073E-002
   1192641.21616845       5.511617780533652E-002  1.949653746786649E-002
   698170.718371731       5.552742585986303E-002  1.909207805260041E-002
   1259883.74744362       5.599430067687968E-002  1.945232495841039E-002
   627888.234657006       5.645992244371143E-002  1.981155147817461E-002
   612726.244714801       5.692661960534042E-002  2.016770459711686E-002
   508802.056431066       5.738977330948860E-002  2.052537525355932E-002
   1213158.10013690       5.807597749544590E-002  1.975944668326032E-002
   410058.317041896       5.766473289651114E-002  1.933946681846842E-002
   190453.674404812       5.725626725331064E-002  1.891863017524401E-002
   405210.618871245       5.684795725114417E-002  1.849954929604154E-002
   32233.4270657740       5.644243977624115E-002  1.807802639582357E-002
   205358.824114265       5.680776828592426E-002  1.768687333448062E-002
   480942.912655304       5.717427328689913E-002  1.729553660424559E-002
   904940.693000889       5.754011035483450E-002  1.690333997762571E-002
   641399.011186465       5.790724762779433E-002  1.651024685361699E-002
   60121.5961173434       5.649916490791054E-002  1.595925358496441E-002
   343293.100449446       5.614348028203735E-002  1.635886528027550E-002
   647608.130636383       5.578724333891421E-002  1.676013325212837E-002
   547063.153999221       5.543060991317332E-002  1.716227455941123E-002
   967527.924137091       5.493183908335077E-002  1.680293838988249E-002
   592453.240380153       5.443372175679208E-002  1.644520466866529E-002
   451879.612932658       5.393473590305357E-002  1.609025206119579E-002
   509281.781389885       5.328871024695011E-002  1.681326653867387E-002
   159195.652024758       5.369868732108099E-002  1.726760844742420E-002
   265723.798910119       5.410825796064968E-002  1.772042648359614E-002
   145139.820804890       5.451585668394070E-002  1.817507275112168E-002
   173726.817928966       5.415327918736478E-002  1.861824351256574E-002
   441249.115049355       5.378818334091860E-002  1.906079124291723E-002
   671903.199229630       5.342340640373323E-002  1.950452392362215E-002
   395240.510758812       5.883923376483029E-002  2.044806499870757E-002
   292438.555114358       5.925904462909823E-002  1.998904673365700E-002
   431628.958352436       5.968304632106218E-002  1.952966833961994E-002
   1147350.18517249       6.010653181011062E-002  1.906969848331469E-002
   616407.208117735       6.053094756591623E-002  1.860767103639272E-002
   879861.948780547       6.092698517683105E-002  1.902478843191695E-002
   137353.831901322       6.132184031342940E-002  1.944149342136338E-002
   165408.614282396       6.171531662334478E-002  1.985835185469022E-002
   446233.020212039       6.210753612401926E-002  2.027529183983063E-002
   939409.113131647       6.307487507397012E-002  1.919379386062655E-002
   591100.898436924       6.261335517212330E-002  1.885054153525729E-002
   565827.770801438       6.215164982542765E-002  1.850835724251510E-002
   5410.44766170889       6.169093960315929E-002  1.816642374889964E-002
   89630.4285850419       6.123244997718844E-002  1.782380108845703E-002
   22723.6824612933       6.164586819079330E-002  1.733430077301902E-002
   227892.983138857       6.206103869465641E-002  1.684423295604145E-002
   645225.871496726       6.247805293033399E-002  1.635451822983986E-002
   489956.625016818       6.289416211762164E-002  1.586347803463713E-002
   74474.8944427077       6.179008920034872E-002  1.573264285356694E-002
   436504.695013966       6.134396997227962E-002  1.619532128512479E-002
   647189.013513945       6.089650104615175E-002  1.665802729388492E-002
   439152.134943011       6.045036882079760E-002  1.712205187689165E-002
   480604.916297802       6.005072523373096E-002  1.670458884180540E-002
   30187.4143718269       5.965179290272820E-002  1.628805907506176E-002
   52590.0390372420       5.925362516342681E-002  1.587093014445709E-002
   640157.695209251       5.836818867408457E-002  1.685987192263615E-002
   569172.689330696       5.882966703729244E-002  1.720908862580638E-002
   194601.746627321       5.929008077435217E-002  1.755706700541618E-002
   67853.8262999880       5.974932559441354E-002  1.790469556297345E-002
   208487.520077291       5.933421575076599E-002  1.836844471522261E-002
   439820.437848339       5.891595762407881E-002  1.883048864978775E-002
   701274.955530671       5.849585900739192E-002  1.929486202395006E-002
   225701.101161978       6.415418373271649E-002  2.016377701839774E-002
   231311.767153936       6.450047784765577E-002  1.973944508225250E-002
   227730.070096322       6.484791437161401E-002  1.931596340785216E-002
   729633.615356244       6.519652365360643E-002  1.889057184331370E-002
   450675.089767290       6.554573898599757E-002  1.846547173543779E-002
   869338.685419185       6.600937116284672E-002  1.884615392607769E-002
   381357.713703402       6.647291198435638E-002  1.922690311059153E-002
   356925.796717614       6.693543587279259E-002  1.960530491886102E-002
   368699.406621126       6.739718108325067E-002  1.998400350218646E-002
   792982.003224087       6.809813228214033E-002  1.919593876634117E-002
   268358.561426059       6.766492464107048E-002  1.878227033622398E-002
   129294.244284755       6.723291489670208E-002  1.836976555561557E-002
   310739.081044924       6.680063195356303E-002  1.795682571535810E-002
   32871.8461098748       6.637150080564740E-002  1.754274214818170E-002
   18252.0722724109       6.675470413086504E-002  1.710457943440504E-002
   268695.059015867       6.713970181782553E-002  1.666719759426642E-002
   497159.623453358       6.752409918604232E-002  1.622838683102389E-002
   402931.245591259       6.790843999513313E-002  1.578860643751984E-002
   24737.4463240387       6.664002915472157E-002  1.543305206981211E-002
   243960.407032955       6.624351633715786E-002  1.585997861407730E-002
   480751.847803610       6.584757573218712E-002  1.628828960764310E-002
   280028.067788114       6.545069587067599E-002  1.671661091229648E-002
   512732.834104693       6.495937277761543E-002  1.633697341644165E-002
   234525.411687055       6.446682992279287E-002  1.595756522927093E-002
   117294.535920656       6.397557579852653E-002  1.558009636813836E-002
   306503.336831733       6.332778894380689E-002  1.630767560834428E-002
   94331.3145374407       6.376076373083268E-002  1.675102819191061E-002
   191850.267458393       6.419401837257030E-002  1.719489524590061E-002
   71097.4961455979       6.462487445785631E-002  1.763831071732842E-002
   37122.3666646687       6.423906569234993E-002  1.802704232166077E-002
   453700.528355465       6.385074465763202E-002  1.841568677813680E-002
   518442.537313154       6.346327143579150E-002  1.880428776519517E-002
   328086.694754734       6.888432215544898E-002  1.989850747876208E-002
   53901.5617252756       6.929560920471665E-002  1.939625688659039E-002
   157364.912361012       6.970838751651208E-002  1.889585113935293E-002
   632951.125701861       7.012294636903817E-002  1.839366705098558E-002
   371711.357488952       7.053741676790828E-002  1.788957144568528E-002
   451842.585075715       7.093725281447344E-002  1.834636331037080E-002
   106008.729772051       7.133618970179467E-002  1.880223088041420E-002
   66083.4160316695       7.173435401133615E-002  1.925672230027412E-002
   809274.193499018       7.213038981559579E-002  1.971359123608554E-002
   863656.417136740       7.309097600083028E-002  1.863507897559396E-002
   376747.637923161       7.258819580874057E-002  1.829436532527020E-002
   396921.422874695       7.208690383920340E-002  1.795365896998418E-002
   54686.4504361550       7.158455916443440E-002  1.761441632453623E-002
   125235.155700295       7.108388861115703E-002  1.727530740405180E-002
   116196.772281599       7.153769301481384E-002  1.678825938271120E-002
   279936.872316419       7.199318718302991E-002  1.630125620710712E-002
   588124.105376345       7.244826427868574E-002  1.581341604394319E-002
   380214.191724069       7.290374747084417E-002  1.532276881849633E-002
   133058.904023750       7.178468395144755E-002  1.521700471522399E-002
   183378.478359119       7.134725965003152E-002  1.571902251817077E-002
   569857.620918041       7.090901617844504E-002  1.622265496948059E-002
   225548.468261830       7.047130711745919E-002  1.672835537827209E-002
   285176.172754740       7.002446269480242E-002  1.627399727256052E-002
   106837.088206248       6.957917403635142E-002  1.582055889155195E-002
   195591.872425481       6.913389344975393E-002  1.536831920890640E-002
   390262.371864362       6.841302571147172E-002  1.617870488650712E-002
   278954.371032410       6.891676753767699E-002  1.656779423790306E-002
   69852.3756109707       6.942138930773782E-002  1.695459979824846E-002
   170435.247407218       6.992472825944493E-002  1.734222105193498E-002
   18655.7873711583       6.946951423006226E-002  1.780508886114863E-002
   404919.913527578       6.901225673396416E-002  1.826787815054375E-002
   554211.638460076       6.855562950342788E-002  1.873080841340818E-002
   423915.373112420       7.416674531542788E-002  1.959911859388343E-002
   122361.127023979       7.451390383334869E-002  1.918924964367421E-002
   89850.4154280643       7.486302894598351E-002  1.878017436029620E-002
   363860.402142041       7.521234385020524E-002  1.837044253364195E-002
   324776.838168130       7.556160432522488E-002  1.795969346803952E-002
   381022.005058059       7.598497347700410E-002  1.832759118718920E-002
   181173.470314645       7.640919163230669E-002  1.869512345699830E-002
   162809.972956152       7.683238497203979E-002  1.906222083287849E-002
   100437.954986599       7.725487440081018E-002  1.942952041045729E-002
   327663.662268430       7.809789260291015E-002  1.848478848002845E-002
   161225.435908711       7.768379932057758E-002  1.810697481468214E-002
   104625.854232502       7.727015972003960E-002  1.772915370071291E-002
   73525.0637849124       7.685670090478530E-002  1.735060078703802E-002
   103395.006710024       7.644407397933629E-002  1.697271917282303E-002
   70061.2658617849       7.681321302908402E-002  1.657494505828600E-002
   124729.683979819       7.718296340663221E-002  1.617625610377274E-002
   196629.696525148       7.755285585190329E-002  1.577821203418305E-002
   106642.004725620       7.792236965182843E-002  1.537840636645635E-002
   95637.3709726653       7.652266454442649E-002  1.485716642892345E-002
   11353.5627995403       7.616807021538521E-002  1.526796774484160E-002
   76915.7287269760       7.581214856441584E-002  1.567899790974185E-002
   300793.321307993       7.545678956628614E-002  1.609000765200755E-002
   424336.084470517       7.497099674426459E-002  1.572532793147447E-002
   358929.465538899       7.448447729220826E-002  1.536253339176344E-002
   99320.8180519496       7.399822639711522E-002  1.500061929300319E-002
   291189.729590747       7.332299556239628E-002  1.576267429941580E-002
   21237.3967341789       7.374154938712162E-002  1.620070361242008E-002
   156983.644029696       7.415900809399670E-002  1.663870566847192E-002
   397903.743105363       7.457576272903031E-002  1.707668977943143E-002
   90986.8198584130       7.420545559368295E-002  1.746576989795322E-002
   177962.659517876       7.383445917146991E-002  1.785513965133674E-002
   233296.199325435       7.346325290815144E-002  1.824525422029222E-002
   26427.0121531196       7.904203417022290E-002  1.932852839106656E-002
   177296.707684585       7.942249233054140E-002  1.895284759980416E-002
   175804.443591779       7.980362569311579E-002  1.857731568233100E-002
   334519.044526372       8.018569529435987E-002  1.820130313364356E-002
   170757.649745937       8.056691476224034E-002  1.782518893701429E-002
   321432.866407268       8.098243106075036E-002  1.815577051821848E-002
   151225.662530493       8.139871315397025E-002  1.848628528324495E-002
   167580.635266357       8.181406174423778E-002  1.881642045669200E-002
   84920.3536620888       8.222884424525502E-002  1.914675516973611E-002
   278291.521065761       8.309329325623019E-002  1.817560759874744E-002
   91090.6571320511       8.271624374798787E-002  1.780218618629296E-002
   62958.9578954707       8.233966724547762E-002  1.742862120010772E-002
   86826.3819670604       8.196315524328029E-002  1.705428431495513E-002
   25230.8585994110       8.158737261248758E-002  1.668056467023647E-002
   17285.1569185401       8.191616482968372E-002  1.622645114832743E-002
   60028.7634383086       8.224510892703976E-002  1.577228266752885E-002
   152217.885348356       8.257423980760613E-002  1.531801414044513E-002
   134168.860603525       8.290346138726330E-002  1.486348504785270E-002
   43921.2726139892       8.168713484624092E-002  1.452591680234316E-002
   117255.887559512       8.127261987191808E-002  1.490380854752887E-002
   175275.164085143       8.085802143273524E-002  1.528186097239665E-002
   78702.6797100980       8.044352696953326E-002  1.566020511934372E-002
   128731.872025248       8.004661909775035E-002  1.532825454610525E-002
   76051.9762296170       7.964871323705770E-002  1.499658179615392E-002
   33281.8684988808       7.925188884260616E-002  1.466498634256322E-002
   100954.329312834       7.829777728484605E-002  1.573546671990842E-002
   49130.0446183069       7.867299917739662E-002  1.609143170445433E-002
   9486.65812348393       7.904815337424910E-002  1.644829980123134E-002
   14733.8166307935       7.942308205813348E-002  1.680414620108388E-002
   55375.7279531109       7.909243790854639E-002  1.722408698998939E-002
   93599.1320994476       7.876121444520776E-002  1.764482029614671E-002
   141537.429396185       7.842980082863764E-002  1.806481836005137E-002
   78567.7747680603       8.406374257336546E-002  1.904057831280969E-002
   50773.2410070868       8.443368260969908E-002  1.859495589312220E-002
   71229.0809606110       8.480427390826643E-002  1.814954140136268E-002
   206243.619875646       8.517601645216535E-002  1.770384720391775E-002
   134635.928996762       8.554686424941071E-002  1.725789766355235E-002
   295431.599083144       8.611545759601977E-002  1.764961946778124E-002
   163925.888371251       8.668443161632064E-002  1.804060296888803E-002
   119418.224255469       8.725276343338818E-002  1.843058928493942E-002
   443180.084019487       8.782112629033070E-002  1.882017837223420E-002
   349301.845170743       8.812647730249817E-002  1.847628060934671E-002
   42696.8661244882       8.766945770611023E-002  1.795908141049843E-002
   73430.3328675607       8.721320869378121E-002  1.744338645519475E-002
   197010.192841651       8.675773186685194E-002  1.692638337923821E-002
   27973.0432730423       8.630329318814242E-002  1.640860681796663E-002
   44049.5474601923       8.670303537162363E-002  1.596943092079896E-002
   146233.352389710       8.710297377806284E-002  1.552912756721343E-002
   262122.128643699       8.750306246174074E-002  1.508954272241494E-002
   182280.837637557       8.790315067553263E-002  1.464963111824493E-002
   25385.6820644489       8.663036469222754E-002  1.431113777976515E-002
   83883.0071035608       8.623897954097832E-002  1.475788006227284E-002
   184557.082401245       8.584635942197207E-002  1.520482048441301E-002
   89075.9325918211       8.545474107665789E-002  1.565208897270542E-002
   158029.353482083       8.499544559007115E-002  1.525400427131751E-002
   26892.0909426906       8.453624726364571E-002  1.485617498681440E-002
   15435.5485277057       8.407718143501555E-002  1.445859734516119E-002
   104381.565149471       8.335244650183855E-002  1.527317529180606E-002
   51444.5408807668       8.380130088068727E-002  1.568261994181347E-002
   66195.6251146697       8.425001047531842E-002  1.609182620328425E-002
   12403.4401968615       8.469821853008386E-002  1.650119234945440E-002
   36637.9419018779       8.429735515414326E-002  1.691933630422220E-002
   153596.692253294       8.389613028732225E-002  1.733850299322284E-002
   190781.722581850       8.349479398548790E-002  1.775698729686859E-002
   237580.761895210       8.846979695476842E-002  1.878231492659251E-002
   130117.773796258       8.899105507445532E-002  1.836701427842437E-002
   184774.270188327       8.951208909041156E-002  1.795217395340367E-002
   218630.531601260       9.003366990896859E-002  1.753545362104772E-002
   109429.927789143       9.055479518158924E-002  1.711900682620503E-002
   111043.024736908       9.089538259907788E-002  1.748449495492185E-002
   22894.1796690948       9.123502420964452E-002  1.785069638680248E-002
   63106.1137654089       9.157556193524090E-002  1.821563567160059E-002
   306867.050611602       9.191443662588039E-002  1.858212330944964E-002
   318586.784325032       9.306998295239002E-002  1.728057656408427E-002
   53311.0674088256       9.266519298236207E-002  1.698761933448233E-002
   61234.2268329467       9.226181916611040E-002  1.669321718295869E-002
   26161.3818645863       9.185755716876645E-002  1.640013882259641E-002
   129216.531080113       9.145440271391531E-002  1.610615507508307E-002
   142327.930127723       9.181140221078064E-002  1.561735266004144E-002
   14350.0116911707       9.216986183651431E-002  1.512852421118763E-002
   149550.929792276       9.252782752806522E-002  1.463965031402046E-002
   114475.624526673       9.288684548695454E-002  1.414999416072358E-002
   18752.2604526738       9.177844805766436E-002  1.397123081192280E-002
   124252.511547775       9.133295979288952E-002  1.438198015630928E-002
   252094.397850255       9.088737649219247E-002  1.479415528067525E-002
   108446.107033736       9.044203558162016E-002  1.520604290524957E-002
   145522.053503453       9.000348981668643E-002  1.484642602232589E-002
   30974.0195741725       8.956396476768809E-002  1.448621133913735E-002
   43388.3626795226       8.912571129549188E-002  1.412716419412648E-002
   166374.272140086       8.831371471526712E-002  1.504207186856369E-002
   77971.7412257007       8.872311977318016E-002  1.543425608287022E-002
   37739.5956398123       8.913340811071165E-002  1.582710219375981E-002
   119445.350839430       8.954226513355591E-002  1.621901009548893E-002
   150318.410947513       8.918987766621206E-002  1.678383494000002E-002
   98710.6589048688       8.883588176735656E-002  1.734836699013585E-002
   21080.3910085090       8.848204394776674E-002  1.791160210653737E-002
   197850.183810964       9.437009120821047E-002  1.843750858720850E-002
   35302.9386824505       9.466236473695545E-002  1.801201553948552E-002
   44085.7322281687       9.495635474280181E-002  1.758685537208445E-002
   37651.6667371996       9.524954239123415E-002  1.716173069331816E-002
   80054.5007315995       9.554356460986520E-002  1.673609073113682E-002
   18578.9388007038       9.597419601271508E-002  1.712013852019306E-002
   4970.82572318265       9.640489354049173E-002  1.750409876194220E-002
   1305.32152901797       9.683657174935527E-002  1.788802519326600E-002
   345.570402388713       9.726725621894168E-002  1.827200269170025E-002
   195.677108116458       9.808321070291479E-002  1.735680049012512E-002
   884.249961913938       9.765252826560883E-002  1.697282071221624E-002
   3365.37504631107       9.722178299137285E-002  1.658784786979741E-002
   12582.1257790712       9.679111620533168E-002  1.620385314707593E-002
   111961.631336996       9.636037000267679E-002  1.581993412137148E-002
   35937.5395438496       9.674338090648804E-002  1.537738903524668E-002
   31658.3877899811       9.712686461490157E-002  1.493500820259364E-002
   53378.2076195196       9.751041468198583E-002  1.449248216576666E-002
   7534.04946452500       9.789371264179141E-002  1.404851825708821E-002
   18157.2355101512       9.663213738249601E-002  1.370933329919468E-002
   18384.9484612136       9.623612716463997E-002  1.414044433146773E-002
   34636.0436906566       9.583999271175692E-002  1.457168815456778E-002
   192233.923905295       9.544362552896997E-002  1.500289618596721E-002
   224020.890579489       9.495188319797396E-002  1.462272126788196E-002
   141660.288062922       9.445987569534761E-002  1.424337522414244E-002
   11949.4180821376       9.396797346433959E-002  1.386454580078696E-002
   120671.229946460       9.332263440596709E-002  1.459275465143985E-002
   35586.6569106262       9.375816486369810E-002  1.503501243471770E-002
   133482.660595242       9.419314761611933E-002  1.547725907275591E-002
   194205.035981796       9.462752434360350E-002  1.591971822889258E-002
   83038.7327094243       9.423809381625586E-002  1.625997996385507E-002
   105208.657692333       9.384881339929767E-002  1.659972697030356E-002
   107493.184166962       9.345958512823427E-002  1.694073634695466E-002
   4253699.49904435      -3.119000000000000E-003  2.500000000000000E-003
   3305854.21458208       2.394721972699031E-003 -3.265627806548542E-003
   5612488.36595258      -3.500000000000000E-003 -2.500000000000000E-003
   1578837.27111328      -2.519022639895103E-003 -3.516538869741131E-003
   2599075.70819977       7.309652150027497E-003 -3.387757267113864E-003
   1422750.15148332       1.223354441657160E-002 -3.850218194818328E-003
   3069172.37138621       1.716188281126178E-002 -3.495705133590120E-003
   1541064.16876822       2.207484280235394E-002 -4.075012102615454E-003
   1738653.18784386       2.701660914919351E-002 -3.850219620295738E-003
   913785.073568849       3.193980435201374E-002 -4.238591172572919E-003
   1019183.50439154       3.690862878534038E-002 -4.353780935920832E-003
   892423.738217323       4.186292850971667E-002 -4.688113772428060E-003
   800721.493431623       4.681715564722463E-002 -5.151695751419962E-003
   960757.692197458       5.180291165561228E-002 -4.925655386745335E-003
   486002.362984814       5.675123846984370E-002 -5.513172553100012E-003
   525615.931652258       6.174379529342493E-002 -5.500276671289795E-003
   490965.587391630       6.672370638412149E-002 -5.708812028317410E-003
   773532.069157160       7.173319436588868E-002 -5.433635609420093E-003
   132320.212086983       7.667158361675853E-002 -6.477647485657044E-003
   62202.8932574166       8.165120329201665E-002 -6.901743135550427E-003
   21664.6536496682       8.664356471439477E-002 -7.149264226087459E-003
   2061.27510680986       9.161121144674877E-002 -7.848636358679169E-003
   5796.54588404133       9.765371484291337E-002 -1.774007913372809E-003
   27.0033175784929       9.727063552533073E-002 -6.760104871930475E-003
   18.2871592639335       9.665067105420055E-002 -7.312175623562078E-003
   1412225.54343834      -3.259000000000000E-003  7.500000000000000E-003
   14649.4402547092       9.801892843191905E-002  3.212501387830444E-003
   1944042.20883357      -3.196000000000000E-003  1.250000000000000E-002
   67608.7496806208       9.826970575583037E-002  8.203004729542464E-003
   559357.924397513      -3.287000000000000E-003  1.750000000000000E-002
   89937.6400687166       9.866416172811734E-002  1.318335927421305E-002
   981318.591084221      -2.482670574029339E-003  2.344210759414883E-002
   3817720.42531562      -3.458000000000000E-003  2.250000000000000E-002
   213350.771945743       2.617416166824258E-003  2.309494822176889E-002
   35350.0191347026       7.691998647329448E-003  2.328093750668319E-002
   510136.903726760       1.278297769932737E-002  2.343218571801936E-002
   84432.2674580805       1.784085396920229E-002  2.283364716018743E-002
   430613.874970663       2.291937126300329E-002  2.320393215991623E-002
   207337.643296172       2.795404561064152E-002  2.222964224063338E-002
   351597.374985043       3.302682181595137E-002  2.257488241017706E-002
   224976.080716708       3.807190207654996E-002  2.254685343832081E-002
   296519.156938585       4.309159758437616E-002  2.215003479736182E-002
   164178.072531776       4.811444920505622E-002  2.179875365543889E-002
   185520.336563060       5.313589231649235E-002  2.153270034304273E-002
   201946.195474265       5.815319263173653E-002  2.121011986321313E-002
   109499.204008339       6.318650168452493E-002  2.124143165869154E-002
   123815.382006764       6.818354273564317E-002  2.068399785699036E-002
   126422.358677121       7.320578447192491E-002  2.067060795101647E-002
   60027.8292831598       7.819891093362225E-002  2.027210793957059E-002
   72708.7766258924       8.319940695354480E-002  2.001070526752515E-002
   64490.2330949195       8.816440675782669E-002  1.912494528917451E-002
   92445.3722854797       9.321465583181746E-002  1.973543551989728E-002
   85.2847634578718       9.899841354685758E-002  1.817275505088144E-002
   125.933793459700       9.818245857020989E-002  1.908795780505707E-002
