   743958.316665416      -1.403822652971831E-003  2.495010271911888E-003
   859270.725291487      -1.060840031744313E-003  1.947321441857959E-003
   453474.219602515      -7.172693530265561E-004  1.398591767060752E-003
   882098.528869451      -3.787459671532230E-004  8.491375462354191E-004
   1285026.54485826      -4.767594307566286E-005  2.963606058415446E-004
   4189486.02871297       4.810333133318873E-004  8.298254672270760E-004
   1394938.58819183       9.982382726573271E-004  1.384294882868290E-003
   992406.816483222       1.526981634970189E-003  1.942366162953211E-003
   120559.297232044       2.089169469599307E-003  2.477716544603130E-003
   4574482.91692725       2.391350915585489E-003  2.142288213507568E-003
   4029917.32796603       1.855981446864771E-003  1.620036444208853E-003
   3113147.81913478       1.337571983661036E-003  1.070751207709838E-003
   398247.783440199       8.190317936891552E-004  5.101407819998344E-004
   1150958.36840572       2.765745905438487E-004 -4.115017378794653E-005
   2499904.82292791       7.907803294712564E-004 -5.474978811489567E-004
   3736578.38105416       1.284518165604191E-003 -1.051503054122292E-003
   6326078.57379837       1.787461028809831E-003 -1.536481828122293E-003
   2982925.27134866       2.300933945324866E-003 -2.006200573776461E-003
   932560.517488835       1.650071775017981E-003 -2.642702007583541E-003
   2752059.69007479       1.192640365139847E-003 -2.079593165689671E-003
   158086.196193419       7.606575594013072E-004 -1.501476039632974E-003
   2637280.24715828       3.449825723715880E-004 -9.216732881898032E-004
   4138244.28325000      -6.383247619398817E-005 -3.569912044223464E-004
   6094516.70881072      -5.622990576786988E-004 -8.946446304844089E-004
   1142097.56379671      -1.054539374017357E-003 -1.451707209941342E-003
   691345.941627873      -1.559984936543070E-003 -2.011780180698204E-003
   4390202.55246419      -2.094077579275506E-003 -2.553897402392429E-003
   222669.798483071      -2.490557887280594E-003 -2.126666272139572E-003
   5267514.49297950      -1.958346240365587E-003 -1.623974126215394E-003
   3666619.24391817      -1.441905454979203E-003 -1.096168377308611E-003
   341393.927846477      -9.276689851053926E-004 -5.546186199624216E-004
   2089680.46687292      -3.855646633764464E-004 -2.286111688022445E-005
   2077314.25141336      -9.161643336163677E-004  3.362477672612792E-004
   2349894.42648221      -1.446327764030574E-003  6.925863727748194E-004
   2223577.80240387      -1.980443524140667E-003  1.046936078336304E-003
   945204.711349093      -2.517463072449776E-003  1.395811925334746E-003
   776970.950140181       2.730232043236229E-003  2.440813960862376E-003
   5415014.93491201       3.244789421941837E-003  2.058237931017041E-003
   5213595.53942692       3.757186449204767E-003  1.688645586866217E-003
   4904557.69432495       4.276707715133784E-003  1.331661516239349E-003
   2437494.79458245       4.804231129008725E-003  9.822868878747552E-004
   2909313.74019441       5.198681338089678E-003  1.324221905269230E-003
   1175125.68892472       5.595821457259133E-003  1.665479658178428E-003
   821056.094884657       5.993095102605089E-003  2.011730732332177E-003
   1229565.61890130       6.396196647655476E-003  2.357088755146854E-003
   2385650.16332341       7.288874636122968E-003  1.447036822977530E-003
   1495607.80048679       6.949581310725739E-003  1.048646875647132E-003
   763080.017777726       6.606665728827175E-003  6.491779664634986E-004
   789682.610563696       6.263443026282356E-003  2.470617956062432E-004
   375058.597677182       5.912487559028023E-003 -1.522028867217804E-004
   440018.517639287       6.251208088490011E-003 -5.356778313537167E-004
   806010.890763370       6.583566058397017E-003 -9.206078462649474E-004
   3172809.61148924       6.916187968671784E-003 -1.302461114448717E-003
   2067211.18761011       7.243239909962839E-003 -1.685804888387555E-003
   1328315.25488021       6.226611964202111E-003 -2.667676351751070E-003
   260553.045269694       5.856968020955950E-003 -2.315251908874731E-003
   2137948.89569253       5.495020297260101E-003 -1.959910616043357E-003
   2642123.83525087       5.132734804327432E-003 -1.609480970239781E-003
   2436496.53807429       4.772342900121196E-003 -1.259495528242227E-003
   3869698.04092440       4.316323318916253E-003 -1.598710790987114E-003
   2572794.85914903       3.860565769376287E-003 -1.941728205025127E-003
   2833495.24446362       3.407644027516294E-003 -2.292868160198778E-003
   935837.778783874       2.944839910285600E-003 -2.644195451116056E-003
   696602.957862269       2.629873710998970E-003 -1.535118965788140E-003
   34442.6957350539       2.967703279367262E-003 -1.065167130602910E-003
   1426975.68240215       3.308952538691318E-003 -5.929581629204102E-004
   1607941.38092001       3.658287015952113E-003 -1.248388768387831E-004
   2036691.11916426       3.324085862055821E-003  4.361405935564744E-004
   1532868.37774624       2.999282311065433E-003  1.001277614590872E-003
   220818.885669475       2.686041013367850E-003  1.572519729805339E-003
   650623.495717110       8.206879853569589E-003  2.336101439944727E-003
   455118.283479302       8.598854214121028E-003  1.933954181367367E-003
   1275166.45332887       8.985404638047652E-003  1.532267141875528E-003
   2735551.09591323       9.370144410104760E-003  1.132305182795504E-003
   1963001.71886530       9.753568566500092E-003  7.362064919799263E-004
   2658663.88394079       1.013710816752579E-002  1.119410903562450E-003
   1137493.04168390       1.052210800368414E-002  1.506738201982250E-003
   634979.308865307       1.090784707276368E-002  1.895826218223011E-003
   966777.600086728       1.130128866287898E-002  2.283944112276584E-003
   3155706.46869216       1.223948813497579E-002  1.312477284571456E-003
   2420694.74201675       1.185294144494554E-002  9.320876919886175E-004
   1708750.66763413       1.146506134833402E-002  5.508141852542161E-004
   314698.694370818       1.107484575749654E-002  1.652685316224608E-004
   639882.364923264       1.068084888729833E-002 -2.201173900346957E-004
   336026.629804816       1.106176181813915E-002 -6.573101563784371E-004
   762213.334567759       1.143413423750332E-002 -1.096541350519597E-003
   3934210.22173628       1.180308843393068E-002 -1.532735569584696E-003
   2501016.22294128       1.216771029499704E-002 -1.966441030023645E-003
   1101402.85832575       1.133672149275753E-002 -2.754704658649481E-003
   69419.4566325184       1.092535852970710E-002 -2.348332177247914E-003
   2621038.69356826       1.052312131147400E-002 -1.940746562140007E-003
   3297456.41626654       1.012202208843044E-002 -1.538091823367473E-003
   3083727.00299569       9.721618951538905E-003 -1.139832450358880E-003
   3866853.23504261       9.354629055598534E-003 -1.525550278061188E-003
   1399649.70041739       8.984092515098949E-003 -1.913506236911013E-003
   1426953.62299042       8.613339425284356E-003 -2.305036679121271E-003
   733056.031825235       8.234369089158925E-003 -2.694525002296460E-003
   2052880.94628494       7.625776100365732E-003 -1.312208633981554E-003
   1710500.59029077       8.011993896176715E-003 -9.392206929609895E-004
   317543.655780789       8.400034936113257E-003 -5.622425916003057E-004
   352172.986731989       8.795424075198885E-003 -1.882958362301873E-004
   179322.752701816       8.414319121534406E-003  2.224887974460113E-004
   1548678.70185211       8.037396104338753E-003  6.337749768951245E-004
   2514609.95581012       7.663085483178693E-003  1.042125531070982E-003
   71268.2054177079       1.321575858418522E-002  2.242191637735036E-003
   659877.496957595       1.359473989351806E-002  1.866530045782587E-003
   833049.291199166       1.396540697662896E-002  1.488369392682196E-003
   1894828.43612401       1.433586381774256E-002  1.112597751981862E-003
   1801699.47512842       1.470598465945940E-002  7.400455957122827E-004
   2177603.90845887       1.512620755923670E-002  1.089245914312277E-003
   1365385.17510597       1.554605574709734E-002  1.442169741171134E-003
   906729.062611511       1.596696338298925E-002  1.797716083430952E-003
   198697.955726524       1.639346604654365E-002  2.152192958676857E-003
   2727956.02773618       1.720340762150241E-002  1.294467853681908E-003
   1720215.14011346       1.683860515854090E-002  8.874443037859502E-004
   934760.013223064       1.647102106474840E-002  4.787510932666476E-004
   22162.4404839140       1.610137460462645E-002  6.815169770166643E-005
   1063469.23837563       1.572878244586048E-002 -3.426168699114372E-004
   570328.050770620       1.608088005211653E-002 -7.242705690449782E-004
   541856.721227933       1.642446889519615E-002 -1.109224051219997E-003
   3173908.98278574       1.676749532581408E-002 -1.491460894258061E-003
   2021669.54794754       1.710425761990749E-002 -1.874664360116615E-003
   1460425.95301782       1.603026774294309E-002 -2.866401192896000E-003
   237270.372191638       1.567798462083112E-002 -2.488503239786903E-003
   2387037.37119771       1.533316581295995E-002 -2.107596110403920E-003
   2781271.84146469       1.498833375599195E-002 -1.731775500259442E-003
   3309396.67709899       1.464715278538397E-002 -1.356432859335754E-003
   4556756.51889833       1.422945929447866E-002 -1.709494450740076E-003
   2344461.29988985       1.381099985292841E-002 -2.065093114166264E-003
   2441435.65779704       1.339230444035281E-002 -2.427196412103674E-003
   1090491.28480722       1.296519482835106E-002 -2.787269189788028E-003
   1633715.89594112       1.252258965680931E-002 -1.546337908733624E-003
   964107.254285426       1.288459160864719E-002 -1.125445439447361E-003
   1085208.11909131       1.324933338304843E-002 -7.023905525686085E-004
   331907.326593086       1.362335008755833E-002 -2.823528140189858E-004
   320116.081817051       1.327413763621032E-002  1.189199969650544E-004
   1393722.21275101       1.292751747784560E-002  5.192485165288220E-004
   1925248.85820688       1.258176077929541E-002  9.155937036528677E-004
   368756.138465838       1.806517363546201E-002  2.099097073194939E-003
   327477.221123428       1.846637764033865E-002  1.630143482949689E-003
   599068.084417172       1.885972609365363E-002  1.159609477408021E-003
   2377695.87610284       1.925082492656865E-002  6.907835676437193E-004
   1785406.04260152       1.964077703929307E-002  2.263328514302352E-004
   1979917.57951379       2.002898275449268E-002  6.640710577182782E-004
   395388.405318148       2.041891140822524E-002  1.104500765755706E-003
   78581.6694758723       2.081270607254041E-002  1.545106400428746E-003
   403625.087538045       2.121168862868123E-002  1.983942251429518E-003
   2443899.49194888       2.214574809930897E-002  9.739361188805319E-004
   2484467.91746032       2.168999286928020E-002  6.106398711208422E-004
   2173699.33272973       2.123491939151734E-002  2.439206505271146E-004
   954573.560609927       2.077886701178654E-002 -1.257157698468832E-004
   371786.997975644       2.031848485203911E-002 -4.969414940082434E-004
   1021144.96776960       2.075280935243790E-002 -9.301058444685284E-004
   1199464.32060540       2.117685991057052E-002 -1.365684354929998E-003
   3448933.25417526       2.159896166620968E-002 -1.797500331057840E-003
   2035075.16137322       2.202020169350069E-002 -2.225851124605971E-003
   390618.064873713       2.112441511696462E-002 -3.049317955089464E-003
   495715.550671977       2.073399657168445E-002 -2.577601420095576E-003
   1536058.82269283       2.035141735697345E-002 -2.104246497771616E-003
   2315659.30371907       1.997148829588612E-002 -1.634229040424728E-003
   3067051.49116668       1.959429067162045E-002 -1.168127746164514E-003
   3268756.47198011       1.922978471630426E-002 -1.608903687148030E-003
   504282.427894939       1.886083252209346E-002 -2.052934795140987E-003
   438713.094722287       1.848820459935155E-002 -2.498859600917744E-003
   364837.029633477       1.810743405791224E-002 -2.941468176736406E-003
   2848488.81506808       1.755374414044985E-002 -1.521703361052697E-003
   2699794.79685704       1.800448813743831E-002 -1.166788449283124E-003
   636924.562872355       1.845615644348228E-002 -8.073797298784322E-004
   309643.760252669       1.891576520093658E-002 -4.487380944617209E-004
   42674.2144506702       1.848202964134519E-002 -1.050543732320012E-005
   1544437.50269910       1.805459103770258E-002  4.280561446920900E-004
   2009434.11519667       1.762896954710398E-002  8.625850781910339E-004
   186915.643070323       2.315858259210447E-002  1.902022279701504E-003
   1058794.38158761       2.352547139115591E-002  1.552928762514383E-003
   1253341.53096354       2.388836188021088E-002  1.201656045856436E-003
   2104148.57376466       2.425005379809108E-002  8.539005275088823E-004
   1549753.15927821       2.461253216448191E-002  5.073682977408496E-004
   1875254.22588768       2.495818335981595E-002  8.247138172095642E-004
   1075880.29927761       2.530481421914985E-002  1.142110563447161E-003
   613340.698816776       2.565316234840974E-002  1.461967007940226E-003
   127170.629131438       2.600276337286745E-002  1.780723392300944E-003
   1595307.46374877       2.710608821979075E-002  5.845097798200924E-004
   1464852.68818530       2.676718827102754E-002  2.602768515924374E-004
   930340.061198912       2.642600008963059E-002 -6.580369680609646E-005
   180050.091763157       2.608493264655465E-002 -3.921779495252130E-004
   407219.132117011       2.574041227009638E-002 -7.181384738141167E-004
   241178.086524416       2.605702275480050E-002 -1.095153807031467E-003
   205690.050024047       2.636742966196961E-002 -1.474298707994938E-003
   1948705.39250287       2.667852003972344E-002 -1.852299311257329E-003
   1314520.49440278       2.698394874537366E-002 -2.231034901081921E-003
   1208713.34918794       2.587865980000275E-002 -3.233741051539761E-003
   446509.807773594       2.553394220897946E-002 -2.886120462051191E-003
   1821064.16941411       2.519364606699887E-002 -2.535488857900649E-003
   2004146.39996413       2.485326400084007E-002 -2.189244355121348E-003
   2179955.71965708       2.451517861507760E-002 -1.841963396355141E-003
   3011798.15889354       2.410112182662401E-002 -2.157368525928496E-003
   1760795.10910521       2.368616365840052E-002 -2.473442258062385E-003
   1990312.93634373       2.327078640338228E-002 -2.794701465227387E-003
   840302.020728837       2.284988855499667E-002 -3.112903002504457E-003
   979630.742586841       2.235463519856481E-002 -1.824058418143085E-003
   610430.280925454       2.269581152490258E-002 -1.422707072264147E-003
   624727.495358263       2.303754157531913E-002 -1.020261970450454E-003
   331765.076004104       2.338525990696875E-002 -6.199265547627214E-004
   84881.5098010970       2.307151631734989E-002 -2.199695550619474E-004
   822055.159915009       2.276137097540664E-002  1.788986231702655E-004
   1339997.75952714       2.245139780394349E-002  5.769736243936312E-004
   420019.385983436       2.830359967298837E-002  1.683946077072340E-003
   468039.338857591       2.862133105674526E-002  1.193376862522143E-003
   363058.975427271       2.893523268271136E-002  6.995398508551332E-004
   1081378.19798440       2.924561169796406E-002  2.071896479972612E-004
   1331265.72165994       2.955225036889669E-002 -2.847712669117101E-004
   2421047.68377812       3.005287277608546E-002  1.644038573340316E-004
   1296630.53978223       3.055159658004865E-002  6.196398409889449E-004
   776441.519163786       3.105228663695673E-002  1.079163101995635E-003
   65607.7445555896       3.156161973607094E-002  1.534632766356906E-003
   2629825.52592375       3.207827800028701E-002  9.662809075102381E-004
   2036216.79010472       3.159476750501283E-002  4.999024436781144E-004
   1245614.57238253       3.111039752309974E-002  2.768008020544231E-005
   82951.5046072666       3.062403448031377E-002 -4.471992187013197E-004
   826266.296203984       3.012970669480272E-002 -9.196830067569377E-004
   729194.677667264       3.057847096580264E-002 -1.390869906850082E-003
   1128070.63990329       3.101644399289881E-002 -1.863408196282119E-003
   3375856.40863209       3.145501953757773E-002 -2.329628332708100E-003
   1871073.84348871       3.189236684776791E-002 -2.792538320329006E-003
   233241.253494413       3.110790136156246E-002 -3.498662223284303E-003
   1025111.57548388       3.069450745415843E-002 -2.996618912565373E-003
   979172.221641062       3.029258018040310E-002 -2.490118862490350E-003
   1882441.10744887       2.989238909481596E-002 -1.987986162384220E-003
   2464116.21586518       2.949385603849012E-002 -1.490159453945712E-003
   2605878.46247070       2.912456982358041E-002 -1.948639238903548E-003
   331298.978341854       2.875172564591771E-002 -2.409346945681897E-003
   215177.061452820       2.837552146656640E-002 -2.873042212547879E-003
   249595.721805520       2.799423776691175E-002 -3.332837588251640E-003
   2110116.11357957       2.746439378971142E-002 -1.890771176929825E-003
   2046803.53747548       2.794688704726949E-002 -1.548490773345146E-003
   442501.186023096       2.842833624009968E-002 -1.203090281109054E-003
   597556.403149401       2.891753760152659E-002 -8.585307680383365E-004
   787910.849324422       2.846239590875995E-002 -4.944810429259425E-004
   1804077.14375992       2.801140758082183E-002 -1.321726666763966E-004
   1838250.30375164       2.755834141598842E-002  2.274459868450970E-004
   101760.230724548       3.264882283531833E-002  1.478429017564121E-003
   985071.416737337       3.311366886771178E-002  1.027105487951025E-003
   1229314.75876730       3.357136662415252E-002  5.750983239989974E-004
   1806490.31348333       3.402904988838167E-002  1.276271066451282E-004
   1284490.04260030       3.448923077169491E-002 -3.155571118130172E-004
   1066604.89439490       3.491618339373379E-002  8.383541776501332E-005
   220914.619721034       3.534429618805133E-002  4.834885229184809E-004
   189693.411037029       3.577394264749129E-002  8.851076854493021E-004
   373244.892318703       3.620686373238830E-002  1.285683175499612E-003
   1074229.45282081       3.701781865766416E-002  3.799563120862577E-004
   1255610.75207243       3.658079520030047E-002 -6.530487574771824E-006
   805410.852587964       3.614368678486676E-002 -3.953623303008993E-004
   51264.3661845129       3.570702082596675E-002 -7.862030423841527E-004
   510413.468047096       3.526659928965970E-002 -1.176745177579175E-003
   791350.715174596       3.566614616925616E-002 -1.579562410561291E-003
   851685.887372747       3.605868214024932E-002 -1.983874187076586E-003
   2271697.04696241       3.645188741324226E-002 -2.385455017468833E-003
   1417641.87076623       3.684299936220516E-002 -2.786531159434513E-003
   441045.277907112       3.579827929291028E-002 -3.718732479352492E-003
   102494.857511803       3.544520069014597E-002 -3.275782370118024E-003
   1183692.25242958       3.509733531239925E-002 -2.831354691425766E-003
   1630034.83509744       3.474982833806118E-002 -2.390727642433884E-003
   2220658.22230180       3.440477602823294E-002 -1.950510134347629E-003
   2938294.71284540       3.395782195733479E-002 -2.350593679410794E-003
   1075165.39937372       3.351020752585708E-002 -2.753718346386565E-003
   979810.960888792       3.306286990798252E-002 -3.162422090712255E-003
   247703.809213990       3.260640159279451E-002 -3.568686381346282E-003
   1399025.78499178       3.231994805735895E-002 -2.369480050306334E-003
   872046.670953672       3.275099473141726E-002 -1.945811173393687E-003
   787100.705431912       3.318348335617022E-002 -1.518219615038405E-003
   741732.575074789       3.362457866406836E-002 -1.093516511465218E-003
   286653.636922046       3.323261582120338E-002 -5.775145510958341E-004
   485007.737261662       3.284568378395582E-002 -6.083388349124299E-005
   1199879.32759592       3.246089955504790E-002  4.544255351699891E-004
   165702.756131762       3.792532877273103E-002  1.188267078510220E-003
   404420.814489769       3.831631482894923E-002  8.501960240409655E-004
   757803.749325060       3.870517878145269E-002  5.125199014324395E-004
   1173022.73091818       3.909380343593182E-002  1.763100580049852E-004
   945589.193354132       3.948246133294813E-002 -1.586045489871772E-004
   1437322.36959005       3.996736624287486E-002  1.251953204726879E-004
   1273857.63224273       4.045125212449495E-002  4.116716236850719E-004
   970182.285719928       4.093424024298796E-002  7.002625017980073E-004
   111089.482594628       4.142140186568152E-002  9.893478934941840E-004
   1635347.09585256       4.200206017383950E-002  3.395581006758882E-004
   849402.258197331       4.167053841011197E-002 -1.146421727201176E-004
   149967.055177067       4.133633498763996E-002 -5.692555943998975E-004
   249158.038107857       4.100000784263567E-002 -1.025149151035967E-003
   714345.721285894       4.066235987702204E-002 -1.480964449628533E-003
   271997.927235795       4.095020121742468E-002 -1.920757237193725E-003
   228016.030594415       4.123372493568594E-002 -2.361407040589140E-003
   1448306.72252783       4.151615480430697E-002 -2.801740614006005E-003
   1060925.40426293       4.179400835931615E-002 -3.241998636517759E-003
   1201947.83232556       4.091875703467165E-002 -4.009285297321968E-003
   643878.956512143       4.052179311517090E-002 -3.669467436860739E-003
   1843520.51115279       4.012812411336925E-002 -3.328941712845482E-003
   1876224.98472109       3.973421689178277E-002 -2.991782403328704E-003
   1634108.52006673       3.934021773106899E-002 -2.655099046930846E-003
   2208138.49370137       3.895178342299255E-002 -2.946744794291423E-003
   1252947.67784353       3.856199561032128E-002 -3.238523328116717E-003
   1467164.52209560       3.817271346335687E-002 -3.533072259787976E-003
   661381.675910138       3.777910842699028E-002 -3.825623772559039E-003
   730984.192803836       3.716837753056305E-002 -2.423211582307584E-003
   560962.283849721       3.749770375453687E-002 -2.061593790710585E-003
   337841.082550715       3.782757805974753E-002 -1.698323242543659E-003
   124140.150013449       3.816102095788861E-002 -1.336835917797784E-003
   220131.343018326       3.787313416768514E-002 -9.070920255382516E-004
   265523.218176516       3.758688831764804E-002 -4.772065418501583E-004
   785949.159260212       3.730167997435836E-002 -4.809135871426456E-005
   351090.715708747       4.265414895378591E-002  9.169244314691143E-004
   479840.600820037       4.309556076139080E-002  4.212069528888879E-004
   698871.928680533       4.353010765439125E-002 -7.473520578939316E-005
   1931361.84772960       4.396483584770833E-002 -5.689138361478965E-004
   1088465.14701570       4.440034695768413E-002 -1.058272673771382E-003
   1100358.84994745       4.475704913775220E-002 -6.136659227214865E-004
   35067.4584880658       4.511755042827222E-002 -1.668438210882099E-004
   165547.470422984       4.547905041976454E-002  2.794232008754189E-004
   571179.334680290       4.584546334779196E-002  7.244867780931002E-004
   1690454.33864477       4.692275909841323E-002 -4.917913502370038E-004
   1723369.05698291       4.644448664629515E-002 -8.016056854601818E-004
   1706238.56382296       4.596701811558664E-002 -1.111440566664132E-003
   951912.731490518       4.548894227315248E-002 -1.425107118304479E-003
   143096.889577240       4.500935501098514E-002 -1.738767480766156E-003
   199927.538286870       4.544464225471644E-002 -2.220183664931138E-003
   463109.217338138       4.587403405441488E-002 -2.702419112504005E-003
   1967515.89997918       4.630096257614755E-002 -3.182938191210318E-003
   1157392.27243691       4.672821158535324E-002 -3.660807612580595E-003
   197131.327012896       4.598161333101096E-002 -4.318465312949341E-003
   378355.314301243       4.556283821528781E-002 -3.822896766755657E-003
   946683.467431140       4.515010389227589E-002 -3.326956051684292E-003
   1512054.23194632       4.473937523907774E-002 -2.833150293435610E-003
   1635894.33773108       4.432751499201676E-002 -2.344254326477063E-003
   1813926.82526862       4.389144918542370E-002 -2.784586118617958E-003
   292353.622122205       4.345424238982950E-002 -3.228435850910617E-003
   136596.255514789       4.301357566428890E-002 -3.672515958738210E-003
   189997.239642266       4.256775806494974E-002 -4.114621085182951E-003
   1836317.54626944       4.227418898371354E-002 -2.851968033592218E-003
   1559777.45564963       4.275353618941362E-002 -2.458179227101669E-003
   336557.256529968       4.323401943969146E-002 -2.061776584163646E-003
   147280.317866411       4.371832340902125E-002 -1.664787736003596E-003
   345266.212968626       4.328440168971907E-002 -1.162871338664054E-003
   759339.395994665       4.285545361295671E-002 -6.592367483127004E-004
   1204203.70542442       4.242902379139253E-002 -1.588479594582346E-004
   288419.365465578       4.814193725581339E-002  5.804362718583368E-004
   272450.066512052       4.845521134707602E-002  1.667469743389027E-004
   375613.546334360       4.876374056214428E-002 -2.472209812091441E-004
   1221760.31732588       4.907249440810985E-002 -6.609528734112717E-004
   980137.331684741       4.937932651343602E-002 -1.072158564267500E-003
   1225632.62565934       4.974338430926000E-002 -7.041857713866479E-004
   456587.276020787       5.010871143157161E-002 -3.343286036418844E-004
   238977.269841576       5.047481573369360E-002  3.554975551180346E-005
   324755.066779795       5.084250731948057E-002  4.055239265114093E-004
   1361289.88149501       5.189239003636178E-002 -7.885479255929327E-004
   1216469.90635653       5.148416021120742E-002 -1.106421387819999E-003
   971865.087813713       5.107597933190582E-002 -1.425864941473469E-003
   339194.914189718       5.066640983793676E-002 -1.746732093327650E-003
   265845.852778071       5.025570476303147E-002 -2.067474544678790E-003
   153114.258730584       5.061684649974674E-002 -2.536021565033732E-003
   16354.7544287690       5.097474370482610E-002 -3.006189455640099E-003
   1238316.99424784       5.133045236098313E-002 -3.474086629091277E-003
   827634.968469086       5.168473170230506E-002 -3.942473312734618E-003
   470664.390532708       5.089968380699710E-002 -4.624655507862629E-003
   87085.9832401780       5.048697870396658E-002 -4.201764270487684E-003
   1081233.21624792       5.007881564876514E-002 -3.779693791624661E-003
   1256189.79090214       4.966922789787268E-002 -3.359230175511096E-003
   1352493.39330755       4.925987839567111E-002 -2.941167938646787E-003
   1839604.73410245       4.879317939501936E-002 -3.302721514050419E-003
   981894.876007869       4.832760429029446E-002 -3.667972859092187E-003
   914064.143707383       4.786110395167262E-002 -4.035272279810671E-003
   305404.589590501       4.739010198701982E-002 -4.402786322564426E-003
   683816.740596595       4.713810933784578E-002 -3.232687881480356E-003
   291414.620999306       4.754989595184071E-002 -2.803931817625249E-003
   552699.346141280       4.796463251677368E-002 -2.375198019430463E-003
   201560.561240368       4.838242140464734E-002 -1.947154345281702E-003
   324832.589513664       4.801594646389781E-002 -1.582570692646858E-003
   1031870.04147904       4.765062301273971E-002 -1.217362096028600E-003
   1228448.98355701       4.728633414258705E-002 -8.551199114742506E-004
   361050.830472519       5.308848397034919E-002  2.572260724220555E-004
   103419.687962346       5.340204702202890E-002 -2.097175884299405E-004
   31069.3195231007       5.371297511617226E-002 -6.781697904478549E-004
   1016526.79630619       5.402280334802992E-002 -1.145673640718261E-003
   834108.680474409       5.433096427444863E-002 -1.610948775183444E-003
   1358393.33033874       5.477128686777124E-002 -1.197449137355212E-003
   526656.315982245       5.521127386338664E-002 -7.808077550503960E-004
   231133.731212662       5.565333675740691E-002 -3.628796871405020E-004
   298685.662328891       5.609736144121249E-002  5.420411887220632E-005
   1201941.36696411       5.687462285563757E-002 -8.322535531325825E-004
   1082855.14819160       5.640974160976975E-002 -1.218570278155814E-003
   749316.806832976       5.594434721990491E-002 -1.607486939319760E-003
   40089.7028906460       5.547811777901172E-002 -1.996880699124598E-003
   174282.115656706       5.500964613686323E-002 -2.386555080697344E-003
   200334.850584771       5.542089121195406E-002 -2.846993919481555E-003
   381398.457731920       5.582953277262066E-002 -3.309122937018386E-003
   1353383.58044797       5.623778181139139E-002 -3.768446387366985E-003
   803320.273344521       5.664523675028055E-002 -4.226606953405668E-003
   185738.226136018       5.580686956345447E-002 -4.955881773051805E-003
   298743.584898717       5.541025026332755E-002 -4.481895166342517E-003
   543573.232024520       5.501753313596808E-002 -4.006846596965989E-003
   881989.727393158       5.462443183791724E-002 -3.533380599905025E-003
   1032290.07281552       5.423277397552657E-002 -3.062761691083322E-003
   1397006.87507785       5.376882103727605E-002 -3.474836223687296E-003
   505448.307784288       5.330461473556553E-002 -3.890675700357051E-003
   340490.165364036       5.284042574674808E-002 -4.308446605278535E-003
   133372.974890728       5.237099543231978E-002 -4.724628193918187E-003
   945821.139449968       5.214999172746002E-002 -3.530190614318955E-003
   621246.447389217       5.261621521677157E-002 -3.117317651753489E-003
   187452.169002418       5.308373107758029E-002 -2.701769230736310E-003
   11582.2343623533       5.355394876173304E-002 -2.287239135916125E-003
   328095.150444045       5.313742327812603E-002 -1.910799843565426E-003
   1076245.46451514       5.272240600375870E-002 -1.534769513347811E-003
   1153795.90603697       5.230704302757198E-002 -1.160956429393144E-003
   208360.790356635       5.776232936056778E-002 -5.851459276810887E-005
   170303.767842437       5.814846721177869E-002 -5.190985419506453E-004
   232873.130152737       5.853210871865745E-002 -9.808293156650125E-004
   817297.658887043       5.891396165250597E-002 -1.441389795190906E-003
   650189.399957124       5.929668671597985E-002 -1.900169966186686E-003
   801546.753238913       5.974718158381907E-002 -1.498923666242621E-003
   301882.721336789       6.019807223820962E-002 -1.096463388602252E-003
   47836.3704011863       6.065073324810427E-002 -6.932511387784889E-004
   224810.796719687       6.110427306183853E-002 -2.904289438698995E-004
   681455.053982600       6.184644339023689E-002 -1.142346505968231E-003
   715903.774596882       6.139018500434391E-002 -1.536857046987102E-003
   421169.965820395       6.093370342098519E-002 -1.933795187696831E-003
   34070.4033756511       6.047664590472503E-002 -2.330680423836864E-003
   217401.398580594       6.001763419331813E-002 -2.727114286487696E-003
   308783.224344133       6.042069655203785E-002 -3.143337142201999E-003
   383455.516980045       6.082105939678424E-002 -3.560051408408127E-003
   1079565.27087871       6.122131122808806E-002 -3.975351618583487E-003
   650626.200810711       6.162061484934984E-002 -4.390379255343460E-003
   197246.747497904       6.059623650217048E-002 -5.278916514990678E-003
   165469.470288721       6.024225389978053E-002 -4.820525592101877E-003
   458973.125284431       5.989100741237423E-002 -4.361283025940621E-003
   705592.101627534       5.954008151903703E-002 -3.903285258030269E-003
   946352.444806841       5.919010822265691E-002 -3.446206819749957E-003
   1249404.48146655       5.873877503917160E-002 -3.847914526410794E-003
   448564.462659465       5.828615082107847E-002 -4.251695594925926E-003
   370452.990067918       5.783391640464670E-002 -4.657309353391738E-003
   102466.464500658       5.737813701014018E-002 -5.061640692331558E-003
   705523.380068136       5.709868560990266E-002 -3.826270930411404E-003
   471772.883037589       5.755343663960368E-002 -3.425175807868827E-003
   244568.749714034       5.800928822236635E-002 -3.021713725757136E-003
   241853.042253930       5.846825989361245E-002 -2.620265886214355E-003
   44590.8383527051       5.806807144405812E-002 -2.171585978366194E-003
   566822.246127327       5.766974364378893E-002 -1.724136902468269E-003
   766982.547549537       5.727185180676934E-002 -1.277256237678284E-003
   143163.758687929       6.269907808672671E-002 -4.023632968836541E-004
   107737.922355492       6.309508476103337E-002 -8.320472112743360E-004
   225327.223142126       6.349019206519779E-002 -1.261111478559586E-003
   582483.891660997       6.388391520260242E-002 -1.690193907773072E-003
   459983.518075923       6.427765835902270E-002 -2.118173974937729E-003
   624253.587627528       6.474646645877849E-002 -1.751388204576087E-003
   364783.595264288       6.521615412802441E-002 -1.383334131171286E-003
   195956.797558107       6.568526684465537E-002 -1.015420536954120E-003
   163699.908881238       6.615736592037422E-002 -6.470563247569653E-004
   808634.151952294       6.682626849015022E-002 -1.417759998712770E-003
   560879.574163947       6.639988196816365E-002 -1.833922607874371E-003
   296185.970819416       6.597397116302978E-002 -2.250129578027486E-003
   21529.3536135841       6.554625825307282E-002 -2.667895392802960E-003
   358121.773139461       6.511748877733452E-002 -3.084568273345617E-003
   132284.670894886       6.548421525622801E-002 -3.557140156886632E-003
   28300.3002517741       6.584822910056405E-002 -4.029693228976615E-003
   779684.232575434       6.621028293083366E-002 -4.502409125553897E-003
   523697.821543021       6.657193200195564E-002 -4.973799401455922E-003
   290203.668046128       6.579040831890964E-002 -5.646105830961354E-003
   28544.4782831957       6.537942683426964E-002 -5.213791734337562E-003
   675719.968303651       6.496972722530713E-002 -4.782255022786491E-003
   811866.569169432       6.456078219934368E-002 -4.351555136447623E-003
   793590.972030672       6.415090784169725E-002 -3.921879134236833E-003
   963486.181943862       6.374236589743829E-002 -4.293699987053087E-003
   365638.438631458       6.333320154826980E-002 -4.666385996609144E-003
   365646.344184548       6.292381916631641E-002 -5.039266934248051E-003
   143695.758731655       6.251195759762261E-002 -5.412066871775582E-003
   553459.100243825       6.204178930359698E-002 -4.032270124233620E-003
   443032.658252445       6.246324542493223E-002 -3.674266927741177E-003
   74903.0497967868       6.288614274382268E-002 -3.315267717109462E-003
   118627.511013846       6.331101955971476E-002 -2.956871223503397E-003
   124603.350768691       6.294320409642432E-002 -2.502939782522949E-003
   227638.413660788       6.257673237878074E-002 -2.048947175111242E-003
   442237.967485113       6.221182257518475E-002 -1.594824248608138E-003
   155893.356820251       6.759809369911135E-002 -7.507374163132356E-004
   113737.931339451       6.800772098255363E-002 -1.255479494813241E-003
   191041.863506208       6.841367160652706E-002 -1.760940860386649E-003
   704804.419982054       6.881990576573463E-002 -2.265591399179622E-003
   463570.041552480       6.922526333981147E-002 -2.768336952082008E-003
   362517.193601114       6.957316377675264E-002 -2.319565095734889E-003
   70238.4869154951       6.992233174636238E-002 -1.870546321346948E-003
   134661.283681206       7.027232901700414E-002 -1.421518679643173E-003
   197889.246085698       7.062349217737708E-002 -9.731502430330749E-004
   549487.675717302       7.176122933255788E-002 -2.292378609529443E-003
   686907.987583962       7.126892970993284E-002 -2.573778518064282E-003
   689321.395663964       7.077672912336427E-002 -2.855714909032038E-003
   429171.621898163       7.028475492937970E-002 -3.138737646471240E-003
   68322.0780262725       6.979188182824439E-002 -3.422193041124668E-003
   93062.9358762363       7.022977154639587E-002 -3.908593972020447E-003
   163204.007064355       7.066469528259993E-002 -4.396751090792088E-003
   723739.958351550       7.109916616850875E-002 -4.882901336042314E-003
   426619.640976040       7.153346589493756E-002 -5.367972836238460E-003
   73642.5440641853       7.078910365320325E-002 -6.008724844453282E-003
   142527.503876976       7.037461528089489E-002 -5.502852777135385E-003
   357404.886108905       6.996242304627581E-002 -4.996480414986904E-003
   562857.252414967       6.954957728524373E-002 -4.491230408805202E-003
   716112.816292631       6.913765908524205E-002 -3.987652747311751E-003
   807481.004213338       6.866616711078384E-002 -4.427697629350285E-003
   155400.971057459       6.819522326351728E-002 -4.869641847420090E-003
   83433.4039603884       6.772215007822116E-002 -5.312288229073217E-003
   15243.0794642331       6.724700968722913E-002 -5.753508006218087E-003
   711123.388407098       6.707063350642108E-002 -4.566213504165866E-003
   541561.994415036       6.756947639634243E-002 -4.156121580865305E-003
   20868.0095561960       6.806868419373356E-002 -3.745457059931589E-003
   121817.620168918       6.857044792457419E-002 -3.334268877523872E-003
   38562.5339504261       6.813255598833458E-002 -2.854868189951296E-003
   416874.614299210       6.769690801743086E-002 -2.374308278672187E-003
   569076.822020548       6.726152496611397E-002 -1.895969688018202E-003
   171066.637447043       7.308127207219148E-002 -1.156578511259716E-003
   44808.7295830566       7.336862106279381E-002 -1.569064282842107E-003
   67600.3636384432       7.365465915693313E-002 -1.982962365959651E-003
   394720.403409432       7.394048003449177E-002 -2.395450899309940E-003
   365558.927522753       7.422569488842864E-002 -2.808548352146720E-003
   681986.363964061       7.474249613006098E-002 -2.456514140394803E-003
   525296.185108353       7.525882405846704E-002 -2.104372381673290E-003
   403631.782155060       7.577409624610956E-002 -1.750032197969138E-003
   42534.7331273378       7.629147577154985E-002 -1.396511532894763E-003
   589876.685454862       7.678800983751487E-002 -1.970951195604713E-003
   330719.304791169       7.636675835982595E-002 -2.432716260963971E-003
   76508.1073219490       7.594362534767075E-002 -2.894135470904509E-003
   141369.841412225       7.552036427731804E-002 -3.356608135353554E-003
   205671.277083269       7.509481890672909E-002 -3.818354803694645E-003
   113949.089967034       7.544746441227505E-002 -4.330638666720323E-003
   85057.9430900193       7.579747865669383E-002 -4.843521762016111E-003
   433320.387836094       7.614784171731903E-002 -5.355208029185508E-003
   311337.259577888       7.649615517580984E-002 -5.867349553828860E-003
   160686.239054324       7.588534377049985E-002 -6.390059713371962E-003
   32158.3210600084       7.543405645070238E-002 -5.963673544616429E-003
   424864.627639457       7.498525877531123E-002 -5.536524450751622E-003
   456393.541577243       7.453503832143792E-002 -5.111462282804104E-003
   458529.953989923       7.408475665844549E-002 -4.686049541568958E-003
   652226.121241340       7.360798532987410E-002 -5.041396241153337E-003
   377696.988693890       7.313045609181297E-002 -5.396785303128829E-003
   343508.999838820       7.265384562552366E-002 -5.754373229314108E-003
   113265.894250876       7.217572090434421E-002 -6.110702529189022E-003
   240206.179431265       7.195192477391343E-002 -4.945487997235906E-003
   88964.2819656396       7.237245123104549E-002 -4.522878378536902E-003
   196900.865352980       7.279284972208297E-002 -4.098899918585942E-003
   81560.5462017227       7.321551888405908E-002 -3.676566939238037E-003
   113899.046215416       7.285075856648597E-002 -3.329971960400123E-003
   381199.564699519       7.248777609433141E-002 -2.983625683227018E-003
   461522.278798388       7.212378135378077E-002 -2.637916053577274E-003
   37462.6862597339       7.736277749526391E-002 -1.475736099420584E-003
   68032.7271342169       7.781614768502600E-002 -2.000684663312002E-003
   76127.0582788253       7.826589035237519E-002 -2.526460668715585E-003
   409614.420090332       7.871600935797658E-002 -3.051688520491380E-003
   270554.005372591       7.916652264027110E-002 -3.575400976089534E-003
   252538.779912580       7.960361113909448E-002 -3.118657148940114E-003
   16402.4993360786       8.004019579879829E-002 -2.661439407225584E-003
   118816.790766161       8.047841349882501E-002 -2.204326286373223E-003
   47284.6873228807       8.091622462281731E-002 -1.747373111405582E-003
   184295.962888242       8.173622500159325E-002 -2.702716447331808E-003
   371970.534621519       8.122008528334364E-002 -3.066219594359959E-003
   276917.712200661       8.070423758573284E-002 -3.431613754239000E-003
   99427.9704538554       8.018847632330754E-002 -3.796617387244033E-003
   61781.7290157227       7.967191027614522E-002 -4.162707033546233E-003
   138949.778372021       8.012767732018825E-002 -4.605492527992756E-003
   156822.756155931       8.058222737212029E-002 -5.048415686255481E-003
   371370.932083252       8.103681342474159E-002 -5.490713533359661E-003
   209445.046623220       8.149144683443822E-002 -5.931681426335344E-003
   31724.1439459359       8.055060045238846E-002 -6.739197124775151E-003
   100745.664007104       8.018377395551377E-002 -6.221249608915649E-003
   106456.072365469       7.981697806788053E-002 -5.702867790862177E-003
   214075.264534188       7.945050377715175E-002 -5.184848868528642E-003
   384014.152969044       7.908435835396919E-002 -4.667434053423323E-003
   504303.249938727       7.856901606967194E-002 -5.118541636563065E-003
   121612.687449175       7.805381434131936E-002 -5.571375356770703E-003
   45342.4394572486       7.753881074147148E-002 -6.024874125334602E-003
   23667.6282113139       7.702042492362954E-002 -6.477151722186349E-003
   442395.398361247       7.701623202657479E-002 -5.421928607652031E-003
   273779.855513906       7.753598431324600E-002 -4.975836135239129E-003
   78476.3023488240       7.805631006284114E-002 -4.527775008272818E-003
   166474.359856432       7.857854964937501E-002 -4.080327777028900E-003
   73062.0015431627       7.812964216633192E-002 -3.552074015322152E-003
   240821.909120580       7.768241417360436E-002 -3.023559826972507E-003
   360102.504207218       7.723537786177731E-002 -2.497040549736003E-003
   7617.91238774846       8.269120415251136E-002 -1.883654528659809E-003
   48412.5134279164       8.306298002505580E-002 -2.296554206310733E-003
   49881.1857670312       8.343525047621843E-002 -2.708690116344883E-003
   117096.715323617       8.380640064367487E-002 -3.121514903315311E-003
   122342.296322323       8.417873872911209E-002 -3.533036267527337E-003
   114187.360086030       8.466916581291810E-002 -3.187433160385752E-003
   87521.0950751516       8.515965760959562E-002 -2.840703034656818E-003
   41848.6936486487       8.565113379905090E-002 -2.494954944325591E-003
   34459.6573743791       8.614187185260611E-002 -2.148122956079212E-003
   90263.5420999318       8.673769824081036E-002 -2.842673666832059E-003
   112223.135778839       8.632095538454448E-002 -3.275041327982017E-003
   52572.6865831839       8.590509852123732E-002 -3.708721245613350E-003
   13727.4560431946       8.548819744387406E-002 -4.141388042041192E-003
   75184.2510225164       8.507212816820800E-002 -4.574095408823638E-003
   38410.5043474085       8.542341816807608E-002 -4.994245291414532E-003
   10315.6574723971       8.577507788650741E-002 -5.414776280751518E-003
   113903.110865862       8.612579289734375E-002 -5.834063744129160E-003
   72876.9597970029       8.647716006845398E-002 -6.254469277601234E-003
   58315.6351516103       8.547546741171289E-002 -7.112894720488431E-003
   17728.3824269380       8.511399287095113E-002 -6.700836923226333E-003
   118606.937533912       8.475377120348661E-002 -6.289787010962234E-003
   107668.576293865       8.439252203651008E-002 -5.877957700785816E-003
   221408.423471424       8.403146621918996E-002 -5.467041531069240E-003
   263501.099999322       8.359853838571051E-002 -5.817226446989021E-003
   141294.203755084       8.316553699867944E-002 -6.168850978351658E-003
   135313.348423988       8.273253620615205E-002 -6.519847458901362E-003
   45801.2445296148       8.229974310296452E-002 -6.871641937428568E-003
   135875.664860591       8.190285599201129E-002 -5.556201861556618E-003
   87929.2368930692       8.231378258644363E-002 -5.179700434539220E-003
   35383.0440810649       8.272593308162929E-002 -4.803046722302567E-003
   108225.423739893       8.313752953090144E-002 -4.426400204282483E-003
   41124.9615962400       8.278745349967168E-002 -3.994867215841858E-003
   33317.2028043384       8.243649475768706E-002 -3.564336013968251E-003
   65535.8480968168       8.208673709546883E-002 -3.133071053434811E-003
   5227.27047385322       8.743210587619100E-002 -2.247187991324356E-003
   27294.2771009067       8.786025969707315E-002 -2.720517538919112E-003
   17545.6884143744       8.828914873221325E-002 -3.192996273048797E-003
   82724.3095598160       8.871697528170037E-002 -3.666212891909613E-003
   52283.0700889294       8.914491420885816E-002 -4.138250273155792E-003
   61876.0241897698       8.957885814810948E-002 -3.732106177687846E-003
   30988.3981183092       9.001393596604083E-002 -3.325008108339385E-003
   2486.78124574890       9.044801868777955E-002 -2.918819676251617E-003
   6216.86372556315       9.088321959253190E-002 -2.511689107498225E-003
   39749.7842272897       9.170288056587676E-002 -3.467059920526647E-003
   82115.3994368028       9.123461331485844E-002 -3.835319941688724E-003
   57541.8902505999       9.076748007778694E-002 -4.202816869374354E-003
   33241.8556158524       9.029925369975757E-002 -4.571291147327683E-003
   4016.10354539875       8.983199887991603E-002 -4.938830702434673E-003
   9820.86550504228       9.023157983503141E-002 -5.459864807403880E-003
   12372.0407038183       9.063188560246321E-002 -5.981107365838830E-003
   38026.2609997664       9.103112263028228E-002 -6.502241316354601E-003
   24281.4191214874       9.143121077692949E-002 -7.024387458458368E-003
   8989.12448043709       9.084833996897326E-002 -7.524272076480850E-003
   578.569599400900       9.039334078013549E-002 -7.049001824258832E-003
   40108.6699202443       8.993939639069105E-002 -6.574817270542752E-003
   32391.4606915416       8.948548080265260E-002 -6.099776684488194E-003
   71959.7061662778       8.903150275229392E-002 -5.625773448840006E-003
   64892.1130960429       8.860762657088737E-002 -6.032708337334585E-003
   15239.6712027724       8.818359843990502E-002 -6.440797751464230E-003
   10985.6121508107       8.776050454405974E-002 -6.847998859750209E-003
   10101.3974648065       8.733601022655293E-002 -7.255937300600002E-003
   108092.836617185       8.694439043213791E-002 -5.897108024856549E-003
   94580.1862548781       8.741059222333426E-002 -5.540583199948725E-003
   51556.4688688916       8.787788064130625E-002 -5.182956211062647E-003
   17431.8329088576       8.834429022408113E-002 -4.825171264042923E-003
   48858.4738737737       8.794282170437399E-002 -4.329836475125077E-003
   10038.9688092192       8.754065398411444E-002 -3.834333554795932E-003
   20380.9483506766       8.713964980194273E-002 -3.338012339586377E-003
   11177.9837990924       9.265800347662924E-002 -2.647711978095129E-003
   22920.0498856890       9.302745723887755E-002 -3.103164213505919E-003
   10571.0403087887       9.339583042884803E-002 -3.557647530809467E-003
   7302.59249469198       9.376514991295040E-002 -4.013178944035179E-003
   3962.54543944831       9.413357076134955E-002 -4.467599980711000E-003
   10621.4436680570       9.462372967740655E-002 -4.078899351713662E-003
   1530.80225574926       9.511296217991912E-002 -3.689176029723983E-003
   25356.3983621602       9.560306800206894E-002 -3.300539544774089E-003
   15224.8806537123       9.609319415211022E-002 -2.910911668404467E-003
   4126.28934771761       9.670556321226609E-002 -3.624620399389909E-003
   25793.9903752053       9.624573612306163E-002 -4.049825952496875E-003
   3605.85200220867       9.578687361821539E-002 -4.474990051028998E-003
   7857.90612075939       9.532712074086824E-002 -4.899053413710878E-003
   6635.20656437389       9.486834003006034E-002 -5.324193220844681E-003
   13836.4092529538       9.525515801491231E-002 -5.840164546989652E-003
   3853.38906614133       9.564291106169602E-002 -6.356252920835275E-003
   1076.11803264564       9.602968307944401E-002 -6.872254670150105E-003
   317.060100363631       9.641744803666376E-002 -7.388335301118289E-003
   205.211844180773       9.581636591171346E-002 -7.903989890489035E-003
   728.567465436900       9.536527113688378E-002 -7.442238459706724E-003
   2610.34319937865       9.491410329496250E-002 -6.981480413195428E-003
   9367.00120110479       9.446299905571363E-002 -6.519739576534445E-003
   27449.3151917218       9.401186827478859E-002 -6.058940725287302E-003
   29736.7789222178       9.349201173022546E-002 -6.445424417092575E-003
   17919.3728018843       9.297210703720692E-002 -6.833005256652798E-003
   11393.6552106950       9.245225867302227E-002 -7.219647189042652E-003
   2592.41853562687       9.193120205688503E-002 -7.607173849310577E-003
   23411.1204368237       9.189313812979905E-002 -6.568249390595693E-003
   9336.53103902133       9.235402601047452E-002 -6.112958601383343E-003
   5468.02773280431       9.281596738885770E-002 -5.657718011798915E-003
   21887.0969800182       9.327698464907065E-002 -5.202422937041146E-003
   4625.67969131047       9.288390788366920E-002 -4.769116460066464E-003
   1621.54058882553       9.248989578454872E-002 -4.334755878853246E-003
   22049.4994178604       9.209678592813035E-002 -3.901504047215050E-003
   34166.9645302145      -1.913339548039214E-003  7.506458186558864E-003
   399255.704225329      -1.439182244224390E-003  7.040546048753291E-003
   921764.394122990      -9.676100006990282E-004  6.573395980430757E-003
   1795993.18368233      -4.957546214234816E-004  6.108903863401761E-003
   915064.774940734      -2.499098504943559E-005  5.645132918621886E-003
   1271127.84526397       3.757826504848732E-004  6.109630266672109E-003
   218563.494152618       7.781661420210856E-004  6.571874250655566E-003
   532889.955764300       1.182210767275890E-003  7.035694200123390E-003
   242440.393487532       1.588407894240484E-003  7.496610600161691E-003
   1636928.38772347       2.465401235126494E-003  6.611159302757318E-003
   1156819.06401512       2.004878202445617E-003  6.209864416093155E-003
   1422386.10444112       1.542992793903856E-003  5.807623039338069E-003
   755611.253117114       1.083311227698864E-003  5.404385718128711E-003
   533719.884148290       6.205003640850270E-004  5.000998808938229E-003
   361510.085486066       1.084260935959886E-003  4.455009856325351E-003
   600861.371999349       1.539956880120573E-003  3.904005251495354E-003
   100880.260578941       1.990094571865870E-003  3.346339750899878E-003
   1238462.27211650       2.427923771564190E-003  2.779935982751884E-003
   2761887.78849786       1.572120662111379E-003  2.956818086369003E-003
   2702584.71365997       1.046134705695630E-003  3.428944751484812E-003
   1671909.03370300       5.132799567644482E-004  3.893373075329740E-003
   1648213.51503556      -2.421151879283496E-005  4.356824717658761E-003
   1422638.94204573      -3.664732792854709E-004  3.891706439785036E-003
   432877.702615538      -7.111017948932516E-004  3.427272750529770E-003
   407532.206854642      -1.058500829540276E-003  2.961531326033319E-003
   346765.342256296      -2.512227601897247E-003  3.600368397995446E-003
   1755079.28596689      -2.051133974195287E-003  3.946729288219504E-003
   1269019.50673159      -1.591689473849550E-003  4.298152798301060E-003
   670149.672516369      -1.133065156321223E-003  4.649499888601044E-003
   896609.493802630      -6.704983488418268E-004  5.000158147000956E-003
   79929.1324447477      -1.133578905712452E-003  5.478755020079882E-003
   861273.132106399      -1.591353125744350E-003  5.960058047512470E-003
   1414719.64213699      -2.048937565097253E-003  6.439233273916145E-003
   2468908.29506830      -2.506109516527081E-003  6.915148570483308E-003
   6764.70894268128       3.351517270060484E-003  7.485018321126171E-003
   317996.087516438       3.752917930293961E-003  6.890021960821478E-003
   1111713.70756712       4.148879907639229E-003  6.291048245730737E-003
   97547.6969937710       4.536917533504521E-003  5.686193623805896E-003
   566819.547799019       4.912394186569715E-003  5.077275584097441E-003
   1626461.32982579       5.394099904619588E-003  5.659927267892291E-003
   477664.782460197       5.877698818582871E-003  6.254937816620599E-003
   431496.266110310       6.371415517300147E-003  6.843511685463023E-003
   145157.930832274       6.874465451690476E-003  7.425810127301863E-003
   1307827.61397253       7.403962472021949E-003  6.868742251413124E-003
   1589961.18062063       6.809249328440504E-003  6.394503349858346E-003
   1851451.51485503       6.221999671464365E-003  5.912882378469039E-003
   534035.496516418       5.640371496880871E-003  5.421529017284904E-003
   78427.0083324516       5.047397748263022E-003  4.930339859445737E-003
   2654092.77289664       5.606070287877467E-003  4.490793741206645E-003
   3101014.95390387       6.166959106097583E-003  4.067468978826701E-003
   2219701.54321857       6.736479892720109E-003  3.654915053330403E-003
   1140212.29594332       7.314640799161753E-003  3.250729547827671E-003
   1193304.63677351       6.006486381567310E-003  2.959744337935466E-003
   1508098.86478930       5.622574225648154E-003  3.566208971727939E-003
   64219.4923643824       5.251521532886889E-003  4.182064336689734E-003
   1275042.83414228       4.899067483886858E-003  4.797743943197164E-003
   2964718.52763335       4.370870514495737E-003  4.212402867550535E-003
   387571.329688060       3.848345632209727E-003  3.605564840738265E-003
   963541.522783398       3.301788295825053E-003  3.012576080497723E-003
   2925771.31070044       3.030325816297743E-003  3.293870444926345E-003
   2754849.41333009       3.610436141168838E-003  3.832080584146190E-003
   367907.545141499       4.176497811090574E-003  4.390825022155214E-003
   600312.888654052       4.764267707223395E-003  4.944415840837896E-003
   2080824.26593062       4.197249510363307E-003  5.373430622138768E-003
   2240865.16069441       3.624999214277595E-003  5.791070586768809E-003
   1328707.78687021       3.046946224069088E-003  6.202519652028679E-003
   215400.121141924       7.962983317871444E-003  7.397039854736950E-003
   227661.510111016       8.437032597948787E-003  6.896111298391842E-003
   781257.075514071       8.905474432160883E-003  6.395402080097807E-003
   986904.594874044       9.372244696965432E-003  5.896238641276355E-003
   781331.531531853       9.842777523916886E-003  5.405051100458289E-003
   54089.9579973275       1.024891550904830E-002  5.879855503787888E-003
   552829.079761598       1.065657738431928E-002  6.355874060050991E-003
   1109999.21971185       1.106671445603905E-002  6.830338180130086E-003
   679616.400592931       1.147874562864998E-002  7.305088320369561E-003
   45838.7535941500       1.236118629706210E-002  6.371194061363136E-003
   795725.058397506       1.187150175904732E-002  5.987088835231844E-003
   269984.460430983       1.138458189672863E-002  5.599082907547741E-003
   360882.749385066       1.089669862633989E-002  5.208690574247624E-003
   631910.652840919       1.040676098310391E-002  4.816938679565829E-003
   302295.149643279       1.087702424465196E-002  4.414818654824258E-003
   1137646.23899565       1.134442580850474E-002  4.014047556261182E-003
   1269401.22101000       1.181047111277760E-002  3.616562054458731E-003
   828438.935982182       1.227951508979784E-002  3.222082236101050E-003
   287087.393775153       1.092647166359297E-002  2.777368256274560E-003
   66222.8799091762       1.055467711531187E-002  3.269912963317586E-003
   1036146.22424481       1.018483085988071E-002  3.763312427416083E-003
   896501.418772409       9.816034435069140E-003  4.253415368162757E-003
   1088281.86123782       9.415613091477358E-003  3.777862783062923E-003
   8900.85377063907       9.015097458667132E-003  3.297567213803669E-003
   625854.760696776       8.612569473852317E-003  2.816963310250972E-003
   777649.658929763       7.797019086241922E-003  3.644590346588820E-003
   157541.752402990       8.277999928318720E-003  4.041591885459044E-003
   888811.589530219       8.761387047801128E-003  4.440881085413524E-003
   1611210.52033482       9.250053726141851E-003  4.840119160720532E-003
   216970.814361004       8.783357846687361E-003  5.348638748134902E-003
   224589.540490306       8.321395756696348E-003  5.857992354359676E-003
   1219614.53629542       7.863703892315454E-003  6.365991815311668E-003
   95465.9176935247       1.329570206813858E-002  7.252260463719224E-003
   164130.535213188       1.368500054763626E-002  6.968659974801446E-003
   446982.236708368       1.407431357157597E-002  6.684855040441161E-003
   249015.851409177       1.446326418474221E-002  6.402117497871771E-003
   469307.499518914       1.485363157134808E-002  6.120415435730192E-003
   136044.363629922       1.521454591907948E-002  6.381376251872618E-003
   142609.043940565       1.557478755502401E-002  6.642622552152262E-003
   73806.4990288217       1.593540502201366E-002  6.904989390783997E-003
   478573.514958172       1.629711849537170E-002  7.165828702731818E-003
   735325.998630727       1.735030355569548E-002  6.045716313647008E-003
   403282.401929222       1.707040172361693E-002  5.700624503134016E-003
   267201.708848887       1.678879017967015E-002  5.355679313357063E-003
   202607.327154220       1.650787414966574E-002  5.010453888818397E-003
   522240.792735902       1.622663704381320E-002  4.664266728346418E-003
   85881.2792955043       1.648776546732006E-002  4.239331743699798E-003
   43699.4992389852       1.674420498152670E-002  3.812562497080610E-003
   874185.526487705       1.700091721941839E-002  3.386593064591601E-003
   1089230.01456021       1.725498385490346E-002  2.961650043505576E-003
   753449.735224636       1.598717388093177E-002  2.438748893005466E-003
   1316822.40379891       1.558248847127727E-002  2.725482376523682E-003
   1265009.45115913       1.517740067905194E-002  3.009231847743657E-003
   1421477.49653994       1.477394977390192E-002  3.294871441195410E-003
   1785619.79678935       1.438481806606438E-002  3.032318842798995E-003
   1356152.10718449       1.399487878565723E-002  2.770823249520144E-003
   815467.252848025       1.360582428140842E-002  2.506931365366226E-003
   747481.208466740       1.255737675827518E-002  3.601981029965568E-003
   103891.772512198       1.283664043783704E-002  3.982467107115284E-003
   390832.924710783       1.311612238288124E-002  4.364169652363254E-003
   332314.070878236       1.339923127138376E-002  4.744506152733801E-003
   48754.4193399781       1.313953640340202E-002  5.151981489309986E-003
   119300.971010416       1.287973365257111E-002  5.558322493879100E-003
   157296.305920174       1.261989754697319E-002  5.965044610088496E-003
   42135.9430382543       1.847226400744463E-002  7.095685294339553E-003
   152941.396447705       1.881311575825210E-002  6.692225345856955E-003
   44908.5606653785       1.915203009527896E-002  6.286557728881732E-003
   176202.188133009       1.949092325991195E-002  5.882215979664045E-003
   439310.165645931       1.982935695548464E-002  5.476973478150548E-003
   384727.081034340       2.025148862459733E-002  5.853541328884681E-003
   385537.991777604       2.067294508740066E-002  6.230735194625543E-003
   436017.349536766       2.109481905949438E-002  6.609235238748888E-003
   231013.107578669       2.151855509292324E-002  6.985718525217745E-003
   1054210.88335013       2.234861694910846E-002  6.090884265772222E-003
   498789.718422383       2.194430655803977E-002  5.696449523669492E-003
   452507.786791718       2.153809600144491E-002  5.302294560575447E-003
   378583.986394499       2.113251520466882E-002  4.907565200498333E-003
   552717.197159013       2.072619672182116E-002  4.511965455777948E-003
   424811.671854628       2.110553183010709E-002  4.112841612148257E-003
   355780.483847209       2.147908938405965E-002  3.712852384185176E-003
   1239085.75716844       2.185306373274591E-002  3.313428434859782E-003
   1107508.70858013       2.222497514325428E-002  2.916055850774401E-003
   145281.850649456       2.084769730268413E-002  2.393640618315571E-003
   939752.645935073       2.048527098295072E-002  2.804524263286633E-003
   1113822.29166181       2.012386274981801E-002  3.212203196379025E-003
   1690204.60748813       1.976357055697711E-002  3.620818604668437E-003
   2087733.14256663       1.934073956648513E-002  3.241322975603333E-003
   1030389.49710908       1.891650660623512E-002  2.862441132207662E-003
   543932.073606463       1.849184189361548E-002  2.480480840693065E-003
   1305192.71546320       1.765539511525332E-002  3.364612770620000E-003
   735901.707708215       1.805744293750737E-002  3.769649243641116E-003
   196669.196668077       1.845963752640125E-002  4.175919925588962E-003
   272015.316653601       1.886733097608125E-002  4.580052441256427E-003
   203115.565699963       1.848725120481630E-002  4.946798491232721E-003
   379545.933573713       1.810848355278818E-002  5.313348239160611E-003
   270357.660111715       1.772838418019793E-002  5.679162308314862E-003
   241702.167670873       2.324549275434397E-002  6.918323540410114E-003
   77354.5156709023       2.363779605265329E-002  6.474841834584098E-003
   58590.6327367453       2.402714636191685E-002  6.029443135634986E-003
   705525.470217794       2.441583086653778E-002  5.586063170771924E-003
   679639.588821292       2.480390320960425E-002  5.143872792506572E-003
   761777.173006297       2.519384206134429E-002  5.552636231835629E-003
   338353.014228194       2.558282532639797E-002  5.964045663539867E-003
   38584.7665609676       2.597423041358854E-002  6.377020984685780E-003
   508541.882369324       2.636727921655180E-002  6.788114547601260E-003
   1220030.89580176       2.732159134880717E-002  5.749609442373097E-003
   1069762.57759094       2.688505454423504E-002  5.392421428445099E-003
   746796.563594152       2.644706749720398E-002  5.033101100833698E-003
   335190.323555560       2.600937885901633E-002  4.673388872233083E-003
   387696.825400511       2.557042367931200E-002  4.311633004806195E-003
   546458.973169751       2.598030895684574E-002  3.952625950430139E-003
   889134.896365786       2.638671511412280E-002  3.593822245165346E-003
   1672894.31801139       2.679401917843892E-002  3.236436817541121E-003
   1134395.38412581       2.719988028309757E-002  2.881405106815881E-003
   492665.958452316       2.568324037235521E-002  2.222808791862747E-003
   297112.541105714       2.536615865694760E-002  2.666959175905170E-003
   893278.232903096       2.505136657126135E-002  3.108816365438358E-003
   1285852.61123047       2.473876143377552E-002  3.549394022202363E-003
   1548692.73907230       2.434570140118526E-002  3.139614798160249E-003
   560998.565075052       2.395227111357351E-002  2.728054371585762E-003
   48079.3330533902       2.355615000495403E-002  2.314429239462228E-003
   1646510.46149918       2.266067642632896E-002  3.278568329259368E-003
   1113914.50596759       2.309714019522994E-002  3.644689662626236E-003
   289221.935184453       2.353336436707360E-002  4.011662447240295E-003
   50738.2637408351       2.397289718085368E-002  4.379362461067396E-003
   169197.193355149       2.356518492318313E-002  4.808120247255710E-003
   403416.668437062       2.315962092509929E-002  5.236987326139313E-003
   607317.709694400       2.275333158784150E-002  5.664424129121627E-003
   111567.676337362       2.836189452477369E-002  6.699848849451193E-003
   327871.637629066       2.871993744968495E-002  6.296120908509240E-003
   351056.963275366       2.907605280410166E-002  5.891304905231485E-003
   816959.265367305       2.943082148709064E-002  5.487623301053119E-003
   784476.037590167       2.978655919265684E-002  5.085421529132782E-003
   664896.912849608       3.018890135036943E-002  5.453361453181085E-003
   299072.950136025       3.059203106218398E-002  5.821298776018956E-003
   314781.957422673       3.099464984083342E-002  6.189625802019465E-003
   174060.798276235       3.140017870456191E-002  6.556810122260426E-003
   1203568.81880021       3.230498197414375E-002  5.558644625748411E-003
   906910.730401203       3.190379987641700E-002  5.191182491066790E-003
   846337.065486902       3.150217484800617E-002  4.824461436021686E-003
   526448.142509886       3.110066460152629E-002  4.455653333045590E-003
   301757.676236154       3.069832667587895E-002  4.086811084873201E-003
   231594.858564161       3.106318026497481E-002  3.578937394191317E-003
   168697.494278365       3.142186715090824E-002  3.067861381467989E-003
   1312482.85279036       3.177866696414378E-002  2.557581372012006E-003
   1092682.71680491       3.213245850138735E-002  2.048594858205121E-003
   629052.362244703       3.109479418869876E-002  1.947826633167215E-003
   1637817.37107480       3.063131663302007E-002  2.360447859015364E-003
   1348997.87431150       3.016635116887745E-002  2.769457547142565E-003
   1814217.52265907       2.970220418042924E-002  3.178376186968965E-003
   1801303.78940708       2.935498177455130E-002  2.806135481111668E-003
   779947.089441393       2.900609974177092E-002  2.433016017082620E-003
   255681.929539168       2.865524746540182E-002  2.058568031066227E-003
   1520748.13668639       2.759551699346928E-002  3.202306590741318E-003
   1051863.47905254       2.799153170350808E-002  3.525829875989146E-003
   222741.152824821       2.838827451360424E-002  3.849775370555879E-003
   30664.7445113818       2.878825762290296E-002  4.172941673099350E-003
   42445.2384852181       2.842007664022582E-002  4.568371761304230E-003
   469974.324391299       2.805312217089117E-002  4.962495197678329E-003
   612167.689904683       2.768662025356549E-002  5.356467574972133E-003
   39793.2903854346       3.330323220680707E-002  6.458542413824795E-003
   401347.305817555       3.367351780904521E-002  6.092003971557933E-003
   17334.4397751163       3.403967356314459E-002  5.724619389205569E-003
   472503.408262342       3.440716909922884E-002  5.357203621789192E-003
   475887.213629656       3.477371100387167E-002  4.989468642344950E-003
   532366.582954308       3.510681010895825E-002  5.318076632422979E-003
   460205.116901671       3.543950660158601E-002  5.647913245586130E-003
   382977.536894460       3.577252006027960E-002  5.976968866759342E-003
   58066.6839666629       3.610673815991090E-002  6.306457306998705E-003
   876838.724251076       3.727402257316465E-002  5.005994239018521E-003
   674315.655349268       3.691251723963863E-002  4.708853224761311E-003
   588573.853349370       3.655134824677426E-002  4.411926191608937E-003
   503899.214277028       3.618887826212031E-002  4.114740596916211E-003
   336135.381461738       3.582663020082794E-002  3.816709793835404E-003
   179889.246011259       3.615238210041347E-002  3.386984109928272E-003
   47214.3529745679       3.647410029838395E-002  2.955362560202783E-003
   692719.760401051       3.679420291973023E-002  2.524753397886700E-003
   638032.719545320       3.711456625605725E-002  2.095421412517769E-003
   242061.281416820       3.581803376553484E-002  1.658018430936481E-003
   786575.454269996       3.543051316752827E-002  2.028665155971630E-003
   802234.251415885       3.504288685705272E-002  2.398478096553036E-003
   1370294.86792226       3.465704189904846E-002  2.768911912175741E-003
   1925288.24806727       3.415522004391630E-002  2.448058295886766E-003
   1515986.44064322       3.365352829094762E-002  2.126299646046497E-003
   1429944.01117209       3.315246253399973E-002  1.803125890436564E-003
   918595.387214249       3.249681359192567E-002  2.519954447201086E-003
   325175.061512228       3.286283421042532E-002  2.992948223612989E-003
   270863.199963385       3.323181407137195E-002  3.466287130059346E-003
   99540.9957222256       3.360400731482213E-002  3.937952548417965E-003
   44809.5419401011       3.327767765990453E-002  4.343228238040685E-003
   357878.749516252       3.295273255926226E-002  4.749040301155596E-003
   176024.930064319       3.262820775868404E-002  5.152614586640075E-003
   75882.5921831338       3.857460868667598E-002  6.169714918016804E-003
   167885.045304134       3.887134033202381E-002  5.791348799331809E-003
   70174.0494641631       3.916580464405160E-002  5.412768825649486E-003
   348090.887824806       3.946009356732976E-002  5.033758974087541E-003
   406776.107309946       3.975427674566086E-002  4.655513945317442E-003
   527098.767058204       4.021941901495429E-002  4.990405676610652E-003
   408912.352076798       4.068309020691498E-002  5.326821107409492E-003
   277083.304261821       4.114794485909726E-002  5.662989449874859E-003
   183650.604546629       4.161442392396168E-002  5.999991576049032E-003
   786674.500250563       4.228614387315675E-002  5.249010941927845E-003
   366910.568584479       4.190331579074124E-002  4.822130533114003E-003
   125189.473118390       4.152057196455761E-002  4.394685735487390E-003
   66892.7661004120       4.113605618749849E-002  3.968006863574223E-003
   433138.508977292       4.075089849658053E-002  3.540200678494665E-003
   224035.627867078       4.108473901990152E-002  3.047108013556784E-003
   25348.8016661482       4.141605695672735E-002  2.553105003807611E-003
   628518.042267475       4.174496983990072E-002  2.060571649320594E-003
   789748.020274019       4.207385482409193E-002  1.568807298523699E-003
   255991.191702575       4.097350036552128E-002  1.380729248261450E-003
   767698.106021277       4.052832515925933E-002  1.770056870923283E-003
   926813.600488923       4.008212277369785E-002  2.158655669941314E-003
   793571.139804570       3.963575425045764E-002  2.546082125170930E-003
   960582.656430169       3.920930884114175E-002  2.207649210886026E-003
   464009.920534294       3.878232026148699E-002  1.868334331181267E-003
   49713.9703463036       3.835462849547625E-002  1.528994019017621E-003
   899212.782995077       3.749484375757542E-002  2.484674885813540E-003
   361689.535959519       3.787439114930692E-002  2.875884334516223E-003
   139556.555482820       3.825587219023988E-002  3.267821122538967E-003
   116938.830319079       3.863931899355474E-002  3.659260665647834E-003
   124740.098461182       3.829713560499331E-002  3.996534554944677E-003
   374351.215895961       3.795531582797135E-002  4.333327149681246E-003
   371789.337039022       3.761443032813266E-002  4.669205650986835E-003
   133415.841783033       4.303835403797882E-002  5.919145531441706E-003
   63590.6459825768       4.345479222456844E-002  5.371680005586610E-003
   111423.261448550       4.386810994713230E-002  4.821624833464656E-003
   558086.212491944       4.427886175693076E-002  4.272540486970325E-003
   450562.378726669       4.468942601493591E-002  3.724353766187165E-003
   439142.625789085       4.505916408707796E-002  4.223743495309000E-003
   20944.9688222270       4.543128881285351E-002  4.724212343080151E-003
   109428.534384846       4.580365848186737E-002  5.225612932439885E-003
   215434.580099818       4.617817057932454E-002  5.725308141551989E-003
   565833.943606226       4.723625840455493E-002  4.527659231121584E-003
   713594.974347383       4.669685202843951E-002  4.217705385223339E-003
   750396.375238844       4.615688651392223E-002  3.908066025537778E-003
   543301.336052821       4.561819963380326E-002  3.596211539774984E-003
   42455.3187663304       4.507842942793450E-002  3.284702478165332E-003
   678058.278880738       4.557607731064994E-002  2.912280271596073E-003
   726462.192856993       4.607138098140764E-002  2.539811362503154E-003
   818692.806815841       4.656844098164206E-002  2.170036173409505E-003
   560207.299006879       4.706544280329197E-002  1.800876520550022E-003
   283224.893265376       4.554093629268156E-002  1.267482038831020E-003
   71411.4909493255       4.523874062510588E-002  1.811870856852278E-003
   312146.693415035       4.493709499453011E-002  2.355339662721506E-003
   924079.388310737       4.463868300075129E-002  2.897556093091831E-003
   1275227.17076150       4.414391802209036E-002  2.405267949029836E-003
   353439.619440620       4.364921643791247E-002  1.909512979541910E-003
   72299.5588490719       4.315376340158545E-002  1.411918242119381E-003
   1009839.40614545       4.261708410361349E-002  2.008436190168594E-003
   790352.938483869       4.316020989407744E-002  2.449760101410793E-003
   93682.2352328385       4.370276755631965E-002  2.893892047814272E-003
   220461.842866214       4.424959414701959E-002  3.336467451732652E-003
   185218.107375701       4.375842726423779E-002  3.816513514765049E-003
   668532.207506408       4.326885943003414E-002  4.295114154851854E-003
   621923.258427706       4.277741593964950E-002  4.772759193996169E-003
   147491.516989392       4.843425479532033E-002  5.583040834364538E-003
   172896.121417823       4.874848735543452E-002  5.103026732561729E-003
   154339.031555702       4.906000861297835E-002  4.623250346715802E-003
   179166.259841313       4.937178997034819E-002  4.142615937817363E-003
   384098.392422195       4.968203907764836E-002  3.662883986861691E-003
   431728.770618852       5.016846622295489E-002  4.089911156416741E-003
   317213.104141293       5.065441703343184E-002  4.518904514537154E-003
   26645.5636433647       5.114106181711125E-002  4.947370224433665E-003
   143021.680346371       5.162915188442027E-002  5.376612573002643E-003
   441754.038060899       5.224558608564357E-002  4.675311056317927E-003
   564537.636145331       5.176125087922828E-002  4.245843603095403E-003
   242160.947164612       5.127813163350452E-002  3.814692520360923E-003
   80707.4361653154       5.079320438298816E-002  3.383147779102829E-003
   370940.881700513       5.030719821076325E-002  2.951587058166257E-003
   228238.740085593       5.074176402846479E-002  2.576072948368739E-003
   348451.607069764       5.117426600392141E-002  2.200642169868534E-003
   648642.207971917       5.160580271246749E-002  1.826516469419890E-003
   520121.744326259       5.203854541490037E-002  1.454264609136221E-003
   244021.212360395       5.053013492531121E-002  8.867176692133917E-004
   82812.6882523215       5.021804099624542E-002  1.367307885397168E-003
   355900.404426065       4.990676086889868E-002  1.848357776579209E-003
   725818.887085470       4.959666177938078E-002  2.328680287399432E-003
   690567.888383515       4.923481211848816E-002  1.892613775795205E-003
   199527.601351794       4.887119452042642E-002  1.455118681670850E-003
   187271.580759261       4.850745389556273E-002  1.018320793888887E-003
   877482.976591294       4.754193123651886E-002  2.109056632679311E-003
   616946.175372866       4.801685027094862E-002  2.417936878984940E-003
   253099.884821191       4.849326303424056E-002  2.728625970136383E-003
   182217.478650304       4.897120747077639E-002  3.038703677343201E-003
   30501.0981718163       4.853657306414075E-002  3.411615854929939E-003
   297395.243058277       4.810279665710139E-002  3.784796810541726E-003
   345840.698168894       4.766982396824122E-002  4.155806855192202E-003
   95296.6956431934       5.294670062142193E-002  5.289869314491815E-003
   80129.8247321490       5.337242269962147E-002  4.744498957038641E-003
   136316.069545082       5.379611136715282E-002  4.198168859662795E-003
   236702.822653491       5.421914188502831E-002  3.652107496695225E-003
   319917.239657301       5.464216009606794E-002  3.107227024824220E-003
   376571.906417324       5.516691152354156E-002  3.588083408514946E-003
   265615.412137686       5.569165903108301E-002  4.070137183385542E-003
   118512.699703483       5.621837500524607E-002  4.551983755804123E-003
   22132.4295181288       5.674577158706785E-002  5.032876385681425E-003
   494792.853699559       5.723181078100741E-002  4.475140845804266E-003
   582395.074804259       5.668666575007188E-002  4.017937756212421E-003
   460522.467364856       5.614221249729567E-002  3.558185502368446E-003
   355365.982723081       5.559783822582053E-002  3.098539980149423E-003
   294160.127485786       5.505272628325634E-002  2.638835998327884E-003
   349418.295847763       5.553793579652974E-002  2.184788290352983E-003
   376574.971870963       5.601998970566123E-002  1.731683150067209E-003
   756692.398812904       5.650236596928564E-002  1.279433293719391E-003
   466885.951431401       5.698556475062649E-002  8.297680767177297E-004
   326766.918816176       5.571706354076256E-002  5.981390954672649E-004
   70560.9289703078       5.533809407854319E-002  1.143079007615863E-003
   329922.870094928       5.496149222668874E-002  1.687498217000034E-003
   889360.840162378       5.458492079708651E-002  2.230337517311332E-003
   651253.209580746       5.421307234016860E-002  1.737891596841708E-003
   14548.3095388366       5.383932986038961E-002  1.244108001383228E-003
   304079.385828668       5.346386297950806E-002  7.505676912638900E-004
   1033984.07696675       5.257287326547208E-002  1.761997587420388E-003
   941642.828796284       5.310624199789826E-002  2.072630675242432E-003
   588954.207472521       5.363932331018328E-002  2.384714766360081E-003
   35422.3633670100       5.417419482892379E-002  2.697538539522309E-003
   195455.053134310       5.369097801835768E-002  3.192664235484241E-003
   134320.981896460       5.320932576243291E-002  3.687840498767254E-003
   136632.901472479       5.272754728355738E-002  4.181931276329810E-003
   33262.8140472937       5.778930022764990E-002  4.959806982867075E-003
   139596.967527353       5.825274857231923E-002  4.500389819891271E-003
   67600.9202375078       5.871573668087598E-002  4.039748772589041E-003
   301326.308315106       5.917800657169621E-002  3.581023797856346E-003
   250034.558447806       5.964041387558348E-002  3.121952641483063E-003
   189206.663632203       6.000409605590683E-002  3.523586807527407E-003
   103808.690418873       6.036783412293008E-002  3.924763558806874E-003
   59483.1101326120       6.073202555135598E-002  4.326971337899670E-003
   65102.8013581383       6.109588409653160E-002  4.727858398366813E-003
   451947.980927029       6.216934438879700E-002  3.493260300285417E-003
   418907.246722915       6.172323964609737E-002  3.188637819259572E-003
   398499.403324013       6.127594338010490E-002  2.883012584008030E-003
   346877.552533314       6.082961204446252E-002  2.576951550132235E-003
   192015.886919933       6.038224062343048E-002  2.270513229312425E-003
   98894.1205236943       6.077836783901443E-002  1.815670119090536E-003
   59447.7544376959       6.117126910186720E-002  1.360164406653356E-003
   414262.448001621       6.156476626459671E-002  9.043132742576118E-004
   297285.045822446       6.195725524811981E-002  4.505088755255688E-004
   95064.3823635267       6.071026345431406E-002  1.649156262710913E-004
   233955.547759667       6.031651189531301E-002  6.213113205249927E-004
   315533.735440038       5.992387735442783E-002  1.075719619418030E-003
   665954.471632493       5.953195751272200E-002  1.530776286376245E-003
   751122.591965354       5.908966641361824E-002  1.134053978216727E-003
   412569.314618937       5.864824359338570E-002  7.372760422841699E-004
   142981.681613703       5.820524123352123E-002  3.389334029703212E-004
   643442.058984592       5.743538729848856E-002  1.216105962227634E-003
   385110.024593851       5.788631430170528E-002  1.604489454738556E-003
   76846.4024298745       5.833677809439558E-002  1.992427661905485E-003
   54629.8429153481       5.878974421606643E-002  2.380922805057457E-003
   216978.231333679       5.839849025897591E-002  2.904089319341854E-003
   24058.0336473496       5.800938694364543E-002  3.427672291261192E-003
   24755.1029003979       5.761982124392253E-002  3.952070291330902E-003
   20361.5327578440       6.340402843787150E-002  4.564966506173089E-003
   126287.542569527       6.371115607951679E-002  4.150263847726163E-003
   49814.7454195296       6.401806077198138E-002  3.734873329817640E-003
   226854.282689026       6.432487844438192E-002  3.318817500581035E-003
   218322.960407064       6.463159803898867E-002  2.904067391657962E-003
   177107.622598038       6.494596939155814E-002  3.274760757807903E-003
   58012.5388001677       6.526163133559096E-002  3.646540932655702E-003
   55117.4758948173       6.557636818061174E-002  4.017522505332494E-003
   94746.5480137340       6.589267123003296E-002  4.388085918943032E-003
   351532.677570117       6.713931831639278E-002  2.950083697879378E-003
   279162.306766777       6.672857049577383E-002  2.689471672843782E-003
   282454.485805785       6.631765042613293E-002  2.430008134872903E-003
   204400.051730462       6.590568153582038E-002  2.169322878696535E-003
   88430.3784687865       6.549458242373607E-002  1.909451712443216E-003
   52737.5921039574       6.585448179193484E-002  1.438001080314459E-003
   37138.3108436436       6.621379414112012E-002  9.648906661207050E-004
   302666.108420691       6.657177916727845E-002  4.932036301844964E-004
   295273.543828945       6.692945472998575E-002  2.121190031582161E-005
   73713.7414420855       6.574203147588756E-002 -2.230393600837583E-004
   299174.757336477       6.532842536515261E-002  2.006821849069615E-004
   338497.226429880       6.491387887723832E-002  6.247224995131390E-004
   481887.960458383       6.450056785035144E-002  1.047486440707494E-003
   560863.160938091       6.405092994796847E-002  6.860268100045896E-004
   312011.759385697       6.360105834797547E-002  3.229861293779245E-004
   76600.4879267859       6.314993013376530E-002 -3.955968353412317E-005
   441984.351115184       6.237630165968564E-002  8.471570361993398E-004
   191550.365845253       6.279555033166015E-002  1.245747441080898E-003
   55861.1467617890       6.321627590174292E-002  1.643587577002267E-003
   27582.6909380848       6.363713012061367E-002  2.041112519567321E-003
   57098.6588250465       6.327002018951892E-002  2.404576629602697E-003
   202566.025326021       6.290229014597024E-002  2.768012255857345E-003
   175670.018765841       6.253548261476224E-002  3.130911092193261E-003
   59509.7989084077       6.857778518262475E-002  4.195210075625021E-003
   39868.7035084800       6.883297316711967E-002  3.707411032893587E-003
   114205.176266624       6.908604524526443E-002  3.218099189359720E-003
   137536.083325489       6.934004115531966E-002  2.729842789795902E-003
   172020.759060410       6.959227502491887E-002  2.241568978144229E-003
   205174.686036679       6.995026337200544E-002  2.684389750739825E-003
   78821.7666724894       7.030946088761862E-002  3.127933590108105E-003
   16993.5066865276       7.066822772843201E-002  3.572582641458179E-003
   126136.441643281       7.102750667787851E-002  4.015997892140737E-003
   352204.570010965       7.213212196365590E-002  2.737056474077048E-003
   375861.556671886       7.164253728732849E-002  2.446064934022624E-003
   335413.960989465       7.115197605924148E-002  2.154856396667580E-003
   265318.748124491       7.066223834853003E-002  1.862201168725375E-003
   96579.8688845789       7.017224101284837E-002  1.570107749283842E-003
   99150.3893139681       7.061556273158952E-002  1.218065259444220E-003
   168766.644801908       7.105784775887868E-002  8.661404993878050E-004
   295909.928215907       7.150115090790242E-002  5.147385619023652E-004
   227632.724880192       7.194353109137530E-002  1.638320783651577E-004
   112421.151733629       7.034210925191536E-002 -4.821065729862500E-004
   36211.6243265350       7.006136793948088E-002  1.006823595246439E-005
   192390.173870788       6.978091004723164E-002  5.010054611112088E-004
   374756.874695752       6.950106670999431E-002  9.915242998704971E-004
   511384.329527047       6.902621309457710E-002  5.570975936071846E-004
   238393.860155958       6.855035196293839E-002  1.218131967844253E-004
   90557.1535379165       6.807509032745447E-002 -3.150609017529343E-004
   372774.421744810       6.742670389504797E-002  4.314343755046613E-004
   234045.501556774       6.792488503719320E-002  8.413360117630526E-004
   3620.79201642633       6.842256311662022E-002  1.252639866744483E-003
   112941.238545417       6.892145571362804E-002  1.662437909292849E-003
   117568.898876122       6.847584586049937E-002  1.984176920521106E-003
   282378.851534103       6.803078625349711E-002  2.306773655146052E-003
   210167.966848064       6.758432566084389E-002  2.627820781896764E-003
   63547.2942085921       7.341118669194450E-002  3.839832814995097E-003
   59186.1714397446       7.369820712136430E-002  3.291801794332640E-003
   130910.078277092       7.398406055371436E-002  2.744067995149218E-003
   100531.351522408       7.427038271411793E-002  2.195243729873267E-003
   203003.346383132       7.455519008003307E-002  1.648079989270256E-003
   177112.536694477       7.503059559730370E-002  2.138208811840731E-003
   38380.9456953815       7.550749240925105E-002  2.629576021933072E-003
   6282.59729155905       7.598390536572429E-002  3.119843767476762E-003
   48568.2822692586       7.646208442695117E-002  3.610586607431901E-003
   240798.634446348       7.714608206988638E-002  2.814730107820209E-003
   290187.140240653       7.659038777940232E-002  2.415708818503084E-003
   283040.061697765       7.603609120400991E-002  2.017055873440473E-003
   207965.798619305       7.548094487142459E-002  1.616911629603971E-003
   113887.132595778       7.492657447866018E-002  1.217489358522689E-003
   92404.0830846737       7.541229404205159E-002  6.872374470313488E-004
   112567.885332929       7.589702892001651E-002  1.564726942315845E-004
   389640.461235529       7.638089584906103E-002 -3.722591391095978E-004
   198057.765951753       7.686644380560947E-002 -9.006989229973562E-004
   188604.881642173       7.584072864648786E-002 -8.352818322364202E-004
   67301.3447912123       7.539275819167232E-002 -2.743463956498379E-004
   176810.915183973       7.494460019536447E-002  2.873245787392937E-004
   411609.359624567       7.449618572105270E-002  8.467543170833309E-004
   175138.819540811       7.414396100125800E-002  3.467457367680796E-004
   83836.4313789345       7.379053049073732E-002 -1.549878084634807E-004
   233713.398405819       7.343613288206814E-002 -6.553561212560709E-004
   537506.844605817       7.248962806498856E-002  4.406230671788881E-004
   493335.651580914       7.303412977170781E-002  7.185902284408780E-004
   374662.761046415       7.357944993976602E-002  9.973209616855557E-004
   93078.9136293948       7.412449464659909E-002  1.277068204690163E-003
   50025.0806373954       7.362651278087541E-002  1.642660087832892E-003
   227882.629785584       7.312821547081477E-002  2.008635990078235E-003
   167026.404960042       7.263053066065298E-002  2.372734724944391E-003
   24687.4739694405       7.794184825963461E-002  3.497833948780840E-003
   47169.3189298854       7.835312440944137E-002  3.100157300397881E-003
   7774.65654636329       7.876284563244518E-002  2.703325401645136E-003
   98003.4059414533       7.917352583315629E-002  2.305669550486689E-003
   122645.363451711       7.958307602737014E-002  1.908126875187432E-003
   179940.737847257       8.007515366044025E-002  2.236192743633238E-003
   200316.282522819       8.056601613265409E-002  2.564807510054313E-003
   141165.453159886       8.105789018020128E-002  2.892468162649230E-003
   18161.6957980812       8.155015337212231E-002  3.221133299706184E-003
   194700.924182369       8.213671584430987E-002  2.537276381770338E-003
   180632.647129750       8.173804066213035E-002  2.100598131136222E-003
   82609.9005672190       8.134020061427212E-002  1.663541700264721E-003
   56830.7787614947       8.094116205096455E-002  1.227521113272409E-003
   122163.498663960       8.054200693433090E-002  7.903561137686090E-004
   61103.8779375452       8.087546443098574E-002  3.602132575781999E-004
   31146.9764496419       8.120802580808008E-002 -6.932110561790224E-005
   219048.846197974       8.153943572377452E-002 -4.994464140819070E-004
   132050.858442487       8.187172761824214E-002 -9.283542802578275E-004
   27351.4885246356       8.054342865138256E-002 -1.351930493369521E-003
   137721.251393099       8.017008115196071E-002 -9.574306790017580E-004
   154435.456448338       7.979781000339159E-002 -5.624434998584699E-004
   326623.751377984       7.942501636828715E-002 -1.672686357214147E-004
   475793.374147767       7.890894040675617E-002 -4.938245024554439E-004
   424444.306527891       7.839309602583780E-002 -8.208417308418819E-004
   374637.528607635       7.787856258040086E-002 -1.147597575930763E-003
   146508.856913251       7.726556213918914E-002 -4.377953954031047E-004
   7668.78970109965       7.766429612219429E-002  2.435411980571903E-005
   94337.8499374231       7.806474678311476E-002  4.872502329401063E-004
   32194.0190128135       7.846594865214035E-002  9.496850117858315E-004
   53554.6488706185       7.813535448731927E-002  1.415473266887004E-003
   36915.4027658186       7.780518391985455E-002  1.882375201635835E-003
   31964.5504632712       7.747592020362153E-002  2.347986160388402E-003
   19838.7915947970       8.282042938864528E-002  3.123131172269960E-003
   111231.274612965       8.326230392929697E-002  2.790782155130862E-003
   88681.1327159986       8.370367765813827E-002  2.458460482760037E-003
   189037.122500135       8.414420181137092E-002  2.126612970654708E-003
   120422.867708695       8.458566513880865E-002  1.795676173976166E-003
   210160.446326600       8.504556071811975E-002  2.057265364996228E-003
   197772.085058031       8.550452490736719E-002  2.319999463309334E-003
   162007.608604292       8.596448795246830E-002  2.582770082164082E-003
   64741.1773819352       8.642449770785966E-002  2.845672712440948E-003
   122502.706615061       8.711086819962183E-002  2.046000890326779E-003
   118156.283296713       8.678178585637256E-002  1.630967806578523E-003
   47158.1069795350       8.645258924254788E-002  1.215755685140677E-003
   7147.46781993143       8.612330720629334E-002  8.015272903271848E-004
   18532.4749483582       8.579475584502906E-002  3.862948289600054E-004
   19726.2449607892       8.605486082994927E-002 -9.797730759597469E-005
   34850.9478659260       8.631546488545359E-002 -5.826035077472203E-004
   78890.6166294730       8.657598117226353E-002 -1.068128135457808E-003
   69606.5194536563       8.683630435459855E-002 -1.552653717528153E-003
   8089.00233093985       8.570293086042463E-002 -1.816361190799468E-003
   89197.0172322779       8.526325436771941E-002 -1.484534011722204E-003
   56871.2679664678       8.482445710550195E-002 -1.153039198058942E-003
   143772.862733631       8.438582976729651E-002 -8.223422455862703E-004
   185293.910419805       8.396175757193904E-002 -1.086589666413207E-003
   174089.181202714       8.353872143133698E-002 -1.352239284801391E-003
   133263.066414800       8.311460337864285E-002 -1.617920638920043E-003
   159165.171525571       8.219787163324409E-002 -5.501347691119524E-004
   84446.9863526612       8.252429107052602E-002 -1.708034143615865E-004
   42815.7871593443       8.285081231181153E-002  2.075957718952210E-004
   28856.9103896657       8.317643069551645E-002  5.872124655847983E-004
   101220.751632673       8.291669899168917E-002  1.074784897356323E-003
   15490.3617254152       8.265641153497146E-002  1.561691493506534E-003
   23726.4513349181       8.239631116050349E-002  2.049477003175848E-003
   17557.8146412397       8.791006841210576E-002  2.731667914812393E-003
   47613.0806372310       8.831721048262965E-002  2.294301704951838E-003
   35456.8478390132       8.872377265627368E-002  1.855678869446211E-003
   45314.8960496636       8.912946733584019E-002  1.418280748476919E-003
   42637.1230304434       8.953596651381179E-002  9.797959517248546E-004
   62296.9334158299       8.997164146358691E-002  1.353475631311342E-003
   64240.4027527393       9.040722078814170E-002  1.726221984450731E-003
   40801.4599528201       9.084291112959425E-002  2.099963081031452E-003
   11270.1846697617       9.127851121775335E-002  2.472753443481820E-003
   62097.2899328342       9.208515010918315E-002  1.532258019267898E-003
   75003.2900104195       9.165045864566193E-002  1.158517800446103E-003
   56348.5058093367       9.121480486924004E-002  7.847683706261122E-004
   54817.1948402941       9.078011273270851E-002  4.109469933737371E-004
   12460.3179248185       9.034441583893289E-002  3.717711300069235E-005
   33554.5093895862       9.071869991702178E-002 -3.946770060544447E-004
   10567.7937160848       9.109160725023738E-002 -8.276098898352810E-004
   37289.6450448237       9.146562893242914E-002 -1.259521078484500E-003
   17758.9018567993       9.183852122958520E-002 -1.692333578397651E-003
   27123.5856092103       9.051227999324800E-002 -2.076975557592910E-003
   11993.2830598095       9.014255580086554E-002 -1.641295876747347E-003
   11986.0647004561       8.977172955848790E-002 -1.206639075112203E-003
   99116.9325211905       8.940218161306651E-002 -7.709306097187759E-004
   119585.142239257       8.890990836268485E-002 -1.140310178383334E-003
   103953.657338595       8.841777304566613E-002 -1.508907784976028E-003
   67007.6116874435       8.792450385243211E-002 -1.878517818365422E-003
   115751.463898666       8.727496391298784E-002 -1.121978303358625E-003
   64452.6032007702       8.771474840280864E-002 -6.901820885226000E-004
   33285.7032113348       8.815359794952113E-002 -2.592541150740688E-004
   7267.16334129135       8.859358099583789E-002  1.715979097372351E-004
   40598.6917246761       8.822221746175456E-002  6.404670136713137E-004
   22849.7521569789       8.785199952085956E-002  1.108346953777958E-003
   23370.8105739107       8.748079245051285E-002  1.577128089139270E-003
   37091.9751936482       9.302520567715584E-002  2.338348041138918E-003
   51872.1107225479       9.339681007298919E-002  1.870822090578982E-003
   49529.5868394755       9.376825900489016E-002  1.404067494672964E-003
   56193.5294259672       9.413975199413244E-002  9.363193304992171E-004
   19466.7445649230       9.451130169554277E-002  4.694607443943254E-004
   37794.5780202488       9.490803349762301E-002  8.770629206169903E-004
   14384.2240146918       9.530475849147968E-002  1.285489745156517E-003
   87542.4411976866       9.570121378441997E-002  1.692927132846666E-003
   48671.8402285168       9.609768507236699E-002  2.101296465867267E-003
   16111.9510931080       9.705857818997220E-002  9.805589117237055E-004
   91172.1986679843       9.659382098715798E-002  6.511077271293365E-004
   27761.1710977699       9.612993349549537E-002  3.219419496804403E-004
   25040.0920620908       9.566513556205156E-002 -7.022061869445956E-006
   17440.1216778857       9.520152198447088E-002 -3.359790341908968E-004
   86356.2840908490       9.560227675469893E-002 -8.267378077622825E-004
   6560.80357344602       9.600405185576655E-002 -1.316668815906357E-003
   3411.91712726827       9.640493387998808E-002 -1.807470367517727E-003
   1578.94820307447       9.680680963946990E-002 -2.298458696849100E-003
   16136.1311034344       9.566878180700769E-002 -2.439393249362756E-003
   19198.7285309432       9.524428767986039E-002 -1.968775465053798E-003
   86126.8912320680       9.482082692878008E-002 -1.497183753933655E-003
   59760.6791041753       9.439655895213511E-002 -1.026157544212444E-003
   47100.9230291760       9.396244238201169E-002 -1.431017413820445E-003
   45469.5434780003       9.352728036163960E-002 -1.836869204410354E-003
   41280.8055528824       9.309318998924890E-002 -2.241828064789999E-003
   37394.0774533507       9.230591385893606E-002 -1.323994447229213E-003
   35739.4389158687       9.277225520335428E-002 -9.565905529398660E-004
   35815.5197889741       9.323969570517882E-002 -5.882778515705943E-004
   506.978593871180       9.370607943351970E-002 -2.208897517559632E-004
   13822.7398428740       9.330140403685490E-002  2.172746389543191E-004
   23525.9301620594       9.289563430094336E-002  6.555272364810894E-004
   95644.3314959535       9.249075528633253E-002  1.093677879768889E-003
   24479.4001288528      -1.819498936060458E-003  1.250876511928469E-002
   279564.769952499      -1.363735125361556E-003  1.206806523246060E-002
   100886.905471375      -9.101243411714382E-004  1.162487034236274E-002
   302055.177789521      -4.582160048397836E-004  1.118241255703397E-002
   258829.342227202      -6.018964700039267E-006  1.073870884462727E-002
   261111.756927611       3.766786237193463E-004  1.117881737257688E-002
   30204.6942223696       7.600368441198372E-004  1.161734211617358E-002
   136748.841529148       1.143352669201759E-003  1.205703946500117E-002
   121955.045327792       1.527209568476694E-003  1.249534333513793E-002
   509304.223337665       2.496750057847739E-003  1.151330845104292E-002
   192525.163357668       2.054065753022061E-003  1.113518752167561E-002
   279381.302230968       1.610188166627792E-003  1.075729841089343E-002
   138398.296701015       1.167626799132128E-003  1.037904509351575E-002
   148337.083260082       7.235515187504476E-004  1.000120369749198E-002
   607467.361483975       1.163231884494178E-003  9.593804520164489E-003
   337961.166909197       1.600014373422895E-003  9.186482631782055E-003
   1019938.35300306       2.038136747765044E-003  8.779253742010353E-003
   673222.381854029       2.473967058655232E-003  8.372079443234613E-003
   53558.1782408697       1.186288656892640E-003  7.939334043912174E-003
   494713.768862629       7.856793393051681E-004  8.384510249684240E-003
   412610.359316015       3.858831541743805E-004  8.827710686316234E-003
   783496.270737630      -1.383500452450643E-005  9.272131499691257E-003
   1032849.54449948      -4.893584714864061E-004  8.831773716998507E-003
   679994.593530066      -9.656156643109843E-004  8.391921230275651E-003
   147511.614184818      -1.440237249536812E-003  7.949672867896971E-003
   1950016.43358959      -2.508672891602751E-003  8.096475601029430E-003
   384095.496271132      -2.069431239939725E-003  8.574165485046602E-003
   55003.0393034541      -1.629099045952678E-003  9.052928559593058E-003
   358450.275258288      -1.188352552143242E-003  9.531869964842852E-003
   313889.392582822      -7.438301880145728E-004  1.000793424321489E-002
   498964.448154533      -1.182715192361645E-003  1.046412300970116E-002
   683016.266397947      -1.620619641665122E-003  1.091878596380045E-002
   612046.459395595      -2.060153776976116E-003  1.137324347806907E-002
   1458773.70114566      -2.498798360006026E-003  1.182719696216412E-002
   303127.255872974       3.477906873670100E-003  1.247951152230883E-002
   225249.927323131       3.858067277539718E-003  1.212401450861254E-002
   490592.548672677       4.236666592255413E-003  1.176525413673039E-002
   677380.767788330       4.615812759381540E-003  1.140709921349978E-002
   47001.4156904506       4.995012233640061E-003  1.104728520586644E-002
   543158.134498170       5.507343526843885E-003  1.139367490331810E-002
   69537.7863639429       6.017481053859432E-003  1.174027499581522E-002
   223083.356822136       6.529345375255095E-003  1.208602700163253E-002
   76746.3312790153       7.039884092471566E-003  1.242944106212186E-002
   621003.898706013       7.512452077206735E-003  1.193777535844299E-002
   250604.970749650       7.148070707235762E-003  1.144227560515213E-002
   344233.083818179       6.783666867110218E-003  1.094572822912847E-002
   733855.329528642       6.420760496069313E-003  1.044990629302140E-002
   809962.632732422       6.059954158612208E-003  9.950637163637690E-003
   52511.0592934444       6.410427208948830E-003  9.454133471644758E-003
   514593.009577782       6.753457387770835E-003  8.953750951051141E-003
   953737.230894298       7.095376321267732E-003  8.453616989684791E-003
   907699.003221855       7.432073486423872E-003  7.953718738673942E-003
   956447.483178341       6.396659964292173E-003  7.795289616725040E-003
   1899251.44511510       5.921374494056486E-003  8.164399060407930E-003
   1471525.96176393       5.444023265958210E-003  8.528364315020355E-003
   1833742.84704543       4.967744566792906E-003  8.893793976464759E-003
   2176864.37411505       4.564788366219297E-003  8.540743798877513E-003
   1131401.10815442       4.160411247054459E-003  8.190725088152492E-003
   1178353.06830637       3.755999920325220E-003  7.837486945069392E-003
   607850.985693400       2.828627737731394E-003  8.774065880144019E-003
   460509.487457238       3.185823879666607E-003  9.177043786054374E-003
   400443.129243298       3.542312927357716E-003  9.579901796059321E-003
   487362.815806150       3.904813333077116E-003  9.980348370799391E-003
   336199.769291287       3.553534263816296E-003  1.036348925960476E-002
   131778.577530170       3.201912264829549E-003  1.074616931443697E-002
   438120.790668218       2.848164431484617E-003  1.112852374564583E-002
   64222.1878087045       8.002911114030320E-003  1.240812563328060E-002
   588099.556193033       8.502044879062698E-003  1.207222521529908E-002
   739816.547017012       9.000472899956324E-003  1.173524055528822E-002
   763253.143422563       9.497481915767542E-003  1.139908937083122E-002
   20907.7392915490       9.995951732482137E-003  1.106285859130641E-002
   492140.463966707       1.042337580366157E-002  1.137337593911157E-002
   69197.2625024212       1.084876529894012E-002  1.168554324677310E-002
   263769.224771675       1.127400490660802E-002  1.199780313645239E-002
   412286.029469758       1.169980344614159E-002  1.231058725805593E-002
   101059.226158213       1.250927120922280E-002  1.145344460830628E-002
   233854.450975829       1.217348377480613E-002  1.104645776486588E-002
   9481.74756209058       1.183851284686105E-002  1.063956236122632E-002
   369715.285470829       1.150380253578715E-002  1.023220595258015E-002
   834366.650168937       1.117075211053310E-002  9.822507411973476E-003
   73266.0366988608       1.148536842993036E-002  9.414023628250294E-003
   20795.9089804160       1.179545822009543E-002  9.003805748209814E-003
   142117.334704027       1.210543291715246E-002  8.593863184759850E-003
   202441.936672169       1.241621663543267E-002  8.186627379403351E-003
   455646.389438346       1.109280995888548E-002  7.644941718725913E-003
   662174.818997831       1.070624882460223E-002  7.982447713605078E-003
   778552.016164639       1.031996851913134E-002  8.317611465253396E-003
   1277628.05467494       9.935239368298262E-003  8.654296803708026E-003
   1725221.52248764       9.442742599356367E-003  8.341946470990565E-003
   1289788.88421021       8.950231595029818E-003  8.029686717551415E-003
   901961.625651888       8.458033152528209E-003  7.713941973935353E-003
   962256.973230775       7.760838363718585E-003  8.435531775055930E-003
   159864.384225689       8.092022062024588E-003  8.919667659651156E-003
   430043.073266757       8.424189052545945E-003  9.404236223844193E-003
   288761.369928807       8.760529001245991E-003  9.887237273562936E-003
   61120.6566984606       8.449628568528064E-003  1.040100199786461E-002
   56940.9863064981       8.138233645261977E-003  1.091285052222293E-002
   316591.949173807       7.825353028420415E-003  1.142549869378455E-002
   71838.1802882971       1.336502184327126E-002  1.225960038652986E-002
   153823.166614862       1.377106665344905E-002  1.183167553751961E-002
   392893.503063511       1.417541979383413E-002  1.140298573561460E-002
   951618.350729972       1.458072417211459E-002  1.097376696308812E-002
   331230.600257516       1.498757744890725E-002  1.054599544584156E-002
   1191197.95617119       1.545651755743342E-002  1.094697510390545E-002
   581752.334486567       1.592614706724805E-002  1.134693397970749E-002
   379700.414900770       1.639451964496482E-002  1.174546194662539E-002
   200059.328126317       1.686175046944991E-002  1.214421201237019E-002
   706329.289760251       1.752832276835189E-002  1.143129467256531E-002
   725793.755226530       1.709374646677735E-002  1.099258277634918E-002
   408232.968834352       1.665990702283377E-002  1.055618427046312E-002
   157880.169906911       1.622696226260161E-002  1.011958461128016E-002
   434443.043210812       1.579680979527788E-002  9.682789828009727E-003
   213636.403749192       1.620263974205027E-002  9.317578628089813E-003
   285308.036724379       1.660836303276604E-002  8.951974995195178E-003
   702274.286464195       1.701380378965812E-002  8.585743360501148E-003
   399283.934474730       1.742057486652222E-002  8.220819547879921E-003
   166375.164066515       1.595852023176697E-002  7.593461766611151E-003
   162647.033909615       1.561779639391662E-002  8.019676289809366E-003
   267584.211355831       1.527711451019453E-002  8.446202254052801E-003
   114522.627660390       1.493644461567622E-002  8.873224578850057E-003
   139883.328940266       1.452648122354042E-002  8.469054493220458E-003
   134544.959957194       1.411699090697826E-002  8.063415826160819E-003
   302080.165568651       1.370687819229441E-002  7.657679108080717E-003
   97795.3700960076       1.284305887022469E-002  8.572600544412973E-003
   81307.8122974834       1.327002230328864E-002  8.959186485472873E-003
   148542.652182386       1.369743294828900E-002  9.346184993084497E-003
   852998.426244038       1.412479646751646E-002  9.734011580075924E-003
   37565.3350590822       1.372244248441706E-002  1.016483632853651E-002
   431388.727041522       1.331776851249768E-002  1.059411992215850E-002
   620136.495360190       1.291313324097985E-002  1.102267194808037E-002
   62101.4145793468       1.824042603542175E-002  1.209882118458272E-002
   509868.991139128       1.868223672596016E-002  1.172539249679763E-002
   739161.153669591       1.912478214054509E-002  1.135051627489968E-002
   1282409.99689066       1.956814242435190E-002  1.097484373348994E-002
   584105.592112559       2.001087394485467E-002  1.059767807483813E-002
   979278.111203088       2.035596706138104E-002  1.094629337647756E-002
   395732.556878440       2.069963956303729E-002  1.129445949192351E-002
   131142.602254779       2.104308871034934E-002  1.164290186022825E-002
   309333.276151240       2.138611467869264E-002  1.198993327704528E-002
   343496.204332866       2.252416742644273E-002  1.076316591687025E-002
   737743.102658883       2.214968285212165E-002  1.044759018633855E-002
   500424.116023042       2.177413009002624E-002  1.013304021530238E-002
   36772.1031886203       2.139977995041237E-002  9.819121443213735E-003
   332846.137262944       2.102649272286000E-002  9.504136966539976E-003
   34811.7050487954       2.137350022740549E-002  9.082610771679886E-003
   171318.322677216       2.171976779680344E-002  8.660998880409776E-003
   260600.006982693       2.206730631329965E-002  8.239173664831604E-003
   102479.437646930       2.241375082706183E-002  7.816783849735769E-003
   83539.8494592146       2.112291125928341E-002  7.360889889755473E-003
   169067.287644181       2.072701228113815E-002  7.737247040052449E-003
   280939.434909873       2.033082355634343E-002  8.112771440307405E-003
   140911.188854098       1.993472704108247E-002  8.489706157414676E-003
   186323.026843861       1.956856219791868E-002  8.140296416954036E-003
   74467.4264491022       1.920238105542576E-002  7.792628544839369E-003
   114256.276488723       1.883650204529480E-002  7.444160171436062E-003
   458161.880746074       1.779541910340698E-002  8.560840809059934E-003
   435150.796745642       1.817051304209786E-002  8.901171010086544E-003
   309757.612704725       1.854458847488490E-002  9.240907279136757E-003
   57377.4210697884       1.891976762106000E-002  9.579938987994693E-003
   360142.158574156       1.857440061236798E-002  1.004267199874321E-002
   182021.746074626       1.822717627445726E-002  1.050510302430090E-002
   580469.317708448       1.787784760892788E-002  1.096715227868488E-002
   134160.190559130       2.375229571336632E-002  1.190066245257075E-002
   111964.387036751       2.406591501819619E-002  1.148131558151827E-002
   302548.986534272       2.438024623400965E-002  1.106088927474710E-002
   917722.673986195       2.469488694164875E-002  1.064072090090576E-002
   378348.367006209       2.501071391844224E-002  1.022047470095338E-002
   978890.265054343       2.542276770151066E-002  1.061034151592635E-002
   266277.208984712       2.583451209517535E-002  1.100071115940575E-002
   109808.155298646       2.624522290570005E-002  1.139108350100080E-002
   379340.958558068       2.665509818566546E-002  1.178034783890042E-002
   162320.276949358       2.754413400109523E-002  1.080968168780366E-002
   461808.433053883       2.711789095983933E-002  1.043590001219372E-002
   286358.698401076       2.669087536061500E-002  1.006293925719132E-002
   273692.960474605       2.626505070047987E-002  9.689657900372376E-003
   560983.909524602       2.584194982073172E-002  9.315779350781074E-003
   35897.3223446361       2.623455054109249E-002  8.922139769170121E-003
   37133.6796939718       2.662566362355463E-002  8.528795788658037E-003
   79626.0595302777       2.701740289096172E-002  8.134569557770460E-003
   32114.5126510936       2.740887480949994E-002  7.742644020286311E-003
   79060.8729097737       2.601119319594439E-002  7.213426959444537E-003
   91515.8713263065       2.565355852405564E-002  7.638936958971662E-003
   120025.159724022       2.529707642471679E-002  8.063011677739675E-003
   496170.734030063       2.494028157782334E-002  8.487302754074957E-003
   451505.406000912       2.451673436782833E-002  8.095559935375600E-003
   264217.944187570       2.409278199157438E-002  7.704046587524757E-003
   158586.079373640       2.366855203829274E-002  7.311354480491948E-003
   365807.064387657       2.283759766108556E-002  8.208541192539007E-003
   54283.1426391018       2.326150748451326E-002  8.601848872298411E-003
   99070.9644815340       2.368483588648366E-002  8.994998980989910E-003
   133070.114093924       2.410927342065229E-002  9.387431062167086E-003
   68811.0535462851       2.371481702019907E-002  9.731314419984483E-003
   525078.513496256       2.331836365765455E-002  1.007452803128608E-002
   674275.277580917       2.292079556901577E-002  1.041853846800243E-002
   161750.332950439       2.851480607828431E-002  1.169737158070353E-002
   172099.595200480       2.888899710771536E-002  1.126719527555809E-002
   443563.406059411       2.926344266365965E-002  1.083551987798270E-002
   994837.022150846       2.963910413740466E-002  1.040398125057801E-002
   361797.480659491       3.001461842186265E-002  9.971468699073928E-003
   994712.301278030       3.042892140827281E-002  1.036578413869228E-002
   292477.695378915       3.084323592477184E-002  1.075875494932717E-002
   114208.126319823       3.125639243440351E-002  1.115159141185640E-002
   44823.6693586429       3.166925339457519E-002  1.154345267877351E-002
   344840.683794327       3.255402389547967E-002  1.056238615846836E-002
   444687.940339559       3.211857986770834E-002  1.019261894573828E-002
   235196.726834569       3.168268858673400E-002  9.824607116650345E-003
   342078.102907844       3.124825074269503E-002  9.456321225260873E-003
   418232.088503404       3.081553478431390E-002  9.087779110679145E-003
   33897.3228431229       3.121274311973511E-002  8.681749232112347E-003
   331975.923469838       3.160784947462483E-002  8.274711502243803E-003
   288803.315667100       3.200417424769367E-002  7.868584209316857E-003
   127768.418752310       3.239916966681678E-002  7.461109758161633E-003
   7356.31202889439       3.103406084819581E-002  6.989183335160285E-003
   4976.34067654390       3.066871665543179E-002  7.422439785093959E-003
   247120.733785622       3.030176973039273E-002  7.854399671432305E-003
   372033.461946167       2.993559605763617E-002  8.288352550886143E-003
   209081.596843759       2.954152035373238E-002  7.891273898420956E-003
   174657.255187658       2.914858571565545E-002  7.494760889071780E-003
   73828.3243134066       2.875440397399387E-002  7.097221351950529E-003
   163193.861621545       2.783958672620680E-002  8.098085942900088E-003
   18462.2979971866       2.827086178478641E-002  8.455357132281750E-003
   59208.6738056770       2.870147230141098E-002  8.811472163011881E-003
   313659.529329741       2.913350271256337E-002  9.168430187558314E-003
   31706.6210478252       2.873745297701931E-002  9.578718891291142E-003
   405362.255314537       2.834019771373015E-002  9.988997465956370E-003
   643093.268222360       2.794155509064088E-002  1.039881552586189E-002
   113103.577834063       3.353408353985787E-002  1.144655275626588E-002
   85195.6819388312       3.390610338277490E-002  1.103338163218972E-002
   467473.213633830       3.427778434339192E-002  1.062082544229647E-002
   637573.573345870       3.465108187345975E-002  1.020679230698899E-002
   294447.973132664       3.502310928728959E-002  9.792438114537016E-003
   487092.656824613       3.546439673517812E-002  1.016203520265685E-002
   56061.8270487470       3.590482573248172E-002  1.053291546023652E-002
   215005.025095479       3.634406780062369E-002  1.090191372194657E-002
   216983.362081751       3.678341987588752E-002  1.127180113801446E-002
   27086.7888272898       3.756278612371833E-002  1.040302238434660E-002
   130796.391648695       3.714471084125257E-002  1.000669134070019E-002
   59024.4325183996       3.672798324179008E-002  9.612056060728713E-003
   489082.775138932       3.631050774294025E-002  9.217063408999235E-003
   229736.228434164       3.589614539613462E-002  8.820761605080371E-003
   39161.5509504939       3.627407877435838E-002  8.484842691702179E-003
   324035.078004854       3.665178165624421E-002  8.147750519829669E-003
   160218.183757460       3.702889024507505E-002  7.811039255693287E-003
   54559.5129838143       3.740644006898368E-002  7.473669143417665E-003
   124863.872735849       3.581177826507451E-002  6.717564427152645E-003
   39095.3395148491       3.551721825327391E-002  7.128104592660658E-003
   292741.400510177       3.522215175654358E-002  7.539262251006196E-003
   286393.085681538       3.492811905064393E-002  7.950582587294436E-003
   187181.200099454       3.452125474038029E-002  7.577965219598954E-003
   312227.257085328       3.411442656352234E-002  7.204653341438218E-003
   152863.263967094       3.370867577396613E-002  6.832571446849539E-003
   221332.869141176       3.281434914779122E-002  7.825840269990399E-003
   139096.724843254       3.322769505677653E-002  8.190276593884698E-003
   255970.680382941       3.364217020339522E-002  8.555141583918376E-003
   199550.144145116       3.405545777442856E-002  8.919908564775378E-003
   186372.757587880       3.368134059071703E-002  9.329171533529069E-003
   387958.296505623       3.330563074320969E-002  9.739898412590238E-003
   733558.260986964       3.293017165946014E-002  1.014996955577872E-002
   97963.8324425378       3.842996310032232E-002  1.118132355057531E-002
   47873.8656427460       3.883252091070181E-002  1.084801498471049E-002
   392611.230112284       3.923385337357461E-002  1.051465257804341E-002
   446258.462161723       3.963655001247617E-002  1.017998094433101E-002
   181200.787784231       4.003905736752300E-002  9.844661710500028E-003
   390990.811492959       4.059479177779765E-002  1.012648440922465E-002
   155737.699818650       4.115012058701332E-002  1.040872528967020E-002
   58201.3685059107       4.170570425689331E-002  1.068885641161397E-002
   158179.241550977       4.226153474634868E-002  1.096889045895958E-002
   15558.8354994305       4.258859620932799E-002  1.060297023043515E-002
   113871.865572534       4.224438723763103E-002  1.008329136328958E-002
   123699.482334922       4.190214054968179E-002  9.565071008763198E-003
   303505.702369700       4.155940930257245E-002  9.046707790661442E-003
   161588.424790530       4.121818261516754E-002  8.527138916828336E-003
   63867.5468566289       4.150661822714222E-002  8.063478634538129E-003
   46381.5135420331       4.179386541874709E-002  7.600073102707320E-003
   9355.62834194355       4.207990716150883E-002  7.135813249128928E-003
   99591.0119443409       4.236694396634767E-002  6.671941823860755E-003
   169373.684330904       4.118627602853835E-002  6.338327851104665E-003
   206944.961978526       4.075795438202157E-002  6.675171201914584E-003
   135330.233890240       4.033054547335383E-002  7.012516815927875E-003
   316601.994774519       3.990278050161399E-002  7.350496409670502E-003
   299035.376302987       3.957104903867562E-002  7.054691895309156E-003
   179736.833379632       3.923861166387247E-002  6.759715576670562E-003
   74531.5908169831       3.890603844317118E-002  6.465845466391318E-003
   359004.814313154       3.773682291692069E-002  7.770661176237216E-003
   184992.491037972       3.806507745235483E-002  8.069147564477436E-003
   100205.708589095       3.839443412793345E-002  8.367461768191958E-003
   230755.007172860       3.872457760569573E-002  8.665041619157730E-003
   40694.7226626814       3.843445719112541E-002  9.099371866229439E-003
   80940.9146208036       3.814389084175410E-002  9.533791156946638E-003
   494641.062083962       3.785353639738811E-002  9.967159141120842E-003
   103766.719423779       4.295401204755606E-002  1.092993796543017E-002
   266950.669299412       4.346343395800437E-002  1.036166759810463E-002
   449332.059600523       4.397229298880410E-002  9.794252373170787E-003
   559287.035818236       4.448061442368869E-002  9.224792890315114E-003
   184574.472243542       4.498741946409333E-002  8.654302631023288E-003
   189711.659375461       4.544061939101962E-002  9.164383707166270E-003
   127394.938836739       4.589343518060377E-002  9.675644855336507E-003
   113065.981552909       4.634695454268596E-002  1.018587906922105E-002
   74975.7036258679       4.679926054470695E-002  1.069741257924862E-002
   138996.587860981       4.756617547790093E-002  9.829474989970690E-003
   35553.3493828700       4.700208629253850E-002  9.443590758212179E-003
   23644.7278840051       4.643875883000846E-002  9.057074614099778E-003
   235587.663818368       4.587434151369556E-002  8.672111995729008E-003
   302099.224634010       4.531175118745592E-002  8.286936488198475E-003
   146822.028849592       4.582775473775388E-002  7.910799910059579E-003
   96889.0156887903       4.634399948772436E-002  7.533983505553386E-003
   9978.95638356137       4.685945429555446E-002  7.158765241487602E-003
   15788.7207977190       4.737586325227874E-002  6.782687411144478E-003
   154386.320180828       4.586897155303361E-002  6.285111007882622E-003
   108730.675104106       4.556110974039053E-002  6.844155702456181E-003
   98098.1976835415       4.525251977883862E-002  7.404363234566371E-003
   234955.609892230       4.494525844714793E-002  7.963490879349220E-003
   229419.627201767       4.446771590807225E-002  7.454164716401338E-003
   206905.388093379       4.399173850843743E-002  6.942561331307127E-003
   88318.0967709532       4.351496564107465E-002  6.431548510729873E-003
   112928.007976596       4.293050963264841E-002  7.087147886372863E-003
   51913.1633684337       4.349314341233005E-002  7.502419627459648E-003
   61195.1912664559       4.405715885184303E-002  7.916210896525546E-003
   86066.9968026462       4.462101676269983E-002  8.330324175125471E-003
   130557.503164717       4.411560800546302E-002  8.899252033809524E-003
   240843.908203484       4.360700776475328E-002  9.466920080793273E-003
   401313.960036373       4.309828189633778E-002  1.003410754273213E-002
   31687.8672404614       4.843381911022770E-002  1.059535246306557E-002
   208043.007041540       4.883226659679229E-002  1.022463216911347E-002
   277991.407488767       4.923115554858882E-002  9.852450430853230E-003
   329569.848107334       4.962899550509132E-002  9.481213019339359E-003
   45213.3009148302       5.002698706189386E-002  9.109242424522605E-003
   269865.978178997       5.054707396599189E-002  9.421704676054908E-003
   49835.6015736422       5.106761171729522E-002  9.733738828675354E-003
   62519.7234080994       5.158749383109776E-002  1.004622088417667E-002
   48013.7583064740       5.210822476923537E-002  1.035730703553928E-002
   89496.7873945966       5.257973113239878E-002  9.818893774358380E-003
   60765.6377302941       5.220256131640280E-002  9.344101129682123E-003
   68694.2769116515       5.182487024455927E-002  8.870249790422923E-003
   220926.608028371       5.144821299867949E-002  8.395321342308259E-003
   279862.728294347       5.107175303502657E-002  7.920488924455672E-003
   53559.2684949937       5.138826619947343E-002  7.438715321233287E-003
   126666.046723129       5.170239211667376E-002  6.956244428100288E-003
   84620.7594016414       5.201727048099577E-002  6.473876150827253E-003
   82212.9959978570       5.233077652230413E-002  5.991917054353888E-003
   29037.9516545183       5.119276267602544E-002  5.751939812749648E-003
   159528.038917556       5.075690221643269E-002  6.127921714730943E-003
   120551.863210314       5.032078327235524E-002  6.502190237946217E-003
   380903.937850348       4.988525101159345E-002  6.877722028279610E-003
   367169.361237725       4.952304797940821E-002  6.553991184027077E-003
   284302.510529066       4.915981915796250E-002  6.231052500116996E-003
   26995.5929628900       4.879718970403989E-002  5.907014258099775E-003
   345234.553060562       4.774161123855464E-002  7.102752004057013E-003
   108223.064711588       4.810767411549894E-002  7.422946999080019E-003
   20873.0151217446       4.847322055981754E-002  7.744082606717114E-003
   100791.787621086       4.884013823152946E-002  8.064076640688794E-003
   12478.9596271464       4.852158615044799E-002  8.505446719232515E-003
   60470.0864477539       4.820347421633118E-002  8.946397516993505E-003
   132731.237267508       4.788427464372236E-002  9.388329744699853E-003
   83143.1678400153       5.311766682765575E-002  1.028995919417446E-002
   35618.9715893227       5.358582659264124E-002  9.799232458625570E-003
   210495.899723362       5.405298211860521E-002  9.308324379712647E-003
   211946.517379990       5.452118301602532E-002  8.817134218036479E-003
   34563.4779398789       5.498808305799714E-002  8.325542162172633E-003
   113528.137148245       5.546175643079238E-002  8.752893282972730E-003
   71469.8752945519       5.593537076611807E-002  9.179925164490205E-003
   180888.069035056       5.640989502746123E-002  9.606536354733903E-003
   127296.873754806       5.688322888087512E-002  1.003308290641244E-002
   146060.650288363       5.755843943359444E-002  9.257785321100788E-003
   35961.6953355513       5.707001983056159E-002  8.847694559531404E-003
   140466.700825762       5.658151601078158E-002  8.437092752409180E-003
   299206.368838265       5.609336560019397E-002  8.027592522634464E-003
   104449.840936793       5.560610206199209E-002  7.617627993729269E-003
   71823.7687023725       5.603141244894671E-002  7.093573677648202E-003
   173318.368312631       5.645560705669326E-002  6.568819901265217E-003
   45520.6537508097       5.687965463992562E-002  6.043119335198940E-003
   45061.4116743417       5.730330751912836E-002  5.518141164571126E-003
   97601.7827078850       5.628437374615102E-002  5.524987577453804E-003
   63717.4251088332       5.582230013810831E-002  6.017186654738640E-003
   82890.9682550636       5.536084594068618E-002  6.508782471472358E-003
   350882.655630713       5.489967864801986E-002  7.000628175361356E-003
   361009.044291806       5.441136515290074E-002  6.573622190548547E-003
   282357.911042228       5.392324051553209E-002  6.146003398680612E-003
   134664.190022168       5.343502894165477E-002  5.718055176886993E-003
   283849.321748407       5.281806753240924E-002  6.420562482454872E-003
   155781.061403914       5.330533729296454E-002  6.849696015596192E-003
   74797.3712469368       5.379300060612881E-002  7.278783313151699E-003
   7497.20309308027       5.428130543968068E-002  7.707563900399103E-003
   39894.0121885374       5.385634760758482E-002  8.234859180626421E-003
   72144.8176974160       5.343103014742517E-002  8.763033191953304E-003
   232636.565553392       5.300526123032136E-002  9.290167006373713E-003
   61805.5463904220       5.833328155855528E-002  9.932599900587105E-003
   58470.9601908619       5.874233262613154E-002  9.419457078741105E-003
   115453.545139807       5.915213993618400E-002  8.906942683830929E-003
   25002.9883054468       5.956105910068357E-002  8.393521374637874E-003
   30521.1923448136       5.996969871959976E-002  7.880596126427893E-003
   56494.1958239255       6.038434664514094E-002  8.335246360880736E-003
   141270.203204509       6.079897770677757E-002  8.790921425445821E-003
   59924.9485692309       6.121359325737399E-002  9.245516662776039E-003
   66399.7190183367       6.162787174271400E-002  9.701479807880936E-003
   49991.4625699875       6.253017399180752E-002  8.663409116893426E-003
   165061.555488608       6.202063613189524E-002  8.316676460070935E-003
   141614.967454016       6.151235427648937E-002  7.969664217761309E-003
   250176.458849989       6.100306880658044E-002  7.622981379255327E-003
   15385.4715973370       6.049511951916659E-002  7.276184101878358E-003
   107327.060803251       6.095397560829001E-002  6.907393794052752E-003
   59968.8153286259       6.141318704361351E-002  6.538137767531387E-003
   16861.1386860196       6.187153124950059E-002  6.169140892172973E-003
   30568.9927404291       6.233083464830595E-002  5.801010672155797E-003
   29487.7349201128       6.079545208452908E-002  5.234146717957167E-003
   24298.6488642350       6.049411015437616E-002  5.739602034737307E-003
   84000.1392759192       6.019269789901052E-002  6.245885660995773E-003
   277616.435952076       5.989169135011095E-002  6.751526630123415E-003
   305284.087078692       5.936637297256196E-002  6.304370275603681E-003
   279306.518812687       5.884108907257377E-002  5.855919260474100E-003
   154319.647479694       5.831476208711272E-002  5.408438919200462E-003
   332508.983753439       5.781942973163394E-002  5.976859188615160E-003
   223835.363033838       5.833446828342557E-002  6.437153693087895E-003
   184711.613754759       5.885063141770732E-002  6.896396494204511E-003
   133743.194246202       5.936614272736401E-002  7.355566116540911E-003
   84436.6863076332       5.891468846774144E-002  7.830685887438281E-003
   18471.4849088687       5.846231348081693E-002  8.306017029728698E-003
   135181.985604015       5.801075148072408E-002  8.782148912499432E-003
   81696.4781378464       6.356667663792687E-002  9.564299768863620E-003
   42065.9275051143       6.392285616943391E-002  9.171218402802505E-003
   213840.087919617       6.427845125759246E-002  8.776490557600760E-003
   228915.468616634       6.463441984082098E-002  8.382746185430320E-003
   90504.0800752243       6.499020154012282E-002  7.987648575762386E-003
   186632.238680833       6.548779935757076E-002  8.321740242189141E-003
   17229.8080041057       6.598599842758565E-002  8.654940880528487E-003
   78495.1636753957       6.648327554218002E-002  8.988720995951003E-003
   52681.2332971845       6.698094276222455E-002  9.321373384303678E-003
   46689.0202664399       6.754633242681228E-002  8.669492563895143E-003
   41494.3119952879       6.714517286759498E-002  8.224172094710068E-003
   34726.3176465657       6.674332469246709E-002  7.780203106754088E-003
   186469.940991585       6.634255565671433E-002  7.335315617035698E-003
   117019.024876565       6.594170649674609E-002  6.890887926106168E-003
   26633.3521939095       6.628995106994082E-002  6.577675914785294E-003
   117329.424791279       6.663656835545946E-002  6.263076198950678E-003
   102193.501868571       6.698432575314628E-002  5.949470279376672E-003
   37339.0805725552       6.733104557113187E-002  5.634991956309037E-003
   6585.01538961079       6.563063126429552E-002  4.775775448154624E-003
   12516.5396431671       6.536954087267606E-002  5.164312353763040E-003
   61596.5786756156       6.510723449114940E-002  5.551796020954070E-003
   139433.107934281       6.484644962433155E-002  5.940618394383654E-003
   94971.6312501662       6.448557916819407E-002  5.596228211748207E-003
   88194.8664521072       6.412471977029123E-002  5.252886614114514E-003
   28285.7442565890       6.376371710274387E-002  4.908595482155553E-003
   140961.209849101       6.272147632131324E-002  6.108907891870029E-003
   101831.886821672       6.311295010752761E-002  6.418046811691593E-003
   100785.956207591       6.350346331617880E-002  6.727204667346182E-003
   48976.2711369286       6.389502460805842E-002  7.036246694359125E-003
   62777.3072958025       6.355346567167193E-002  7.442797214767692E-003
   100086.633296336       6.321273707010874E-002  7.849390648629988E-003
   297944.430619975       6.287065314068262E-002  8.255993992486228E-003
   71012.4477148017       6.819754765648704E-002  9.234608125706801E-003
   115663.026584011       6.863616027523624E-002  8.724400306382286E-003
   236745.153413420       6.907390189736386E-002  8.215055294023926E-003
   310784.113795432       6.951256897572218E-002  7.704326644398315E-003
   108844.563330774       6.995003070464845E-002  7.194132101239412E-003
   215061.631721810       7.043040135368690E-002  7.636858585558034E-003
   21696.0477928209       7.091073947817733E-002  8.080446898359902E-003
   13555.3323069271       7.139009074599890E-002  8.522697613041790E-003
   64259.4230147080       7.187020765878550E-002  8.965944776554397E-003
   27714.1579349352       7.253208089250340E-002  8.197423542593271E-003
   37978.6239824838       7.202206975421972E-002  7.788472435307052E-003
   47291.0014554174       7.151332772354926E-002  7.380477152964731E-003
   230085.159850583       7.100367887503103E-002  6.971680231974335E-003
   166404.901460351       7.049595637428606E-002  6.562198587145058E-003
   125078.630913041       7.094847828906953E-002  6.202145118985975E-003
   167348.835340713       7.140154234088522E-002  5.840814954005816E-003
   151195.299409569       7.185364199542278E-002  5.480584845442004E-003
   77139.0270643890       7.230678789360498E-002  5.120407148433176E-003
   22807.7976605653       7.073734938861055E-002  4.516769976333156E-003
   31630.6945353868       7.044693390737905E-002  5.016453680022523E-003
   88527.1966368221       7.015548860321077E-002  5.517156528222491E-003
   114702.664496370       6.986509033004953E-002  6.016976342290788E-003
   32150.2302207292       6.954360593573315E-002  5.562303825033305E-003
   84412.9500660541       6.922122442850029E-002  5.106423255316959E-003
   49886.0647194740       6.889975529561038E-002  4.651550275704869E-003
   94583.9492265492       6.782882474157603E-002  5.888449637890835E-003
   17753.2877661779       6.832514183635037E-002  6.141570112109474E-003
   72513.1409174085       6.882268884796842E-002  6.395367621602310E-003
   53595.8530586341       6.931909956467625E-002  6.648302855724622E-003
   62863.2765106339       6.887701722463245E-002  7.153175188650641E-003
   132353.455047245       6.843335634945737E-002  7.658862829667280E-003
   233589.818320122       6.799027522654393E-002  8.163455547636539E-003
   114705.201762142       7.329978521616706E-002  8.858909683899531E-003
   132293.581372330       7.370915157640393E-002  8.344103340036560E-003
   94273.6644883407       7.411793965059053E-002  7.830287327100959E-003
   202595.087621760       7.452815018505166E-002  7.315274247500877E-003
   102222.266754480       7.493827314184064E-002  6.799542830204856E-003
   170542.669306965       7.546384152561633E-002  7.245128822457998E-003
   23984.4455387330       7.598941640080541E-002  7.690269612306565E-003
   147578.713761466       7.651371768884117E-002  8.134157624310493E-003
   36149.1048272912       7.703855987337031E-002  8.579073423632086E-003
   57611.8051709629       7.753742750284842E-002  7.999141760802932E-003
   91275.3920012658       7.701751262097883E-002  7.546973543045355E-003
   26559.4715809388       7.649851685253958E-002  7.096492054647039E-003
   187465.937976205       7.597871052899274E-002  6.645282227683243E-003
   81577.8831597512       7.545983894880920E-002  6.193576200823201E-003
   31929.3653790697       7.591006663144546E-002  5.719477680004885E-003
   104767.950373467       7.635975868936277E-002  5.244093756710528E-003
   46753.8982239496       7.680846623595591E-002  4.769774477619187E-003
   20850.4447481034       7.725791804103731E-002  4.294261382565959E-003
   26144.3382365884       7.605980150316743E-002  4.126456043923827E-003
   13442.6461746968       7.565846199141507E-002  4.641238207352131E-003
   43290.8016925758       7.525601822529393E-002  5.156901968693046E-003
   122265.001115736       7.485461916149558E-002  5.672540968397111E-003
   83779.3519566577       7.449385539480756E-002  5.214202667254437E-003
   79849.3301135682       7.413210247915984E-002  4.755974023526521E-003
   39956.5086311710       7.377138225806396E-002  4.298677696722607E-003
   83101.9967335066       7.281383285632376E-002  5.409300818390335E-003
   21638.3548084772       7.331951295791367E-002  5.698772289731810E-003
   41854.5137012869       7.382634765317285E-002  5.988927317277055E-003
   85725.1481235435       7.433316348232546E-002  6.277865379258439E-003
   29740.4397989129       7.388310373563876E-002  6.757569420228550E-003
   134232.924555364       7.343239698075632E-002  7.237333493204687E-003
   311609.362391184       7.298241982909726E-002  7.716347950033559E-003
   17958.7534955003       7.811725688320219E-002  8.498018274296415E-003
   61021.3796309738       7.857173794106689E-002  8.003463172126902E-003
   110304.010900415       7.902497998845685E-002  7.507825876721442E-003
   52664.7621940183       7.947924167138633E-002  7.013045409321838E-003
   16657.6370371909       7.993316250530319E-002  6.516982320693888E-003
   14007.9741030111       8.029303182610170E-002  6.950696408402157E-003
   35172.4690161877       8.065374184567908E-002  7.383546704063923E-003
   39271.6272173138       8.101359382490293E-002  7.817455023622844E-003
   13282.7024706066       8.137453184606973E-002  8.250179318099803E-003
   113154.338513166       8.247431150872218E-002  6.969025821630821E-003
   72797.7867892580       8.199202764770872E-002  6.677803725491930E-003
   87662.1845587310       8.150876149582036E-002  6.387758447160555E-003
   125349.243401693       8.102641493851545E-002  6.096628217056732E-003
   51472.8898788697       8.054329519975190E-002  5.806396678423556E-003
   46819.1800726368       8.096677288888415E-002  5.306456423077539E-003
   82013.6153961822       8.138892786604673E-002  4.807396324925030E-003
   17829.1588425752       8.181194877030142E-002  4.307338059648089E-003
   37699.0159141234       8.223381074481048E-002  3.807318884304607E-003
   80865.4127739911       8.112044968969205E-002  3.714646058720945E-003
   8847.33522910259       8.069108258900860E-002  4.209220214700950E-003
   22741.1558010000       8.026255355438830E-002  4.702520785347105E-003
   77739.5882119669       7.983313932467156E-002  5.196830265418644E-003
   78961.1268638481       7.936075068968590E-002  4.771623456895592E-003
   92655.5258128272       7.888746264969747E-002  4.347427076593611E-003
   24171.1309574054       7.841503114069702E-002  3.922186296972679E-003
   118564.013605185       7.774885243693450E-002  4.697894307501380E-003
   71239.9073219780       7.824055913446226E-002  5.100686254692560E-003
   82557.6296987949       7.873139719376870E-002  5.504491281762215E-003
   58743.2686176152       7.922316414687286E-002  5.907230782890871E-003
   46306.1320412924       7.880135599315471E-002  6.430535787959324E-003
   12999.2427674222       7.838055744896308E-002  6.953783676072961E-003
   53855.5456590857       7.795848027846226E-002  7.475987109830385E-003
   28321.5512281343       8.375558008701102E-002  8.068321135011648E-003
   47204.2508732956       8.404168492534678E-002  7.517677411115364E-003
   83363.5055583626       8.432638185101093E-002  6.966860775935781E-003
   68262.5209288155       8.461191270540121E-002  6.415946200892230E-003
   76589.5856262007       8.489611241376883E-002  5.866111815555938E-003
   89091.3697439515       8.530642006829917E-002  6.362042870521585E-003
   38663.7290817135       8.571708598082320E-002  6.859301453066183E-003
   57262.1092645882       8.612814659642169E-002  7.356437549893222E-003
   14780.8940697775       8.653926862946593E-002  7.853625033065853E-003
   78292.2235463016       8.747083425269292E-002  6.766495391437381E-003
   232925.543242009       8.691716444483974E-002  6.436421423247126E-003
   200185.176916688       8.636380387802879E-002  6.105867343710224E-003
   206540.014177641       8.581050346621930E-002  5.775127501511334E-003
   31555.7105906621       8.525808186238214E-002  5.444107175403862E-003
   27401.8883103503       8.574901532799803E-002  4.965501293442606E-003
   38632.3077044573       8.624057105617777E-002  4.487861646865115E-003
   80951.4218232332       8.673219038913293E-002  4.009600567424300E-003
   41123.3269686429       8.722382336607769E-002  3.531467079116905E-003
   131897.809539341       8.602668353417439E-002  3.404965316269579E-003
   51703.9587193242       8.562941203824836E-002  3.964571237059128E-003
   55861.8161807649       8.523331145513634E-002  4.524089523688505E-003
   122687.225126329       8.483631688522066E-002  5.082581939119985E-003
   129322.206040838       8.433241117488101E-002  4.593871592648346E-003
   101293.720840764       8.382943004748651E-002  4.103508839799846E-003
   34286.7989144420       8.332506232674129E-002  3.613278038495481E-003
   231600.135319659       8.279435867182107E-002  4.231310071467542E-003
   149371.987652620       8.335457324487998E-002  4.655921824601591E-003
   135409.708399678       8.391475150511311E-002  5.079739880521502E-003
   21195.9026465141       8.447433079364601E-002  5.504623665490661E-003
   48543.0341722352       8.397485411038996E-002  5.870518505712352E-003
   73647.6462302480       8.347480331666089E-002  6.237274823869386E-003
   53156.2950497135       8.297449989173852E-002  6.602666988365129E-003
   17437.4559357459       8.855722065537039E-002  7.697120865568905E-003
   36632.3972532160       8.889508531585202E-002  7.235832315685596E-003
   57277.1413836361       8.923252902209323E-002  6.774272909224247E-003
   32840.8144463221       8.957011526308470E-002  6.312860842842822E-003
   49464.4042891518       8.990754664158272E-002  5.851351962145564E-003
   67769.4849085623       9.044141251597956E-002  6.245180628348194E-003
   148917.044405983       9.097529617304462E-002  6.638729931296923E-003
   153740.875051463       9.151011515890173E-002  7.031931439705301E-003
   231650.534684482       9.204337193241084E-002  7.425348668125858E-003
   42817.4552708315       9.249556402214631E-002  6.897771353449879E-003
   115220.209570530       9.202418763749662E-002  6.431192305714574E-003
   112890.324014863       9.155283050124682E-002  5.963731446313837E-003
   160458.832087108       9.108165972078223E-002  5.497327777518369E-003
   23888.0300333484       9.061075300545272E-002  5.030742512376470E-003
   60911.6610600791       9.101289597777207E-002  4.593139487103465E-003
   101127.402171850       9.141477276266674E-002  4.155212085249481E-003
   100387.881879381       9.181682705458342E-002  3.717286126241155E-003
   79369.4366780319       9.221882556672198E-002  3.279192439224997E-003
   32652.2333146982       9.090674888102328E-002  2.936382192712953E-003
   47333.3375356986       9.053486879332591E-002  3.400047805721751E-003
   172026.321438900       9.016280615781180E-002  3.863690785690654E-003
   111463.408965898       8.979112026796782E-002  4.327877650561111E-003
   90849.4416742708       8.932048189953282E-002  3.929133070359812E-003
   150277.761835116       8.885104716554057E-002  3.529950243601173E-003
   96958.0747086258       8.838054824431975E-002  3.130855232115398E-003
   132459.988078387       8.768972259555956E-002  3.935875990638971E-003
   89656.2944078493       8.815559693360850E-002  4.340406446716741E-003
   124643.268326916       8.862153713752058E-002  4.743867024909628E-003
   34688.1891502248       8.908744261859006E-002  5.148489226052375E-003
   114324.069594790       8.868302518166718E-002  5.552871691954789E-003
   44311.4221506788       8.827889723698237E-002  5.957408641098527E-003
   94377.3859581993       8.787468635267133E-002  6.361795920983408E-003
   177203.842448070       9.302201864588973E-002  7.349575074301289E-003
   43697.9601984766       9.349570103206700E-002  6.951621450756176E-003
   248280.152544614       9.397038325401311E-002  6.551876062204798E-003
   290863.181378361       9.444412331171248E-002  6.152729691887579E-003
   121667.982048587       9.491758140520798E-002  5.752177770024220E-003
   245772.206620663       9.539420283534826E-002  6.079085511630665E-003
   158087.081051143       9.587078791187080E-002  6.404416068438417E-003
   191981.757485384       9.634610213701170E-002  6.730500430003128E-003
   157229.003701545       9.682210432792301E-002  7.054850058558154E-003
   91506.7027612792       9.746981459067702E-002  6.297862757922937E-003
   302356.832683227       9.707331474143538E-002  5.878197362256764E-003
   12537.2662734549       9.667572052921748E-002  5.460801322576656E-003
   121709.572218034       9.627961341511712E-002  5.042323290987367E-003
   53106.1533841450       9.588308665692143E-002  4.623772209622564E-003
   155513.110619414       9.621735634629096E-002  4.233714808584826E-003
   24637.1621788822       9.655038680191019E-002  3.843372493246640E-003
   5211.86353273190       9.688476538851983E-002  3.453049819953761E-003
   11669.3999711348       9.721799227814269E-002  3.062450932983319E-003
   63587.7769175067       9.576207592355876E-002  2.489597690116831E-003
   69776.4606005006       9.542669556949843E-002  2.879208234517725E-003
   207747.981634066       9.509103377274997E-002  3.267837939700674E-003
   42565.2522857430       9.475594167853144E-002  3.658132429700060E-003
   16321.3694131867       9.432310375189498E-002  3.327523346218724E-003
   20226.8483649041       9.389033815955268E-002  2.998104781280430E-003
   45981.6915541792       9.345758535864140E-002  2.667779128188099E-003
   38642.0788157595       9.261123170889171E-002  3.656006966483651E-003
   8267.57474254916       9.300452397125493E-002  4.032675217784931E-003
   32286.8443425245       9.339674389498236E-002  4.409318644518554E-003
   56618.4319175118       9.378988200645433E-002  4.785827064894992E-003
   119758.786652973       9.346660451162582E-002  5.313612929699478E-003
   44082.4174469596       9.314365794788280E-002  5.841066601869433E-003
   239998.377316805       9.281915281513634E-002  6.369498918981944E-003
   54172.5407440064      -1.635225866962286E-003  1.749868531647475E-002
   364794.740034267      -1.222644696087289E-003  1.703659485995970E-002
   542598.097725995      -8.099634539226749E-004  1.657267248654468E-002
   1337810.72329421      -3.972743291792160E-004  1.610782103002624E-002
   670018.961174989       1.607979002196277E-005  1.564271288357658E-002
   1355499.28916026       4.165528439951714E-004  1.610313263919581E-002
   277617.727075102       8.160640059663470E-004  1.656247553105290E-002
   235485.528493681       1.215708917389007E-003  1.702036331946075E-002
   564081.905589930       1.610885714345691E-003  1.747972090982137E-002
   898622.527633443       2.537306381935515E-003  1.653355203300422E-002
   848341.673554357       2.064123920797107E-003  1.614829392169611E-002
   757955.759051030       1.591792364202166E-003  1.576253799565711E-002
   86584.5247302459       1.119867001282781E-003  1.537964512211956E-002
   254909.318310869       6.526462681245482E-004  1.499599700252377E-002
   197606.087365751       1.115545439563707E-003  1.461467553494350E-002
   522725.833370352       1.580511328742516E-003  1.423271379302263E-002
   963802.754864676       2.045462200020281E-003  1.384943029363130E-002
   627617.575153234       2.510755708852975E-003  1.346577953407178E-002
   300152.287879636       1.150023838694784E-003  1.296176681379997E-002
   127363.247716989       7.704108099289908E-004  1.342700217724805E-002
   529180.025103336       3.898464148805596E-004  1.389258121206553E-002
   189777.186222173       8.805324650039536E-006  1.435860017184273E-002
   477003.018813347      -4.504536400247407E-004  1.389693738770956E-002
   63418.9513694991      -9.079037871253863E-004  1.343471873839241E-002
   25799.4907452073      -1.365114593172570E-003  1.297249136896454E-002
   371970.912509469      -2.501828522752660E-003  1.318925682402433E-002
   787147.147209122      -2.033673836540585E-003  1.364506094878938E-002
   687376.084320407      -1.564967122502903E-003  1.409925761656033E-002
   329020.837137560      -1.095884766745435E-003  1.455082084344488E-002
   377719.963792953      -6.287369106085484E-004  1.500302853113954E-002
   224629.820761391      -1.090744759941434E-003  1.541261753683317E-002
   399492.553683401      -1.557413888746963E-003  1.582080560187859E-002
   1069213.61257645      -2.025140134610431E-003  1.623034017580423E-002
   723249.677617723      -2.491092563282510E-003  1.664243848390956E-002
   612073.961899352       3.479308302891323E-003  1.745564573912099E-002
   351753.213846662       3.868249484793795E-003  1.701523070788986E-002
   960508.312476934       4.259987580817766E-003  1.657453234002322E-002
   2341742.01886442       4.653350281538069E-003  1.613126476392503E-002
   1289217.23812115       5.048086551579933E-003  1.568570551529282E-002
   2379838.96203571       5.484765670131952E-003  1.611648822025068E-002
   443226.635263479       5.918676488277016E-003  1.654518582498173E-002
   263232.688325881       6.351528789550283E-003  1.696998676884439E-002
   108651.487999808       6.778831563322919E-003  1.739704176681852E-002
   1370255.35258713       7.587822818622897E-003  1.655491520654653E-002
   1683479.25022951       7.130045199956140E-003  1.614572876025211E-002
   912918.314889768       6.673633903742206E-003  1.574054194869870E-002
   758737.527631521       6.217830884833523E-003  1.533960277755049E-002
   177668.997999943       5.770408572001999E-003  1.493553890144985E-002
   446170.435758921       6.206404977945877E-003  1.442845559334522E-002
   665382.866956063       6.645891686534518E-003  1.392247436449846E-002
   1498490.38499578       7.087325649582529E-003  1.341474802928461E-002
   1194056.71479555       7.529456464898151E-003  1.290280243285130E-002
   374877.385929168       6.540846991067921E-003  1.287415535749711E-002
   1052100.77738928       6.036029738192745E-003  1.331752006747152E-002
   1857289.78629600       5.531209396355812E-003  1.376383252136668E-002
   203648.319174071       5.027971493713306E-003  1.421432551050568E-002
   418912.736864207       4.637969011618525E-003  1.378044682221662E-002
   264315.095490481       4.249258435531815E-003  1.334666783693151E-002
   536412.247636938       3.862196197240601E-003  1.291417517054982E-002
   887685.061289955       2.959979468680156E-003  1.384194376795447E-002
   599386.223155546       3.408474913050904E-003  1.421622853405048E-002
   16647.2400825833       3.857939413256237E-003  1.458841835156909E-002
   108778.331045280       4.304552007547696E-003  1.495990064042487E-002
   218730.952539961       3.867551112722641E-003  1.535105426660296E-002
   1375424.05464199       3.424227569445603E-003  1.574169569010710E-002
   2423765.59961114       2.980306179817829E-003  1.613539302308667E-002
   862918.504563790       8.425406949509809E-003  1.736443432572191E-002
   103546.695735673       8.838461760491353E-003  1.690881660866719E-002
   957968.102479832       9.255683259677230E-003  1.645349230724978E-002
   2252888.09453432       9.674695568997325E-003  1.599644853890490E-002
   1330061.92773234       1.009538290455729E-002  1.553504529914307E-002
   2563319.00848005       1.063011029113979E-002  1.597467310386275E-002
   809453.246748161       1.116625460273138E-002  1.640971185709143E-002
   88266.2276456420       1.170293969982986E-002  1.683869204286160E-002
   424371.199737450       1.223174906463552E-002  1.726770134947750E-002
   892354.935878149       1.265946035165166E-002  1.681300319354034E-002
   975404.131305123       1.218049596883250E-002  1.631560886878670E-002
   60073.8798133502       1.170293001120060E-002  1.582304915297559E-002
   1557571.49711555       1.122980580098114E-002  1.533074607541930E-002
   500350.645658786       1.076655868528049E-002  1.483248315139836E-002
   752897.287917887       1.121448837235457E-002  1.440650535268788E-002
   1185470.93323023       1.166222438502051E-002  1.397907839350081E-002
   1748399.81088401       1.210947664108789E-002  1.355086400768412E-002
   1165119.68992497       1.255669072135260E-002  1.312084416708202E-002
   179103.786300430       1.129581718388087E-002  1.277506759635928E-002
   347000.583637354       1.088922131266060E-002  1.323763491462901E-002
   808473.220647864       1.048007864294853E-002  1.370008608823192E-002
   130958.000915537       1.007044695648484E-002  1.416387910642200E-002
   737340.117770624       9.552401905900806E-003  1.372136267504007E-002
   12755.1435153617       9.034259756977542E-003  1.328229142693938E-002
   152804.641074484       8.515236031097705E-003  1.284604458396798E-002
   43195.0653231758       7.999976352748085E-003  1.339364646255620E-002
   88920.6401873536       8.469311343897803E-003  1.388356752355034E-002
   751546.706952727       8.936775026765787E-003  1.437154527186263E-002
   297173.264607502       9.400440904703471E-003  1.486240240478752E-002
   378565.566632245       8.951620304575587E-003  1.528333969117626E-002
   1506313.00818752       8.497572714733325E-003  1.570308208055681E-002
   2426041.23810132       8.042049354145167E-003  1.612648319975618E-002
   381975.574670202       1.311071420497048E-002  1.724238729637458E-002
   762172.102820038       1.361723466743994E-002  1.681133442300310E-002
   1601575.07332220       1.412867153959068E-002  1.637865112934733E-002
   2210009.96539941       1.463918188052516E-002  1.594171744801523E-002
   1020713.06766789       1.514744360761153E-002  1.550062522108084E-002
   1345465.63407852       1.554355185413576E-002  1.590934474432336E-002
   180041.557810649       1.593672796066801E-002  1.631697392275263E-002
   265763.099241257       1.632932898493252E-002  1.672338558110730E-002
   315189.388009493       1.671777867683923E-002  1.713073962756282E-002
   1029319.73214040       1.768239393220081E-002  1.609969903152469E-002
   1397369.81628197       1.724144156994584E-002  1.573932892616358E-002
   959981.469721113       1.680056590041274E-002  1.538017818711959E-002
   25430.3779270924       1.636021231137127E-002  1.502432527332867E-002
   27394.1955755785       1.592344724467093E-002  1.466702523762244E-002
   161645.716226388       1.633318883819801E-002  1.420478692430336E-002
   373162.671258679       1.674552318187837E-002  1.374185733598808E-002
   1364384.37787371       1.715933049318628E-002  1.327874794337842E-002
   1054489.63874834       1.757415206040912E-002  1.281301831812089E-002
   32688.7211523212       1.642220415377637E-002  1.257964352974511E-002
   799955.177143795       1.597991635192194E-002  1.301440152549103E-002
   1295500.63860247       1.553607046719739E-002  1.345099864953019E-002
   604375.257435323       1.509401716023914E-002  1.389052613422616E-002
   867188.487570628       1.465934403219531E-002  1.348193061101909E-002
   61379.3747542357       1.422561909731684E-002  1.307442819924139E-002
   212276.026759983       1.379366150441706E-002  1.266811278008649E-002
   699790.134908709       1.299865832162535E-002  1.352263305102237E-002
   649884.930044460       1.343926233130284E-002  1.392313687569406E-002
   51135.0452604928       1.387974891808050E-002  1.432262017877863E-002
   154452.623928552       1.431784680163128E-002  1.472244153996124E-002
   616304.975748586       1.391024872075125E-002  1.524633533094336E-002
   153419.368968459       1.349680879069877E-002  1.576752089981966E-002
   1296789.34096050       1.307906850494161E-002  1.628847943496596E-002
   548703.211555107       1.871033295538003E-002  1.706530313002102E-002
   38365.6542946155       1.907304394574288E-002  1.663936172569068E-002
   590004.708681049       1.943907071179590E-002  1.621329452366146E-002
   1710728.03561112       1.980552909257639E-002  1.578686586578458E-002
   1167926.31900674       2.017456630728451E-002  1.535800170191030E-002
   2248394.62567363       2.066729948744678E-002  1.575865527525962E-002
   1032040.78621270       2.116003767008424E-002  1.615516594407916E-002
   467800.288252517       2.165222740478365E-002  1.654906401416691E-002
   208903.679245941       2.213903230486306E-002  1.694339949996912E-002
   1539085.22407390       2.273223582431231E-002  1.630415605289435E-002
   1312532.86934898       2.228879043798867E-002  1.585022431527506E-002
   485265.458699791       2.184695796541703E-002  1.539992040749631E-002
   688634.506260524       2.140878538494993E-002  1.495100616522826E-002
   221343.957124399       2.097564524789380E-002  1.449944237924466E-002
   875544.667471706       2.138411369817828E-002  1.415933426084016E-002
   1197705.34541748       2.179323522080591E-002  1.381843877392888E-002
   1955630.70574988       2.220303438785152E-002  1.347531977702898E-002
   1257360.50553339       2.261398397493249E-002  1.313222794276127E-002
   473615.423029486       2.107366063404447E-002  1.241777856732386E-002
   274660.699778439       2.075724477592253E-002  1.284376980866558E-002
   801161.125797003       2.043967164102638E-002  1.326957733708189E-002
   827160.831770020       2.012056388297248E-002  1.369749658931299E-002
   1499945.10289783       1.964981463686271E-002  1.329482192035162E-002
   744124.897635905       1.917802557107667E-002  1.289565245653034E-002
   407172.557113086       1.870785575703951E-002  1.249753979314769E-002
   1008866.39003473       1.801323719023570E-002  1.325060166608362E-002
   505751.379430657       1.845118396809859E-002  1.368513559377357E-002
   241666.710733297       1.888658578902839E-002  1.411948307707580E-002
   110592.307689318       1.931944289211994E-002  1.455391937265852E-002
   167247.504330425       1.891301517421038E-002  1.493963426212485E-002
   1098350.26139718       1.850380265959064E-002  1.532385284535408E-002
   1655021.59287256       1.809293268003606E-002  1.571096654578847E-002
   502654.616028521       2.336844934632927E-002  1.690003770728122E-002
   1039922.47995632       2.382690373253903E-002  1.646212343199632E-002
   1416562.45490768       2.428961945031219E-002  1.602284182783814E-002
   2794993.00634612       2.475181468135384E-002  1.558043040405353E-002
   1331445.28027261       2.521371038768831E-002  1.513521918450208E-002
   2257264.64386011       2.563025056893677E-002  1.554145256527113E-002
   722863.450507725       2.604400567558907E-002  1.594548202380761E-002
   231159.346126048       2.645731228344109E-002  1.634820571088037E-002
   572329.661276550       2.686635505992961E-002  1.675101648829792E-002
   1680738.95433291       2.776505765792373E-002  1.576066767531165E-002
   1681889.59208619       2.731445461123401E-002  1.539342646885128E-002
   1144815.68922669       2.686377380366944E-002  1.502839546585454E-002
   147043.559769377       2.641533819877272E-002  1.466677487522840E-002
   277269.688370046       2.597219461966336E-002  1.430273802900375E-002
   333953.298890645       2.638255888197830E-002  1.389703002328387E-002
   936230.298429678       2.679582975348858E-002  1.349001369820338E-002
   1998761.49959732       2.721084718904442E-002  1.308183485506193E-002
   1408606.85367209       2.762605069531348E-002  1.267267787848426E-002
   185030.741829935       2.628185652069635E-002  1.222012283354093E-002
   804088.398355226       2.590413851624294E-002  1.265951142417055E-002
   1517423.22270079       2.552419493406720E-002  1.309958401302292E-002
   840383.377610119       2.514486779286257E-002  1.354246070647323E-002
   1085347.30462632       2.479346857951593E-002  1.313238184672244E-002
   32782.3519241863       2.444450360360935E-002  1.272231821117099E-002
   138422.206281893       2.409643887277696E-002  1.231214761034054E-002
   1408267.41412097       2.305757808256266E-002  1.344313778648127E-002
   1476842.18340049       2.350098917364197E-002  1.375437615176131E-002
   736946.417344968       2.394391972761773E-002  1.406323566955212E-002
   599832.603154974       2.438450092585890E-002  1.437222177279467E-002
   717806.673719588       2.397908738666093E-002  1.485639291415265E-002
   553352.633738909       2.356632779379317E-002  1.533734386034771E-002
   1220903.29727285       2.314979137293445E-002  1.581945819105680E-002
   757823.230099760       2.875171473383042E-002  1.666330929129053E-002
   182370.998456171       2.911983204207650E-002  1.619011224068912E-002
   365994.314562198       2.949301587186852E-002  1.571829521675157E-002
   2093608.60637404       2.986765609310861E-002  1.524569743725665E-002
   1431996.48074214       3.024525340606553E-002  1.476868532903422E-002
   2242625.13052339       3.068740124000428E-002  1.520757998560298E-002
   626897.308075136       3.112677366160402E-002  1.564311323167736E-002
   148415.866613724       3.156554080217758E-002  1.607760606780172E-002
   184680.434122203       3.199955976308998E-002  1.651316301360251E-002
   1262427.97850673       3.281150968095082E-002  1.561172114322977E-002
   1638122.60582178       3.232400699802772E-002  1.522610204116421E-002
   1182731.78835241       3.183648532218997E-002  1.484227057535975E-002
   96142.9752397419       3.135098527142841E-002  1.446175322364898E-002
   361090.376837685       3.087029512534164E-002  1.407835090548233E-002
   744278.417612552       3.131332307513648E-002  1.366838601743669E-002
   946083.932837675       3.175814883237011E-002  1.325732518121444E-002
   1574354.30873100       3.220380655376368E-002  1.284500903910887E-002
   981231.628797067       3.264922382097819E-002  1.243009306864123E-002
   301506.557956449       3.130081651262967E-002  1.202104850706485E-002
   349239.658700471       3.093001806975568E-002  1.249742424569428E-002
   783596.253315703       3.055665921675193E-002  1.297367225833746E-002
   1024706.52663031       3.018276365069929E-002  1.345225339766761E-002
   1267349.47187868       2.976280132654618E-002  1.301119230536424E-002
   224306.386098883       2.934314234486338E-002  1.257417074053844E-002
   172266.788797085       2.892636923329354E-002  1.213713520219026E-002
   1390486.56726387       2.811109109289593E-002  1.304160556303670E-002
   1251238.15286134       2.859528973800363E-002  1.340951631883199E-002
   401055.515183324       2.907822073975034E-002  1.377562371291376E-002
   35543.3840884068       2.955891622407758E-002  1.414017502212665E-002
   96239.0160712972       2.911467907267039E-002  1.454313121950943E-002
   1479729.34317234       2.866565350925435E-002  1.494497402302444E-002
   1962964.57927019       2.821521450695581E-002  1.535128773301516E-002
   219028.213856948       3.371188397190727E-002  1.642659881213528E-002
   377265.239217359       3.410237480324180E-002  1.602291086637649E-002
   796839.752620542       3.449718397146382E-002  1.561932200313519E-002
   1673859.79928324       3.489154222262890E-002  1.521272563058213E-002
   967988.993689863       3.528737950590990E-002  1.480518643119419E-002
   1375776.30160504       3.567124142287690E-002  1.517081727505604E-002
   482333.881682312       3.605244090305898E-002  1.553745583547556E-002
   29504.8791419715       3.643368422118110E-002  1.590200176431959E-002
   154630.474619115       3.681269961869085E-002  1.626624838525935E-002
   587135.452837900       3.781893325195917E-002  1.514531199402991E-002
   1245847.97944270       3.741024725439936E-002  1.480824467377387E-002
   792443.833006026       3.700137765284596E-002  1.447217508569799E-002
   51142.1882109238       3.659212446458560E-002  1.413841144352855E-002
   197640.990050800       3.618681646326717E-002  1.380249605805026E-002
   44167.6750143781       3.655106185836842E-002  1.336499060027872E-002
   317187.527756182       3.691780105847583E-002  1.292758128442581E-002
   613106.856271649       3.728434803486416E-002  1.249064130135532E-002
   458896.657645040       3.765069723698718E-002  1.205109762694944E-002
   147583.602989792       3.638488171674452E-002  1.167849529428393E-002
   437134.191617430       3.598637865115008E-002  1.208562124365430E-002
   705344.571314570       3.558638386809998E-002  1.249457700084745E-002
   587294.880698384       3.518625476178536E-002  1.290353997102095E-002
   759913.145915078       3.477257347677674E-002  1.253797363510982E-002
   335090.006997647       3.435788634866589E-002  1.217330672323863E-002
   231325.185860216       3.394499007861953E-002  1.181053847434619E-002
   750641.679793412       3.306033055083057E-002  1.279989167656507E-002
   523940.288293238       3.347012157058760E-002  1.316842838004312E-002
   98139.4452755425       3.388031786632347E-002  1.353671558126079E-002
   222148.760209257       3.428829603842364E-002  1.390361352323892E-002
   235163.623774339       3.392286825053357E-002  1.433041541598434E-002
   604103.202167267       3.355292776619555E-002  1.475564245366979E-002
   1153553.71416753       3.318282118901516E-002  1.518334634068111E-002
   76104.1658665663       3.894102591700941E-002  1.615224538454931E-002
   565397.623780448       3.928435795644925E-002  1.586079394235444E-002
   801428.618250420       3.962960809942813E-002  1.556797507587512E-002
   1164233.71252233       3.997395447153388E-002  1.527525499290555E-002
   610419.307654526       4.031980360480671E-002  1.498128422741456E-002
   1355942.42852126       4.083477462858120E-002  1.522688766664108E-002
   1130099.85546895       4.134968494681216E-002  1.547099537423469E-002
   983949.058672071       4.186540915820176E-002  1.571368208148374E-002
   269211.402487946       4.237885913890287E-002  1.595335522005409E-002
   596357.387440242       4.285874730802205E-002  1.540853649663521E-002
   160697.640762921       4.255117791227863E-002  1.493280918811352E-002
   310621.578259941       4.224549628716109E-002  1.445631041183683E-002
   629027.961459986       4.194244846678447E-002  1.397930539003087E-002
   83110.0365350531       4.164087095071098E-002  1.350063395915970E-002
   468811.990177751       4.188668384566366E-002  1.295017319109690E-002
   178247.581818782       4.213114179170083E-002  1.239935877406628E-002
   227828.394853316       4.237837686621415E-002  1.184903628074441E-002
   624367.326546589       4.262678608070405E-002  1.129665085064121E-002
   817250.355441111       4.173648377367418E-002  1.126878953047691E-002
   893368.150735358       4.121172352884656E-002  1.157155840772088E-002
   946055.697494005       4.068738399567685E-002  1.187436767250992E-002
   141248.854182476       4.016476110248419E-002  1.218030299469368E-002
   326531.191905780       3.973034729276210E-002  1.192924621053254E-002
   144687.870837649       3.929601584517770E-002  1.167982244250334E-002
   58504.4922634648       3.886283451882324E-002  1.143004405438687E-002
   290005.346937834       3.794911327686009E-002  1.245341555775070E-002
   57392.3253242849       3.824762407234652E-002  1.285440980888633E-002
   149040.872375738       3.854474914060173E-002  1.325617390933117E-002
   38090.7368464422       3.884234512936777E-002  1.365794782928778E-002
   76925.3003167033       3.858760751715454E-002  1.403023344918124E-002
   322016.367054196       3.833229552232351E-002  1.440103359401565E-002
   669333.870489052       3.807554850044536E-002  1.477343711738805E-002
   250005.919862364       4.340177718393676E-002  1.588855448988519E-002
   142059.488844688       4.386904041475739E-002  1.537794379338817E-002
   517263.157949264       4.434225808302370E-002  1.486875028716727E-002
   1270097.67723540       4.481732012983795E-002  1.435834978703724E-002
   674880.633637583       4.529177738079328E-002  1.384484974474118E-002
   1193418.18284606       4.581627765724064E-002  1.429948132586360E-002
   289583.997064750       4.634229862548752E-002  1.475074556026586E-002
   277982.619058360       4.686617140118997E-002  1.520025952995413E-002
   11853.3596261938       4.738742683661667E-002  1.565075579906487E-002
   338559.100376002       4.788764181360997E-002  1.508544483226613E-002
   844396.399194811       4.736784069444664E-002  1.462452082555424E-002
   267838.707318563       4.684742594976260E-002  1.416860536301551E-002
   535680.170953439       4.632852241619281E-002  1.371285892477796E-002
   123512.567270563       4.581454436935675E-002  1.325579539589618E-002
   388863.444488941       4.627707806266494E-002  1.280996397764376E-002
   693970.682392525       4.674058639524738E-002  1.236348473085438E-002
   966438.512510544       4.720380562572964E-002  1.191463838485213E-002
   586412.998604184       4.766643495298974E-002  1.146543154863520E-002
   155408.105993291       4.640920305814576E-002  1.120646642285142E-002
   163109.628293465       4.601595359048637E-002  1.171473950548275E-002
   553344.494078135       4.562233037724094E-002  1.222306034438062E-002
   275887.536923342       4.522818695992750E-002  1.273275814500793E-002
   713172.686416353       4.465958801400766E-002  1.227964925428088E-002
   205267.524368858       4.408996565274093E-002  1.182900527725850E-002
   153642.509436455       4.352044574634555E-002  1.138021162164415E-002
   364056.512074489       4.314782735514303E-002  1.180542648991097E-002
   127827.330496188       4.366903765000257E-002  1.231012268621550E-002
   343250.382301188       4.418874519408941E-002  1.281444765417554E-002
   27814.7298871669       4.470532101327850E-002  1.332071312897300E-002
   25053.8065600116       4.424667248426832E-002  1.384123118192217E-002
   748367.743694967       4.378390929675816E-002  1.436091174111506E-002
   1428950.12853342       4.332026737638247E-002  1.488266391684038E-002
   312699.441423383       4.845191773318351E-002  1.558675101372589E-002
   56795.1378160107       4.891658061606086E-002  1.509243781534042E-002
   557663.986099890       4.938262441956221E-002  1.459795514256437E-002
   1110169.54542916       4.984986383283764E-002  1.410240099873712E-002
   527867.769517132       5.031473479139274E-002  1.360294926191351E-002
   813710.436161098       5.078149685626650E-002  1.404124475171937E-002
   136408.552364939       5.124758157458686E-002  1.447716278177937E-002
   206426.277537047       5.171268205915489E-002  1.491334923889202E-002
   19433.6547146830       5.217597771698371E-002  1.535001983399408E-002
   341332.372651630       5.289104230226920E-002  1.453293776353806E-002
   690169.472818761       5.239171845897192E-002  1.413202723652022E-002
   369702.080607226       5.189202327625596E-002  1.373319636695269E-002
   204114.474686883       5.139388520316038E-002  1.333547406371887E-002
   48166.2391140371       5.089746172698565E-002  1.293703655457944E-002
   79583.5289809345       5.133382874583896E-002  1.241101208516726E-002
   186581.099502155       5.177029751926025E-002  1.188424441092309E-002
   497175.933805063       5.220847131467731E-002  1.135792964372094E-002
   361809.539791603       5.264630440426794E-002  1.082920155086061E-002
   17865.0069964688       5.164040263510119E-002  1.085638114206811E-002
   252086.341986855       5.117184225477531E-002  1.135505035508690E-002
   478174.511698473       5.070186676771881E-002  1.185341000950413E-002
   113005.885427466       5.023362086889745E-002  1.235417696792518E-002
   197473.367937727       4.978261106180823E-002  1.191391461914522E-002
   106472.116903198       4.933212406930812E-002  1.147545801274609E-002
   84375.0298199372       4.888126632988215E-002  1.103624575448517E-002
   296896.383377341       4.816325597143314E-002  1.185426122797647E-002
   354680.470140089       4.865972076572075E-002  1.224399063301257E-002
   89435.3013933874       4.915524627356801E-002  1.263152546631978E-002
   179488.940552051       4.965101290047640E-002  1.301862050707458E-002
   367745.393816057       4.921372169120844E-002  1.353503384940860E-002
   171418.904309456       4.877356349531545E-002  1.405093927837487E-002
   699748.890173247       4.833050167844614E-002  1.456638057444934E-002
   41723.0598824050       5.370762547160776E-002  1.524846496394381E-002
   93844.9016017536       5.411036820308199E-002  1.476907155981212E-002
   274793.184531658       5.451471747803249E-002  1.428973803764722E-002
   730333.600087464       5.491990080710264E-002  1.380962124275601E-002
   410778.974021111       5.532508160255609E-002  1.332790290766108E-002
   549393.920083003       5.571945077704486E-002  1.375544969053276E-002
   37972.8857589216       5.611186111717875E-002  1.418264904560391E-002
   182918.819373902       5.650451655355075E-002  1.460948134231735E-002
   200575.941242802       5.689538666615104E-002  1.503650834055043E-002
   218682.034698402       5.787562032467115E-002  1.391415095526681E-002
   566907.895844973       5.739688710697909E-002  1.358440817400204E-002
   392416.543353881       5.691779576178149E-002  1.325486352069406E-002
   11668.3869972699       5.643893838532404E-002  1.292720630474634E-002
   91233.6024119010       5.596161684592696E-002  1.259832738663296E-002
   18557.9500199107       5.638529915024801E-002  1.212679249371063E-002
   214721.840687366       5.680945413809842E-002  1.165502454185179E-002
   274229.784303506       5.723380884113496E-002  1.118185045424974E-002
   163677.715517739       5.765772343292619E-002  1.070857386914610E-002
   34316.4296974732       5.647179734321351E-002  1.051499292638695E-002
   63791.6280929270       5.605871950500021E-002  1.099698231636579E-002
   276697.934223895       5.564605775477688E-002  1.147905118576598E-002
   107430.735605063       5.523354817876915E-002  1.196196149434002E-002
   252271.476243910       5.470476715626364E-002  1.154265033324327E-002
   83258.4530057397       5.417458797005935E-002  1.112481741889558E-002
   45178.1496387123       5.364571333829404E-002  1.070764400520615E-002
   186831.698322316       5.313484556557822E-002  1.129588084331583E-002
   37185.7664876930       5.362313960890465E-002  1.176047818548573E-002
   147999.309191179       5.411082334745606E-002  1.222572146165207E-002
   185116.719679643       5.459736000722542E-002  1.269037344577589E-002
   47757.3171311339       5.417247987864886E-002  1.315020286745840E-002
   371273.880291285       5.374557095640424E-002  1.360989453664542E-002
   713745.295566509       5.331807505767446E-002  1.407052338087521E-002
   54608.3550186645       5.899830543590554E-002  1.489370818035040E-002
   48816.7246818219       5.933094886100754E-002  1.445789645295983E-002
   260571.447595516       5.966487595257847E-002  1.402079551993812E-002
   482475.206917819       5.999826726830764E-002  1.358443549063600E-002
   261615.026109820       6.033273600285090E-002  1.314636563107747E-002
   498359.446280902       6.081519396241723E-002  1.352702686917465E-002
   105744.102755422       6.129718604859030E-002  1.390649244485878E-002
   45956.8450406445       6.177912840012006E-002  1.428610727464283E-002
   81050.2511044217       6.226106805829529E-002  1.466461941513793E-002
   112125.122579246       6.289792638803622E-002  1.393073705681137E-002
   205545.336659644       6.245267538299689E-002  1.350740088504441E-002
   36702.7737079191       6.200679062678398E-002  1.308589242027415E-002
   298954.414240372       6.156236176952154E-002  1.266466344327679E-002
   150024.742665654       6.111861356745043E-002  1.224252507370314E-002
   91209.1166147292       6.150588262624187E-002  1.183306677701996E-002
   268553.238071962       6.189188301084203E-002  1.142324443428913E-002
   255610.191381568       6.227904929094825E-002  1.101327685543908E-002
   204524.083744838       6.266496560658848E-002  1.060294617020348E-002
   84968.0609786081       6.127526382339880E-002  1.013983243259660E-002
   104785.039457306       6.092260942703589E-002  1.057929002517924E-002
   257979.917251247       6.056953533813491E-002  1.101768805578117E-002
   26757.7395547904       6.021681165674399E-002  1.145765090706705E-002
   85789.9414418612       5.974583655099266E-002  1.107554957878434E-002
   63190.2757203492       5.927501767491102E-002  1.069474811344433E-002
   61347.9541017581       5.880322554856149E-002  1.031337007513859E-002
   7784.72219848123       5.810096149025656E-002  1.112143224226180E-002
   31659.0735436456       5.854496470350480E-002  1.153513621339878E-002
   155981.041787696       5.898775005672435E-002  1.194764506640512E-002
   18722.1884573168       5.943100887170385E-002  1.236028428810581E-002
   143843.549003953       5.904233849273697E-002  1.274887056450404E-002
   327872.071331808       5.865386580847130E-002  1.313647570952111E-002
   496146.203206514       5.826417494067199E-002  1.352548612579720E-002
   57698.5310936545       6.363110144709472E-002  1.456722253560741E-002
   39366.1303420787       6.405727015441204E-002  1.414835888125937E-002
   325048.699154025       6.448281234640983E-002  1.372912038939814E-002
   378662.449467342       6.490862611615780E-002  1.330949665324557E-002
   170535.716139285       6.533405787485692E-002  1.288901726125425E-002
   310598.401513623       6.582695841143729E-002  1.324318844222959E-002
   99721.9106928215       6.631993857747606E-002  1.359662740409791E-002
   112138.730233137       6.681288973201092E-002  1.394915766715876E-002
   54956.9615080938       6.730518992735583E-002  1.430120820931801E-002
   39455.2399105077       6.789620092628101E-002  1.361544862731273E-002
   36075.2776043895       6.747326531955637E-002  1.318119028328680E-002
   175532.547820764       6.705078370577977E-002  1.274748797209140E-002
   358288.410986469       6.662901836070460E-002  1.231371747595482E-002
   103417.516241730       6.620842148368447E-002  1.187923926107979E-002
   201185.457177273       6.656386343814157E-002  1.138215634532166E-002
   129517.888542971       6.691927607399870E-002  1.088372884337627E-002
   265005.579919739       6.727558489947473E-002  1.038628394410864E-002
   275036.728431384       6.763192616691116E-002  9.886942686130225E-003
   187063.515193938       6.653575185322405E-002  9.741525903092425E-003
   299169.463816065       6.609101132167487E-002  1.016200425680122E-002
   528471.911327100       6.564505987336559E-002  1.058294365678830E-002
   34289.4990403243       6.520101529589134E-002  1.100518716882183E-002
   83303.3429891107       6.479189265868557E-002  1.064490739992119E-002
   117922.696705239       6.438312597073728E-002  1.028465447383959E-002
   127762.757894905       6.397451330741308E-002  9.924677607356732E-003
   60301.8035204082       6.308061342536163E-002  1.095604335875632E-002
   26582.8371016577       6.349597130139879E-002  1.130906717824308E-002
   149587.174206224       6.391129905348264E-002  1.166165492396531E-002
   88275.6492196519       6.432604479637956E-002  1.201440830874752E-002
   15815.3551855045       6.396965449355654E-002  1.249285377645986E-002
   110941.253797768       6.361275538165979E-002  1.297137481846504E-002
   397213.385394040       6.325522753780155E-002  1.345003264628165E-002
   182156.347850405       6.858085862995096E-002  1.420590627657133E-002
   351662.135932720       6.900441725052738E-002  1.361700681772142E-002
   15218.7283189003       6.942965016877237E-002  1.302899745699209E-002
   325101.502333876       6.985720008578583E-002  1.244171531780668E-002
   246391.559871115       7.028551880714154E-002  1.185358069624168E-002
   290693.327739910       7.082031897802321E-002  1.237121844220145E-002
   229854.037419310       7.135499708740231E-002  1.288759287957789E-002
   333858.974578546       7.188869254490333E-002  1.340471570132943E-002
   32612.7776366342       7.241877074132506E-002  1.392402577832402E-002
   79452.3477980098       7.291097408505430E-002  1.335660768432059E-002
   340606.396699217       7.231734235075152E-002  1.290597487269284E-002
   215555.454524169       7.172211965485248E-002  1.245709075139344E-002
   254520.478241357       7.112640303354392E-002  1.201148673227859E-002
   59176.8214518132       7.053444927872801E-002  1.156544727592234E-002
   248791.800716879       7.105993685476987E-002  1.108247616387800E-002
   457700.322260314       7.158697927529334E-002  1.059859326204815E-002
   504655.551761303       7.211318613429410E-002  1.011435178582292E-002
   265715.836128679       7.263828763787675E-002  9.627972609691914E-003
   152290.225765592       7.146647752426066E-002  9.554443157203451E-003
   34177.0708646572       7.106214833888103E-002  1.014200537270707E-002
   285834.941738440       7.065521407926581E-002  1.072909375340442E-002
   55918.1503039561       7.024731188178468E-002  1.131631259435169E-002
   151316.035641669       6.973405689342917E-002  1.079638602480030E-002
   220490.143535578       6.922015976310218E-002  1.027669272556451E-002
   131438.961590806       6.870843674939119E-002  9.756362176481967E-003
   130760.116812505       6.822351590836290E-002  1.031846279126695E-002
   158821.892767270       6.881564996084312E-002  1.074783145717458E-002
   177611.724751711       6.940834659545052E-002  1.117658686533713E-002
   135381.722706384       6.999836066895163E-002  1.160430180746821E-002
   292684.786901227       6.947363314133471E-002  1.210500543094037E-002
   503111.865660214       6.894647011754818E-002  1.260649965238928E-002
   711600.302266974       6.842030689805466E-002  1.310974520124735E-002
   156439.511884075       7.347731270114723E-002  1.384852720744088E-002
   133279.946265776       7.394186880928008E-002  1.342659921870027E-002
   567213.068281064       7.440783166100082E-002  1.300440832750719E-002
   661619.013228953       7.487252833742958E-002  1.258013182073888E-002
   324276.683932012       7.533650465981258E-002  1.215553071156705E-002
   459859.865074968       7.579800010532022E-002  1.251049462779902E-002
   157672.264952644       7.625821928896738E-002  1.286615531149529E-002
   118910.777872928       7.671895017150426E-002  1.322016456543055E-002
   153683.101659043       7.717793669121074E-002  1.357505855381503E-002
   190393.392060464       7.789179744950679E-002  1.274568230472570E-002
   402252.233507319       7.746923660052045E-002  1.234507534857113E-002
   124592.847378585       7.704762355981723E-002  1.194457714597803E-002
   159240.918555742       7.662558358176377E-002  1.154555993024607E-002
   48772.2577894315       7.620573411790293E-002  1.114495616006801E-002
   133521.918975558       7.655753296527347E-002  1.062835321373120E-002
   45179.9248577357       7.691084595216552E-002  1.011171906402384E-002
   243331.125550933       7.726389547709012E-002  9.596060015357059E-003
   209924.555265761       7.761805714384529E-002  9.078480208487377E-003
   87347.0842690491       7.657833479928877E-002  9.003065643855414E-003
   245553.172270920       7.611829391122840E-002  9.426289299967732E-003
   372140.463432561       7.565726726391200E-002  9.851117769589017E-003
   135233.080109908       7.519665437609291E-002  1.027581524784362E-002
   229265.890923385       7.472198902502673E-002  9.921274225507884E-003
   109540.056978843       7.424710544269551E-002  9.566556399262446E-003
   33802.5380452096       7.377352429891966E-002  9.213239666438330E-003
   168726.293571856       7.306181231147035E-002  1.004299890923027E-002
   23313.1167335240       7.348391529756339E-002  1.045663558520042E-002
   117508.927079086       7.390662468607273E-002  1.087098730197440E-002
   228227.223858869       7.432778487551034E-002  1.128548737179392E-002
   245238.143529210       7.397596542868644E-002  1.180312948767535E-002
   79969.9236699975       7.362170898236560E-002  1.232032209917977E-002
   378643.860075036       7.326708036581411E-002  1.283824073560739E-002
   115715.531559258       7.872089090207283E-002  1.346044447364177E-002
   24915.6842270934       7.911845824926292E-002  1.299172287367644E-002
   159592.308520731       7.951788044773252E-002  1.252296056259190E-002
   379752.664712442       7.991656889162142E-002  1.205378214516357E-002
   213950.086083421       8.031618305873670E-002  1.158374528693221E-002
   294299.049205992       8.072325583909516E-002  1.199292356725470E-002
   49991.0478958012       8.112988158439983E-002  1.240214533997956E-002
   25843.6842139065       8.153633002910672E-002  1.281113252952155E-002
   63694.2418099869       8.194251086121784E-002  1.322011409814131E-002
   54634.4512239675       8.286769326755886E-002  1.214333950302146E-002
   206696.643349041       8.240118310781620E-002  1.180346808710060E-002
   142063.978685338       8.193462040106735E-002  1.146400411900835E-002
   44487.4162084340       8.146812305654191E-002  1.112484671514610E-002
   109184.948591199       8.100242936237805E-002  1.078531460403584E-002
   85337.6264089656       8.141575610556356E-002  1.042715577485815E-002
   100313.192641522       8.182901644247113E-002  1.006791884058759E-002
   87736.8984379035       8.224233004858329E-002  9.709607024685608E-003
   39979.5622314048       8.265542713323108E-002  9.350118234345516E-003
   8081.15680136776       8.108163323455789E-002  8.712518613619760E-003
   3768.50503536310       8.078972644999374E-002  9.174819128498879E-003
   23168.6426380786       8.049669189948282E-002  9.637168493468299E-003
   46444.4865856237       8.020455079151369E-002  1.009946733523850E-002
   111661.033957502       7.968234985530470E-002  9.698483588313732E-003
   57000.0438867921       7.915991539762157E-002  9.298246435881462E-003
   64670.5369029907       7.863860916214378E-002  8.898272217499822E-003
   80470.9912130999       7.809369817961379E-002  9.533706058398161E-003
   33263.3226191767       7.856903214412472E-002  9.987610185767243E-003
   41036.1476072045       7.904412116897046E-002  1.044232878019028E-002
   126794.832220605       7.951884934816322E-002  1.089710735067766E-002
   58722.6377421557       7.911304693735188E-002  1.135946124713776E-002
   148091.985355169       7.870617627558228E-002  1.182070678039499E-002
   297673.854630914       7.829902998402279E-002  1.228336138784845E-002
   25081.1409872074       8.394459933894265E-002  1.306828325299111E-002
   118325.229182307       8.429033123348691E-002  1.267810848182125E-002
   171372.605142443       8.463612897602747E-002  1.228780788009627E-002
   279028.054533503       8.498198275675577E-002  1.189829444370874E-002
   102307.706562518       8.532795531024918E-002  1.150780252796038E-002
   260309.744477363       8.580132147749983E-002  1.183497852693113E-002
   99090.0919095647       8.627527309524066E-002  1.216138966062624E-002
   35477.1237698852       8.674834461793415E-002  1.248853452588736E-002
   39864.2028982264       8.722129855667625E-002  1.281548478570247E-002
   10703.0633342902       8.787862809505578E-002  1.204741472134151E-002
   97780.9297684288       8.748184303687002E-002  1.163085903541333E-002
   22557.5726869334       8.708515541983076E-002  1.121458053030927E-002
   111834.002894319       8.668951086517555E-002  1.079732209479582E-002
   146720.757586181       8.629371890844972E-002  1.038056115976022E-002
   28836.9729717960       8.662735931828547E-002  9.981631735381614E-003
   62880.2331614997       8.695961526884315E-002  9.582562809217536E-003
   8634.15200562552       8.729289805058583E-002  9.183522714174761E-003
   19630.7131099714       8.762606238750302E-002  8.784465592233229E-003
   57380.4741606184       8.619622769571134E-002  8.244395608282712E-003
   10094.0087460601       8.585334398453991E-002  8.635202395807928E-003
   26155.8142299273       8.551031876958039E-002  9.024860112827368E-003
   98285.3826637922       8.516761734690750E-002  9.415667989053376E-003
   74254.3098157171       8.481504998217287E-002  9.078642462584958E-003
   68000.9559922501       8.446155389960784E-002  8.742660370177759E-003
   16674.7185501712       8.410891225289487E-002  8.405626590747898E-003
   56387.0263043774       8.304241644725888E-002  9.648288028365025E-003
   973.333444946464       8.342909593892159E-002  9.945814298027978E-003
   5642.81485812804       8.381495445010632E-002  1.024432020945415E-002
   51744.8771305748       8.420182179964203E-002  1.054169841195268E-002
   3303.94545149357       8.386847181237395E-002  1.094219546247276E-002
   95325.4568752044       8.353562246610613E-002  1.134240513096551E-002
   151766.612097786       8.320167901595237E-002  1.174278787915206E-002
   15296.3695619762       8.864686360558453E-002  1.270487594297539E-002
   49443.2793505277       8.905929489178209E-002  1.225459497357748E-002
   65952.5105569393       8.947175056084876E-002  1.180330541217984E-002
   67249.0724562022       8.988529282814094E-002  1.135286820906177E-002
   8508.07401757500       9.029773092734102E-002  1.090233073970946E-002
   42895.6798938059       9.079012275784955E-002  1.128186285433052E-002
   29257.9563077686       9.128354995299366E-002  1.166109880382269E-002
   34886.9436588530       9.177612015738427E-002  1.204111426806105E-002
   90572.0540529101       9.226839793393811E-002  1.242009576230490E-002
   41971.4397324335       9.286975868255072E-002  1.171511967077494E-002
   85996.7026451500       9.241763245745083E-002  1.128889570359057E-002
   96841.0405014339       9.196472738341251E-002  1.086269067329500E-002
   150355.210816495       9.151291366279424E-002  1.043538278823517E-002
   14286.8929849031       9.106153262669661E-002  1.000881894086229E-002
   102443.362603328       9.143857888763655E-002  9.476186148368280E-003
   35366.9462908092       9.181532631288369E-002  8.943360019705842E-003
   115608.911828435       9.219329859357733E-002  8.409687039194069E-003
   25355.6606296388       9.257024899446087E-002  7.876925952152527E-003
   146028.184018480       9.157454480458849E-002  7.879729053423067E-003
   38889.6908945411       9.110526174866850E-002  8.335534720991094E-003
   122902.522266703       9.063686481563027E-002  8.790221430999029E-003
   112204.133344608       9.016890265078993E-002  9.245355305784072E-003
   96361.4136215421       8.976591826143462E-002  8.858693045127708E-003
   104094.632560107       8.936300236333487E-002  8.471911744683187E-003
   60059.1833167049       8.895999546737939E-002  8.084110508825505E-003
   76323.3193469450       8.807051128704374E-002  9.122965776538178E-003
   50415.5338872014       8.851588108579830E-002  9.461503950351734E-003
   60439.3734784839       8.896033353381447E-002  9.800022445037686E-003
   21881.5544132021       8.940480999624470E-002  1.013851443048907E-002
   20855.4833721314       8.902359171956784E-002  1.061542835526388E-002
   30833.1926960888       8.864239944807906E-002  1.109336560055244E-002
   52695.2717161755       8.826004039949330E-002  1.157040153975547E-002
   162966.964721096       9.357381142810810E-002  1.231606318983300E-002
   139297.706306808       9.399702488448045E-002  1.181415416771765E-002
   121197.527037110       9.442045422353659E-002  1.131202705904197E-002
   180008.315467956       9.484524983334612E-002  1.080962034360965E-002
   70183.5530448804       9.526877905993628E-002  1.030653749980773E-002
   62555.5203617125       9.566730727770710E-002  1.074355337395310E-002
   95507.7260770041       9.606559742511980E-002  1.117913622922775E-002
   457900.801348027       9.646270269022499E-002  1.161499137938429E-002
   239627.683139771       9.685939528551729E-002  1.205072606492402E-002
   94318.3140096041       9.782837596375031E-002  1.091528453655427E-002
   443917.691523400       9.733244526471893E-002  1.059209395391866E-002
   132318.206414269       9.683582655010396E-002  1.027076672775456E-002
   89799.5985048680       9.633966540968017E-002  9.950172516125465E-003
   353902.963206932       9.584430684992543E-002  9.630557124350327E-003
   529420.167323318       9.627667547334273E-002  9.149463115542131E-003
   96498.0342719064       9.670993628188801E-002  8.668028603700795E-003
   125861.863957309       9.714433237765503E-002  8.187337324380619E-003
   15141.6834238442       9.757805788264626E-002  7.703996179086082E-003
   79503.5730566463       9.640941079822891E-002  7.553537276685320E-003
   41096.4992059705       9.599704439005462E-002  8.052535071464927E-003
   556119.242360627       9.558296397865458E-002  8.552104454920132E-003
   161770.263035942       9.517016386771718E-002  9.054161858977523E-003
   103239.316045585       9.463286408340117E-002  8.627913260972512E-003
   243705.989534150       9.409574978607373E-002  8.201814418569962E-003
   403340.933431313       9.355803622699657E-002  7.775866855078977E-003
   25878.4645193976       9.307580279097560E-002  8.340829681023730E-003
   137703.350902760       9.358185368434691E-002  8.804750963429650E-003
   239891.721640418       9.408780424541745E-002  9.267364713733205E-003
   98120.9952317567       9.459328297275059E-002  9.730170474306486E-003
   20815.3538592704       9.416287965482732E-002  1.022582569282380E-002
   61081.1217885333       9.373196278518969E-002  1.072247683492914E-002
   272493.510357692       9.330060945642342E-002  1.121830193777559E-002
   751477.716121436      -1.402765702538500E-003  2.248301082151961E-002
   1027196.91460578      -1.043725979602023E-003  2.207338601363508E-002
   1961562.52028498      -6.832152334477322E-004  2.166314669453840E-002
   4630187.83319741      -3.209778079644494E-004  2.124841726513836E-002
   2340056.16917227       4.508945841170204E-005  2.083424658123465E-002
   5225010.33653460       4.764067268734924E-004  2.123972511653709E-002
   1741265.87853955       9.053066416488940E-004  2.164138748807562E-002
   1599100.36090320       1.332045906915761E-003  2.203532938862496E-002
   1321054.13134243       1.747856528591777E-003  2.243443450348879E-002
   5228137.22040994       2.599665817522443E-003  2.154457489467175E-002
   2665289.90314248       2.161555880597855E-003  2.114875911136063E-002
   2005480.12474143       1.729811214201469E-003  2.075514799528750E-002
   986935.459317983       1.299434891762048E-003  2.036601346677320E-002
   1071908.91214241       8.818140921062206E-004  1.997305679039453E-002
   832031.718391508       1.297191559131272E-003  1.958560027844913E-002
   2061372.71088831       1.715777109239079E-003  1.919659948115974E-002
   4012571.14620167       2.134586279653473E-003  1.880306205891196E-002
   2907427.50302490       2.557040561254079E-003  1.840955069657150E-002
   168982.249459982       1.224533625035036E-003  1.789392886776232E-002
   1587257.60455615       8.288011719737833E-004  1.830380323268104E-002
   2893965.93850905       4.318401681926224E-004  1.871701276382964E-002
   1121065.54439843       3.470691105636132E-005  1.913537561316534E-002
   2315454.44825822      -3.850445541991363E-004  1.872531519876106E-002
   947208.099875445      -8.022700538895203E-004  1.831455213874289E-002
   205111.124278924      -1.219692998512517E-003  1.790654551051885E-002
   2686795.22856036      -2.485572113404361E-003  1.836133484399083E-002
   1725829.26074079      -2.064810405866569E-003  1.877050786711944E-002
   1045352.12960748      -1.644165622356799E-003  1.917721297866149E-002
   60373.7236428033      -1.223276754609006E-003  1.958151518470015E-002
   1935921.34590298      -8.078414434107805E-004  1.998850683247492E-002
   280437.729275938      -1.218873787574893E-003  2.034146151906864E-002
   2217710.82104625      -1.639396876889528E-003  2.069049719068160E-002
   2921317.88484993      -2.059869388694866E-003  2.104079290489512E-002
   3153862.77578502      -2.481093886371109E-003  2.139443091532007E-002
   2351129.02587596       3.478059428632177E-003  2.240861604252456E-002
   1719055.92396928       3.881753912736500E-003  2.201572605868909E-002
   1890964.85855498       4.295930748784583E-003  2.162545838981051E-002
   4496897.11127682       4.711966336063703E-003  2.123021283165810E-002
   2705038.83363791       5.128743347185561E-003  2.082939977983088E-002
   4756061.70974305       5.594162128433251E-003  2.121414457304016E-002
   2189173.24269677       6.058631800108912E-003  2.159296857186725E-002
   2014848.87434273       6.521961927866687E-003  2.196545823271793E-002
   2336529.92196538       6.975051000151210E-003  2.233951230376064E-002
   5047482.43960051       7.688758698446989E-003  2.157878981320147E-002
   2000400.32465018       7.264809880793871E-003  2.115407640871713E-002
   1101197.53984276       6.846149478054907E-003  2.073216908482205E-002
   1323754.05917554       6.432424818269850E-003  2.031276297255739E-002
   350032.003093400       6.028751047263295E-003  1.988868608683945E-002
   160425.744499185       6.419453769352438E-003  1.947119889350176E-002
   1346664.31861458       6.815534834369841E-003  1.905535697025226E-002
   3479976.83048149       7.215529119427316E-003  1.863534438890518E-002
   2760382.39873918       7.616693058595671E-003  1.821122512538655E-002
   210120.809091140       6.364795437847796E-003  1.779094699811986E-002
   2087165.00829301       5.943255521269741E-003  1.818502632431787E-002
   3260649.22062346       5.520797088127056E-003  1.858202885493109E-002
   2277881.80415697       5.097110744205673E-003  1.898518738498822E-002
   3134076.73112872       4.687920350517334E-003  1.859830818362503E-002
   1080311.11999255       4.280835322949741E-003  1.821632874685334E-002
   467239.480848810       3.875068739655462E-003  1.783698968403208E-002
   2796246.13673969       2.971122218818664E-003  1.879141412864929E-002
   1914278.78664570       3.383358910708272E-003  1.917174034104069E-002
   57573.1571344178       3.792818828581746E-003  1.954669453287943E-002
   180047.737179132       4.196788435906118E-003  1.992213517083318E-002
   602986.581322483       3.806780486568660E-003  2.032658730731582E-002
   1777083.69937879       3.408258172187150E-003  2.072952961631877E-002
   2493496.15820857       3.006301072282912E-003  2.113614175328944E-002
   1678165.91049464       8.438280211600162E-003  2.230270997035123E-002
   1092246.67438435       8.871613085845505E-003  2.186184479972318E-002
   1645342.51560613       9.317214890052989E-003  2.142363061002353E-002
   4596436.68821534       9.766112173054989E-003  2.097999978935720E-002
   2574648.65952956       1.021510604245971E-002  2.052692339615632E-002
   3466097.33542772       1.060621844865444E-002  2.095459275547045E-002
   406711.449722062       1.099217325364957E-002  2.137916996012651E-002
   540594.489677515       1.137585337108919E-002  2.180138108513316E-002
   2136286.96379924       1.174940715698431E-002  2.222792197840201E-002
   4326397.79369217       1.276855389902995E-002  2.114266673984230E-002
   2778484.63898122       1.230327020929775E-002  2.079683713822679E-002
   2734084.91311302       1.184003823325747E-002  2.045110089123744E-002
   398060.773030931       1.137765517947903E-002  2.011131099905701E-002
   80609.9626175155       1.092288686023609E-002  1.976987531483022E-002
   623074.825868911       1.135212249889775E-002  1.925100845415172E-002
   217885.905534537       1.179033659803765E-002  1.873658853119924E-002
   2452838.13825436       1.223603849259599E-002  1.822157788343336E-002
   1997770.05271618       1.268238785274235E-002  1.769890210423919E-002
   475808.663624587       1.172346447444227E-002  1.770961070077584E-002
   2259254.50903357       1.120490333093765E-002  1.815293893329894E-002
   2931339.64017041       1.068680886566391E-002  1.860204710990848E-002
   1990175.14772213       1.017250992611060E-002  1.906009757363931E-002
   2265652.45300354       9.729698667487382E-003  1.863153441799518E-002
   443108.416290257       9.289566197542070E-003  1.820946654256150E-002
   174618.198387407       8.852311723013737E-003  1.778866928752455E-002
   2731164.60158893       8.081473327737039E-003  1.861812329153843E-002
   2001685.78125306       8.546437752725259E-003  1.902050547373989E-002
   337324.210010310       9.009097069982834E-003  1.941660130232519E-002
   558634.985765117       9.466875208405405E-003  1.981292943627136E-002
   822765.063798341       9.033800838583309E-003  2.025313467696613E-002
   1848232.43995616       8.589239991525804E-003  2.069018380450299E-002
   2841406.12585108       8.140018389970347E-003  2.113150762289863E-002
   1181339.62336044       1.384296577803099E-002  2.217378649598488E-002
   730554.245765516       1.419427189550991E-002  2.174893663125064E-002
   694177.535760521       1.455544860371998E-002  2.132854233278301E-002
   3058244.81832781       1.491836186204490E-002  2.090479661946433E-002
   2042657.07133801       1.528447153537055E-002  2.047801308934901E-002
   3911975.75104292       1.575892418677923E-002  2.088499046141730E-002
   1588358.28949948       1.623393265326380E-002  2.128734047441234E-002
   1366144.28510168       1.670791238285797E-002  2.168338622623167E-002
   1686254.51389597       1.717356158890510E-002  2.208099614143797E-002
   3454060.58110670       1.784726470981663E-002  2.135195323557371E-002
   1412393.29646198       1.739801924772964E-002  2.092202020010819E-002
   706303.190720261       1.695302766095445E-002  2.049415461433434E-002
   1383265.62656048       1.651164534784290E-002  2.006774855671651E-002
   230542.716200559       1.608080875449408E-002  1.963727743407378E-002
   782531.911909012       1.649522574776982E-002  1.925548098615731E-002
   1617059.36344585       1.691177778556245E-002  1.887313839297450E-002
   2481177.21541588       1.732868062641044E-002  1.848700393374564E-002
   1694500.06870774       1.774544288602947E-002  1.809920287552060E-002
   477975.906676515       1.635561642860053E-002  1.755815893362773E-002
   424814.095142238       1.598794828854331E-002  1.798425735795192E-002
   1364001.27991709       1.561878048120206E-002  1.841113877655649E-002
   1080345.95546000       1.524741276187633E-002  1.884070654139203E-002
   2387856.56845364       1.471362125987260E-002  1.843223248602845E-002
   1497449.68808364       1.417659767089707E-002  1.803106373324092E-002
   816586.515127947       1.363883902070980E-002  1.763647576722637E-002
   1046172.07435197       1.313229437103589E-002  1.819543823433477E-002
   148336.791002647       1.357846804541767E-002  1.868764906109859E-002
   1169075.11369378       1.401878210807336E-002  1.918015232162439E-002
   365268.492020566       1.445196597009412E-002  1.967643708961411E-002
   474525.323268455       1.403708300615243E-002  2.004084110968588E-002
   2381773.39209251       1.361558283420751E-002  2.040489023704572E-002
   2553201.63981067       1.319392414372121E-002  2.077395471214244E-002
   1121387.15524586       1.856905015059389E-002  2.203278177828899E-002
   881954.844119446       1.900574787515066E-002  2.158805283952346E-002
   1247727.34335844       1.945156152793901E-002  2.114530152669106E-002
   3285857.07302364       1.989938974891012E-002  2.069855663728845E-002
   1725982.81282798       2.034591717118358E-002  2.024515889417419E-002
   2907689.45787866       2.078043695522773E-002  2.066378351807774E-002
   834072.386655118       2.121347794293217E-002  2.107739510377407E-002
   767866.813443544       2.164549868015039E-002  2.148811404243601E-002
   1639943.28974943       2.207123969202509E-002  2.190171242275949E-002
   3093188.07481313       2.290795475562608E-002  2.097593486254398E-002
   1382754.09879787       2.244151462993407E-002  2.059551816459091E-002
   1053163.45713729       2.197811599712032E-002  2.021667973902978E-002
   707756.977313808       2.151748499040143E-002  1.984100969908756E-002
   306724.724892243       2.106354255679021E-002  1.946282846525157E-002
   519003.716857648       2.148539719312961E-002  1.898301611930811E-002
   544750.496320634       2.191184385006522E-002  1.850445769819097E-002
   1952286.13863050       2.234282363986867E-002  1.802443210343921E-002
   1762812.45358866       2.277460148352640E-002  1.753976855896039E-002
   164664.860530536       2.168065939341091E-002  1.739017838567241E-002
   1407502.17503095       2.121651332964388E-002  1.783692314138730E-002
   2355651.18756310       2.075135527176234E-002  1.828623584962934E-002
   1065992.23617548       2.028846693107996E-002  1.874275228454161E-002
   1338880.65796103       1.988931078161656E-002  1.832145370024528E-002
   61471.1433549862       1.949323384874000E-002  1.790354998979773E-002
   249096.103948539       1.909848761428740E-002  1.748578063233378E-002
   1789870.95369208       1.820334734072390E-002  1.845759452935662E-002
   1456906.36169418       1.866058173700359E-002  1.881514468774921E-002
   376217.753463513       1.911647286434763E-002  1.916828585302172E-002
   194404.559736576       1.956991412594793E-002  1.952157252198565E-002
   792827.775640919       1.914789065403212E-002  1.997840226279282E-002
   1067902.82025806       1.871777490181160E-002  2.043352628193577E-002
   1803109.37536269       1.828373498524817E-002  2.089097829996365E-002
   1487397.62430483       2.382531730213252E-002  2.181981861714990E-002
   626765.195042948       2.420691183964135E-002  2.127044935193124E-002
   723384.531190130       2.459804863333472E-002  2.072698085981232E-002
   2143910.92987857       2.499655754176341E-002  2.018469001874067E-002
   1737781.75482727       2.540137186372678E-002  1.963580161071289E-002
   1981890.10288541       2.580249561896403E-002  2.015385181483665E-002
   628618.888483018       2.619825259599871E-002  2.066619832665909E-002
   414341.246932897       2.658807209228865E-002  2.117925245799080E-002
   1631250.30625423       2.697129932545381E-002  2.169733727429137E-002
   2666674.37964650       2.798159101678801E-002  2.058830916559629E-002
   2149333.59878313       2.741823498151131E-002  2.025431219535918E-002
   2549767.30035705       2.685439547742752E-002  1.992317893951224E-002
   896997.380637439       2.628848626981990E-002  1.959773269381091E-002
   238947.335244260       2.573047629664039E-002  1.927590619734738E-002
   1124595.34126064       2.625989003352315E-002  1.887757341116681E-002
   1999407.27924489       2.679383248404663E-002  1.847584115682970E-002
   2451004.13412090       2.732503282170212E-002  1.806686878793957E-002
   1470315.82961333       2.785327349246663E-002  1.765347414874524E-002
   1118748.50001337       2.650238088921225E-002  1.730152992838918E-002
   438772.061768348       2.613198908413405E-002  1.784851539879230E-002
   989712.041225527       2.575649783649063E-002  1.839386528448422E-002
   1103896.20505254       2.537480997062675E-002  1.894390788726201E-002
   1835675.38943345       2.486667178540779E-002  1.842851319404637E-002
   102598.292788228       2.435969454171135E-002  1.792174499654650E-002
   410291.811370930       2.385900116003398E-002  1.741410831051050E-002
   1987877.79112513       2.334119208593177E-002  1.798936311973780E-002
   1706048.61728111       2.391162537629633E-002  1.843131983881070E-002
   160775.363086898       2.448315041533894E-002  1.886629182039180E-002
   65111.2556696079       2.504558163960080E-002  1.930228902080964E-002
   976648.569837039       2.451475483247280E-002  1.971227928959015E-002
   2920599.85198671       2.397576495563035E-002  2.012579829544648E-002
   2675914.75638763       2.344041654634856E-002  2.054797668108791E-002
   1016494.58196643       2.908342309224013E-002  2.160691312823130E-002
   151667.344237867       2.942217495775176E-002  2.109132546166584E-002
   205287.796133585       2.976727264636697E-002  2.058039972562732E-002
   1807223.38991014       3.011659672539003E-002  2.006747380107930E-002
   1643637.48968573       3.046829013256438E-002  1.954983675776227E-002
   2451119.32061061       3.095887753905262E-002  2.003062577222041E-002
   243627.964856011       3.144938359837801E-002  2.050439471254765E-002
   174308.863156129       3.193468163199620E-002  2.097555351970953E-002
   1675859.04489150       3.241084967641646E-002  2.145249284810713E-002
   2602791.56719667       3.306310624611764E-002  2.073708162773887E-002
   2017104.78512272       3.252712864890080E-002  2.030807544119717E-002
   1592733.66484005       3.199080805466588E-002  1.988477945073699E-002
   220136.627657637       3.145419964741321E-002  1.946577306599920E-002
   178398.973983090       3.092681753876460E-002  1.904566745964946E-002
   1075042.27863915       3.141709742481457E-002  1.862076684278304E-002
   1642140.18795302       3.191287144542176E-002  1.819549369839651E-002
   2676205.40122398       3.240641947462944E-002  1.776410553832659E-002
   1553888.92719521       3.289933423779333E-002  1.732980103961697E-002
   937756.777193888       3.161502199049748E-002  1.703235674091953E-002
   170775.612311167       3.122221684293815E-002  1.754729446019503E-002
   1195546.01288875       3.082614447334385E-002  1.806361102418058E-002
   1572128.95598910       3.042612248510163E-002  1.858412645223378E-002
   1741229.26548788       3.000217836087140E-002  1.810000340311902E-002
   46695.6445498120       2.958171219094909E-002  1.762126125593520E-002
   501755.292161422       2.916419251508616E-002  1.714401226219121E-002
   1968652.30266072       2.838314059174646E-002  1.801743318362824E-002
   1601531.14955895       2.891312491189275E-002  1.837757345983328E-002
   312203.528295878       2.944381456580577E-002  1.873246883499528E-002
   302877.598452711       2.996827567186589E-002  1.908764925009843E-002
   596050.650550463       2.947537651946396E-002  1.945833084585418E-002
   2010127.94144545       2.897662697791812E-002  1.983174886965514E-002
   1871645.57136324       2.847986739143149E-002  2.020901339929361E-002
   488389.708812491       3.377422062470409E-002  2.139594828274152E-002
   1278987.76202515       3.421277840795419E-002  2.099037556899694E-002
   1380121.10888681       3.465701659728068E-002  2.058592511640879E-002
   2606827.05984471       3.510143273834664E-002  2.017588414547755E-002
   1491642.86247447       3.554424548261581E-002  1.976249493692453E-002
   2501322.97758396       3.601790932762519E-002  2.012966044173846E-002
   1220811.58042266       3.649214129034169E-002  2.049421215777194E-002
   1123944.32861996       3.696518016980720E-002  2.085394038012192E-002
   1134386.45153705       3.743251534396352E-002  2.121596602937338E-002
   2595557.94865721       3.810722647371743E-002  2.045856623741284E-002
   1070622.26962910       3.768214308897421E-002  2.003832146130237E-002
   561769.799687251       3.726141342703462E-002  1.961902274290407E-002
   665924.132802425       3.684185937019176E-002  1.920047404159271E-002
   114505.247471310       3.642798961336110E-002  1.878032210774817E-002
   508786.903299382       3.680204478299276E-002  1.840537910471636E-002
   933877.530776828       3.717906415932652E-002  1.803133872134691E-002
   1914751.72935925       3.755536311875989E-002  1.765416578795426E-002
   1335894.84583795       3.793383697322603E-002  1.727695992954658E-002
   307603.444356362       3.647605357214398E-002  1.667321842932666E-002
   612241.618590566       3.613450235545611E-002  1.707815756335172E-002
   1182129.15763356       3.579296488676027E-002  1.748556048854388E-002
   1225581.32639706       3.544900967380829E-002  1.789439675097128E-002
   1811291.38803285       3.501247666316960E-002  1.752399658659903E-002
   1008126.95542545       3.457697429941973E-002  1.715682985872313E-002
   532517.472833007       3.414178624591976E-002  1.679273541193712E-002
   1504670.29550309       3.331919095282221E-002  1.771746415068985E-002
   866476.997322018       3.373649411729321E-002  1.810443290661618E-002
   71332.8743855443       3.415300679203263E-002  1.848868755116833E-002
   483415.068526474       3.456658267739580E-002  1.887401145691242E-002
   980401.489818398       3.419753602550785E-002  1.934042797288177E-002
   216177.386235591       3.382228453160052E-002  1.980543253697936E-002
   740250.296085772       3.344519055651777E-002  2.027076039718961E-002
   651267.260300884       3.885946249554461E-002  2.113875180791449E-002
   1007117.69239194       3.928397038980491E-002  2.070488682830966E-002
   1212043.77542067       3.971481852043508E-002  2.027177247437367E-002
   2846202.20141765       4.014647867116754E-002  1.983324387938806E-002
   1405725.26132632       4.057732012753451E-002  1.939245636797559E-002
   2121772.11809529       4.095325641744543E-002  1.978431439497724E-002
   471676.840939317       4.132641465281634E-002  2.017652420101469E-002
   540605.295782821       4.169866427710455E-002  2.056557003426566E-002
   991928.627133550       4.206564342319193E-002  2.095753677051596E-002
   2451460.15325128       4.312258426723337E-002  1.975742683856674E-002
   1571693.62211835       4.267917058811466E-002  1.944369332685601E-002
   1523944.77170374       4.223807224032505E-002  1.912917653951330E-002
   263857.028131427       4.179607099205188E-002  1.881773501803004E-002
   252076.201774710       4.135969575879803E-002  1.850482133946178E-002
   334169.289666814       4.174553666075011E-002  1.798767506001791E-002
   197208.228054087       4.213641680824106E-002  1.747167100563572E-002
   1434834.57641843       4.252893153247001E-002  1.695473149702337E-002
   1150297.28126800       4.292225914959194E-002  1.643468115903185E-002
   74763.0037435633       4.190732955267901E-002  1.639265778845793E-002
   1062710.63045534       4.142990770903716E-002  1.683224996935200E-002
   1486199.11014643       4.095231880310468E-002  1.727572181455603E-002
   840230.136253922       4.047607076971892E-002  1.772159041880970E-002
   872229.961183986       4.008903196104312E-002  1.732853380762312E-002
   141044.968474281       3.970417573202098E-002  1.693610439140633E-002
   111566.005683506       3.932007026671460E-002  1.654528346530853E-002
   1570927.60874743       3.837463403678368E-002  1.761057634763418E-002
   1364282.78158976       3.881468160497801E-002  1.794439921642663E-002
   745882.288548810       3.925551684204368E-002  1.827482781533092E-002
   97150.8435262438       3.969392010102826E-002  1.860513886633496E-002
   837376.163443393       3.930496254877033E-002  1.906860422208211E-002
   648750.242778092       3.890759332904796E-002  1.953052249587541E-002
   1208248.26185269       3.850884586924154E-002  1.999360103796850E-002
   443779.470947742       4.431724477683922E-002  2.082118816498138E-002
   732449.904287866       4.463627330426278E-002  2.042618342571273E-002
   634962.877541368       4.496061382910021E-002  2.003342881116074E-002
   1943501.64687098       4.528499342538256E-002  1.963747003650693E-002
   1183426.33578140       4.561155829770653E-002  1.924194608207796E-002
   2381069.06227739       4.606611025164858E-002  1.959103640097608E-002
   1157139.89031235       4.651898510303083E-002  1.993905254418060E-002
   1156465.66966925       4.697255339639048E-002  2.028254226427063E-002
   1180780.74045678       4.742039528970424E-002  2.062791317888827E-002
   2729754.24002307       4.816956663631191E-002  1.977297675299852E-002
   1078407.72645688       4.775768156234823E-002  1.937651403517937E-002
   672816.113312666       4.734936110506256E-002  1.898013132262168E-002
   497736.993836503       4.694183847461143E-002  1.858674206099338E-002
   222705.592284831       4.654005405438417E-002  1.819028238426488E-002
   529704.548636160       4.688839026101707E-002  1.768227362440200E-002
   49097.8909938955       4.724079201645708E-002  1.717400455214705E-002
   1427395.56456013       4.759512898263481E-002  1.666617159006897E-002
   1264519.46292367       4.795158174903247E-002  1.615423291004866E-002
   323432.882458202       4.691622705697840E-002  1.604964181633822E-002
   1351607.82600628       4.644164160973901E-002  1.644939963209179E-002
   1741113.89253018       4.596630344743215E-002  1.685322967818965E-002
   885232.477150688       4.549355963581356E-002  1.725942584742510E-002
   1565451.90153482       4.497016884528811E-002  1.691330602914665E-002
   1001119.96358074       4.444603383284051E-002  1.656861042104422E-002
   726832.398372541       4.392155094324905E-002  1.622826104754154E-002
   563442.201779002       4.333655796559461E-002  1.690324251198297E-002
   71663.5998173799       4.374811566557874E-002  1.737110092373655E-002
   671840.815889154       4.415807268821767E-002  1.783889172283199E-002
   79110.1601937356       4.456337443108973E-002  1.830886401754269E-002
   203919.688760815       4.420696009958378E-002  1.867060858485598E-002
   1271061.14033584       4.384572526404775E-002  1.903158459751937E-002
   1361972.58205251       4.348565578016194E-002  1.939502177450474E-002
   864737.918139037       4.901822120066698E-002  2.052814484734054E-002
   584985.713748126       4.941709464970386E-002  2.008320233898804E-002
   750467.806072986       4.982282608091500E-002  1.964114556818752E-002
   2226050.35276706       5.022858124820415E-002  1.919527906975474E-002
   1327545.97253700       5.063616784866933E-002  1.874638135466178E-002
   2288358.64349361       5.111075043958162E-002  1.914158952744155E-002
   836457.725352482       5.158537308419729E-002  1.953450487814010E-002
   688571.753800532       5.205824934271465E-002  1.992334595703881E-002
   966288.867789171       5.252590992938516E-002  2.031483068900343E-002
   2100144.03625795       5.321224820327936E-002  1.953124176587532E-002
   1192867.61146367       5.275186929736306E-002  1.912082730364239E-002
   771524.604993842       5.229446069207382E-002  1.871199867969466E-002
   508425.840651580       5.183764506741933E-002  1.830429313438661E-002
   88089.8192156787       5.138676160363027E-002  1.789490698959328E-002
   335748.294345875       5.178583801958683E-002  1.743977990238711E-002
   769049.967422492       5.218777483794623E-002  1.698467171648831E-002
   1679433.68369291       5.258931117450256E-002  1.652759881548124E-002
   1032881.03970810       5.299184612650736E-002  1.606794872703902E-002
   216755.407823851       5.177060763488461E-002  1.579806720061836E-002
   599172.027422166       5.136113032067747E-002  1.624423242672917E-002
   1081110.06514891       5.095039188155611E-002  1.669272859547067E-002
   979649.192662909       5.053912898368905E-002  1.714313110959830E-002
   1652862.43468532       5.001686024527879E-002  1.674937592355374E-002
   913864.196125537       4.949256701443413E-002  1.635974494501761E-002
   498139.037151713       4.896993518331284E-002  1.597419367791265E-002
   1081889.48136570       4.841501593046384E-002  1.661689348827156E-002
   356233.264320527       4.887578172615106E-002  1.707504830626980E-002
   457286.396804357       4.933482690176587E-002  1.753318637396034E-002
   268370.429545838       4.978944126381114E-002  1.799220665237617E-002
   156948.920456899       4.938924616644201E-002  1.843631303048170E-002
   1161260.51342146       4.898359043692809E-002  1.887857062187855E-002
   1591154.16594821       4.857796192671562E-002  1.932479537749412E-002
   188257.228976523       5.399244526835877E-002  2.022275014779668E-002
   1226543.32017553       5.441255727835516E-002  1.986792200486980E-002
   1154292.05982567       5.483672131175162E-002  1.951255838042396E-002
   1797286.07608481       5.526136573573945E-002  1.915547943732498E-002
   1034606.78891764       5.568497019800128E-002  1.879700572942604E-002
   1839355.60277787       5.620632597321022E-002  1.909369387932000E-002
   1212787.34200266       5.672741380128957E-002  1.938988572011028E-002
   1347782.44485152       5.724957173147732E-002  1.968365513171067E-002
   497349.453230240       5.776944848262930E-002  1.997566901143099E-002
   1683234.84072560       5.824774546399057E-002  1.942396510360141E-002
   360540.099756172       5.787658907879110E-002  1.895398023599411E-002
   72085.3533537329       5.750839328017222E-002  1.848534073731154E-002
   710576.272610583       5.714310782878096E-002  1.801680755516987E-002
   55141.7793082254       5.678179296791257E-002  1.754558785456813E-002
   362567.937261785       5.708898632596696E-002  1.716406025589250E-002
   580756.107813616       5.739773714154743E-002  1.678364368081711E-002
   1260727.16633939       5.770759816367215E-002  1.640106213289529E-002
   910745.920199893       5.801768266622029E-002  1.601928820863539E-002
   69123.2704524541       5.655724987262374E-002  1.538920619709924E-002
   630423.440077579       5.621591267775135E-002  1.574235458643987E-002
   868869.103833768       5.587526190146374E-002  1.609543252160789E-002
   813956.879760342       5.553288577061981E-002  1.644899752421066E-002
   1303544.68198254       5.507594326256272E-002  1.614696412692581E-002
   899194.006269308       5.461878131952107E-002  1.584671208014679E-002
   780879.546541359       5.416168765256330E-002  1.554732255324949E-002
   635308.992263137       5.335589135563761E-002  1.647594236811568E-002
   244871.148526801       5.371863313987474E-002  1.688361582023552E-002
   254632.179090161       5.407906859384034E-002  1.729068848611211E-002
   312691.593258499       5.443775578144264E-002  1.769820009876588E-002
   418945.888100607       5.413537758073628E-002  1.815627128243728E-002
   296913.666704423       5.383004323737284E-002  1.861442386966899E-002
   646808.902152897       5.352236945411219E-002  1.907280075025034E-002
   261182.009142242       5.879659661483232E-002  1.990504323913377E-002
   1065265.60408712       5.926955156444316E-002  1.951067461556409E-002
   1128294.29580991       5.974518110493068E-002  1.911558158084613E-002
   1770814.21498359       6.021976602743827E-002  1.871733073412370E-002
   824429.480300413       6.069398330487051E-002  1.831764781053514E-002
   1225351.64976854       6.105402737386866E-002  1.865783442556456E-002
   425691.392927783       6.141254009298116E-002  1.899831281605735E-002
   490090.800091609       6.177199139188083E-002  1.933738020342992E-002
   392447.677083659       6.212780142077655E-002  1.967805752671083E-002
   1337845.45575010       6.321624190858759E-002  1.841944163598163E-002
   784358.640602910       6.282386517775788E-002  1.811724124084372E-002
   741052.977069918       6.243304931022344E-002  1.781317211133798E-002
   103862.412232320       6.204231909178997E-002  1.751151687219493E-002
   167513.244290273       6.165395299012787E-002  1.720872506270205E-002
   89650.0261954988       6.198700164428226E-002  1.673256717218743E-002
   115091.713893982       6.232185856309207E-002  1.625689184476531E-002
   705278.779273452       6.265768719826793E-002  1.578069617606389E-002
   590639.231863420       6.299435934272686E-002  1.530243241202726E-002
   247682.983284715       6.183299383732981E-002  1.505949890834497E-002
   699260.155296342       6.140426317651695E-002  1.545463992275448E-002
   853199.018158981       6.097556519182089E-002  1.585107160740761E-002
   584337.009026033       6.054702234483384E-002  1.624851324605077E-002
   694357.297788433       6.015798128569377E-002  1.590935058214948E-002
   250737.416423328       5.977051606087075E-002  1.557083117418248E-002
   296174.407692514       5.938253663208728E-002  1.523312599408887E-002
   822654.970613875       5.841138469151615E-002  1.635313500101833E-002
   736230.039570702       5.880382921154577E-002  1.668839747092417E-002
   329215.232285811       5.919607836522019E-002  1.702140172114941E-002
   53609.8625456031       5.958744437487814E-002  1.735516015570127E-002
   605013.993673299       5.925742470003104E-002  1.787275711514649E-002
   108735.257873998       5.892326660369340E-002  1.838855253312495E-002
   611294.795310274       5.858695816303448E-002  1.890493211100960E-002
   137383.369517251       6.447218148040122E-002  1.951118226148246E-002
   546775.341820012       6.477660351322503E-002  1.913040797944911E-002
   505337.656529367       6.508486336262791E-002  1.875069575416232E-002
   1257595.36917508       6.539195711452389E-002  1.836968936309814E-002
   698888.454812404       6.570029051567611E-002  1.798754640824629E-002
   1343913.97398378       6.609846554359639E-002  1.831855676244819E-002
   586782.704142586       6.649638019962208E-002  1.864853291230427E-002
   636538.413209301       6.689338296926914E-002  1.897694550195305E-002
   348622.693945460       6.728790632970513E-002  1.930651590042010E-002
   1224205.22512582       6.823212924999138E-002  1.820760141766590E-002
   555580.570890909       6.784309257317793E-002  1.786828797589048E-002
   450431.825958385       6.745586994445060E-002  1.752828177731598E-002
   198702.387910453       6.706891353372875E-002  1.718843299570227E-002
   148395.022591180       6.668368710827947E-002  1.684822771424391E-002
   121871.302767703       6.700980810355979E-002  1.635997064317786E-002
   196530.650576491       6.733574582166443E-002  1.587168795164224E-002
   617802.863933836       6.766264201571869E-002  1.538301423365444E-002
   514610.053960806       6.798989550190036E-002  1.489286153199778E-002
   204313.225167211       6.686677065414338E-002  1.469087620006806E-002
   521758.033394724       6.642695860685335E-002  1.508096182376792E-002
   741109.520316535       6.598687021104853E-002  1.547186141562971E-002
   349912.196698079       6.554739876247563E-002  1.586503574383025E-002
   610200.976467260       6.506794797042902E-002  1.553860349782908E-002
   345796.414947550       6.458850136683909E-002  1.521423010214908E-002
   245804.609245738       6.410929497737550E-002  1.489088334200664E-002
   408648.492573620       6.338794074704596E-002  1.572865159951617E-002
   161596.131165776       6.378039216337987E-002  1.615325642886017E-002
   140565.505592748       6.417209222752655E-002  1.657736069020545E-002
   82789.1090576477       6.456368088970317E-002  1.700168410884156E-002
   62827.2087965713       6.422825088704098E-002  1.735595350190617E-002
   675811.499774246       6.389146454735305E-002  1.770947421048791E-002
   745046.783917195       6.355482876828444E-002  1.806531631611078E-002
   186928.398769213       6.932837099896901E-002  1.915449213275277E-002
   445022.762712503       6.966965062210353E-002  1.876936524233096E-002
   451194.007935529       7.001344065078924E-002  1.838508845423231E-002
   948953.502374423       7.035838743000493E-002  1.800067706659123E-002
   546918.800767767       7.070278005149855E-002  1.761468417486911E-002
   1006620.67731513       7.113936053549713E-002  1.794264369992329E-002
   422797.910528938       7.157434056437691E-002  1.826896966861386E-002
   526401.168628884       7.201040168639432E-002  1.859458473050707E-002
   965758.863617967       7.244262537523667E-002  1.892152795802329E-002
   1410511.12534489       7.324564847048880E-002  1.798578653134929E-002
   357747.250444468       7.285231910858526E-002  1.760926152430738E-002
   253076.149986171       7.246090825349762E-002  1.723114061177370E-002
   290795.911680594       7.207114817039791E-002  1.685493072167091E-002
   155193.052781769       7.168239554846671E-002  1.647688609958314E-002
   366809.058632214       7.200623382366451E-002  1.596226551757984E-002
   55087.5377656436       7.233038504202519E-002  1.544799869138421E-002
   617034.784701874       7.265719888369372E-002  1.493264203935284E-002
   658203.887442711       7.298570697034118E-002  1.441715650212585E-002
   439709.943790433       7.195201010634024E-002  1.431542190213136E-002
   889825.523530704       7.148260080870306E-002  1.470777911056147E-002
   1063099.23543186       7.101454242542490E-002  1.510067747280670E-002
   417687.685572481       7.054777124649561E-002  1.549651776053617E-002
   689557.062459228       7.005539448639722E-002  1.517242886998272E-002
   297492.679280248       6.956329186910183E-002  1.484997877256088E-002
   202548.939158327       6.907111834219272E-002  1.452797004140061E-002
   246604.967867768       6.838626295517231E-002  1.532837343184735E-002
   39172.2390681472       6.878139806909422E-002  1.576334745986375E-002
   361057.477873111       6.917470980878938E-002  1.619803289728226E-002
   16355.9569468585       6.956721885217738E-002  1.663366593530427E-002
   105926.834064797       6.923473209322653E-002  1.702651851542504E-002
   561243.200207075       6.890182647670555E-002  1.742017960460264E-002
   692503.910520448       6.856770146514847E-002  1.781398401019510E-002
   673756.369630665       7.417736357091925E-002  1.879270084115093E-002
   173738.104400736       7.455305188084636E-002  1.835562080771591E-002
   207323.183444261       7.493298109050409E-002  1.791848848594459E-002
   778982.292906462       7.531252506397829E-002  1.748124435022415E-002
   542491.677878686       7.569319048711236E-002  1.704136763801912E-002
   809058.644272822       7.613977172354927E-002  1.742172225500455E-002
   323220.499244071       7.658596987175255E-002  1.780018793977225E-002
   299770.809509395       7.703209624685971E-002  1.817850330434056E-002
   366682.272642462       7.747734202293206E-002  1.855636043250176E-002
   796593.611054721       7.825196407942411E-002  1.765603365834069E-002
   344362.790573960       7.780871807548083E-002  1.727280253668968E-002
   227102.219783081       7.736552892855704E-002  1.689073295950543E-002
   202173.381328215       7.692392474318206E-002  1.650925580203323E-002
   144435.274733296       7.648321641571022E-002  1.612704674290954E-002
   34153.9836489840       7.686327986856116E-002  1.566806469111099E-002
   241448.439158961       7.724374086018790E-002  1.521018992496498E-002
   560837.201496641       7.762557711699321E-002  1.475049437237324E-002
   375912.149692587       7.800626081430376E-002  1.429042362220118E-002
   119124.457187969       7.677778607414547E-002  1.401426671775826E-002
   194109.203447305       7.637532515114989E-002  1.445456670645939E-002
   430858.993182445       7.597319053517106E-002  1.489443583288118E-002
   463483.024669906       7.556996415311808E-002  1.533626112732864E-002
   737295.666145507       7.504650392087765E-002  1.496114602882678E-002
   437261.112766876       7.452240185866964E-002  1.458957340217225E-002
   106531.081289995       7.399770796209400E-002  1.421875858694841E-002
   582959.742682386       7.343593284195798E-002  1.487685648606739E-002
   90216.5890375670       7.388638019999369E-002  1.533521959711115E-002
   284330.534002677       7.433408703596162E-002  1.579226711901418E-002
   375226.776780255       7.478084135646154E-002  1.624993510062727E-002
   86669.5085161615       7.439840829644125E-002  1.668349058004297E-002
   453725.444231898       7.401507823884390E-002  1.711610986287475E-002
   636816.125009830       7.363043511183896E-002  1.755121552205132E-002
   269745.239499366       7.915041742039804E-002  1.843251744117284E-002
   124853.857347232       7.953311944120627E-002  1.796464633360425E-002
   180194.506412029       7.991687213106120E-002  1.749744771181756E-002
   589971.860568499       8.030109086411244E-002  1.702952915142617E-002
   403416.940490602       8.068539613542665E-002  1.655948466394199E-002
   741276.355447282       8.123815312868876E-002  1.696050146806728E-002
   354649.334391116       8.179039443072085E-002  1.735910927099330E-002
   275152.160219011       8.234400930549943E-002  1.775574459730163E-002
   433215.670929597       8.289572515192400E-002  1.815227544396451E-002
   646750.437950922       8.328694260796811E-002  1.769531745220947E-002
   204046.118999727       8.280539751632292E-002  1.721278950802906E-002
   32563.5669621585       8.232489275811618E-002  1.673130287521975E-002
   376396.707857255       8.184590830786195E-002  1.625061763199439E-002
   33603.9398685457       8.136828762177005E-002  1.576735125777530E-002
   286318.499701042       8.178129197686637E-002  1.536280203570643E-002
   405504.421144217       8.219395877635124E-002  1.495804441150867E-002
   644000.006484482       8.260650051113445E-002  1.455250019628901E-002
   406228.224384019       8.301909521540836E-002  1.414654194281083E-002
   137368.427522852       8.160258923089211E-002  1.368601030925272E-002
   103860.274920116       8.126135357450398E-002  1.415143155691262E-002
   286087.175437570       8.091957629039359E-002  1.461709939389567E-002
   294540.512516280       8.057736353430997E-002  1.508424452653642E-002
   472064.305589694       8.011206327001820E-002  1.467655373912707E-002
   152389.720569860       7.964791181213726E-002  1.427088341508229E-002
   69915.8079174259       7.918316795274861E-002  1.386595736234740E-002
   318138.700907186       7.847897825787524E-002  1.468696691222132E-002
   179356.834114594       7.895140657798916E-002  1.508390613825813E-002
   116774.412327539       7.942326011051824E-002  1.547925669930807E-002
   114831.491522204       7.989485010772232E-002  1.587587244714227E-002
   24532.5464223070       7.948464775730812E-002  1.632008778229455E-002
   379180.444494763       7.907401175322348E-002  1.676424389805491E-002
   496924.605818321       7.866314851821124E-002  1.720935635942062E-002
   306901.693095626       8.374281296302528E-002  1.808773118272673E-002
   188802.589316911       8.422691431714856E-002  1.759555395255151E-002
   321083.015693783       8.471322558951899E-002  1.710331820384547E-002
   668134.403123032       8.519815773503407E-002  1.660951600078264E-002
   309204.950390494       8.568309710682767E-002  1.611390312490186E-002
   331037.488694903       8.602635171785938E-002  1.654514277256706E-002
   7461.34249321483       8.636885919326387E-002  1.697620921275377E-002
   43752.7280704382       8.671108132192008E-002  1.740701733193465E-002
   223199.124703659       8.705321812907300E-002  1.783845252969794E-002
   488483.567655835       8.822217628866152E-002  1.647186762946891E-002
   350729.919594002       8.774136338021972E-002  1.620077620491742E-002
   393437.218695966       8.726098580441674E-002  1.593046245789608E-002
   173730.992237453       8.678049921017716E-002  1.566085771366624E-002
   35479.8157309056       8.630080398835259E-002  1.539124073155749E-002
   31934.3706508242       8.672201176946230E-002  1.491228492428667E-002
   82897.3057172897       8.714420287001258E-002  1.443251715504387E-002
   299784.938031172       8.756675333895378E-002  1.395332096136461E-002
   199805.473713662       8.798930885096418E-002  1.347351877715895E-002
   65831.2441249948       8.681169392795141E-002  1.330455868190226E-002
   135208.253306024       8.640115036339079E-002  1.379349549645328E-002
   263054.718147480       8.598938132242430E-002  1.428298328937200E-002
   224490.375838265       8.557868473958542E-002  1.477313975376919E-002
   212900.146004716       8.516918103039427E-002  1.434677039775689E-002
   22216.5448060273       8.476016390685359E-002  1.392086303305872E-002
   57039.8952812256       8.435164324691642E-002  1.349507117462701E-002
   360427.682525359       8.350492978260100E-002  1.448420574075614E-002
   388202.862978615       8.399044118725617E-002  1.482190952213117E-002
   207998.053175897       8.447605639266717E-002  1.515876898502192E-002
   65950.6635126635       8.496118083282093E-002  1.549528882474383E-002
   307935.158283461       8.454532589105139E-002  1.604589831209731E-002
   38003.1352225482       8.412687920751480E-002  1.659440807687483E-002
   283347.874719397       8.370711441843716E-002  1.714409234934837E-002
   135420.885686661       8.958749777844707E-002  1.764233744036552E-002
   53131.7961431423       8.985796698476615E-002  1.714744709120420E-002
   13648.7035831543       9.012860729200643E-002  1.665216620970659E-002
   508006.768596669       9.039951590079169E-002  1.615743227860676E-002
   312006.165363115       9.067129286170898E-002  1.566133215566588E-002
   667955.333058344       9.114234720614039E-002  1.609909569488751E-002
   137925.267928502       9.161183105985481E-002  1.653495547013552E-002
   77193.0691827268       9.208174800387907E-002  1.697112096810454E-002
   283798.579948714       9.254883375191506E-002  1.740719087233503E-002
   608464.207562533       9.325918445558126E-002  1.657376527255118E-002
   489132.588787548       9.275114772203875E-002  1.618197844179745E-002
   389420.283224910       9.224212606746794E-002  1.579014746352034E-002
   37368.8273030507       9.173445805204838E-002  1.540020303110479E-002
   147101.496390197       9.122763636820885E-002  1.500873039869015E-002
   12110.6409076074       9.166428775993320E-002  1.451236982091956E-002
   113922.615946111       9.210014379161074E-002  1.401501686515196E-002
   167050.157321764       9.253716588968555E-002  1.351835147411708E-002
   126072.298619974       9.297297445509155E-002  1.302128546718337E-002
   9792.60745472195       9.184598643652786E-002  1.292752895659366E-002
   53239.9067452942       9.142320189493534E-002  1.343586747487390E-002
   149222.450234373       9.099907861270724E-002  1.394337386939204E-002
   36924.8828533956       9.057611998571752E-002  1.445222559727397E-002
   132528.385902442       9.009365420283545E-002  1.401449114318350E-002
   52625.8797192870       8.961026966169201E-002  1.357842650939411E-002
   47903.1369497368       8.912811464017961E-002  1.314138334353768E-002
   178496.066706945       8.849653295275153E-002  1.388126044121503E-002
   149929.164644130       8.900471600875907E-002  1.428862675745596E-002
   71434.5835376777       8.951188043719203E-002  1.469669360255331E-002
   92132.5101772670       9.001962055109811E-002  1.510359088615893E-002
   65151.1627983519       8.957074625696743E-002  1.544517464794919E-002
   397763.231285459       8.912152196675950E-002  1.578657484464081E-002
   351850.502448847       8.867152425452511E-002  1.612884259232640E-002
   35533.5571244895       9.409196790228952E-002  1.728571663559429E-002
   531756.537101286       9.449349087917272E-002  1.689158289426277E-002
   452075.366944694       9.489721416442447E-002  1.649629481194264E-002
   1124736.73368176       9.529920997962507E-002  1.610042313109880E-002
   351851.196478767       9.570346211567134E-002  1.570514966162141E-002
   1793915.03936124       9.622304420082579E-002  1.602465227194777E-002
   1836390.75603582       9.674538894753021E-002  1.633958139626836E-002
   1776276.65509886       9.727043737553580E-002  1.665057234496539E-002
   671852.583485971       9.779718234795792E-002  1.695527056771957E-002
   267214.886434625       9.828660658796663E-002  1.633163080657447E-002
   1219855.55748424       9.787339478902575E-002  1.589585334683075E-002
   1410948.55131593       9.746424410262088E-002  1.545648256782552E-002
   1453532.15446968       9.706024405207572E-002  1.501347396884963E-002
   460387.798755650       9.665939601332063E-002  1.456750963147618E-002
   889276.804507613       9.699294371579506E-002  1.418258286973664E-002
   122509.312410025       9.732483420600567E-002  1.379550926323757E-002
   28911.5215922277       9.765964175154893E-002  1.340897231085997E-002
   63145.0495044399       9.799270147289971E-002  1.302078452785007E-002
   365710.162233533       9.652610508464735E-002  1.243771720396051E-002
   381818.229228961       9.619372931700917E-002  1.282732097192186E-002
   1143265.28196013       9.586018463549019E-002  1.321593401589312E-002
   409473.812089883       9.552958673031486E-002  1.360832203431312E-002
   25631.1384971843       9.504039990109533E-002  1.328558815851008E-002
   125665.272222429       9.455054076813300E-002  1.296276932238726E-002
   218679.889757351       9.406182873185735E-002  1.263900440188243E-002
   138457.264452895       9.337133668941702E-002  1.345174547423092E-002
   49621.6473944988       9.377078011803952E-002  1.388157932122740E-002
   63242.3990436259       9.416932595160452E-002  1.431218906143883E-002
   269303.237093784       9.456738549739384E-002  1.474200268436062E-002
   526507.634986280       9.424370075419866E-002  1.520153462947070E-002
   52178.9762053522       9.391655780027450E-002  1.565825844784573E-002
   95367.3242148658       9.358816022780193E-002  1.611662361239631E-002
   4177557.05653273      -3.603000000000000E-003  2.500000000000000E-003
   3463534.01828261       2.297776097040622E-003 -3.295135690000035E-003
   10154429.6471674      -2.911000000000000E-003 -2.500000000000000E-003
   6119237.12520480      -2.535758850444816E-003 -2.945346602204802E-003
   1901982.44572503       7.216760856043089E-003 -3.691354664323545E-003
   2620183.33996642       1.213481197629486E-002 -3.591425628891475E-003
   2095811.19477981       1.703038770751638E-002 -3.948787796906586E-003
   1837630.41791597       2.195578669668948E-002 -3.948591628850991E-003
   1244168.52406078       2.688599863237029E-002 -4.345290368298245E-003
   2491443.35283215       3.182220240710023E-002 -4.286464560215537E-003
   967277.679354936       3.673548275120454E-002 -4.766402786416934E-003
   1358554.25623102       4.168975952737576E-002 -4.889422803103485E-003
   1418016.21794758       4.664375146140427E-002 -5.066976235486840E-003
   1124159.03585038       5.158509156442837E-002 -5.412077674533953E-003
   1022595.77330780       5.653954880578706E-002 -5.796025913388561E-003
   639377.098968195       6.148746107757296E-002 -6.304985412718563E-003
   760751.924597612       6.646480716312823E-002 -6.429177326576688E-003
   507781.092706432       7.143143995096986E-002 -6.753764174328932E-003
   558076.075589513       7.640923178306910E-002 -7.001626561552959E-003
   209538.907870361       8.135896163380057E-002 -7.680432803131770E-003
   83770.8880307229       8.633417221133463E-002 -8.114890885695884E-003
   42345.7671181552       9.134831588423069E-002 -8.107189756928208E-003
   19155.3438326743       9.741930865754761E-002 -3.012161403084996E-003
   153.100605543581       9.693310312566113E-002 -7.989417555020065E-003
   103.682591580505       9.633202055253962E-002 -8.505072528866633E-003
   198549.175701948      -3.091000000000000E-003  7.500000000000000E-003
   54120.3807789756       9.817949838233216E-002  1.941821289268373E-003
   1400518.68786178      -3.181000000000000E-003  1.250000000000000E-002
   276682.385543602       9.822758443844315E-002  6.946721206870855E-003
   1669717.29282232      -3.359000000000000E-003  1.750000000000000E-002
   243453.613993808       9.896456353843786E-002  1.188603062990868E-002
   1176562.52952029      -2.477658894605551E-003  2.356831992833998E-002
   5454708.74307987      -3.587000000000000E-003  2.250000000000000E-002
   670640.223693290       2.625693995618941E-003  2.327900033435860E-002
   612025.380828826       7.725238300219048E-003  2.304741329028890E-002
   433513.874494093       1.282297933504255E-002  2.324116217991270E-002
   344947.672351297       1.789542028153509E-002  2.275121639984855E-002
   390569.592612003       2.298945608778052E-002  2.273433308672852E-002
   145403.804024847       2.807233189462151E-002  2.270464855874057E-002
   175600.848769952       3.312033796360234E-002  2.210350903335761E-002
   340937.434548787       3.818449517202032E-002  2.188799527644433E-002
   361240.777697398       4.325923785496479E-002  2.201093723642708E-002
   459326.614888170       4.826919383756753E-002  2.137361623785625E-002
   182660.655772760       5.330481312606637E-002  2.099953476751636E-002
   358209.326703446       5.831831699598291E-002  2.045233719489845E-002
   275256.396386614       6.338320778608715E-002  2.076425299556031E-002
   296558.233792389       6.838407393858724E-002  2.024863729448545E-002
   351641.048568424       7.337456880995537E-002  1.972008879264289E-002
   128096.325641617       7.837578558694358E-002  1.932999460528404E-002
   71869.7214665153       8.335152923411260E-002  1.854322035919007E-002
   68346.3116975095       8.841834221252942E-002  1.900667340314344E-002
   39071.0359787971       9.338092547585355E-002  1.811728748023192E-002
   557370.374991842       9.890997675826087E-002  1.681789384437908E-002
   898581.151282139       9.842318492748210E-002  1.744048400169286E-002
