   752978.912935870      -1.632712413033013E-003  2.495011798601633E-003
   79132.5824745735      -1.227932740352305E-003  2.084110170529302E-003
   478209.016073520      -8.237501760407944E-004  1.673284091745202E-003
   1001110.81686852      -4.197014096806030E-004  1.264264885726456E-003
   670950.142423618      -1.656617664315796E-005  8.539773150986529E-004
   854956.552376141       3.131566894652069E-004  1.261872136445075E-003
   369530.040153278       6.445279306472566E-004  1.670036272199771E-003
   288425.956632494       9.757332128688461E-004  2.079794382207280E-003
   60527.2411804403       1.309587735270768E-003  2.487326968037237E-003
   1399552.19607924       2.475507195285963E-003  1.313022151060552E-003
   1233598.63137211       2.070223254826170E-003  9.822097029620635E-004
   1176441.86420941       1.663082094875218E-003  6.514845453685841E-004
   821725.297045242       1.256932959532785E-003  3.184451944455778E-004
   193880.969202891       8.489388276173619E-004 -1.431907456099129E-005
   226731.322519459       1.257447993633176E-003 -4.380636892284133E-004
   148362.543051969       1.659721014716156E-003 -8.630740929501056E-004
   1458681.03181720       2.062069014862646E-003 -1.287373802746275E-003
   909723.347164167       2.461265423991352E-003 -1.710255770882994E-003
   420482.377535558       1.629758628906846E-003 -2.527295436824382E-003
   27764.3727577583       1.214883855813501E-003 -2.113697585120584E-003
   1055760.64907542       8.030264568710821E-004 -1.698128233269014E-003
   1197813.61353463       3.919970126905504E-004 -1.286361654237581E-003
   1569470.50337911      -1.865062581523711E-005 -8.744862407699464E-004
   1836383.85947786      -3.992414931484174E-004 -1.283426325944838E-003
   870035.199468908      -7.824797845875891E-004 -1.691516787829425E-003
   426472.899375061      -1.165286009499359E-003 -2.101978970644899E-003
   1685325.87158415      -1.550302467136152E-003 -2.511887604641534E-003
   7119.90870466089      -2.506354937551382E-003 -1.557192645976415E-003
   1411748.23440840      -2.102030334384043E-003 -1.171272349707474E-003
   1011862.21570615      -1.696852900558953E-003 -7.844854751772711E-004
   242096.545711954      -1.292150852700914E-003 -3.955629781817391E-004
   611890.808205614      -8.828393833075758E-004 -9.113662543844663E-006
   160908.574033260      -1.291806339053507E-003  3.989734990139543E-004
   259385.136308124      -1.697357861633998E-003  8.083865359828856E-004
   595621.393281058      -2.103378177811375E-003  1.217586883096705E-003
   274911.091907822      -2.508936652896229E-003  1.626227981699682E-003
   332210.827131580       3.651796347441074E-003  2.475832103696752E-003
   12520.6651040331       3.982374327944856E-003  2.065659838441128E-003
   136218.047247797       4.309787882162037E-003  1.655220508328516E-003
   1166641.80592309       4.637378232050337E-003  1.244941210310052E-003
   901813.426242613       4.962017548958944E-003  8.362210737014841E-004
   1737326.77398559       5.409498248426384E-003  1.238420436046481E-003
   1026591.74754483       5.855629183733294E-003  1.644319574106398E-003
   698173.328787895       6.303337484068099E-003  2.051454309175992E-003
   57598.6478751308       6.754176318506056E-003  2.459013231327080E-003
   1829866.27242790       7.448974605166126E-003  1.759212000553886E-003
   1232866.37977369       7.048036292907751E-003  1.310444990293311E-003
   674449.824323450       6.646708022269738E-003  8.585882445548060E-004
   78271.5460368726       6.242653600332555E-003  4.063626062269776E-004
   426248.678762966       5.836198588947373E-003 -4.606999079642373E-005
   551431.013007857       6.237962069336152E-003 -5.790378536489884E-004
   517142.685227386       6.635870875088055E-003 -1.114885605730773E-003
   964942.990631996       7.029097786184325E-003 -1.651414712903305E-003
   769110.826186189       7.419763030163615E-003 -2.185138773975128E-003
   307778.971882435       7.017160629977053E-003 -2.574395768925312E-003
   238026.145572089       6.500248309719090E-003 -2.155124770518576E-003
   1323955.68912568       5.986034181295943E-003 -1.738650116473405E-003
   1333647.36304364       5.470036695033242E-003 -1.325604623336418E-003
   1039382.27216652       4.952315762740677E-003 -9.165947119761755E-004
   1346025.70225763       4.535679318500002E-003 -1.319278268942290E-003
   600749.318341624       4.119869107400512E-003 -1.725047074281046E-003
   503073.134025328       3.702537973753445E-003 -2.131628159580885E-003
   221044.860242563       3.282310635507493E-003 -2.538045512463622E-003
   873123.885102424       2.863752999639833E-003 -1.292853225119361E-003
   595198.749550838       3.266878717918955E-003 -8.737919472500560E-004
   104249.283826142       3.671964639566902E-003 -4.542245973569690E-004
   51978.0434882226       4.078837812330347E-003 -3.412486505933887E-005
   149345.576786713       3.676136696253506E-003  3.033559275046137E-004
   968218.047488464       3.275279642796959E-003  6.420836700631070E-004
   1148554.92889211       2.875381926301197E-003  9.777514675540510E-004
   151601.496701015       8.150673368928611E-003  2.450277674366807E-003
   189269.049874617       8.597403989449880E-003  1.951427507412141E-003
   180419.486951787       9.038714531039882E-003  1.449501146034418E-003
   1330968.08130274       9.476613466651894E-003  9.485514601642142E-004
   845267.495551189       9.914758497837725E-003  4.500129377637487E-004
   917872.590748700       1.027179616903856E-002  9.410507849843829E-004
   126143.266749257       1.063102390099365E-002  1.432681649050873E-003
   378397.203931316       1.099222199027357E-002  1.924525015907629E-003
   321093.894830370       1.135581414881882E-002  2.415339907509271E-003
   815686.760742978       1.241197626855709E-002  1.335728868055988E-003
   1156982.37499130       1.191937703640447E-002  9.834018335891474E-004
   998313.816392892       1.142748775463375E-002  6.291088062680194E-004
   240095.241889418       1.093591052417767E-002  2.724504679890523E-004
   67265.4937669818       1.044033995209917E-002 -8.492800453553426E-005
   589681.598868770       1.092786110654517E-002 -4.533752939498492E-004
   845475.048449135       1.141175478431848E-002 -8.221659393734375E-004
   1391228.17426922       1.189605942074728E-002 -1.187751064767132E-003
   780891.332561444       1.238009206037163E-002 -1.553790386554477E-003
   59974.0135019246       1.130725163055951E-002 -2.602393499129434E-003
   417222.012851202       1.095208056893735E-002 -2.104806704974171E-003
   168122.563583270       1.060120865881475E-002 -1.605612901092902E-003
   715680.947498080       1.025083298258083E-002 -1.106935949218159E-003
   894192.752143601       9.903131699328084E-003 -6.092419304496220E-004
   1616017.12717006       9.380574889976160E-003 -1.098446055460097E-003
   546780.727476737       8.860661587038339E-003 -1.592533262789647E-003
   108836.732277971       8.340090091494100E-003 -2.090192687633800E-003
   136121.662096253       7.812292236019920E-003 -2.585225012551242E-003
   1064773.09142845       7.906547300330687E-003 -1.662950887645842E-003
   381422.649521784       8.391969749878551E-003 -1.133175693922621E-003
   632393.444320083       8.880401382661720E-003 -6.019448933190629E-004
   204298.194499858       9.377126623347018E-003 -7.424715285166922E-005
   253107.028693752       8.891460690166124E-003  3.869290093867562E-004
   1196739.97428322       8.410910852817255E-003  8.471529704154009E-004
   1308341.17710676       7.930223845827006E-003  1.305000813350248E-003
   208617.533606871       1.349271068982800E-002  2.389290933215514E-003
   14810.1461660049       1.384582453208471E-002  1.967178396738625E-003
   186382.302297586       1.419693862060044E-002  1.544428541600438E-003
   640267.907185537       1.454731766127161E-002  1.123327499429649E-003
   631553.862762339       1.489731368506257E-002  7.025928716030649E-004
   775950.785882609       1.533273562790762E-002  1.113158586403351E-003
   381031.241579819       1.576826121230760E-002  1.523973415411106E-003
   95641.5321432751       1.620442620002206E-002  1.936631179127532E-003
   158091.736930166       1.664138293096032E-002  2.349079159617941E-003
   690724.543963531       1.740053619996168E-002  1.570366620105901E-003
   716267.200015631       1.698203964963119E-002  1.143791861227810E-003
   390553.730875175       1.656336980268489E-002  7.147975643185770E-004
   2080.26555691049       1.614500949826772E-002  2.849815438832177E-004
   256142.207064742       1.572399094806959E-002 -1.445864768162966E-004
   283660.944432079       1.613534691214651E-002 -5.229793945819104E-004
   297628.771147228       1.654305268438844E-002 -9.021907648076365E-004
   990121.932970775       1.695158174250809E-002 -1.281140959180277E-003
   596661.766299578       1.735892801090783E-002 -1.659215431405374E-003
   241608.496862025       1.632998451200315E-002 -2.657558859506265E-003
   106541.418961485       1.596471879950923E-002 -2.235154513205945E-003
   502373.250030262       1.560094185515764E-002 -1.811786885732148E-003
   681164.689880704       1.523828258932148E-002 -1.390734153402617E-003
   971538.996554359       1.487675520858819E-002 -9.692044467104926E-004
   1144782.34320677       1.451734553750817E-002 -1.381463913632578E-003
   391989.640366940       1.415626228199954E-002 -1.794085824737417E-003
   379261.872516650       1.379588191201979E-002 -2.209082035957946E-003
   123104.103351224       1.343163015080978E-002 -2.622886609203778E-003
   623750.225686939       1.279568499340694E-002 -1.195978831083168E-003
   533389.094744550       1.321279077696646E-002 -8.395554349339179E-004
   83245.3700714036       1.362931602529405E-002 -4.808191569609183E-004
   179338.288536908       1.404924188383306E-002 -1.235021188298032E-004
   107853.621824646       1.363843001747897E-002  2.423221975867834E-004
   508172.789485732       1.322988148630208E-002  6.076940082538428E-004
   699614.627893078       1.282067587276678E-002  9.719903688342304E-004
   162247.082622688       1.817985398695712E-002  2.327290781596066E-003
   178672.112359041       1.860608091941728E-002  1.904646989433299E-003
   250557.714421864       1.903127551417645E-002  1.481505165966553E-003
   647393.475183471       1.945622810735708E-002  1.059388995896635E-003
   461312.621087824       1.988117715507867E-002  6.374734325803412E-004
   517086.188011555       2.024864064168142E-002  1.048789009482247E-003
   213440.993315011       2.061646733413132E-002  1.459772360869824E-003
   3133.17959012106       2.098582498667595E-002  1.871109475353951E-003
   133679.126115126       2.135492769177743E-002  2.282455878354861E-003
   449438.155213574       2.238450713051824E-002  1.225766658088013E-003
   562196.244441878       2.196628850089089E-002  8.674021662992824E-004
   381225.423022399       2.154812601429490E-002  5.072347292865247E-004
   125908.793000503       2.112968697958028E-002  1.475158951302933E-004
   109043.102977408       2.070928651935525E-002 -2.122335129590542E-004
   189389.658342596       2.112090659581473E-002 -5.572614507397068E-004
   188823.627676766       2.152979965142912E-002 -9.018382215512618E-004
   620088.454260901       2.193863554634216E-002 -1.246578276753515E-003
   376093.198829705       2.234656503538050E-002 -1.591671684367891E-003
   190428.828952182       2.118091558100841E-002 -2.721837431950422E-003
   55193.2718869607       2.084889388155893E-002 -2.301348495179494E-003
   335030.595970549       2.051846816483244E-002 -1.880179473921060E-003
   464744.775561689       2.018904811975741E-002 -1.459877219044976E-003
   656393.937024727       1.985948693509563E-002 -1.038850303975092E-003
   768320.047502412       1.948618281974152E-002 -1.450442547425250E-003
   229055.884476077       1.911225518351846E-002 -1.861949411032143E-003
   215869.347798979       1.873687006490278E-002 -2.274292121030544E-003
   105390.072211145       1.836009697609037E-002 -2.685580207399112E-003
   638447.683311365       1.777548311091787E-002 -1.292668367478004E-003
   561835.017941698       1.819298782129002E-002 -9.251355212691976E-004
   114014.742561598       1.861065906562091E-002 -5.574337505308670E-004
   84881.4276244469       1.903089439362963E-002 -1.898105005897714E-004
   163377.361892640       1.862085479445653E-002  2.507443886950421E-004
   208357.967438513       1.821344355138869E-002  6.916266718969894E-004
   371031.776960058       1.780661973355407E-002  1.131762964930321E-003
   75608.6699842975       2.344111991458933E-002  2.253249554986671E-003
   47814.7192964616       2.379874201734819E-002  1.744538901451395E-003
   117741.759940403       2.415575401169334E-002  1.235866354766754E-003
   220570.800664241       2.451108158680329E-002  7.262727171765318E-004
   318018.798070788       2.486568564101036E-002  2.173895106364631E-004
   340215.501302169       2.530516680768124E-002  7.138383711172787E-004
   108468.576810449       2.574484598236598E-002  1.211232986722192E-003
   9034.58749807704       2.618519563073289E-002  1.707742664016372E-003
   28772.4639973856       2.662655656834034E-002  2.204842646211489E-003
   326628.408109489       2.737894906070742E-002  1.429268062252501E-003
   410692.265159080       2.687083063194055E-002  1.003197472347615E-003
   330147.134555478       2.636406387986000E-002  5.762877553017814E-004
   158826.450273489       2.585627875945029E-002  1.487438486982134E-004
   89871.0455879110       2.534758042099279E-002 -2.788256432350974E-004
   360233.943235859       2.584518101582034E-002 -6.182313928536514E-004
   295806.219176238       2.634123910942308E-002 -9.586720260764231E-004
   541639.618148868       2.683661480610441E-002 -1.297110615681322E-003
   291158.534942174       2.733272559674211E-002 -1.636582030767966E-003
   42928.3343372164       2.613627934521074E-002 -2.794603927855853E-003
   178350.974359761       2.581309709607653E-002 -2.285815793262572E-003
   76077.0248867519       2.549222955442897E-002 -1.777343763719141E-003
   206034.030847074       2.517080348592070E-002 -1.268187169183605E-003
   577262.179724909       2.485150086504971E-002 -7.595333592383107E-004
   495587.991021935       2.450983000019400E-002 -1.258213404708404E-003
   46257.9671934270       2.416798520466688E-002 -1.757943239748853E-003
   34767.5428276742       2.382428680899418E-002 -2.256858239380591E-003
   14313.5816529090       2.347885659002666E-002 -2.755834669584978E-003
   580114.444894037       2.285220380695775E-002 -1.260393524828221E-003
   637723.615430169       2.335697489277700E-002 -9.289079070002404E-004
   301937.543062092       2.386244923259139E-002 -5.971913192152929E-004
   7303.07762997754       2.436934639108045E-002 -2.640169654301615E-004
   100457.809924906       2.387231781393181E-002  1.091408093199109E-004
   355752.346435906       2.337617112582764E-002  4.817667097458590E-004
   306846.752921647       2.288075104042776E-002  8.543023765374090E-004
   57675.1858006383       2.815456039329691E-002  2.180585451297320E-003
   7380.53485397713       2.858110035757993E-002  1.689021257864993E-003
   10734.7637945953       2.900647629795596E-002  1.195981290103711E-003
   233707.128688514       2.943153520248586E-002  7.042758776912992E-004
   198421.163209669       2.985662492237547E-002  2.134670439116034E-004
   192952.865579700       3.029692020585369E-002  6.908755139157776E-004
   43537.7231693897       3.073744638378561E-002  1.168666005569508E-003
   18975.5706948724       3.117843899156493E-002  1.647486945826951E-003
   40409.7271156580       3.162014714030397E-002  2.124971575587772E-003
   228994.824782406       3.237166878370931E-002  1.348691288794925E-003
   276575.125836485       3.188172248200745E-002  9.227192710311758E-004
   224359.961224237       3.139099696522217E-002  4.962038303189730E-004
   105817.304434592       3.090131375066282E-002  6.918946987547684E-005
   96042.0231777847       3.041116982839511E-002 -3.579182945809454E-004
   73251.9987817298       3.088806557349185E-002 -8.175398182738840E-004
   90688.8024500864       3.136354930482500E-002 -1.276606477530928E-003
   351335.057115153       3.183982107894785E-002 -1.736144222801328E-003
   198063.499952359       3.231509577862132E-002 -2.194106854877244E-003
   8649.42728930861       3.160601626246794E-002 -2.880376668097361E-003
   88267.0442288483       3.116395421377486E-002 -2.388326636012300E-003
   146311.179524555       3.072203140433426E-002 -1.894880152516035E-003
   229494.413286885       3.028136073982055E-002 -1.402954801500059E-003
   355479.835245901       2.983977722152195E-002 -9.117579661194455E-004
   273318.552291845       2.950444982620830E-002 -1.391147465206303E-003
   33244.7406580689       2.916745493528757E-002 -1.871079247817967E-003
   9964.76159067406       2.883096390360109E-002 -2.352174417240839E-003
   725.074961064274       2.849226364443150E-002 -2.831557596008092E-003
   361129.381229522       2.782026971809350E-002 -1.312566704404922E-003
   399744.563160349       2.830903627548636E-002 -9.895973351242340E-004
   199077.573339346       2.879665481285492E-002 -6.648222362720608E-004
   63227.4315654048       2.928499326304642E-002 -3.407089891155801E-004
   83283.6420196677       2.880789447840542E-002  1.020900146597511E-004
   115174.676076598       2.833177363403537E-002  5.449687312338383E-004
   156481.009753221       2.785481107941620E-002  9.873096374886300E-004
   25096.3674472701       3.314805640865442E-002  2.099497375662803E-003
   87747.2851054652       3.357575043479649E-002  1.711990068303012E-003
   90355.7127518885       3.400288841984667E-002  1.324345849995893E-003
   151314.197329521       3.442998042042443E-002  9.359650591442899E-004
   123167.412622000       3.485720348792283E-002  5.489652712243501E-004
   131055.776518334       3.530197302089981E-002  9.217390022399664E-004
   74206.8667022431       3.574677667685088E-002  1.295661836078880E-003
   32120.4651437941       3.619162356446753E-002  1.668741677249307E-003
   44087.7979438065       3.663573153857989E-002  2.041838420934580E-003
   110245.768360511       3.736843022473888E-002  1.284754668921797E-003
   102337.594317066       3.698178134858441E-002  8.530199622504050E-004
   46735.6560145195       3.659503559768444E-002  4.200905071630887E-004
   13101.2509348186       3.620716529804206E-002 -1.292248144831070E-005
   68071.7445347588       3.582004005304428E-002 -4.458854122533502E-004
   30006.9639535580       3.619327142740097E-002 -8.674134847404896E-004
   24606.1029658747       3.656691508946169E-002 -1.289214462863166E-003
   191407.637056899       3.693946052952173E-002 -1.710789295823521E-003
   124927.768142540       3.731169795486727E-002 -2.132339839080407E-003
   65709.3372262702       3.645780005992121E-002 -2.957761600598318E-003
   13798.0850554862       3.604925570542981E-002 -2.570554216342820E-003
   147227.564945673       3.564120309723005E-002 -2.183230721171121E-003
   161129.363035005       3.523313399724955E-002 -1.795242588541401E-003
   213862.482174968       3.482522600702845E-002 -1.408310824155174E-003
   290128.610905144       3.436907173616793E-002 -1.781057008967151E-003
   158284.464171661       3.391393867806083E-002 -2.155205527503886E-003
   152132.557558254       3.345784813216225E-002 -2.528829199219239E-003
   49298.3507514483       3.300202478727464E-002 -2.902357486870638E-003
   108794.582473856       3.270091595503334E-002 -1.749647463764545E-003
   46643.0838545423       3.308723194605464E-002 -1.304091504323848E-003
   85561.0005643854       3.347483230625641E-002 -8.593677846218138E-004
   84808.6100954401       3.386206165972606E-002 -4.138653379424443E-004
   27611.3898793073       3.348936482068806E-002  2.685905712836894E-005
   41681.9936802059       3.311590669365996E-002  4.675911396424876E-004
   78548.7576151692       3.274362716035635E-002  9.081566694777302E-004
   40292.3501430596       3.812568232202828E-002  2.017073588914305E-003
   2729.04955614117       3.855751775927401E-002  1.641410965935675E-003
   31416.2933744946       3.899002150283902E-002  1.265689972597815E-003
   82006.7856165960       3.942246137769317E-002  8.901162037370402E-004
   79579.9337483366       3.985489965667906E-002  5.147081338185370E-004
   132363.460167499       4.039469529520485E-002  8.734975808415961E-004
   144804.426807490       4.093426548597909E-002  1.232634843510126E-003
   99360.0715329101       4.147373261922092E-002  1.592059079670497E-003
   1537.49624108523       4.201346078798082E-002  1.951697378877684E-003
   129644.759297029       4.237142363772402E-002  1.581752630417540E-003
   75156.5824890855       4.199541919902382E-002  1.053794427261930E-003
   14435.5915725239       4.161909340782459E-002  5.255699362644010E-004
   33220.5205409254       4.124241902304598E-002 -2.562348337054195E-006
   91086.9397775690       4.086555389600895E-002 -5.306117648208061E-004
   33598.2248489758       4.122583401680716E-002 -9.932262211883743E-004
   35770.3465891377       4.158557076594325E-002 -1.457104850558855E-003
   126746.738619886       4.194512275227424E-002 -1.919899661823981E-003
   96578.6397157901       4.230429330498670E-002 -2.382685035824601E-003
   76851.0020249187       4.161744408221077E-002 -3.045204464041940E-003
   34273.2511728117       4.116814730420986E-002 -2.668828461746639E-003
   156846.309016085       4.071924779359076E-002 -2.292469398993749E-003
   161105.036271244       4.026923921003928E-002 -1.916476053160460E-003
   160277.968220477       3.982025536345277E-002 -1.540645971100891E-003
   209483.943728624       3.939976187190893E-002 -1.901701833547676E-003
   107064.060311554       3.897919611270188E-002 -2.262911480523375E-003
   105027.376081087       3.855863072668794E-002 -2.624403521921434E-003
   49069.2389898451       3.813759749423538E-002 -2.985767342990676E-003
   97857.3951617716       3.768579311114358E-002 -1.723236259921484E-003
   63128.7218417011       3.806019384266894E-002 -1.314126559772975E-003
   34013.0360578632       3.843471772260977E-002 -9.048473316650487E-004
   25899.3016987298       3.880964314476338E-002 -4.957118377361551E-004
   22885.1135695405       3.844913219603645E-002 -5.025906271848409E-005
   29830.8844276552       3.808880511780259E-002  3.952076938975888E-004
   75832.0280083286       3.772857397631959E-002  8.405585984610363E-004
   2321.37249542575       4.274141314315608E-002  1.939450218470992E-003
   28953.8669036016       4.326640677926594E-002  1.408977821338091E-003
   20815.3565290970       4.379067893934177E-002  8.781612429893120E-004
   81949.7399888290       4.431481158681516E-002  3.464938819175615E-004
   64103.2165293455       4.483918492176293E-002 -1.836987737573480E-004
   27334.4353284222       4.525287392993715E-002  3.302614878533987E-004
   5179.81091520645       4.566773590062614E-002  8.452600689472774E-004
   27419.2434173799       4.608176779928751E-002  1.359206627566662E-003
   28820.9899831305       4.649693938911160E-002  1.873059121051035E-003
   49149.4754587177       4.735921624699022E-002  9.795062196463287E-004
   86350.9656624509       4.683128467048795E-002  5.829302171434294E-004
   77580.7790666339       4.630349732678758E-002  1.871675409283890E-004
   61157.0479369048       4.577476851229971E-002 -2.097357367351816E-004
   31727.9132425753       4.524701718640600E-002 -6.057774039400037E-004
   81370.7026362912       4.576155297982164E-002 -9.763167147473756E-004
   66925.1800950925       4.627664094415519E-002 -1.346905360440786E-003
   121107.017995572       4.679077537528447E-002 -1.718237501141628E-003
   65459.7097254154       4.730492519967462E-002 -2.088505436101603E-003
   2897.02087305480       4.623135815649760E-002 -3.124421388087551E-003
   37158.4304427817       4.587965438834480E-002 -2.596926254508953E-003
   21604.5542180343       4.552724810658562E-002 -2.069265829465541E-003
   57248.9675824053       4.517599573852536E-002 -1.540699845274558E-003
   162909.797559028       4.482495847819128E-002 -1.013342714085132E-003
   174424.993518416       4.436134931317345E-002 -1.526756046482526E-003
   3666.81319998607       4.389657585520964E-002 -2.041709477154670E-003
   28851.9059560953       4.343235657262770E-002 -2.555695439131472E-003
   9776.49401183312       4.296733131949756E-002 -3.069236352147175E-003
   180312.407588769       4.283228004400869E-002 -1.935794434111873E-003
   154887.617352516       4.336001628356078E-002 -1.488362753624416E-003
   14644.0821599486       4.388868891572788E-002 -1.039412439880075E-003
   32616.7332763143       4.441703676428193E-002 -5.914757567068198E-004
   15233.9571844231       4.390552749543397E-002 -4.811081100944805E-005
   44533.9460706255       4.339349003935627E-002  4.954756453631876E-004
   60016.2770491383       4.288256626012457E-002  1.038854806988096E-003
   4818.15006520898       4.825269808810806E-002  1.841449378001275E-003
   5819.97953487395       4.865184064801906E-002  1.450171214970995E-003
   3054.17944122655       4.904983011837467E-002  1.058838556514907E-003
   3351.82610541988       4.944882583379501E-002  6.685261828335529E-004
   22603.1861129378       4.984687308781850E-002  2.773654045404474E-004
   13740.2610652018       5.024177743243265E-002  6.542777758944338E-004
   1800.38128122350       5.063764683306850E-002  1.030182865240472E-003
   12159.0225858436       5.103257014818793E-002  1.407058437434388E-003
   2132.83720552157       5.142744559461252E-002  1.783965369088304E-003
   1994.63112174341       5.235712938650001E-002  8.198011053930299E-004
   26263.3033188981       5.196613063507439E-002  4.389368271184999E-004
   17670.6846161962       5.157520165528925E-002  5.800424117601206E-005
   28929.2564982260       5.118525656181878E-002 -3.239372016342775E-004
   32351.2645819482       5.079439580863362E-002 -7.049143848085228E-004
   11050.3101142430       5.117152397421935E-002 -1.098759699651045E-003
   19491.5405519422       5.154740708022858E-002 -1.493745534795061E-003
   8047.36242432105       5.192430435797116E-002 -1.887717395728156E-003
   5581.16600049340       5.230111577575372E-002 -2.282714510915039E-003
   16003.7287191607       5.133394262415119E-002 -3.215169668376522E-003
   14320.5102780535       5.095303202570436E-002 -2.824151725515902E-003
   36369.2634510536       5.057316153138962E-002 -2.433156027913395E-003
   19229.7928844391       5.019221865865432E-002 -2.043239716080897E-003
   80146.7311020675       4.981240525095390E-002 -1.652254403591953E-003
   78383.0116538405       4.944488820700368E-002 -2.029773409383133E-003
   38046.7429308037       4.907737616289837E-002 -2.406411205733127E-003
   37104.2449071008       4.870882750407498E-002 -2.784126961983430E-003
   12822.2970108195       4.834106084133364E-002 -3.161766082723358E-003
   45651.1031953724       4.769495278151619E-002 -1.734205907745695E-003
   36523.7605700566       4.808513235171299E-002 -1.378952436713557E-003
   943.751268252231       4.847433535556447E-002 -1.024599205808037E-003
   42001.0493089906       4.886465608762810E-002 -6.702602079271476E-004
   10693.6343725678       4.848801567252307E-002 -2.582659915997319E-004
   6690.92034205773       4.811236781711556E-002  1.546490272817052E-004
   7855.48831236826       4.773573323016293E-002  5.665516084609850E-004
   8583.81851542258       5.332110730030485E-002  1.749243312214147E-003
   15504.5564304471       5.370177711444574E-002  1.338354718459682E-003
   18167.1845615352       5.408238082446056E-002  9.263935762948789E-004
   32850.1011659702       5.446405352163490E-002  5.154147765651498E-004
   14478.5636528717       5.484474821375836E-002  1.034524464028014E-004
   40218.9888331277       5.528321068495314E-002  5.004974579387179E-004
   12163.1591733441       5.572064264395245E-002  8.964840972564679E-004
   8576.04768485578       5.615905491896365E-002  1.293389088006489E-003
   15406.8936260730       5.659733520800502E-002  1.689298759481467E-003
   31387.7798381195       5.736006069922660E-002  8.982500711046452E-004
   32803.2792695105       5.694811161266913E-002  4.747140146761928E-004
   9996.90935882749       5.653517969586456E-002  5.128855249011738E-005
   16805.6334041580       5.612331549087891E-002 -3.711068230833846E-004
   908.786532619592       5.571054935282261E-002 -7.945089407102803E-004
   15844.7392865074       5.610683194023847E-002 -1.282653833188344E-003
   11724.3339512811       5.650210790948117E-002 -1.771811335706099E-003
   42486.2046958336       5.689845626054085E-002 -2.260013031168298E-003
   27883.5367003195       5.729383219357121E-002 -2.748266763560214E-003
   3897.44095221921       5.670843177041051E-002 -3.312738097715664E-003
   4406.41289772566       5.623485735359269E-002 -2.900169481741668E-003
   19806.4551450718       5.576117154808335E-002 -2.486623910236830E-003
   40137.9288821118       5.528644262874839E-002 -2.074021749131133E-003
   5294.78212203221       5.481279341206873E-002 -1.660315055513218E-003
   6552.16584877494       5.441849699464819E-002 -2.058206618982021E-003
   555.798777340028       5.402323524479147E-002 -2.455113597901009E-003
   3000.65724489064       5.362892970079616E-002 -2.853021435865382E-003
   2042.89063634859       5.323361653143510E-002 -3.249895841352339E-003
   16588.3853053318       5.271208093829465E-002 -1.902164603403424E-003
   13659.8214834188       5.312401838400010E-002 -1.522614757258536E-003
   17830.8388988320       5.353497436782144E-002 -1.142035428792547E-003
   15681.8776781162       5.394687217911916E-002 -7.624269539154155E-004
   13875.5843123673       5.354896553366542E-002 -3.671475623438322E-004
   26823.8392934280       5.315201582423796E-002  2.910439552831676E-005
   52316.0827192876       5.275402634021743E-002  4.243900695690118E-004
   10624.3288064911       5.815102363774025E-002  1.661041970911024E-003
   1098.54998374084       5.857499946384038E-002  1.269399781385636E-003
   15505.2608787149       5.899905753401710E-002  8.777627156236732E-004
   26609.7063810732       5.942214722836926E-002  4.861132017804511E-004
   22982.5129378593       5.984622851602778E-002  9.438296118274468E-005
   30280.6950946912       6.035318108953282E-002  4.692784327968456E-004
   21775.9046388231       6.085914821356531E-002  8.441451530563536E-004
   778.649524847775       6.136610961204499E-002  1.218942196314450E-003
   15672.8208630744       6.187201933244606E-002  1.593719167011499E-003
   12627.1422898007       6.236482910625282E-002  1.082743152228702E-003
   25161.9162147705       6.197173805052381E-002  5.907716175200991E-004
   790.645436760941       6.157864170210728E-002  9.789187910926359E-005
   10288.0101327730       6.118562049021971E-002 -3.939880246392605E-004
   9374.23713958646       6.079265353116731E-002 -8.869004653674997E-004
   12121.4619251465       6.117012162599795E-002 -1.251724104636788E-003
   12988.1618925086       6.154766937683789E-002 -1.616521404591047E-003
   37131.9833008795       6.192523692660232E-002 -1.980361751313467E-003
   23396.1534055889       6.230283482720394E-002 -2.345190101818474E-003
   10475.1859115390       6.121470548602125E-002 -3.394804288859803E-003
   1254.12792744928       6.086370097713856E-002 -3.004441650996437E-003
   19578.8680291671       6.051361078967218E-002 -2.614131771643631E-003
   25089.1466483056       6.016251940000656E-002 -2.223761033449831E-003
   34263.0104631146       5.981138749524052E-002 -1.833383579873673E-003
   52836.9001944015       5.932334679417142E-002 -2.208598281054945E-003
   32773.3368486204       5.883428316441748E-002 -2.583719524371995E-003
   30418.3515522646       5.834619558042522E-002 -2.958754156075080E-003
   10987.0177348995       5.785821495776666E-002 -3.333772760318601E-003
   12133.0552811806       5.768676139955566E-002 -2.274455516826566E-003
   898.243749983587       5.807959529699260E-002 -1.800668065708362E-003
   21609.2796419492       5.847237186896963E-002 -1.325887434584185E-003
   12305.5733562321       5.886500745255974E-002 -8.520430011162043E-004
   2402.10430774795       5.848882410653327E-002 -4.142625444506569E-004
   15792.5002321251       5.811258175318934E-002  2.253077202063903E-005
   32801.7835295187       5.773632548846890E-002  4.603576561753878E-004
   3700.75279397683       6.287582769669567E-002  1.575654250413554E-003
   1954.94382852371       6.336797925081243E-002  1.192786502546885E-003
   2618.81825746946       6.386117240577999E-002  8.089064803311826E-004
   1520.50734655123       6.435338454494986E-002  4.260188205329179E-004
   7369.08051416457       6.484657229799300E-002  4.306583798124864E-005
   3340.85796837691       6.536219442520481E-002  4.078801785993625E-004
   3493.15260071016       6.587682451881052E-002  7.727062218890507E-004
   2326.43450771671       6.639245912794686E-002  1.138539846454945E-003
   3395.87915645641       6.690707595215145E-002  1.503409743541118E-003
   6991.54465437618       6.736466620849635E-002  1.029172118053920E-003
   9765.84395863126       6.698162306179166E-002  5.279057001972480E-004
   7374.17976764788       6.659754173224543E-002  2.567646587543684E-005
   10753.3322660898       6.621447095690855E-002 -4.755621018168581E-004
   13711.1299375189       6.583134992498064E-002 -9.777716199312818E-004
   2349.03668834343       6.619720000465525E-002 -1.431403146449496E-003
   8239.70014464698       6.656313519361388E-002 -1.885968910181595E-003
   9213.48387839426       6.693010418351782E-002 -2.339563450756566E-003
   6776.06474878418       6.729609990584873E-002 -2.794134220856710E-003
   9205.98521483290       6.657354144445848E-002 -3.491383539656782E-003
   7420.34350152796       6.613227311371268E-002 -3.109467629996419E-003
   20578.1872803438       6.569199185290764E-002 -2.726561490008356E-003
   14276.4447547028       6.525071766507119E-002 -2.344582743992239E-003
   32625.6753827331       6.481041060178741E-002 -1.962642963068934E-003
   33178.3858750673       6.444561630951766E-002 -2.330113666862350E-003
   15447.1125140230       6.408083793644234E-002 -2.697553637728722E-003
   15044.1469336057       6.371704744412655E-002 -3.065974132129007E-003
   7279.59069987595       6.335235730959785E-002 -3.433412293430303E-003
   20947.7257787854       6.268335967957116E-002 -1.994056136117165E-003
   17353.5170424459       6.306481607513148E-002 -1.643924708181722E-003
   1767.88947123721       6.344527955645456E-002 -1.292809805360476E-003
   10452.0230799528       6.382569078414535E-002 -9.416880580532577E-004
   5855.24903048717       6.346075047216278E-002 -4.350911106121360E-004
   4705.57752141581       6.309579257121979E-002  7.051166775075084E-005
   3859.29449386163       6.272983397183003E-002  5.771347304360313E-004
   3276.85341211540       6.783894064055929E-002  1.486801824378796E-003
   2748.15767588724       6.833993603899104E-002  1.091766791940515E-003
   7160.43099722343       6.884193952331666E-002  6.967268365017695E-004
   7659.90251620996       6.934293727468707E-002  3.017043744770833E-004
   1274.52551355803       6.984494937404841E-002 -9.233965323358732E-005
   7336.31476827969       7.029472912137975E-002  2.846952560124848E-004
   2000.22537978592       7.074452935313380E-002  6.627409392843198E-004
   3219.36716746391       7.119433342426149E-002  1.040801716548140E-003
   5249.77731014760       7.164415117091347E-002  1.418870634191255E-003
   1396.06031745735       7.235904506104764E-002  6.779953993677425E-004
   3722.01354741279       7.196522049062135E-002  2.419462273826186E-004
   1389.68336915850       7.157139271669744E-002 -1.941213053488316E-004
   6195.23589033386       7.117755299701446E-002 -6.301930008050761E-004
   2548.08347522918       7.078468748316483E-002 -1.066271381074287E-003
   3477.82479220420       7.116130544869748E-002 -1.537095978249495E-003
   3497.89290571985       7.153893120913547E-002 -2.008916070916657E-003
   3853.57320751561       7.191657108277341E-002 -2.479735375465906E-003
   2448.32526645385       7.229419671918209E-002 -2.951547528174718E-003
   702.375897410549       7.164084681819143E-002 -3.581987997549886E-003
   1915.59997854226       7.118280583296949E-002 -3.187742090897945E-003
   1490.45222884298       7.072577486090886E-002 -2.793508751243383E-003
   3339.27116814006       7.026775336046719E-002 -2.399249791450969E-003
   8981.39679547380       6.981069642316995E-002 -2.006032449300788E-003
   8298.32379266219       6.935685229402461E-002 -2.382973623165422E-003
   4737.75043220796       6.890198997441611E-002 -2.760881770655489E-003
   3331.73019279269       6.844813525354297E-002 -3.138798983497696E-003
   2651.05344317255       6.799331442539347E-002 -3.516709847242028E-003
   9709.95821542801       6.769009315407887E-002 -2.353102280521022E-003
   6358.45442399393       6.808406046507436E-002 -1.913084594636482E-003
   2075.19100069896       6.847803927691815E-002 -1.472080022574786E-003
   3387.05997710183       6.887098863506659E-002 -1.032060112931416E-003
   994.566139147620       6.849515604508583E-002 -5.162598253764466E-004
   2861.26903857581       6.811831997300469E-002 -1.436599269845828E-006
   11999.3182541648       6.774151022321419E-002  5.143857495887836E-004
   2277.58650159860       7.309993477136906E-002  1.392882261760013E-003
   1588.55386294913       7.353500141066936E-002  9.450225562829633E-004
   1724.95933147634       7.397005794209355E-002  4.971626120997333E-004
   3640.59647902555       7.440510676777924E-002  4.930530805909617E-005
   2782.18223232430       7.484017334588423E-002 -3.975424959168739E-004
   3883.05836284276       7.531292671433157E-002  3.308076304432369E-005
   1338.27384862535       7.578569739521604E-002  4.647140234256540E-004
   1259.36923485196       7.625747348543942E-002  8.963708033682394E-004
   2475.39975160146       7.673026279524732E-002  1.328008060475362E-003
   3010.38374860361       7.735970317196818E-002  6.756519227515188E-004
   4028.24857088026       7.691148105733379E-002  2.185904975815377E-004
   1353.11294191557       7.646327854894532E-002 -2.374853811215826E-004
   1171.36271756806       7.601505276217844E-002 -6.945664296610785E-004
   1704.63818528604       7.556781423901592E-002 -1.151662498363446E-003
   172.270403126883       7.599892936899587E-002 -1.596455617405187E-003
   1681.47304021433       7.643104879137694E-002 -2.040269185306977E-003
   5818.47138028645       7.686314649335546E-002 -2.485075779717842E-003
   3534.08141129955       7.729524065305549E-002 -2.929876554341389E-003
   641.204099783638       7.652890109464273E-002 -3.669286222202165E-003
   1017.51118141722       7.609983752543956E-002 -3.221531521949736E-003
   2566.87273227324       7.567079044842402E-002 -2.773772053535722E-003
   4395.30678806352       7.524274644700531E-002 -2.326037504962784E-003
   3712.88315210067       7.481368489324212E-002 -1.879294971385427E-003
   5706.42746813906       7.434193772517091E-002 -2.309937426652003E-003
   2517.36383026506       7.386917611896054E-002 -2.741573188287502E-003
   2047.67930699698       7.339741627847245E-002 -3.173238316328953E-003
   374.873859832145       7.292464596652051E-002 -3.604886003582972E-003
   995.078972346824       7.274240337562264E-002 -2.494460047765052E-003
   120.129405065919       7.319059951065401E-002 -2.038369947620605E-003
   2949.37715865396       7.363882170472648E-002 -1.581278885219204E-003
   1288.08795730071       7.408604391984966E-002 -1.125178946668200E-003
   660.548777009806       7.365503701394702E-002 -6.743906613144992E-004
   2708.98900587796       7.322303898190771E-002 -2.235858874292982E-004
   5716.31624163922       7.279104483294896E-002  2.272127924256612E-004
   895.162670937559       7.801206353674267E-002  1.305079851225420E-003
   324.918802342983       7.846988873597667E-002  8.998147723805190E-004
   1220.53584031650       7.892670409441858E-002  4.945668783827115E-004
   2030.97571385030       7.938451782635191E-002  8.930589544962008E-005
   2019.80271481382       7.984233484162452E-002 -3.159464029163107E-004
   1699.98391135373       8.034335171868220E-002  7.215332809767765E-005
   1310.88284428281       8.084336818590271E-002  4.602735009886772E-004
   451.243312144300       8.134438593824685E-002  8.483771871939001E-004
   738.821016214604       8.184440918105586E-002  1.236497832611383E-003
   2110.18814087931       8.236091228624602E-002  7.011676765475785E-004
   2200.71128862735       8.195516420926489E-002  2.153528275783830E-004
   993.143302319987       8.154939849254862E-002 -2.714679577869796E-004
   316.914859210256       8.114364863695243E-002 -7.572906519406759E-004
   1822.72141146430       8.073787829071821E-002 -1.244113101550136E-003
   262.267147790331       8.112578559160458E-002 -1.756141084877073E-003
   970.462522256273       8.151369518570376E-002 -2.267178071546837E-003
   2965.41066672899       8.190158024548554E-002 -2.779214113224533E-003
   2045.60340188663       8.228947527518993E-002 -3.290245941515204E-003
   992.057199144416       8.179892390015270E-002 -3.763534937238522E-003
   805.422528893886       8.130211635795691E-002 -3.357563987164501E-003
   3664.08027512586       8.080431871862487E-002 -2.951577493500849E-003
   3159.95947065139       8.030751724581162E-002 -2.545619503493921E-003
   4460.34535261444       7.980971597709564E-002 -2.139646543084957E-003
   5405.89375025967       7.936570611750786E-002 -2.528770741520841E-003
   2789.93672729830       7.892269685103784E-002 -2.917921501483863E-003
   2452.84958015924       7.847868718509227E-002 -3.307062895489292E-003
   843.664997303209       7.803466352360497E-002 -3.696201331048238E-003
   2461.32060497440       7.769996483013066E-002 -2.500032611946465E-003
   1285.09050634744       7.810469680118910E-002 -2.070186580936281E-003
   1281.14812031154       7.850941629139949E-002 -1.641336300294699E-003
   2032.64920893432       7.891416510114614E-002 -1.211489671579556E-003
   795.638178175363       7.852554768691729E-002 -7.394519281284632E-004
   258.325499378870       7.813693467286179E-002 -2.674143571172805E-004
   1565.66303795325       7.774830831803964E-002  2.036212263016981E-004
   34.5864853612796       8.289624152458522E-002  1.217662445403060E-003
   613.790916923346       8.338300583297520E-002  8.648869620484685E-004
   269.894628237676       8.387076439332383E-002  5.120928153083781E-004
   431.425436712972       8.435752348264255E-002  1.593191530090197E-004
   744.532123414534       8.484528449584791E-002 -1.934684727545549E-004
   200.229062608728       8.534036512154451E-002  1.417202858266641E-004
   365.615824156207       8.583644520663952E-002  4.768915666592479E-004
   464.004127436717       8.633152577303577E-002  8.120801972999784E-004
   36.4149882963490       8.682660711401814E-002  1.147267850207915E-003
   873.143928611345       8.735979596801166E-002  5.946305664287167E-004
   518.382447257828       8.700709658252795E-002  1.118705046902321E-004
   425.674034912078       8.665439728394325E-002 -3.708902674457552E-004
   429.061852126322       8.630168012587085E-002 -8.546513933180667E-004
   915.835052782093       8.594898165010170E-002 -1.337413605016590E-003
   55.0050631437054       8.628365632424814E-002 -1.861490616250889E-003
   876.411516085505       8.661830555100172E-002 -2.386572480376796E-003
   650.464008044291       8.695297041376628E-002 -2.910654768830571E-003
   604.030162541569       8.728761213271503E-002 -3.435737025608315E-003
   841.296813583383       8.685404905115712E-002 -3.854035014018934E-003
   886.764361594247       8.634129703433910E-002 -3.500789521150970E-003
   1834.35214396519       8.582954692069159E-002 -3.147564551936764E-003
   1122.16527804866       8.531679424411599E-002 -2.794326577588178E-003
   2317.01740624642       8.480504301746197E-002 -2.441104919302597E-003
   3139.34643789331       8.429397486910785E-002 -2.776010310748675E-003
   2446.13515113370       8.378390858444046E-002 -3.110938294927053E-003
   2423.27057438473       8.327284402108924E-002 -3.445854612465305E-003
   1177.09950201227       8.276277114984003E-002 -3.780790167635081E-003
   1110.70225953088       8.264242311026655E-002 -2.792477802093071E-003
   35.5112470278738       8.299539623646997E-002 -2.293707093187157E-003
   994.657870537952       8.334835638404289E-002 -1.795935893423461E-003
   1209.80291518375       8.370133983828734E-002 -1.297167357738894E-003
   423.798155229866       8.336623992703800E-002 -7.970832337877890E-004
   192.532813388920       8.303112230438360E-002 -2.979994026063675E-004
   159.107962957027       8.269602430283426E-002  2.020838555496119E-004
   180.102572470957       8.791243222436085E-002  1.127816462369711E-003
   224.698947216154       8.839415543333459E-002  7.171226215893062E-004
   237.784373835576       8.887587657436838E-002  3.064275556460330E-004
   191.645980442002       8.935859765392362E-002 -1.042850660139456E-004
   115.012456683550       8.984031925651050E-002 -5.149790091308250E-004
   213.738241402611       9.026945327531256E-002 -1.206031633834189E-004
   2.48719105443147       9.069858710579756E-002  2.737724793066135E-004
   178.911329078981       9.112872072773043E-002  6.681297123667268E-004
   107.522567322455       9.155785446124541E-002  1.062504411633521E-003
   220.271918548875       9.235419589051265E-002  2.371064045247158E-004
   7.29469332487271       9.194470070337521E-002 -1.776241825369622E-004
   162.843793701660       9.153518758762909E-002 -5.933540271491079E-004
   339.232109737833       9.112569276692208E-002 -1.008083980858157E-003
   321.377935672874       9.071619899311571E-002 -1.422814494162240E-003
   163.040592372233       9.111012925195788E-002 -1.876943580355917E-003
   204.795825957771       9.150405693114287E-002 -2.331074396083959E-003
   133.843069535327       9.189798439966712E-002 -2.785204958898141E-003
   94.2354755323277       9.229191108162023E-002 -3.239335657789598E-003
   141.956991174179       9.156726974300908E-002 -3.938465272528995E-003
   114.418420225303       9.112754361946671E-002 -3.528521438605825E-003
   375.595554778382       9.068781798109390E-002 -3.118577770392256E-003
   152.370280143905       9.024809173683579E-002 -2.708635286721774E-003
   901.210658787628       8.980836647233226E-002 -2.298691994658690E-003
   1133.37201511571       8.928325326581392E-002 -2.691349946269801E-003
   761.920740687166       8.875714108442534E-002 -3.083992089677672E-003
   551.899292430260       8.823202892569379E-002 -3.476654393200310E-003
   313.138918065532       8.770591278741027E-002 -3.869298536772026E-003
   760.279858426058       8.769883654867236E-002 -2.924019845927941E-003
   210.133212926964       8.811004448632659E-002 -2.413299612283766E-003
   269.110960628598       8.852127232749556E-002 -1.901579095464723E-003
   350.991207562190       8.893248491568376E-002 -1.390859596893567E-003
   44.4944246823616       8.853930827135850E-002 -8.947367987620147E-004
   16.4527554880571       8.814614916894943E-002 -3.976144958844025E-004
   325.028753339427       8.775297201869758E-002  9.850753576335324E-005
   102.592700449943       9.317959338989718E-002  1.033446971937484E-003
   139.532485411601       9.359387691775849E-002  5.989564131019111E-004
   102.774193692127       9.400917781254232E-002  1.654472793473263E-004
   165.602134059422       9.442346124715971E-002 -2.690437821740487E-004
   52.4357852794198       9.483776272513265E-002 -7.025350895348938E-004
   169.659454156135       9.524433102895523E-002 -2.837516059319503E-004
   45.9073897455263       9.565191696351262E-002  1.360135549303906E-004
   97.8690491982236       9.605848492981819E-002  5.547966285981937E-004
   80.2112691361393       9.646607058573901E-002  9.745614085799039E-004
   16.9759670121545       9.735176629276336E-002  5.654718896519776E-005
   151.293183385304       9.691766856993989E-002 -3.357390804253719E-004
   29.2140371027671       9.648458840893524E-002 -7.270428382023858E-004
   82.8653423977000       9.605049069606299E-002 -1.119328377165122E-003
   51.3541145406290       9.561741128061743E-002 -1.510632119136349E-003
   85.8995710541064       9.603660743391976E-002 -1.894203022807518E-003
   22.2853995145383       9.645682097555781E-002 -2.276792313218209E-003
   5.66011056011949       9.687601686363363E-002 -2.660363442446026E-003
   1.43269118515430       9.729621256430356E-002 -3.043952509164338E-003
  0.781024066261695       9.628151201470463E-002 -4.022931971968824E-003
   3.83200761961932       9.591322174828111E-002 -3.589264727846084E-003
   15.0920991747106       9.554491359172543E-002 -3.156597297165993E-003
   58.1727936505590       9.517762309902364E-002 -2.722948038335947E-003
   152.365157023386       9.480931517738099E-002 -2.290280350679639E-003
   119.073604495315       9.435475597254188E-002 -2.708204454852121E-003
   34.3924202727799       9.390017874173497E-002 -3.127128541315637E-003
   13.7278190579168       9.344561922767805E-002 -3.545052867975839E-003
   21.4064944525026       9.299104122854863E-002 -3.963976778866054E-003
   169.273079654520       9.272684973060036E-002 -2.800057106896239E-003
   128.180720480023       9.316078853256192E-002 -2.360760331933086E-003
   46.6649993708264       9.359572718758705E-002 -1.921481181693714E-003
   38.2379061049666       9.402966624709483E-002 -1.482184088774304E-003
   18.5275912499179       9.361129433077664E-002 -1.052620565282602E-003
   79.3675177587736       9.319192219589581E-002 -6.230392076208596E-004
   261.520922294482       9.277356762082883E-002 -1.924759044172432E-004
   56829.6028130559      -1.370737381421195E-003  7.497780962565131E-003
   37928.0455385621      -1.028814141492914E-003  7.100562350172991E-003
   72299.7408025846      -6.878718546327196E-004  6.702578508995354E-003
   302667.955087911      -3.460710909625518E-004  6.305783631457430E-003
   290935.252339730      -5.897424065631556E-006  5.908680682742238E-003
   499524.613908614       4.234760519894046E-004  6.303227203859375E-003
   355953.344247495       8.515822807658895E-004  6.698879120152264E-003
   251444.924511390       1.281020785136779E-003  7.096041835896697E-003
   90229.9465978391       1.711844083094909E-003  7.491875084935121E-003
   696161.531161814       2.490685164722665E-003  6.709306642646406E-003
   475591.238871301       2.095937797722288E-003  6.280218249688959E-003
   305827.687533932       1.699735383066288E-003  5.850598360920411E-003
   122386.589346771       1.304044731222764E-003  5.421498438480400E-003
   129676.903775579       9.077800054713204E-004  4.991198433336628E-003
   293812.458933502       1.303073475283155E-003  4.656835509479986E-003
   257326.329732835       1.696550042099274E-003  4.320839337876146E-003
   821885.580529467       2.091179565603703E-003  3.986953057195214E-003
   694595.899726659       2.483505182537350E-003  3.652337969364858E-003
   151219.525281425       9.781959235578329E-004  2.884870195297865E-003
   334220.347832543       6.490120636079417E-004  3.284578377757233E-003
   438593.109421555       3.187773312185891E-004  3.682340168315046E-003
   677415.198186238      -9.317208608780936E-006  4.080109209165153E-003
   893452.507827193      -4.143647581790357E-004  3.684746347701443E-003
   529313.621294389      -8.199450847861288E-004  3.289195370241607E-003
   118167.806898599      -1.225879617623964E-003  2.892048010584311E-003
   127345.099698819      -2.504595741834396E-003  3.367908512776595E-003
   713633.155038002      -2.109575446744747E-003  3.774569237733872E-003
   353129.359390533      -1.714066427334368E-003  4.181821604446010E-003
   27481.8923576165      -1.318973080569893E-003  4.589336432689960E-003
   259597.800115525      -9.221519753098208E-004  4.996133176483004E-003
   18205.0856177582      -1.317718288765182E-003  5.338894421833394E-003
   190114.539071553      -1.712477976773260E-003  5.683067833778087E-003
   276145.789755394      -2.108236010818263E-003  6.025986870796200E-003
   258293.749109804      -2.503247572506420E-003  6.369349416323697E-003
   56761.1053434411       3.273925528015665E-003  7.486318759179691E-003
   177779.345403592       3.702688142477013E-003  7.061651169158699E-003
   151124.495573334       4.129550326247722E-003  6.635292322702240E-003
   527329.060672949       4.555221492499106E-003  6.210739021214837E-003
   477832.826390982       4.981698613508968E-003  5.786947668727564E-003
   518089.368364081       5.414890780880755E-003  6.206533831670081E-003
   328663.631317129       5.848158731422815E-003  6.626876002867719E-003
   269125.624552514       6.282944222286481E-003  7.048505996562333E-003
   74137.7886763425       6.718321936594512E-003  7.468485151907320E-003
   853773.663533095       7.480327225771046E-003  6.696890361118837E-003
   639920.544158245       7.058304267677631E-003  6.266857157355749E-003
   523481.390880049       6.635115343636900E-003  5.835169203470346E-003
   322301.588366609       6.212759977156138E-003  5.403740335283646E-003
   267104.464033445       5.789837670630626E-003  4.972073195960868E-003
   287985.475754555       6.210077622559471E-003  4.516727992497540E-003
   254688.701098266       6.626110541032365E-003  4.060614772279182E-003
   1188232.42139781       7.042199480896477E-003  3.604835691938125E-003
   883043.285106342       7.456469780336404E-003  3.151755369379685E-003
   24984.1503452796       6.307430378087341E-003  2.886670649894054E-003
   801458.861550684       5.862826585506355E-003  3.315814799969635E-003
   903778.956307960       5.419447031880616E-003  3.741896095212458E-003
   1240828.76059344       4.975903518525104E-003  4.167107889596469E-003
   1166377.32314754       4.647220348314889E-003  3.745306209983014E-003
   336330.079821690       4.315772465517767E-003  3.323039223711035E-003
   153908.856605367       3.984139586488168E-003  2.899167219810992E-003
   1380790.20336688       2.904228450872560E-003  3.981678655066611E-003
   1038236.08884851       3.325113158203500E-003  4.313173164533444E-003
   434384.365308679       3.745238348642157E-003  4.646895782248930E-003
   239292.705470416       4.167789424768591E-003  4.979322285970962E-003
   98967.0905093422       3.747412921915269E-003  5.412257652674223E-003
   234896.328136003       3.328403009785797E-003  5.844520459575065E-003
   300023.390015896       2.908694328286074E-003  6.277032491434549E-003
   8988.98138616076       8.252127349224812E-003  7.456133873788056E-003
   209901.881970498       8.682871729926604E-003  7.057024236176436E-003
   48948.2939455691       9.112403393387819E-003  6.657662063327922E-003
   343882.934475639       9.540939931785942E-003  6.257974723332072E-003
   387819.061520486       9.968824719455220E-003  5.858153127236931E-003
   483855.851373648       1.035854652769244E-002  6.248159300091339E-003
   444315.170807541       1.074778039932564E-002  6.639579665986154E-003
   225091.617737806       1.113753956071667E-002  7.030238741645643E-003
   84808.7709704059       1.152809968699799E-002  7.421902058643679E-003
   620097.484613029       1.247050853749149E-002  6.459958497456433E-003
   610990.489659567       1.207335140674931E-002  6.077362211280706E-003
   403625.611197719       1.167707688634369E-002  5.694125452831954E-003
   316431.405631693       1.127925561929852E-002  5.310634854633241E-003
   317706.746907577       1.088134982078456E-002  4.926508993624675E-003
   325917.111605618       1.127309743522344E-002  4.562335046377530E-003
   315112.786367213       1.166179380012019E-002  4.196996029794915E-003
   765101.845661749       1.204921184996474E-002  3.832819007700030E-003
   554594.962966658       1.243744592687557E-002  3.469783519987491E-003
   17473.6237767022       1.100316795717983E-002  2.816935155266068E-003
   429546.898915081       1.065174579562121E-002  3.217431420911907E-003
   587838.056703975       1.030071644266716E-002  3.617779546457704E-003
   1127900.71269531       9.951372812769211E-003  4.018259087719696E-003
   1543024.90521332       9.501156123300606E-003  3.627628988102548E-003
   969348.248050409       9.051799720541029E-003  3.236067051863187E-003
   869498.132068136       8.601701429980678E-003  2.843696284247873E-003
   728306.634573013       7.850043064294288E-003  3.599552847132580E-003
   431151.113084136       8.244002183427381E-003  4.049112833988817E-003
   138150.054303432       8.640131069250691E-003  4.498256820816336E-003
   135560.772088463       9.039254255961847E-003  4.947023999622014E-003
   65382.8510712350       8.648301219052240E-003  5.384297825187553E-003
   258707.526473789       8.258452349026770E-003  5.821981430920270E-003
   154113.601387216       7.869381639234233E-003  6.259734058390939E-003
   121732.380558504       1.343221633510343E-002  7.399321185203978E-003
   30932.1790492647       1.381549955396799E-002  6.988703029287119E-003
   68601.8047665965       1.419681349974994E-002  6.577164657914164E-003
   211616.736600413       1.457782836397038E-002  6.167163893117646E-003
   315491.938625341       1.495867856947520E-002  5.756984377199226E-003
   391547.505799750       1.547556126455824E-002  6.154940355192249E-003
   442763.579984203       1.599175407515066E-002  6.553039845291435E-003
   190822.138389401       1.650899106123495E-002  6.952674907436275E-003
   36060.3454363815       1.702598455044584E-002  7.352618811911552E-003
   320938.672952430       1.746778089030318E-002  6.899845374654952E-003
   412084.683012423       1.705867142662378E-002  6.392164103928564E-003
   86947.2315154437       1.664930596387467E-002  5.882242039735145E-003
   27547.8172612696       1.624002599569029E-002  5.373362178998016E-003
   326268.776507995       1.582923288244908E-002  4.864544619823676E-003
   13660.2111795387       1.622928824560883E-002  4.425055206569189E-003
   4172.01442766217       1.662632108900501E-002  3.984711314521550E-003
   378662.956012613       1.702387043713696E-002  3.544897912999179E-003
   336857.496487458       1.742105269315256E-002  3.106867448427190E-003
   52473.3619283474       1.621521750253582E-002  2.761677840734736E-003
   285000.223001859       1.578921354484745E-002  3.174238142681327E-003
   353837.300943713       1.536328269103523E-002  3.584797168460869E-003
   626075.075904506       1.493785812674575E-002  3.996017131332432E-003
   617307.062565411       1.457748137222764E-002  3.595148236207446E-003
   263072.022866787       1.421682178286981E-002  3.194117542762437E-003
   6650.48070288531       1.385539834777038E-002  2.791616696313769E-003
   741223.728461673       1.284445482044430E-002  3.822978742144554E-003
   496114.878532270       1.325157553786715E-002  4.177084101817548E-003
   176610.123353325       1.365812899147908E-002  4.531977808130031E-003
   200503.465762067       1.406668984474463E-002  4.887228584808816E-003
   121619.291070088       1.366658088443084E-002  5.280978804367991E-003
   143090.211491440       1.326819581207769E-002  5.674481295653457E-003
   187032.703639600       1.286893353007481E-002  6.067165108438121E-003
   8647.10517711469       1.792007182552017E-002  7.340170740363691E-003
   23106.2928716859       1.842697642502913E-002  6.839086637343357E-003
   162532.712597493       1.893332323372782E-002  6.338290821590506E-003
   60942.1234814976       1.943851845115877E-002  5.836936109394293E-003
   142277.008357027       1.994387076494108E-002  5.337219181809487E-003
   134760.108604077       2.039384110700185E-002  5.822482933561827E-003
   143886.887352657       2.084370148363315E-002  6.309525967837034E-003
   27153.0786214840       2.129401231186443E-002  6.795544586775971E-003
   20547.3386508593       2.174488756805655E-002  7.282374978166367E-003
   229409.785835377       2.245835486948825E-002  6.547724923408085E-003
   304798.301510096       2.195986436180808E-002  6.111276647350737E-003
   224685.440751197       2.146263934509304E-002  5.674257988145438E-003
   224650.625384408       2.096431736918604E-002  5.236972788455976E-003
   208512.792628026       2.046685559415132E-002  4.799413171028832E-003
   166158.164135773       2.095361941057945E-002  4.426752971167520E-003
   177734.481595861       2.143998734446530E-002  4.054162743406879E-003
   348471.536420187       2.192551056457197E-002  3.681549330436839E-003
   184204.382885926       2.241229488172521E-002  3.310661878806507E-003
   212022.312776715       2.099765992018250E-002  2.781671256115593E-003
   41421.1362853987       2.064027671919545E-002  3.280306569823106E-003
   71352.4178520893       2.028453439688273E-002  3.779785735441058E-003
   486156.140762296       1.992971925629889E-002  4.277951509881786E-003
   521802.953365499       1.949293326141553E-002  3.791875716082012E-003
   189253.708874807       1.905595617648934E-002  3.303392688346248E-003
   42902.7736227038       1.861805315547876E-002  2.815646443798464E-003
   609957.002693946       1.791788039483388E-002  3.531729884585725E-003
   435305.689896483       1.841319139640080E-002  3.958945379095645E-003
   172400.615955453       1.890969247466029E-002  4.386989042732080E-003
   89285.0004201626       1.940661289362117E-002  4.815007216940262E-003
   219344.682842336       1.892166725994255E-002  5.336015607203322E-003
   40614.2156114679       1.843661569862539E-002  5.857413782857850E-003
   103139.189184508       1.795270465342329E-002  6.379348669410047E-003
   9713.86761091057       2.319276781983594E-002  7.260212328083335E-003
   55740.7721081384       2.363106323961871E-002  6.859216636897614E-003
   3768.46588746981       2.406868708693296E-002  6.457981700122742E-003
   134271.863678915       2.450636186266933E-002  6.057092446395598E-003
   133395.783892801       2.494395081606022E-002  5.656350254829360E-003
   141806.263129216       2.534543745751483E-002  6.044122338757028E-003
   130609.904055328       2.574687268689209E-002  6.432134229684918E-003
   86546.9516030776       2.614945250057015E-002  6.820146585950575E-003
   34395.1416464051       2.655124876450860E-002  7.208128003396366E-003
   204619.693597000       2.745225166834180E-002  6.279094324781814E-003
   210280.978913915       2.705281362410848E-002  5.889385986452260E-003
   165764.042131752       2.665337053603513E-002  5.498499751952427E-003
   143988.458413690       2.625386644115422E-002  5.108512059624456E-003
   86907.6508756961       2.585436474931667E-002  4.718368560461603E-003
   53853.2895869296       2.624227428877576E-002  4.278167843237752E-003
   37194.9575651481       2.662910121663909E-002  3.837369478294378E-003
   190300.917148013       2.701583976991067E-002  3.396863522043943E-003
   141002.428926119       2.740220759970578E-002  2.956436417580457E-003
   33010.5329166783       2.619870322905218E-002  2.606048929908300E-003
   149736.178837211       2.577147274922836E-002  3.007370703322952E-003
   112114.303642350       2.534413283285609E-002  3.408165911024695E-003
   330490.399456049       2.491722146636973E-002  3.809131391886277E-003
   348329.467569623       2.454863458597201E-002  3.420580459586055E-003
   221530.532104447       2.417998132745350E-002  3.031665410049365E-003
   114643.004454339       2.381017175495480E-002  2.642520333813294E-003
   276058.926022480       2.281058285515940E-002  3.669071109667531E-003
   182522.141347589       2.320892957332233E-002  4.028780783302027E-003
   72641.4714909986       2.360748539769950E-002  4.387633600805740E-003
   16660.8532673211       2.400650525743492E-002  4.746426421706312E-003
   101866.624464215       2.361896824119819E-002  5.196680560484655E-003
   7798.08861685144       2.323191055913032E-002  5.647138996212667E-003
   2320.44551249416       2.284493431873115E-002  6.097387513949858E-003
   16372.8663166488       2.838089663417501E-002  7.179101546934213E-003
   65594.2217883146       2.877078602077036E-002  6.759959994143075E-003
   35088.5650008285       2.916101720102242E-002  6.340384693627985E-003
   91643.7377171690       2.955033068343482E-002  5.922034085804402E-003
   95967.2971662740       2.993940519884142E-002  5.502615052511336E-003
   144422.606889552       3.039255036431751E-002  5.908186182950225E-003
   147413.648062232       3.084660502165195E-002  6.312923493381927E-003
   115586.030588479       3.129974724647340E-002  6.718700525108818E-003
   62551.7236417925       3.175302505566786E-002  7.124457394278640E-003
   159136.730622539       3.245268251435122E-002  6.402017661745764E-003
   166577.825279592       3.203308382141233E-002  5.961950088840625E-003
   124552.629862447       3.161348905373831E-002  5.521710898930063E-003
   108133.266516996       3.119478809117572E-002  5.080396756206324E-003
   54455.8743755452       3.077506227822194E-002  4.640024606456047E-003
   53611.7842080432       3.118140717005400E-002  4.199242012293780E-003
   20484.1261956025       3.158593547153692E-002  3.758024722025417E-003
   113409.968680996       3.199138731567137E-002  3.316978570512273E-003
   95594.9164500155       3.239666007510905E-002  2.876055996428309E-003
   4840.12521610100       3.119307704177378E-002  2.545431564897467E-003
   106241.701160390       3.076635377601573E-002  2.965916235036088E-003
   74769.0626198517       3.033954705174104E-002  3.385039780577447E-003
   259360.171243086       2.991306296705315E-002  3.805279039027833E-003
   301428.453695345       2.947360989377753E-002  3.399219778665090E-003
   197888.733024377       2.903414788186944E-002  2.993849188981399E-003
   100281.470553431       2.859452803194700E-002  2.587240649211553E-003
   262256.796876216       2.782098182105332E-002  3.383792531693487E-003
   157114.826572304       2.823977018828164E-002  3.811583362424643E-003
   51189.1038429349       2.865778640722591E-002  4.239556116306362E-003
   33079.8702760738       2.907729772639250E-002  4.667396943791124E-003
   45973.2972696908       2.867047131131690E-002  5.070021770510307E-003
   52632.3146868585       2.826499453879669E-002  5.472781028351477E-003
   4515.02819430310       2.785843203548546E-002  5.876285068554205E-003
   22986.6914813976       3.317470918897213E-002  7.100947816787332E-003
   48757.0442281104       3.361438762180931E-002  6.625694891528970E-003
   53947.1867649087       3.405354470142974E-002  6.150121679701278E-003
   41454.5821981729       3.449371944929892E-002  5.673669031725496E-003
   38284.9207102040       3.493281702585085E-002  5.198260971135027E-003
   36270.6841427915       3.526921899899842E-002  5.660681510060986E-003
   34651.5981915255       3.560564384627762E-002  6.124216494213100E-003
   21420.8505235918       3.594312268176800E-002  6.586737592302683E-003
   7365.50155317381       3.627966908577893E-002  7.049262143200752E-003
   84065.5886155308       3.744319984663298E-002  5.847015494842902E-003
   85887.4492707327       3.697004194560225E-002  5.525791329577219E-003
   89414.4128392414       3.649688474470534E-002  5.203551036793394E-003
   104451.850729135       3.602274692709180E-002  4.882312282135373E-003
   29965.5389031702       3.554964783735876E-002  4.560994493090042E-003
   14981.8630796401       3.601056253480914E-002  4.114114594787455E-003
   16315.3006869920       3.647203349186195E-002  3.667034879188346E-003
   41867.6611226329       3.693247403172659E-002  3.220114993182117E-003
   30507.1530484752       3.739294179241050E-002  2.774366405013972E-003
   40004.1523760101       3.620550836034545E-002  2.517313164006393E-003
   11349.6693428879       3.577449092845508E-002  2.992852142784485E-003
   4925.37337125750       3.534353377508827E-002  3.469248790444259E-003
   131828.341215120       3.491268945452833E-002  3.944610732287063E-003
   131543.970702799       3.447174470948786E-002  3.483798549287903E-003
   72288.8546711574       3.403074987031401E-002  3.021704394254138E-003
   14801.7150158935       3.358955941454977E-002  2.560556505306240E-003
   174966.075509443       3.287118510847567E-002  3.302140472865942E-003
   128044.363928551       3.334560459369709E-002  3.728541405934032E-003
   77260.7263608389       3.382107912391119E-002  4.155109190605082E-003
   4115.26191527131       3.429578797526910E-002  4.581727987426754E-003
   63503.3889268198       3.383503081092427E-002  5.036524982575406E-003
   11452.1569297792       3.337354819686162E-002  5.492434026751949E-003
   48867.4371897779       3.291299061507243E-002  5.947126025426414E-003
   16911.0658011250       3.864523596519949E-002  7.009916799258028E-003
   33296.8430245683       3.896728376331900E-002  6.570681473555548E-003
   25642.0434058234       3.929001851851206E-002  6.131181533784434E-003
   35109.3380414922       3.961179872689878E-002  5.691722117250137E-003
   2922.24110944830       3.993362660286223E-002  5.252313504286708E-003
   42963.4743796367       4.037803657994844E-002  5.678813653078083E-003
   6210.67377087816       4.082141398759587E-002  6.105317748973476E-003
   6582.27644574220       4.126579775427907E-002  6.531731191880725E-003
   16304.7559593573       4.170915310908728E-002  6.958132783067115E-003
   19741.6736273121       4.245015544361809E-002  6.191373549547015E-003
   5708.92613633173       4.200873897017172E-002  5.762869323454442E-003
   7501.00672376479       4.156731941257131E-002  5.333417301852130E-003
   36868.2341404000       4.112595616290442E-002  4.904981714833155E-003
   50423.6189176490       4.068474146054653E-002  4.475450982591789E-003
   4377.05515827362       4.110979746644010E-002  3.934054117108655E-003
   22777.7648792131       4.153449870031801E-002  3.392449144003036E-003
   47733.0262468636       4.195904232299072E-002  2.850847691477235E-003
   32928.2401482691       4.238353005121540E-002  2.309495455664698E-003
   12543.6293297711       4.148694771398693E-002  2.395076849937443E-003
   46104.3178629417       4.096071977067806E-002  2.838423800998387E-003
   36899.8317519528       4.043443747576417E-002  3.281541161724694E-003
   90767.8080908742       3.990813140053598E-002  3.724568781547414E-003
   88235.7043115678       3.946234153295489E-002  3.297883748254947E-003
   44537.8603543231       3.901654961203804E-002  2.871033508646897E-003
   22091.7552269284       3.857066314846843E-002  2.444095379438754E-003
   88038.7422062234       3.783386211109892E-002  3.205074786139823E-003
   29323.5935222983       3.827472796647643E-002  3.637055977885061E-003
   13545.2920907549       3.871570461076094E-002  4.069096283132399E-003
   33766.9937039112       3.915691108851139E-002  4.501083834856083E-003
   2522.22242088758       3.872850394830388E-002  4.837340140056338E-003
   1461.28586665705       3.830001717441708E-002  5.173518829677870E-003
   39341.4547236297       3.787149797486481E-002  5.510626171684868E-003
   1996.02152684601       4.321689790912179E-002  6.932233691912353E-003
   40800.1055960349       4.364566115658020E-002  6.499715508513776E-003
   57145.3562371677       4.407535170366637E-002  6.068093929333033E-003
   51727.2527956281       4.450399346164280E-002  5.635451412821148E-003
   7975.63587582358       4.493357455372177E-002  5.202725467350689E-003
   33360.7848101544       4.530419199922814E-002  5.621089380714386E-003
   11585.0815183436       4.567374011051849E-002  6.039525197322372E-003
   10622.7763868223       4.604433151632967E-002  6.456859233976760E-003
   918.136291851338       4.641385229481266E-002  6.875271236330945E-003
   6539.78919633555       4.744484886140144E-002  5.806345718741670E-003
   41341.3090694560       4.701337051422355E-002  5.452209938167248E-003
   30705.5027146473       4.658297744913955E-002  5.096963448450960E-003
   66618.6326835116       4.615159742745246E-002  4.742776433640248E-003
   31422.4904024219       4.572037042683619E-002  4.387464443960023E-003
   4428.34079566255       4.613829445325652E-002  3.974979518579277E-003
   37857.5226361264       4.655602619375158E-002  3.561365937294312E-003
   30197.6583479931       4.697278024358412E-002  3.148786222048129E-003
   22058.6867648083       4.739051163274018E-002  2.735206992910892E-003
   12592.5075699715       4.609859279973758E-002  2.305318611512340E-003
   6920.83658942815       4.570120619006873E-002  2.736532039959344E-003
   29284.8724392646       4.530280166315420E-002  3.168708360964920E-003
   59156.1818477019       4.490549409539518E-002  3.600965870627100E-003
   73395.4200434387       4.436429490838094E-002  3.185539801620959E-003
   87910.5224586920       4.382322731047964E-002  2.769966161880162E-003
   99728.8994184765       4.328229253428181E-002  2.355265777765407E-003
   20918.3253042834       4.281729842933799E-002  2.836219250150630E-003
   7616.46479096053       4.325026340625369E-002  3.362903022293084E-003
   4336.65962778784       4.368439687961657E-002  3.889485686131846E-003
   12846.0868838995       4.411863514154930E-002  4.416005678140020E-003
   10802.1139106809       4.370134537541662E-002  4.860405158633478E-003
   8384.66535698214       4.328399222348343E-002  5.303769457434952E-003
   20917.0309794643       4.286758841607305E-002  5.748059477309286E-003
   33433.3541582980       4.851340923058509E-002  6.836881333319410E-003
   53303.5515494940       4.886612979659917E-002  6.309647960009096E-003
   13367.5940092064       4.921977648457718E-002  5.782298880808238E-003
   48650.4900925551       4.957264186716128E-002  5.255024570086718E-003
   37143.6721384928       4.992664541132572E-002  4.726604094256928E-003
   71334.2617109629       5.040443546930436E-002  5.239871255571524E-003
   20746.3210253435       5.088319358135259E-002  5.751883058693548E-003
   38757.4435449170       5.136080937436139E-002  6.263860107448075E-003
   20648.4751865157       5.183914282744506E-002  6.775962811933074E-003
   12531.9453451751       5.245371684826292E-002  6.138694943966502E-003
   41121.6516249785       5.192403686792500E-002  5.679274188992817E-003
   18496.6184558588       5.139427560486431E-002  5.221113767532661E-003
   59782.6961066944       5.086451306977628E-002  4.762141437234356E-003
   35917.4501173624       5.033417733536155E-002  4.304079227326697E-003
   52918.4994921263       5.084933563433521E-002  3.906807879646985E-003
   76587.0930119273       5.136344261499332E-002  3.508458032178570E-003
   75109.9713259815       5.187751893134410E-002  3.111028455484645E-003
   45986.7095990060       5.239154089158814E-002  2.713538638256158E-003
   3473.51961822532       5.104897650581487E-002  2.311912967082851E-003
   8661.76554580537       5.067038623050542E-002  2.839804264353344E-003
   46867.4997298542       5.029067464679796E-002  3.367682091784134E-003
   10672.8908734985       4.991190590504860E-002  3.896640429229358E-003
   17994.4892321477       4.949753157930191E-002  3.382093602736625E-003
   22958.1887280757       4.908221625110729E-002  2.868565235304125E-003
   3400.50292792207       4.866789520395121E-002  2.355044793206969E-003
   17980.6524804431       4.791879340694147E-002  3.131675003565318E-003
   5519.30839159273       4.844700057351676E-002  3.527190354129290E-003
   42001.3103023100       4.897524384274554E-002  3.923629758770550E-003
   25999.5184447547       4.950434404193864E-002  4.319080068929212E-003
   85595.0401853279       4.898871201880849E-002  4.691206241841455E-003
   93833.3189546486       4.847398332394440E-002  5.062419838048382E-003
   125770.677782529       4.795929936131937E-002  5.434717411546715E-003
   15241.8643667210       5.309081488009851E-002  6.753230253549345E-003
   12589.2086247209       5.355389545111210E-002  6.414079248260896E-003
   69187.7937279931       5.401600865403729E-002  6.074795563974753E-003
   68499.0278931693       5.447914557865794E-002  5.735408464934470E-003
   39355.3371370967       5.494120044742475E-002  5.395880250605872E-003
   40123.8554097647       5.529832458587661E-002  5.720337124656000E-003
   16581.1723613248       5.565540273295171E-002  6.044770645600989E-003
   30661.4099654644       5.601241594166113E-002  6.369187246143363E-003
   41200.0906587787       5.636946832864671E-002  6.693488203527672E-003
   10938.6589579836       5.744519820992222E-002  5.577824451092991E-003
   59315.4492332947       5.710780179595559E-002  5.232849231089315E-003
   19093.0592690944       5.677031942443487E-002  4.888056995383144E-003
   4607.64676933537       5.643289052526929E-002  4.543284974084166E-003
   9419.52091668113       5.609554944653337E-002  4.198502588329447E-003
   20231.8965804821       5.641865379553868E-002  3.761671502663915E-003
   4836.19646982281       5.674181099217666E-002  3.325825340873632E-003
   21192.0970246666       5.706502877573338E-002  2.888980412980015E-003
   25321.5643520454       5.738826990871304E-002  2.452055750942089E-003
   22109.7292003377       5.617235543254157E-002  2.027931474974319E-003
   36446.4278366260       5.574734107808176E-002  2.366629528605957E-003
   54863.1074626566       5.532330548212112E-002  2.705359052776805E-003
   24262.9011684301       5.489831867093068E-002  3.044213381223725E-003
   33823.4694982619       5.450422877230606E-002  2.720386571439782E-003
   14038.2026337120       5.410913564513629E-002  2.396653102840552E-003
   6194.21870408216       5.371505869143932E-002  2.072963484216913E-003
   19828.8860544563       5.272975423460927E-002  3.095312754817848E-003
   5804.35310369632       5.306788602096220E-002  3.477085460813004E-003
   14667.5338979470       5.340599944999876E-002  3.859817986858111E-003
   30402.3163551404       5.374403923507886E-002  4.241545227330169E-003
   17933.9406367095       5.342158055453385E-002  4.715299064428875E-003
   5719.59311337618       5.309907176397800E-002  5.190054513854716E-003
   53686.9620818083       5.277639909882934E-002  5.663788886944725E-003
   2776.88373073229       5.856099771118308E-002  6.653897347597143E-003
   3226.12897281990       5.890458170113460E-002  6.246614567922926E-003
   13105.9266052946       5.924824780960028E-002  5.838400820623272E-003
   18171.8736065696       5.959194110725205E-002  5.431182752552950E-003
   3737.25105848551       5.993557789748950E-002  5.022901253779415E-003
   21389.2706454342       6.038067773618581E-002  5.416979804841746E-003
   4946.51518684567       6.082478111627735E-002  5.810063542876867E-003
   8755.11541714733       6.126988335123767E-002  6.204169147239712E-003
   5508.42289698139       6.171499049076977E-002  6.597274759652043E-003
   4331.49642514515       6.245045930188470E-002  5.835024020856078E-003
   4230.38069956284       6.204170825038975E-002  5.404237528128204E-003
   3216.11964991873       6.163192445714351E-002  4.973483764218078E-003
   15639.7295675879       6.122314872252366E-002  4.543705230380475E-003
   22622.3959406420       6.081328260818820E-002  4.112996277382448E-003
   2930.36340227086       6.120612102123253E-002  3.605852935615761E-003
   12732.0877139952       6.159806719415874E-002  3.099786230397940E-003
   8058.36703408582       6.199101214008065E-002  2.592700294397889E-003
   8358.16733347438       6.238297350283736E-002  2.086589621610980E-003
   11904.0278685425       6.138033114345973E-002  2.003541599547247E-003
   3709.67350172559       6.088763752107085E-002  2.414411866248074E-003
   7254.54119684340       6.039592989466185E-002  2.824309409183295E-003
   27476.0970342451       5.990321053067560E-002  3.235207961680404E-003
   25169.0861017123       5.946489446632529E-002  2.841069615996777E-003
   17725.3115223197       5.902756244700061E-002  2.448021403074159E-003
   649.748732666038       5.858924404313285E-002  2.054030775522632E-003
   25138.0623101348       5.779716264924936E-002  2.875672793209619E-003
   6626.50758818613       5.820703650102316E-002  3.299210358704567E-003
   4376.70111151334       5.861583930763086E-002  3.721745074018594E-003
   33868.1375455480       5.902561851887245E-002  4.145243535413496E-003
   5158.38339784168       5.863000090722516E-002  4.503354400510719E-003
   5829.09939121738       5.823542210466939E-002  4.861505719363201E-003
   10309.2780422051       5.783984167482333E-002  5.219700926441254E-003
   6689.28136168173       6.321276934709666E-002  6.570554237950164E-003
   6795.97760701241       6.364159321957318E-002  6.055747567582353E-003
   9169.32036947901       6.407038650244716E-002  5.540939817888215E-003
   24310.2207185943       6.449815063263359E-002  5.027154816880573E-003
   11161.7541172165       6.492688218047603E-002  4.512403913944173E-003
   16219.9124641102       6.529875481204554E-002  5.012899170943507E-003
   7174.29156818902       6.566966123833701E-002  5.512441456582327E-003
   11999.9862448511       6.604163013684418E-002  6.012963488897076E-003
   8939.93725815873       6.641264614348323E-002  6.513479282846099E-003
   10637.0462514378       6.744370571081838E-002  5.444875750408269E-003
   19870.3402116428       6.693037445798229E-002  5.091999548776854E-003
   16048.1013657894       6.641704588213516E-002  4.738073849907052E-003
   2416.36310884248       6.590474394586317E-002  4.385073965311813E-003
   5612.94194515483       6.539135362519152E-002  4.031072331826563E-003
   3723.02841298362       6.588912349929234E-002  3.513034892702068E-003
   12711.3626208079       6.638587458387736E-002  2.996009285914763E-003
   15747.0732442823       6.688358472588007E-002  2.477981036090200E-003
   10625.6095186802       6.738134048213779E-002  1.961016213724299E-003
   4299.53239732986       6.640825333347758E-002  2.019455240336982E-003
   8620.05684572048       6.590848541404074E-002  2.535536198632164E-003
   21958.8220174016       6.540972266432324E-002  3.050587627027916E-003
   5235.04035450744       6.490994367431437E-002  3.566582767889693E-003
   2746.55240748631       6.440094337885573E-002  3.068581985201053E-003
   10640.3167830277       6.389293893857856E-002  2.571583322291791E-003
   1922.42748773547       6.338390467358082E-002  2.073610887042157E-003
   5253.19228283668       6.289885638530132E-002  2.576406801349175E-003
   290.934770511981       6.341475253588641E-002  3.067228614319437E-003
   5547.56705438807       6.392961140947552E-002  3.557095247768340E-003
   6636.89627330915       6.444549065145223E-002  4.047949824125456E-003
   9685.05720195066       6.394645102006226E-002  4.495006513629536E-003
   20377.6804204977       6.344845563332191E-002  4.941048344530244E-003
   30898.4814669220       6.294948094321783E-002  5.388075537653684E-003
   5696.23606700087       6.851234550869874E-002  6.475907168032968E-003
   2451.75435070334       6.886749463803625E-002  6.090439831995799E-003
   6031.12883458625       6.922362409221600E-002  5.704959825162077E-003
   9990.52099114781       6.957873478682527E-002  5.319504951705779E-003
   8134.11380380328       6.993483380412005E-002  4.933066897456469E-003
   10899.9830443183       7.042151723409240E-002  5.304430269756070E-003
   4565.91793216503       7.090718323304684E-002  5.674828147903934E-003
   5145.99201536800       7.139385293780809E-002  6.045232739021130E-003
   7419.03166124380       7.187954418107807E-002  6.415673347538805E-003
   780.567447461927       7.245105592832107E-002  5.823359073477029E-003
   7054.26219759400       7.206359224092139E-002  5.351199510577627E-003
   2250.12685892690       7.167610614751940E-002  4.878006006859364E-003
   8166.80019683037       7.128861649893652E-002  4.405810934127711E-003
   2828.71639020972       7.090007244631076E-002  3.932652332396428E-003
   2425.90062339416       7.127207142945577E-002  3.482898583870253E-003
   4107.07164368455       7.164307056904270E-002  3.033172462098317E-003
   4764.42065940149       7.201405828953845E-002  2.583449767796364E-003
   3479.96070366951       7.238505581573082E-002  2.133755452146838E-003
   203.012650343611       7.120800373410513E-002  1.805764308681050E-003
   1416.71159917667       7.077186492438962E-002  2.192649421612610E-003
   6533.33748044273       7.033573861055729E-002  2.579532714466025E-003
   1982.12237323704       6.989962173722189E-002  2.967394515249149E-003
   5429.21912049854       6.938393122442604E-002  2.596561185883478E-003
   2590.92492800922       6.886927893393495E-002  2.226665431684866E-003
   2284.22694430059       6.835363112006397E-002  1.856750966089772E-003
   1747.12462513786       6.776929398193537E-002  2.462220403246652E-003
   7021.73286797890       6.815729383679894E-002  2.964437389836140E-003
   9620.95167475405       6.854530647417402E-002  3.465646909623575E-003
   10270.7594058728       6.893435871657173E-002  3.967826729062484E-003
   2791.89136734763       6.856094160332028E-002  4.337628272532779E-003
   7615.44173320581       6.818851457069387E-002  4.706394224039318E-003
   15368.5544034993       6.781612050291698E-002  5.076148577645734E-003
   3003.00538136444       7.304337851253358E-002  6.394850776544954E-003
   1011.60399695538       7.351526543533325E-002  5.993314731792283E-003
   3553.10593909868       7.398815662499081E-002  5.592766838336790E-003
   3307.17566427161       7.446002625232656E-002  5.191246185833352E-003
   2647.13706246835       7.493290768091924E-002  4.789730674423154E-003
   604.275648765449       7.529287313236463E-002  5.176362077118322E-003
   728.561918640308       7.565184186745418E-002  5.563013590487687E-003
   3595.93049818370       7.601179829460875E-002  5.948646812129268E-003
   3263.93005291222       7.637177056462310E-002  6.335285328579732E-003
   445.428376611405       7.744111835562521E-002  5.226967943743495E-003
   3148.45231706116       7.704186791922935E-002  4.881060367750521E-003
   808.990074555482       7.664362429210085E-002  4.535121706424877E-003
   565.608007035716       7.624439628719915E-002  4.190198189815872E-003
   2114.57066211183       7.584514611458011E-002  3.844272962253150E-003
   1847.84215173130       7.622976914007548E-002  3.372309138429738E-003
   79.9296796704933       7.661438679778561E-002  2.900344529982847E-003
   795.840006252888       7.699801638579017E-002  2.429397808866616E-003
   785.578682413159       7.738262802842792E-002  1.957441877741503E-003
   123.814141048796       7.627236931604427E-002  1.729275866171341E-003
   1162.36649953166       7.581546174660135E-002  2.129521512501337E-003
   2676.26618937082       7.535757417255376E-002  2.530780367553170E-003
   1834.13697246307       7.489968324082281E-002  2.932030808097225E-003
   2372.81976690608       7.444974205330086E-002  2.547010326026972E-003
   938.719116058391       7.399980658458409E-002  2.161973405377823E-003
   704.314494412709       7.354988672709653E-002  1.777927614026953E-003
   599.709840213717       7.278588795018329E-002  2.569679325927735E-003
   1395.16067347239       7.318572741986902E-002  3.005625472877844E-003
   3063.99650814135       7.358657508686996E-002  3.441555946479803E-003
   6065.77718716850       7.398743014762298E-002  3.877486556715971E-003
   1584.75626663940       7.360308416908212E-002  4.364464794623990E-003
   776.707183673905       7.321872539836501E-002  4.850440839223079E-003
   3806.68701735200       7.283539815502621E-002  5.337398824137094E-003
   328.680117989001       7.854943088234309E-002  6.296298712428632E-003
   316.264075132680       7.889509304250333E-002  5.883045230355749E-003
   512.769068501867       7.924075270373337E-002  5.469790011388742E-003
   1204.15036192375       7.958541208282902E-002  5.056552429480655E-003
   114.816967443568       7.993107435616720E-002  4.643300639410932E-003
   1488.32746977849       8.036829649337157E-002  5.042535996063992E-003
   295.882180426641       8.080551742723729E-002  5.441770614884637E-003
   189.383185140595       8.124173855745573E-002  5.841020535980619E-003
   312.797237879789       8.167895619502769E-002  6.240253112587443E-003
   720.467399197369       8.244584842874139E-002  5.445392728405400E-003
   383.832297923163       8.203121064261730E-002  5.022750899388362E-003
   102.662452762244       8.161659246993448E-002  4.601109695102131E-003
   893.963102773523       8.120195741341152E-002  4.178470023197188E-003
   1157.22027896852       8.078732720798304E-002  3.755827952775370E-003
   246.925472121815       8.118542499763035E-002  3.254622887750560E-003
   805.080641217323       8.158353595632147E-002  2.754414126319485E-003
   527.807175095772       8.198162935061611E-002  2.253205801348931E-003
   516.535341828361       8.237974030588319E-002  1.752997497069975E-003
   687.726138014788       8.135877253668101E-002  1.652260026964786E-003
   322.630236389217       8.087213645749011E-002  2.068039384779355E-003
   903.433200484062       8.038649944086118E-002  2.483798951238234E-003
   1679.27073080071       7.989986533307153E-002  2.899579326154559E-003
   1655.55960739852       7.942766361963252E-002  2.500966506493832E-003
   1593.03654854921       7.895546526695214E-002  2.102346403787453E-003
   56.8666918037360       7.848426564486667E-002  1.703705435002166E-003
   1392.15815903131       7.779787299855447E-002  2.415089001507083E-003
   95.6812255740018       7.821310082382811E-002  2.871741121174967E-003
   477.962009355097       7.862835112211383E-002  3.329392705017312E-003
   2186.04491394447       7.904360439304577E-002  3.787044237794940E-003
   516.573530911175       7.864298858198589E-002  4.147277128414529E-003
   861.233797235591       7.824235211852101E-002  4.506507056855419E-003
   892.709923778016       7.784173430000366E-002  4.866736692284213E-003
   402.357385560154       8.324070467234718E-002  6.212282063168034E-003
   150.060438094710       8.366363741567345E-002  5.813649788531443E-003
   1128.32115255777       8.408555363847475E-002  5.414034127624631E-003
   1697.94121483864       8.450848870793447E-002  5.015398976887251E-003
   684.938058965295       8.493142381145673E-002  4.616761837120762E-003
   1431.98391138353       8.534336684336255E-002  5.000443496927862E-003
   333.897772364937       8.575530850973195E-002  5.384124117422115E-003
   419.110285744173       8.616626737473954E-002  5.768820454644958E-003
   548.609778073669       8.657820621374307E-002  6.152498168330047E-003
   344.676633836748       8.744328393742150E-002  5.255859092795970E-003
   854.307959461700       8.704508911479029E-002  4.857928387751655E-003
   107.153469265325       8.664591253283078E-002  4.461018317981828E-003
   861.576304556555       8.624771926247160E-002  4.063091777399237E-003
   211.776762924124       8.584953052137968E-002  3.665163518258206E-003
   617.390956999249       8.623171380354692E-002  3.169242922967969E-003
   375.812796855642       8.661387740788877E-002  2.672320566446972E-003
   465.462959787274       8.699706047045155E-002  2.176380410122609E-003
   449.497957572207       8.737924365029892E-002  1.680456285772698E-003
   329.415711880999       8.634468649804998E-002  1.546960130852279E-003
   400.730715130514       8.586278270661721E-002  1.947652765132585E-003
   1059.75601921407       8.537986039181511E-002  2.347363519995379E-003
   659.637923055793       8.489794059238945E-002  2.747060236623253E-003
   534.018471683515       8.439701932922564E-002  2.364969668215140E-003
   861.020702750780       8.389709828839725E-002  1.982861360513942E-003
   418.972006544066       8.339615961877903E-002  1.599771712743860E-003
   618.108314701504       8.277950470803301E-002  2.238915596295888E-003
   226.189675682321       8.318028604421815E-002  2.725816555057423E-003
   370.211944960477       8.358005020623213E-002  3.211734881759205E-003
   67.0132056434452       8.397983215096690E-002  3.698653191154757E-003
   22.7760918281155       8.359659363501279E-002  4.135582605775269E-003
   653.958268254466       8.321335211463698E-002  4.572511500440357E-003
   1602.07179380192       8.282909107488368E-002  5.008459258738254E-003
   550.459565130467       8.833992060050062E-002  6.120937514497759E-003
   441.637689419611       8.873676105378968E-002  5.661760127460724E-003
   326.699760910604       8.913262124075907E-002  5.203600282221889E-003
   783.065710016952       8.952946537929603E-002  4.744422269744080E-003
   526.280612431449       8.992630960598437E-002  4.285241484668616E-003
   804.769476110240       9.039633558826267E-002  4.728892236487352E-003
   46.9571875627518       9.086636157725353E-002  5.172540662122580E-003
   640.541528528220       9.133636856847337E-002  5.615187679745601E-003
   710.114887875598       9.180539118521334E-002  6.058852395292926E-003
   135.325612733989       9.244658899624708E-002  5.394260369276526E-003
   608.063620242519       9.198640065318142E-002  4.941431508532953E-003
   42.7689899748186       9.152719365881168E-002  4.487588295554598E-003
   729.850143400548       9.106698821779749E-002  4.033764057431104E-003
   112.619533453712       9.060678657508583E-002  3.579938522984825E-003
   122.100275026118       9.105115732004897E-002  3.149912707026360E-003
   501.446811801180       9.149552793037574E-002  2.719885682454592E-003
   610.326801866608       9.193888122000522E-002  2.288875989921688E-003
   366.210520655830       9.238325159095083E-002  1.858846587507091E-003
   139.400302347576       9.114401863256835E-002  1.521989240932389E-003
   26.5877543561867       9.072916369805106E-002  1.980491845212126E-003
   555.441774250954       9.031532524241719E-002  2.439976256916599E-003
   133.615602504621       8.990148731993652E-002  2.899462640756504E-003
   87.0157935997144       8.940446851296750E-002  2.456294376641536E-003
   255.798237947489       8.890644915861241E-002  2.013146450526854E-003
   372.611883395860       8.840944803792734E-002  1.570981795049577E-003
   77.2240557314626       8.783993214653350E-002  2.161279995462609E-003
   264.457696653282       8.829962042371711E-002  2.642120188594109E-003
   578.921511015769       8.876032542732266E-002  3.123941629582159E-003
   557.782050133182       8.922101066975147E-002  3.604763835369546E-003
   220.796452785129       8.877633504676313E-002  4.017789921713740E-003
   673.391667245997       8.833165749687540E-002  4.430816844687954E-003
   1301.01080127178       8.788796101228474E-002  4.842827414706812E-003
   230.211558844169       9.311117983929310E-002  6.035459707725587E-003
   204.144637754822       9.356472691311157E-002  5.615271550322960E-003
   279.824296408467       9.401927504435960E-002  5.195064983966437E-003
   328.591536502130       9.447382374219829E-002  4.774857604420328E-003
   286.972836218777       9.492837145254275E-002  4.354647989441765E-003
   93.8776606449354       9.531769062264654E-002  4.759738690719099E-003
   86.9928282691254       9.570700924055579E-002  5.164829601970749E-003
   250.692482549729       9.609632745294586E-002  5.569920525823613E-003
   155.191834618312       9.648564555467007E-002  5.975011294455129E-003
   10.2376587999979       9.744007991213527E-002  4.985758331294979E-003
   275.965449200499       9.702130359680718E-002  4.611198543829696E-003
   138.941883802762       9.660252680411374E-002  4.236639676235279E-003
   13.3662347905417       9.618374999352658E-002  3.862081185431241E-003
   59.7907104398660       9.576497372552663E-002  3.487522616770548E-003
   51.9279121105875       9.616976011624322E-002  3.081206564841376E-003
   73.8691642196062       9.657452892612521E-002  2.673890705015411E-003
   82.6974944153729       9.697931566263454E-002  2.267574468667023E-003
   6.99719139802709       9.738408419082276E-002  1.860257832247843E-003
   66.8994610263717       9.607351531757663E-002  1.393660217086868E-003
   41.4723816070602       9.568195978658806E-002  1.812741208590232E-003
   5.86429683001535       9.528940416765043E-002  2.231840134271137E-003
   199.298022038615       9.489784810908448E-002  2.650921100964625E-003
   205.108948124821       9.446853430531107E-002  2.246546500876339E-003
   117.760234908600       9.403921984517273E-002  1.842173737360657E-003
   14.8987320000992       9.360890593417324E-002  1.437819496924362E-003
   154.576873617873       9.280274715246650E-002  2.273397082028434E-003
   13.3887049842232       9.322226000860299E-002  2.688947072930864E-003
   151.703645256902       9.364175423790659E-002  3.103496846627032E-003
   625.267606173518       9.406124800709792E-002  3.518046208906981E-003
   181.653135627032       9.365758894641230E-002  3.987349050366603E-003
   48.6875957611318       9.325392908147967E-002  4.456652083972047E-003
   407.511333215335       9.285026797282019E-002  4.925955290102639E-003
   1860.29894308320      -1.382433580867147E-003  1.249852963934932E-002
   54737.8257655367      -1.036124836562520E-003  1.206773203442430E-002
   92544.1181411623      -6.903259144143832E-004  1.163541312595645E-002
   226833.395461570      -3.444164847880606E-004  1.120400208091053E-002
   52033.7667331241       1.794356464525580E-006  1.077271424279289E-002
   239341.669041625       3.215838235427452E-004  1.120280272516623E-002
   60662.3219528896       6.420334178555188E-004  1.163302803741128E-002
   46241.4949681204       9.615621213289050E-004  1.206402180750690E-002
   166391.705973679       1.281029160276923E-003  1.249396760073872E-002
   30120.0254053462       2.504083838754459E-003  1.126315638757643E-002
   49188.0239188367       2.071979131320800E-003  1.094652400839787E-002
   37526.4116498355       1.638935200773333E-003  1.062993500947844E-002
   89334.3035197698       1.206901079674874E-003  1.031245974183153E-002
   193702.652586605       7.754992313953699E-004  9.995561972530868E-003
   7435.63093035403       1.205829875400576E-003  9.564180054736866E-003
   22692.1699958152       1.635406264442190E-003  9.133425447877017E-003
   106236.722818646       2.065835154865413E-003  8.701836849450221E-003
   122290.416031091       2.495097093487506E-003  8.270395882013415E-003
   16054.0814093781       1.283121722023730E-003  7.924501610203182E-003
   95638.4890019849       8.547644542714989E-004  8.358153937562120E-003
   100025.371837417       4.273821041388284E-004  8.790447672840677E-003
   235332.470752952      -8.357316449406843E-007  9.222636405494335E-003
   196731.297210008      -3.426088003803451E-004  8.791891055741560E-003
   67027.7466590253      -6.856086814870712E-004  8.361043276902354E-003
   82475.3690909696      -1.027812389026777E-003  7.929106747266521E-003
   261365.624603339      -2.500392364863353E-003  8.629258901128428E-003
   172664.798468687      -2.069126774617870E-003  8.971542490435910E-003
   62448.5530668529      -1.637227619775023E-003  9.313478405173818E-003
   40708.0588771175      -1.206171549109821E-003  9.656487146138443E-003
   79023.3479315084      -7.746039986684339E-004  9.998352711227182E-003
   32147.1043432871      -1.204941085582030E-003  1.034488750376181E-002
   61441.7664495220      -1.635837500131312E-003  1.069107883101964E-002
   161038.490037900      -2.067853278026717E-003  1.103724490358166E-002
   81931.5067820035      -2.498420591993167E-003  1.138407351709051E-002
   60653.2120284197       3.735044830843577E-003  1.248473753501219E-002
   1679.03369526189       4.051957716784237E-003  1.203986051116465E-002
   144700.742313727       4.368524165228017E-003  1.159454504042846E-002
   286210.029757371       4.686268532714653E-003  1.114909667946949E-002
   67917.3996625298       5.003226756208133E-003  1.070347004198182E-002
   309024.553356031       5.350224084294919E-003  1.114478876032621E-002
   21280.1405622623       5.697802680064228E-003  1.158593196243756E-002
   43539.2499916108       6.044455260516420E-003  1.202660176133886E-002
   29204.1971416675       6.391204730289281E-003  1.246775371475526E-002
   121669.089318984       7.509500737318917E-003  1.133247514115802E-002
   26141.5598962846       7.062240879002002E-003  1.099255158469796E-002
   16880.1416370310       6.615562154806617E-003  1.065331235592922E-002
   293573.325127039       6.168922854412025E-003  1.031356849701782E-002
   153226.692069927       5.723422034029680E-003  9.974425659654052E-003
   103306.266147691       6.165899117179440E-003  9.539262022516615E-003
   193667.527318384       6.607402096818452E-003  9.103248264671732E-003
   71197.9339666114       7.049028302812204E-003  8.666296636324997E-003
   11942.2378913448       7.490295102709499E-003  8.229928136109666E-003
   33826.4921426031       6.288153001993832E-003  7.915186096897195E-003
   45337.3872579057       5.857024343290843E-003  8.361949759617583E-003
   159589.013778103       5.426483777036493E-003  8.808310700352774E-003
   374384.337950677       4.996493354088430E-003  9.255406526436801E-003
   321532.401005387       4.565556931265509E-003  8.813707629987637E-003
   249699.757105568       4.135757970810625E-003  8.371502069739127E-003
   94877.6583132228       3.704835711776030E-003  7.929058511720037E-003
   266194.082085158       2.940040222339348E-003  8.698442807288322E-003
   143053.675356503       3.384858863466525E-003  9.126972325821048E-003
   74628.2687932300       3.830001229623760E-003  9.554485731688333E-003
   85280.5549649517       4.275656954221599E-003  9.982838590691583E-003
   77832.1164809301       3.833123086767192E-003  1.030268012424852E-002
   160779.662140495       3.390090057123581E-003  1.062331420820265E-002
   244897.123045491       2.946903413157101E-003  1.094294448774084E-002
   136749.255185480       8.642766956720619E-003  1.244808016052881E-002
   143995.486062777       8.984560456609701E-003  1.201178543161857E-002
   281730.249500371       9.324928151977526E-003  1.157565818323070E-002
   415885.961459038       9.667171790659285E-003  1.113854634246479E-002
   219411.337644382       1.000850810548454E-002  1.070045863553556E-002
   422608.058285940       1.047604689373341E-002  1.113001572213738E-002
   85713.2802574486       1.094298497928398E-002  1.155978005716154E-002
   100559.622579593       1.141006167560798E-002  1.198761423378029E-002
   55220.8315692476       1.187730587764220E-002  1.241647520995658E-002
   55143.1592813867       1.252163923081472E-002  1.175820479639202E-002
   30198.2701594755       1.208106327091776E-002  1.130052381163101E-002
   87595.2989595328       1.164184738665393E-002  1.084421338759367E-002
   473225.698663087       1.120187503921249E-002  1.038827541651108E-002
   305556.309172076       1.076392724670458E-002  9.931094273712422E-003
   132536.987702126       1.119642088219586E-002  9.539626239465646E-003
   316703.285757015       1.162782812708761E-002  9.147435247255139E-003
   119119.710722284       1.205829346259788E-002  8.755522920306373E-003
   57814.9939794638       1.248930037392325E-002  8.363281533963880E-003
   185617.731793780       1.114505114742833E-002  7.861137952553450E-003
   53369.3059498797       1.076241818441748E-002  8.299630800393540E-003
   177945.112936104       1.037948625819156E-002  8.738689126984289E-003
   264136.777925637       9.997067555885718E-003  9.178182350724361E-003
   208807.395526492       9.560820744870536E-003  8.747428236738384E-003
   292305.366664188       9.124675675785007E-003  8.316734764782823E-003
   176970.169925191       8.687548647118957E-003  7.887178346257377E-003
   252269.838079878       7.928740815107652E-003  8.658608359177606E-003
   185516.090093457       8.365873987336006E-003  9.088547791447925E-003
   255299.133628624       8.804091690723576E-003  9.517197391160422E-003
   58510.3047721732       9.242153263281870E-003  9.945843094721390E-003
   367161.119760611       8.809020538424367E-003  1.029114840362755E-002
   462272.141060566       8.375464649409843E-003  1.063792039978046E-002
   743073.072764312       7.942471839409002E-003  1.098385028773129E-002
   95404.1579407875       1.317860497754719E-002  1.240120252204066E-002
   56833.5509326510       1.363840557909232E-002  1.199619010874339E-002
   422067.365246407       1.409709444178039E-002  1.159049880184332E-002
   464821.595036646       1.455604592271844E-002  1.118451572670643E-002
   130346.258286894       1.501476616833104E-002  1.077790757527392E-002
   331607.724223079       1.550315001804760E-002  1.117181577544658E-002
   16197.0597886647       1.599118767587012E-002  1.156565176302901E-002
   244165.262269849       1.647924044866408E-002  1.195856759040824E-002
   154280.117805924       1.696762075581798E-002  1.235100786950879E-002
   120900.313649399       1.753064262995415E-002  1.177219262141272E-002
   72122.2368351457       1.712229893824468E-002  1.129531991499737E-002
   134995.955252202       1.671413061590926E-002  1.082030772400234E-002
   401692.419020433       1.630645996859607E-002  1.034539875341706E-002
   204520.948050851       1.590044534150669E-002  9.869459282641078E-003
   52821.7707120017       1.629614928740975E-002  9.351393856049557E-003
   208318.656578389       1.669044553604780E-002  8.832319787136923E-003
   11134.1323869743       1.708467222716735E-002  8.312327405614620E-003
   56687.6081078820       1.747861384085492E-002  7.793436614929364E-003
   206173.887538906       1.651799484391610E-002  7.761286028316416E-003
   8720.82745191128       1.600952527771680E-002  8.169791253933674E-003
   145969.173203216       1.550180241557352E-002  8.577562622533876E-003
   379324.680123971       1.499469445859191E-002  8.985913992331583E-003
   323824.664174950       1.460403571142213E-002  8.589698150816439E-003
   305532.495592239       1.421339437328237E-002  8.193193905463428E-003
   35230.3754625480       1.382237926491284E-002  7.796746358480351E-003
   431830.516565161       1.289456194182665E-002  8.744672711092692E-003
   185877.650787147       1.329897005784205E-002  9.127340407187184E-003
   157114.523589608       1.370376219896351E-002  9.509827576103034E-003
   27833.4950982980       1.410885011986853E-002  9.892302692025148E-003
   52966.1234263047       1.371278598496219E-002  1.035830240873416E-002
   152258.945753188       1.331604425078336E-002  1.082417840896089E-002
   490277.874863637       1.291864858866787E-002  1.129003938476623E-002
   69177.5435404760       1.810885117601209E-002  1.233494005879993E-002
   13179.6445651548       1.858674425312267E-002  1.191302402877073E-002
   223395.739727455       1.906361474472625E-002  1.149171477815344E-002
   167275.358356503       1.954062426218382E-002  1.106923908801455E-002
   51331.4287121400       2.001722804954050E-002  1.064608050941408E-002
   44764.0546121221       2.043058332894364E-002  1.105555578658256E-002
   94578.0426299107       2.084366722504941E-002  1.146514823349537E-002
   138291.074475857       2.125668757754248E-002  1.187356865219507E-002
   59616.6885513216       2.166957768581766E-002  1.228295313313319E-002
   96915.6454729276       2.252873569789621E-002  1.139816369053967E-002
   26355.0108993061       2.210676798804668E-002  1.099751732931061E-002
   73040.5685535214       2.168577262284075E-002  1.059710862370381E-002
   185554.215035536       2.126381391683576E-002  1.019687784018997E-002
   54669.9785808500       2.084238467845110E-002  9.796374450242624E-003
   48110.3232820210       2.125233971917302E-002  9.346384089199630E-003
   88059.5571180934       2.166168557819022E-002  8.895956553815712E-003
   15032.4098206967       2.207012086680281E-002  8.445686585956798E-003
   2347.34992965181       2.247937289109518E-002  7.995290982101416E-003
   76888.4937276198       2.130693065404069E-002  7.705052546785893E-003
   2376.11678076149       2.086919110129910E-002  8.126840465237276E-003
   82362.5209867497       2.043133027425473E-002  8.549388722230525E-003
   185848.687984283       1.999384713481770E-002  8.972310745073651E-003
   222621.583177121       1.947537158394394E-002  8.564048835421587E-003
   272467.746900170       1.895699959904683E-002  8.155821717297722E-003
   235491.268074515       1.843778273962947E-002  7.748623807871639E-003
   179515.407352875       1.790121474221262E-002  8.300176181451858E-003
   104630.850847071       1.832292307813340E-002  8.808004623642745E-003
   101996.784639343       1.874580831199821E-002  9.314707319742292E-003
   111670.529234953       1.916882930871234E-002  9.821362087204596E-003
   27773.2228101827       1.875936120379527E-002  1.030863746428647E-002
   26055.6822988166       1.834971873680966E-002  1.079598290500374E-002
   235808.593700027       1.794058584443014E-002  1.128321352139808E-002
   46084.2183654638       2.341301824579327E-002  1.225662321218877E-002
   43104.0341889010       2.381428766024966E-002  1.183698128346598E-002
   111382.353753277       2.421525583658402E-002  1.141796287263839E-002
   88689.6482928179       2.461638542195186E-002  1.099796680566761E-002
   24327.2981686045       2.501738286217394E-002  1.057769487097469E-002
   47937.3799494892       2.540696011727742E-002  1.098542688499770E-002
   42350.1267727492       2.579734874687844E-002  1.139322982977882E-002
   76305.8976582577       2.618669012374553E-002  1.179994830590450E-002
   5426.47254885851       2.657600918931902E-002  1.220761021502429E-002
   65320.6985979718       2.752789440352561E-002  1.122574599188873E-002
   3470.57598889888       2.710800112324852E-002  1.084927733972723E-002
   38181.9498878546       2.668906728326472E-002  1.047297674975582E-002
   112773.689245203       2.626914719163771E-002  1.009579133707344E-002
   50989.3839887460       2.584959250760507E-002  9.719427733231577E-003
   39042.4170773483       2.625778180210177E-002  9.317148455817600E-003
   55265.5841772664       2.666554003130877E-002  8.914565836454409E-003
   45943.8037144215       2.707238294323591E-002  8.511160743650928E-003
   25484.7268372112       2.748001283423574E-002  8.108550766814564E-003
   61313.7889830070       2.616148261869873E-002  7.628200765626247E-003
   11939.2830108216       2.577099975780356E-002  8.047487896575792E-003
   46884.0907357992       2.538141459029865E-002  8.467579378856905E-003
   133728.656067433       2.499213084382872E-002  8.887938776446133E-003
   134790.595325138       2.454226669987242E-002  8.480864870143809E-003
   130974.844543765       2.409242656658332E-002  8.073714586128407E-003
   57222.5708004961       2.364254496856339E-002  7.667546878990009E-003
   144180.014414822       2.289976757086525E-002  8.432706382937359E-003
   80676.0107076075       2.331904068947295E-002  8.870401250108422E-003
   66258.3068834032       2.373941991613972E-002  9.308059464247854E-003
   36877.0870235339       2.415991399138841E-002  9.745693016984299E-003
   43856.1162691784       2.375192164184917E-002  1.015866276816604E-002
   38364.5771722944       2.334388769934665E-002  1.057171878774105E-002
   152587.943429713       2.293664410606937E-002  1.098467526778401E-002
   5618.13533579973       2.850961647217573E-002  1.217712477530385E-002
   7543.81086621487       2.888680165881933E-002  1.178627464389883E-002
   77015.0093268762       2.926375808042326E-002  1.139618833355818E-002
   6282.64843648315       2.964182233212292E-002  1.100517845659310E-002
   15547.8311686128       3.001864051932521E-002  1.061388939171172E-002
   27795.4867428851       3.040476688265830E-002  1.099249186806611E-002
   83596.6790068105       3.079079202497741E-002  1.137117425822409E-002
   41877.7216342031       3.117688672876847E-002  1.174873088435499E-002
   55922.2299083039       3.156281431576999E-002  1.212741629140815E-002
   47156.1163717817       3.252705046503755E-002  1.113123400211258E-002
   121562.616877570       3.213596817961625E-002  1.075790254595301E-002
   97145.6686581000       3.174607507216791E-002  1.038437952410398E-002
   139366.314444447       3.135515745591206E-002  1.001094319323258E-002
   5586.26295047531       3.096444788737060E-002  9.637350633895810E-003
   50983.4121114576       3.134268561171721E-002  9.184442065802339E-003
   73754.0636797348       3.172045610689732E-002  8.730168713976433E-003
   26884.5220916329       3.209738750658887E-002  8.277034900702692E-003
   8220.31664982024       3.247507960712944E-002  7.823629401111996E-003
   75725.8361642094       3.131203557330444E-002  7.516514263015423E-003
   2995.70463352282       3.087126756619168E-002  7.907757727792572E-003
   82743.2806663108       3.042935635768114E-002  8.299830528190191E-003
   120664.682152633       2.998879023770516E-002  8.692281426918301E-003
   118809.933271535       2.958699942174890E-002  8.313836806975896E-003
   134925.210277144       2.918528006844685E-002  7.935288263543960E-003
   94678.6364206355       2.878254048393432E-002  7.557765934412631E-003
   120361.714307557       2.787099982152133E-002  8.498216543152763E-003
   87901.8007372447       2.826092618874170E-002  8.889026875960555E-003
   94528.9399587390       2.865191574134280E-002  9.278773348890112E-003
   53812.3499532697       2.904289419468053E-002  9.668558475402714E-003
   62891.2203209623       2.866374248548975E-002  1.005743957005977E-002
   16860.2303523197       2.828483252297585E-002  1.044753825436973E-002
   76095.5572285395       2.790675713774682E-002  1.083650358167096E-002
   53095.0847793126       3.352232281786055E-002  1.209450732174527E-002
   69644.1654446612       3.389561796459351E-002  1.165275214592945E-002
   91298.2673186543       3.426858475374672E-002  1.121162600665396E-002
   43939.7005678672       3.464179926598068E-002  1.076959798532940E-002
   14856.6950507296       3.501486387744861E-002  1.032723923562897E-002
   20469.6446109923       3.541825688771090E-002  1.075628368581992E-002
   81459.0521046611       3.582254033827316E-002  1.118517422447506E-002
   91919.4368836531       3.622572814498530E-002  1.161294047156409E-002
   73521.6844631545       3.662958766893637E-002  1.204182817111051E-002
   7238.91623759114       3.752858753119480E-002  1.111253524463559E-002
   31362.6570438551       3.708585869382831E-002  1.072312831382236E-002
   60747.2734227484       3.664424456972640E-002  1.033481716820815E-002
   156194.071036792       3.620167577003258E-002  9.945731211932866E-003
   3389.61994863137       3.575950060048515E-002  9.557577897406796E-003
   33823.5481029333       3.619052215636295E-002  9.221937148520966E-003
   113087.182521124       3.662123312066273E-002  8.885881357493347E-003
   98361.3806818759       3.705104895338344E-002  8.548860663062961E-003
   65384.4258903819       3.748182660245709E-002  8.212705966822494E-003
   4724.32905163890       3.595779661365479E-002  7.490469495493882E-003
   10795.1657931830       3.563482612228423E-002  7.930704958774203E-003
   132746.455227572       3.531266897995818E-002  8.371843978826598E-003
   112134.320201300       3.499081633099705E-002  8.813468570160349E-003
   78756.8978959683       3.453693758798205E-002  8.385123354563519E-003
   132843.967276401       3.408215375690887E-002  7.956723787182663E-003
   100320.672745957       3.362836000428437E-002  7.529383258861745E-003
   123942.152583291       3.291812346224441E-002  8.263150865078561E-003
   101643.809065315       3.336008545389253E-002  8.702758234549962E-003
   138063.248959653       3.380309865457509E-002  9.143280744825361E-003
   42024.7690116443       3.424594546119572E-002  9.582908806666852E-003
   101584.911146037       3.381588500862265E-002  9.969725144263324E-003
   71897.7526165123       3.338591692284293E-002  1.035675560371779E-002
   181852.931126795       3.295677036718665E-002  1.074369338904439E-002
   103942.278765697       3.845693502899530E-002  1.201088834472095E-002
   112970.989801700       3.884653426343451E-002  1.153214180622155E-002
   79772.8831721024       3.923510328255628E-002  1.105316520218734E-002
   167434.553385734       3.962507283638635E-002  1.057413360054494E-002
   104209.012000330       4.001408789104353E-002  1.009461452002217E-002
   148082.740160230       4.043091246529754E-002  1.056023932549816E-002
   28521.8498330153       4.084750874369227E-002  1.102556217191073E-002
   97298.0850340229       4.126480069726611E-002  1.149074687556473E-002
   68860.6465784699       4.168062080394503E-002  1.195611146253562E-002
   85378.7521179185       4.253292334178560E-002  1.107460866484644E-002
   145188.067040893       4.205254556559650E-002  1.067467813217927E-002
   76569.5196409474       4.157202691844522E-002  1.027422942790507E-002
   75917.0146743036       4.109158418995858E-002  9.875165709246259E-003
   8638.36849270052       4.061178072508675E-002  9.476060483157111E-003
   18198.0020118586       4.107765215546076E-002  9.031600223108978E-003
   93068.5715890266       4.154366015201433E-002  8.588012842667171E-003
   136892.687266798       4.200975250944983E-002  8.143279693527065E-003
   92625.2599811870       4.247579705500013E-002  7.699298800273180E-003
   10160.0543194924       4.128115594371756E-002  7.438165832894915E-003
   40517.9736507619       4.085182659216943E-002  7.918120273389766E-003
   141282.824508590       4.042329805301973E-002  8.398105696722176E-003
   7012.03585117633       3.999388956594043E-002  8.878550110532363E-003
   17214.7988793816       3.965675741365207E-002  8.411349327542977E-003
   43223.8515549563       3.931974536691600E-002  7.944257259728813E-003
   27103.5401178172       3.898182778272802E-002  7.477203317717160E-003
   26158.8499299538       3.796052013339124E-002  8.533589710270155E-003
   28028.1902207932       3.843912871154046E-002  8.855504062778179E-003
   31018.3416077342       3.891774244562121E-002  9.176203386526636E-003
   46301.0378999810       3.939618827035465E-002  9.496777144117586E-003
   45688.6808899891       3.892958678428935E-002  9.899865463559809E-003
   121698.039768686       3.846256242241697E-002  1.030404448674737E-002
   260251.524468146       3.799534379479089E-002  1.070739253955376E-002
   57294.9080146639       4.341409285628400E-002  1.192706663764571E-002
   12509.3630633520       4.381339376647181E-002  1.139051791023258E-002
   49619.3398849865       4.421399309516396E-002  1.085503521233061E-002
   189422.081365419       4.461380823031590E-002  1.031847403160602E-002
   106899.125928527       4.501373868416639E-002  9.781445834792533E-003
   165334.682019534       4.543020041768688E-002  1.030375434026802E-002
   33986.7367033313       4.584643284764149E-002  1.082571579170665E-002
   27647.5544865350       4.626240379727468E-002  1.134661986163828E-002
   63402.3147394737       4.667794823885653E-002  1.186878090651801E-002
   84796.2070157148       4.753785159521876E-002  1.097674032481599E-002
   93064.5922028201       4.700004885896739E-002  1.058060493679539E-002
   94586.6770341755       4.646318606502718E-002  1.018466172716613E-002
   56975.9790225232       4.592525669828457E-002  9.789113479233072E-003
   86023.0404605697       4.538801095744865E-002  9.393497754482168E-003
   143007.475720581       4.591194938704529E-002  9.021450515072749E-003
   166337.045709370       4.643597244869566E-002  8.650210716021761E-003
   172255.470276068       4.695884440990116E-002  8.277760891978413E-003
   102168.299757392       4.748262942232719E-002  7.906167720622286E-003
   26824.9009151256       4.606144841936589E-002  7.411591390439932E-003
   8372.48081182603       4.570773327259720E-002  7.946785832452162E-003
   85403.8654398194       4.535476055833808E-002  8.482915444834292E-003
   26651.0878409422       4.500050584280429E-002  9.019275940761117E-003
   84140.0139471801       4.455373367444797E-002  8.497272897947687E-003
   41223.9444881432       4.410816448051885E-002  7.975363927059725E-003
   3796.20163453951       4.366180635768094E-002  7.454463215950833E-003
   51555.5896846394       4.301364149738521E-002  8.125979883516621E-003
   78449.9717268634       4.355053122880031E-002  8.553578992491701E-003
   15486.8147704411       4.408852738230663E-002  8.979832221383694E-003
   56110.8937011252       4.462621595837007E-002  9.407068174921840E-003
   78677.3267656605       4.410297103048527E-002  9.823628779178917E-003
   154723.179897801       4.357922317700329E-002  1.024009098513192E-002
   161249.261380451       4.305651898270785E-002  1.065773509471485E-002
   86635.3465838805       4.842934130074944E-002  1.183663508914944E-002
   39301.8735401390       4.882789706819456E-002  1.141195406678754E-002
   79480.5546165439       4.922666207984984E-002  1.098716488262060E-002
   155463.038052441       4.962564264656865E-002  1.056223514334223E-002
   100120.494754041       5.002461348844779E-002  1.013693724836770E-002
   140967.665397786       5.046581020410419E-002  1.054672305792133E-002
   46370.7504658320       5.090692203679080E-002  1.095629824723074E-002
   88172.5858819563       5.134783162476629E-002  1.136572632683060E-002
   126344.850788175       5.178856468411919E-002  1.177501070890913E-002
   37719.4342209291       5.254215008529985E-002  1.099330217032721E-002
   160438.776960944       5.211586773530542E-002  1.056791051644912E-002
   41560.9303629225       5.168941812628242E-002  1.014308913229945E-002
   48423.8584967271       5.126314802483390E-002  9.718407495596574E-003
   20813.9473653259       5.083731184089253E-002  9.293622527412129E-003
   39400.3721414508       5.124678957467868E-002  8.818426922912207E-003
   23920.8252674649       5.165645853537126E-002  8.342259130595903E-003
   87799.2190648291       5.206634521791505E-002  7.867050434538806E-003
   70886.2231629685       5.247628063618824E-002  7.390625645142857E-003
   21608.4053139847       5.137763419584162E-002  7.202025918666013E-003
   77107.6805482812       5.091688147188807E-002  7.628110572774167E-003
   128424.375378054       5.045508701357495E-002  8.054384452344035E-003
   49168.0252983222       4.999443496586562E-002  8.480968046991014E-003
   63480.0098458114       4.962350900793796E-002  8.069788300125320E-003
   1094.99334851946       4.925362634804138E-002  7.658801131031247E-003
   13382.1660523446       4.888284727217498E-002  7.247926633270137E-003
   65868.9421017335       4.790757620605981E-002  8.260274190041687E-003
   43756.4900353700       4.833242520107599E-002  8.615344539024985E-003
   15894.5238853078       4.875720352623387E-002  8.969242042194531E-003
   56699.1479361800       4.918182368031604E-002  9.324065479288315E-003
   4338.95261546218       4.877114758656702E-002  9.737017274009231E-003
   74015.9686729676       4.836013983389739E-002  1.015000564670218E-002
   179263.188056620       4.794893774005068E-002  1.056314325374933E-002
   32715.1572354837       5.332403263152244E-002  1.174762930432904E-002
   34782.2457091944       5.374997858346069E-002  1.136215574658079E-002
   32469.3940728323       5.417616464467653E-002  1.097576191989655E-002
   33420.2967806082       5.460241263899088E-002  1.059029643767569E-002
   13651.8790412692       5.502853504920938E-002  1.020457609529296E-002
   36398.0129644238       5.546612558813344E-002  1.057487314465532E-002
   4746.09616708390       5.590279751923695E-002  1.094509319872319E-002
   25633.1609275388       5.634044847856526E-002  1.131634779529594E-002
   17287.4112634957       5.677714139121466E-002  1.168657455359778E-002
   26213.7971887023       5.754109338227490E-002  1.089487706853102E-002
   2460.82078484817       5.715554444528888E-002  1.047165267987729E-002
   9973.86204879137       5.676891615324560E-002  1.004750034506538E-002
   12984.3966275633       5.638333130969504E-002  9.624294389730333E-003
   57878.1999827530       5.599760663633589E-002  9.200186248347290E-003
   10442.5527708890       5.636911952514256E-002  8.842511886922073E-003
   10024.2192354090       5.674075705394836E-002  8.484890809426804E-003
   21779.1648752277       5.711341862284010E-002  8.127229817504545E-003
   24172.4759123175       5.748496310614174E-002  7.769405991496640E-003
   17958.4899421381       5.602529090472486E-002  7.077527940694810E-003
   22400.2516126165       5.568121942356466E-002  7.462676851921631E-003
   18195.3327303993       5.533708298795698E-002  7.846835056139253E-003
   50806.8080837602       5.499285484430776E-002  8.230945736562297E-003
   55204.9573060638       5.451788028861847E-002  7.861384961341670E-003
   55702.2167004340       5.404172683603298E-002  7.492228545108352E-003
   3230.24787477803       5.356662029392543E-002  7.122200067432508E-003
   56170.3800163584       5.286319759021871E-002  7.852521655917892E-003
   5494.23232479784       5.325098517512923E-002  8.313211233206804E-003
   22013.8858787672       5.363758769695181E-002  8.774903145233100E-003
   111500.161972742       5.402412107017350E-002  9.235527721986925E-003
   35531.2670360327       5.365390671394648E-002  9.674872615901610E-003
   31194.5280834142       5.328374330252050E-002  1.011432043851672E-002
   22732.5850373842       5.291250952088631E-002  1.055382881397366E-002
   8753.34495881023       5.833288030790627E-002  1.165888867683101E-002
   1896.86078654332       5.875417177054133E-002  1.116923384026653E-002
   12042.7743064447       5.917641656314729E-002  1.068054482835547E-002
   41301.8220004262       5.959760320131758E-002  1.019089709464754E-002
   20616.5549045317       6.001975133766756E-002  9.701262713700089E-003
   41947.0215077312       6.046306967991660E-002  1.017546569811454E-002
   7665.44358897238       6.090541224133855E-002  1.064977014983494E-002
   5330.63841273737       6.134879238454585E-002  1.112309258174861E-002
   15087.8353383893       6.179129767471983E-002  1.159739677663787E-002
   29199.6751646553       6.253960978539405E-002  1.082194940244396E-002
   36187.9812032004       6.205010223544749E-002  1.039660657025864E-002
   23895.6564435401       6.156159861321989E-002  9.970153897761666E-003
   4297.06722126538       6.107209438920404E-002  9.544651528744784E-003
   7869.21988078746       6.058243646784468E-002  9.118175938044083E-003
   12222.2914115335       6.105645766719153E-002  8.671520767387418E-003
   25945.7960788342       6.153041166911413E-002  8.225862967945724E-003
   45815.3409769088       6.200333526383386E-002  7.779277953189363E-003
   30260.0512319637       6.247726660744242E-002  7.332730357764063E-003
   2728.02134578216       6.128570232607425E-002  7.087097542551779E-003
   17257.5399206195       6.085650676404856E-002  7.575960610257050E-003
   34797.8437504329       6.042837448989560E-002  8.065777085800157E-003
   15601.8526248067       5.999924450578809E-002  8.555522676092518E-003
   21058.5234033631       5.963976546939272E-002  8.079839324085522E-003
   7113.77135906773       5.928021195196707E-002  7.604180523911515E-003
   3137.31407404882       5.892065907759941E-002  7.129508504571008E-003
   20074.4702611478       5.797311084512747E-002  8.111694704315990E-003
   28521.4369162538       5.846028150034591E-002  8.453982428186027E-003
   10704.1667388683       5.894842061218355E-002  8.796312520039975E-003
   28290.7180165491       5.943661352043109E-002  9.138633712403281E-003
   8835.98808551084       5.896242744602204E-002  9.578222730993690E-003
   30108.9407827739       5.848832029535551E-002  1.001683527416823E-002
   37718.4125748555       5.801523012742232E-002  1.045638163697108E-002
   9603.38189382969       6.331510041021364E-002  1.157015913114851E-002
   1410.15262645694       6.374177737836055E-002  1.115636018913307E-002
   8359.55489504652       6.416936457229452E-002  1.074252783477728E-002
   19030.6915886735       6.459592626735826E-002  1.032874792490895E-002
   17029.7295883183       6.502350379254493E-002  9.915023458714412E-003
   18847.0062944847       6.550762196499353E-002  1.031243068092772E-002
   10801.2393225820       6.599173032918618E-002  1.070988244698211E-002
   5969.33845833201       6.647585317944957E-002  1.110736724304663E-002
   12122.2618710081       6.696001785019470E-002  1.150487055452711E-002
   6097.53607666254       6.754135318620638E-002  1.090236496650775E-002
   17623.5691687001       6.712696762779130E-002  1.043269961256531E-002
   1156.71445305695       6.671258387696571E-002  9.962966002050468E-003
   7884.28700852088       6.629816293527836E-002  9.493224747764848E-003
   9830.16551481476       6.588368926914150E-002  9.023501243176517E-003
   4554.99987006678       6.628312547407318E-002  8.653235795924922E-003
   10558.7658523343       6.668252932086474E-002  8.283964691989772E-003
   18353.1996482089       6.708190314641647E-002  7.913717444665630E-003
   12654.7948615774       6.748130019133369E-002  7.544507738444273E-003
   1170.94142401417       6.605798895986566E-002  6.925956802000964E-003
   7615.55159756479       6.570235767603526E-002  7.338446530573800E-003
   15796.1941522867       6.534774539767527E-002  7.750899664123654E-003
   21507.9354261906       6.499215464756532E-002  8.163351257585097E-003
   29643.1476632151       6.454708482256312E-002  7.765235211742359E-003
   13194.5184551656       6.410302625600274E-002  7.367023887096170E-003
   6809.85537000489       6.365795072899724E-002  6.968777682136868E-003
   18456.6826358659       6.289086687564101E-002  7.763471969442221E-003
   7560.74550215169       6.330450815301689E-002  8.194246680784684E-003
   9230.12084990604       6.371817110937367E-002  8.624054481944308E-003
   18114.2149382514       6.413192226818387E-002  9.054851937472987E-003
   4354.86142484913       6.373380076458618E-002  9.497161139326731E-003
   7786.71842886302       6.333570400278918E-002  9.938460378580358E-003
   19860.7270054711       6.293765663429685E-002  1.038072761551575E-002
   6273.83554798349       6.814386267213399E-002  1.148364097784820E-002
   1967.26170157354       6.861386864106599E-002  1.108908824038055E-002
   5344.75327781116       6.908381871372750E-002  1.069354741539758E-002
   7696.89398811240       6.955378340728371E-002  1.029903470468547E-002
   6753.52692754330       7.002375288122085E-002  9.903570560837972E-003
   2845.61235414692       7.040259889650788E-002  1.028386060222953E-002
   1173.92981987090       7.078142687326495E-002  1.066316642058499E-002
   5884.85241289064       7.115928767382616E-002  1.104348917344730E-002
   6078.80248554480       7.153813250107434E-002  1.142280401682291E-002
   2308.49579872349       7.253284557388159E-002  1.039181481507472E-002
   9704.73947459454       7.214026334583330E-002  1.002679490100353E-002
   3832.20486703076       7.174671155836009E-002  9.662764402616278E-003
   1540.39629672725       7.135413346788465E-002  9.297710736749039E-003
   7196.26865449366       7.096055143351467E-002  8.932664577624434E-003
   5446.70242164820       7.133891557663925E-002  8.445781602839960E-003
   1339.89414551285       7.171626252008394E-002  7.959902101763252E-003
   3089.85139573825       7.209456612379547E-002  7.473005467287783E-003
   2944.95930581255       7.247188601576300E-002  6.987164731876423E-003
   1287.22511580419       7.140754817929884E-002  6.810251674054832E-003
   6178.41525379474       7.093458865397474E-002  7.205826586569482E-003
   10008.5784367645       7.046261497588720E-002  7.600359385683887E-003
   9935.67952175252       6.998965351996245E-002  7.995886270251157E-003
   9177.52576111256       6.961983552426181E-002  7.615428241385191E-003
   3311.78345415854       6.925103548720743E-002  7.235918993774918E-003
   3380.88865386951       6.888119820114495E-002  6.855419083509510E-003
   15086.9680077182       6.787366047829169E-002  7.899555017165636E-003
   8431.63818614619       6.826704307860119E-002  8.255606050708637E-003
   2112.93145755941       6.865942027799157E-002  8.610692574699581E-003
   11254.5660710979       6.905282815498531E-002  8.966778374068896E-003
   7579.35708907834       6.867442487956027E-002  9.450688532151828E-003
   4161.44351694595       6.829704171897112E-002  9.934583018459557E-003
   3762.36172913213       6.791868872531519E-002  1.041849495005245E-002
   2203.71145340435       7.356382779858396E-002  1.138648688553147E-002
   1507.84313086065       7.392862494866993E-002  1.098087032286690E-002
   184.517223604501       7.429240892683737E-002  1.057526758474907E-002
   164.522704580709       7.465716940275947E-002  1.016864979248002E-002
   1976.32558916347       7.502195461624199E-002  9.763048774626535E-003
   159.087936537584       7.545203432167226E-002  1.015440542101370E-002
   205.988684208653       7.588212918458614E-002  1.054676829210096E-002
   2344.64077837069       7.631220934488701E-002  1.093813146928117E-002
   1901.16175916648       7.674228738669205E-002  1.132949983461966E-002
   1706.31666003934       7.753568682944906E-002  1.050714933191764E-002
   1084.25261653840       7.712917212616903E-002  1.009136692614225E-002
   887.552990286494       7.672266138892100E-002  9.675576255686148E-003
   867.699444517552       7.631514695218164E-002  9.259804385237444E-003
   3088.04411794694       7.590863201007557E-002  8.844012442229029E-003
   1026.07310666903       7.630124662102289E-002  8.483914118287956E-003
   443.201809583193       7.669487611250744E-002  8.124799625728905E-003
   972.152193930627       7.708748509124454E-002  7.764703998485214E-003
   1205.27538186932       7.748010377392242E-002  7.404622724127094E-003
   924.402211535468       7.602597636848756E-002  6.740558369064885E-003
   1637.80225578289       7.568017542340043E-002  7.145823566259911E-003
   370.145405775977       7.533539769965726E-002  7.552072160633004E-003
   1810.45427778372       7.498960411146474E-002  7.957336975419853E-003
   2308.49200170611       7.450254883050728E-002  7.567000748540375E-003
   2378.57542782627       7.401648797157037E-002  7.175620419292430E-003
   1652.02388946956       7.352944158712076E-002  6.785246869785334E-003
   2124.97301885361       7.287936973873163E-002  7.458960724253723E-003
   1894.17320122597       7.328687688892879E-002  7.931769651394187E-003
   2681.42151412487       7.369538046092100E-002  8.403560135167005E-003
   7507.80372164146       7.410290792442711E-002  8.876369914464057E-003
   1236.88059915590       7.371064360784253E-002  9.255486576401351E-003
   216.077285448743       7.331737863022908E-002  9.634611747947764E-003
   1406.71545810960       7.292510065726009E-002  1.001271459393179E-002
   467.719607080919       7.835803336873830E-002  1.130054385284915E-002
   1174.79791538730       7.877507171549829E-002  1.096401671179107E-002
   557.105752626629       7.919211173979916E-002  1.062749117577441E-002
   1680.05729348229       7.960915052937674E-002  1.029096422537581E-002
   683.087249028660       8.002619366915280E-002  9.954442402516431E-003
   2108.14106616324       8.042102958769060E-002  1.027642218462933E-002
   1600.18226362772       8.081486606645812E-002  1.059841747764609E-002
   1409.15658979269       8.120970211083701E-002  1.092039294151930E-002
   200.763806392821       8.160353486474298E-002  1.124238709666862E-002
   2132.10579768828       8.253243501021930E-002  1.027958842034692E-002
   1261.62809060455       8.219653005164645E-002  9.897546514780657E-003
   785.762445673548       8.186060985906854E-002  9.514504785262987E-003
   157.288852753106       8.152470897832595E-002  9.132463977598933E-003
   42.2995874065509       8.118879194716568E-002  8.749423521013903E-003
   184.530320785442       8.151003884015633E-002  8.313604215148132E-003
   312.887009540464       8.183128909430920E-002  7.877785787600358E-003
   1706.30244565646       8.215255939007163E-002  7.442966212735329E-003
   1741.77150574139       8.247381478070713E-002  7.007145523151057E-003
   1095.29395622083       8.125491416716935E-002  6.576896316942596E-003
   2086.19332226162       8.083186858307072E-002  6.913522142496271E-003
   2412.16658476930       8.040782329536846E-002  7.250168684544387E-003
   1181.93341371884       7.998377831764555E-002  7.586817431283522E-003
   1699.52399082177       7.962493755582833E-002  7.264195780967897E-003
   383.206416859689       7.926710159765502E-002  6.941551052338025E-003
   764.893270378868       7.890826501211763E-002  6.618925798711928E-003
   1378.81981900968       7.781537596256979E-002  7.751676089154051E-003
   1532.88426006212       7.815064691866988E-002  8.098730008195120E-003
   548.565799620649       7.848590160638826E-002  8.444781787968194E-003
   2195.34910440778       7.882116896945983E-002  8.791837547277108E-003
   43.0680882625171       7.849980204400450E-002  9.220667698659351E-003
   906.586087373207       7.817842975457033E-002  9.649493980653160E-003
   649.627314524221       7.785705897686709E-002  1.007832199097648E-002
   391.286081480566       8.349523097041739E-002  1.120849236805329E-002
   276.638945402221       8.387573347975900E-002  1.078661426978876E-002
   241.078597348549       8.425724166962026E-002  1.036472009837476E-002
   1480.99290118342       8.463775231549922E-002  9.942842206223402E-003
   1211.14870384867       8.501926416490962E-002  9.520943478723273E-003
   1907.77651940512       8.547363264621637E-002  9.927870481507036E-003
   985.850080218400       8.592900154199337E-002  1.033477505726937E-002
   219.246465415157       8.638336886312005E-002  1.074169484782379E-002
   693.478549423567       8.683873177665942E-002  1.114859609219974E-002
   1270.13597190271       8.753589919222769E-002  1.042599256816250E-002
   1697.45934884030       8.711293369686508E-002  9.985498331657008E-003
   471.241328482260       8.668998623827191E-002  9.546009033658558E-003
   504.433737972083       8.626702374061816E-002  9.105521395145236E-003
   622.070065714869       8.584408398351602E-002  8.666032630311439E-003
   66.5945881724751       8.625176545929283E-002  8.253671466754474E-003
   853.825786441424       8.665945060921031E-002  7.841310031131164E-003
   1595.56882013892       8.706715534722541E-002  7.429946444312167E-003
   1098.82111892276       8.747484155540933E-002  7.017578800856967E-003
   199.009363700011       8.618070234702858E-002  6.574678515972377E-003
   605.687813265726       8.578419514081577E-002  6.996841344566157E-003
   1540.98112085120       8.538668594659296E-002  7.419023686450569E-003
   1225.02839959427       8.498917641283693E-002  7.841209469390521E-003
   1746.33046103238       8.455180570193011E-002  7.433978376449287E-003
   539.469658909899       8.411443536778282E-002  7.026751124409808E-003
   49.9924931728425       8.367806667184571E-002  6.619508511649871E-003
   1548.10714546899       8.289645765027724E-002  7.429642756723824E-003
   821.613570559975       8.331908124094843E-002  7.851137085498030E-003
   342.763450813309       8.374172102778797E-002  8.273628487485123E-003
   432.717459750279       8.416435626050706E-002  8.696120324675913E-003
   175.397472071834       8.375638809165843E-002  9.092484354107830E-003
   1307.49773815922       8.334839845291114E-002  9.487849364328147E-003
   1913.13328623823       8.294042603067101E-002  9.884217495664455E-003
   390.322360840984       8.825850182979690E-002  1.112316549498618E-002
   49.9432707487104       8.869874651754375E-002  1.068621579164787E-002
   446.963168944853       8.913801395208079E-002  1.025028464558523E-002
   913.762378179748       8.957826437917496E-002  9.813333704887118E-003
   745.303907054183       9.001753132918017E-002  9.377395839891450E-003
   353.803571952526       9.034714793313653E-002  9.799558521495232E-003
   78.2534604834115       9.067578159968880E-002  1.022273818224817E-002
   499.756373323671       9.100539584296562E-002  1.064490014536065E-002
   448.860304805818       9.133402763226268E-002  1.106807960197584E-002
   372.484162641575       9.252609056269528E-002  9.832533466099264E-003
   916.768762717688       9.209140890328668E-002  9.519267353273577E-003
   591.613075088351       9.165770827247123E-002  9.204985585007510E-003
   221.631849024665       9.122302596902016E-002  8.891722639621602E-003
   497.022475529672       9.078932666636805E-002  8.577442775187249E-003
   345.334261016681       9.120898273344973E-002  8.107854584941341E-003
   135.686107186730       9.162964174328611E-002  7.638249308230033E-003
   474.780748782384       9.204930265137158E-002  7.168661266040408E-003
   289.754704142144       9.246998068159816E-002  6.700051632941842E-003
   49.1143958644225       9.135214750098324E-002  6.496035387889622E-003
   360.156672000117       9.089788421507103E-002  6.932237287109269E-003
   828.251868188323       9.044363789062837E-002  7.369440605207368E-003
   828.617339674784       8.998937413068608E-002  7.805646569422984E-003
   835.612747392754       8.957676786884831E-002  7.384970754611310E-003
   154.967290239913       8.916414363681119E-002  6.963298648069272E-003
   281.238908123362       8.875253888847352E-002  6.542609694564803E-003
   996.175994585648       8.791103254558609E-002  7.414827920255529E-003
   494.661059867887       8.834620513828023E-002  7.811093095330518E-003
   202.665985256568       8.878239433030957E-002  8.208338169325195E-003
   1102.46522247424       8.921758122999342E-002  8.605600389523373E-003
   374.147834106107       8.879765490388802E-002  9.060188202022142E-003
   182.442203793744       8.837674405567850E-002  9.515793961489117E-003
   724.147893233963       8.795681315631125E-002  9.970383349699675E-003
   124.144696974361       9.376163680395753E-002  1.102459913682378E-002
   12.3638159400806       9.407669334892912E-002  1.068990454032150E-002
   195.240917942826       9.439276851130472E-002  1.035619199813636E-002
   218.601405319249       9.470782642647715E-002  1.002149734910923E-002
   308.022104046061       9.502390130626172E-002  9.687783090066687E-003
   195.947660913873       9.550369978989608E-002  1.000724174561544E-002
   108.802193816912       9.598351607199519E-002  1.032770018647031E-002
   79.1585440351704       9.646331439001846E-002  1.064715845485833E-002
   73.0322178230929       9.694413033343043E-002  1.096759816576622E-002
   49.7126137683970       9.753623457796279E-002  1.035389633339023E-002
   144.926326881318       9.719878036270663E-002  9.884864429454424E-003
   31.6945440922035       9.686234390955784E-002  9.416815033859128E-003
   117.231264895219       9.652490792925805E-002  8.948783529702457E-003
   140.111844717972       9.618847236266825E-002  8.480733789955605E-003
   62.3694029970389       9.650957829244530E-002  8.092921085675255E-003
   93.9307175959148       9.683168460307116E-002  7.705090687827439E-003
   89.0859414041591       9.715279121172968E-002  7.317278065915884E-003
   9.56008617286748       9.747489723130152E-002  6.929446747507776E-003
   13.3693478167714       9.610959873995512E-002  6.310798901572969E-003
   11.8955294298212       9.573353416969163E-002  6.645587129794277E-003
   54.2206913408368       9.535748727633839E-002  6.981375296986900E-003
   289.994061627603       9.498142210100781E-002  7.316163465438450E-003
   373.193524332729       9.451362089412223E-002  6.996489759253774E-003
   366.120836574518       9.404580083644784E-002  6.675818162802673E-003
   18.9684666820647       9.357799887518080E-002  6.356147366125988E-003
   180.313576216966       9.280718674370353E-002  7.155083699476027E-003
   191.041858702938       9.314341002468475E-002  7.611132766498646E-003
   271.874133593329       9.348063191644337E-002  8.067164133055065E-003
   534.524240156742       9.381685371126176E-002  8.523213198544627E-003
   72.7425021883916       9.349467180077323E-002  8.851033253686549E-003
   156.823963700310       9.317147263163991E-002  9.177872460409771E-003
   351.949039399925       9.284929068821753E-002  9.505693822172501E-003
   15337.0747435138      -1.828123791348497E-003  1.749349128466410E-002
   5770.96197419492      -1.369472328396172E-003  1.704799487358232E-002
   463486.872535016      -9.095891276016046E-004  1.660232276311010E-002
   992407.988082568      -4.499794060609557E-004  1.615583525651653E-002
   515660.135044071       1.101048782155087E-005  1.570850444140932E-002
   877758.904856111       3.924690266279962E-004  1.615407424751674E-002
   181690.258346725       7.719651776486807E-004  1.659915855851542E-002
   201331.245476400       1.152202620278501E-003  1.704331468834135E-002
   366066.200177109       1.530564266690107E-003  1.748826118258962E-002
   581328.091585281       2.520506695954880E-003  1.649068080173228E-002
   498226.080785741       2.069781867187401E-003  1.611585077801571E-002
   481151.933444701       1.619718724000663E-003  1.574105766622869E-002
   43694.2542591327       1.169720162373113E-003  1.536832256589085E-002
   351519.383126651       7.219380120446384E-004  1.499385847655415E-002
   513566.242345745       1.169040325900504E-003  1.467569754932682E-002
   538222.696256901       1.616835207063857E-003  1.435633545126917E-002
   798752.316889958       2.064365100789989E-003  1.403709349947520E-002
   509639.716802082       2.512367647596485E-003  1.371812092960918E-002
   155186.350431236       9.648311346935100E-004  1.294163426756293E-002
   122730.728060882       6.470598015733968E-004  1.338843213297852E-002
   289891.457353493       3.278806864949035E-004  1.383552609698038E-002
   292803.652770976       8.856720064345863E-006  1.428291514827442E-002
   454338.827611153      -3.396079583024598E-004  1.383660408279447E-002
   150382.203519093      -6.874508662671601E-004  1.339034814584724E-002
   13701.1436347297      -1.035001751982887E-003  1.294433962816480E-002
   565608.290606489      -2.495602850299831E-003  1.361619077553110E-002
   431084.996578412      -2.047231945837498E-003  1.396181256960724E-002
   354946.669638666      -1.598571306955085E-003  1.430681698678300E-002
   160273.371013377      -1.149938201516273E-003  1.465150632054782E-002
   339884.375974198      -7.022145271607987E-004  1.499653033278446E-002
   3376.06911490368      -1.148943019283467E-003  1.545389340649940E-002
   476312.228844449      -1.598100173725626E-003  1.590944146857060E-002
   916861.585684979      -2.047925739764057E-003  1.636675280360747E-002
   1291448.03834534      -2.497098919553148E-003  1.682643877244820E-002
   312438.776961267       3.516225406529695E-003  1.747852562161888E-002
   32630.3124440918       3.892565651769916E-003  1.699669755650604E-002
   384916.197249293       4.270031906268804E-003  1.651476433417981E-002
   1301233.97930820       4.647829585352275E-003  1.603214874891644E-002
   738890.192548441       5.028004768169393E-003  1.554805746815467E-002
   1208830.80407358       5.410729929876106E-003  1.602551823460653E-002
   19052.1684152116       5.790425120123788E-003  1.650170529103679E-002
   222721.061747017       6.169663343986799E-003  1.697710844836996E-002
   165947.997683298       6.546367908714356E-003  1.745351607767870E-002
   674895.283929594       7.547279800703919E-003  1.643598462576589E-002
   1015297.57040517       7.058901080088600E-003  1.606696789183222E-002
   855340.567038319       6.570223180805514E-003  1.569961861279932E-002
   66839.2974860797       6.081467450820466E-003  1.533547636128314E-002
   599418.154466976       5.596485252129420E-003  1.496995615944684E-002
   720378.380103976       6.078138400663473E-003  1.462575121174818E-002
   994776.682900859       6.560729652479638E-003  1.427974288488253E-002
   1174796.45001670       7.043140784045863E-003  1.393355364201168E-002
   743850.020154291       7.525374880715075E-003  1.358571145391505E-002
   108210.874223050       6.050568236064847E-003  1.295134039291690E-002
   211455.662210254       5.709137286727064E-003  1.343421677518522E-002
   715255.719598885       5.365446377693083E-003  1.391729087951047E-002
   310185.110920224       5.021786714807861E-003  1.440189516990176E-002
   545336.630676343       4.698242660646569E-003  1.392293956274425E-002
   168881.211625719       4.375554928561465E-003  1.344370552204415E-002
   15196.7073024876       4.054324404158335E-003  1.296482317414056E-002
   533823.969159832       2.997844255825293E-003  1.403345246883781E-002
   680451.231502741       3.482852802163773E-003  1.434905613422430E-002
   224394.864395182       3.968480540310652E-003  1.466423198827149E-002
   672272.254794253       4.452557219860353E-003  1.497853274199570E-002
   447917.586984099       3.971541544787988E-003  1.535608243009417E-002
   1038289.49023745       3.487648184634353E-003  1.573213979960328E-002
   1266851.77629129       3.003626509681951E-003  1.611042072070115E-002
   358919.630661037       8.562839008870888E-003  1.743723155441457E-002
   102949.084450163       8.933869795415272E-003  1.705101127643836E-002
   600601.988619047       9.306084657093629E-003  1.666532014238360E-002
   1155609.01314835       9.678098759477366E-003  1.627766921373665E-002
   704186.241660005       1.005155908728711E-002  1.588969124379428E-002
   1342848.01444376       1.054778898177753E-002  1.626875929189653E-002
   692314.607450870       1.104405010920515E-002  1.664755033858149E-002
   315059.615512875       1.153951070654906E-002  1.702279832551149E-002
   285746.185987449       1.203320487144715E-002  1.739833652124093E-002
   713107.151685726       1.257511568362217E-002  1.684173396152660E-002
   600885.374626444       1.217799314871338E-002  1.635988090382072E-002
   36928.6451827101       1.178340674322615E-002  1.588104453870681E-002
   601177.939640771       1.138962913990402E-002  1.540160869059091E-002
   17010.4039396235       1.100053815510730E-002  1.492021148397789E-002
   74442.9089383719       1.138205029584322E-002  1.445639019141181E-002
   313505.438203413       1.176559617258987E-002  1.399248904884295E-002
   832332.564796450       1.214923670081491E-002  1.352811445096496E-002
   690183.619672379       1.253444033993943E-002  1.306127053015161E-002
   261789.281249129       1.141726177608084E-002  1.280490450498769E-002
   656382.110419094       1.095638327918918E-002  1.319236882755351E-002
   935831.895365698       1.049513931077874E-002  1.358175702503727E-002
   386369.528447057       1.003451703603267E-002  1.397184049799261E-002
   537948.913511852       9.685883610026851E-003  1.359073270925598E-002
   71263.1568540191       9.336813589457194E-003  1.320939427658450E-002
   50403.9499298412       8.989149745695504E-003  1.282978324454309E-002
   499434.428351328       7.917120497771534E-003  1.392505019351294E-002
   407191.018106139       8.306762716632322E-003  1.426362617831458E-002
   7744.45475416893       8.697283967840762E-003  1.460206952122340E-002
   68839.2679806448       9.085623789438443E-003  1.493936011913971E-002
   25114.7768368156       8.703484771944145E-003  1.531303656048385E-002
   541471.850737336       8.318344045040888E-003  1.568557788702849E-002
   1010824.05379148       7.933324065401639E-003  1.605994133671260E-002
   203988.222675448       1.312970287035053E-002  1.738503814590393E-002
   331402.045508679       1.361481983805129E-002  1.700487582536600E-002
   830030.595986741       1.410142702743892E-002  1.662390887739396E-002
   1136627.06675540       1.458909883243118E-002  1.624197866085659E-002
   578878.617950155       1.507598125652823E-002  1.585695255580244E-002
   781991.881288033       1.547367110745704E-002  1.622978077828685E-002
   245421.193990790       1.587048369835966E-002  1.660129527916905E-002
   93945.4933636811       1.626576071723734E-002  1.697299258802741E-002
   173888.395146567       1.666086120358538E-002  1.734449595717301E-002
   418787.955248851       1.758930742177355E-002  1.639144689018105E-002
   683463.379579264       1.720305513750236E-002  1.600646176099308E-002
   333216.609258363       1.681689019088696E-002  1.562384518683163E-002
   147844.586730760       1.643218763947268E-002  1.524104905544161E-002
   38480.9879629168       1.604845339537073E-002  1.485767744118036E-002
   200433.891236267       1.642160226226638E-002  1.437249170252124E-002
   97926.0466299032       1.679466838883951E-002  1.388744837724078E-002
   367178.415415023       1.716985736794256E-002  1.340230672683809E-002
   326215.430703096       1.754528920334930E-002  1.291456177330272E-002
   198808.149234137       1.648858940803834E-002  1.273367276025737E-002
   422445.311130988       1.600949306424250E-002  1.311695997010346E-002
   634138.515562637       1.553014974725733E-002  1.350009266784097E-002
   292312.850163635       1.505141842876642E-002  1.388560534625842E-002
   468450.502758717       1.458283653080280E-002  1.351279118731506E-002
   176791.327740586       1.411401774064088E-002  1.314237728735993E-002
   104622.743431513       1.364547309848126E-002  1.277208679630203E-002
   332023.840371489       1.292246857548580E-002  1.351844042745308E-002
   119824.541159552       1.330942765654110E-002  1.397386512890450E-002
   191014.061035739       1.369465240606759E-002  1.442861830162828E-002
   337794.016985134       1.407977574965547E-002  1.488349309939114E-002
   318166.495134539       1.370635830302080E-002  1.537316423676363E-002
   97387.3059222578       1.333162262831730E-002  1.586204297205164E-002
   767690.996433613       1.295393342189917E-002  1.635020444424777E-002
   133031.508873001       1.854170226141701E-002  1.732087441142300E-002
   150998.740013908       1.892748622224002E-002  1.695050781033627E-002
   393165.759673560       1.931327141424910E-002  1.658003298631455E-002
   673708.623254414       1.970043208474760E-002  1.620989479974474E-002
   380824.755824265       2.008768408515785E-002  1.583792258814789E-002
   609218.775987349       2.047669255568422E-002  1.619886268151399E-002
   222193.449328963       2.086498767262972E-002  1.655891139955930E-002
   75958.1899768929       2.125322178524508E-002  1.691925317974572E-002
   53158.5114261131       2.164083011351938E-002  1.727945467866905E-002
   237448.736101635       2.259816236868382E-002  1.629299792691570E-002
   304019.329707894       2.222439484642796E-002  1.591673431409450E-002
   134309.154846789       2.185091497523063E-002  1.554097478647939E-002
   195343.653329050       2.147870506093735E-002  1.516564810583844E-002
   87027.4432847541       2.110704472323802E-002  1.478957379222375E-002
   6433.19473216349       2.146885160264053E-002  1.437817005622126E-002
   177352.736196093       2.182963842738652E-002  1.396645373191782E-002
   235447.439722987       2.219172110350522E-002  1.355460508216010E-002
   178538.883488694       2.255367110091678E-002  1.314216204472336E-002
   57270.2730772636       2.126758837931008E-002  1.265497623709978E-002
   121829.403950506       2.086534065735766E-002  1.302716789386495E-002
   266532.952857490       2.046276279631987E-002  1.339841958712492E-002
   86183.0238919299       2.006042872895222E-002  1.377127623606039E-002
   217263.436837786       1.957271528494838E-002  1.341079480101174E-002
   110833.172442858       1.908463583210478E-002  1.305232249279006E-002
   49665.0607730508       1.859656446150216E-002  1.269362882565638E-002
   70510.5132428312       1.792067293552380E-002  1.339146765148926E-002
   56926.3879840486       1.829528639197439E-002  1.386703988261864E-002
   176491.162776734       1.866829557609383E-002  1.434250763749700E-002
   173170.022867179       1.904179090512598E-002  1.481807999360154E-002
   4081.06085974790       1.867955167419520E-002  1.521126150610274E-002
   285928.746937565       1.831727983336239E-002  1.560439582480307E-002
   555127.341348592       1.795345042167541E-002  1.599703281691264E-002
   33225.6729225323       2.358439318202019E-002  1.724987308030652E-002
   20810.0082688022       2.396070449494914E-002  1.684830381839348E-002
   209659.034274397       2.433755586876362E-002  1.644658379281094E-002
   398588.818642027       2.471490311524132E-002  1.604559485073152E-002
   238613.029624571       2.509236853126592E-002  1.564296820740976E-002
   340825.247343617       2.545370554645797E-002  1.603390381041907E-002
   41419.2029506648       2.581445178267149E-002  1.642376738878594E-002
   86882.7301455562       2.617592743592672E-002  1.681427536440140E-002
   23903.6066407256       2.653584565118022E-002  1.720483294077327E-002
   217398.657021602       2.760237712909853E-002  1.610556462221088E-002
   309130.090600349       2.719915430555519E-002  1.575768436136991E-002
   182414.174546057       2.679593244844981E-002  1.540935078539884E-002
   69259.1931369057       2.639384972250675E-002  1.506249508828451E-002
   63999.9916669188       2.599173701197640E-002  1.471541621683060E-002
   20170.0370888614       2.638332922671304E-002  1.432713606179474E-002
   160723.981286518       2.677388701191793E-002  1.393753090389547E-002
   214083.497776128       2.716570733218224E-002  1.354879846137346E-002
   148822.256686974       2.755747194584962E-002  1.315967909039680E-002
   30718.2516060666       2.619892656152104E-002  1.260989473694653E-002
   98286.2166921021       2.582157328189308E-002  1.301224988274109E-002
   253593.577897669       2.544292151409335E-002  1.341368437066478E-002
   40359.7298433735       2.506552654623278E-002  1.381674592325297E-002
   108846.070349602       2.465210078847626E-002  1.342612681314570E-002
   24010.9867421721       2.423875205187390E-002  1.303685935430099E-002
   25305.4761954148       2.382549373663597E-002  1.264689696240288E-002
   48469.6960068203       2.295750012697506E-002  1.354265768682229E-002
   14375.7785164947       2.336097886707317E-002  1.394313283897827E-002
   108627.972650683       2.376333251446392E-002  1.434331928057551E-002
   56990.7122105288       2.416626392585924E-002  1.474352037398629E-002
   105328.330007185       2.377457468070040E-002  1.513035868853703E-002
   289794.072876157       2.338326297052909E-002  1.551733695713164E-002
   498404.783481084       2.299062644419616E-002  1.590472682939196E-002
   50162.0467606896       2.870145067522188E-002  1.717235032576836E-002
   93858.6045242334       2.904985004829136E-002  1.678842212605979E-002
   161482.624310855       2.939964543996452E-002  1.640450627769024E-002
   295352.370531419       2.974854868873632E-002  1.602034466720347E-002
   164924.150244262       3.009754975830072E-002  1.563588884402669E-002
   295148.729206349       3.053047389607291E-002  1.600766068546063E-002
   97956.6149620604       3.096206439330532E-002  1.637963126406016E-002
   106530.398128699       3.139477353583391E-002  1.675115174151031E-002
   47084.4561505597       3.182710725768821E-002  1.712270565548945E-002
   99417.5473997138       3.261069876858914E-002  1.631219864979484E-002
   56074.0761209429       3.222406972187805E-002  1.589285648884993E-002
   30653.9799781397       3.183776120839956E-002  1.547352043735771E-002
   128950.010499603       3.145156513662239E-002  1.505536398105720E-002
   92518.9225704974       3.106620545889956E-002  1.463566862821830E-002
   62709.3150848286       3.143930110844225E-002  1.424966651226510E-002
   118327.421850349       3.181233986758455E-002  1.386353641658808E-002
   88818.9155967327       3.218545485515081E-002  1.347740121960514E-002
   81383.6239047987       3.255837633520775E-002  1.309097436063115E-002
   65072.8477791838       3.118880122540999E-002  1.251237954924875E-002
   52010.2121091955       3.081487439868536E-002  1.289748651770970E-002
   96599.0882991648       3.044080466726983E-002  1.328253992264418E-002
   32856.2685810928       3.006678456147709E-002  1.366773182630788E-002
   71020.0842990677       2.967757118548616E-002  1.329487856280755E-002
   3450.53154142780       2.928735830813814E-002  1.292229244050425E-002
   29672.4328821809       2.889819556417892E-002  1.254986427542514E-002
   46995.8837497271       2.794304323269573E-002  1.353630996278899E-002
   44132.6783782538       2.832828352587831E-002  1.391308700349226E-002
   21843.5741201409       2.871349501667209E-002  1.429065470733604E-002
   34711.8665666981       2.909854345206895E-002  1.466715053105303E-002
   23934.5329008100       2.872495163442787E-002  1.502639296958874E-002
   142324.326359665       2.835092146046314E-002  1.538559925663412E-002
   213319.904132699       2.797674623141929E-002  1.574601074011299E-002
   11094.1218034269       3.342080603036864E-002  1.709543958464915E-002
   95090.3009777323       3.384121459299055E-002  1.674263545478387E-002
   189331.068107645       3.426176373572420E-002  1.639067685779548E-002
   185767.368572008       3.468142022421700E-002  1.603764948275758E-002
   78973.4868663475       3.510189780778709E-002  1.568423798591443E-002
   127467.863015162       3.546224748441524E-002  1.602381762749801E-002
   1606.16780115966       3.582144193690148E-002  1.636329108251747E-002
   20603.8995845528       3.618159803880598E-002  1.670146705885858E-002
   130785.351487979       3.654129817893544E-002  1.704079881484513E-002
   97292.8195602475       3.760761034080109E-002  1.593652654466498E-002
   17624.4983441775       3.725503403278509E-002  1.558909600161243E-002
   23177.0221045637       3.690378185237291E-002  1.524159239785025E-002
   136481.675839801       3.655163327097369E-002  1.489531935575682E-002
   26811.1948415126       3.619987740744379E-002  1.454792680686277E-002
   95832.1943846139       3.653976603636854E-002  1.414698649437865E-002
   113425.398425185       3.687934367197859E-002  1.374457959293137E-002
   140686.077946622       3.721832361269936E-002  1.334323826658727E-002
   147811.009341636       3.755824198373743E-002  1.294047683763373E-002
   112444.491623478       3.623803125603773E-002  1.239382522243800E-002
   147954.991125311       3.584738144833276E-002  1.274506246983679E-002
   302546.684739288       3.545549958457553E-002  1.309734198295504E-002
   20339.2370181111       3.506513022062929E-002  1.345043126549023E-002
   34652.5817222596       3.467911446266778E-002  1.311129950281505E-002
   88848.1875135366       3.429341259236874E-002  1.277195399648894E-002
   75346.8923740652       3.390770350448782E-002  1.243380988308698E-002
   14742.9006597683       3.291088457977859E-002  1.346486131277822E-002
   17467.0913063077       3.326220515907102E-002  1.383880872357004E-002
   111511.775537290       3.361458407111832E-002  1.421253910635104E-002
   4672.55853977709       3.396653523114650E-002  1.458653611689725E-002
   53687.5723288071       3.362748311105383E-002  1.501799711341571E-002
   84746.4193240837       3.328837265092664E-002  1.544859771608841E-002
   192625.203362762       3.295003715732957E-002  1.588021870594563E-002
   153333.145181822       3.871036335347332E-002  1.700209474644924E-002
   178005.281210714       3.905729660032741E-002  1.656021264562376E-002
   72385.3348526155       3.940416659135543E-002  1.611698455654305E-002
   152686.039916894       3.975067090158887E-002  1.567482672932440E-002
   148272.468581599       4.009824077487388E-002  1.523103207946080E-002
   231607.405529447       4.055673661529483E-002  1.566104302681974E-002
   82061.7900262942       4.101539476341807E-002  1.608926981577853E-002
   128315.649268948       4.147390986138791E-002  1.651799604665875E-002
   43462.6022587739       4.193207320933191E-002  1.694542212938039E-002
   63690.8033019059       4.261872435357717E-002  1.623263126695129E-002
   113708.911489906       4.217293003646540E-002  1.579099655375854E-002
   76421.1974833245       4.172611547319661E-002  1.535012117161429E-002
   222273.555387166       4.128084009087248E-002  1.490928936523290E-002
   108890.189810831       4.083551136019901E-002  1.446812673903108E-002
   52662.9556328380       4.126714310023196E-002  1.405397186061906E-002
   160675.729174221       4.169807797874210E-002  1.363959400402659E-002
   233343.891138316       4.213030804922850E-002  1.322398580194752E-002
   171985.818544298       4.256143459814702E-002  1.280881310424728E-002
   4836.48756385777       4.127958577218611E-002  1.239897023555520E-002
   97923.9702070155       4.087713328416231E-002  1.284288645520498E-002
   293268.604718478       4.047530049000826E-002  1.328594899856272E-002
   75735.4296524184       4.007369464957928E-002  1.373083860463878E-002
   140580.844615494       3.966959305296258E-002  1.329994888825281E-002
   36022.0521524023       3.926466128164808E-002  1.287050583357640E-002
   103765.672034432       3.886096871424986E-002  1.244028653031952E-002
   106594.995264231       3.800256571437035E-002  1.332973704920409E-002
   24252.0521713267       3.844778971378535E-002  1.371761389735627E-002
   140095.404244288       3.889186989351314E-002  1.410612433858332E-002
   103423.285161081       3.933628058098017E-002  1.449364212662778E-002
   143346.175787194       3.890376171816743E-002  1.485391159502691E-002
   221594.794227035       3.847198810074259E-002  1.521359290773243E-002
   403769.212980172       3.803899894164669E-002  1.557453736229112E-002
   194183.472657755       4.333110583169390E-002  1.691921431703748E-002
   242962.502966082       4.377052567575186E-002  1.632204941692121E-002
   111363.451981248       4.421084008091489E-002  1.572658706449410E-002
   113940.235745925       4.465293302065823E-002  1.513123127473885E-002
   137495.211408798       4.509652291957257E-002  1.453503466733631E-002
   89524.0528959874       4.557903051785459E-002  1.511417560210027E-002
   164353.801858771       4.606010257878630E-002  1.569258522460081E-002
   316197.625885689       4.653914274299815E-002  1.627144110136131E-002
   189256.952456936       4.701713682107111E-002  1.685229102421219E-002
   53351.1224566693       4.763427930838297E-002  1.621441800632389E-002
   352248.303036949       4.703567248691992E-002  1.575596289973094E-002
   265632.598886073       4.643664604661188E-002  1.529934522027401E-002
   66655.7320213406       4.583531175119378E-002  1.484465835429914E-002
   24174.0737326088       4.523487634868490E-002  1.439132698879000E-002
   203867.440146321       4.581920510942735E-002  1.397704371005560E-002
   269090.155002563       4.640371027394019E-002  1.356173933169990E-002
   254997.479645753       4.698645262826003E-002  1.314553652548616E-002
   138960.900780280       4.756971376443814E-002  1.272882910041736E-002
   110796.843650220       4.628271989738245E-002  1.246559860322371E-002
   81835.2806548635       4.588674933474028E-002  1.306089566013187E-002
   104158.863102977       4.548980435491891E-002  1.365660175113946E-002
   29793.6508572078       4.509154547024758E-002  1.425274947446697E-002
   36462.8960172967       4.467061328806174E-002  1.367153420770377E-002
   175047.281813984       4.425111395267731E-002  1.309046491253067E-002
   75496.8810423574       4.383162480264271E-002  1.250967553192197E-002
   163083.144448321       4.315900800772655E-002  1.320667909622482E-002
   257674.275942017       4.375596422022518E-002  1.360516681463079E-002
   127080.215570583       4.435472853306702E-002  1.400145057295501E-002
   71440.9979417496       4.495318915415941E-002  1.439642970894825E-002
   221229.550112942       4.436886400520369E-002  1.485342351941365E-002
   332810.630333456       4.378394366119974E-002  1.531167772845931E-002
   374704.276116332       4.320121456872629E-002  1.577142272669927E-002
   76551.3836556905       4.827250638311479E-002  1.683247906040556E-002
   116341.038731408       4.873226730857193E-002  1.633855686817806E-002
   66064.6314600331       4.919221746573654E-002  1.584359253903997E-002
   113370.417025608       4.965216024991918E-002  1.534938747207530E-002
   10284.4624497637       5.011159245759209E-002  1.485435848612505E-002
   146106.508407884       5.056375224425551E-002  1.533347975484949E-002
   22121.1052039133       5.101499271864927E-002  1.581259548114122E-002
   68822.2255624233       5.146714256576521E-002  1.629289513261924E-002
   5313.12236492643       5.191943194857261E-002  1.677213112769856E-002
   89802.9035802503       5.263182198575613E-002  1.603497029378455E-002
   1210.81782224967       5.213745856475199E-002  1.559928245911646E-002
   29820.3759584272       5.164193978923468E-002  1.516374179747382E-002
   57125.2114325995       5.114741578593911E-002  1.472913979321212E-002
   200618.653122326       5.065245693148412E-002  1.429383618104712E-002
   102797.286817684       5.113130750009384E-002  1.385277826394143E-002
   75674.1745178189       5.161057599572080E-002  1.341178002050533E-002
   80049.2488083488       5.209092404566926E-002  1.297061454736825E-002
   74904.2203474640       5.257006186659817E-002  1.252901917607056E-002
   83702.3334314097       5.136439107359776E-002  1.226905312695962E-002
   84232.7189137424       5.094020734189816E-002  1.276415100827760E-002
   60320.0381673081       5.051585006596691E-002  1.325828766313104E-002
   115852.496333507       5.009142811579602E-002  1.375255658111138E-002
   53950.3527459091       4.967562790380768E-002  1.327315185992571E-002
   17103.9567618319       4.925969722252339E-002  1.279470070542837E-002
   98241.6516200145       4.884422521041196E-002  1.231526756954881E-002
   181181.951201433       4.806487566932680E-002  1.312564965449490E-002
   81965.4143411666       4.856119388190307E-002  1.352190279786376E-002
   20778.9408916550       4.905631704389867E-002  1.391781361692728E-002
   356365.891289086       4.955105374735107E-002  1.431338338246722E-002
   195761.184975828       4.907257754500174E-002  1.478868899204349E-002
   199835.896264395       4.859378062136531E-002  1.526393234723447E-002
   140671.099965345       4.811359993065289E-002  1.573913063596930E-002
   2772.75737437290       5.336913216289383E-002  1.674729945127534E-002
   19652.6609210087       5.380617854211114E-002  1.633766130815904E-002
   1385.41320738194       5.424306874516680E-002  1.592891436256214E-002
   29538.6922787954       5.467892024781849E-002  1.551920436346714E-002
   14421.7084676213       5.511571921400399E-002  1.511043633773189E-002
   37705.1995868192       5.559857873870999E-002  1.550301144072572E-002
   22362.5969325308       5.608245548408273E-002  1.589660645818641E-002
   9039.27213850964       5.656532498574768E-002  1.628926763514235E-002
   13082.8181403323       5.704928204353733E-002  1.668291774975979E-002
   32461.6152905918       5.763276143576336E-002  1.607855888348645E-002
   28344.9077212133       5.722258001707355E-002  1.560870611959551E-002
   10820.2047888683       5.681340081239731E-002  1.513976091683537E-002
   5646.87949618433       5.640316246742493E-002  1.466981270498942E-002
   4512.14873031452       5.599385621840602E-002  1.420088105201661E-002
   3911.45238204972       5.638716690936411E-002  1.376282494591292E-002
   7242.49188246913       5.678143392493025E-002  1.332572740738017E-002
   34114.6387539823       5.717465783262912E-002  1.288766422706668E-002
   33658.5564926309       5.756883067975561E-002  1.245055250759102E-002
   14112.6045844465       5.635437172773401E-002  1.209613587045379E-002
   34006.4839081604       5.593065860101285E-002  1.250474033275520E-002
   37726.3799009203       5.550794526882376E-002  1.291427647265272E-002
   18291.7083965016       5.508420198758879E-002  1.332278745422302E-002
   28676.8866934394       5.464428200891745E-002  1.292942636125142E-002
   12080.5031287058       5.420425733354345E-002  1.253513563551870E-002
   40164.9483549797       5.376427512681791E-002  1.214178869746948E-002
   2660.00490700710       5.297949426843771E-002  1.295489244206047E-002
   33400.3936500068       5.338806154266619E-002  1.338065929152034E-002
   2498.86355062827       5.379756687058745E-002  1.380651259642026E-002
   33715.9660458607       5.420616272008588E-002  1.423233299462874E-002
   17194.4763210327       5.381304660304062E-002  1.468327134013284E-002
   41425.5477561448       5.341897482837774E-002  1.513323857712625E-002
   35282.5472458664       5.302587999904784E-002  1.558410057966311E-002
   2019.95247763732       5.823710325324760E-002  1.666190371166685E-002
   3174.94106528345       5.870552634640796E-002  1.616949361560954E-002
   9917.86132805891       5.917283693404417E-002  1.567704129839549E-002
   2887.44989567892       5.964113260275749E-002  1.518458984837599E-002
   8695.92612745442       6.010842933695659E-002  1.469219674128341E-002
   3447.05608443861       6.054292157293709E-002  1.516853512851878E-002
   5380.05295419753       6.097641535060705E-002  1.564492319564359E-002
   586.019357338030       6.141094008179240E-002  1.612128332691477E-002
   7698.24394271870       6.184449562361087E-002  1.659764772873356E-002
   15561.2040836921       6.262813842079731E-002  1.578552845742101E-002
   18681.4589027446       6.213668648167237E-002  1.536924928278298E-002
   14926.9311114152       6.164523503560039E-002  1.495193860066460E-002
   16332.4759503194       6.115380295321657E-002  1.453560821471199E-002
   17776.7841669460       6.066236184368248E-002  1.411825009660858E-002
   1304.49317794629       6.113856514071253E-002  1.367458961285383E-002
   2386.32806265329       6.161465583202478E-002  1.323189128506496E-002
   18388.6983216623       6.209071102577676E-002  1.278823874434864E-002
   11255.1113532031       6.256679514439109E-002  1.234564845538995E-002
   9428.73359392020       6.136601798228680E-002  1.208916408233490E-002
   5900.91576414590       6.093980763961410E-002  1.258096594547588E-002
   12874.2752971656       6.051462396905979E-002  1.307271110878204E-002
   34950.4851197678       6.008845701810171E-002  1.356441796040376E-002
   34673.2515095504       5.964914273280154E-002  1.308810894872564E-002
   7074.28499253063       5.921080604946250E-002  1.261169287338586E-002
   661.319917394316       5.877140781413637E-002  1.213527098173778E-002
   37324.3120489488       5.806022295298306E-002  1.287189784033131E-002
   29835.6824319261       5.855161897151964E-002  1.329431528582744E-002
   7152.74523792494       5.904300531491202E-002  1.371580767909570E-002
   8869.47938582789       5.953451127900066E-002  1.413829997100677E-002
   9208.88177824666       5.905902941106174E-002  1.462288494865503E-002
   2139.22109844977       5.858360809997402E-002  1.510847349500768E-002
   4110.14638243615       5.810816686058498E-002  1.559301897757345E-002
   4552.01752384067       6.344025175231133E-002  1.656908409355657E-002
   3407.60553586729       6.385804002757296E-002  1.616050175792314E-002
   3722.39747390554       6.427677615121535E-002  1.575188342125390E-002
   2420.73099053929       6.469450619934350E-002  1.534330199818892E-002
   6745.79834866766       6.511324100672768E-002  1.493473279133053E-002
   3768.49576299443       6.553133722065271E-002  1.532829475361550E-002
   6516.26639832751       6.594941796956419E-002  1.572189118014055E-002
   1248.33593573643       6.636751568218527E-002  1.611548512218102E-002
   4293.06337256691       6.678562169252002E-002  1.650908573657712E-002
   7113.16836930733       6.762616145522342E-002  1.563787265737734E-002
   12520.1010720351       6.721789213627763E-002  1.523413625135141E-002
   5879.91725266159       6.680963257125254E-002  1.483037223530660E-002
   6424.23965813455       6.640135972116201E-002  1.442660541931844E-002
   13091.9568826395       6.599309610475677E-002  1.402281686700842E-002
   6214.85146906822       6.638552143662328E-002  1.353866088569165E-002
   5349.39984927499       6.677788208541807E-002  1.305447303220443E-002
   2941.63678326862       6.717021637357379E-002  1.257029205572139E-002
   1760.61707928131       6.756254841682005E-002  1.208615847249085E-002
   5400.81051470182       6.649029237565840E-002  1.191445115258459E-002
   3669.44163657998       6.602059990931530E-002  1.232401150913928E-002
   6513.75511356269       6.555091150041811E-002  1.273353478150693E-002
   17153.2118075737       6.508122898514186E-002  1.314303964819120E-002
   19316.4177796720       6.463920353990636E-002  1.274988573825527E-002
   14700.9976710386       6.419819390552632E-002  1.235665668335379E-002
   827.695228092967       6.375616221700736E-002  1.196342504952650E-002
   21324.9656042097       6.297540360849621E-002  1.277241597098320E-002
   6477.67520358483       6.338402546338352E-002  1.320023996548581E-002
   486.148188711625       6.379266363030894E-002  1.362707368305297E-002
   12417.5584582788       6.420135030363781E-002  1.405491295304693E-002
   8069.53091320929       6.380803166105661E-002  1.448807751870689E-002
   2130.86983396930       6.341471418609167E-002  1.492023950969838E-002
   381.674733040036       6.302142405545191E-002  1.535338467035369E-002
   2449.65582009745       6.849735880753151E-002  1.647835028362240E-002
   1827.59502506524       6.890075904037317E-002  1.605002192829117E-002
   2573.81855001428       6.930414573440016E-002  1.562267986991585E-002
   516.579772053147       6.970750992580019E-002  1.519434713321076E-002
   2963.23293557192       7.011089631854583E-002  1.476703451721973E-002
   790.280366343937       7.048236409796965E-002  1.518043138101878E-002
   2050.98718994648       7.085384142144287E-002  1.559484745712856E-002
   2148.38675255626       7.122530987536699E-002  1.600826233155251E-002
   1962.99712499272       7.159579604080320E-002  1.642270098334523E-002
   922.089731411845       7.262189565559360E-002  1.535912212905818E-002
   4430.62461174981       7.219446028681024E-002  1.500373460891866E-002
   1157.89044899187       7.176801287964030E-002  1.464731527895670E-002
   1451.80799191959       7.134055800745150E-002  1.429091371150321E-002
   6770.19542101682       7.091410607535975E-002  1.393448232691192E-002
   2830.50490608412       7.132737132664774E-002  1.355498136782598E-002
   407.828059935201       7.174162173143764E-002  1.317546438760385E-002
   641.453585415204       7.215488483803696E-002  1.279697256868587E-002
   496.247901309797       7.256914151805358E-002  1.241748762625903E-002
   3407.86450474063       7.117374383768198E-002  1.185044120981503E-002
   2415.87120334112       7.081033723511175E-002  1.227705275513604E-002
   804.530669849235       7.044595960674746E-002  1.270468022698090E-002
   5085.87629807408       7.008157023827606E-002  1.313130054155589E-002
   6590.43831808286       6.959714896795720E-002  1.271992643639229E-002
   6750.65272568763       6.911272793375514E-002  1.230751099003639E-002
   4151.74847466578       6.862831355657278E-002  1.189608182847592E-002
   9618.74352125444       6.799198547309450E-002  1.255554079788744E-002
   282.167608272584       6.842041802760850E-002  1.302498010672714E-002
   2053.78688817308       6.884987503903391E-002  1.349440181366289E-002
   9738.54267512563       6.927834764802986E-002  1.396384289220214E-002
   4702.87638326554       6.886578789636412E-002  1.438235024348303E-002
   1378.10609252123       6.845223800581395E-002  1.480087069390044E-002
   733.861324828887       6.803969290302231E-002  1.521936200296652E-002
   731.499610197321       7.368546775270332E-002  1.638520356554897E-002
   1576.22839670372       7.403966075367312E-002  1.589076169664530E-002
   1043.52444941172       7.439486363104382E-002  1.539729761122220E-002
   605.082462657620       7.475004364294767E-002  1.490283330056568E-002
   958.749080100124       7.510522484686213E-002  1.440837867434349E-002
   446.180897901383       7.557389896422843E-002  1.488805219224196E-002
   259.014892269029       7.604257122279023E-002  1.536773227391460E-002
   1759.18877332783       7.651022930344988E-002  1.584643029905265E-002
   310.137116395043       7.697890829332599E-002  1.632610975300901E-002
   694.573441503510       7.762794741693196E-002  1.565335910873695E-002
   918.820261058605       7.713177875550976E-002  1.520218549937385E-002
   352.324766877687       7.663663085088399E-002  1.475198690149063E-002
   529.488540475868       7.614046327157813E-002  1.430080443821740E-002
   2761.61235379527       7.564429332168807E-002  1.384962038981331E-002
   1806.71045246795       7.612463137177299E-002  1.341792780901185E-002
   206.183681351318       7.660496666532791E-002  1.298623820610665E-002
   812.113492879559       7.708430130530364E-002  1.255456973896990E-002
   1092.42959212150       7.756464139687892E-002  1.212289297035830E-002
   1406.08076966802       7.632810124597268E-002  1.182501413306270E-002
   1760.80890800986       7.591389773503253E-002  1.231952786361514E-002
   555.605821554703       7.549971715609716E-002  1.281504304264338E-002
   423.552667019694       7.508553733861541E-002  1.331055483031697E-002
   428.498708435168       7.470485690712325E-002  1.282930175166214E-002
   245.750346727731       7.432417936054166E-002  1.234803585087144E-002
   2818.68133173980       7.394451188885751E-002  1.186775402375721E-002
   2539.35073458056       7.306372848064442E-002  1.278067695372968E-002
   168.629180321640       7.355729104543689E-002  1.314289706789155E-002
   114.521320238417       7.405187534422637E-002  1.350610137309479E-002
   5400.25490562391       7.454646225897991E-002  1.386931321115014E-002
   1336.57642363581       7.406507137300609E-002  1.424202856644886E-002
   230.753983554323       7.358368437059001E-002  1.461473714171178E-002
   583.607660893177       7.310329870779594E-002  1.498742225671391E-002
   335.885999749823       7.830069819560018E-002  1.630239857333249E-002
   51.6563977025279       7.875355578725220E-002  1.590020931048877E-002
   947.205883947575       7.920539666417721E-002  1.549704104719199E-002
   582.658974540232       7.965825517762003E-002  1.509485608065652E-002
   190.192813922698       8.011111662535347E-002  1.469267554611379E-002
   56.7236454695186       8.050011640201643E-002  1.507976848618800E-002
   477.754054094290       8.088911798970053E-002  1.546685860512400E-002
   361.435832192906       8.127913655599421E-002  1.585493096369107E-002
   713.247800362770       8.166813607191030E-002  1.624202201987339E-002
   1233.43408634003       8.262157938119770E-002  1.525377638221979E-002
   631.559365985996       8.222079458664090E-002  1.487889846211235E-002
   516.528024164627       8.181899245228293E-002  1.450303859243810E-002
   768.405687193870       8.141820869525300E-002  1.412816068827492E-002
   469.254796700014       8.101742299863991E-002  1.375328506712887E-002
   194.423793440464       8.140438821179616E-002  1.335729019594451E-002
   205.048132273150       8.179137538710204E-002  1.296229662812432E-002
   1421.58780759638       8.217934485590192E-002  1.256628342785622E-002
   1105.98801853629       8.256633466417303E-002  1.217128826956209E-002
   246.106845620683       8.122265756097471E-002  1.164327392631108E-002
   767.021920149686       8.084079426820583E-002  1.204517702878885E-002
   970.132732973731       8.045991292719379E-002  1.244606459663565E-002
   1165.36288919978       8.007803021402428E-002  1.284697066960216E-002
   1502.64883627292       7.964803314979670E-002  1.246061610665699E-002
   515.044114327127       7.921803889019602E-002  1.207425845861239E-002
   961.086046221806       7.878802618878586E-002  1.168690198600688E-002
   867.848495605739       7.796616157085923E-002  1.253876576290926E-002
   1082.23642452301       7.836868064369303E-002  1.295462108207267E-002
   333.121028631134       7.877020089194950E-002  1.337049278514202E-002
   1518.98961070388       7.917171779385898E-002  1.378636690860934E-002
   434.335212818684       7.878602771089684E-002  1.425336049690381E-002
   573.805354089707       7.840033811160819E-002  1.472035373235332E-002
   250.725970357965       7.801363376641138E-002  1.518636642229323E-002
   178.062795961118       8.360982434907197E-002  1.620722744003625E-002
   164.445733864541       8.398575803465884E-002  1.586543797944166E-002
   518.868607086811       8.436271301907923E-002  1.552463268186382E-002
   278.910517069036       8.473865020370210E-002  1.518284462797371E-002
   359.187696746315       8.511460508351577E-002  1.484205532623577E-002
   91.5473218101621       8.547652947351225E-002  1.516962756269327E-002
   406.821642288525       8.583847403307195E-002  1.549819669768631E-002
   291.636255051031       8.620039994347276E-002  1.582576658465186E-002
   196.318249089262       8.656334288341827E-002  1.615431878249043E-002
   769.939202235165       8.761891635344177E-002  1.506023682219744E-002
   509.151764518367       8.727757425349918E-002  1.470929409051154E-002
   389.504116290358       8.693725018637115E-002  1.435933326164982E-002
   686.838176568375       8.659592694206976E-002  1.400939007605534E-002
   996.305125470762       8.625560093458047E-002  1.365943163232033E-002
   77.3839508209170       8.658153742073550E-002  1.320652280461362E-002
   298.719893741339       8.690846180994091E-002  1.275259964646769E-002
   526.754993579880       8.723440562161068E-002  1.229969340758650E-002
   530.553588005180       8.756133245228707E-002  1.184576691322776E-002
   186.969801826369       8.639680198355232E-002  1.149156002239654E-002
   913.212393466579       8.595585237276228E-002  1.183350816310064E-002
   836.823327312334       8.551392109725341E-002  1.217647704550164E-002
   1842.19584537455       8.507296945671165E-002  1.251842704177310E-002
   2051.53508482640       8.467804295543349E-002  1.219144970385165E-002
   1512.62461103897       8.428409853129674E-002  1.186345651012126E-002
   542.820667459532       8.388917332386728E-002  1.153648240105692E-002
   1760.76642707324       8.290823715638344E-002  1.255322471117093E-002
   757.154845804015       8.324915780838286E-002  1.293617566934258E-002
   105.356840091525       8.359105848169722E-002  1.331810822710078E-002
   399.435766806196       8.393197485534507E-002  1.370105869238710E-002
   258.079617040653       8.360487183610668E-002  1.408897867212719E-002
   46.1257640412338       8.327676908263515E-002  1.447691716332011E-002
   229.993091042227       8.294968432088841E-002  1.486583859494735E-002
   108.996724484499       8.871299808780946E-002  1.611581481583385E-002
   34.8946928138055       8.906270402318470E-002  1.570548677543420E-002
   171.124363149177       8.941141257702648E-002  1.529517810536338E-002
   132.263742011173       8.976010332794837E-002  1.488386902570264E-002
   315.720928489682       9.010881224086162E-002  1.447355913174878E-002
   131.489395792828       9.039600258416124E-002  1.487248094423601E-002
   199.440977547789       9.068321146314290E-002  1.527240120542082E-002
   35.2502345686286       9.097040175207338E-002  1.567132178170777E-002
   118.376976149390       9.125759197434287E-002  1.607024208501395E-002
   307.616105091798       9.261265756450981E-002  1.466575114064012E-002
   487.375530643737       9.220370748919844E-002  1.439303048274398E-002
   338.704273700519       9.179475713567252E-002  1.412031049204713E-002
   386.662426390701       9.138480737691861E-002  1.384760839796017E-002
   393.188207328698       9.097585696598585E-002  1.357488957262748E-002
   118.712607818446       9.137402534020522E-002  1.324570842586190E-002
   246.563810606408       9.177321340610929E-002  1.291750955856667E-002
   349.780267881199       9.217138403210708E-002  1.258832795654399E-002
   191.381784529777       9.256957170408490E-002  1.226014426920662E-002
   140.471380728457       9.102031309266324E-002  1.147776046534527E-002
   32.8335557319432       9.070559879209937E-002  1.188745996590629E-002
   254.496270995618       9.039190148894501E-002  1.229814179672359E-002
   795.387214246037       9.007718512139266E-002  1.270784171795468E-002
   991.611083090563       8.962301834091119E-002  1.231191122753491E-002
   720.995837384624       8.916783321035136E-002  1.191500112660628E-002
   92.5332718404112       8.871366664269441E-002  1.151907405880363E-002
   964.641895571816       8.797329479183723E-002  1.228645994707266E-002
   325.899565936549       8.838523920653289E-002  1.272615067531576E-002
   34.5600532199453       8.879819986389578E-002  1.316682284940690E-002
   351.482302531557       8.921014101658843E-002  1.360651321412409E-002
   171.708427906363       8.881258112289861E-002  1.396968919094841E-002
   109.854896958862       8.841402073799150E-002  1.433288336599748E-002
   39.4056331845304       8.801646029204784E-002  1.469606062437643E-002
   67.1406193710225       9.401714908089776E-002  1.602081899109976E-002
   26.5726600714362       9.429078241023914E-002  1.566286193750814E-002
   50.1878256644930       9.456443455979306E-002  1.530590519687982E-002
   96.2892549039403       9.483806899901508E-002  1.494794846602160E-002
   179.793852802746       9.511172095966410E-002  1.459099074382790E-002
   102.898341162063       9.555995375614289E-002  1.493501931254416E-002
   88.5787935826999       9.600820456960729E-002  1.528004742836781E-002
   27.6697369340881       9.645643739526592E-002  1.562407555952781E-002
   33.9200888075801       9.690468812308280E-002  1.596910324117966E-002
   29.5611355871467       9.762346209202839E-002  1.522411231847799E-002
   78.2031392502668       9.726260329999376E-002  1.478850462519401E-002
   26.1170171562008       9.690274432428737E-002  1.435287935577603E-002
   53.5835385879909       9.654188575960358E-002  1.391727194812671E-002
   150.999723659935       9.618202719982036E-002  1.348164661325802E-002
   66.5225045276336       9.652548230245354E-002  1.300141961693855E-002
   18.9928660267303       9.686993777103832E-002  1.252117494933891E-002
   25.2963960091733       9.721339374306243E-002  1.204094818147544E-002
  0.483165601326924       9.755783161191020E-002  1.155970303304299E-002
   24.1270768177044       9.647552760658951E-002  1.132904655365616E-002
   82.9324170472768       9.600790662956185E-002  1.168947762928153E-002
   129.100583210269       9.554030347369533E-002  1.205090887447728E-002
   205.874205385582       9.507268238920076E-002  1.241134048376362E-002
   162.131062327061       9.474442995052978E-002  1.206516320593319E-002
   114.162465121713       9.441715914484050E-002  1.171796913902908E-002
   135.136924764579       9.408890693696770E-002  1.137179284117098E-002
   346.372273741030       9.292826413209178E-002  1.257477137631470E-002
   132.499918086118       9.328597483604945E-002  1.289041544725750E-002
   49.0537962208095       9.364466703040043E-002  1.320504164363120E-002
   297.938158868937       9.400237736702743E-002  1.352068491660613E-002
   12.4106052371499       9.365544741106155E-002  1.380694196459870E-002
   77.6635210719005       9.330751782950629E-002  1.409321759160365E-002
   123.780863012299       9.296058791559640E-002  1.437947557927172E-002
   216691.307296256      -1.592951449809616E-003  2.248608720618215E-002
   447650.835181628      -1.191542744810826E-003  2.210157086338053E-002
   849212.045717351      -7.899979698696182E-004  2.171771090432152E-002
   1519711.30582775      -3.878653110167892E-004  2.133189590315710E-002
   836693.554511247       1.548106490343386E-005  2.094709348108475E-002
   2124313.03103712       5.616137320572797E-004  2.133018380374516E-002
   1435770.60715209       1.109289061813290E-003  2.171169069012261E-002
   1401701.13571683       1.659775711986894E-003  2.208632175115936E-002
   301822.417398918       2.207947721292871E-003  2.245835946108490E-002
   1790504.27770847       2.546110672746390E-003  2.210858788397278E-002
   137259.338607193       2.144167385820922E-003  2.157797904235392E-002
   459510.270571368       1.749067708481090E-003  2.104945459061787E-002
   1171694.48775636       1.357478109855023E-003  2.051932203145223E-002
   204263.330265600       9.729662252488659E-004  1.998504548713140E-002
   620109.213170209       1.359870281109162E-003  1.960998652485323E-002
   1070048.43572905       1.748828584648412E-003  1.923518316871577E-002
   2004771.23671643       2.137021655306401E-003  1.885770270450680E-002
   1510126.49455010       2.527775359483827E-003  1.848028186897289E-002
   65116.4537123781       1.155289642784065E-003  1.787411800649647E-002
   734273.749788280       7.760973083663587E-004  1.825713271923922E-002
   1213222.40155745       3.970695968120975E-004  1.864209093158905E-002
   586147.743611245       1.668965532488254E-005  1.902766190954513E-002
   1207872.75242340      -4.450366029651405E-004  1.864384754458322E-002
   660615.075552803      -9.049683785546856E-004  1.825854935568434E-002
   209349.096167721      -1.366262805002254E-003  1.787569943890141E-002
   1326849.16223940      -2.491901291161515E-003  1.816486861254642E-002
   435499.013926508      -2.102732254667473E-003  1.862141952087439E-002
   5957.19121512375      -1.714672422979889E-003  1.907652477147608E-002
   477377.428364411      -1.326646247045641E-003  1.953074742913632E-002
   583851.878897740      -9.429225125942402E-004  1.998807598532098E-002
   333852.022588603      -1.328293512213208E-003  2.038676481778359E-002
   929181.368540172      -1.717272361368884E-003  2.078450499951119E-002
   1353129.11637955      -2.105742152464392E-003  2.118323111989102E-002
   1684445.91743320      -2.495078934444637E-003  2.158478436410898E-002
   1405205.79000861       2.892737549543045E-003  2.244921194794188E-002
   427638.088142887       3.431596744019254E-003  2.199184128526836E-002
   919675.218434889       3.977197718094882E-003  2.153447416392187E-002
   1673083.26631370       4.522064067170954E-003  2.107353241052317E-002
   953747.766007393       5.064043973934283E-003  2.060630288118562E-002
   1309083.43285392       5.540648833256443E-003  2.106415154755856E-002
   411740.588599202       6.017633445072956E-003  2.151742255805710E-002
   193066.705781349       6.493448106669647E-003  2.196972961893945E-002
   1095217.52958262       6.963120214311062E-003  2.242278194567894E-002
   1686020.10744098       7.594383025939843E-003  2.177775453531994E-002
   945928.505083465       7.121098503924185E-003  2.131870296807994E-002
   569746.540066898       6.647145464418791E-003  2.086133470716615E-002
   265336.191619832       6.175558128435029E-003  2.040585385550669E-002
   328045.738186650       5.707201561213834E-003  1.994927982820189E-002
   597526.913110806       6.168310199034535E-003  1.957748374438252E-002
   977445.308888104       6.632386865950976E-003  1.920676137147633E-002
   1712539.48910874       7.097753488689906E-003  1.883262434949276E-002
   1154795.47426178       7.562283313626122E-003  1.845688016102363E-002
   313874.313808603       6.176513356528125E-003  1.791512048475583E-002
   476351.753669079       5.803074794009555E-003  1.837648570924659E-002
   1148080.47894474       5.428968663844777E-003  1.883808482798121E-002
   1244502.86014495       5.052218966048812E-003  1.930308053637710E-002
   1427836.77378306       4.663746864412770E-003  1.884535946623998E-002
   6593.66563352126       4.278816387932039E-003  1.839028784160908E-002
   39074.2138885088       3.894784540583806E-003  1.793531265385495E-002
   1536533.14706136       2.998828099023771E-003  1.885318037277524E-002
   1510894.52546414       3.470120460044060E-003  1.922516848472364E-002
   435777.228480155       3.940805352193119E-003  1.959276839485179E-002
   35457.6816510465       4.408734801181643E-003  1.996111836055441E-002
   663624.727720510       3.949569614186847E-003  2.049869644497182E-002
   153665.079338033       3.485067508582673E-003  2.103285066510145E-002
   1008466.28743773       3.015348917326790E-003  2.156701979071796E-002
   609150.346716302       8.235926589074306E-003  2.241279733006214E-002
   432469.871682432       8.698480578769766E-003  2.196090476155755E-002
   695327.155702194       9.166743903534889E-003  2.150982219959219E-002
   1615452.24778657       9.635387968651779E-003  2.105574785409767E-002
   895895.412548454       1.010277119473648E-002  2.059824505505386E-002
   919465.715276710       1.045264476892698E-002  2.104411779105065E-002
   72065.6188784470       1.080159915924440E-002  2.149006333613994E-002
   45493.9345451562       1.114853665297581E-002  2.193520249136268E-002
   1063990.88359818       1.149158128337011E-002  2.238255126012078E-002
   1637007.74509928       1.262227779079864E-002  2.122308679857940E-002
   989786.027704024       1.216069656350879E-002  2.089114396362069E-002
   1057653.52653978       1.170025575834951E-002  2.055889734582503E-002
   326098.101076691       1.123942359000565E-002  2.022800390181851E-002
   181615.181839775       1.078203812668059E-002  1.989838156088989E-002
   272050.746496424       1.122811215326482E-002  1.940913155836111E-002
   215862.745567018       1.167973942553997E-002  1.892154472848066E-002
   1079195.36171698       1.213367743379402E-002  1.843403800893395E-002
   802355.962582255       1.258765795908025E-002  1.794175119370363E-002
   30015.0688804849       1.154872516202579E-002  1.785142073184145E-002
   750358.753535131       1.106125249923952E-002  1.830430015260180E-002
   1228657.65764978       1.057213041672598E-002  1.875969189143343E-002
   894151.189245338       1.008421252554895E-002  1.921784195440614E-002
   794871.117226153       9.700415064049103E-003  1.877227576665622E-002
   72857.8610930354       9.319185140426518E-003  1.832758394944655E-002
   312909.261052641       8.939039835650123E-003  1.788332548214167E-002
   1376345.24193418       8.023911284740785E-003  1.882510317514755E-002
   1146698.59455522       8.485539455930509E-003  1.919160958017236E-002
   429958.507577502       8.947200643713035E-003  1.955444976270072E-002
   342703.736798235       9.405681076950350E-003  1.991714744415474E-002
   565362.743360830       8.958910997679365E-003  2.038275650073296E-002
   310081.532458373       8.506038533843673E-003  2.084659082110111E-002
   752461.155079717       8.050861506327360E-003  2.131163722937523E-002
   518636.045657959       1.377686889628447E-002  2.235942412281049E-002
   290605.436980779       1.411111417988169E-002  2.196062062511488E-002
   211923.356477898       1.444901680749383E-002  2.156470023560973E-002
   885054.474141374       1.478833460760512E-002  2.116665193556574E-002
   723643.340094929       1.512740393322180E-002  2.076740174704904E-002
   1268878.66930797       1.561015113732377E-002  2.115967955304198E-002
   705281.163958255       1.609228951524191E-002  2.155023533903859E-002
   629951.229895682       1.657582407886538E-002  2.193737787191435E-002
   542919.713341703       1.705672453498729E-002  2.232539177838150E-002
   1168657.11503254       1.764978692390620E-002  2.171469208663263E-002
   356129.152054303       1.724204559304272E-002  2.124670573701648E-002
   58598.1399093698       1.683725604338560E-002  2.077941483050450E-002
   498448.630987014       1.643313613863136E-002  2.031350109609753E-002
   164710.323112088       1.603214661626215E-002  1.984503318102876E-002
   243401.940397297       1.642615831088962E-002  1.945335886580320E-002
   559217.913029559       1.682161720679942E-002  1.906150915525281E-002
   968899.483075203       1.721646262909537E-002  1.866952583229619E-002
   662354.858087356       1.761215669707190E-002  1.827489808146695E-002
   173716.836124852       1.627518950870580E-002  1.774314024488583E-002
   234649.784833934       1.588878129857471E-002  1.814058026285960E-002
   581717.932192214       1.550039297439552E-002  1.853959428634691E-002
   658415.235612025       1.511134053881235E-002  1.893948471332227E-002
   1112077.38668614       1.461576824594157E-002  1.854703545611513E-002
   739414.291600434       1.411907173190928E-002  1.815750537309150E-002
   260958.090868944       1.362340631456287E-002  1.777140828149346E-002
   583237.631098229       1.299582915870855E-002  1.842330005696920E-002
   46971.7476670422       1.340150563381722E-002  1.890170821239223E-002
   495415.154335647       1.380588521682782E-002  1.938096359444269E-002
   344385.099326815       1.420752763332616E-002  1.986130751551351E-002
   162296.077552049       1.381268334527834E-002  2.020069360785608E-002
   727674.108168921       1.341622265347690E-002  2.054136083692902E-002
   753202.455626602       1.302069714634079E-002  2.088265749101782E-002
   383752.173115711       1.825806150996620E-002  2.230990757042011E-002
   346673.436542445       1.872861550430232E-002  2.189031538307814E-002
   500337.361222224       1.920224290017513E-002  2.147220415804742E-002
   887223.613464169       1.967512470575287E-002  2.105154599305420E-002
   555521.727679452       2.014839815325597E-002  2.062978722439631E-002
   889473.279011204       2.069271766856990E-002  2.103839991412842E-002
   446656.903332627       2.123687469046033E-002  2.144629646308385E-002
   280959.188166491       2.178278197668155E-002  2.185049110682576E-002
   1348950.08200942       2.232555674021549E-002  2.225510034869226E-002
   1086042.14127573       2.267781595640552E-002  2.189229793841565E-002
   257898.518549822       2.224793150855323E-002  2.136423235110544E-002
   114518.466570682       2.182063936049336E-002  2.083811819372346E-002
   536427.686094413       2.139443731897920E-002  2.031270052642889E-002
   81469.3703112043       2.097225820003334E-002  1.978434240365083E-002
   374573.787186740       2.138427383786233E-002  1.939871222948965E-002
   613223.154737731       2.179857121286342E-002  1.901286717619720E-002
   1015028.45420289       2.221202413514353E-002  1.862589828709211E-002
   617057.320901619       2.262656320573329E-002  1.823792097685189E-002
   121892.869480114       2.126472576492068E-002  1.770009841423974E-002
   275534.096231248       2.088676077573190E-002  1.811919460654918E-002
   580582.630593540       2.050796655624689E-002  1.853979658473666E-002
   539284.291868321       2.012848565952053E-002  1.896020836424693E-002
   733509.792358362       1.973027383005863E-002  1.854981295113874E-002
   180199.352930601       1.933259286675340E-002  1.813950433250065E-002
   49408.4883202714       1.893653961505765E-002  1.773106440059736E-002
   603112.151280545       1.803706744496502E-002  1.865879514328552E-002
   416213.537264700       1.846032529070792E-002  1.904109063475339E-002
   72043.7406688365       1.888420969601542E-002  1.942321611246909E-002
   219380.671178889       1.930528498862482E-002  1.980551326477173E-002
   169305.646023252       1.889433407507770E-002  2.028269876438074E-002
   257646.997948825       1.848029300582267E-002  2.075836881796533E-002
   579685.656005055       1.806600543851715E-002  2.123579835105703E-002
   307039.216134263       2.303911196091263E-002  2.224681338491155E-002
   743978.620967544       2.357292308352529E-002  2.196965222444828E-002
   633232.933230982       2.410797075293391E-002  2.168971847627843E-002
   662738.712922545       2.464112405649784E-002  2.140897156925936E-002
   374348.046140957       2.517456679978613E-002  2.112607274415862E-002
   471287.019599249       2.556465978424058E-002  2.139508409196234E-002
   310518.684225599       2.595448504803828E-002  2.166314587152832E-002
   378497.862594909       2.634453497396030E-002  2.193161402246924E-002
   40830.1718877862       2.673379670264902E-002  2.219940555882555E-002
   419024.518105736       2.767889412368647E-002  2.122345101802141E-002
   59082.6404020006       2.739771765589992E-002  2.084360767288714E-002
   36302.2902909941       2.711644806015070E-002  2.046336277124539E-002
   123979.468615184       2.683627452184801E-002  2.008336266506262E-002
   82668.0789662656       2.655584027106128E-002  1.970297142678454E-002
   50555.0201959318       2.682518989128510E-002  1.934531537954852E-002
   94259.0453853725       2.709441775391764E-002  1.898807811869967E-002
   273589.038473283       2.736482480534202E-002  1.862958942043538E-002
   279384.207036220       2.763444022947259E-002  1.827175289251562E-002
   188253.902971589       2.618555368204972E-002  1.748315090234158E-002
   334654.989028512       2.583400891744727E-002  1.776275174110972E-002
   380521.074660366       2.548341609596638E-002  1.804176350689133E-002
   441239.499304173       2.513238488228581E-002  1.832161931984979E-002
   601378.091258010       2.474518633863733E-002  1.805221973558685E-002
   468746.439680917       2.435769737371876E-002  1.778482874473316E-002
   439750.817008093       2.397028065824421E-002  1.751711114706837E-002
   365648.392997315       2.290884726750575E-002  1.861461340175964E-002
   200936.726590863       2.319081758379416E-002  1.899157435255647E-002
   8182.65530248194       2.347137086045736E-002  1.936815406454164E-002
   284533.833022469       2.375273413932176E-002  1.974437256764938E-002
   386639.072081814       2.348563849718809E-002  2.028245371686896E-002
   291726.060093623       2.321858585954460E-002  2.081888285317911E-002
   127059.837666859       2.294923864381669E-002  2.135578618104419E-002
   138341.426937739       2.865365130261739E-002  2.216885268294835E-002
   8026.68096228286       2.903107873634920E-002  2.167464999472012E-002
   54270.6055974093       2.940960049213146E-002  2.118089432509263E-002
   435719.168304510       2.978865957080697E-002  2.068685550734329E-002
   288167.552360005       3.016824473257393E-002  2.019109924328250E-002
   517972.479998395       3.063866275607638E-002  2.067307328311814E-002
   79207.9401797469       3.110890434377112E-002  2.115299334645651E-002
   21879.3715316591       3.157758363272083E-002  2.163240458765900E-002
   295812.811212667       3.204557534066740E-002  2.211250683817671E-002
   480031.975436859       3.269583309857779E-002  2.144039235576949E-002
   361659.405630979       3.219729057928410E-002  2.098869862178476E-002
   270445.057647496       3.169862495941458E-002  2.053900779467021E-002
   91286.0988530007       3.120015057707762E-002  2.008916783112423E-002
   78924.5997399673       3.070245921279996E-002  1.963882854711016E-002
   211250.735584699       3.118631012376191E-002  1.920606325815412E-002
   315213.621697717       3.167004580741866E-002  1.877425461942318E-002
   494926.967591995       3.215372868079804E-002  1.834074683676606E-002
   305881.770491042       3.263720077025899E-002  1.790658787628237E-002
   62379.1333862087       3.140910595849035E-002  1.761795172016686E-002
   132168.487239878       3.098994998506837E-002  1.811272283380875E-002
   302404.969465799       3.057118845323819E-002  1.860765841850195E-002
   228766.460351652       3.015114616253678E-002  1.910435251559507E-002
   251895.995126369       2.978789455418052E-002  1.862050303656327E-002
   60731.8757663389       2.942541293080550E-002  1.813791763310191E-002
   55724.3502484081       2.906243842329483E-002  1.765542010147226E-002
   333894.842575703       2.812986125775513E-002  1.861827807222587E-002
   349705.105990862       2.862529893196935E-002  1.896554746111187E-002
   136279.742916308       2.912092923256628E-002  1.931104313328597E-002
   141609.252781344       2.961682168389328E-002  1.965631078421934E-002
   107943.213645209       2.913242441424187E-002  2.004764033020428E-002
   376399.855157944       2.864785636735394E-002  2.043893445477746E-002
   401458.962643708       2.816335207477343E-002  2.083097560289028E-002
   52627.8152438948       3.336718356156702E-002  2.209184931000844E-002
   289320.775901857       3.382169914454567E-002  2.172454555474288E-002
   286578.389776193       3.427618471019974E-002  2.135823037239728E-002
   457040.068094952       3.473147461535238E-002  2.099009744755081E-002
   235079.456772226       3.518666173301564E-002  2.062243055723053E-002
   387250.926626120       3.559601808791537E-002  2.097509630606332E-002
   185296.856403001       3.600613204877826E-002  2.132873136504598E-002
   196275.744981837       3.641534979366105E-002  2.168085486600491E-002
   66644.1549421526       3.682401482100786E-002  2.203409644931839E-002
   276725.314329746       3.769846474695197E-002  2.112619703286743E-002
   82596.9558714747       3.732924843188235E-002  2.073140568862237E-002
   46270.9041602185       3.696155982971011E-002  2.033647802866462E-002
   128336.346751664       3.659301933419472E-002  1.994079203346224E-002
   25837.4711857255       3.622636078654617E-002  1.954560654283731E-002
   42248.1626385716       3.658027770894794E-002  1.918575485401842E-002
   124017.654525465       3.693540485840695E-002  1.882681992178606E-002
   134402.457316705       3.728967772333915E-002  1.846682284306830E-002
   129498.406143309       3.764473781475972E-002  1.810633328777367E-002
   44123.2173142622       3.619337670789326E-002  1.740736454258119E-002
   74194.0028374144       3.584547857137156E-002  1.777318218218720E-002
   153561.796306473       3.549839004223923E-002  1.814003653746329E-002
   125902.269624230       3.515023073699509E-002  1.850610212233026E-002
   212692.724078032       3.471746016095735E-002  1.815341484401628E-002
   127471.806801577       3.428553372292116E-002  1.780027631167860E-002
   120522.824713935       3.385272637977312E-002  1.744850726370376E-002
   153957.530699414       3.300671968358727E-002  1.832588757963466E-002
   90761.6463626091       3.337473582252051E-002  1.874516975282665E-002
   13053.8294879681       3.374349611605675E-002  1.916317466094712E-002
   113460.311294890       3.411102688586447E-002  1.958209602419522E-002
   164985.433257988       3.375889444384685E-002  2.004710462245587E-002
   14540.3306057799       3.340483926732805E-002  2.051173549326683E-002
   106567.114479553       3.305126344235606E-002  2.097552302775608E-002
   61243.1334361988       3.860571345028403E-002  2.200107560778616E-002
   74923.5548739392       3.899998880815374E-002  2.157517819428028E-002
   119177.892941900       3.939489751288802E-002  2.115044394474366E-002
   208930.766200343       3.979095147333015E-002  2.072444956274813E-002
   97522.3329382806       4.018590780086172E-002  2.029791874441295E-002
   306825.404078264       4.069247891880033E-002  2.070696251182966E-002
   84904.5002374935       4.119887192393782E-002  2.111415108836556E-002
   44045.5501471028       4.170653907568288E-002  2.151869080867247E-002
   1439303.08053689       4.221246405037566E-002  2.192399345098053E-002
   814830.640345367       4.271420467415359E-002  2.139808740670657E-002
   161378.770018739       4.228218555118343E-002  2.091269371978059E-002
   276225.795360366       4.185236994560756E-002  2.042750659035966E-002
   474542.454362809       4.142282927211158E-002  1.994317619965600E-002
   277537.515412098       4.099477091992387E-002  1.945699911472410E-002
   276145.894056479       4.140653755313617E-002  1.900185896206177E-002
   206912.467741503       4.181882903536071E-002  1.854628622281047E-002
   520837.396903501       4.223103870582830E-002  1.809034413279567E-002
   400523.269057175       4.264437469415511E-002  1.763315675567397E-002
   37360.8554558915       4.148931690686365E-002  1.737043990232539E-002
   258871.637951174       4.104506656003154E-002  1.779443395178880E-002
   655108.507003150       4.060024514324163E-002  1.822001869846552E-002
   25527.1162231461       4.015627905575453E-002  1.864765317546893E-002
   133572.025359662       3.979390876513753E-002  1.823602044659573E-002
   108189.970707534       3.943308868977407E-002  1.782427898932402E-002
   187231.263336983       3.907153824179858E-002  1.741372672757964E-002
   135931.695508192       3.807046388878074E-002  1.845267112171950E-002
   49142.0885848882       3.849526909601188E-002  1.879853213379639E-002
   159659.516516436       3.892104053029026E-002  1.914291574846893E-002
   31074.5614951018       3.934606457602860E-002  1.948845915536001E-002
   32557.7971360526       3.893430387989648E-002  1.989742297501162E-002
   123472.857911272       3.852223225480729E-002  2.030748057892948E-002
   181413.060905873       3.811095153500771E-002  2.071675736306052E-002
   978324.929684288       4.323759186236703E-002  2.190214302656791E-002
   332849.171558916       4.372464158329292E-002  2.141304277483031E-002
   218139.271157111       4.421460578463036E-002  2.092508624933644E-002
   63890.1614522919       4.470441572799316E-002  2.043661553813991E-002
   129806.394985475       4.519454748722881E-002  1.994503103845214E-002
   119126.533998562       4.562326856848868E-002  2.042210265455787E-002
   26452.6929811429       4.605295123084580E-002  2.089806128894304E-002
   42285.6318739303       4.648136647591947E-002  2.137427507753487E-002
   55313.5934072625       4.691053888427689E-002  2.185066686301047E-002
   80556.5604465820       4.771222540102839E-002  2.102445724354456E-002
   89861.8000671230       4.722260250811756E-002  2.060974327255231E-002
   81599.1320094472       4.673284357628828E-002  2.019620077276743E-002
   146655.646750236       4.624295580981747E-002  1.978182957618734E-002
   350594.975704897       4.575165715271660E-002  1.936891867516214E-002
   129455.507802428       4.622715629940342E-002  1.889419747231663E-002
   157356.545588214       4.670298973166461E-002  1.842003056211508E-002
   26385.0534847887       4.717908314419293E-002  1.794554710847923E-002
   58972.8729447503       4.765502320924096E-002  1.747032581020742E-002
   191527.155345157       4.655704099010949E-002  1.734139452636678E-002
   68696.4332669669       4.609636919570340E-002  1.783043056016604E-002
   50767.6006001917       4.563553740764113E-002  1.831990928455872E-002
   379910.244229725       4.517466676565262E-002  1.881084024641044E-002
   353224.183493813       4.471323602524703E-002  1.833512219008111E-002
   128699.403245150       4.425122885225543E-002  1.786300517834521E-002
   84692.3774253238       4.379010863316956E-002  1.739148382409574E-002
   399124.842004746       4.313841277030697E-002  1.807322723237373E-002
   172397.437585437       4.363254773276045E-002  1.851194999433695E-002
   86340.2536282765       4.412595172121561E-002  1.894980142510000E-002
   677691.547330156       4.461868581294637E-002  1.938762559823668E-002
   283798.187936202       4.414284660963301E-002  1.988961436688574E-002
   95678.4969520857       4.366678805186189E-002  2.039054477907140E-002
   70090.5107800302       4.319024802421855E-002  2.089342710143412E-002
   6031.82304841050       4.853831273052640E-002  2.182640421969802E-002
   63116.1090317176       4.895370661564954E-002  2.137825862337280E-002
   75007.9559148947       4.936829316544417E-002  2.093009683790790E-002
   178444.565932865       4.978379773139871E-002  2.048162192580320E-002
   83000.3235411987       5.019825005667194E-002  2.003289466082632E-002
   151705.269031832       5.059318138568410E-002  2.046828462023295E-002
   41166.7829927859       5.098700661937834E-002  2.090352990771858E-002
   34723.8056276740       5.138178201740305E-002  2.133858085711476E-002
   58763.5684940115       5.177523496671346E-002  2.177376696611988E-002
   133669.096610609       5.271288944354353E-002  2.080343412760517E-002
   78584.6594133834       5.226395221857181E-002  2.042515791670632E-002
   64614.0084107134       5.181512118478054E-002  2.004591068245395E-002
   23693.2145893495       5.136636550593619E-002  1.966782805366334E-002
   14155.3659716491       5.091798090721170E-002  1.928862783364964E-002
   13949.0171805910       5.135260907747706E-002  1.883754832462264E-002
   25006.4314054516       5.178730354606634E-002  1.838740539775052E-002
   50107.6531442847       5.222200366983936E-002  1.793616281427164E-002
   19557.6876741230       5.265664010212091E-002  1.748473934903014E-002
   39312.6321866504       5.148301959960318E-002  1.722132616700048E-002
   13402.3168771638       5.104642444517330E-002  1.767046565305823E-002
   21779.1326757904       5.061071504124352E-002  1.811959584222472E-002
   1481.61339554822       5.017400413407737E-002  1.856886631876457E-002
   20502.2498539572       4.969862275954418E-002  1.813455408952774E-002
   49080.2082123649       4.922313541017137E-002  1.770050539015003E-002
   73577.9915938826       4.874782207456876E-002  1.726642869201486E-002
   117153.046099686       4.810475802034476E-002  1.793128667725074E-002
   20644.4991592664       4.855471292747240E-002  1.839180695803563E-002
   28348.2141427761       4.900453583791941E-002  1.885231544608016E-002
   46074.5626392601       4.945434811452526E-002  1.931272053896100E-002
   99650.9875386908       4.901935063687620E-002  1.974033453491470E-002
   13194.0992264328       4.858384241535665E-002  2.016869201327446E-002
   9675.51228023735       4.814812850487072E-002  2.059608141111834E-002
   28001.4210372267       5.368292470607904E-002  2.174141823041463E-002
   43011.7412911070       5.406185930298561E-002  2.132111390938813E-002
   48239.2341927678       5.444208268390453E-002  2.089989094527672E-002
   131284.407394250       5.482134908273918E-002  2.047952116979506E-002
   65015.8781150688       5.520166336454427E-002  2.005799154216735E-002
   123896.148409371       5.559625252363754E-002  2.046606710606928E-002
   33963.3702244135       5.598968914065525E-002  2.087318011894529E-002
   36606.3893007787       5.638416822106938E-002  2.128111879598342E-002
   24357.8401965277       5.677745782756650E-002  2.168812504698123E-002
   72437.0510768225       5.771439863867768E-002  2.071721137931461E-002
   34180.9481892524       5.729338603034689E-002  2.033871835396284E-002
   28047.9533508579       5.687146666856584E-002  1.995923150292908E-002
   41995.4317917420       5.645059206122831E-002  1.958082198181366E-002
   39133.4011122466       5.602903396600165E-002  1.920124456770292E-002
   5639.60861766160       5.643576463144534E-002  1.871807741761577E-002
   20838.4108559082       5.684140398999209E-002  1.823386513862804E-002
   25376.9622495928       5.724804792619061E-002  1.775061516592902E-002
   17328.9885724489       5.765366139403403E-002  1.726637009456175E-002
   2617.77082099324       5.657963891770276E-002  1.710526362852885E-002
   3904.35187903245       5.611097162692356E-002  1.752854872109010E-002
   12714.4659374126       5.564126000836325E-002  1.795081550241818E-002
   14744.9668089227       5.517258966036389E-002  1.837409492670729E-002
   3517.37770912819       5.472145980804267E-002  1.796678349977712E-002
   1752.97120346863       5.427128003882443E-002  1.756061075531233E-002
   6021.71223443748       5.382012740686726E-002  1.715347946074054E-002
   13385.2180257233       5.307836802287269E-002  1.792148200483002E-002
   2087.11781034191       5.350106162524167E-002  1.835817002014300E-002
   1117.19285380370       5.392269218684771E-002  1.879384212812997E-002
   24753.1358951569       5.434535867570474E-002  1.923042860938634E-002
   16473.4400968938       5.393703571778981E-002  1.962417000783515E-002
   53714.7753454658       5.352940257682007E-002  2.001682597828238E-002
   69388.9029567368       5.312072832913330E-002  2.041063513492349E-002
   10647.1904128690       5.868515601271480E-002  2.165430771774127E-002
   27851.3348319281       5.906471686945731E-002  2.128760887131071E-002
   27473.2726322391       5.944544163406956E-002  2.092194530648082E-002
   57067.6729723613       5.982515497777857E-002  2.055523148238128E-002
   27762.6229830601       6.020591563547970E-002  2.018946277210258E-002
   53043.5773099415       6.058539653637317E-002  2.054171499956436E-002
   19056.6270875261       6.096382397346121E-002  2.089503067632505E-002
   23002.8372253269       6.134325854206655E-002  2.124725929121710E-002
   5526.91803024929       6.172164790472520E-002  2.160052533643997E-002
   28616.2164026387       6.271341398836494E-002  2.057253459807293E-002
   7099.23806261952       6.234672931714170E-002  2.020709654978828E-002
   5879.56464059052       6.198108859567101E-002  1.984061601714828E-002
   20871.6702354998       6.161446921574269E-002  1.947518934985441E-002
   16593.7942756006       6.124897144727590E-002  1.910865130518642E-002
   2981.16371311521       6.160039131139387E-002  1.867634810140732E-002
   12915.1484123693       6.195279613446257E-002  1.824499349527921E-002
   14554.5882511607       6.230419014402545E-002  1.781265242502931E-002
   10527.8204790846       6.265659637595536E-002  1.738127740122823E-002
   4843.95655898898       6.142597424980924E-002  1.696516333812544E-002
   5536.84699834078       6.100642018949806E-002  1.733168963996515E-002
   11886.4205235069       6.058786837634920E-002  1.769918663928201E-002
   3617.47152190766       6.016832208988672E-002  1.806573366160574E-002
   2683.57122400322       5.968602186463590E-002  1.771521226515284E-002
   373.397858391669       5.920268008820961E-002  1.736376644657859E-002
   1056.21478611928       5.872036169801405E-002  1.701333347268524E-002
   667.950656818558       5.802212747583287E-002  1.773686948871434E-002
   2793.39854648990       5.838953727238723E-002  1.820638094822923E-002
   6539.60581735310       5.875794182597575E-002  1.867686501510040E-002
   6050.06025688232       5.912532471372752E-002  1.914635758572129E-002
   989.028232478725       5.877320499583430E-002  1.953954867025223E-002
   28528.3535582657       5.841997134771962E-002  1.993173783188660E-002
   36667.0195083392       5.806773728665926E-002  2.032497011543344E-002
   7872.17065337864       6.374132802861433E-002  2.156433502760511E-002
   2764.58480756762       6.410535788864988E-002  2.111578793120453E-002
   5079.63361724722       6.447045127057464E-002  2.066724873677606E-002
   20611.9516259358       6.483454997685424E-002  2.021771088422350E-002
   11137.8613463734       6.519968864083543E-002  1.976912626835938E-002
   20840.3509669831       6.555861567537057E-002  2.020474552940057E-002
   2626.40851835180       6.591752844540574E-002  2.064138045646010E-002
   4304.76195425216       6.627643178273991E-002  2.107699124294831E-002
   2365.85150490667       6.663631599024275E-002  2.151259072313418E-002
   6920.87465720315       6.771146811091384E-002  2.039807711275574E-002
   2555.96057528129       6.726319464999264E-002  2.005408854800665E-002
   3170.80959284166       6.681495339973145E-002  1.971109433631001E-002
   10092.4784548332       6.636571097207712E-002  1.936813374603521E-002
   11998.6715860554       6.591753024626450E-002  1.902511424659045E-002
   5973.98531585922       6.635212437762432E-002  1.860624341806618E-002
   7084.99589156459       6.678769542280218E-002  1.818734363467300E-002
   4685.67283953654       6.722226245076447E-002  1.776846574947114E-002
   3656.13929637620       6.765682740370779E-002  1.734959377112818E-002
   4766.78531571461       6.638260406335815E-002  1.695840412284562E-002
   2896.06854295915       6.597958984025099E-002  1.740772044102852E-002
   3351.06250149100       6.557659203621931E-002  1.785802819669424E-002
   3858.21631205118       6.517358153985317E-002  1.830733544011236E-002
   940.395957359388       6.473974619271451E-002  1.787302476871449E-002
   4540.64657067577       6.430689035555780E-002  1.743770915446618E-002
   5932.52187378102       6.387304654498671E-002  1.700342323634948E-002
   7518.14006620778       6.310615505208349E-002  1.779826472597246E-002
   1126.48870567414       6.355569838861376E-002  1.821628613597701E-002
   4308.50986070003       6.400622644892583E-002  1.863327567494076E-002
   436.116435519575       6.445576576228151E-002  1.905128214206600E-002
   8922.11845483345       6.402047062077169E-002  1.943206441287936E-002
   20903.2540871297       6.358411603160082E-002  1.981187071043463E-002
   23295.4147684089       6.314877892572125E-002  2.019269554533503E-002
   2032.88867751300       6.882596186663757E-002  2.147324224732197E-002
   219.173792615922       6.917071740653900E-002  2.106699145257635E-002
   398.497907408314       6.951446875959381E-002  2.065976577689562E-002
   1268.82686733227       6.985824323297220E-002  2.025353950547863E-002
   775.487162932239       7.020199998869313E-002  1.984630633999641E-002
   1500.69336851210       7.051114985915757E-002  2.024181650283769E-002
   577.352008800753       7.082027430532187E-002  2.063633723302433E-002
   230.972539752144       7.112842116485900E-002  2.103187296648282E-002
   359.899877997605       7.143755244020965E-002  2.142638994086401E-002
   2157.80213639026       7.270713584244573E-002  2.011039046677209E-002
   2545.99824886677       7.230178530303236E-002  1.981561941705098E-002
   2090.22784327782       7.189545335627820E-002  1.952186487291765E-002
   3568.38351074299       7.149010130280149E-002  1.922709318336431E-002
   2214.34535065969       7.108375880323146E-002  1.893232816983240E-002
   333.139566501035       7.147816700766593E-002  1.856118047555077E-002
   353.457284343178       7.187156495069678E-002  1.819004862674057E-002
   1584.94157002827       7.226596114479227E-002  1.781890362606539E-002
   431.873290651303       7.265937788992162E-002  1.744878511747129E-002
   1731.67177658368       7.124003095425503E-002  1.682916443039872E-002
   395.500084589094       7.088328738566708E-002  1.723664393771657E-002
   649.379174040758       7.052652947835297E-002  1.764312066014840E-002
   2758.33051919692       7.016979548928974E-002  1.805059656692024E-002
   2961.03523797496       6.975167550552916E-002  1.765703742339812E-002
   3727.98997172875       6.933357330838739E-002  1.726447803931356E-002
   1691.58889997426       6.891544818724886E-002  1.687092246230475E-002
   5680.74194911273       6.806414176857571E-002  1.775333194846412E-002
   1904.33171611984       6.847244025069892E-002  1.815707225478656E-002
   2302.24061775644       6.887974318270819E-002  1.856082622366383E-002
   1094.41601770595       6.928804739336908E-002  1.896456216597674E-002
   3933.55335593301       6.889339737541998E-002  1.932269099984747E-002
   4802.68057641979       6.849974905040351E-002  1.968080949203635E-002
   5143.42930575283       6.810510133436029E-002  2.003895213445451E-002
   983.824241989496       7.402313307565951E-002  2.137996654473727E-002
   2701.01176214606       7.432022062461884E-002  2.110359069707023E-002
   2338.85240573881       7.461628491801169E-002  2.082622994389527E-002
   3791.51340430246       7.491336887547881E-002  2.054985490478791E-002
   2063.91911030825       7.521043167435403E-002  2.027247845976144E-002
   3859.36748537521       7.555224777941967E-002  2.053839230295303E-002
   2364.13894602807       7.589404876044377E-002  2.080330533771365E-002
   2886.64296561754       7.623586617902785E-002  2.106922254788719E-002
   373.578157894814       7.657767289615962E-002  2.133413564638427E-002
   3674.57616093714       7.770882588956259E-002  2.016167119122641E-002
   1056.27907971271       7.743183613889569E-002  1.982957860701973E-002
   953.841426057318       7.715383924765878E-002  1.949750825061361E-002
   445.766404532002       7.687684232500627E-002  1.916541709444640E-002
   105.808956812893       7.659883997278519E-002  1.883334681843228E-002
   754.162523159610       7.686254417866442E-002  1.836853683662842E-002
   63.7495952269420       7.712524669563048E-002  1.790374463798193E-002
   1044.86763990903       7.738896389281248E-002  1.743993433740124E-002
   1282.25964620584       7.765166070916159E-002  1.697514514140885E-002
   1181.54817807402       7.652384626694071E-002  1.660532584598417E-002
   1905.16889157490       7.606980442979527E-002  1.688552066777467E-002
   2269.91032035328       7.561474505607972E-002  1.716473095800671E-002
   1241.52762480883       7.515970232370056E-002  1.744493792429968E-002
   1788.43246692478       7.479088429917014E-002  1.717951273023685E-002
   1758.35513673360       7.442208565646226E-002  1.691508379020584E-002
   281.642255296258       7.405326719849264E-002  1.664965479885971E-002
   1902.75856739055       7.293684348819904E-002  1.780686384233600E-002
   499.680040854617       7.321532507254513E-002  1.816592922559589E-002
   165.923476701184       7.349280957390890E-002  1.852501209159144E-002
   172.592223686265       7.377129378041117E-002  1.888407875684975E-002
   946.015621895927       7.350475310829274E-002  1.919091319413544E-002
   301.388541402912       7.323921814698947E-002  1.949773314290787E-002
   332.774607321200       7.297266507085957E-002  1.980356893753957E-002
   727.167171835012       7.888130051244861E-002  2.129282053791570E-002
   733.546847737359       7.921076795915341E-002  2.086984026951852E-002
   957.484568246659       7.954022796389879E-002  2.044685705899693E-002
   3214.10176666708       7.986968630126912E-002  2.002387671743383E-002
   2019.36706732800       8.019914094739410E-002  1.960089864031693E-002
   4502.29597025244       8.070452256465464E-002  2.000890583826088E-002
   2013.76541924693       8.120990347411937E-002  2.041691735945754E-002
   1844.30553339671       8.171528190677298E-002  2.082493823998037E-002
   1852.78713471292       8.221966915073192E-002  2.123297821726056E-002
   3420.40807572474       8.271946943720938E-002  2.071494645087880E-002
   989.519762046219       8.229364810211458E-002  2.022549074031727E-002
   67.0577274086586       8.186780269534179E-002  1.973503170640257E-002
   2164.21111749746       8.144195124399065E-002  1.924457214974769E-002
   853.648599955893       8.101608610766027E-002  1.875412076503970E-002
   1293.72744284475       8.142616541150310E-002  1.836470277625339E-002
   2069.51615603510       8.183624390664759E-002  1.797528675009386E-002
   2997.96179305078       8.224630450221145E-002  1.758487357040816E-002
   1867.59680363480       8.265638266015547E-002  1.719546184980692E-002
   186.392649584909       8.129367129247300E-002  1.666580433537355E-002
   723.816669071052       8.091821180378696E-002  1.708960673610965E-002
   1573.04812792226       8.054375446342250E-002  1.751339072438138E-002
   731.562267964829       8.016929793987253E-002  1.793717222954870E-002
   1689.53240963701       7.970190052576111E-002  1.752848696658393E-002
   441.839410547558       7.923450285449765E-002  1.711979841066483E-002
   83.8651341515704       7.876810375012844E-002  1.671108885033928E-002
   1215.68364127392       7.807683487042236E-002  1.742759450175646E-002
   464.282270029432       7.850199235562931E-002  1.787904772795811E-002
   707.202708562615       7.892716975711953E-002  1.833150310452761E-002
   400.796371934592       7.935235245156877E-002  1.878395686852228E-002
   1084.25836467029       7.894146559940193E-002  1.912838723833203E-002
   2762.60707801317       7.853058482363637E-002  1.947281807922698E-002
   2985.02204110431       7.811970404958116E-002  1.981724469837506E-002
   1206.22366729206       8.323750772222006E-002  2.121474050290976E-002
   1179.27601306885       8.372693535780606E-002  2.078789158997769E-002
   1635.21401711294       8.421733545961466E-002  2.036002450220021E-002
   2846.32543585909       8.470775388490071E-002  1.993316316577437E-002
   1379.07834328953       8.519817478027239E-002  1.950630810947255E-002
   1863.12438528508       8.556459812499709E-002  1.991781258718747E-002
   384.116047422918       8.593102410325687E-002  2.032931629216468E-002
   484.452643967351       8.629746762406140E-002  2.074182204574514E-002
   421.484948802152       8.666389597526294E-002  2.115332686998379E-002
   1147.41006229277       8.770867036792734E-002  2.007044532856512E-002
   560.680270167522       8.728431168895985E-002  1.971898697311463E-002
   547.024725953257       8.685895150189864E-002  1.936754701533161E-002
   567.650489051190       8.643459113443996E-002  1.901608742080921E-002
   520.922597476347       8.601022570644397E-002  1.866463067617002E-002
   552.648864905282       8.642178092172877E-002  1.830119974319308E-002
   706.626720791158       8.683333522162902E-002  1.793776895201117E-002
   901.491765731233       8.724588927111765E-002  1.757432097661715E-002
   529.590275151103       8.765742568625658E-002  1.720989185173698E-002
   92.5894460476203       8.621388765650655E-002  1.657864700749959E-002
   343.137059674670       8.586545119738921E-002  1.700395731368325E-002
   592.603568970345       8.551699747836762E-002  1.742826743115546E-002
   537.033234363435       8.516854437286066E-002  1.785257696600882E-002
   757.263853049801       8.477912141800012E-002  1.744148665314877E-002
   49.7188017066388       8.438969805024729E-002  1.703039366098110E-002
   633.280559488645       8.399925624476895E-002  1.661831711967536E-002
   665.542227766082       8.308115172329469E-002  1.756991582242640E-002
   970.266154400315       8.350694245949689E-002  1.794534906260603E-002
   240.362193400755       8.393171528547637E-002  1.831980340656748E-002
   713.323056927686       8.435648964820149E-002  1.869425890825204E-002
   910.070005659168       8.394748004906821E-002  1.919967603768486E-002
   412.630697719652       8.353847810193646E-002  1.970509617761650E-002
   1481.14462749277       8.312848115528908E-002  2.021053280242624E-002
   276.074708407003       8.879155483644638E-002  2.111521721034653E-002
   207.324889483553       8.914302937128710E-002  2.069185343423398E-002
   266.282145856445       8.949451933978521E-002  2.026948847059308E-002
   720.196732128005       8.984599077153931E-002  1.984612439214598E-002
   454.003590454272       9.019747979187868E-002  1.942376153376825E-002
   696.629312611413       9.060486344013018E-002  1.983253247525347E-002
   105.887283688023       9.101126627831814E-002  2.024232026739871E-002
   181.414449471624       9.141865063432737E-002  2.065109125626253E-002
   61.1743802130358       9.182505359382311E-002  2.106087989485772E-002
   204.295693079806       9.271075727736301E-002  2.014287335031826E-002
   30.3923030548318       9.228668007247592E-002  1.975140388320129E-002
   49.8571518389761       9.186358425015582E-002  1.935891683210670E-002
   385.565208722349       9.143950650933697E-002  1.896744710028594E-002
   362.345042905563       9.101640844124631E-002  1.857496125217799E-002
   273.012988880287       9.142732696288691E-002  1.828755705964122E-002
   228.066889952519       9.183924568224310E-002  1.800013501088630E-002
   180.839100918757       9.225016464832528E-002  1.771273074738618E-002
   100.383813090724       9.266208343357903E-002  1.742530838430517E-002
   82.1825460832987       9.098510451699060E-002  1.649218889562272E-002
   64.3085515708162       9.071259920138573E-002  1.691313592460507E-002
   49.1502103236327       9.044011179135036E-002  1.733508284595254E-002
   1.72274904562775       9.016760635422919E-002  1.775602990606710E-002
   55.9367757689412       8.980421387352044E-002  1.734647192602204E-002
   160.129185963929       8.944080346437581E-002  1.693591334337172E-002
   207.008234003651       8.907741105060221E-002  1.652635403749091E-002
   104.614780653840       8.808075020239205E-002  1.755936858822253E-002
   97.8065946753948       8.850305878931446E-002  1.790786166832536E-002
   108.789467227605       8.892636704194924E-002  1.825633780146830E-002
   210.733378975332       8.934867577640077E-002  1.860483224853605E-002
   275.408512087978       8.893917315668932E-002  1.897122747514649E-002
   657.607348634152       8.852867183755896E-002  1.933764017168838E-002
   751.556907478470       8.811917056877097E-002  1.970403380023825E-002
   71.9283388041998       9.362876438298549E-002  2.102857673604924E-002
   3.21069249663297       9.402016176576475E-002  2.060049916729842E-002
   8.23970441539011       9.441255852770530E-002  2.017240346778446E-002
   66.0817408058871       9.480395526339896E-002  1.974432569896029E-002
   35.5543699677708       9.519635172564167E-002  1.931623014606712E-002
   60.3171357936221       9.567381527371055E-002  1.972874630416590E-002
   16.6691038783348       9.615027918202708E-002  2.014128010660838E-002
   4.58574478123087       9.662774287854220E-002  2.055379607017901E-002
   1.31738478300015       9.710520658815380E-002  2.096631201593063E-002
  0.828191961727503       9.771498642780899E-002  2.033429101614804E-002
   3.10555368630159       9.728563739777461E-002  1.987190545203086E-002
   11.2855909681244       9.685628835040165E-002  1.940951990163982E-002
   40.8588913776962       9.642695727734320E-002  1.894813413702155E-002
   86.7484990685673       9.599760804088261E-002  1.848574874194746E-002
   41.9750215212949       9.641062542699229E-002  1.803628106091375E-002
   10.3826866810224       9.682364313755375E-002  1.758681344380266E-002
   37.2750055687256       9.723666100828483E-002  1.713734573310359E-002
   3.03506068116965       9.764967876474831E-002  1.668787761066149E-002
   26.6954630675355       9.647029788928181E-002  1.639795018194053E-002
   12.1390129097695       9.603590749895695E-002  1.682679723450816E-002
   65.7429887596450       9.560151697078707E-002  1.725564442555043E-002
   61.9819740059309       9.516712643676847E-002  1.768449184130499E-002
   32.1975964654313       9.487963207971330E-002  1.726857354333216E-002
   32.9763358919794       9.459213784154863E-002  1.685265522414225E-002
   156.991519192449       9.430464391778473E-002  1.643673671234243E-002
   202.732274102447       9.308802949754894E-002  1.769772544463451E-002
   81.5045106741931       9.351397637725441E-002  1.797014141370883E-002
   89.7114578048086       9.393992310719473E-002  1.824255754145471E-002
   32.9759924497228       9.436586978765105E-002  1.851497362496278E-002
   88.0004846374064       9.395210057154045E-002  1.892244874108536E-002
   140.817455375395       9.353831352613819E-002  1.932892388026229E-002
   159.361198891362       9.312454434608446E-002  1.973639860708926E-002
   2514155.10925311      -3.371000000000000E-003  2.500000000000000E-003
   1074867.60738603       2.450598493790388E-003 -3.361124016057352E-003
   3385043.74636198      -3.454000000000000E-003 -2.500000000000000E-003
   1011439.12148509      -2.512135022159239E-003 -3.464889229953732E-003
   1821473.60537989       7.409168204233867E-003 -2.978144952541737E-003
   694601.532273968       1.235934814449463E-002 -3.676746415593031E-003
   606711.757737720       1.733097340397806E-002 -3.688269557925759E-003
   368864.876298624       2.231275530376569E-002 -3.888920468762694E-003
   291887.959835963       2.729578253891063E-002 -3.991863169769759E-003
   241610.360814758       3.229306286817368E-002 -3.589713785630419E-003
   125881.685139364       3.728369233022482E-002 -3.811977463623025E-003
   149890.042497850       4.228032769412809E-002 -3.732351167024869E-003
   54106.9826194594       4.726755336728028E-002 -4.198101078190306E-003
   5344.03933147143       5.226640556144682E-002 -4.182393497988315E-003
   38556.4625906935       5.727280277182985E-002 -3.898103139190770E-003
   18837.9136253774       6.226422774656951E-002 -4.482865740923808E-003
   8783.50481317810       6.727076840302859E-002 -4.213915289848581E-003
   3627.43419800182       7.227129791856908E-002 -4.235340239345405E-003
   4233.65727035473       7.726832504130277E-002 -4.435631950826381E-003
   3369.88320045148       8.227221995454763E-002 -4.254089431700589E-003
   1221.90288044684       8.727234893776679E-002 -4.287599676988439E-003
   129.618096772875       9.226639966867051E-002 -4.663107013817038E-003
   115.693154840885       9.826978088778140E-002  9.422435402950918E-004
  0.471310406733250       9.827519202986769E-002 -4.058653059305883E-003
  0.319180382775066       9.726049147795253E-002 -5.037632524345069E-003
   45720.2611425390      -3.630000000000000E-003  7.500000000000000E-003
   185.347025574279       9.842933339374491E-002  5.940193915000187E-003
   386154.353966715      -3.616000000000000E-003  1.250000000000000E-002
   158.827373324086       9.814993677121252E-002  1.094600115095230E-002
   125009.712939491      -3.169000000000000E-003  1.750000000000000E-002
   79.6373348194273       9.836845327012568E-002  1.594288660349665E-002
   658563.858291230      -2.487159068238051E-003  2.339105889153188E-002
   2731167.42724504      -3.403000000000000E-003  2.250000000000000E-002
   394823.176656441       2.555056951856124E-003  2.279541000662086E-002
   33987.8409204502       7.604457431358098E-003  2.305281583900790E-002
   148908.885702549       1.264564806325789E-002  2.350867987795641E-002
   125880.337700925       1.766518718974810E-002  2.291726644537906E-002
   173505.725500368       2.268635453905047E-002  2.260497892380554E-002
   179688.383892630       2.770917129185559E-002  2.314339538333011E-002
   26600.9085851172       3.271662090896191E-002  2.276251767690604E-002
   76290.6047222935       3.773141497667677E-002  2.290803328998414E-002
   65848.6744794553       4.273607235584832E-002  2.242165434150900E-002
   10482.3056193541       4.773652959605872E-002  2.265233232310185E-002
   15133.7321685129       5.274524674070407E-002  2.271124702054269E-002
   13370.9070137034       5.774821483547814E-002  2.262495301385959E-002
   9708.02635891794       6.274959106846563E-002  2.259222457991961E-002
   1724.01545037394       6.775081443042261E-002  2.258772801899746E-002
   22.5660513786887       7.275355641634022E-002  2.269597343954415E-002
   1465.18920227444       7.775014305036164E-002  2.246529913934963E-002
   161.178170382733       8.273770723698930E-002  2.173278113958128E-002
   221.522275862430       8.774678016725523E-002  2.219810331935831E-002
   59.7863151486177       9.274306051778716E-002  2.194658399267099E-002
  0.406239317241052       9.834700742979050E-002  2.094407085615431E-002
  0.599863988815889       9.773722758836599E-002  2.157609185777076E-002
