   816485.225081366      -1.478415753549458E-003  2.492000361948692E-003
   372904.030297936      -1.116198461071682E-003  2.026674050994502E-003
   72665.3449114354      -7.539760389614128E-004  1.560894974430714E-003
   1113277.77229629      -3.932601159594342E-004  1.096042619697188E-003
   1415089.33477516      -3.605667966617371E-005  6.292586946347978E-004
   3037216.90476357       4.577586378107350E-004  1.077263845241167E-003
   2465101.20883261       9.477357338100968E-004  1.535917478000067E-003
   1573926.10385059       1.438419853112495E-003  2.000233109090722E-003
   246695.057964154       1.941564070601427E-003  2.460711614655419E-003
   3579959.39409525       2.434928770608854E-003  1.951685185313495E-003
   2949698.22500059       1.985267739757397E-003  1.459575469051537E-003
   1567059.91305033       1.534295715792722E-003  9.600754000873411E-004
   532774.672501772       1.078939765018490E-003  4.570852129857504E-004
   1931866.44875364       6.163655977930303E-004 -4.314555396910220E-005
   1098090.84341619       1.063469035025675E-003 -5.087248687733230E-004
   1703406.82028043       1.490926606165961E-003 -9.798273628095955E-004
   6266924.90463610       1.917004557630973E-003 -1.440949101485661E-003
   3492128.95171977       2.339666295306180E-003 -1.894991050513250E-003
   514367.478817934       1.569630096408306E-003 -2.615657582081938E-003
   1500075.14724736       1.146659965562630E-003 -2.129432393107021E-003
   2471329.15152231       7.425903478535693E-004 -1.636605202798441E-003
   4021097.14504141       3.410433315309522E-004 -1.152843635152636E-003
   4889789.80950022      -5.685936427833921E-005 -6.787113559720239E-004
   6295273.01371923      -4.717730257648050E-004 -1.134900712158496E-003
   2288810.18131760      -8.900591257332772E-004 -1.595131130711795E-003
   987172.158666888      -1.310197048192159E-003 -2.062511264030261E-003
   4508861.65504527      -1.736839294116263E-003 -2.529034655715291E-003
   52902.8925776099      -2.512687848123635E-003 -1.755563324035488E-003
   3851805.29431394      -2.065508012760826E-003 -1.326563679224443E-003
   2648837.20972628      -1.617921784832475E-003 -8.905303718050798E-004
   448457.381343593      -1.168629371037794E-003 -4.504649058339643E-004
   2045042.19582189      -7.032631016385943E-004 -1.733524812905544E-005
   816761.068263675      -1.157217634503240E-003  3.552746255114452E-004
   1434563.67961447      -1.608876132765394E-003  7.287185679145290E-004
   1648030.83954520      -2.062510291559949E-003  1.100651064836847E-003
   922625.183778322      -2.517405253975627E-003  1.469476688334957E-003
   1438321.19989431       2.948527845452751E-003  2.436773841753122E-003
   289817.109717499       3.435697306793543E-003  2.002086143446104E-003
   1389490.55063572       3.909382709793767E-003  1.567436403714133E-003
   2255787.49272500       4.383245301142598E-003  1.138740978489693E-003
   2156342.52373204       4.860114669222557E-003  7.188975416467752E-004
   3249782.56859099       5.452310328402802E-003  1.103640774312489E-003
   4170973.60457479       6.033905931681889E-003  1.499684219224617E-003
   2249831.53376774       6.603485422803726E-003  1.912000094259630E-003
   1371617.45143243       7.170122618283968E-003  2.348337145198366E-003
   364480.649208227       7.315625315350557E-003  2.210883316679962E-003
   547814.942784789       6.945293195928028E-003  1.602507672308630E-003
   2291116.09671517       6.550194342703972E-003  9.934508509928917E-004
   1979281.86529908       6.136937338073943E-003  3.985390866904928E-004
   2011755.54505388       5.713837093503017E-003 -1.887603640371020E-004
   1124273.30169984       6.106135781279429E-003 -5.805616920604884E-004
   1273510.43728289       6.487558295031703E-003 -9.760106307639788E-004
   4694589.77174207       6.868968612086652E-003 -1.364342509772437E-003
   2731615.37142488       7.243543154526006E-003 -1.755238213486324E-003
   1319426.65286970       6.188439390851438E-003 -2.727495258284594E-003
   851612.868461380       5.831298165733467E-003 -2.303805715271465E-003
   2038853.25557220       5.487989526572971E-003 -1.875123963788229E-003
   2881659.28449941       5.143954237198652E-003 -1.452101546143242E-003
   3940551.68636682       4.805781812931701E-003 -1.031426640538052E-003
   5535111.76660841       4.377526655909655E-003 -1.426370945410683E-003
   2435185.63908534       3.947953807217749E-003 -1.829128461496242E-003
   2266132.65263342       3.518910465664145E-003 -2.240680503857283E-003
   749274.191595758       3.074856912093109E-003 -2.648880531263687E-003
   2494567.63188346       2.730473972490095E-003 -1.457804225181801E-003
   1424728.58743510       3.129003273906931E-003 -1.018163911753870E-003
   1419931.88807492       3.532377116516037E-003 -5.726432020247921E-004
   1623986.84810894       3.948893906672910E-003 -1.325442360075400E-004
   938299.690271150       3.562444316784478E-003  3.901853693877478E-004
   196293.960994546       3.182028636422674E-003  9.151047454372826E-004
   1927177.57436163       2.807178617415917E-003  1.437012572241696E-003
   1598843.57312147       7.455728581921941E-003  2.352104376311772E-003
   1460932.66171795       8.019497805375140E-003  1.786480216111142E-003
   1331244.90188697       8.559395214295102E-003  1.226078828950266E-003
   3126086.87738386       9.115472495275579E-003  6.894916973103580E-004
   1535100.77815831       9.691454387827713E-003  1.767785496205406E-004
   2010454.52690520       1.015507344778642E-002  6.933224726585847E-004
   133615.637351435       1.062108258176038E-002  1.220234081424321E-003
   850214.705005731       1.110051900014517E-002  1.743626044498787E-003
   882957.937544505       1.159964642243306E-002  2.255574701934985E-003
   4358222.61439617       1.213955397609378E-002  1.680484316129513E-003
   4469059.41786361       1.163553369724701E-002  1.211820112073125E-003
   3475357.87606691       1.114212159331094E-002  7.260007390676407E-004
   1718590.09849366       1.065110889692364E-002  2.286425557541973E-004
   2362942.80128111       1.015410446239040E-002 -2.723797628237283E-004
   3375603.18888235       1.066128423190435E-002 -8.675315351096194E-004
   3064159.11676309       1.112454131434867E-002 -1.494087400213828E-003
   2089689.33317549       1.155001724072080E-002 -2.135186804740133E-003
   1863812.08836099       1.196536042311436E-002 -2.763318599458266E-003
   1073071.63394788       1.170221635776983E-002 -2.972385362650706E-003
   277008.988903432       1.121317925269481E-002 -2.375459668359990E-003
   4609515.13602408       1.073685447775997E-002 -1.792293280080718E-003
   5193217.53370031       1.023477667543970E-002 -1.240674006118270E-003
   3259019.17192007       9.702586749665450E-003 -7.250778137422422E-004
   1730295.07560653       9.354315161509622E-003 -1.244250147847036E-003
   1542533.75320563       8.992628906432187E-003 -1.767406595255111E-003
   1029705.73575503       8.621799809378987E-003 -2.286951330204763E-003
   150154.864337116       8.234506654921413E-003 -2.797528241357886E-003
   4758075.83998664       7.747078496857911E-003 -1.396981765507893E-003
   5460474.94793691       8.247699371540235E-003 -1.035633908463116E-003
   3493993.77067852       8.743254696476337E-003 -6.607960506151444E-004
   170023.210310816       9.242290556925813E-003 -2.784398576456269E-004
   3304502.35928536       8.728206282528541E-003  3.269615944797399E-004
   2090502.52823714       8.240253305972681E-003  9.517666588290818E-004
   541064.231319744       7.778723125508486E-003  1.591973231469957E-003
   1329813.85051445       1.272073183878182E-002  2.211889358069374E-003
   1342345.24976456       1.317779882957629E-002  1.614000494672604E-003
   1102395.19380723       1.360795455128758E-002  9.993934718313230E-004
   3777805.91391012       1.401477324103893E-002  3.788537958168257E-004
   1993241.33011973       1.441746402174474E-002 -2.227803282830494E-004
   1842800.47084091       1.481173014628025E-002  3.297321233726828E-004
   2007443.97948301       1.521955136860575E-002  8.928260325059840E-004
   2650894.48253222       1.564415372184248E-002  1.448039481745156E-003
   1619048.28729283       1.608047089469704E-002  1.994260240867718E-003
   1926449.01494970       1.692683357910419E-002  1.025314275430220E-003
   4315849.98576857       1.635334146219986E-002  6.671806376416432E-004
   4121136.93208880       1.578811128587723E-002  2.958264956285107E-004
   1345236.61621181       1.523019408710655E-002 -9.059549631581262E-005
   1281829.48894477       1.465947511572019E-002 -4.904744238821728E-004
   865215.395139831       1.517025936844844E-002 -9.907355738884467E-004
   3307021.47666526       1.566734063167905E-002 -1.481254517111462E-003
   4793881.31925243       1.617309325922405E-002 -1.958095243460844E-003
   2330528.22479320       1.668639702441679E-002 -2.425264786551952E-003
   639468.853965188       1.584968719369731E-002 -3.149700751015937E-003
   2589293.87746300       1.546131362069689E-002 -2.549144662807981E-003
   975542.393771352       1.508963562984701E-002 -1.938749124012753E-003
   2510861.37904855       1.473405478660029E-002 -1.324555390358959E-003
   1643062.37392428       1.438422757795698E-002 -7.266022127566053E-004
   4727866.10375986       1.383264256300756E-002 -1.273824209783124E-003
   186264.918092611       1.330898043665353E-002 -1.864262563202251E-003
   1809770.48526701       1.277459258242234E-002 -2.462461273530317E-003
   1977311.27970733       1.218133902188853E-002 -3.021925636900055E-003
   4104404.55187501       1.252299404109238E-002 -2.226976506169872E-003
   1569365.91709973       1.304340110783166E-002 -1.637387348063691E-003
   2578370.50406207       1.356890733754786E-002 -1.032948377369132E-003
   1568019.83804413       1.414278910399038E-002 -4.580562864901014E-004
   1153277.34655759       1.363884766651559E-002  9.499851124449943E-005
   4700635.24755120       1.315349885796571E-002  6.429317352094452E-004
   4640416.03373322       1.265495711030522E-002  1.171285023894760E-003
   2348725.43953896       1.790254552490773E-002  1.863108502111121E-003
   2421419.86576318       1.825792693506120E-002  1.277953157644148E-003
   1553820.62997722       1.860200376833511E-002  6.871061991411769E-004
   1549408.64807786       1.893208514404886E-002  9.320597129024882E-005
   2309272.89620617       1.925494545541697E-002 -4.901695462498068E-004
   4674950.24584876       1.978476538820231E-002  2.200425457354015E-005
   1189051.24808447       2.030099949571850E-002  5.635487284901930E-004
   193085.387582593       2.082430894744274E-002  1.111976953140015E-003
   1302313.49947592       2.137269465278391E-002  1.646720327441983E-003
   3705578.91006607       2.174639706608908E-002  1.231496834771341E-003
   3398688.27993750       2.120068568759431E-002  7.303855093546151E-004
   1873444.29410226       2.066585803541286E-002  2.077000645562862E-004
   1258101.01894400       2.012537037787615E-002 -3.229343530120364E-004
   2461480.28989790       1.955447313591433E-002 -8.370788427601346E-004
   472199.506293675       2.004075412260364E-002 -1.402332928583171E-003
   1726488.41635081       2.050647364440804E-002 -1.969592063210210E-003
   4555185.39863063       2.097701371790989E-002 -2.522358419894053E-003
   2306961.19102088       2.145926634592440E-002 -3.060483277873166E-003
   1008495.09028000       2.090009865393008E-002 -3.537012833949936E-003
   2668061.63204408       2.045198610319768E-002 -2.938870774922619E-003
   266785.542738104       2.002890257933163E-002 -2.329537333177512E-003
   2175350.01071107       1.961721461490522E-002 -1.720595719626834E-003
   2714946.99700058       1.920314861972927E-002 -1.128715302242616E-003
   3046645.58370889       1.876851210277030E-002 -1.649059590323706E-003
   621437.166716273       1.833175472017267E-002 -2.186949567662059E-003
   761068.580157150       1.788395358352922E-002 -2.723895355865056E-003
   498176.750986745       1.742238350983569E-002 -3.251416900374201E-003
   2951441.44604946       1.723963721147077E-002 -2.026787536018545E-003
   2844864.41737546       1.778942232085820E-002 -1.619540076169364E-003
   55961.5436687234       1.833718946184678E-002 -1.201689994124581E-003
   2183665.92484141       1.890271566675882E-002 -7.822990783539158E-004
   900551.366348615       1.840661443724314E-002 -3.140471714806223E-004
   3322323.97264813       1.791983892575502E-002  1.432355687555138E-004
   3876944.87458851       1.742732355693613E-002  5.895498690537472E-004
   977420.316956579       2.216687520272364E-002  1.599769786539405E-003
   399619.321828253       2.264589372491888E-002  9.863898044346290E-004
   904083.129985545       2.309388353589747E-002  3.561049459657947E-004
   4690498.80736956       2.352472421902244E-002 -2.742723668071677E-004
   2138489.17857718       2.396923788696338E-002 -8.763565364572930E-004
   165307.817529116       2.432333155762507E-002 -3.223464011216083E-004
   2169776.47455520       2.469449407972119E-002  2.306484418842668E-004
   1975869.19112892       2.507596486841805E-002  7.764237646249101E-004
   1302896.19665976       2.546468734456194E-002  1.315718587916131E-003
   1906335.60331093       2.650963947425019E-002  5.961653985331328E-005
   3405602.01021355       2.592646966164451E-002 -2.232555626789571E-004
   3989519.38321249       2.534763667786852E-002 -5.129293136902198E-004
   3036493.39524005       2.477497847710690E-002 -8.142521535010275E-004
   882331.259284515       2.420008980342766E-002 -1.131396424438208E-003
   1627059.80975018       2.471631216656255E-002 -1.616969964373038E-003
   3347025.14231178       2.521677495945334E-002 -2.096272872953433E-003
   4545194.39394162       2.572548422175385E-002 -2.561626417180210E-003
   2221650.61148992       2.624044870349946E-002 -3.020801550712197E-003
   584015.410914984       2.534044480661880E-002 -3.786282410804767E-003
   2115073.24703453       2.497012646379237E-002 -3.182179389784932E-003
   618967.143787693       2.461581466168173E-002 -2.570225089014989E-003
   2681624.35709245       2.427382384501109E-002 -1.955399357789486E-003
   2675059.58217413       2.394000788613253E-002 -1.357477345572074E-003
   3650634.86623260       2.345955615527141E-002 -1.913876956416194E-003
   1566728.13719482       2.297642929662016E-002 -2.490829819922143E-003
   1595880.25144818       2.247471343096829E-002 -3.060777496448855E-003
   1081731.87591370       2.194572699462633E-002 -3.611272342201023E-003
   3511844.75296669       2.203095830627920E-002 -2.596971168927955E-003
   3279701.57291633       2.258824953191436E-002 -2.113368748359179E-003
   900553.844063977       2.313628140535118E-002 -1.607806804623347E-003
   1480954.81288791       2.370846792093425E-002 -1.104337085774139E-003
   689810.838549831       2.320371942839562E-002 -5.131583357205136E-004
   3763470.29955328       2.272924331465099E-002  8.636524620121494E-005
   4499282.33144888       2.224835771108133E-002  6.699169774819854E-004
   1021004.38042274       2.777185452375589E-002  1.098854989973534E-003
   680919.740893046       2.806189780434183E-002  6.087064813848225E-004
   251483.530544244       2.834768341853576E-002  1.189093688212530E-004
   1730536.25883834       2.862963282446701E-002 -3.707880985133827E-004
   1918012.08230092       2.890980895129892E-002 -8.547675792131683E-004
   2795504.74858532       2.939747773316474E-002 -4.463670605069920E-004
   1186114.62200972       2.988344677407247E-002 -2.891041526162505E-005
   299074.532271250       3.037302465858758E-002  3.915066209247834E-004
   934819.937562392       3.087035796993337E-002  8.105199711908775E-004
   2618388.91356311       3.147238720145095E-002  8.824566967980231E-005
   2161827.71061615       3.099064157314875E-002 -3.286139387326094E-004
   1022301.23720252       3.050883765531556E-002 -7.525280604673421E-004
   543461.711728634       3.002232414538717E-002 -1.178293728865865E-003
   1491102.91092042       2.952842046664102E-002 -1.602459345360906E-003
   488435.388963906       2.993358018717099E-002 -2.087556445736690E-003
   1115050.72617461       3.032793307553596E-002 -2.575137583361422E-003
   4132313.33383498       3.071989496564186E-002 -3.055828874672788E-003
   2423794.21708209       3.111058690036936E-002 -3.533697654519482E-003
   696709.474753063       3.025872172289857E-002 -4.220774665561779E-003
   1035041.05734336       2.987746934622969E-002 -3.715870885636304E-003
   1612549.09664737       2.950968462682374E-002 -3.209262536545257E-003
   2946819.79445263       2.914291851576053E-002 -2.706928821578664E-003
   3078840.21525687       2.877756709754684E-002 -2.212725818190079E-003
   4112277.47335195       2.834025474590213E-002 -2.628461840639774E-003
   1349696.64783182       2.790150408595702E-002 -3.053162901860302E-003
   1101308.79662494       2.746278034907672E-002 -3.483029044723792E-003
   164097.173700986       2.701425199704793E-002 -3.911085703422400E-003
   1397302.06299478       2.671249220602275E-002 -2.633549602121909E-003
   832937.225369935       2.718755904369775E-002 -2.246266675022437E-003
   1483190.74062570       2.766744134276848E-002 -1.854921665236218E-003
   802934.526506779       2.815811445928430E-002 -1.469429041344288E-003
   995258.945381315       2.774399975182377E-002 -1.082223898693206E-003
   2137619.74639932       2.733249430492781E-002 -6.978737930446697E-004
   2780595.93836777       2.692221495805986E-002 -3.173257470464048E-004
   842053.716671109       3.219987790278631E-002  6.840815667515556E-004
   855170.349013714       3.260823922935251E-002  1.624890692609800E-004
   439608.300108945       3.300604010592949E-002 -3.617609953091860E-004
   2276545.60519794       3.339839672927286E-002 -8.827650576817608E-004
   1854219.01641686       3.379271300956702E-002 -1.396191930522469E-003
   2765935.36860687       3.432411225680394E-002 -9.819211054082411E-004
   1234988.07142129       3.485233992743789E-002 -5.574627311581511E-004
   257814.279599625       3.538499189543013E-002 -1.284657209927099E-004
   720141.145560194       3.593102261809139E-002  2.953672815898790E-004
   3104182.10595415       3.637713929884555E-002 -2.604088415819727E-004
   2645888.31121660       3.587663905207910E-002 -7.089140861277852E-004
   1106677.13464358       3.537670426516699E-002 -1.168494089644250E-003
   526773.871197477       3.487203912873954E-002 -1.630628909100313E-003
   1876334.94111238       3.435767371854551E-002 -2.089927708543819E-003
   654221.025841721       3.476727786806601E-002 -2.622082900115296E-003
   724154.614619415       3.516109256319554E-002 -3.157412205455048E-003
   4360631.77497698       3.555150014851289E-002 -3.685778452154074E-003
   2536175.24009691       3.594124192136367E-002 -4.207539734898015E-003
   763311.755666857       3.525042370681025E-002 -4.750747706357111E-003
   1205098.92855791       3.484104014948582E-002 -4.219983627785876E-003
   1936015.71122060       3.444816215425785E-002 -3.686935155700482E-003
   3392945.00501771       3.405582341009342E-002 -3.161074067022902E-003
   3217918.95684489       3.366097149239643E-002 -2.645273230092533E-003
   4008609.76034492       3.320484205688644E-002 -3.070413949878090E-003
   880112.264589237       3.274603086622443E-002 -3.504083065518410E-003
   664931.714854714       3.228466162183173E-002 -3.942715403633178E-003
   99176.4815312641       3.180999682308921E-002 -4.375674337726797E-003
   2530624.76662105       3.160060979396564E-002 -3.143773218049239E-003
   1877927.72945286       3.209288097278280E-002 -2.750714263093583E-003
   750147.800079874       3.258805869947442E-002 -2.350865034493234E-003
   919561.264571099       3.309557481748486E-002 -1.955789474726097E-003
   355303.060158769       3.268387288260547E-002 -1.438896275930636E-003
   1462144.96589949       3.228007795923728E-002 -9.235928801959451E-004
   2810972.36070039       3.187776084200962E-002 -4.129324424175685E-004
   745668.164772010       3.693709381861772E-002  1.791856852152796E-004
   755452.138899978       3.737470506124555E-002 -3.459904178115788E-004
   1572058.94500123       3.780095922309662E-002 -8.718341534764995E-004
   2834637.50416526       3.822590779254754E-002 -1.391824122220080E-003
   1799945.61780886       3.865691780564622E-002 -1.902932472693615E-003
   1734099.11575529       3.912583227845535E-002 -1.492548140772166E-003
   265144.573884381       3.959540823954929E-002 -1.077380736027383E-003
   696417.921265168       4.006990243063584E-002 -6.611815986669457E-004
   1144184.66783925       4.055001012097764E-002 -2.477309177217396E-004
   1815737.50456271       4.123775093661115E-002 -1.120442713012681E-003
   2238559.13466550       4.074075023563077E-002 -1.492351524786044E-003
   1312927.46198940       4.024438147301397E-002 -1.871315175650079E-003
   106333.737788600       3.974657943895744E-002 -2.253302509324280E-003
   1072173.56194289       3.924297908034449E-002 -2.636061831446615E-003
   831594.240334051       3.965157809039687E-002 -3.083832037718293E-003
   1354400.81011783       4.005078070909476E-002 -3.531912774608808E-003
   3503358.43341515       4.044986304349274E-002 -3.974942423750885E-003
   2051556.34919302       4.084669013901242E-002 -4.416447352770168E-003
   630827.565942866       3.978872133129695E-002 -5.240513417502743E-003
   791634.799037219       3.945977305352349E-002 -4.732832213361229E-003
   1225203.58692929       3.914037339779204E-002 -4.222616551164824E-003
   2480025.08655777       3.882266856132564E-002 -3.716307604168552E-003
   2875046.45796346       3.850712564354649E-002 -3.215274485233050E-003
   4121184.00751171       3.800890716306604E-002 -3.624434692167258E-003
   1207983.81119439       3.751094760555781E-002 -4.043156908464616E-003
   861588.251117328       3.701123186135566E-002 -4.468621218925835E-003
   80673.9328752541       3.649641780809770E-002 -4.888656269129118E-003
   2353220.79317992       3.642806780901751E-002 -3.782831106214680E-003
   1331928.75663823       3.691742723620717E-002 -3.352418812416854E-003
   1268763.79712844       3.741157720065350E-002 -2.916367275167292E-003
   1173801.04724413       3.791910318819986E-002 -2.486210796289936E-003
   716672.717220686       3.752420905140182E-002 -1.927769619918742E-003
   722749.289815807       3.713851153027533E-002 -1.368231219117367E-003
   2087267.53688652       3.675785708075660E-002 -8.105503088631891E-004
   752364.152861143       4.211371403173880E-002 -4.393754453577699E-004
   269482.573804192       4.248327400354208E-002 -9.374488608482590E-004
   612135.320917322       4.284775041361811E-002 -1.436384178372000E-003
   1783482.97803642       4.320960599974147E-002 -1.932584176201469E-003
   1469205.56736568       4.357335854704795E-002 -2.424021378472414E-003
   1854032.99221538       4.409104755576593E-002 -2.040989610088874E-003
   900882.090958487       4.460855256594362E-002 -1.653734979513337E-003
   371075.885855672       4.512688863173672E-002 -1.264023045479499E-003
   723973.921648280       4.565247291010111E-002 -8.766901423373683E-004
   1830822.80020042       4.617455772834480E-002 -1.546421038737466E-003
   1674831.86905126       4.568595694990358E-002 -1.964544214112422E-003
   882248.490290285       4.519682783977790E-002 -2.386340254753407E-003
   110756.156353116       4.470526050583599E-002 -2.811152276762855E-003
   932754.348719742       4.420892440504908E-002 -3.234275314238626E-003
   575412.711566324       4.459424122730654E-002 -3.725839953266429E-003
   750611.060338869       4.497045714115858E-002 -4.218106674478877E-003
   2943378.08336400       4.534540939661549E-002 -4.707445666214829E-003
   1768667.85138521       4.571877415043914E-002 -5.192936328386816E-003
   542025.224867571       4.485908712878132E-002 -5.855492379443099E-003
   476943.871276233       4.448742217667787E-002 -5.355539084584218E-003
   1435393.37879475       4.412324791334546E-002 -4.854041966799988E-003
   2164826.08017333       4.376072669256686E-002 -4.356965760250997E-003
   2557183.96714441       4.339828702346298E-002 -3.863619757063715E-003
   2926979.20772621       4.297414127629921E-002 -4.260593144210277E-003
   696280.232019113       4.254739021390583E-002 -4.661786158378199E-003
   719429.062870913       4.211840867372165E-002 -5.066159171019725E-003
   216558.395962465       4.168110484747479E-002 -5.466060039407882E-003
   2032219.24038754       4.132055370622495E-002 -4.078699246614904E-003
   1749953.52767453       4.179728875535478E-002 -3.740438819809746E-003
   120153.417050809       4.227540460179177E-002 -3.397873436227342E-003
   555139.105380433       4.276084154965303E-002 -3.057013758383141E-003
   352931.784049565       4.237569626615681E-002 -2.569866973604426E-003
   814125.196836574       4.199525535495705E-002 -2.084088781177177E-003
   1563478.21395163       4.161642163597085E-002 -1.600157021865239E-003
   428565.384327575       4.684680986281114E-002 -1.029355622385931E-003
   598472.388996110       4.726876816166505E-002 -1.464122322254955E-003
   1189593.67337659       4.768483219676891E-002 -1.896297082051320E-003
   1968844.33714628       4.810223115607520E-002 -2.325862245588121E-003
   1224643.64907679       4.852095874244021E-002 -2.752117540992139E-003
   1660298.63055158       4.898966029696297E-002 -2.438163654781347E-003
   919717.285530070       4.945872078839256E-002 -2.121599902553228E-003
   644819.733930902       4.992801354668567E-002 -1.804008572465644E-003
   668784.414921054       5.040368769526112E-002 -1.487492117625582E-003
   2549049.81128240       5.107367917757081E-002 -2.355717795907380E-003
   1618428.46005455       5.066017613207752E-002 -2.737740481501523E-003
   958274.381225883       5.024562705100139E-002 -3.120774796459650E-003
   149111.303389289       4.982835869063271E-002 -3.506590016228273E-003
   928443.231716672       4.940847177390274E-002 -3.892225074074135E-003
   1376963.80036999       4.970656587369834E-002 -4.494029226688873E-003
   1740175.64781754       4.999580369832471E-002 -5.101569789219496E-003
   525995.622446039       5.027574012988636E-002 -5.711114967800189E-003
   965413.837940430       5.054447309674010E-002 -6.321208879516211E-003
   1174037.64245843       5.021712657680510E-002 -6.555640934878863E-003
   1862050.24668756       4.973405136542272E-002 -6.097642661997161E-003
   3063858.86124220       4.925153893405908E-002 -5.650222034938220E-003
   2539501.89006622       4.876112192984468E-002 -5.209916097922262E-003
   1797787.37768101       4.826795109694824E-002 -4.773489493802468E-003
   2325970.59103976       4.779966465014702E-002 -5.088360377215770E-003
   1260186.08219043       4.733201844566181E-002 -5.406273871764324E-003
   1324471.01410084       4.686303426207127E-002 -5.726630556744092E-003
   502269.756060926       4.638863929144064E-002 -6.045807184165718E-003
   1131800.27495982       4.612897001979577E-002 -4.804586770528749E-003
   666456.532585365       4.654237783674392E-002 -4.415141326584659E-003
   430003.853842402       4.695878299768248E-002 -4.025021298950967E-003
   614815.659470820       4.737952995441132E-002 -3.635590649605833E-003
   832536.662003014       4.707266346767666E-002 -3.112354685064170E-003
   148259.303424901       4.677026453066677E-002 -2.588114567262387E-003
   1050564.71821603       4.647159652105824E-002 -2.066223885112625E-003
   655003.231331520       5.194566614703466E-002 -1.692488519376840E-003
   465374.489895090       5.230391649889574E-002 -2.266105549118744E-003
   215051.353851686       5.265110650115355E-002 -2.843434159467277E-003
   1962528.47198692       5.299436018455185E-002 -3.420023196288459E-003
   1247752.85742720       5.333501082238165E-002 -3.992234962398624E-003
   1610724.28861338       5.376288252477777E-002 -3.528631165823888E-003
   183973.641335446       5.419470011688155E-002 -3.063259054968845E-003
   432984.013919066       5.462987394224744E-002 -2.598111683320438E-003
   652585.867803397       5.506902758732031E-002 -2.135616134951118E-003
   1317708.12717897       5.593515985633435E-002 -3.281496392248397E-003
   1760632.03607921       5.537940923426423E-002 -3.578317244877372E-003
   1709294.11883668       5.482450068946085E-002 -3.878016074673088E-003
   519793.470553813       5.427007164676459E-002 -4.181806718337906E-003
   200907.725706404       5.370929830705914E-002 -4.485844224853653E-003
   683280.177643759       5.415677250626941E-002 -4.986112481460612E-003
   1197869.31208503       5.459876821052585E-002 -5.484850138059544E-003
   2033113.86245382       5.504226301653041E-002 -5.979611428088885E-003
   1108021.03521941       5.548748596237456E-002 -6.471533652772339E-003
   324676.110756943       5.459107833999777E-002 -7.149810096605208E-003
   760983.604530176       5.423967480673353E-002 -6.577435786435866E-003
   149844.388192625       5.389453583596567E-002 -6.002783499332646E-003
   1002629.96875037       5.355280944068688E-002 -5.428747049603880E-003
   1214232.93204683       5.321268265009459E-002 -4.857705977987137E-003
   2379829.61275346       5.260689896400172E-002 -5.296004653384954E-003
   973606.914225357       5.200578627539865E-002 -5.745959669292855E-003
   264573.809749328       5.140380945453032E-002 -6.201933879268765E-003
   295057.508622947       5.078311555084081E-002 -6.647067030721383E-003
   2133233.08177250       5.111526198594537E-002 -5.843207123809772E-003
   685945.780956969       5.168098635331655E-002 -5.348058309198394E-003
   779226.601087445       5.225285124797997E-002 -4.850402187400809E-003
   210710.350568158       5.283803382377455E-002 -4.362958385846876E-003
   555728.067887350       5.239328024639242E-002 -3.855381220181137E-003
   2183709.93554999       5.195593226397585E-002 -3.349901425908688E-003
   2254249.05759694       5.151580952486568E-002 -2.851460528487238E-003
   508520.360556004       5.708322466821474E-002 -2.420093689077651E-003
   227749.637982630       5.739436355725835E-002 -2.870654448731032E-003
   317840.859970943       5.770222127954421E-002 -3.321621539073906E-003
   1096295.39350020       5.800909422813392E-002 -3.771272918803684E-003
   927894.842733837       5.831552856454172E-002 -4.218974560023342E-003
   1656920.43402861       5.888628559933320E-002 -3.897579378099200E-003
   1264475.77851229       5.945579779156453E-002 -3.572851509584419E-003
   946936.375008242       6.002488726350910E-002 -3.244459008777262E-003
   409380.323615705       6.059986051177805E-002 -2.916057059365970E-003
   1642330.70606513       6.093903474744986E-002 -3.366169177109737E-003
   953208.970245724       6.048008003755275E-002 -3.833892347848820E-003
   134875.583467939       6.001817580962153E-002 -4.304015882953725E-003
   458327.675357086       5.955289442913830E-002 -4.773661789112628E-003
   678582.197942922       5.908397884436756E-002 -5.240876286388074E-003
   628339.820987160       5.940254622102834E-002 -5.833293402393998E-003
   563480.875224188       5.971523043172314E-002 -6.428208614289768E-003
   1294567.18816200       6.002351545913982E-002 -7.024279068783279E-003
   962713.019394588       6.032827343036874E-002 -7.615746942349826E-003
   469419.203704772       5.993014050637553E-002 -7.909749112556912E-003
   327856.105424984       5.946157073791557E-002 -7.428672694214175E-003
   1628959.78421507       5.899671460444828E-002 -6.950150452243417E-003
   1581421.92033750       5.853003393827230E-002 -6.476489602877451E-003
   1250241.64291963       5.806126297856453E-002 -6.005517546335823E-003
   1657089.29629889       5.758931819677812E-002 -6.341833273656594E-003
   880815.469053917       5.711742956483311E-002 -6.680990134727499E-003
   832289.595004972       5.664531623858679E-002 -7.022853373613868E-003
   230900.373421389       5.616956900409523E-002 -7.363665569499441E-003
   523055.603531215       5.593488490917338E-002 -6.099634059543809E-003
   242779.467580713       5.638486768645020E-002 -5.727953788664722E-003
   533059.899907553       5.683670029364844E-002 -5.355524725917079E-003
   418363.331802693       5.729197976544975E-002 -4.984751489720788E-003
   130470.520847317       5.695082105226618E-002 -4.557189941376782E-003
   755033.623203622       5.661179426131627E-002 -4.130312606979467E-003
   1195830.12952448       5.627316552902146E-002 -3.705243768280601E-003
   296478.756748639       6.139080820870522E-002 -3.030577955346000E-003
   748677.164471174       6.185019190027695E-002 -3.511271666563313E-003
   1035898.04404419       6.230366283530613E-002 -3.989413899715918E-003
   1498911.07916474       6.275843345521902E-002 -4.465020213531933E-003
   778113.416138315       6.321536880456316E-002 -4.937603060534787E-003
   986848.696578755       6.369886965244351E-002 -4.600717118072195E-003
   416516.344592562       6.418198927350965E-002 -4.262520425931268E-003
   125111.903409559       6.466695406737198E-002 -3.924432879824627E-003
   444058.286721709       6.515455782601602E-002 -3.586023737043008E-003
   951031.337036308       6.580124827194712E-002 -4.453163675367086E-003
   954286.110198801       6.534507219210772E-002 -4.825254985757029E-003
   506267.215528343       6.488937270576772E-002 -5.199460134483531E-003
   59200.9873307902       6.443186426700075E-002 -5.573631536824640E-003
   372055.631603811       6.397200164369235E-002 -5.948081410554785E-003
   415032.676597101       6.429616392444093E-002 -6.515657385617134E-003
   285929.248928974       6.461624422472725E-002 -7.084763130016681E-003
   924312.182434550       6.493292163665898E-002 -7.653396294508918E-003
   687332.378950086       6.524855809803551E-002 -8.219289190721672E-003
   343721.858882822       6.473393995184001E-002 -8.598787695929576E-003
   174058.588880891       6.428996228613820E-002 -8.121627329981973E-003
   1068848.26137527       6.384798981302343E-002 -7.646532019871827E-003
   1142136.88697255       6.340475812658769E-002 -7.173440442636452E-003
   958647.296557317       6.296034970979257E-002 -6.702272879623101E-003
   1546758.27274994       6.237679590389229E-002 -7.024508483523794E-003
   1127595.07077328       6.179479794186966E-002 -7.350559811085223E-003
   945719.850158970       6.121283339586767E-002 -7.680004982987381E-003
   296825.796274175       6.062612499529375E-002 -8.011104160475501E-003
   647386.790245414       6.079132344351217E-002 -7.136161859687545E-003
   140260.434701258       6.125732424784067E-002 -6.652351580384575E-003
   656836.875098354       6.172799757420352E-002 -6.170735498836076E-003
   565479.141210272       6.220254468786256E-002 -5.692064976764107E-003
   631162.675291183       6.188120149147616E-002 -5.110697887173123E-003
   114871.763276941       6.156390123020065E-002 -4.527983941122454E-003
   748004.088922190       6.125079345817212E-002 -3.945872935866635E-003
   249504.423063138       6.666931948776708E-002 -3.809978339448343E-003
   187091.240036390       6.703655892849217E-002 -4.294623787576835E-003
   211209.304859800       6.740047123257616E-002 -4.780806524872558E-003
   754032.939374526       6.776301597836257E-002 -5.264694539364430E-003
   525673.894089123       6.812642204623487E-002 -5.748190891538987E-003
   737789.438209783       6.862129638820741E-002 -5.393182918487357E-003
   343051.130969821       6.911630800836703E-002 -5.037845549297899E-003
   104744.764731811       6.961229239369253E-002 -4.680798799600722E-003
   273471.162287881       7.010910229372393E-002 -4.325235915473187E-003
   764104.169142125       7.073224241583854E-002 -5.167653253004488E-003
   726258.630765594       7.025213022891537E-002 -5.539583092057838E-003
   405271.783224748       6.977058693162907E-002 -5.913902718140202E-003
   36685.5058521224       6.928924471884391E-002 -6.289184386536343E-003
   342903.075776035       6.880525936290857E-002 -6.663890368072411E-003
   325266.036787198       6.915016898845824E-002 -7.224945696947058E-003
   196481.038812107       6.949063213495421E-002 -7.787076588657327E-003
   672701.344863818       6.983031807523163E-002 -8.349007550724943E-003
   495407.627376607       7.016782757858687E-002 -8.908462167226317E-003
   236064.186077951       6.960115788659055E-002 -9.322654778383390E-003
   44730.4135734253       6.917271407808831E-002 -8.825641168904136E-003
   725108.705485878       6.874584375723709E-002 -8.328176457440623E-003
   841387.341182549       6.831786758447697E-002 -7.833978994683381E-003
   770013.647848970       6.788907290257400E-002 -7.340504443080301E-003
   1151003.56845346       6.732456883980573E-002 -7.685385898433420E-003
   687810.261596706       6.676103678755189E-002 -8.032196334080104E-003
   531673.471931323       6.619738105995662E-002 -8.382767221968672E-003
   144401.568011344       6.563093934575882E-002 -8.731957701207575E-003
   556797.856727875       6.573491492694579E-002 -7.772547293234031E-003
   110550.888783217       6.622422896645096E-002 -7.322800964119275E-003
   427336.931702739       6.671491042884294E-002 -6.872987882495791E-003
   296195.073887526       6.720970474047662E-002 -6.425394755430538E-003
   118697.755492406       6.685539731530814E-002 -5.930949849612736E-003
   414122.458144433       6.650385117500757E-002 -5.437770279811998E-003
   688703.549563808       6.615181183549039E-002 -4.944815901579552E-003
   249668.558108742       7.157518607956398E-002 -4.547245981540793E-003
   183576.443861416       7.193780240838171E-002 -5.086879696104347E-003
   20858.5397931421       7.229822849146920E-002 -5.628522409317481E-003
   504957.320420285       7.265789049907806E-002 -6.168487796803837E-003
   391413.038390248       7.301735695055157E-002 -6.707805187552522E-003
   620629.109889396       7.358085149296723E-002 -6.310125837157137E-003
   276586.590097869       7.414298035380591E-002 -5.911492807156653E-003
   109536.069863236       7.470691424568918E-002 -5.511207545690670E-003
   225016.527139913       7.527303710401372E-002 -5.113046827584742E-003
   620611.079869456       7.569240415558609E-002 -5.683937723437256E-003
   537555.227555157       7.514862030548396E-002 -6.106607998590349E-003
   282157.363075508       7.460391317208653E-002 -6.531188098193247E-003
   59245.8553153321       7.405947659958281E-002 -6.955571693918106E-003
   294009.272612311       7.351193662190765E-002 -7.379782489476414E-003
   233152.022795274       7.390302119238661E-002 -7.981653280643588E-003
   102702.728231107       7.428962237216959E-002 -8.584692258378820E-003
   595552.861765285       7.467548125964765E-002 -9.187604000305058E-003
   379688.943290314       7.506049917599976E-002 -9.788100643819384E-003
   199030.900257191       7.464055189226024E-002 -1.009471528071726E-002
   140019.992694051       7.418872731854623E-002 -9.538156861087074E-003
   437523.595054990       7.374005339551026E-002 -8.980702116064866E-003
   568835.518681069       7.329051898922245E-002 -8.426227862697760E-003
   565058.857525223       7.283955649358868E-002 -7.872871787251471E-003
   772840.766591035       7.227630211192707E-002 -8.270960465813540E-003
   303009.542014814       7.171376301647175E-002 -8.671111567863240E-003
   168012.247618888       7.115024712634482E-002 -9.073677589915985E-003
   36076.6463951816       7.058430202920837E-002 -9.473743563614948E-003
   579309.034707369       7.070985695273979E-002 -8.484257532138524E-003
   255463.231268473       7.125316482389582E-002 -8.056573801814336E-003
   220242.256596872       7.179691348426472E-002 -7.627967476690182E-003
   289898.472742908       7.234455383862642E-002 -7.201071420205332E-003
   93777.9780300993       7.193971056517900E-002 -6.691131178993179E-003
   384761.974965779       7.153772488900038E-002 -6.181647539112297E-003
   535768.066073616       7.113466167351738E-002 -5.673504483101413E-003
   204970.649131428       7.626383849459344E-002 -5.266163156639053E-003
   116027.889614413       7.668611907815429E-002 -5.804762617757576E-003
   157083.583814567       7.710596675541645E-002 -6.342669234998275E-003
   454900.778792885       7.752444730474624E-002 -6.880368469670284E-003
   285986.944015171       7.794494110297386E-002 -7.415565407837933E-003
   379625.526261469       7.851637851838827E-002 -7.034379438583043E-003
   182976.455256262       7.908775877595255E-002 -6.651205656754550E-003
   18880.1605306947       7.965922168447138E-002 -6.268334757225545E-003
   128931.086911927       8.023196577159664E-002 -5.884767342321167E-003
   204482.950985854       8.062317992517516E-002 -6.418768848716634E-003
   282510.965150137       8.008788937400546E-002 -6.850219266660083E-003
   79386.6870132692       7.955350431196133E-002 -7.283051532067576E-003
   116800.633059936       7.901745443499687E-002 -7.715839969326932E-003
   145896.781299068       7.848114850854428E-002 -8.147976574113872E-003
   60267.0156420229       7.886886703837280E-002 -8.674728467655180E-003
   70718.6918349023       7.925637091718148E-002 -9.201834166443938E-003
   348466.744715275       7.964274528701902E-002 -9.728266417501042E-003
   209020.154067685       8.003008581917101E-002 -1.025431649337732E-002
   77314.8892701974       7.927677113903062E-002 -1.080470749971112E-002
   107554.887411147       7.889379009210422E-002 -1.027365457699947E-002
   134863.075218702       7.851185510547519E-002 -9.743376360851855E-003
   227243.431681833       7.813021734004859E-002 -9.212626657118831E-003
   332441.697726277       7.774840858688038E-002 -8.683462747909697E-003
   554762.537842520       7.715341761515912E-002 -9.061129749532354E-003
   329510.568359591       7.655925185068721E-002 -9.442363840725304E-003
   187006.960348586       7.596528681296727E-002 -9.824466738590132E-003
   45830.9174901040       7.536853706279534E-002 -1.020698866809884E-002
   289115.296986975       7.559687394332243E-002 -9.329769878594773E-003
   37011.2704371682       7.613293452764441E-002 -8.869362550318453E-003
   268061.154078829       7.667169642180761E-002 -8.409458714921684E-003
   322562.467649408       7.721160735319411E-002 -7.951034319195206E-003
   199675.000288447       7.683067977799653E-002 -7.383551543425411E-003
   113873.521901627       7.645042852011009E-002 -6.816592121106298E-003
   361656.821268639       7.607204647077671E-002 -6.249544606027323E-003
   66739.6992884988       8.115728976298643E-002 -6.028344742477225E-003
   48383.4652752629       8.158639024399476E-002 -6.574854803463310E-003
   83835.2422714631       8.201435312411783E-002 -7.121429455036778E-003
   219612.882731493       8.244215495189901E-002 -7.668416298629756E-003
   135110.467661461       8.287067194098952E-002 -8.213508548219282E-003
   115421.453982761       8.337118076598299E-002 -7.812166241942603E-003
   15870.8705930560       8.387107049488052E-002 -7.409393738470733E-003
   72854.3450914697       8.437220768564090E-002 -7.007825852021130E-003
   76867.7831435939       8.487287558405705E-002 -6.606404815950796E-003
   157837.619580000       8.551193641586535E-002 -7.481228239011890E-003
   224299.784447988       8.497875167572769E-002 -7.836283886795626E-003
   150780.897479449       8.444558274730701E-002 -8.192961061201551E-003
   60166.8703914322       8.391152468950035E-002 -8.548893915248646E-003
   113439.028980022       8.337794753090651E-002 -8.906051393731341E-003
   93407.4689057510       8.377104024224540E-002 -9.458697019961921E-003
   49377.0824016228       8.416396558261680E-002 -1.001189802815619E-002
   131005.749668828       8.455544606913522E-002 -1.056484729441903E-002
   96725.1626903480       8.494686882746035E-002 -1.111653477228611E-002
   41411.2991613674       8.430569236429865E-002 -1.158346299645736E-002
   7733.37009911920       8.390112840672126E-002 -1.104061733414432E-002
   148741.570817762       8.349609343852067E-002 -1.049772065503906E-002
   204083.172069061       8.309100011238292E-002 -9.954424278838376E-003
   218704.989089584       8.268535416048459E-002 -9.412773251866263E-003
   255841.591049503       8.215994463379696E-002 -9.810429828462381E-003
   62819.1499573745       8.163433034557906E-002 -1.020992203373784E-002
   61149.1200016784       8.110846759317565E-002 -1.060872742106303E-002
   15828.7102999651       8.058149211673064E-002 -1.100690873956152E-002
   215011.012779057       8.056634141226908E-002 -9.871415279852797E-003
   141508.805447295       8.110268792491915E-002 -9.487913795913655E-003
   40935.0243454637       8.164032285509336E-002 -9.104095070289777E-003
   137577.339567435       8.217784814709864E-002 -8.720411071989072E-003
   126210.835789696       8.178846084006781E-002 -8.144910490938325E-003
   21764.6816777404       8.139909557140181E-002 -7.569000124812517E-003
   138506.004026841       8.101119211477344E-002 -6.993504224521865E-003
   25546.3658728204       8.638667394641128E-002 -6.842880056993390E-003
   35828.1054816628       8.672898787863775E-002 -7.458307905532579E-003
   44763.0559347931       8.707159625006827E-002 -8.074202878516531E-003
   76750.9244770938       8.741303869301620E-002 -8.688973338808895E-003
   67607.5576912807       8.775525252723496E-002 -9.304363414269920E-003
   13396.1343350246       8.816850994647780E-002 -8.806939084992410E-003
   43238.0204974096       8.858203886945551E-002 -8.310640665221674E-003
   37047.5635223711       8.899693071402183E-002 -7.813668125516130E-003
   43163.3515291011       8.941100070465653E-002 -7.316696714019072E-003
   82215.7769980154       9.038629590387025E-002 -8.655092362466735E-003
   105174.297967624       8.978679078027396E-002 -8.897013464920625E-003
   130489.500452602       8.918722625174566E-002 -9.140068805106550E-003
   126867.659708781       8.858895079697010E-002 -9.382558214028891E-003
   19039.3942959177       8.798970153580797E-002 -9.625199149240189E-003
   26586.3308970699       8.845965197755269E-002 -1.021236490258957E-002
   4612.73524611552       8.892781570542253E-002 -1.079962859156876E-002
   62973.2074885498       8.939674548610944E-002 -1.138788930374302E-002
   34289.5791276018       8.986599686125175E-002 -1.197491197926965E-002
   19509.8788994868       8.932762704472032E-002 -1.236706230465345E-002
   31924.9090534608       8.891299848024142E-002 -1.173983867027574E-002
   24629.9063666951       8.849775250483485E-002 -1.111234105417507E-002
   57046.4096179833       8.808340822345356E-002 -1.048614463691704E-002
   127072.738870693       8.766885635234062E-002 -9.859504388999655E-003
   108212.604754999       8.710572451286304E-002 -1.033403373791107E-002
   37360.9963705041       8.654249168417597E-002 -1.080834286710347E-002
   69065.6865387570       8.597836460825552E-002 -1.128325189715170E-002
   35302.9791753089       8.541427090188443E-002 -1.175744915938751E-002
   174348.355832356       8.556910299731886E-002 -1.072397136066592E-002
   150974.757785689       8.619103674383291E-002 -1.032949030790692E-002
   33237.8913006475       8.681178477919307E-002 -9.933999782365911E-003
   85233.1875532842       8.743428196435224E-002 -9.538686178635045E-003
   10339.2486892192       8.695329315811602E-002 -9.023420497267903E-003
   99026.2010222814       8.647362444841691E-002 -8.509476729968055E-003
   75686.6103860236       8.599289447879886E-002 -7.994805797678141E-003
   18034.9938435345       9.172457153857247E-002 -7.680348785926714E-003
   30828.8592141462       9.196723006684811E-002 -8.276147318984801E-003
   21188.4712226658       9.221056505320654E-002 -8.872263579983733E-003
   20091.7091770411       9.245307628755525E-002 -9.467237018826766E-003
   4496.59936531375       9.269538995221356E-002 -1.006318081598285E-002
   14065.0158785808       9.323775556525365E-002 -9.590932967977285E-003
   16276.2968248846       9.378089367318748E-002 -9.120005916401762E-003
   40150.0288294517       9.432303345311875E-002 -8.647843813992329E-003
   21810.9862698803       9.486601802749824E-002 -8.175707978135070E-003
   10766.2437185752       9.540708103370225E-002 -8.918794872419027E-003
   39417.5954278168       9.479066936470640E-002 -9.290521620541812E-003
   18650.0253952643       9.417430780085559E-002 -9.661013593250388E-003
   12079.9168821279       9.355875782959180E-002 -1.003247365844380E-002
   9071.52275180996       9.294257371511677E-002 -1.040277551040936E-002
   22243.8031408385       9.340512902218022E-002 -1.100803355250917E-002
   5735.46913457667       9.386664972147366E-002 -1.161315342741132E-002
   1502.31039822742       9.432901564473771E-002 -1.221941157629276E-002
   425.756282025919       9.479153348215957E-002 -1.282468337885507E-002
   304.767710699475       9.433992377663564E-002 -1.315346629122409E-002
   1017.58983621292       9.390598748089370E-002 -1.252738642719061E-002
   3882.67426198657       9.347106586107271E-002 -1.190114815409223E-002
   15065.5225117898       9.303696785416531E-002 -1.127606388835126E-002
   52969.5803444753       9.260305616327336E-002 -1.064995259303202E-002
   50038.0878738148       9.201716188341334E-002 -1.111574945538773E-002
   2475.12099400415       9.143151487995825E-002 -1.158103124628254E-002
   16618.7494045052       9.084456325176486E-002 -1.204715735343974E-002
   14009.5671640304       9.025828070350429E-002 -1.251318683228189E-002
   42738.6114547943       9.048861182071757E-002 -1.155933021595471E-002
   24648.8772999900       9.111126521101971E-002 -1.114244943295615E-002
   20053.5380082640       9.173282831422101E-002 -1.072623842322149E-002
   45057.8225579581       9.235578837245732E-002 -1.031041375919147E-002
   13353.3656593259       9.186314466025823E-002 -9.896729532409136E-003
   16258.5526320550       9.137145142651867E-002 -9.483286528582789E-003
   18438.0675156218       9.087885406599408E-002 -9.068791593034144E-003
   465244.827119065      -2.136078948263348E-003  7.504189303152223E-003
   136527.943527933      -1.604339010020628E-003  7.071756876861854E-003
   614971.592551098      -1.075655000125827E-003  6.640017257447036E-003
   1504546.81148393      -5.461484884922436E-004  6.211254659373433E-003
   685895.541831334      -1.675602187357187E-005  5.782898799291917E-003
   1597780.54634504       4.069587528484235E-004  6.210012754892806E-003
   641560.244420697       8.294849835098050E-004  6.641563929757043E-003
   588701.730045679       1.254943463783329E-003  7.075161699204665E-003
   1027357.60278787       1.688513881241329E-003  7.505480749839187E-003
   3185474.44701415       2.460502759875940E-003  6.729701443257260E-003
   1714307.31983127       2.042859541939246E-003  6.298195483925319E-003
   1344438.23719112       1.623334174099975E-003  5.864876019342444E-003
   380351.239393198       1.202751753198658E-003  5.429255326294622E-003
   649852.156202363       7.790726166523373E-004  4.991804125999631E-003
   1093301.05291992       1.205392415642045E-003  4.484629499326070E-003
   845774.051745688       1.625443026080705E-003  3.972929862669343E-003
   1132343.18316350       2.041031226966846E-003  3.461526290207596E-003
   1444540.34329823       2.451687083319964E-003  2.949010893710889E-003
   103496.296827400       1.450375215372614E-003  2.901232641711938E-003
   1453280.80265900       9.647680035065701E-004  3.340505763036083E-003
   1748343.26908376       4.759012426428027E-004  3.774164842863450E-003
   840246.520637910      -1.487347962293516E-005  4.202373966960396E-003
   1010420.86786566      -3.793953290080586E-004  3.775029034238972E-003
   464077.255780276      -7.453764146656826E-004  3.347979360352858E-003
   211699.668938887      -1.112442685827935E-003  2.920785229458941E-003
   346949.543380433      -2.508426594987873E-003  3.524315825879047E-003
   1302587.33947851      -2.082002587888169E-003  3.889184528039743E-003
   846388.229974037      -1.657576130563713E-003  4.257136746339590E-003
   467848.116014253      -1.232878577714294E-003  4.625525432114316E-003
   746642.229870689      -8.062903435509906E-004  4.993244024402196E-003
   704378.995666144      -1.234944611642895E-003  5.528526421149919E-003
   80330.5647739625      -1.658499585503051E-003  6.066885366918839E-003
   755360.522362239      -2.079966510397471E-003  6.605208135054988E-003
   1245163.91302501      -2.500609755907331E-003  7.139964860135071E-003
   898515.206282847       3.244572786686244E-003  7.496296498376914E-003
   67548.2234592070       3.670385002898445E-003  7.010184445760369E-003
   745557.668218812       4.086075603644479E-003  6.521164848874700E-003
   3991505.48225348       4.497500541989712E-003  6.036744483820444E-003
   2147627.63438652       4.908284638239270E-003  5.559555367271305E-003
   1835734.63297429       5.188331854433200E-003  6.036737718963718E-003
   1031154.19865800       5.478147905025341E-003  6.514882100217983E-003
   387394.130302024       5.772486431440822E-003  6.993611966713475E-003
   1641135.42690948       6.079105780146370E-003  7.464749681136816E-003
   5232284.94854727       7.376359247956396E-003  6.119009417317264E-003
   4573798.47390910       6.912702261126513E-003  5.831733668108565E-003
   5476102.55031466       6.446478605932502E-003  5.546244304499282E-003
   4016277.45440235       5.983928847526210E-003  5.252428997551973E-003
   554291.448836088       5.517221839543941E-003  4.954385351792358E-003
   1894376.22684196       5.991555202656207E-003  4.351111082503891E-003
   2497699.11054352       6.447253921557303E-003  3.734555831999709E-003
   742142.376075273       6.882704307066939E-003  3.104617631303838E-003
   295935.402463408       7.310288086841440E-003  2.489350417994019E-003
   1020676.75426015       6.602837143280498E-003  2.870799829212814E-003
   2213260.95960288       6.051922602717827E-003  3.382034924767775E-003
   2032004.34782995       5.487859458139416E-003  3.872697553278722E-003
   2198432.43578972       4.911192335075489E-003  4.349251738915815E-003
   2541163.24102157       4.424578502606390E-003  3.877611617189969E-003
   1747053.62792006       3.939365206608231E-003  3.397488254022608E-003
   563779.632144032       3.449996878429932E-003  2.915374828155940E-003
   4028071.03675572       2.914487834971995E-003  3.438871112194828E-003
   1809205.16105838       3.371789597391328E-003  3.942004859528110E-003
   684468.652584728       3.832231678621424E-003  4.450535912593122E-003
   263852.483149041       4.299685556386452E-003  4.957512475971315E-003
   889462.914013235       3.829166452743415E-003  5.402810975128845E-003
   1762012.71187327       3.371659441019983E-003  5.850107077707339E-003
   2632384.76278692       2.916091167788776E-003  6.292844572103260E-003
   673758.674340965       8.735060680758737E-003  7.401232606357278E-003
   520374.997882345       9.020912707242071E-003  6.981048899564203E-003
   105756.445156736       9.295009271757054E-003  6.554405136973784E-003
   2478032.90774252       9.567817576590445E-003  6.130407540927493E-003
   1823092.14486545       9.834056979183981E-003  5.706494779337624E-003
   3321660.33378471       1.017561770657160E-002  6.105929417643477E-003
   1016118.60417314       1.052103284842930E-002  6.507060096820973E-003
   657874.882298170       1.086789835229893E-002  6.911263526722698E-003
   848064.860883946       1.122097019435929E-002  7.313169228175166E-003
   3177823.29802574       1.232466147050244E-002  6.134125296597467E-003
   2600540.15716064       1.191255891260053E-002  5.807261169603274E-003
   2216176.62517715       1.149808722386489E-002  5.479770994188295E-003
   452069.354629725       1.108306724421275E-002  5.148455174123909E-003
   196234.084653689       1.066122285838096E-002  4.818731893207410E-003
   325654.312920767       1.105008177794789E-002  4.310732864376206E-003
   507495.621721413       1.143115727969169E-002  3.800322135519794E-003
   3099975.47646135       1.180761689802495E-002  3.291015907588251E-003
   2493532.21077367       1.218129219002147E-002  2.788497076795764E-003
   497076.821965642       1.113558079526210E-002  2.694511195868912E-003
   2465558.28407538       1.067938133585472E-002  3.133447761356096E-003
   3109135.16151224       1.022406866717946E-002  3.566839099127919E-003
   2253505.47126053       9.766700885167004E-003  3.994562513724556E-003
   4245291.20963097       9.174429249475693E-003  3.606045522868805E-003
   4177560.07755554       8.591220389981105E-003  3.208848227477870E-003
   2713958.04550275       8.021788922799327E-003  2.793093196320015E-003
   402022.396702524       7.685074789622842E-003  3.097982193360707E-003
   2227989.41372895       8.086798198461023E-003  3.706615165619516E-003
   2605957.08933347       8.507338695327120E-003  4.300442037629044E-003
   971940.169405789       8.941950586394550E-003  4.883313479062448E-003
   2574585.06077540       8.546628594300701E-003  5.194801958869184E-003
   4284492.61419302       8.156457291241787E-003  5.505874835233153E-003
   3784605.17621247       7.763772444410353E-003  5.810675611426779E-003
   887113.039060055       1.350948875214292E-002  7.227568620343805E-003
   881525.130052479       1.383303491199720E-002  6.741811046607767E-003
   1266681.62828103       1.414748502747709E-002  6.250955088655805E-003
   997943.033119305       1.445809721151086E-002  5.760127370399669E-003
   1620040.93408865       1.476095576413005E-002  5.268215950625659E-003
   3968356.63899002       1.524968192052174E-002  5.703148636896356E-003
   2642612.65382988       1.573211939810088E-002  6.155435629469456E-003
   909795.587885211       1.621754948080257E-002  6.615081245079563E-003
   952148.038421336       1.671682592851867E-002  7.072154593849612E-003
   4387240.57877878       1.726510851117827E-002  6.472006582813324E-003
   3276428.72240978       1.679626811950931E-002  6.011181668728143E-003
   1267284.52502173       1.632647653482179E-002  5.540088597080818E-003
   401629.156864032       1.584857973843853E-002  5.066172756253563E-003
   2234317.99374436       1.535805800848902E-002  4.596332405860395E-003
   462323.626246049       1.579280438910859E-002  4.148177931215508E-003
   1785609.93342461       1.621419689421976E-002  3.701641890101729E-003
   4085561.82739166       1.663405581574260E-002  3.261556127826731E-003
   2764970.56789442       1.705509322280030E-002  2.828918692361500E-003
   1456719.23632378       1.571951378272305E-002  2.502278931120460E-003
   874038.950998765       1.536964366408202E-002  3.012541900856449E-003
   3141783.01628065       1.502592571667548E-002  3.518296679297418E-003
   3476185.19166288       1.468358964615337E-002  4.014687777968371E-003
   5688488.80084949       1.419291751922247E-002  3.576454335080108E-003
   2688976.99021296       1.370544907065991E-002  3.127837823624702E-003
   1837537.58256900       1.321761178091250E-002  2.669659518776657E-003
   2514840.74456604       1.264885497971697E-002  3.258047283690627E-003
   1196476.56276856       1.311953046495792E-002  3.735162160656853E-003
   1473642.75527772       1.359755789317145E-002  4.212626260124953E-003
   1104024.94749831       1.409274956092092E-002  4.680535295188861E-003
   1575709.00073131       1.364966685490177E-002  5.049560856903082E-003
   3137789.50009577       1.321015443829074E-002  5.415956331061822E-003
   2828205.42823721       1.276718754423531E-002  5.775636368919922E-003
   813605.645075750       1.786971871488785E-002  7.010677315812949E-003
   613266.183598140       1.831776609200591E-002  6.425777473051613E-003
   94509.3730329533       1.874318615269173E-002  5.830004318390832E-003
   3484243.43438664       1.915666604141987E-002  5.235311746137073E-003
   2132855.38418595       1.957500647919328E-002  4.662421748816438E-003
   1477227.63791446       2.004659549931868E-002  5.190528137464112E-003
   1022579.80663635       2.052643977470374E-002  5.718065078472482E-003
   585189.248528796       2.101689207624837E-002  6.240199859914773E-003
   595838.731851543       2.151910301860702E-002  6.752670247643908E-003
   2738788.27602147       2.212939904863893E-002  6.033151391294763E-003
   2515799.15124104       2.156066516095050E-002  5.620246205416291E-003
   2995953.67755924       2.099732369364254E-002  5.199688221238975E-003
   1380075.26615687       2.044048044403181E-002  4.768862257652049E-003
   913773.210354520       1.988106437356564E-002  4.331279381440252E-003
   1068346.66955424       2.038291800693121E-002  3.751633889717532E-003
   2266810.01546470       2.085030702524979E-002  3.158590654245640E-003
   5384898.91302698       2.131449331361781E-002  2.575700135708270E-003
   2698634.24291729       2.179458355841871E-002  2.015025793726829E-003
   806981.477185122       2.089481402783217E-002  2.244037074628761E-003
   2411672.42146061       2.044527224268201E-002  2.853275799745844E-003
   4457472.61943015       2.000355819339913E-002  3.454729139618586E-003
   4205592.87628049       1.954594666261343E-002  4.030004091612033E-003
   2488436.08169000       1.915870613749311E-002  3.489549035071095E-003
   2012539.41024828       1.875696818698431E-002  2.939295915110178E-003
   2634716.31656497       1.833737303433352E-002  2.395795247092779E-003
   5363733.38028926       1.760754244223046E-002  3.189705920409376E-003
   5230525.24301449       1.815175183829240E-002  3.564162917412764E-003
   2118024.42069580       1.868850089526963E-002  3.955104286680508E-003
   1449364.08074250       1.923751106845727E-002  4.358988045413043E-003
   188906.102961005       1.873207141011200E-002  4.895601544663676E-003
   2912570.93325616       1.824817210121111E-002  5.433971833857986E-003
   3376491.75713769       1.776115324869975E-002  5.959398633636915E-003
   722233.195813249       2.285405588698550E-002  6.638796288845462E-003
   266171.104407799       2.326679289267736E-002  6.113385117467879E-003
   234632.871196973       2.367004978172690E-002  5.583510110285944E-003
   1739700.77800250       2.406843192335577E-002  5.055822181694307E-003
   1460910.81093902       2.446648663234232E-002  4.531734295888629E-003
   2508779.58910976       2.498868507099717E-002  4.962872598574085E-003
   997084.784277377       2.550719752130361E-002  5.404369274306779E-003
   236776.276379425       2.602899756870114E-002  5.851683528916338E-003
   1136092.91113290       2.655861724908657E-002  6.295713517024863E-003
   1754636.04559428       2.704938105159485E-002  5.707707516010854E-003
   1753307.65185102       2.653863415529317E-002  5.261618016002433E-003
   448292.804474697       2.602696919097476E-002  4.806668677840006E-003
   1032766.95795653       2.551151074231818E-002  4.350737177495753E-003
   576634.266818615       2.498566771061018E-002  3.898718164218607E-003
   1989521.17442738       2.542383504390873E-002  3.506053886011021E-003
   2846804.08056948       2.585662380063914E-002  3.116906105361943E-003
   3429973.27507319       2.629179065786697E-002  2.733046245659162E-003
   2024983.61989616       2.672876281239390E-002  2.354273722460875E-003
   1045835.00449107       2.517802745884349E-002  1.833364102150274E-003
   158409.036663157       2.489669330372752E-002  2.353275500478402E-003
   1537190.58413663       2.462041977597754E-002  2.871472082384562E-003
   2322514.04850218       2.434947656338921E-002  3.385547562259050E-003
   4685579.94421543       2.379803147072005E-002  2.956694559878843E-003
   2552249.38586507       2.325413219770365E-002  2.514132385747004E-003
   2304760.23676573       2.271491086158949E-002  2.057407102709091E-003
   1045490.71912826       2.228869272837480E-002  2.517083559941116E-003
   78949.4385439700       2.279005768998666E-002  3.023532888594546E-003
   1986411.03357800       2.330169832340404E-002  3.526290456007988E-003
   294129.683733515       2.383067787865396E-002  4.016039482882249E-003
   549283.866632698       2.340315998201393E-002  4.525086215966701E-003
   1848833.63881310       2.298029334942433E-002  5.032193698049791E-003
   2338731.27243237       2.255557923178618E-002  5.535399694802416E-003
   939869.416688219       2.764118352158726E-002  6.193484594103516E-003
   404447.428798483       2.807976307181112E-002  5.667790154383197E-003
   1011956.01431245       2.851037395540583E-002  5.141649495231102E-003
   2053318.76502671       2.893872209046188E-002  4.621431487736758E-003
   1329420.96212154       2.937294851247673E-002  4.109850213897813E-003
   830113.416014847       2.982147491186332E-002  4.543744239053836E-003
   323592.861745567       3.027131111461098E-002  4.979402591998872E-003
   1055811.11135695       3.072624276160957E-002  5.415607243396818E-003
   1213596.81033576       3.118631959741522E-002  5.849160025890088E-003
   1286765.20623766       3.194271723449689E-002  4.924081002450664E-003
   1922178.94555563       3.144076640540998E-002  4.558736919459207E-003
   1235039.35983051       3.094043190650252E-002  4.187847244779235E-003
   210837.010186087       3.044095873432775E-002  3.813713122172322E-003
   942721.521902834       2.993678698528241E-002  3.437278098007364E-003
   307229.151206340       3.036036820607340E-002  2.927227095354847E-003
   890096.982485497       3.077345030757390E-002  2.416783096862519E-003
   2557275.47412833       3.118476124483208E-002  1.908909150017958E-003
   1589934.92625338       3.159746727581914E-002  1.408438558453962E-003
   416731.031712195       3.046189237296475E-002  1.330564477752702E-003
   1195920.75369194       3.006058698686213E-002  1.851603644925410E-003
   2453799.31918610       2.966238415449176E-002  2.367444393491590E-003
   1964490.86055633       2.926155932262837E-002  2.876958362976016E-003
   1564494.22234760       2.889604727233372E-002  2.433832628489696E-003
   375049.401627169       2.852609638545751E-002  1.988527844503167E-003
   828240.313900233       2.815199179388269E-002  1.541983200115106E-003
   2541952.91756876       2.721958694322369E-002  2.647113605353259E-003
   2208380.22535842       2.771040392364142E-002  2.942970217953414E-003
   732304.340382809       2.820022057733344E-002  3.244137671918250E-003
   1055972.65638530       2.869629113735254E-002  3.547574835750840E-003
   940269.399129617       2.827585446879704E-002  4.089932391877550E-003
   256082.371684171       2.786499796467443E-002  4.632944570770167E-003
   1704591.99662823       2.745790152887127E-002  5.174623399561974E-003
   350706.667010105       3.286995964057136E-002  5.674513420165418E-003
   342957.140639516       3.324417739098366E-002  5.269376401736863E-003
   625992.014389539       3.361520717200203E-002  4.864072405502333E-003
   847940.744529341       3.398465402274080E-002  4.460212301258602E-003
   961816.089539267       3.435673160704353E-002  4.059416339413983E-003
   857755.249526714       3.488058103452227E-002  4.366338883643416E-003
   773104.874705859       3.540468902734453E-002  4.675273769918303E-003
   512212.569307418       3.592816963303674E-002  4.985501956177802E-003
   417783.007677180       3.645439544460879E-002  5.295453343610158E-003
   1322790.10991681       3.692900246462009E-002  4.706730252656293E-003
   797951.445431170       3.652315537005574E-002  4.256334769707451E-003
   262436.682031033       3.611597379477974E-002  3.804030779432899E-003
   43935.2795657385       3.570719100405260E-002  3.350396795466992E-003
   1105690.37094106       3.529757514672577E-002  2.897732976323582E-003
   511144.005288920       3.560542135151517E-002  2.359032124248831E-003
   516664.485417951       3.590503943827224E-002  1.817668208702264E-003
   1271955.12225245       3.620049128457391E-002  1.275733465771266E-003
   1531486.57999604       3.649169668291016E-002  7.373488400072041E-004
   1255960.76236848       3.548124066779846E-002  7.179625232286726E-004
   2468430.45248224       3.503493369963935E-002  1.137113638294198E-003
   2306694.00007609       3.458718504462414E-002  1.550768768394739E-003
   2412493.97534707       3.413846292446183E-002  1.963239207389934E-003
   3135394.14950759       3.365458301886835E-002  1.648706423690337E-003
   2048849.43620830       3.317165290389906E-002  1.330919685739686E-003
   1046711.80593176       3.268743740225410E-002  1.008530408855226E-003
   1522312.10864041       3.199061424666711E-002  1.833212540035073E-003
   195783.961173817       3.238717729991251E-002  2.262569324075338E-003
   1005474.97948967       3.278763346355679E-002  2.691325432164031E-003
   771518.661077432       3.319447756327724E-002  3.117672387846613E-003
   156595.435482714       3.288026834812591E-002  3.571045668198508E-003
   277636.607949447       3.256627546696034E-002  4.022307482827152E-003
   743447.198602068       3.225371705840339E-002  4.473636564404771E-003
   257051.174493604       3.751860274232153E-002  5.177640168669657E-003
   246587.999508066       3.795624074066645E-002  4.667232904219099E-003
   70915.5781537983       3.838851920187847E-002  4.156301433525396E-003
   668155.562038332       3.882079658307058E-002  3.645623657282552E-003
   643823.227104889       3.925218831223191E-002  3.137705348294258E-003
   832404.612733506       3.972683080143113E-002  3.536962301334078E-003
   535281.878730978       4.020135129008725E-002  3.940855726748543E-003
   108177.073101010       4.067758651282599E-002  4.344224449667044E-003
   503041.404935393       4.115709296881934E-002  4.747307328679055E-003
   1354453.10039936       4.184302560905483E-002  3.876516465710607E-003
   1241001.06937008       4.134654135899237E-002  3.503850146169851E-003
   797351.277188311       4.085108105173801E-002  3.128699684676797E-003
   463053.093821137       4.035349171529208E-002  2.752277016955114E-003
   970322.276432243       3.985528095556097E-002  2.374987344265726E-003
   347694.909501160       4.025339450664892E-002  1.887996471334449E-003
   440901.109659094       4.064576769664959E-002  1.400991208622709E-003
   1285369.73487918       4.103557508814311E-002  9.156400414779596E-004
   904695.208928591       4.142798141163611E-002  4.358016928574042E-004
   394934.747678797       4.018289981672876E-002  2.617836357523776E-004
   551666.743764525       3.981820367013608E-002  7.699439548880453E-004
   1321027.62933794       3.945623894612245E-002  1.276373530586230E-003
   1812217.92451050       3.909361975539732E-002  1.778433437941853E-003
   2585018.71483554       3.855560636133807E-002  1.384797317044909E-003
   1377204.88642607       3.801965976846532E-002  9.847580637294476E-004
   671761.612660562       3.748186828547912E-002  5.816607232634725E-004
   1779693.63594933       3.698752778179470E-002  1.183628202380022E-003
   759920.964137372       3.748343501866763E-002  1.635898857122485E-003
   466241.772835510       3.798402200238350E-002  2.088217730317637E-003
   194326.987266677       3.849095052238019E-002  2.537604807579727E-003
   304947.137567979       3.809882334226904E-002  3.080908353125626E-003
   361882.485908952       3.770863663077345E-002  3.625715205760249E-003
   605567.052650091       3.731951965376011E-002  4.167455027077058E-003
   272130.189804288       4.271433393054094E-002  4.557341404270247E-003
   298368.130035941       4.308080737161329E-002  4.007799656398593E-003
   217923.664294290       4.344227040895412E-002  3.457283383042447E-003
   506142.890236315       4.380184305803340E-002  2.906484974052729E-003
   567225.973647146       4.416164406022464E-002  2.359918081522984E-003
   419461.219199358       4.465213890094885E-002  2.800532609612123E-003
   22696.5095937812       4.514369495673715E-002  3.243662166744735E-003
   188975.821851546       4.563593348811069E-002  3.685563202204655E-003
   397457.387569626       4.613200088222798E-002  4.126482326283134E-003
   838807.867000034       4.678657979165661E-002  3.280021715575199E-003
   805124.531673320       4.624077658376975E-002  2.910321730953582E-003
   665295.339250733       4.569670159656339E-002  2.539477162664493E-003
   304493.022628706       4.515161356348867E-002  2.165786115963374E-003
   644400.126242596       4.460605122984179E-002  1.791393650320730E-003
   253092.912008622       4.503947267014282E-002  1.253140389105396E-003
   164863.957627338       4.546827329636880E-002  7.136500667070359E-004
   934577.390561040       4.589535631159265E-002  1.772371782591685E-004
   621301.169085497       4.632453872358165E-002 -3.570526958319624E-004
   445643.238446738       4.524515005530037E-002 -3.183783595287933E-004
   289890.313288071       4.484286005005009E-002  2.395992884381697E-004
   756326.845533594       4.444080415371889E-002  7.968538507468663E-004
   1128492.33276222       4.403761059692984E-002  1.349537306101677E-003
   1090829.81770336       4.355941626293536E-002  9.058551995324363E-004
   132305.288948125       4.308114506098307E-002  4.565889538029212E-004
   521521.334678256       4.259894502583001E-002  8.179804090925006E-006
   1392762.83905066       4.196872691684347E-002  8.009086828151624E-004
   851001.657298161       4.250746107844349E-002  1.171436894501021E-003
   93574.0687679123       4.304793595945776E-002  1.543694041277503E-003
   730192.299436470       4.359204938990583E-002  1.916894857940539E-003
   189190.477367260       4.315342077321711E-002  2.409128581976096E-003
   521037.924473005       4.271652117355154E-002  2.900501182117066E-003
   625425.928841874       4.228027440557183E-002  3.389096122811134E-003
   206091.062506871       4.763411856474568E-002  3.931926827154571E-003
   128759.254034332       4.801373139193850E-002  3.467071941749002E-003
   171995.906987733       4.839005736231633E-002  3.002019940850710E-003
   396750.397128323       4.876680024621782E-002  2.536645996854697E-003
   461185.418961071       4.914435103477768E-002  2.073960802037222E-003
   397643.328116822       4.965624342485311E-002  2.420053171811782E-003
   319775.724645919       5.016897438574384E-002  2.768215022839852E-003
   95905.1575608381       5.068095505963725E-002  3.115988469824208E-003
   128380.503792770       5.119488475108836E-002  3.463614682023449E-003
   415008.524624475       5.174842871365291E-002  2.743710321321667E-003
   398118.666663888       5.128347622791687E-002  2.335649995283766E-003
   142728.489160042       5.081841455937545E-002  1.927574309925420E-003
   36378.0348754648       5.035151713149522E-002  1.518493119700406E-003
   491439.637351054       4.988507384383566E-002  1.110347343113933E-003
   196811.348707718       5.023566293935610E-002  6.272551169739385E-004
   249587.009266626       5.058379077944592E-002  1.432244539836926E-004
   747169.803013770       5.093026483126801E-002 -3.386114121852108E-004
   739993.198313610       5.127696351706671E-002 -8.192119054144836E-004
   104452.472718249       5.003160996517185E-002 -1.021301644035527E-003
   529316.618124907       4.966203928476207E-002 -5.558848198341250E-004
   779667.752440743       4.929201114010827E-002 -9.083690791758178E-005
   1119353.85377756       4.892255925808409E-002  3.723571851443710E-004
   1463767.60205757       4.840415574607868E-002  2.571648671398493E-005
   922683.029490573       4.788602765661475E-002 -3.247944409772831E-004
   17210.0218580343       4.736816918121941E-002 -6.766667869847419E-004
   1124246.48526945       4.678562260736792E-002  6.339325977201956E-005
   176289.205070832       4.724725120109640E-002  4.866195595037439E-004
   437951.763489565       4.771249799143953E-002  9.108551013334736E-004
   445529.560664828       4.818031973646618E-002  1.333401017250303E-003
   113788.809051136       4.783120592495745E-002  1.821195003571258E-003
   183936.859908988       4.748183388535011E-002  2.308695342162025E-003
   415119.574478012       4.713387417869763E-002  2.794256521748745E-003
   60939.4271998844       5.246812416645039E-002  3.295693885541138E-003
   205778.042028886       5.285786146518045E-002  2.690147420501843E-003
   393246.264855202       5.324417581816451E-002  2.084230978412418E-003
   156435.897054108       5.362959317508163E-002  1.476357352644025E-003
   359805.141333379       5.401198557175084E-002  8.687701547958155E-004
   803705.816796930       5.457638182543098E-002  1.341410062192750E-003
   445269.042729526       5.514146760726579E-002  1.819739342267852E-003
   89550.8417981718       5.570787021604082E-002  2.296854144945727E-003
   178906.800110237       5.627803560474080E-002  2.772298603518087E-003
   849792.252325055       5.670295235219681E-002  2.208594495804784E-003
   1044460.44252476       5.609540798485112E-002  1.789654337318128E-003
   822368.671405337       5.549064059038564E-002  1.366903685863404E-003
   567978.672837575       5.488467268368871E-002  9.412154178924780E-004
   447974.201242253       5.427645348862370E-002  5.178535850871276E-004
   714499.015682361       5.476210683084234E-002  6.596538050808193E-005
   929384.233951285       5.524544891331792E-002 -3.832044364727579E-004
   1180164.12799878       5.572993855510947E-002 -8.288026838384746E-004
   666827.096509253       5.621724750227688E-002 -1.272330164564166E-003
   703630.629819899       5.477848050451613E-002 -1.537883339056421E-003
   392577.703229991       5.449100276355417E-002 -9.396667997447249E-004
   282810.098051269       5.420691891365900E-002 -3.399259856303426E-004
   1174916.55080481       5.392619147368263E-002  2.563791664626546E-004
   1408175.95204342       5.343337150831091E-002 -2.275074824158417E-004
   305800.990963307       5.293919347899885E-002 -7.163685975687248E-004
   33243.5953636397       5.244397104874676E-002 -1.204509123857197E-003
   1149570.59351247       5.187370933216080E-002 -4.649069356193465E-004
   1085110.62616694       5.246817471881533E-002 -1.091515112954617E-004
   488874.520495163       5.306351697169990E-002  2.491901681250042E-004
   393799.918917071       5.366204098331125E-002  6.059755081648938E-004
   69022.4091576816       5.318536039551821E-002  1.142045399120672E-003
   378566.025187082       5.270764501248847E-002  1.677941494840327E-003
   255216.774045182       5.222899645016397E-002  2.210773631102153E-003
   237938.143881703       5.726644286442135E-002  2.631173497393697E-003
   270169.425290673       5.769241604136872E-002  2.073652927898381E-003
   41667.0307663605       5.811461951794498E-002  1.515668504748721E-003
   436682.143756926       5.853760785770368E-002  9.593006286333396E-004
   390294.806348416       5.896179156078686E-002  4.066906425283139E-004
   177939.902531900       5.952738149108600E-002  8.205093406203684E-004
   101551.846374148       6.009333107104868E-002  1.234461491156612E-003
   62521.8360788733       6.066019890301276E-002  1.647850037045507E-003
   51614.2850040074       6.122845705901885E-002  2.060063259948855E-003
   299196.558272307       6.163827960033021E-002  1.511409159966926E-003
   509219.611491862       6.108539689479339E-002  1.082656831496611E-003
   347646.576024813       6.053332563855898E-002  6.520206104195722E-004
   248157.518539972       5.998146141645944E-002  2.203966473066747E-004
   440326.988107007       5.942943146803037E-002 -2.116535676653470E-004
   253082.661070874       5.983989492448882E-002 -8.024118186354861E-004
   150690.064169858       6.024528199780878E-002 -1.395195831060327E-003
   513590.987769012       6.064855634460600E-002 -1.987707823897570E-003
   452926.351701164       6.105197732145515E-002 -2.578562015787789E-003
   92344.1190319877       6.015083586940438E-002 -2.354240142622113E-003
   500798.932328208       5.970568554482101E-002 -1.792834597314634E-003
   624800.220858234       5.925972013975713E-002 -1.233956312520519E-003
   920477.624255907       5.881189488118897E-002 -6.776939098697568E-004
   618219.690322255       5.838263280017222E-002 -1.112044243121453E-003
   67620.0134032818       5.795173734136272E-002 -1.548649614948238E-003
   519437.100070129       5.751840970087539E-002 -1.984779621095526E-003
   1281431.34563495       5.674866594128052E-002 -9.729410374688776E-004
   934624.851930735       5.727910216307606E-002 -6.705027839273943E-004
   454776.245028938       5.780985366253964E-002 -3.660019374282387E-004
   599549.875663317       5.834284694634265E-002 -6.029289266225573E-005
   564432.221290819       5.792967104946490E-002  5.071089084096227E-004
   154729.282371867       5.751997929917588E-002  1.076262864673620E-003
   192970.068531363       5.711161898861653E-002  1.643496783747672E-003
   47665.1804692462       6.218651321050667E-002  1.920063822746802E-003
   104061.610338935       6.261607682254691E-002  1.370329872518048E-003
   157771.490750702       6.304424677389686E-002  8.200415326802234E-004
   44965.1081591609       6.347213951275438E-002  2.698691346843581E-004
   165152.891943447       6.389978425524097E-002 -2.802292281826003E-004
   333073.531258165       6.448382272331592E-002  1.188371984178040E-004
   373316.179278836       6.506713079027802E-002  5.199085574422030E-004
   97971.9679056449       6.565082120140114E-002  9.215197385386495E-004
   142217.452009048       6.623600480740725E-002  1.322548213503669E-003
   382306.118705342       6.658660529887173E-002  8.497868291914117E-004
   471860.904857073       6.603703180879801E-002  4.048428739563941E-004
   173405.865681238       6.548757437302508E-002 -4.190298923508091E-005
   130335.089298134       6.493716188959998E-002 -4.887058168747379E-004
   427511.603495417       6.438581825773312E-002 -9.351113272637653E-004
   150070.857543135       6.479699380982309E-002 -1.438307366433716E-003
   287298.994180946       6.520564330884243E-002 -1.940406372660345E-003
   625599.551578474       6.561410863518657E-002 -2.441982627618203E-003
   364794.596885731       6.602374666894559E-002 -2.941356517231002E-003
   353895.279714775       6.479632286895289E-002 -3.043670272767167E-003
   59615.7989615018       6.444013977472110E-002 -2.501024011328908E-003
   367712.518875962       6.408616542194821E-002 -1.959228374983021E-003
   701954.285171360       6.373164202247639E-002 -1.418789584201991E-003
   1042174.08562111       6.314636192746355E-002 -1.818565575616280E-003
   675966.048790200       6.256225436256238E-002 -2.221307164377927E-003
   224797.879501076       6.197813714095043E-002 -2.626142752267125E-003
   735229.432861737       6.159837648181941E-002 -2.125759784158744E-003
   215786.098647880       6.214501708065192E-002 -1.671170930210655E-003
   191107.530470173       6.269374210817076E-002 -1.216989487269480E-003
   56481.9114349505       6.324576595583913E-002 -7.652314952544918E-004
   100987.867864529       6.284375843742994E-002 -1.957134515305128E-004
   50494.8904930321       6.244219012681398E-002  3.738207824969947E-004
   42280.9359868887       6.204033951297237E-002  9.428223191291349E-004
   133787.050188344       6.705909106133544E-002  1.199069502060586E-003
   146941.982970611       6.750986277250776E-002  6.895422411064426E-004
   15030.2920438170       6.795914534507481E-002  1.811561243011701E-004
   146188.823561813       6.840846762037077E-002 -3.273056159458360E-004
   174888.524971315       6.885857347705407E-002 -8.337545036901772E-004
   126146.872414172       6.935635020090217E-002 -4.697656856481307E-004
   122562.018472418       6.985320704472600E-002 -1.038854834516760E-004
   21333.7967751519       7.035136790972607E-002  2.607924699394998E-004
   137824.835710292       7.085032589640074E-002  6.261814033642205E-004
   308860.021911318       7.147584976864267E-002 -2.217756067633943E-004
   324261.935538227       7.098141050250917E-002 -5.908853755156656E-004
   195987.208508957       7.048805490159217E-002 -9.608589644488005E-004
   163734.191045326       6.999361945341835E-002 -1.329982762326046E-003
   303013.880036758       6.949995165241843E-002 -1.700638539372986E-003
   142852.425785507       6.986413462529149E-002 -2.201705800433502E-003
   30004.2927242808       7.022745644527260E-002 -2.703353094244048E-003
   255803.300038540       7.058941276514251E-002 -3.204301685185438E-003
   212697.730028303       7.095257406871204E-002 -3.703486358116408E-003
   134286.594781687       6.974033744616828E-002 -3.827952321684145E-003
   142976.995488197       6.937137804823920E-002 -3.331671823984025E-003
   260557.145160567       6.900268124067119E-002 -2.835203273031979E-003
   491279.226268010       6.863404063887049E-002 -2.340308447696459E-003
   569526.914118852       6.814318098751035E-002 -2.705880067704627E-003
   331048.895214082       6.765319436351314E-002 -3.073946901761472E-003
   50307.8162052453       6.716180912342871E-002 -3.441465707199505E-003
   488813.956681284       6.651557915156150E-002 -2.575374504965548E-003
   216526.245070726       6.700655272331255E-002 -2.208084120251272E-003
   48450.5478124227       6.749913690517576E-002 -1.841638833185205E-003
   239850.267063530       6.799214123097015E-002 -1.474438785106584E-003
   268284.705482658       6.764009771918678E-002 -8.934458786465259E-004
   136041.431722606       6.728806830397013E-002 -3.119508337018091E-004
   24550.3457339782       6.693771056587526E-002  2.692389096999375E-004
   40785.5065209140       7.232346987286210E-002  4.022949956907001E-004
   86987.3601226663       7.268219050285479E-002 -1.632001250063009E-004
   102142.229785820       7.303978661909587E-002 -7.291987762665679E-004
   103305.808253633       7.339615583026264E-002 -1.295865060603410E-003
   128371.820408355       7.375347917882594E-002 -1.861474506972279E-003
   167146.165125508       7.428752581304100E-002 -1.432510322988759E-003
   150733.841937313       7.482190353562086E-002 -1.002471011702975E-003
   140720.531776231       7.535641496227026E-002 -5.735745188776365E-004
   107827.249770618       7.589132809771093E-002 -1.449917885474388E-004
   271306.439430819       7.643012733848722E-002 -8.793990084350568E-004
   269028.397905447       7.586143526900435E-002 -1.261074399092030E-003
   281342.513646921       7.529289855624681E-002 -1.642976823513557E-003
   292305.012511543       7.472350777071421E-002 -2.024992297297444E-003
   134280.638082659       7.415521269356648E-002 -2.407372261654887E-003
   109933.972880526       7.457897341380383E-002 -2.979255819608842E-003
   54137.3864934313       7.500176296563424E-002 -3.550995230617064E-003
   200223.913139772       7.542304265288369E-002 -4.123179330826116E-003
   144170.355932926       7.584457619771783E-002 -4.694521919701745E-003
   109763.899781203       7.485627818594610E-002 -4.536531519687426E-003
   117484.937394793       7.444063142130969E-002 -3.959879321101692E-003
   146743.843243530       7.402609343594871E-002 -3.383139042777257E-003
   466097.145196092       7.361004099518709E-002 -2.808076535232447E-003
   458833.033219764       7.310185548854177E-002 -3.241673946358321E-003
   197698.994525397       7.259328871490785E-002 -3.677472054998092E-003
   43928.8372441018       7.208410308643211E-002 -4.112399287428918E-003
   505921.948484633       7.151595508241783E-002 -3.345104602157344E-003
   347707.255182608       7.207907574720765E-002 -2.984470416682428E-003
   158294.038487494       7.264344045610324E-002 -2.623475306783570E-003
   11931.9740607874       7.320804437070830E-002 -2.262700385649688E-003
   106033.034752510       7.277486734588384E-002 -1.752043637675942E-003
   63630.9563207430       7.234114339426623E-002 -1.242231939470733E-003
   44709.9139239256       7.190834105467973E-002 -7.320731927219952E-004
   69485.4146540243       7.716406222076569E-002 -3.412458811438129E-004
   63498.2163424607       7.754752836231052E-002 -9.024329340244306E-004
   92715.4212789979       7.792987141671942E-002 -1.465053099077626E-003
   52657.1283532241       7.831215969834215E-002 -2.026650099214370E-003
   92634.2806823070       7.869417413167412E-002 -2.588220890175681E-003
   225850.260742171       7.932665760050701E-002 -2.184880957974307E-003
   252892.360530135       7.995869399805980E-002 -1.780719069509635E-003
   193172.673739014       8.059081089650401E-002 -1.375189776728337E-003
   85532.0847882252       8.122271502581414E-002 -9.711154540795863E-004
   257083.694100253       8.142693012509167E-002 -1.251137137924835E-003
   282368.825179060       8.085204309084823E-002 -1.730971245438724E-003
   134745.369539342       8.027603194561608E-002 -2.212850280598087E-003
   88263.6485664849       7.970042830295755E-002 -2.694815807172803E-003
   171284.175513893       7.912426167763928E-002 -3.176399991365914E-003
   84492.8138493226       7.953586185057325E-002 -3.756143857806407E-003
   26410.4546688579       7.994567793100901E-002 -4.336329788789192E-003
   294043.078607419       8.035615282985724E-002 -4.916099427116528E-003
   145087.700099380       8.076630290814073E-002 -5.494345091209159E-003
   160378.260217910       7.980676435615321E-002 -5.314863977846876E-003
   90794.1792984769       7.938337568346192E-002 -4.743669514230634E-003
   198630.659175253       7.896010251954723E-002 -4.174113833110852E-003
   332137.525522281       7.853639659654603E-002 -3.605565112489777E-003
   417844.675351202       7.796822565436549E-002 -4.019367877797701E-003
   229005.230149743       7.740129114201488E-002 -4.434487476680623E-003
   33058.1550389859       7.683290007503266E-002 -4.850944802159477E-003
   350542.579227392       7.640930823325581E-002 -4.275821812738017E-003
   164792.726129694       7.697488895000537E-002 -3.856092229397462E-003
   13289.9671164824       7.753988592803077E-002 -3.437065436793867E-003
   17362.0148785615       7.810632108290831E-002 -3.017854801926143E-003
   23434.5003535109       7.768746236997529E-002 -2.482979088386053E-003
   90335.0996793740       7.726885878000116E-002 -1.948188317559976E-003
   51811.9419568782       7.684897939327302E-002 -1.413686485566469E-003
   42409.5041853592       8.170677145039822E-002 -1.047339649666603E-003
   95337.4047328890       8.220086337281528E-002 -1.528962512880557E-003
   90374.3836524816       8.269531066235833E-002 -2.011150661039927E-003
   124622.163825886       8.319037316652346E-002 -2.491728406424589E-003
   84409.7077842413       8.368568526031109E-002 -2.972849066540694E-003
   59214.1227413237       8.415998388380008E-002 -2.643061577004321E-003
   48862.8761896318       8.463317066004619E-002 -2.313980643163909E-003
   36588.2275736127       8.510767042507675E-002 -1.984121039395653E-003
   40235.7585694245       8.558207715350374E-002 -1.655173275077566E-003
   74024.7559695061       8.627306852868528E-002 -2.602685852487999E-003
   151209.762386514       8.581554977525634E-002 -2.953918589076352E-003
   80390.0809395042       8.535717163392190E-002 -3.305393612168134E-003
   59467.2395586288       8.489985469190552E-002 -3.656101592895834E-003
   64343.6800919811       8.444134457142838E-002 -4.007738219300081E-003
   37576.0600952570       8.476887907586778E-002 -4.498318066306873E-003
   9459.62783066142       8.509502625563227E-002 -4.987937914038224E-003
   56396.4794594489       8.542192441462221E-002 -5.478574292988742E-003
   37600.2083269102       8.574802190917802E-002 -5.967805095911981E-003
   20107.1262649529       8.450663617388862E-002 -6.145916152008052E-003
   51530.4699566463       8.413971220662045E-002 -5.684396870131919E-003
   63541.7312801474       8.377361789575007E-002 -5.224241210925330E-003
   173835.432802299       8.340687940823709E-002 -4.762942821781187E-003
   245629.289597482       8.284434828813485E-002 -5.079030532692815E-003
   212618.188676279       8.228219926019104E-002 -5.394758021747215E-003
   138954.030055634       8.171992672512003E-002 -5.711977946682630E-003
   132883.573277865       8.123623575249249E-002 -5.052896879700213E-003
   10970.0656326202       8.170758569950762E-002 -4.611235016633748E-003
   61535.5072039545       8.217846733253245E-002 -4.169550869528033E-003
   111683.025566987       8.265080438524010E-002 -3.728306358091948E-003
   127601.184919577       8.234355284645596E-002 -3.108951789169576E-003
   101031.376062187       8.203777752504823E-002 -2.489476724436937E-003
   53558.9724538713       8.173161289779941E-002 -1.869633360222684E-003
   56124.1451740716       8.721995466519875E-002 -1.912432540174792E-003
   70102.4216874693       8.755447337345121E-002 -2.479832317605682E-003
   50216.2307278353       8.788871852653052E-002 -3.047415628769964E-003
   39122.3037779971       8.822218955863115E-002 -3.614793181556127E-003
   15915.7904005552       8.855665182481762E-002 -4.182452759655409E-003
   31666.5278827059       8.916434331559620E-002 -3.762830965051458E-003
   46942.5316247148       8.977325354993726E-002 -3.343949638521099E-003
   120469.767006510       9.038119481836304E-002 -2.925311854712758E-003
   119557.875483972       9.098981487850540E-002 -2.506826254811984E-003
   92345.5220229731       9.128760111599951E-002 -2.916306399446854E-003
   42613.8661355038       9.070113203644725E-002 -3.365981744211345E-003
   100756.398594483       9.011484266869869E-002 -3.814324553943477E-003
   157306.544361161       8.952871437133862E-002 -4.263815436458176E-003
   34270.5248052102       8.894332163632199E-002 -4.712848888452198E-003
   45842.1914852252       8.939511819914375E-002 -5.119581204035202E-003
   92907.7479652605       8.984669739862568E-002 -5.526510821104632E-003
   100803.028888141       9.029806922467658E-002 -5.934495187465690E-003
   61730.1513823568       9.074965313028192E-002 -6.341423095358079E-003
   25028.3314794548       8.916208365422698E-002 -6.762337577868859E-003
   6612.36834707918       8.891193251318728E-002 -6.207930586243363E-003
   54375.8352230278       8.866264636928257E-002 -5.653712900531903E-003
   88817.9508673458       8.841338739958755E-002 -5.099333716639565E-003
   55723.6835282497       8.790623292678661E-002 -5.534995294205786E-003
   56711.5509868730       8.740008971774921E-002 -5.970989216821323E-003
   41043.1270338755       8.689291484698876E-002 -6.406857716164048E-003
   64795.5610523225       8.631757270032044E-002 -5.618613556386176E-003
   62872.4693022821       8.688726950812763E-002 -5.268420758994166E-003
   75655.5587662079       8.745683855425627E-002 -4.919233309075402E-003
   20551.3828560145       8.802658316876000E-002 -4.569072862816700E-003
   82576.2012388464       8.758814670965676E-002 -4.077379452650637E-003
   65255.1954905662       8.714957885640305E-002 -3.586593869680304E-003
   132606.760190817       8.671112486962480E-002 -3.094833475593568E-003
   147678.767744351       9.169671524523816E-002 -2.618453760699860E-003
   141556.905660331       9.215004654411919E-002 -3.187735158767138E-003
   61183.0434065902       9.260311020974756E-002 -3.755955931829650E-003
   117883.658036218       9.305698969397709E-002 -4.325750679361201E-003
   60872.6255645095       9.350934879739108E-002 -4.896077736306219E-003
   111610.983270061       9.413129664924239E-002 -4.495501370233598E-003
   51874.9923322225       9.475455954924349E-002 -4.095928636601767E-003
   117451.401594669       9.537659837748277E-002 -3.697692187484906E-003
   99260.7827404905       9.599788313599697E-002 -3.298133429206226E-003
   49973.8310784394       9.624325504842185E-002 -3.635426353673239E-003
   121651.244916154       9.566919336680736E-002 -4.102233974529057E-003
   35186.4648497146       9.509599322252869E-002 -4.568074327900050E-003
   99267.5649399825       9.452215213994532E-002 -5.034881842242421E-003
   56638.3569456244       9.394918040831945E-002 -5.501297633387505E-003
   67735.6419577475       9.436422240357478E-002 -6.034136262346007E-003
   8163.87611319262       9.477933068697081E-002 -6.567931935588499E-003
   8757.78124582195       9.519376877101693E-002 -7.100591656616631E-003
   2684.51366137856       9.560900388358345E-002 -7.634534559446510E-003
   7781.69137631112       9.448510190774081E-002 -7.616953958054814E-003
   20919.6364743651       9.410496963086545E-002 -7.059280595050075E-003
   77860.3068288903       9.372399029669694E-002 -6.500353813238601E-003
   14351.4701056449       9.334423225539874E-002 -5.941254666890554E-003
   17350.9716772466       9.293926790392273E-002 -6.376272139871388E-003
   41086.2979182102       9.253445749172805E-002 -6.811214061290835E-003
   40469.3525567451       9.212897557775100E-002 -7.245099206920863E-003
   69551.4404002164       9.128854033560102E-002 -6.090197782931404E-003
   72589.6938907000       9.182658568658930E-002 -5.837880686730143E-003
   54114.3985928694       9.236549195903340E-002 -5.586923648845561E-003
   71853.8292048502       9.290435057873329E-002 -5.336209661692561E-003
   109685.100769493       9.250059572753290E-002 -4.731693226332051E-003
   44433.3358916462       9.209617865898197E-002 -4.126485047244529E-003
   130795.199571110       9.169211250018736E-002 -3.522399474418074E-003
   260658.513808417      -2.239454720537119E-003  1.252067941053905E-002
   195509.088498998      -1.671909222000258E-003  1.200552810777815E-002
   353987.317533749      -1.114422548698416E-003  1.148117893198239E-002
   612174.804241263      -5.608023102144920E-004  1.095606385631319E-002
   267394.461831452      -7.062140003475416E-006  1.043183837703086E-002
   118850.868267371       4.914968265618125E-004  1.095275379030510E-002
   421251.192645114       9.904603114131846E-004  1.147324194700644E-002
   161844.887607577       1.491303469664934E-003  1.199476057061089E-002
   236257.086634727       1.993983627456592E-003  1.251348254716916E-002
   696333.465741107       2.499359897642937E-003  1.199898332576209E-002
   83231.7930640880       1.975882288881219E-003  1.150521489953072E-002
   18384.9573813763       1.451922076280515E-003  1.100923436831840E-002
   433728.219514432       9.294005988656549E-004  1.051270619156025E-002
   7875.36292162967       4.042407472054200E-004  1.001644131545545E-002
   449190.175326110       9.217869257938096E-004  9.580680682449216E-003
   726087.700262622       1.437093843855608E-003  9.146217305332929E-003
   700663.520985001       1.953593440621950E-003  8.711796381387605E-003
   698433.735002709       2.470230166586822E-003  8.279120241892146E-003
   60103.7882398259       1.261118949713470E-003  8.029896553525307E-003
   195013.761856233       8.349788983630533E-004  8.555721709499494E-003
   620833.353367331       4.113335373085797E-004  9.080618365081719E-003
   354490.890800817      -1.280117373945615E-005  9.604780848133572E-003
   585736.765882737      -5.451153561138778E-004  9.083112169523502E-003
   28310.5285969426      -1.075145848575488E-003  8.558725809399974E-003
   626864.307894827      -1.604802891934743E-003  8.031030179159364E-003
   560802.849186726      -2.502088424516698E-003  7.867219129470891E-003
   201603.708317164      -1.984951205545865E-003  8.404221064491487E-003
   348766.908574281      -1.467481901935105E-003  8.944080537639997E-003
   814554.816184534      -9.488473472606664E-004  9.483400656409693E-003
   181053.126211172      -4.242912317371262E-004  1.001971390340307E-002
   588800.112017627      -9.406481482309188E-004  1.058350932368082E-002
   1017771.11459162      -1.454529310890951E-003  1.114674249290718E-002
   1452788.58018604      -1.970836229168976E-003  1.170553618049052E-002
   3142836.49739100      -2.493105132224077E-003  1.225296427110983E-002
   322240.616934873       3.014922516177815E-003  1.250484889380687E-002
   743707.530934664       3.506930923442367E-003  1.203146518028965E-002
   312493.962898112       4.000602796809549E-003  1.155829537062119E-002
   454423.034121317       4.493036987068193E-003  1.108234222278656E-002
   143288.103298101       4.985460781581403E-003  1.060658271394809E-002
   615339.293113299       5.456353741277431E-003  1.106913796063949E-002
   323944.677881923       5.927203631189426E-003  1.153182762270319E-002
   97721.7191763960       6.397414332902407E-003  1.199311315970420E-002
   695592.621052667       6.867228318717475E-003  1.245507947852238E-002
   230010.581446918       7.513844498438708E-003  1.178395573379092E-002
   641394.841557024       7.031877562057724E-003  1.133185387233863E-002
   301890.017965775       6.550180600977334E-003  1.088156350840479E-002
   46702.9768589945       6.067980280275651E-003  1.043164751293054E-002
   361154.442625301       5.588317036098554E-003  9.981207752799003E-003
   1377798.65732830       6.052973102269615E-003  9.676528532994024E-003
   1319456.09851856       6.515073004564487E-003  9.371193448394982E-003
   1089960.74635981       6.975968352082479E-003  9.066898834110501E-003
   1090578.76822283       7.440210667332500E-003  8.766190083259883E-003
   250640.910777633       5.799656374663476E-003  7.946066211714965E-003
   403505.317961430       5.519003596004541E-003  8.424637064505991E-003
   900352.329807923       5.240032220373704E-003  8.903612203805856E-003
   1752799.89477257       4.963853499144905E-003  9.380611219770371E-003
   2163474.22428931       4.535594241264230E-003  8.912968506489207E-003
   452779.049394236       4.107136204579499E-003  8.442231237940252E-003
   355061.498838841       3.676660919896819E-003  7.970130939075806E-003
   1142668.93168592       2.941494292963524E-003  8.706533126225793E-003
   435217.263233350       3.410789618202740E-003  9.137868302373554E-003
   921596.578324639       3.882504636908032E-003  9.569685600559607E-003
   124941.465504050       4.360473502855074E-003  9.999457894695739E-003
   1093930.58410223       3.899041882177789E-003  1.050039894449059E-002
   521607.532935509       3.432851283571277E-003  1.099908411558817E-002
   169637.563388186       2.966549956955705E-003  1.149868608336416E-002
   208973.249260542       8.187044986572609E-003  1.243023503447176E-002
   943784.106003601       8.637848383166511E-003  1.192909189641496E-002
   698025.336182440       9.086670608851190E-003  1.142667929025846E-002
   618893.531664944       9.533588050037520E-003  1.092321919826724E-002
   197130.738234042       9.979439608291897E-003  1.041961792897587E-002
   110494.117029029       1.048360164616328E-002  1.088925308601075E-002
   402503.572338113       1.098709351123407E-002  1.136105466484008E-002
   88994.5535949919       1.149228105811193E-002  1.183195114924364E-002
   122823.130457017       1.199928082839043E-002  1.230184649521551E-002
   749753.738072734       1.252164482864950E-002  1.173590040427877E-002
   904391.928169435       1.201769658475691E-002  1.126769915051437E-002
   510045.477645801       1.151520743533185E-002  1.079688922206611E-002
   783011.619774041       1.101255730221134E-002  1.032513515960845E-002
   896020.130718408       1.051096041239258E-002  9.851687708166981E-003
   457337.749510037       1.098730068892700E-002  9.490646876964961E-003
   520148.434696543       1.145910280477144E-002  9.129867351059877E-003
   1065552.60250731       1.193134359817357E-002  8.771872348424387E-003
   834244.640544242       1.240399873541514E-002  8.415677856904492E-003
   594008.760045568       1.089878658446183E-002  7.816082930511871E-003
   61018.4314745756       1.057918006548116E-002  8.320027114177085E-003
   365388.615526136       1.026116078456547E-002  8.823284248909335E-003
   1516598.08948582       9.946126469816349E-003  9.325419227612758E-003
   1161518.42851348       9.645597158330818E-003  8.846280941509356E-003
   275185.022543469       9.343163942040775E-003  8.365119361612553E-003
   308521.624491262       9.038972553386440E-003  7.883689762329215E-003
   1461568.66535658       7.934252285411095E-003  9.044355427918767E-003
   1222240.95951017       8.426737173336092E-003  9.325272286307570E-003
   784731.454894320       8.919505741625283E-003  9.607128617778828E-003
   51592.1073642867       9.414814893679650E-003  9.889322712443511E-003
   205395.980210437       8.940733788780662E-003  1.036555017104415E-002
   56776.0465889389       8.466246755259131E-003  1.084036761567892E-002
   194953.795795268       7.990899467655114E-003  1.131343714737169E-002
   630747.023194247       1.308498176263534E-002  1.225522231112324E-002
   404938.331823250       1.355825572253983E-002  1.180507302920221E-002
   482429.595082067       1.403082897577389E-002  1.135441927029346E-002
   840395.521375878       1.450372137180005E-002  1.090201645281809E-002
   64263.7864458298       1.497698398929626E-002  1.045052251240521E-002
   899665.853934141       1.553086827092051E-002  1.085523701825175E-002
   290403.216308237       1.608554061123220E-002  1.125956412256089E-002
   648916.997466595       1.664164515285145E-002  1.165911742331340E-002
   713195.972972568       1.719882461778040E-002  1.205557434139028E-002
   1680198.55813755       1.754965457780743E-002  1.165791620226361E-002
   176218.949718680       1.708604119252252E-002  1.115587933431584E-002
   804293.056444719       1.662522764780828E-002  1.065439958700996E-002
   1204499.45902859       1.616624054076726E-002  1.015070564912372E-002
   1057348.03862384       1.571284366014955E-002  9.643062652813131E-003
   289469.457598329       1.612351642083534E-002  9.137601927461707E-003
   42195.8788019114       1.652588060474312E-002  8.627904599348143E-003
   1537265.55614509       1.692451798769600E-002  8.119870985074551E-003
   1217439.38570158       1.732299854814661E-002  7.616016607837634E-003
   136334.710404864       1.626163238272934E-002  7.536405316156467E-003
   1450906.06691563       1.581147503740307E-002  7.999090632251347E-003
   1468523.05332418       1.536086975734189E-002  8.458098141673769E-003
   2486655.39412242       1.491079371628347E-002  8.914108259160371E-003
   2260402.13490172       1.456321657158258E-002  8.494671048291203E-003
   779956.195476647       1.421288528920392E-002  8.073516719876371E-003
   207319.349159350       1.386100604451487E-002  7.652058539246175E-003
   1877705.05407472       1.284666447816771E-002  8.736405660827369E-003
   1185892.72651075       1.328655419570789E-002  9.061405135008645E-003
   115187.504102875       1.372839386006199E-002  9.387633826999508E-003
   126773.330389091       1.417429812129951E-002  9.712064832503352E-003
   227908.138502079       1.376367163026131E-002  1.021816325076843E-002
   110624.838249591       1.334955146445449E-002  1.072312817961589E-002
   837127.590523199       1.293543414539070E-002  1.122800575939963E-002
   942844.777494453       1.794621166488744E-002  1.200918103206345E-002
   1323442.16805978       1.845058236025991E-002  1.153677012141267E-002
   299270.654224389       1.895593588129284E-002  1.106138612771401E-002
   446193.879152518       1.946075611228053E-002  1.058281311537331E-002
   172216.786808249       1.996305620116005E-002  1.010039287464003E-002
   171223.367922343       2.040389659985942E-002  1.051555600941788E-002
   165263.880513455       2.084455968837210E-002  1.092987627029233E-002
   1163817.41972545       2.128432516210008E-002  1.134396651824779E-002
   206609.120049447       2.172617080025311E-002  1.175535309129638E-002
   1641811.53823935       2.252329631040634E-002  1.082703134255016E-002
   174870.248297396       2.204754900620823E-002  1.045293052974318E-002
   674783.789238532       2.156990165127147E-002  1.008286082811060E-002
   1022663.68498273       2.109349715384487E-002  9.712476073648776E-003
   600101.802988508       2.061938314732459E-002  9.341170766876246E-003
   798931.656219022       2.103374347766764E-002  8.848056150218915E-003
   147279.196970112       2.143879642071313E-002  8.351623690764162E-003
   1501087.15556196       2.184188538031670E-002  7.855524572881150E-003
   1272681.26208692       2.224318394845725E-002  7.361059713307864E-003
   584489.206845910       2.110309805249560E-002  7.240047485387891E-003
   1724342.44416619       2.069046906188491E-002  7.727015526868169E-003
   1542026.05972295       2.027754000845481E-002  8.209658746317516E-003
   2827747.26653667       1.986467975998071E-002  8.691170617136290E-003
   3497533.79168228       1.936581685933096E-002  8.275308356570036E-003
   1827102.75876373       1.886711412401290E-002  7.857398433838942E-003
   1512245.52176136       1.836967188791600E-002  7.434594952023863E-003
   1344324.55536013       1.778872740104413E-002  8.072453451483984E-003
   756498.820240649       1.825675724461655E-002  8.530856352002139E-003
   690111.461154485       1.872802715951143E-002  8.989238525096910E-003
   854862.339722955       1.920800364054316E-002  9.441824923981169E-003
   961504.914492737       1.879797680591060E-002  9.997151822988803E-003
   807734.980576321       1.838419153017127E-002  1.055035570236113E-002
   428044.060977870       1.796674508881094E-002  1.110209172718971E-002
   151967.671513712       2.345493172083365E-002  1.162243239535514E-002
   276331.742717482       2.382654912106057E-002  1.112445722957199E-002
   434852.825236423       2.419420109130968E-002  1.062538281082368E-002
   176195.762672439       2.456031766480117E-002  1.012530961169396E-002
   470075.696795314       2.492473705782336E-002  9.625412231891766E-003
   767119.781072255       2.545188771180429E-002  1.004432920036718E-002
   703703.166198015       2.597806175408938E-002  1.046681196378704E-002
   170813.068602293       2.650568169685530E-002  1.088885811458916E-002
   683021.025861813       2.703708644165453E-002  1.131037470402568E-002
   1410515.51037754       2.751824626381070E-002  1.073153089274789E-002
   1236970.27520924       2.701619789562677E-002  1.028443820665016E-002
   648887.416619640       2.651579677909664E-002  9.833483850157461E-003
   417532.715214407       2.601303622635748E-002  9.381451122953100E-003
   996639.418185947       2.550870670894106E-002  8.929229360332311E-003
   441176.481204983       2.592704394018166E-002  8.391839615203990E-003
   55749.3555614095       2.633693287488534E-002  7.852712965636298E-003
   1325004.60470766       2.674270243769632E-002  7.314539936295189E-003
   908164.378818955       2.715046890936304E-002  6.782986192117877E-003
   331031.062553266       2.611864199286659E-002  6.813119459534619E-003
   873366.754681307       2.568346291777958E-002  7.329497997978371E-003
   1442562.39673212       2.524985496766551E-002  7.842695948321984E-003
   1721556.94441282       2.481353501105724E-002  8.351094068480482E-003
   2070113.84529361       2.432557478091963E-002  7.926144334167471E-003
   764602.322611713       2.383823566204643E-002  7.497711527966633E-003
   301067.426057859       2.334850052755928E-002  7.068028788821547E-003
   1464759.97095816       2.273785258425111E-002  7.778912705294407E-003
   911624.989526367       2.323170572299620E-002  8.200344416820096E-003
   213146.897783389       2.372815307141242E-002  8.622655840361282E-003
   163728.726246661       2.423044462265723E-002  9.043553721672726E-003
   244162.301241860       2.380333448178612E-002  9.491526025417687E-003
   740620.709312488       2.337706795006502E-002  9.938521631997835E-003
   678692.604967428       2.295065002750491E-002  1.038309345690968E-002
   209608.081538838       2.809624538756852E-002  1.120770673975283E-002
   297287.092453842       2.854662633690760E-002  1.072983397214074E-002
   386436.959535669       2.899268401684157E-002  1.025169553839849E-002
   330749.273847411       2.943817161793808E-002  9.773473989387046E-003
   233584.180423136       2.988515062278686E-002  9.298840849891146E-003
   369994.043477866       3.032685677290484E-002  9.683498740984077E-003
   44389.9903827154       3.076782756605668E-002  1.007088649370350E-002
   200586.855142984       3.120944083081549E-002  1.045673157218274E-002
   464970.696997687       3.165165757010593E-002  1.084336490486904E-002
   317678.867960165       3.245443316354551E-002  9.855800795321681E-003
   241572.059256052       3.198744436683931E-002  9.501894345050244E-003
   85797.7792936644       3.152170621749530E-002  9.147193772998823E-003
   304134.469392909       3.105462457062412E-002  8.792516859706966E-003
   1053869.84700722       3.058972119833530E-002  8.436045447392633E-003
   274775.400181248       3.097441546947128E-002  7.976829841535658E-003
   132952.351944395       3.135594255342575E-002  7.517602879600448E-003
   303097.939685987       3.173509988148956E-002  7.058516678013041E-003
   217418.715840543       3.211698087819052E-002  6.603087833224794E-003
   169626.678419363       3.082116078822321E-002  6.323639839115318E-003
   268035.535030194       3.045608838416866E-002  6.795548010096545E-003
   681335.830478438       3.009313979497459E-002  7.266871497579432E-003
   1378175.61987318       2.972988278295576E-002  7.735893679291068E-003
   1774610.72226688       2.920764628865442E-002  7.356794447707373E-003
   1079900.05674450       2.868781919261556E-002  6.971349167087274E-003
   61664.4769941899       2.816630995391020E-002  6.583300086417193E-003
   1214690.18515942       2.761504947935264E-002  7.232129091944473E-003
   61412.8998870060       2.807989288844910E-002  7.687239173832979E-003
   747485.031566973       2.854949512426507E-002  8.141362148726176E-003
   1024093.98655433       2.902339313108851E-002  8.593968245783186E-003
   278815.149915199       2.864727439504773E-002  9.129392781224153E-003
   172130.118051876       2.826998693055037E-002  9.664257916070423E-003
   224616.315234923       2.789417114044908E-002  1.019809490289917E-002
   74216.4054173232       3.344208516376077E-002  1.065590587412858E-002
   162788.213719182       3.378876767482159E-002  1.011523456336627E-002
   241352.215632264       3.413419610337556E-002  9.573795343435899E-003
   589237.259848723       3.447915556787119E-002  9.031991927409366E-003
   115948.288760429       3.482483611927709E-002  8.491152180479774E-003
   811476.318425968       3.536712783679682E-002  8.936304050325181E-003
   247954.755085120       3.590878216068857E-002  9.379972793649605E-003
   489880.241085618       3.645158652220772E-002  9.822175901558199E-003
   308197.051075713       3.699259881030590E-002  1.026524455463218E-002
   543946.043316476       3.747733027327665E-002  9.657239413984910E-003
   177316.071717399       3.692271626181470E-002  9.229138413294431E-003
   269411.679567422       3.636881714889557E-002  8.800903683412839E-003
   178152.471795115       3.581572587191065E-002  8.373956206939186E-003
   541541.342458710       3.526503686940611E-002  7.944256003447172E-003
   264821.234059250       3.571125921362577E-002  7.400874502855674E-003
   229074.917220339       3.615582007198361E-002  6.855942227127813E-003
   153578.806335287       3.660001152598858E-002  6.312153573615573E-003
   99233.4093653118       3.704447036107580E-002  5.769179803575567E-003
   198078.818038807       3.602071435927945E-002  5.848234797501101E-003
   111005.603346073       3.558744479368676E-002  6.400902237427019E-003
   52052.0032102602       3.515319218638062E-002  6.953117514838313E-003
   371091.766618510       3.471951249047569E-002  7.504396542808341E-003
   156254.273196521       3.425778824099891E-002  7.048599501843784E-003
   70864.3006789865       3.379704933238430E-002  6.590332727375333E-003
   450835.558217151       3.333399845188507E-002  6.132270696521851E-003
   410175.564059265       3.265699184418067E-002  6.962854228206365E-003
   60142.2259936059       3.319634015423268E-002  7.324748831676382E-003
   223223.570635627       3.373620027094211E-002  7.686597746285682E-003
   896717.775636011       3.427789760925633E-002  8.049845616584509E-003
   106392.542793352       3.382267242024008E-002  8.502453270382545E-003
   201387.725656435       3.336645733451066E-002  8.953824599214148E-003
   203076.563778887       3.291025413551758E-002  9.404706770875914E-003
   227514.022500678       3.808298671608315E-002  1.014123603269495E-002
   604896.600055563       3.852449360675188E-002  9.680151563891494E-003
   1057057.16680728       3.896697689559631E-002  9.216945583741656E-003
   1503204.86069047       3.940804055746382E-002  8.752923550357396E-003
   509622.802954523       3.984939059030073E-002  8.286447309336576E-003
   1094005.69314969       4.031419141809470E-002  8.644062449803699E-003
   233369.688398649       4.077858522071133E-002  9.000733561954867E-003
   133265.825661369       4.124167476733187E-002  9.357133186294076E-003
   155168.536903487       4.170451719325043E-002  9.712078232174985E-003
   80083.5834258876       4.243438489348934E-002  8.779066872098132E-003
   517302.854366556       4.197418824913451E-002  8.416244890054509E-003
   162746.727861295       4.151336881211128E-002  8.056180899133212E-003
   555542.206030359       4.105415405878417E-002  7.695781991137660E-003
   562491.669471726       4.059742540201433E-002  7.334341913008000E-003
   142186.302401199       4.095741677216924E-002  6.859360195767751E-003
   288042.577821729       4.131432696565118E-002  6.383338047941084E-003
   201177.376133484       4.167229953774584E-002  5.907427729617299E-003
   132803.104240027       4.202936483584955E-002  5.432040288503357E-003
   146876.464278316       4.078033278783711E-002  5.207579745707084E-003
   61932.7703271259       4.040358660382348E-002  5.668521302990948E-003
   244362.282347908       4.002641521807015E-002  6.127866681680348E-003
   639231.034382130       3.965060052570361E-002  6.589146235473584E-003
   644075.660215439       3.911690114646761E-002  6.237183715296282E-003
   638584.739313689       3.858284189890982E-002  5.885572034269338E-003
   337545.680057944       3.805012292518814E-002  5.531934599428531E-003
   230961.653585216       3.750703805243004E-002  6.211271228205658E-003
   70069.3313420725       3.797110056831126E-002  6.653561331498455E-003
   133588.050191693       3.843538017888194E-002  7.096069885006781E-003
   145477.572409332       3.890169409829788E-002  7.536497666612288E-003
   251808.474421897       3.854880827741863E-002  8.067247857716699E-003
   254127.980217385       3.819334794005907E-002  8.595674532759130E-003
   847541.116068294       3.783515368228414E-002  9.125465580567305E-003
   290832.877128424       4.336651712357673E-002  9.509011811729338E-003
   33487.1051831833       4.373109305321017E-002  9.053406766958485E-003
   474163.659109109       4.409521251256429E-002  8.598190604253582E-003
   819295.309837257       4.446062014462258E-002  8.141049039906567E-003
   322273.114983826       4.482495053022686E-002  7.682927901592449E-003
   726033.772153512       4.532808987418430E-002  8.031641873020289E-003
   173228.575904916       4.582968222658126E-002  8.380384432583501E-003
   94176.1862348616       4.633207445727622E-002  8.726685083511130E-003
   101418.498222663       4.683288567965156E-002  9.073563346823982E-003
   75514.5211648280       4.742860801281247E-002  8.301040081266736E-003
   183284.801609243       4.696318059765960E-002  7.905760553463455E-003
   110103.873037136       4.649904413473641E-002  7.510359334001657E-003
   539261.192322360       4.603481634058804E-002  7.116232230812159E-003
   360025.142095978       4.557293250761522E-002  6.719266471322019E-003
   120854.965477782       4.592650733129655E-002  6.235097769002903E-003
   227497.334325911       4.627810729560707E-002  5.749849363200096E-003
   160383.006310538       4.662860307103502E-002  5.265744429757245E-003
   47319.5714688942       4.697985236052612E-002  4.780794841836602E-003
   91549.5862279219       4.575228406393635E-002  4.589195001940918E-003
   161680.099515778       4.537309778902330E-002  5.050271828921671E-003
   73275.4052993092       4.499260655527781E-002  5.511769950107282E-003
   544151.272899774       4.461286482014321E-002  5.973782568902117E-003
   521984.802481526       4.413805723816908E-002  5.619583144171936E-003
   404534.028646845       4.366303592006921E-002  5.265752120186307E-003
   153745.569185972       4.318817996182715E-002  4.912697328201624E-003
   325039.818417381       4.248848747615169E-002  5.807071911033020E-003
   103334.457559592       4.294610171067031E-002  6.183226029560151E-003
   40934.1890935928       4.340504040449204E-002  6.558863790215728E-003
   178319.441253245       4.386485446982861E-002  6.933646920681871E-003
   92714.4590707296       4.350849194007344E-002  7.394060199420077E-003
   251116.492268359       4.315055756506537E-002  7.855281657567055E-003
   655996.906684328       4.279269381466058E-002  8.315839496803168E-003
   177558.961888107       4.820034798496243E-002  8.896523409369052E-003
   160733.889630195       4.858797023713225E-002  8.362170758723831E-003
   218557.545269838       4.897725426768607E-002  7.827471020497877E-003
   560310.904560230       4.936617603111830E-002  7.292350464341310E-003
   243389.045836044       4.975592239964440E-002  6.755904978529010E-003
   462029.629106320       5.023790646295234E-002  7.178101500410396E-003
   14758.4250548624       5.071930805903330E-002  7.600107034929989E-003
   46865.8565584683       5.120037658371000E-002  8.021697868706752E-003
   179659.700818349       5.168055786601154E-002  8.443771868570244E-003
   67478.3197825058       5.238305024899708E-002  7.527918060731056E-003
   221702.755145827       5.184909691052370E-002  7.173782334092193E-003
   182227.580313555       5.131520616852252E-002  6.820157306028701E-003
   176422.488259493       5.078141665757407E-002  6.467187559445602E-003
   324924.963152671       5.024913604367381E-002  6.113453567282582E-003
   85529.3303055679       5.066673906282815E-002  5.589420561701078E-003
   19821.9405779107       5.108285223497144E-002  5.064117633310789E-003
   152859.647832493       5.149892969684330E-002  4.540281811292099E-003
   51005.6087865610       5.191517956734171E-002  4.016275437182421E-003
   151786.481757273       5.079689375857581E-002  4.003380200479286E-003
   25482.7858111535       5.040075193406993E-002  4.543117125489506E-003
   93220.3321664076       5.000386494518071E-002  5.082541602712445E-003
   319308.730089772       4.960798533416949E-002  5.621253228763109E-003
   272815.510814223       4.911445323166786E-002  5.199308136106082E-003
   115939.198461315       4.862076990885576E-002  4.777140287570241E-003
   150195.000046340       4.812779271856850E-002  4.354733992864256E-003
   264658.637556324       4.751366401362772E-002  5.150663267410337E-003
   79701.4272989909       4.804691684693040E-002  5.520585135207369E-003
   43007.6161803640       4.858052451905867E-002  5.891499596526049E-003
   79914.3275295271       4.911487982108660E-002  6.261990159811628E-003
   56042.4021495692       4.869469944088025E-002  6.771723990512494E-003
   242689.478052985       4.827260396210607E-002  7.280239055647328E-003
   552130.900111076       4.785021058945439E-002  7.790311028768940E-003
   137003.715865525       5.329796631899240E-002  8.229199303581736E-003
   409933.450478709       5.366599249603319E-002  7.791446515418000E-003
   637479.420869000       5.403360172018346E-002  7.351901768378123E-003
   978101.060873299       5.440101339386115E-002  6.912474717577199E-003
   316182.566445044       5.476868151891010E-002  6.471990567428016E-003
   871476.854624937       5.525147936507995E-002  6.794718723753786E-003
   317713.643152054       5.573338403034101E-002  7.116558573796524E-003
   38605.2157151196       5.621526718433810E-002  7.438143480526616E-003
   111924.514987266       5.669528687634107E-002  7.758316288328815E-003
   59144.9876440590       5.735560108281165E-002  6.880571966308249E-003
   337508.768684683       5.691197317107519E-002  6.509144787402359E-003
   66643.7276915465       5.646765415325828E-002  6.137942899339071E-003
   440657.507720739       5.602506534979918E-002  5.766885870241129E-003
   414254.491416349       5.558391862015501E-002  5.394188616629697E-003
   136030.241586210       5.590042720778320E-002  4.845894044433053E-003
   333354.991686716       5.621391140731957E-002  4.295596856186434E-003
   135641.995456583       5.652855391183953E-002  3.746134618920862E-003
   118126.464765770       5.684127315046581E-002  3.196151045829035E-003
   157878.742441401       5.583632644701220E-002  3.224287102431895E-003
   57896.9501642278       5.539492906525333E-002  3.677049717119387E-003
   175445.868889879       5.495165671248090E-002  4.128123023783635E-003
   504123.833667008       5.451044429807104E-002  4.580889392707715E-003
   508680.493062544       5.399993984059791E-002  4.259995612687199E-003
   426738.582715391       5.348880947389943E-002  3.939691470461046E-003
   343885.017144684       5.297882381465579E-002  3.617485286711525E-003
   56989.0958791274       5.235841867206288E-002  4.426863928899402E-003
   62673.8674449489       5.280310675141407E-002  4.836258919829151E-003
   161064.855433408       5.324760563882138E-002  5.246381773429617E-003
   213946.573249777       5.369385073956410E-002  5.654649420891023E-003
   167186.885579822       5.336757875488331E-002  6.123469324757442E-003
   140341.292043011       5.304019276642281E-002  6.591274245059136E-003
   378341.450176578       5.271117379337110E-002  7.059306814216315E-003
   168264.082894095       5.823300047840711E-002  7.541187532257095E-003
   60016.7427936357       5.860126133749281E-002  7.069190160612283E-003
   320262.609677113       5.897082572261748E-002  6.595692775764227E-003
   509761.526671963       5.934075444843857E-002  6.122638036818465E-003
   181207.223294501       5.971043320846024E-002  5.648734640109137E-003
   377345.675568937       6.014718380604323E-002  6.006361538385005E-003
   10367.7608908555       6.058334372330477E-002  6.364283256992131E-003
   87204.2162015174       6.101960818926339E-002  6.722657418925938E-003
   40095.5498519580       6.145554725634146E-002  7.079845859228243E-003
   127758.675709605       6.228433398240928E-002  5.969124381314163E-003
   36764.3499732579       6.181689630359975E-002  5.653272821795403E-003
   87913.1460806552       6.134857564241580E-002  5.337996178294886E-003
   364940.407754589       6.088146195296250E-002  5.022836470874918E-003
   279162.907126455       6.041570482589988E-002  4.706654288467992E-003
   123345.203737146       6.075763371954108E-002  4.147817746899064E-003
   196044.571783990       6.109754713145341E-002  3.588025238994896E-003
   129917.410825230       6.143804026158882E-002  3.028218851135287E-003
   73174.1322045778       6.177697893947373E-002  2.468882069983095E-003
   65184.7656054369       6.079000561157257E-002  2.546352962819190E-003
   200253.778351977       6.035241223750087E-002  3.033313834764407E-003
   114613.328015988       5.991413693204396E-002  3.518287777787964E-003
   508769.014474191       5.947624922739093E-002  4.003389745904500E-003
   571801.779881550       5.892401871739877E-002  3.661004548689747E-003
   476729.097473709       5.837082337752652E-002  3.318646508894014E-003
   190019.831752710       5.781846507178143E-002  2.974750674433719E-003
   491585.543706457       5.732283381697409E-002  3.631985743619616E-003
   169547.406652130       5.780538922577041E-002  4.068879574847017E-003
   40881.5838069045       5.828770369683597E-002  4.506740797191913E-003
   132826.655041164       5.877089548825568E-002  4.942920868973479E-003
   43527.0570107891       5.841833301413346E-002  5.427207394076882E-003
   163323.595341399       5.806477086636677E-002  5.911439581427073E-003
   412770.941691743       5.770966773587848E-002  6.396105974208154E-003
   81712.4698508914       6.339443908246924E-002  6.796824882881510E-003
   70234.6849346573       6.371243279187978E-002  6.338484223961399E-003
   229773.659818776       6.402985875669689E-002  5.879640336371411E-003
   267886.189501400       6.434745002874116E-002  5.420721245534360E-003
   73983.5784681376       6.466496973676777E-002  4.961569109477902E-003
   238252.961477176       6.522588503012951E-002  5.290651548662970E-003
   31088.0204668047       6.578770217820332E-002  5.619494097826912E-003
   94843.2626323522       6.634885065267536E-002  5.947465454309559E-003
   25024.3727377098       6.690949258638824E-002  6.275184022739304E-003
   154548.716397267       6.730881218590179E-002  5.734142032431685E-003
   210506.047986767       6.683005853219282E-002  5.295438175961330E-003
   170340.113125387       6.635205044346404E-002  4.856251143164929E-003
   330087.166100985       6.587428258702871E-002  4.415862137461922E-003
   172395.803228312       6.539775499939757E-002  3.975359204009193E-003
   91813.9603407678       6.572639562771314E-002  3.400224950042599E-003
   225123.440425467       6.605397491257915E-002  2.824453745069095E-003
   141957.182327098       6.638146578909214E-002  2.248583936584304E-003
   128341.891578180       6.670855946875567E-002  1.672466573847805E-003
   171477.499455746       6.578048388757898E-002  1.803274521981444E-003
   53633.2959517899       6.532499753504170E-002  2.283677727210696E-003
   149341.208870734       6.486913432968183E-002  2.763549022097221E-003
   263604.606741998       6.441368959339060E-002  3.243747607818073E-003
   295598.014146946       6.385669595598147E-002  2.913419982487932E-003
   316316.604103333       6.329997190395903E-002  2.582568091012011E-003
   251950.701055275       6.274331739005111E-002  2.251406619286957E-003
   210025.627812000       6.225228167781698E-002  2.908701383196337E-003
   87144.3924281636       6.272790386327597E-002  3.348837935901038E-003
   47033.7255815560       6.320398867679357E-002  3.788840836206675E-003
   66715.2136235911       6.368040903306184E-002  4.228696534935495E-003
   85984.8982642355       6.333161240074056E-002  4.663720899257355E-003
   119929.823184482       6.298253351272291E-002  5.098710517205739E-003
   251122.765573996       6.263317302873408E-002  5.533614950734653E-003
   207533.139511831       6.784809167408391E-002  6.132692728787175E-003
   68248.6137229342       6.828174179361945E-002  5.603289035273189E-003
   469910.644441066       6.871606658402366E-002  5.072480762071442E-003
   654976.710903864       6.915169331222921E-002  4.541695521611699E-003
   240936.959332088       6.958561018937046E-002  4.009872826860065E-003
   401833.516074147       7.008091318603689E-002  4.399940103589256E-003
   48323.3491679635       7.057658544920176E-002  4.789240453511348E-003
   362137.456156424       7.107053275399339E-002  5.179447573038189E-003
   260882.083206725       7.156340720915079E-002  5.568838517923979E-003
   74703.9079795459       7.222026860654857E-002  4.678143344654718E-003
   440081.187471735       7.169894324448550E-002  4.322843005424056E-003
   148801.683427710       7.117622279225490E-002  3.969619738806911E-003
   229063.908599784       7.065475234698725E-002  3.616054069450737E-003
   169015.128251548       7.013511990530398E-002  3.262934682225134E-003
   92772.1687817280       7.052602275728627E-002  2.760145138489041E-003
   162895.206154007       7.091651598284676E-002  2.257926961782462E-003
   196946.516889320       7.130802377774738E-002  1.754552945242975E-003
   147225.621657993       7.169863150991747E-002  1.251344872224945E-003
   55177.7989355898       7.048526687210729E-002  1.147857496140195E-003
   93414.9418318329       7.011999654784599E-002  1.670424812814529E-003
   260690.818158318       6.975538080286330E-002  2.191809597864152E-003
   270305.347501813       6.939039496021278E-002  2.714058669356826E-003
   236941.683007217       6.880724906726321E-002  2.336246402914922E-003
   294885.946926696       6.822443637646913E-002  1.957869642565432E-003
   108085.180975851       6.764154700513417E-002  1.578229022995200E-003
   262459.626303017       6.724084169156699E-002  2.119163862231275E-003
   66215.3737723453       6.777420147045271E-002  2.566215756680365E-003
   64847.0316516797       6.830706842361095E-002  3.013081342214671E-003
   40658.6514120399       6.884031045132703E-002  3.459693903922233E-003
   31849.3157558532       6.845928856292607E-002  4.027695138720072E-003
   199679.859366644       6.807661608212764E-002  4.596254744255274E-003
   664268.311808122       6.769182180432951E-002  5.164236503771200E-003
   62903.5591335823       7.311119119483060E-002  5.336043653359952E-003
   146701.109936193       7.348170432414197E-002  4.914456376077646E-003
   215030.357710310       7.385243275271369E-002  4.492620336738810E-003
   279711.190843792       7.422386403877344E-002  4.069231794315462E-003
   127707.591907696       7.459415072822664E-002  3.646492037147740E-003
   202962.216429071       7.512796142345345E-002  3.930667927286207E-003
   59016.4003978329       7.566175707821485E-002  4.215931978694936E-003
   87246.1335841858       7.619548055912570E-002  4.499725355243913E-003
   51641.5067922278       7.672876280573569E-002  4.783533124571507E-003
   85683.4046277786       7.720062668453589E-002  4.140060617388152E-003
   11104.4730350563       7.676876371655977E-002  3.717146318950006E-003
   30537.7664316768       7.633730066295281E-002  3.294194989569811E-003
   133089.995091972       7.590502096627313E-002  2.871453888896135E-003
   52831.5007243833       7.547436165386665E-002  2.448002486339200E-003
   25012.9589352112       7.576212822608087E-002  1.934572721275720E-003
   54606.5811231538       7.605057860696715E-002  1.420808071089205E-003
   71693.7601526853       7.633813123481965E-002  9.072653007415454E-004
   22141.8067211876       7.662526457181217E-002  3.934001518985410E-004
   37371.5215715269       7.548744062909531E-002  2.830225211731072E-004
   50200.1185532505       7.508385965796539E-002  7.112249973861458E-004
   13534.9177548023       7.468022598581250E-002  1.140254405799107E-003
   54291.8340047237       7.427661149961670E-002  1.568450520281608E-003
   53953.2258210462       7.378799587080263E-002  1.276814103615034E-003
   44775.7200501635       7.330005234928366E-002  9.846218434916365E-004
   79026.7020119982       7.281145627680341E-002  6.936295968576166E-004
   54651.0732803207       7.212318472547398E-002  1.630447326681775E-003
   21054.1600128986       7.254751918740593E-002  2.009503063189265E-003
   35983.4706877369       7.297255094621931E-002  2.387284124586197E-003
   168482.083690459       7.339690405005300E-002  2.765851349056620E-003
   145856.696246957       7.310358737697149E-002  3.243665231207650E-003
   70057.2467228720       7.280898905530124E-002  3.722535442494773E-003
   26094.6667403789       7.251482298548743E-002  4.200289414650499E-003
   30992.5803469286       7.784347382066732E-002  4.611738370067387E-003
   235986.045603685       7.828125256711894E-002  4.270641919267515E-003
   299330.143096168       7.871881516872536E-002  3.928172370735566E-003
   287634.940374012       7.915642137162779E-002  3.586469283167113E-003
   83639.4187671071       7.959373883533701E-002  3.243611518114590E-003
   186788.146907283       8.006188529607552E-002  3.445788101841251E-003
   66559.5612554367       8.052957771415994E-002  3.647377295444145E-003
   46829.7381981993       8.099850751905407E-002  3.849403139711004E-003
   15067.7542045006       8.146620796838228E-002  4.050361906030395E-003
   85376.6204333550       8.211235351076769E-002  3.164911474743579E-003
   53074.4456806602       8.177817540824911E-002  2.781265108502079E-003
   83384.4147558055       8.144309308575788E-002  2.396719303895602E-003
   162908.833906331       8.110922297918778E-002  2.013017906284428E-003
   96162.2838869209       8.077501309058208E-002  1.628821554489557E-003
   68861.7333584654       8.095816718078297E-002  1.029967021104864E-003
   107109.735704574       8.113937153095352E-002  4.307538034410557E-004
   54445.3638405815       8.132163879582485E-002 -1.686183426604874E-004
   50720.0022396070       8.150251249562450E-002 -7.671780042748412E-004
   23161.7967297761       8.070829386376295E-002 -6.165288521046940E-004
   79760.7557706874       8.019301636802587E-002 -2.610495735837198E-004
   38631.0961898344       7.967723514965389E-002  9.306255329762612E-005
   193796.537592793       7.916218415612032E-002  4.487521237100528E-004
   237154.655862544       7.866253215149707E-002  2.507491419139803E-004
   237449.863971911       7.816299662013895E-002  5.386132768508273E-005
   263868.117183805       7.766340298667128E-002 -1.441270331356530E-004
   60285.4939917216       7.696336257365159E-002  8.106325003566324E-004
   27457.4888405500       7.730261615386155E-002  1.227758837046261E-003
   17844.5934160316       7.764099299078892E-002  1.645034136207590E-003
   34566.5084020746       7.798061520947641E-002  2.061962572037012E-003
   55155.2966786684       7.778556724678448E-002  2.581531514191389E-003
   15105.4105140031       7.759122779200800E-002  3.100889825172854E-003
   116159.728320300       7.739555763351136E-002  3.620393063237189E-003
   99565.1175991168       8.299714607964793E-002  3.810305769318068E-003
   87388.1542822307       8.335139220694007E-002  3.282783833395789E-003
   119102.621067323       8.370647906562929E-002  2.754852905054429E-003
   151663.984299796       8.406092944953086E-002  2.227044128418098E-003
   60988.8764390396       8.441529636389816E-002  1.698861951954627E-003
   124015.635627600       8.503841501025614E-002  2.073478421478240E-003
   40798.2133024567       8.566075912323634E-002  2.447659139009248E-003
   160128.154923346       8.628421619654082E-002  2.820806656906398E-003
   193025.030900968       8.690682429257864E-002  3.193835687295856E-003
   58524.9191964708       8.713410895127453E-002  2.881602035530437E-003
   42919.1210050781       8.658544075800650E-002  2.404989454816629E-003
   131114.061636192       8.603697531686948E-002  1.928960232675934E-003
   229891.115030391       8.548920884606100E-002  1.453538346663169E-003
   84886.8652249615       8.494215255303322E-002  9.762460750752777E-004
   53659.0166350926       8.533929003507573E-002  4.908897139125883E-004
   98157.5484936037       8.573614486568829E-002  6.320536957126963E-006
   90344.7257210887       8.613284110656313E-002 -4.791974214909834E-004
   81148.3859172382       8.652960159000184E-002 -9.645931059526960E-004
   41505.5262834472       8.524150185490950E-002 -1.128809246347142E-003
   38534.8909233881       8.490081497649592E-002 -6.025202245084436E-004
   86381.9501139315       8.456104791763180E-002 -7.647809136409819E-005
   144676.171769424       8.422050216617288E-002  4.498851535250786E-004
   164357.518913987       8.359166016407221E-002  7.579971194985810E-005
   211489.686300521       8.296301383807282E-002 -2.985239092609289E-004
   163686.619909219       8.233445539012700E-002 -6.729316225937629E-004
   224325.765165218       8.204984382070842E-002 -2.834955223621899E-004
   103778.518435053       8.259746899237173E-002  2.017275126755570E-004
   83244.6857352730       8.314539086262136E-002  6.869193436846461E-004
   12493.4111145361       8.369351290816719E-002  1.172046166701354E-003
   97184.9980847474       8.329827442304370E-002  1.669696066914287E-003
   132058.432194843       8.290282492610751E-002  2.167466911655425E-003
   274794.057776867       8.250737237351917E-002  2.666325708762532E-003
   154861.503527384       8.744584634014324E-002  3.108980428528125E-003
   32751.3438359935       8.792490235858579E-002  2.563337395235067E-003
   218000.497915785       8.840439461531760E-002  2.018172814525224E-003
   241086.090662716       8.888221386902657E-002  1.471407093707496E-003
   84837.9419394907       8.936024481173360E-002  9.237203368014542E-004
   97309.5360349028       8.984402014731384E-002  1.318305414824838E-003
   47960.6826125593       9.032855485558001E-002  1.712230705107173E-003
   161816.734229655       9.081145982520171E-002  2.105334773985536E-003
   183498.041289571       9.129393237933994E-002  2.499712405243765E-003
   95271.6585899531       9.199147164457826E-002  1.539859877094695E-003
   195205.347417097       9.146556436726168E-002  1.202969888391170E-003
   84625.4659897725       9.094051793580549E-002  8.666800037972731E-004
   58485.8202726403       9.041450135526645E-002  5.300135084577769E-004
   86016.1983178728       8.988921188978055E-002  1.944128342406069E-004
   198369.983458916       9.026609667808876E-002 -4.059719980725410E-004
   34189.3522161887       9.064350357077788E-002 -1.007106044171646E-003
   95361.3590512874       9.102087684993332E-002 -1.607011404515739E-003
   84942.2528188753       9.139907277667889E-002 -2.208829500518577E-003
   19426.8194137193       9.053224613535109E-002 -1.964249570202640E-003
   121782.743772459       9.007484548149468E-002 -1.422546151680804E-003
   254965.385559375       8.961682049027590E-002 -8.790910268705217E-004
   50529.1630126064       8.916066194814033E-002 -3.347672896272681E-004
   37528.4074996534       8.867480103163557E-002 -7.292102932835460E-004
   98982.3832958582       8.819015978744632E-002 -1.123857609519562E-003
   108097.838991924       8.770493636334104E-002 -1.517481478161819E-003
   69594.3073269331       8.705526604545964E-002 -6.242038865700485E-004
   51823.2957174142       8.758001686882740E-002 -2.839573286451558E-004
   11140.5883881196       8.810566627261956E-002  5.478685872307293E-005
   47547.5141018214       8.863135163766744E-002  3.943583502466173E-004
   110945.166133378       8.825814251166558E-002  1.016761739120709E-003
   56863.1952840926       8.788377165409529E-002  1.637711104187272E-003
   154784.986874797       8.750955461010901E-002  2.259206261756290E-003
   132721.630649756       9.295069945206491E-002  2.237894189756874E-003
   114120.826148857       9.329221190627689E-002  1.738542577839047E-003
   52060.3903236311       9.363429463155627E-002  1.240093915741885E-003
   150484.782474385       9.397757431519360E-002  7.403177675042484E-004
   117437.054463809       9.431989708394961E-002  2.410896153229175E-004
   159913.335664147       9.485936774731918E-002  6.012910036203144E-004
   77791.7603759930       9.539906354879660E-002  9.619650831254566E-004
   79976.2785619269       9.593843594975815E-002  1.321345842272238E-003
   81519.8672461563       9.647766038424699E-002  1.681568437923539E-003
   53958.9155790222       9.697285136308365E-002  9.998081923469661E-004
   126971.038132862       9.646227468162158E-002  5.987885060718366E-004
   18342.4400186397       9.595270041205384E-002  1.982346416744170E-004
   100985.411798252       9.544250637904608E-002 -2.021763215045470E-004
   96643.4783105294       9.493386571062180E-002 -6.030689179302440E-004
   124219.420352581       9.528291348878588E-002 -1.215197597934032E-003
   56712.1897129270       9.563334058197751E-002 -1.828221862292704E-003
   18966.9627382406       9.598357811161864E-002 -2.439938949419046E-003
   3858.58066689839       9.633489974819572E-002 -3.052425078096379E-003
   37420.1402125358       9.552128462611477E-002 -2.778161093024561E-003
   97049.2680892164       9.504416404126376E-002 -2.258772906990855E-003
   151148.872529597       9.456647200274534E-002 -1.737723501719451E-003
   65886.5301843207       9.409012230531690E-002 -1.217254559674920E-003
   125333.062942577       9.349235846606087E-002 -1.568287701418439E-003
   80960.4341393442       9.289308536442650E-002 -1.919129713326386E-003
   108513.384557832       9.229499437906045E-002 -2.268416115973556E-003
   87193.9504238033       9.191966287582627E-002 -1.749146379476580E-003
   94240.9011189955       9.243884445977807E-002 -1.291147134634041E-003
   149750.685705318       9.295847853496708E-002 -8.320342824668803E-004
   168091.761906751       9.347633698084663E-002 -3.732405742488641E-004
   34966.6673869205       9.310587882349800E-002  1.042382724181622E-004
   94014.7453401556       9.273420500807959E-002  5.830639054177147E-004
   237567.616473390       9.236317841928016E-002  1.061058197445839E-003
   173908.995582593      -1.640682801869908E-003  1.750204617206437E-002
   917493.323654189      -1.227387343214928E-003  1.698344046329013E-002
   88157.1372937802      -8.135690914807482E-004  1.646372187296005E-002
   1191003.86302426      -3.976017219277105E-004  1.594368012115150E-002
   712405.341545177       1.892028543633359E-005  1.542141348863446E-002
   890432.236719527       4.204549937298276E-004  1.593796665403856E-002
   313312.841746065       8.173282793914762E-004  1.645239497407438E-002
   584985.865086906       1.210813080537757E-003  1.696781110953185E-002
   1043384.61304463       1.598398494788144E-003  1.748598424236145E-002
   965167.542180117       2.546935694238842E-003  1.653373894105992E-002
   1904769.49468471       2.017152902149523E-003  1.614725147955930E-002
   1832719.96857151       1.485422602146521E-003  1.576321495619652E-002
   1053315.01662396       9.522061260520313E-004  1.538469740101063E-002
   119525.516571149       4.230538704065934E-004  1.500797193288473E-002
   600055.702924196       9.414946051991690E-004  1.451274249561909E-002
   194263.638115256       1.464789100167564E-003  1.401845574246194E-002
   746581.672450884       1.988409370626657E-003  1.352086951219590E-002
   318576.113802670       2.510925868759461E-003  1.302145629304655E-002
   989868.803230147       1.502850858454904E-003  1.303661314738999E-002
   228303.849196918       1.005627752714219E-003  1.355698876422084E-002
   192886.418996034       5.078099934137808E-004  1.407799039161776E-002
   169397.438346079       1.092707033378583E-005  1.460169472810752E-002
   530839.424814655      -5.565802087264636E-004  1.408352781820926E-002
   362153.650166152      -1.124361123026786E-003  1.356638036329833E-002
   25620.6263846395      -1.688423306368064E-003  1.304755575716715E-002
   877712.432825853      -2.507520909608280E-003  1.277477629167614E-002
   1532052.85923166      -1.984575045399689E-003  1.334462831445591E-002
   933171.099025543      -1.454264782086792E-003  1.390387920377741E-002
   575890.718749218      -9.227850338340114E-004  1.445893310694112E-002
   77898.5945607037      -3.936839243346575E-004  1.501352841167571E-002
   602561.571211385      -9.134211497406294E-004  1.542208654946556E-002
   310232.736529728      -1.439485712342661E-003  1.582975425726212E-002
   1048396.26008539      -1.966237910039143E-003  1.623878499783001E-002
   461388.900249631      -2.490277337193941E-003  1.665164940264198E-002
   622997.654821663       3.497970128964531E-003  1.747881444234754E-002
   714827.195392269       3.886383596973118E-003  1.710669116069877E-002
   1529000.66817425       4.276697993605541E-003  1.673377883135717E-002
   2811620.97761901       4.666323929885235E-003  1.635733395707266E-002
   1436002.01188668       5.058816416622460E-003  1.598052133915628E-002
   3614159.52638806       5.576249529545519E-003  1.634552949919444E-002
   2638603.25444514       6.095317080728015E-003  1.670666763567910E-002
   1936094.98499212       6.615847500924172E-003  1.705959797141728E-002
   292553.787181030       7.134688628736230E-003  1.740862617171553E-002
   1108796.26679120       7.611093826409057E-003  1.689187441453790E-002
   652464.640179555       7.210593654085232E-003  1.640860242494891E-002
   585573.512979843       6.817343089416565E-003  1.592810357275975E-002
   1679766.73694561       6.428980854912020E-003  1.544501423691913E-002
   23752.0384717649       6.049184628263610E-003  1.495652282652645E-002
   241553.313824229       6.419618795077553E-003  1.449577860860302E-002
   582902.461721879       6.791171153226867E-003  1.403420828932893E-002
   1950873.42838719       7.163488475333339E-003  1.357131397921721E-002
   1606464.24747885       7.538533742559035E-003  1.310623110590859E-002
   44118.7561733252       6.412818012408069E-003  1.283191066256690E-002
   1078199.77538010       5.953479502779075E-003  1.320679266672709E-002
   1678032.93512862       5.493303086062708E-003  1.358435465479501E-002
   410695.043961807       5.034489721118040E-003  1.396549396214022E-002
   1163378.62430238       4.529623500080324E-003  1.359750215705591E-002
   859479.408792721       4.024216911083279E-003  1.323124812681946E-002
   129418.206398258       3.517993901710899E-003  1.286792230426827E-002
   927660.633193088       2.896065643514123E-003  1.351371470519100E-002
   68226.4747063727       3.279439502557906E-003  1.400384565610589E-002
   349616.131735749       3.661740249716780E-003  1.449285911735724E-002
   220031.155418909       4.041514514289349E-003  1.498293871016024E-002
   443516.669001814       3.672823372574940E-003  1.537194271586060E-002
   681285.749221938       3.298375967889428E-003  1.575728263192502E-002
   1499608.38912255       2.923312279030045E-003  1.614464812511065E-002
   1518652.51409870       8.123848883438024E-003  1.737050393806557E-002
   1141601.17488998       8.610552294089212E-003  1.682880244003065E-002
   410972.201682237       9.112255614335317E-003  1.629528525013802E-002
   3764403.32561481       9.623748958308531E-003  1.576068875424604E-002
   2138490.44596925       1.013232465608478E-002  1.521068790257238E-002
   3005437.85893204       1.061316453784470E-002  1.572574518860181E-002
   170123.408388861       1.109019392503349E-002  1.623226424048885E-002
   1143412.04064920       1.155972452887970E-002  1.673982992076237E-002
   126728.855941946       1.202296029735874E-002  1.725057568689835E-002
   448726.356340013       1.273789584648518E-002  1.646858612350016E-002
   3282773.80235085       1.217076481910293E-002  1.605343938328691E-002
   2495963.86630154       1.159827110682806E-002  1.564825126014181E-002
   528972.175642737       1.102454712527287E-002  1.524983358565538E-002
   699544.867182828       1.046183036325210E-002  1.485047407469661E-002
   647818.930102200       1.098550253661509E-002  1.434571375657694E-002
   847780.580400647       1.151330783677503E-002  1.384163153193316E-002
   1520453.08124692       1.204027641247164E-002  1.333460265142295E-002
   1006555.05268576       1.256502453956564E-002  1.282414569933375E-002
   269490.723972737       1.153120293201985E-002  1.285726388079531E-002
   411282.638209690       1.105780588850533E-002  1.340995365284764E-002
   873978.560693716       1.058168072503936E-002  1.396271457806869E-002
   516142.340940870       1.010550456794434E-002  1.451914116335624E-002
   921887.480920031       9.618812528803892E-003  1.399822551600941E-002
   161369.395062116       9.135813605381321E-003  1.347861924123689E-002
   410275.518764672       8.657338679434988E-003  1.295720431314305E-002
   1463404.98734450       8.095276165125889E-003  1.355407213645992E-002
   1953586.96238420       8.653918582148193E-003  1.399928086521039E-002
   1313437.43145930       9.215551678177714E-003  1.443891825115265E-002
   428012.093280881       9.776021164304368E-003  1.487623674240890E-002
   679775.438619029       9.246467757826443E-003  1.537604380640586E-002
   2089060.11513639       8.698157813765381E-003  1.587019828202062E-002
   3461015.09956217       8.149912797928012E-003  1.637220545934121E-002
   1037636.12354691       1.352013121224918E-002  1.718646605651463E-002
   617028.494685648       1.393837541879592E-002  1.670803713864467E-002
   805572.781274900       1.436140757998343E-002  1.622936408554215E-002
   2581116.29791498       1.478710691883300E-002  1.574745596273562E-002
   1415216.41286505       1.521219138126919E-002  1.525878877273487E-002
   2519524.24373196       1.569581094047075E-002  1.569635696889328E-002
   377054.437427162       1.617874480904420E-002  1.612520379397073E-002
   1048992.41080644       1.665669089196618E-002  1.655122111555810E-002
   1222816.66063610       1.712490997394985E-002  1.698064017558332E-002
   1820287.13562531       1.780994376340904E-002  1.621063486374708E-002
   2561003.09802271       1.730470367075858E-002  1.579741245301130E-002
   1167275.54017938       1.679834083269005E-002  1.539308768858134E-002
   873373.710448724       1.629506148954944E-002  1.499387233005991E-002
   916473.753859877       1.580162882361495E-002  1.459303896377670E-002
   1781267.94421825       1.624318286150835E-002  1.404834739682674E-002
   116854.775104473       1.669101783666407E-002  1.350608359831354E-002
   1444014.02958336       1.714464668541120E-002  1.296327076164643E-002
   891059.437356726       1.759622513885971E-002  1.241000731090994E-002
   1001746.99372748       1.669243667947699E-002  1.253763039432262E-002
   528502.866247424       1.617486274436166E-002  1.301851782214129E-002
   1912755.39788128       1.565641014323282E-002  1.350449202091138E-002
   167027.772868275       1.514377203182217E-002  1.400058878523019E-002
   244986.389299865       1.462634069631394E-002  1.356130679796352E-002
   253512.496125088       1.410839104894585E-002  1.312646571957557E-002
   915669.678606395       1.359325678880234E-002  1.269237139097601E-002
   925581.322215099       1.306194500421793E-002  1.328937978313683E-002
   224019.914452671       1.356045372804258E-002  1.374872860712527E-002
   355314.697141625       1.405776713146686E-002  1.420541071912275E-002
   917048.897031205       1.455230466212826E-002  1.466195002714903E-002
   870631.606876590       1.410643653659612E-002  1.511182349469845E-002
   743245.282613604       1.365159409367606E-002  1.555999269589366E-002
   2026400.59288029       1.319393760695096E-002  1.601098630611051E-002
   1423512.21912914       1.857226035380171E-002  1.689936122525480E-002
   646774.780668845       1.899665255616642E-002  1.648346840344204E-002
   1601357.42656307       1.942756398487427E-002  1.606561550042335E-002
   3080556.76731631       1.986150730774156E-002  1.564343308971804E-002
   1972533.46152243       2.029426076229547E-002  1.521400790808005E-002
   3562236.03651341       2.086604834226332E-002  1.558606171749110E-002
   2182416.37173514       2.143948414830566E-002  1.595197374504878E-002
   575341.591341763       2.201610207111186E-002  1.630775749439248E-002
   209188.472082681       2.258225900155129E-002  1.665955838925408E-002
   1125580.10799216       2.291112759986159E-002  1.628206528814142E-002
   1593390.93018886       2.245075238643027E-002  1.578108273941440E-002
   591013.834462156       2.199646591170670E-002  1.528749355842382E-002
   2014719.69163867       2.155050188799122E-002  1.479232326006770E-002
   167471.524405351       2.111553424684844E-002  1.428825878465438E-002
   428225.455054552       2.150011888704153E-002  1.385975515601015E-002
   1295536.57787948       2.188502512391711E-002  1.342916469645798E-002
   1707789.78150700       2.227001506074245E-002  1.299619740489762E-002
   814698.107284730       2.265275033223841E-002  1.255870058068342E-002
   811237.555885173       2.134769377127648E-002  1.218361293869090E-002
   313713.766041785       2.096600905832747E-002  1.261142489525936E-002
   490118.929498711       2.058128809402950E-002  1.303899883889769E-002
   480586.099492425       2.019578653830931E-002  1.346841761409022E-002
   1465159.71499530       1.963575019424966E-002  1.309165806326691E-002
   1596580.23508267       1.907058978231565E-002  1.272499389389906E-002
   251988.796195102       1.850474092325273E-002  1.236514823879790E-002
   984613.738883412       1.804982931583220E-002  1.290709342586494E-002
   934426.674595222       1.849925719879149E-002  1.339771538610007E-002
   1162285.62136940       1.894118618060034E-002  1.389133186994334E-002
   1815779.39527419       1.937894160451973E-002  1.438741051156190E-002
   811329.271682321       1.899442905970689E-002  1.484003453748718E-002
   815275.770588866       1.860240212714422E-002  1.529201454518249E-002
   3033264.08233494       1.820576353235731E-002  1.574676787541957E-002
   644411.401536983       2.328501138407633E-002  1.661433386218063E-002
   2212756.46647005       2.379981340700489E-002  1.614173585815251E-002
   2802586.54107973       2.431967738693639E-002  1.566555047818112E-002
   3756669.44391390       2.483403471044685E-002  1.518134475983767E-002
   1385572.67782583       2.534397449013844E-002  1.468914754520088E-002
   2613407.22158192       2.584918461240564E-002  1.508889553071345E-002
   540415.418669509       2.635434062334252E-002  1.548348844190633E-002
   380475.179051872       2.685683183141406E-002  1.587393145502450E-002
   866077.528190954       2.735423988586303E-002  1.626531014996897E-002
   924969.120121866       2.795992262247737E-002  1.552831763058236E-002
   1320275.63191594       2.746391925643225E-002  1.511900633655937E-002
   363771.448969851       2.696904188724072E-002  1.471581201792608E-002
   1475184.72887856       2.647710214989441E-002  1.431384520831391E-002
   505627.433002319       2.599344532824381E-002  1.390817576637573E-002
   220288.074853444       2.639953633062922E-002  1.338131744513744E-002
   927841.966146918       2.680429775812169E-002  1.285306715976768E-002
   1630182.62823281       2.721038474716185E-002  1.232366855993682E-002
   1212007.22055384       2.761599134132955E-002  1.179141697008636E-002
   279296.264491854       2.658644934157134E-002  1.179732524976331E-002
   807023.095142450       2.613177622679462E-002  1.228324388181879E-002
   1582885.48559985       2.567586112253949E-002  1.276960926889535E-002
   540129.720140952       2.522243598958408E-002  1.326088602349006E-002
   197657.921409287       2.477785103874118E-002  1.285204959710947E-002
   742774.571052685       2.433491727380597E-002  1.244346600728867E-002
   206948.730001512       2.389261235848347E-002  1.203493808260171E-002
   130599.859640314       2.313269784744568E-002  1.292833502942204E-002
   495322.904311568       2.361122480204898E-002  1.329935993434529E-002
   40992.5537443579       2.409089080082587E-002  1.366781145129044E-002
   110548.703539778       2.457104498136240E-002  1.403552790273606E-002
   1010999.13911895       2.416917672886418E-002  1.460160414170724E-002
   178217.673863043       2.375709324501085E-002  1.516111011913351E-002
   1484578.72295187       2.333675967430416E-002  1.571975576362264E-002
   821406.805055117       2.869143216090057E-002  1.613539504915583E-002
   161131.902235145       2.911032555713005E-002  1.567665260805946E-002
   1391148.36035831       2.953240752518248E-002  1.521564446459643E-002
   2438741.46325501       2.995739584862654E-002  1.475252028195472E-002
   1293127.01185143       3.038023739224463E-002  1.428461547770808E-002
   2250221.95176246       3.091972963024375E-002  1.465684542182156E-002
   803616.189148178       3.145790634403158E-002  1.502698111670056E-002
   121860.212835739       3.199695267329403E-002  1.539363250268794E-002
   106806.830862246       3.253142250695277E-002  1.575885435970494E-002
   526217.189377883       3.300540493188483E-002  1.517296323376528E-002
   990939.051344324       3.252346725732910E-002  1.473010651992654E-002
   135649.310330697       3.204216034594104E-002  1.429153690636457E-002
   1201678.02730207       3.156500911467216E-002  1.385429790099738E-002
   466507.038972012       3.109501138769463E-002  1.341115015918461E-002
   416298.316685142       3.148155243000399E-002  1.297161366340364E-002
   738134.218704519       3.186754235021472E-002  1.253097210948811E-002
   1214756.60164757       3.225417955864508E-002  1.208915306471308E-002
   820300.746826200       3.264044925064869E-002  1.164753365134468E-002
   201196.419905792       3.129804873429545E-002  1.130770407031541E-002
   207359.349698859       3.094175481076494E-002  1.177170915502657E-002
   518120.178118009       3.058459621513045E-002  1.223478442568498E-002
   34459.1352382663       3.022753957561505E-002  1.269892044077517E-002
   460469.685090967       2.969381873244556E-002  1.232319197330119E-002
   39011.7711026292       2.915921823148130E-002  1.195096206114185E-002
   324242.196328318       2.862503121355637E-002  1.157986740260818E-002
   153925.647534190       2.809294709216125E-002  1.223650329857089E-002
   82244.2198081364       2.856921717704591E-002  1.268034771805661E-002
   466557.228405256       2.904289367211527E-002  1.312341552117601E-002
   666659.538107173       2.951457722516721E-002  1.356716883372806E-002
   310737.540442155       2.913172152275850E-002  1.405480896617810E-002
   825828.779590889       2.874306801393182E-002  1.454274124572312E-002
   2353262.01701520       2.835026680770115E-002  1.503174062917366E-002
   686977.236690777       3.358888433352428E-002  1.564817349851230E-002
   426860.478531892       3.403148693107876E-002  1.511367343065424E-002
   1143446.23753240       3.447789161560346E-002  1.457919542220892E-002
   2310855.97453940       3.492369069644781E-002  1.404188562610963E-002
   1077376.91498934       3.536853004782050E-002  1.349996338843778E-002
   2037651.00720944       3.591160832961553E-002  1.392926399264442E-002
   492594.367247581       3.645496843686769E-002  1.435342591980923E-002
   150620.346673683       3.699558505675046E-002  1.477496020669192E-002
   364081.692371655       3.753175824606737E-002  1.519859390344677E-002
   1001863.22428789       3.803600970889709E-002  1.455660763951331E-002
   1208793.69367023       3.748517197425197E-002  1.413874574544817E-002
   601953.848357687       3.693430914840106E-002  1.372665511839392E-002
   726345.710316528       3.638557603115582E-002  1.331545253441674E-002
   273393.573403169       3.584437615579762E-002  1.290014873948793E-002
   336655.859298115       3.628034964718671E-002  1.236369283849310E-002
   835959.326831247       3.671980858893509E-002  1.182870401843713E-002
   1788003.46346729       3.715997982055838E-002  1.129101053460350E-002
   1344119.61059696       3.759961056767105E-002  1.075086858647365E-002
   103669.982895150       3.656033299942617E-002  1.080425064607328E-002
   906938.622394665       3.612314968114204E-002  1.134187336402039E-002
   1431072.04369500       3.568599287017805E-002  1.188082313632972E-002
   450979.972843752       3.524918441396378E-002  1.242340658391509E-002
   662252.162783100       3.479428703578056E-002  1.198244577283616E-002
   262591.433521684       3.434156210348931E-002  1.154113441655651E-002
   156796.260914510       3.389009706962447E-002  1.109987092064242E-002
   714899.672267076       3.317366307184593E-002  1.199251725254355E-002
   904652.439935221       3.370659846508054E-002  1.233720541190696E-002
   259825.282171306       3.424031927989133E-002  1.267933628953131E-002
   517421.256078253       3.477216323143491E-002  1.302141537405899E-002
   179171.099674017       3.433681474987006E-002  1.355971301197632E-002
   846231.468325167       3.389411840111236E-002  1.409460739227044E-002
   1574886.37897073       3.344923757223057E-002  1.463169205914103E-002
   694766.572030823       3.867486172319157E-002  1.506304311025231E-002
   396602.928167557       3.910037509428697E-002  1.454209614262700E-002
   656384.541855186       3.953106159740560E-002  1.402106352422423E-002
   1844917.88741470       3.996498547821340E-002  1.349839912769791E-002
   1082384.76525969       4.039739877194212E-002  1.296958982961864E-002
   1769555.29441055       4.093120311933285E-002  1.338520659954711E-002
   517296.105184946       4.146510079988887E-002  1.379413423811168E-002
   471580.996404518       4.199565788259048E-002  1.420187340444578E-002
   375326.583530920       4.252164887245798E-002  1.461026513784362E-002
   785040.305639951       4.305596142907284E-002  1.392819573839431E-002
   1487103.55990715       4.251918558504279E-002  1.351808782817827E-002
   531797.719770432       4.198100917376826E-002  1.311522180433734E-002
   645667.058487061       4.144628841467655E-002  1.271323968930305E-002
   300928.462035277       4.091731217312664E-002  1.230847320405133E-002
   280706.169858662       4.134581087297314E-002  1.184619225970203E-002
   1034095.66368138       4.177611225583126E-002  1.138177953383875E-002
   1682248.03906641       4.220744151865997E-002  1.091543133214245E-002
   1015790.83066761       4.263628068169838E-002  1.044504897849289E-002
   556411.840053804       4.134755015279570E-002  1.022981130308416E-002
   165621.838441373       4.098731829294316E-002  1.074729170887470E-002
   1031959.73443186       4.062336462263903E-002  1.126463133749165E-002
   698882.167646955       4.025992344246285E-002  1.178615698579881E-002
   1296948.84664942       3.971304847470979E-002  1.137096605603065E-002
   313303.286758000       3.916700790475315E-002  1.096110522468312E-002
   236780.792139100       3.862173698790278E-002  1.055227640459635E-002
   1054801.59825001       3.813623619622378E-002  1.117890594191648E-002
   571184.714462514       3.867392098352241E-002  1.160235830104047E-002
   362159.924031303       3.920869123519005E-002  1.202276172774622E-002
   409242.601404435       3.973966660911619E-002  1.244609290396427E-002
   366606.570856409       3.931854636912321E-002  1.297185793315999E-002
   772117.862550904       3.889178447740662E-002  1.349646525915605E-002
   1815607.92760963       3.846211877499824E-002  1.402288789460529E-002
   624748.315724074       4.373605246580593E-002  1.446525151977601E-002
   149433.801466040       4.415224060129654E-002  1.395372201483540E-002
   779130.106018472       4.457203995799765E-002  1.344311543237656E-002
   1713867.89283743       4.499374687317918E-002  1.292855044508567E-002
   967130.910469868       4.541349213096664E-002  1.240984227291311E-002
   1296996.42199573       4.591316764969325E-002  1.281305772950426E-002
   223104.859767657       4.641105189601230E-002  1.321478536355971E-002
   339663.835975907       4.690793385701361E-002  1.361414385288251E-002
   168465.375960555       4.740050914131929E-002  1.401589705002039E-002
   518563.256563926       4.804676678255374E-002  1.318204513048108E-002
   1103113.08808641       4.752566100076482E-002  1.280661608051605E-002
   565141.032711406       4.700520907005409E-002  1.243355352145027E-002
   377162.876544079       4.648512367409009E-002  1.206356536333935E-002
   188627.370558557       4.597031173732466E-002  1.169092756780024E-002
   65384.3682659967       4.637628168027933E-002  1.118746330668396E-002
   618413.010676484       4.678603878030161E-002  1.068456841476135E-002
   1240560.58213028       4.719523376586481E-002  1.017892491778855E-002
   747111.898177114       4.760442028227370E-002  9.671151790467949E-003
   297083.032421397       4.644230668492043E-002  9.588121288622305E-003
   327194.782974117       4.604693235272184E-002  1.010116970730971E-002
   928336.634662682       4.565107587838423E-002  1.061614586052635E-002
   577471.937727032       4.525446791822836E-002  1.113298522747833E-002
   747843.349094501       4.478040085157049E-002  1.072574504899736E-002
   37712.5201050813       4.430610883306836E-002  1.032032559447895E-002
   268589.293264982       4.383481788191842E-002  9.916326782090501E-003
   925697.702853171       4.315361660245685E-002  1.079938184135126E-002
   684475.847574763       4.366947564100684E-002  1.115107661267320E-002
   98913.6799163417       4.418581380338276E-002  1.150128165584016E-002
   595765.859137684       4.469832338302386E-002  1.185039106550063E-002
   535604.910542666       4.429370247484137E-002  1.236888966037382E-002
   405620.464838577       4.388218911809621E-002  1.288640424408618E-002
   1319612.99537755       4.346908293838010E-002  1.340448800994837E-002
   568299.214836640       4.887809925859463E-002  1.382906885561292E-002
   46359.3203020153       4.926503545550737E-002  1.338070676259885E-002
   872223.236064231       4.965465606797626E-002  1.293112720064394E-002
   1355215.65326863       5.004417232570597E-002  1.248016429299901E-002
   837380.723283901       5.043389617834367E-002  1.202566083259936E-002
   1590856.94879031       5.106797210102657E-002  1.234891020759755E-002
   1313185.73210767       5.170374937612931E-002  1.266853616883289E-002
   917796.784129178       5.234309333325241E-002  1.298130492884245E-002
   166629.021366095       5.298093514915353E-002  1.328689877981027E-002
   247190.033536621       5.312276441223348E-002  1.309625096870400E-002
   142921.435043971       5.263495555544427E-002  1.258172148664411E-002
   690767.000207392       5.215506540050734E-002  1.206650197714190E-002
   995450.986657046       5.168017385182704E-002  1.154673383864472E-002
   134732.005478360       5.120910248949413E-002  1.102223249024694E-002
   377979.349904022       5.155565693375636E-002  1.055457087613973E-002
   619060.843316080       5.190228313793394E-002  1.008674686462424E-002
   1210728.48866728       5.224891836626330E-002  9.617725755476069E-003
   904224.347676382       5.259589793697227E-002  9.147807076307937E-003
   59251.1787481231       5.131487310489339E-002  8.894412146050086E-003
   434579.060895561       5.094661854185382E-002  9.344382836844667E-003
   678494.040450469       5.057777649453174E-002  9.795004074961412E-003
   517808.859280296       5.020871855130128E-002  1.024740089380695E-002
   867684.896440004       4.970518895019697E-002  9.906811952007802E-003
   391699.800750495       4.920268641955544E-002  9.569101711663979E-003
   277347.370218568       4.869963056274487E-002  9.233217801502672E-003
   416228.198056103       4.806394380511862E-002  1.006587925591288E-002
   126471.939085051       4.852222621700166E-002  1.046077308357334E-002
   380642.393195943       4.897905002061045E-002  1.085409946013585E-002
   360195.897253660       4.943480833146529E-002  1.124923679490394E-002
   120037.991409393       4.908966724455503E-002  1.173172514061665E-002
   462795.801082343       4.874288107179480E-002  1.221313759197018E-002
   1296482.96474009       4.839457611227169E-002  1.269650021584072E-002
   63120.0748574380       5.331215547458464E-002  1.323945636217838E-002
   617020.726981440       5.382744168842561E-002  1.265235184021329E-002
   1138253.52996825       5.434925346695289E-002  1.206658044785055E-002
   1518184.55084091       5.486609181561170E-002  1.147392279224699E-002
   582459.472422611       5.537606985200399E-002  1.087485829071496E-002
   252399.567270771       5.581169988178390E-002  1.133607112331017E-002
   436982.779495766       5.624412606144174E-002  1.179584049553922E-002
   813188.967924876       5.667315813567751E-002  1.225632690295856E-002
   368021.501946104       5.710022879322371E-002  1.271934439141493E-002
   483602.594685446       5.800525409333325E-002  1.152531966817334E-002
   1344309.98403669       5.743660226755715E-002  1.123939255208006E-002
   1127896.71631629       5.686740659916200E-002  1.095697442152909E-002
   650552.080439445       5.629672376880266E-002  1.067800533873392E-002
   319793.093099043       5.572824108003113E-002  1.040193015314882E-002
   157048.160822304       5.618654534440547E-002  9.909148762902227E-003
   762145.479325986       5.664942428901015E-002  9.415530791410918E-003
   1228175.56654110       5.711118966912130E-002  8.919291593372798E-003
   692045.644009898       5.757219004639138E-002  8.420814819186568E-003
   491135.349667870       5.634076420461466E-002  8.330087512391275E-003
   88001.5251017227       5.598113521413080E-002  8.899844450894045E-003
   1103290.97302421       5.561889739504854E-002  9.471264361858144E-003
   521504.578653028       5.525721526182568E-002  1.004775043678163E-002
   547029.727728777       5.476281384850145E-002  9.594439364643551E-003
   484161.239123436       5.427137710135865E-002  9.141011584194329E-003
   319102.481126863       5.378261182967989E-002  8.687456127568122E-003
   862169.411270804       5.317257151235485E-002  9.494759376562944E-003
   1024778.36715580       5.374890219370919E-002  9.840029906737931E-003
   292249.274528123       5.432744505782005E-002  1.018125207486131E-002
   147093.591715993       5.490396444619666E-002  1.052123172259316E-002
   426474.760379716       5.446846225828964E-002  1.116809993964228E-002
   105119.191361872       5.402405791442490E-002  1.181021521065160E-002
   1005991.25153626       5.357348218295920E-002  1.244967429162594E-002
   500203.247141855       5.919812142874275E-002  1.243212876061645E-002
   295955.295105823       5.949044435443719E-002  1.190835917224917E-002
   152694.899265458       5.978447648843362E-002  1.138562277683223E-002
   921796.633777163       6.007996762443282E-002  1.086125141105185E-002
   757896.029130634       6.037621405185424E-002  1.033537342289053E-002
   1213303.57166910       6.091775081813362E-002  1.074405676409579E-002
   351827.262096890       6.145954650281545E-002  1.115126744575304E-002
   173485.020242887       6.199969812030094E-002  1.155577281785965E-002
   77890.5953916761       6.253859524117619E-002  1.196188073890360E-002
   439765.029782717       6.304975076252006E-002  1.127535963573444E-002
   522271.274335913       6.250104449390570E-002  1.087688144339198E-002
   264646.550039433       6.195393778532409E-002  1.048092450980139E-002
   462889.206724907       6.140704578905073E-002  1.008472001408160E-002
   198508.692620499       6.086521896019859E-002  9.685745732990785E-003
   544169.388429302       6.128980107517343E-002  9.243234990222707E-003
   673541.332584957       6.171596795415800E-002  8.799825962535104E-003
   803731.356858689       6.214056244372439E-002  8.355361935925549E-003
   440903.773212768       6.256532854312997E-002  7.909621806198683E-003
   228474.270082729       6.114803021743676E-002  7.609732295487158E-003
   40924.1418729291       6.083893059873163E-002  8.138193801110281E-003
   228348.941536514       6.052872555353735E-002  8.667636972365892E-003
   396681.628230781       6.021724928890570E-002  9.196602282935951E-003
   603682.258791503       5.971954007742892E-002  8.781200864475470E-003
   110621.273096083       5.922185343747064E-002  8.367707584620788E-003
   156469.276820318       5.872558292985582E-002  7.955833784897252E-003
   557445.175144624       5.811308380611140E-002  8.777614556492203E-003
   364356.377502094       5.865285982377488E-002  9.134229979228787E-003
   143621.858298807       5.919281172047314E-002  9.489312450222066E-003
   399591.257184509       5.972935300483445E-002  9.844834968786510E-003
   196609.371226344       5.930053501263725E-002  1.026295010550537E-002
   769349.901709277       5.886821998104963E-002  1.068210375338656E-002
   1075961.02573779       5.843674554467639E-002  1.110269175751158E-002
   433436.046487537       6.373434343170140E-002  1.178697871201548E-002
   92885.9843308241       6.413798180440185E-002  1.125650716949774E-002
   681575.299333125       6.454278428810285E-002  1.072489302289956E-002
   1336282.12847671       6.494923846436480E-002  1.019242887375955E-002
   602189.916334560       6.535465017321397E-002  9.657263325729849E-003
   1072700.08970139       6.588557214092987E-002  1.005107752315797E-002
   157910.610242754       6.641700747164538E-002  1.044224279043961E-002
   375101.845969499       6.694614310355403E-002  1.083322172549506E-002
   519771.673659578       6.747211449678851E-002  1.122427673765777E-002
   457048.727341669       6.802112110540567E-002  1.047841199661695E-002
   795354.799612720       6.748328091401330E-002  1.009410950469078E-002
   281205.589226463       6.694428511199729E-002  9.713383603687478E-003
   531485.409750791       6.640745767104655E-002  9.332875015028956E-003
   130236.694567386       6.587491376414929E-002  8.951352757219318E-003
   127672.338813516       6.626698522114012E-002  8.383347957497674E-003
   413346.712540653       6.666022417960926E-002  7.814314347836408E-003
   835944.172053739       6.705567731196857E-002  7.245460340473593E-003
   621672.215473290       6.744950786112734E-002  6.674597942045422E-003
   155584.340883089       6.647720628551068E-002  6.813043878470670E-003
   507500.434343888       6.604256335639627E-002  7.351624758411611E-003
   909413.939112115       6.560635691473858E-002  7.890216735086990E-003
   123871.606362760       6.517271641646916E-002  8.431027640977015E-003
   135579.872557161       6.472681410314152E-002  8.023159058345606E-003
   235709.373006704       6.428179966094343E-002  7.615216764181140E-003
   154481.437960411       6.383716549628929E-002  7.206304412476238E-003
   219457.853922791       6.308702026165450E-002  8.216617104544329E-003
   293371.346170903       6.360931032999595E-002  8.523608908636952E-003
   6448.50523924195       6.413084909348279E-002  8.829483191005551E-003
   55948.8992940457       6.465161237617958E-002  9.135123444761251E-003
   141648.358489989       6.425485161491815E-002  9.669794432928931E-003
   474680.565488013       6.385414952496088E-002  1.020366359664248E-002
   1048649.16825702       6.345095869900889E-002  1.073767314261946E-002
   211410.286443645       6.876576074851980E-002  1.102932446716042E-002
   209264.250837534       6.916150584316981E-002  1.055707992889320E-002
   343599.591083640       6.955950911734078E-002  1.008536741359216E-002
   645272.364732003       6.995895866001497E-002  9.611324399929039E-003
   411909.169414401       7.035668052015319E-002  9.136345224648550E-003
   476313.237373436       7.083021063815882E-002  9.480265319517872E-003
   186197.916173378       7.130364326385252E-002  9.824011354226078E-003
   281207.455480449       7.177608474253420E-002  1.016631968467190E-002
   131051.539200070       7.224788265449114E-002  1.050922572884073E-002
   129669.308563133       7.295274588784455E-002  9.553994840178756E-003
   537492.871131415       7.248192904537029E-002  9.205090404891935E-003
   128998.853843238       7.201194164348550E-002  8.857932190549565E-003
   188886.340885206       7.154179251303301E-002  8.511320582137027E-003
   264941.103033097       7.107398667094947E-002  8.164278305252161E-003
   231915.943847428       7.141740215131263E-002  7.681108319845266E-003
   136015.063458590       7.176252517542797E-002  7.196558891343728E-003
   292925.128261081       7.210753248145926E-002  6.712713644424250E-003
   186838.953220405       7.245298929977287E-002  6.227221809422817E-003
   109463.462497753       7.119932131348573E-002  6.037609204820096E-003
   133782.485630026       7.083447008097113E-002  6.505927368012960E-003
   455317.294544729       7.046820614698411E-002  6.975949575717742E-003
   264737.657174605       7.010327466010427E-002  7.446148237736175E-003
   499548.747342333       6.953952341159532E-002  7.115462717051350E-003
   282193.964669003       6.897392146780874E-002  6.786474779772007E-003
   160271.059460115       6.840970606307305E-002  6.460146225059205E-003
   233595.205151458       6.793634846497887E-002  7.110823119032055E-003
   152426.539511351       6.842100270330471E-002  7.545724660747157E-003
   397065.250869122       6.890513481964421E-002  7.981671548959457E-003
   518215.043494166       6.938650635097021E-002  8.417781839226028E-003
   246752.040545112       6.904731509838172E-002  8.931569347145233E-003
   136451.153806189       6.870569278080135E-002  9.446613220451571E-003
   685009.700074823       6.836375877890212E-002  9.961322604468414E-003
   182083.939189252       7.390826985383372E-002  1.025998719612578E-002
   123373.704780888       7.423454081422406E-002  9.638357072742902E-003
   77172.6382345660       7.456214123951664E-002  9.018250655050179E-003
   159272.812422262       7.489086700611075E-002  8.397471940635365E-003
   177558.340352911       7.522041247334008E-002  7.776325178719322E-003
   211982.774809856       7.581413529884694E-002  8.257738888006315E-003
   55291.6439127075       7.640868771024502E-002  8.738579830039872E-003
   41312.9940769589       7.700307416927918E-002  9.218017548450381E-003
   41664.8476964440       7.759807557282078E-002  9.698669284466558E-003
   106214.230844339       7.797102510904433E-002  9.187915493355112E-003
   45254.0968179768       7.733129869269430E-002  8.767785351828043E-003
   36083.8585404766       7.669271485887247E-002  8.348761221032609E-003
   251912.173464003       7.605346778878375E-002  7.929975403368799E-003
   73715.7833883516       7.541689157104388E-002  7.509704879961538E-003
   267050.264242957       7.590561169168564E-002  6.947148610603820E-003
   326573.111261313       7.639550561410659E-002  6.384007492274630E-003
   317781.199700205       7.688358928061269E-002  5.820173562053832E-003
   186870.449376477       7.737164625613964E-002  5.255298451198692E-003
   26345.2824343804       7.633592875940025E-002  5.416867599061394E-003
   32624.9299460036       7.594182857120849E-002  6.048684957672438E-003
   190410.531900721       7.554667912395967E-002  6.681132358588966E-003
   125235.863271912       7.515078087651711E-002  7.313138108903967E-003
   81924.3583370229       7.463958507652767E-002  6.819494947596313E-003
   208947.761714430       7.412824804631621E-002  6.325766617490827E-003
   163387.936181621       7.361916887628726E-002  5.832032447617061E-003
   187801.892159555       7.307857760893637E-002  6.566670329295420E-003
   214354.482962870       7.370360481141701E-002  6.905370582339343E-003
   48695.2145320819       7.433025129519200E-002  7.243323787377487E-003
   206018.523388225       7.495448094522655E-002  7.579704146241684E-003
   258525.554429977       7.445454016354172E-002  8.071882662227787E-003
   377693.084255880       7.395286339215137E-002  8.565061582730812E-003
   361818.706377667       7.345293873265807E-002  9.059111152378079E-003
   187685.518739342       7.848071998994322E-002  9.560727369327735E-003
   215887.405324937       7.891032683604109E-002  8.970201233219944E-003
   204638.035278972       7.934089246399605E-002  8.379397367640875E-003
   442029.319448883       7.977257585597754E-002  7.789131825249977E-003
   218344.493935424       8.020331303304211E-002  7.196976784123160E-003
   313998.787674487       8.078068696788525E-002  7.632482294382801E-003
   98651.6334994463       8.135827243345206E-002  8.065673436788504E-003
   352076.714899549       8.193582734012475E-002  8.499444041987660E-003
   240369.810287946       8.250989664985059E-002  8.933996999071592E-003
   107808.345833354       8.292364638817318E-002  8.369200590894455E-003
   310512.006079680       8.233101777113246E-002  7.954353931875029E-003
   59178.6719000578       8.173646897172840E-002  7.541429734218650E-003
   329954.836791039       8.114361425738957E-002  7.130468103520495E-003
   89222.6956147517       8.055324158646762E-002  6.718312778430722E-003
   76518.7149528722       8.100264099179325E-002  6.214303751870220E-003
   353061.601774451       8.145238768167457E-002  5.709648397613233E-003
   418351.161617974       8.190265615998028E-002  5.203031652746251E-003
   237881.890678923       8.235134080812354E-002  4.696651439745949E-003
   136740.869622296       8.112025388100436E-002  4.629605244323967E-003
   23938.2139143018       8.077228966493523E-002  5.209591680273979E-003
   280934.356689408       8.042412044283384E-002  5.788338568786165E-003
   61360.4578364005       8.007582215291557E-002  6.368142883829595E-003
   84405.5246648157       7.951722781412474E-002  5.928962002428947E-003
   119336.073443190       7.895871456548983E-002  5.490471391381750E-003
   136673.806770626       7.840051576788526E-002  5.051002742275970E-003
   50233.4901430445       7.796003482711615E-002  5.653977219763500E-003
   19528.4917672870       7.854960928692678E-002  6.051695552359721E-003
   177091.546872116       7.913810419782587E-002  6.448941586462319E-003
   128711.682264376       7.972567175325540E-002  6.846492695345249E-003
   21627.1754477011       7.928846283555296E-002  7.430751662657031E-003
   249099.126174766       7.884920352858671E-002  8.014685964210011E-003
   608999.825277642       7.840866803105682E-002  8.599642613957310E-003
   242860.208380617       8.348750522962989E-002  8.783443911340663E-003
   88839.3863855798       8.391677574339278E-002  8.272021177056089E-003
   425313.669578206       8.434746427536358E-002  7.758658478955799E-003
   572516.958118749       8.477690560179978E-002  7.245199833967488E-003
   253111.957952512       8.520516061960932E-002  6.730170087816623E-003
   308292.396810233       8.567970395242984E-002  7.101864962471859E-003
   27770.6510335264       8.615382265707290E-002  7.473155596864279E-003
   175001.373838560       8.662758800266940E-002  7.845180416872372E-003
   169656.863063340       8.710056336963548E-002  8.216315531235889E-003
   89792.4835157671       8.781852922497607E-002  7.227895629206315E-003
   292687.747410936       8.731698727364398E-002  6.893232103114516E-003
   118913.234126941       8.681436658016739E-002  6.559739867961082E-003
   137369.926400645       8.631304954347629E-002  6.226576719678247E-003
   48777.3197617751       8.581282413570218E-002  5.893052558109841E-003
   203660.755119996       8.616283928070191E-002  5.274743634938293E-003
   48184.2233109335       8.651364973451244E-002  4.657702449467071E-003
   63736.8190651112       8.686642717134917E-002  4.039842138559140E-003
   98650.5578202145       8.721857347165063E-002  3.421277602822801E-003
   152437.076160573       8.642388557549270E-002  3.715411794397321E-003
   222434.955946743       8.594070186366276E-002  4.238628352063963E-003
   320358.750356923       8.545885792471121E-002  4.761465578420762E-003
   36753.4700055453       8.497703643103804E-002  5.285482844293286E-003
   19971.3512619434       8.448182456051989E-002  4.916566188909401E-003
   80200.4002739544       8.398671050112469E-002  4.548256050400341E-003
   134707.767304693       8.349087036784518E-002  4.179178373143026E-003
   129944.095624962       8.285584703592218E-002  5.053323075387474E-003
   66918.1248433465       8.336138818474657E-002  5.410403987992267E-003
   57173.8744412547       8.386561795399797E-002  5.766173463665234E-003
   240093.295194909       8.436951679834076E-002  6.121733295147147E-003
   262896.542376026       8.401039515037509E-002  6.683503188255809E-003
   77368.4977932724       8.364947025722012E-002  7.244692727273421E-003
   276551.965713733       8.328627499545839E-002  7.806935860570022E-003
   151313.640511006       8.880643602387822E-002  7.946329100596800E-003
   148986.948869113       8.913387305205145E-002  7.396540632559205E-003
   27383.9528710015       8.946196710974114E-002  6.846835050000194E-003
   229783.190714324       8.979061023649286E-002  6.296034892286900E-003
   149621.459920075       9.011959228437803E-002  5.745468770631177E-003
   187187.427565360       9.055952733036572E-002  6.174562389014994E-003
   62536.4843714833       9.099911455133705E-002  6.603872892416662E-003
   192380.224720765       9.143785760120186E-002  7.032294069865781E-003
   244038.813126826       9.187601536903041E-002  7.461024860078179E-003
   154287.319241467       9.273767814954489E-002  6.276135553087184E-003
   281184.972590566       9.219277990142501E-002  5.991624871476474E-003
   168389.059537745       9.164769290440272E-002  5.707998334572223E-003
   67469.0491640316       9.110180272890034E-002  5.425211069475921E-003
   100368.047548205       9.055789520958026E-002  5.142517221265817E-003
   107039.235891465       9.098128617983005E-002  4.657501105057815E-003
   204486.338575977       9.140590982267596E-002  4.170823217216926E-003
   248810.124758598       9.182978699165059E-002  3.684755946846148E-003
   137404.674570029       9.225306716568216E-002  3.197799211646661E-003
   126237.758313990       9.096044524810962E-002  3.050214040709091E-003
   38292.8134521749       9.062631389507056E-002  3.600643359595652E-003
   254322.147297667       9.029061441209674E-002  4.152266552728809E-003
   44901.7337596849       8.995598259424752E-002  4.703820906837724E-003
   100193.419476384       8.932828091601347E-002  4.304026246622034E-003
   29112.8714840639       8.870089453358998E-002  3.904384680502112E-003
   189128.917493251       8.807265212480715E-002  3.506876625253719E-003
   5982.87951859516       8.779368033463185E-002  3.893387400085008E-003
   137143.056729643       8.836882447068192E-002  4.364229179280156E-003
   233540.806881810       8.894401900390797E-002  4.834293751623862E-003
   97550.9939060348       8.951729582193832E-002  5.306549234670825E-003
   90467.7271242926       8.909316683362875E-002  5.786069604481456E-003
   258037.194771409       8.866737189227605E-002  6.266086943183388E-003
   384508.173400850       8.824263939204535E-002  6.746550369031195E-003
   145247.757678847       9.392199145839657E-002  7.138947064866270E-003
   152968.317557865       9.421091957435730E-002  6.620684972347225E-003
   47234.2608400202       9.450026208075593E-002  6.101535939415946E-003
   52018.8106451354       9.479027422334085E-002  5.583321867777241E-003
   129825.660272422       9.508015851032259E-002  5.064329342882741E-003
   105982.813595868       9.573120040679123E-002  5.435739470560006E-003
   74407.5227458290       9.638267435692317E-002  5.806288129124886E-003
   176495.635454625       9.703455905507721E-002  6.176850908775584E-003
   119971.120333533       9.768481485552778E-002  6.546557467120986E-003
   63427.2242903458       9.781859553981608E-002  6.364119889725626E-003
   119131.580695048       9.726413583527449E-002  5.859359066145198E-003
   101667.534658758       9.670881207654675E-002  5.356218387924442E-003
   128440.264619894       9.615525645175987E-002  4.852284468131384E-003
   149496.996797560       9.560236849237792E-002  4.347623444496372E-003
   45682.2258789277       9.599097850101049E-002  3.805407953247740E-003
   40964.8774428740       9.638008195905956E-002  3.263192960167612E-003
   90448.5901507868       9.677026889463489E-002  2.720550897560249E-003
   10659.4195341065       9.715904182580558E-002  2.177351430495668E-003
   86868.9621218142       9.608011265768049E-002  2.217083668747967E-003
   19787.1919862907       9.568224555374064E-002  2.753579026127303E-003
   65362.2873269543       9.528393538164734E-002  3.289246241288032E-003
   135730.432704676       9.488566417374428E-002  3.825268365166785E-003
   131023.381242133       9.440186375226302E-002  3.427796650811155E-003
   41681.7383283753       9.391703105697867E-002  3.031568465079378E-003
   116963.254371614       9.343348090995125E-002  2.634340636946628E-003
   163942.919114883       9.278089960235893E-002  3.534301600265631E-003
   31903.3037091893       9.330971598778369E-002  3.869989056960484E-003
   105833.923645641       9.383730528630047E-002  4.206530766764029E-003
   305485.791280778       9.436406120482592E-002  4.542028533174505E-003
   57679.6852602561       9.395782392174917E-002  4.974753930460735E-003
   113002.467268824       9.355141547636596E-002  5.408042838878633E-003
   215293.004825847       9.314394184672789E-002  5.841920033450966E-003
   3018635.13588110      -1.963914975731076E-003  2.248837709261177E-002
   4066870.81460846      -1.460911814654452E-003  2.219591671604163E-002
   4255574.46781790      -9.564010334738131E-004  2.189893153824244E-002
   5148282.62832735      -4.556545613392256E-004  2.159656106750057E-002
   2349625.30531427       4.814378940382335E-005  2.129756472005776E-002
   5585654.32872472       5.426123083012604E-004  2.158870690496677E-002
   4269026.03829985       1.038635357124967E-003  2.187749673200114E-002
   4946802.43541087       1.536864578197284E-003  2.215665827200685E-002
   698784.512923121       2.027018440675040E-003  2.243404620702659E-002
   5714928.88929679       2.598552986729482E-003  2.182290723656867E-002
   534402.861018460       2.268475291032272E-003  2.136243513812592E-002
   453222.840386769       1.951541081686587E-003  2.090116914960380E-002
   2122799.14885812       1.639952094357883E-003  2.043959416690708E-002
   130486.536429886       1.338778739703634E-003  1.997361820288190E-002
   425408.140137922       1.637930537830502E-003  1.959140041345555E-002
   789087.737723837       1.939323481516819E-003  1.920858617094807E-002
   3222607.43443165       2.243132873889912E-003  1.882301877312102E-002
   3178769.58458435       2.553118459083598E-003  1.843980290999504E-002
   1289446.91397951       1.212028342913383E-003  1.778309207155691E-002
   3065895.27123157       8.176714735800690E-004  1.807797846300460E-002
   3933111.35196444       4.240872523831105E-004  1.837621323711226E-002
   1447222.97182214       3.144525729167044E-005  1.867873643409412E-002
   2758120.34208548      -3.891559065244569E-004  1.838577447270720E-002
   1746325.75234650      -8.066509559308355E-004  1.808906127256667E-002
   1028272.23378909      -1.224220372300668E-003  1.779440464188414E-002
   2725544.67092248      -2.484612391375141E-003  1.835825921169791E-002
   1606934.38803775      -2.178723372570666E-003  1.876878240784736E-002
   675569.746754875      -1.872827305751659E-003  1.917714722034520E-002
   333585.950790170      -1.567918153820161E-003  1.958450527158200E-002
   1136836.52234931      -1.270016696043227E-003  1.999548407272744E-002
   1259353.74602117      -1.561393706800282E-003  2.049077544275286E-002
   42538.6625691967      -1.863851793020645E-003  2.097906945409177E-002
   1442812.36326489      -2.170255824060010E-003  2.146844905934345E-002
   4281728.24848709      -2.482654671949824E-003  2.195952874870557E-002
   3076880.88874854       3.197013347031911E-003  2.240090501088135E-002
   764345.606029181       3.669982264139122E-003  2.191922470212489E-002
   2003121.37196395       4.163248548085729E-003  2.144339766548703E-002
   7412076.73245237       4.662585542274797E-003  2.095900717536883E-002
   3747601.81934296       5.158362246719464E-003  2.045608426988201E-002
   4737210.06454207       5.559101958845321E-003  2.092380878488400E-002
   476626.276937647       5.948965872382675E-003  2.138320364504239E-002
   429748.738559479       6.331212245895687E-003  2.184138282876805E-002
   3982811.63395755       6.696407524108130E-003  2.230949858962676E-002
   7261006.97469065       7.753842332987314E-003  2.116288379158915E-002
   5315617.31798807       7.229458569546275E-003  2.083580448306293E-002
   5759868.10933343       6.706394638055357E-003  2.051139774138463E-002
   2187020.43573749       6.182526965873820E-003  2.019944964130061E-002
   306131.896925838       5.671216679527660E-003  1.989000579049892E-002
   1093994.89231268       6.149180419224406E-003  1.939235619787037E-002
   1173355.29946589       6.645093893225146E-003  1.890118637163011E-002
   4987072.02527564       7.149224844467983E-003  1.840524918924839E-002
   3572370.60775935       7.649136559859269E-003  1.789194090125746E-002
   1348984.98786639       6.646103385234579E-003  1.789497805929810E-002
   2079817.69787206       6.137446964616316E-003  1.837576942851738E-002
   4357256.30005576       5.623245074284698E-003  1.886352660852022E-002
   2075066.99655131       5.115770156228342E-003  1.937123312821690E-002
   1888893.76628484       4.697604573841179E-003  1.889859059061461E-002
   772834.147057551       4.288655717082766E-003  1.842901963898857E-002
   871123.907376635       3.886442970084753E-003  1.795719676543058E-002
   4392515.05922387       3.062248632414635E-003  1.882244890811833E-002
   4431871.02617138       3.574528379457911E-003  1.920050262093124E-002
   2603413.41260381       4.089033977956904E-003  1.956774716329966E-002
   1094094.81457993       4.599976777151031E-003  1.993124241961542E-002
   1795860.64408246       4.121555266259990E-003  2.040319960827572E-002
   2845856.16318447       3.617709414782087E-003  2.086646036973185E-002
   4511376.46184414       3.106828911444528E-003  2.133682470401776E-002
   2401441.17550818       8.881290952498892E-003  2.224176093679632E-002
   290859.079786491       9.217121590819955E-003  2.178065536820647E-002
   16941.8661161169       9.569566686512763E-003  2.132858205757836E-002
   4633636.52639129       9.927072774709644E-003  2.087157034607803E-002
   3845858.58556025       1.029287324116372E-002  2.041031589282968E-002
   8031255.78303192       1.084874596196377E-002  2.085280785286599E-002
   3706431.89763688       1.141248225780816E-002  2.127247376456520E-002
   2017056.67938399       1.197399836756634E-002  2.167395021202059E-002
   5803580.93611017       1.250627133459206E-002  2.208253179296030E-002
   8632791.46763802       1.295031174110768E-002  2.159916624529365E-002
   4481776.67707017       1.242873194494803E-002  2.111839411570659E-002
   1444861.72024749       1.191170215177623E-002  2.065841061902294E-002
   2937934.44345899       1.140857589020238E-002  2.020160736847992E-002
   1238007.04362991       1.093384081478948E-002  1.973030751761454E-002
   948480.456072671       1.139177207409825E-002  1.930180933540412E-002
   3159886.32318791       1.186282722746106E-002  1.887226865634551E-002
   7208773.47509162       1.233441919747801E-002  1.843203298699015E-002
   4493017.12656087       1.280508397004936E-002  1.798107787558830E-002
   2364187.08287272       1.160410218293647E-002  1.770929012681008E-002
   1377922.86148204       1.116442661668296E-002  1.815975269170582E-002
   3919020.43652140       1.071676662819042E-002  1.861515480037955E-002
   3280899.57048634       1.026664802284847E-002  1.908052787424980E-002
   5804765.96399873       9.730508301897181E-003  1.863475630551206E-002
   2780808.34364610       9.188389063989753E-003  1.820509591137396E-002
   1061952.17988063       8.648276469842790E-003  1.778876349657164E-002
   2987197.90919197       8.155393086950603E-003  1.836615643894702E-002
   655711.647226925       8.658104910697354E-003  1.882665573579976E-002
   2369861.60977606       9.150986253965274E-003  1.928676583964429E-002
   145423.703906595       9.622822581878675E-003  1.975736331490113E-002
   1622330.13374854       9.164843596277526E-003  2.010236776128128E-002
   5008717.51778217       8.694167950297191E-003  2.044849712901514E-002
   4783438.90416768       8.226056079891925E-003  2.080511811553272E-002
   2352624.38668562       1.342052872695161E-002  2.205936318222674E-002
   4199106.36772231       1.393007390337797E-002  2.166809536685117E-002
   5221742.86859484       1.446009737147414E-002  2.127256274072278E-002
   8430203.53868377       1.498492379387142E-002  2.085711889316364E-002
   4305974.96106391       1.550202993309211E-002  2.042550801364884E-002
   5849463.58154492       1.592752793129275E-002  2.080437625789803E-002
   1897449.49158813       1.634661167047521E-002  2.118036310907332E-002
   1794865.26144878       1.676444235951405E-002  2.154984175386114E-002
   2496773.15240229       1.716856882984721E-002  2.192585680707337E-002
   6452702.08452851       1.808293409767007E-002  2.088600209500855E-002
   3912714.81075891       1.763417095448341E-002  2.053604255455613E-002
   3299319.50912804       1.719133467410082E-002  2.018622064480548E-002
   83778.9171895868       1.675039055041248E-002  1.984437800321423E-002
   269798.087607764       1.632189734735988E-002  1.949711145994449E-002
   230729.434328734       1.670301067098757E-002  1.904196229200268E-002
   794912.281236190       1.709517391006960E-002  1.858984971853509E-002
   3373563.07511570       1.749146969047281E-002  1.813405199335275E-002
   2578029.59592096       1.788954353456689E-002  1.767132445610154E-002
   72109.6813006501       1.670145781845786E-002  1.739870745375319E-002
   2305859.97450219       1.626910838618467E-002  1.781721149359473E-002
   3355509.62508776       1.583516490709614E-002  1.824179515422963E-002
   3356848.38580930       1.540071512132254E-002  1.867194582999297E-002
   4438492.59636210       1.492452845609819E-002  1.829139379175271E-002
   2324758.00575901       1.444804936495192E-002  1.792133399733439E-002
   1146428.33166433       1.397624457745954E-002  1.755647841975585E-002
   4529042.25619821       1.325781218883218E-002  1.839256161034462E-002
   2676721.39581152       1.370678636533334E-002  1.879668757812663E-002
   428455.245330160       1.415085669616933E-002  1.919503593466679E-002
   1921677.44876723       1.458688457816498E-002  1.959292361647364E-002
   3875734.49999530       1.420680954432701E-002  2.010106623651685E-002
   365291.871827230       1.380339070581322E-002  2.059747702588139E-002
   2421175.49905723       1.338407731152875E-002  2.109340549911352E-002
   807598.276035074       1.911085715542822E-002  2.181650246102887E-002
   2875097.56983408       1.947143792659928E-002  2.142918007014654E-002
   2909591.35104034       1.984566467186078E-002  2.104601972942042E-002
   6491211.65689132       2.021839408574772E-002  2.065493846244170E-002
   3573369.90501168       2.059591681305382E-002  2.026054515920100E-002
   7691194.86583905       2.111771790996424E-002  2.059405705915760E-002
   4513975.86616025       2.164021660429364E-002  2.091877715677488E-002
   4468173.54045626       2.216399893840501E-002  2.122898784774111E-002
   3698339.20401284       2.267104870850522E-002  2.154054622367640E-002
   8354446.06379667       2.322117973564228E-002  2.086693008397085E-002
   2167278.39624281       2.277900406484221E-002  2.044427632533739E-002
   596159.377487546       2.235041353352034E-002  2.002336313593548E-002
   2952852.17243736       2.193109962969803E-002  1.960436541902017E-002
   975410.784272312       2.152852275614006E-002  1.917538275878838E-002
   2509883.88180626       2.186960555859590E-002  1.862880025761800E-002
   837945.038581800       2.221893262406521E-002  1.808644708376318E-002
   2917866.39536722       2.258134443477127E-002  1.754590058654792E-002
   3968529.96002713       2.295462627058861E-002  1.699520580651953E-002
   2573111.93056669       2.205682031465651E-002  1.703874730233504E-002
   4902378.22005444       2.151924761697386E-002  1.742646879256528E-002
   5608015.10449399       2.098693380699327E-002  1.782552794605722E-002
   1790344.56990011       2.046251867176470E-002  1.823729585797579E-002
   3020064.27930012       1.998581093606946E-002  1.789659620851190E-002
   1438610.93542729       1.950962883497761E-002  1.756135861302545E-002
   428437.619140579       1.903649732513208E-002  1.723043738066984E-002
   3041671.84441771       1.830352281478742E-002  1.808825402854103E-002
   1025977.83321122       1.871545107978153E-002  1.849762431635643E-002
   727927.997698929       1.912320757187109E-002  1.890405760197579E-002
   252346.305466946       1.952436889200150E-002  1.931187891200546E-002
   933101.504558354       1.917694879049364E-002  1.970602716856935E-002
   2251469.74605859       1.881652130732478E-002  2.009521264219791E-002
   2982520.59398298       1.845412163243251E-002  2.049126299889906E-002
   3935639.71857677       2.387775601941940E-002  2.143179465338773E-002
   475429.511667027       2.431532438167627E-002  2.093974007382225E-002
   1628563.05011271       2.478151650207132E-002  2.045708811572802E-002
   6978400.15297213       2.525581620406133E-002  1.996610247419023E-002
   4036519.97862810       2.572914633574683E-002  1.945801850280118E-002
   6499047.12047913       2.624116207103398E-002  1.989344118383724E-002
   1308213.76197404       2.674944341756728E-002  2.031595681120408E-002
   941565.877708009       2.725274454849817E-002  2.073119908076342E-002
   3560882.05103363       2.773714988605114E-002  2.115529548762263E-002
   6107533.85303787       2.839239436558442E-002  2.036438653590423E-002
   3984511.69749760       2.785120645815835E-002  1.997187276124155E-002
   2959154.19637914       2.731158874554314E-002  1.958722555051411E-002
   1397458.09903837       2.677662317934517E-002  1.921218516584947E-002
   372349.537771005       2.626254490115855E-002  1.882769835869460E-002
   819087.431769107       2.671359067420442E-002  1.834777773683752E-002
   2492757.95102199       2.717241229481774E-002  1.786545765994546E-002
   4303228.49179089       2.763156121479979E-002  1.737691546377512E-002
   2639044.61884708       2.808571965836192E-002  1.687647815289885E-002
   1089575.42100265       2.693953302368279E-002  1.677187953458911E-002
   759614.991424028       2.651286793243337E-002  1.727432926429951E-002
   2590292.38230948       2.607838527162858E-002  1.777844224620586E-002
   1877316.10777968       2.564408239402686E-002  1.829039348742604E-002
   4042605.95195733       2.505273473586877E-002  1.785509504950673E-002
   2075183.70050382       2.445544948959263E-002  1.743724354856992E-002
   1264704.01084433       2.385832892449380E-002  1.703020013707187E-002
   2750008.65234126       2.350316587242138E-002  1.748605670171943E-002
   833232.574473069       2.405156774662160E-002  1.795921935347290E-002
   1339634.19400815       2.458959054709883E-002  1.843065584187540E-002
   1079965.79984572       2.511155317091053E-002  1.891328663607804E-002
   926728.282584952       2.465794494118544E-002  1.939476046339022E-002
   3838267.59720061       2.418053656349558E-002  1.987131795865060E-002
   5698580.71097287       2.369902442413563E-002  2.036015117692431E-002
   1426063.27353804       2.917291160813604E-002  2.103503316795060E-002
   2385021.11594955       2.958513109975631E-002  2.061689482702368E-002
   2744117.66638286       3.001194851061375E-002  2.019918623690560E-002
   5294874.84592044       3.043738553992668E-002  1.977403602393661E-002
   2923823.32254234       3.086233613356673E-002  1.933992949445212E-002
   5543032.51497338       3.142126573377850E-002  1.967915157144644E-002
   3215605.68059239       3.198088306557411E-002  2.001008378026868E-002
   3076202.45349015       3.254410238020436E-002  2.032881328597461E-002
   2551704.78557952       3.309500702562023E-002  2.064458932161360E-002
   5147162.46576864       3.351437494789059E-002  2.010090927967296E-002
   1038642.60988510       3.304302221109969E-002  1.965926108089941E-002
   558785.194108873       3.258127915826262E-002  1.921904216285655E-002
   2717252.76286136       3.212952912910706E-002  1.877815808161605E-002
   653328.505451501       3.169105835395838E-002  1.832576361582310E-002
   653437.696273101       3.204063169789514E-002  1.780596867148632E-002
   571180.442781869       3.239464978059116E-002  1.728789984571534E-002
   3002357.18101849       3.275412274737892E-002  1.676670935847058E-002
   2636418.01030345       3.311449860447741E-002  1.623849608188848E-002
   319685.112139234       3.207675928579151E-002  1.618805577377549E-002
   2169480.32267530       3.161314854875828E-002  1.661891159578518E-002
   3044446.98627132       3.114997116008854E-002  1.705334821240700E-002
   1497302.01820074       3.068882066199810E-002  1.749506288981998E-002
   2579846.18787114       3.018748580626363E-002  1.714663247397809E-002
   1399164.51492910       2.968404104902065E-002  1.680713565108176E-002
   606908.696150113       2.918349841216485E-002  1.647149876568217E-002
   1783379.66462723       2.853603716068223E-002  1.728716123900322E-002
   447360.176296924       2.898341987839705E-002  1.769229952997243E-002
   977648.924553152       2.942520286173567E-002  1.809673248855256E-002
   1497265.70512187       2.986206137715248E-002  1.850150285438287E-002
   1449269.96354253       2.950728364182344E-002  1.896701752507695E-002
   1121870.39514730       2.914171553820514E-002  1.942865247512376E-002
   2331055.01110674       2.877021643791968E-002  1.989557272234923E-002
   2722289.58183812       3.404894475207949E-002  2.052909988124753E-002
   569498.247331802       3.450207194933466E-002  2.001830838425313E-002
   1569695.82372142       3.497629662271708E-002  1.951085857939832E-002
   4383314.69727499       3.545227678025523E-002  1.899672269560016E-002
   2373545.54161440       3.592407399388465E-002  1.846862752831654E-002
   3587071.28301985       3.645278648933394E-002  1.888548244439565E-002
   748471.226754649       3.698010329844284E-002  1.929361624699825E-002
   604899.814161190       3.750281985990497E-002  1.969868588717285E-002
   2433802.40236555       3.801474248627757E-002  2.010859886582310E-002
   3798315.96662663       3.859258578496899E-002  1.937637023176647E-002
   2367961.95286767       3.805154657823208E-002  1.897771686049064E-002
   1640373.51014066       3.751051766316688E-002  1.858672948218679E-002
   809463.946491576       3.697336651777223E-002  1.819971682485412E-002
   406807.141222027       3.644707721396667E-002  1.780767812012756E-002
   203389.169322702       3.687216185982662E-002  1.728553060786087E-002
   1126493.72006062       3.730447595813463E-002  1.676452853556665E-002
   3050770.65645512       3.773961651176080E-002  1.624013578382553E-002
   1946763.03159333       3.817140607658665E-002  1.570742007231628E-002
   635315.248591000       3.710564277046017E-002  1.571728108512573E-002
   1098080.09282749       3.667005270805797E-002  1.623434664166325E-002
   2172714.61261504       3.623050689901645E-002  1.675373710540950E-002
   1658648.37195998       3.579258391712251E-002  1.728085450494608E-002
   2581109.43812078       3.523687830393603E-002  1.686508114795865E-002
   758673.333689276       3.468141863896844E-002  1.645940254950481E-002
   580780.315515361       3.412847943934145E-002  1.605666712597759E-002
   2131888.16592345       3.365725969828652E-002  1.667170165673035E-002
   1217725.90951528       3.420101504675122E-002  1.709588813986601E-002
   559317.270223547       3.473993456115965E-002  1.751499682761906E-002
   1006772.84257834       3.527055986910611E-002  1.793892052862119E-002
   1168543.07140321       3.484552491364054E-002  1.847693466420583E-002
   1555888.26777094       3.440479918336812E-002  1.900924708577251E-002
   3295761.53542115       3.395756171309777E-002  1.954840829700494E-002
   1156225.32266587       3.931832441138148E-002  1.996387063006746E-002
   1298767.16732996       3.973420951304125E-002  1.951727814059068E-002
   1582817.11131200       4.015814773067979E-002  1.907031596249727E-002
   3212559.99172048       4.058278043355405E-002  1.861869833609525E-002
   1826699.14951802       4.100588601242294E-002  1.816074654680961E-002
   3109355.38286509       4.153197202097461E-002  1.850855878794368E-002
   1519178.84749118       4.205700138438642E-002  1.885084512793012E-002
   1380318.91837534       4.258264715810749E-002  1.918837770581034E-002
   1823550.82872667       4.310000561486226E-002  1.952690609049428E-002
   3426048.15370381       4.363723657676449E-002  1.883454419334015E-002
   1335849.23515610       4.316327337578577E-002  1.842223283660177E-002
   573202.245864488       4.269265969228301E-002  1.801243368989346E-002
   1018073.71515888       4.222707223455843E-002  1.760499442321425E-002
   650460.346972737       4.176797382699829E-002  1.719234277359687E-002
   392279.272043805       4.212070297976873E-002  1.668314769612290E-002
   463391.951609799       4.247834958944205E-002  1.617507120638299E-002
   2308562.21387625       4.284002055075541E-002  1.566559216441526E-002
   1738552.13734214       4.320143646342513E-002  1.514991490475893E-002
   154372.578547728       4.209744693282488E-002  1.506041959951576E-002
   1436635.74750694       4.166737008884593E-002  1.551184238952251E-002
   2171326.28823410       4.123546841991633E-002  1.596624736843330E-002
   1600455.17491047       4.080486076439564E-002  1.642599301839993E-002
   2529032.08274967       4.027049223338458E-002  1.607798245813662E-002
   1513343.92486146       3.973511465896948E-002  1.573711601070165E-002
   763097.084656407       3.920169867904012E-002  1.539990385718937E-002
   1568334.17264474       3.864513125327499E-002  1.613205207333538E-002
   378417.241420760       3.911653418952993E-002  1.655099259706354E-002
   815995.234284765       3.958262991366584E-002  1.697028663798734E-002
   916671.462032284       4.004371169989036E-002  1.739232200802859E-002
   998414.396612964       3.968915062419039E-002  1.788793595254663E-002
   646859.877260642       3.932756699977999E-002  1.838153688272827E-002
   1504710.71280683       3.896148733665439E-002  1.887697066020021E-002
   1275857.74643879       4.432319871631248E-002  1.937935776272736E-002
   914241.885931277       4.474339649806083E-002  1.891068169482264E-002
   1287778.18494296       4.517297925914344E-002  1.844388463955685E-002
   2850130.70015914       4.560177831136320E-002  1.797140249494155E-002
   1690038.74172928       4.603021033762003E-002  1.749363326255154E-002
   3244364.46105781       4.662500254779488E-002  1.784837491400126E-002
   1997781.10755499       4.722174937152364E-002  1.819569511610065E-002
   1559209.79253717       4.782101818047708E-002  1.853250432168280E-002
   2262188.67507110       4.841024739829716E-002  1.886971841548773E-002
   3324196.49348454       4.871840803728975E-002  1.846707094403552E-002
   1184554.20551559       4.820976207002638E-002  1.799836020721587E-002
   281081.922756082       4.770844996721788E-002  1.753553399069995E-002
   1518295.28136042       4.721378063720237E-002  1.707157708474323E-002
   532222.656645263       4.672849993041723E-002  1.659919311383759E-002
   291395.961359014       4.710056159366833E-002  1.611813914965893E-002
   1032630.54333406       4.747746448423792E-002  1.563801158521910E-002
   2567823.36251995       4.785441683025161E-002  1.515391896434496E-002
   1789991.45117873       4.823256999884003E-002  1.466679898601277E-002
   376600.659644719       4.701655659140722E-002  1.448499381611286E-002
   997459.800582882       4.662488741216292E-002  1.495227661918349E-002
   1817064.45444740       4.623260090733572E-002  1.542295444962717E-002
   1440357.46261751       4.583917391205237E-002  1.589726689670116E-002
   2291102.36845610       4.531066247842838E-002  1.553380526202505E-002
   1080207.98663559       4.478187301078108E-002  1.517549031258794E-002
   516971.909450651       4.425586939975499E-002  1.482177566296205E-002
   1629278.93284941       4.369138539271057E-002  1.556384651059901E-002
   654140.980641682       4.417820182927634E-002  1.597230354739241E-002
   603942.361087295       4.466276667103657E-002  1.637987322206891E-002
   612254.371574855       4.514130674437407E-002  1.679010750222342E-002
   718013.835372208       4.477281278587797E-002  1.730013160491491E-002
   839217.147067122       4.439654298649006E-002  1.780753264490974E-002
   1736544.66098429       4.401843090490354E-002  1.831880655346209E-002
   1227810.17262427       4.911652220667983E-002  1.878132865005270E-002
   1793494.97764079       4.960515145295878E-002  1.831775816669661E-002
   2390170.07653056       5.010196134184280E-002  1.784857357227405E-002
   3461808.55975715       5.059303621320912E-002  1.737122478416730E-002
   1541500.30173691       5.107956315464651E-002  1.688567634002646E-002
   2367711.80869164       5.158932615669630E-002  1.723262159151322E-002
   761074.721682363       5.209751295911498E-002  1.757631087341047E-002
   846995.436686903       5.260455950329439E-002  1.791756946658982E-002
   1767860.12458963       5.310423492027844E-002  1.826123405055398E-002
   3029008.13231504       5.370905139180826E-002  1.745862483002041E-002
   1428219.98677379       5.322613283562553E-002  1.707597746341238E-002
   968369.348519276       5.274489132309804E-002  1.669539389959799E-002
   493840.313788772       5.226654691920422E-002  1.631741337539894E-002
   277393.855854671       5.179323157786479E-002  1.593652719699678E-002
   1021540.74527231       5.212647551217943E-002  1.530713773266784E-002
   913717.474604638       5.246538676553436E-002  1.468154050029700E-002
   982406.875675398       5.281433101913115E-002  1.405956314354139E-002
   1173136.77378140       5.317019891388676E-002  1.343088453461943E-002
   1255186.60093498       5.244665927219973E-002  1.375936613093992E-002
   2307318.18217669       5.190790076614930E-002  1.424014775404682E-002
   2082950.32991999       5.137562037527956E-002  1.472750936249260E-002
   906484.794120127       5.084886198560604E-002  1.522093141049541E-002
   1097109.24928084       5.035200756364976E-002  1.487041158116764E-002
   278382.615017256       4.985709813160447E-002  1.452406242511048E-002
   416395.494699660       4.936368558095763E-002  1.417788050130473E-002
   1781030.10372434       4.870982521916116E-002  1.504563703378306E-002
   1128505.86437790       4.918737712162805E-002  1.542171529935791E-002
   286109.526925153       4.966247298986581E-002  1.579390585251017E-002
   781566.935332775       5.013607097969411E-002  1.616629418639262E-002
   1751677.90903675       4.979531576205170E-002  1.674443018164918E-002
   533807.936683753       4.944458368829611E-002  1.731661605717017E-002
   958067.828351935       4.908426372371537E-002  1.788881182370930E-002
   1205208.13992806       5.450549275381680E-002  1.807132144028958E-002
   583378.109536935       5.489579101910858E-002  1.760831494305694E-002
   640217.867360392       5.529402570067295E-002  1.714698448987087E-002
   2013392.43069419       5.569313802321173E-002  1.668272754446558E-002
   1191155.75642994       5.609285267031294E-002  1.621589629249482E-002
   2526705.28357373       5.665752997677469E-002  1.655934946481535E-002
   1502929.83448441       5.722379918665102E-002  1.689782056926543E-002
   1338045.80532166       5.779130509148461E-002  1.722971207882892E-002
   1125172.84733194       5.835385057006924E-002  1.756024889614478E-002
   2188004.09930501       5.875276586956543E-002  1.702247621768365E-002
   392135.633111079       5.826210928796155E-002  1.658521402218675E-002
   356935.268181558       5.777642090596628E-002  1.614897826287787E-002
   1316828.73063418       5.729556677998940E-002  1.571128330318877E-002
   135773.712966399       5.682163633750988E-002  1.526816525651587E-002
   642208.168431247       5.718871447362744E-002  1.486125824311966E-002
   1310334.82666444       5.755680271943876E-002  1.445271190242343E-002
   1914557.98933800       5.792478394682041E-002  1.404199818606882E-002
   1215096.13191077       5.829230135636308E-002  1.362927892561318E-002
   572611.869671800       5.679850425657469E-002  1.317374236934884E-002
   125305.143983068       5.649345180798131E-002  1.362746500647343E-002
   832492.926121563       5.618642649109595E-002  1.408175233583895E-002
   672968.236792395       5.587851872232718E-002  1.453791389294939E-002
   1901110.87086075       5.524139013988168E-002  1.420181321529089E-002
   1928491.60416673       5.460033070699799E-002  1.387200424718984E-002
   1692920.35748785       5.395436171170565E-002  1.355168109787144E-002
   240129.081528520       5.367818507709696E-002  1.393938091869801E-002
   841865.165572946       5.417548224610708E-002  1.444767744890227E-002
   1047822.09981206       5.466511858785646E-002  1.496248322756167E-002
   378085.770152345       5.514943414194488E-002  1.548272540739931E-002
   207595.233826391       5.479390190528569E-002  1.597479730190248E-002
   1092061.26478209       5.443328560415881E-002  1.646634176805386E-002
   1643134.59585622       5.407192333210312E-002  1.696111287679036E-002
   1257221.21580531       5.928675053895224E-002  1.742522742613169E-002
   255990.725591640       5.972267825432933E-002  1.687275202717984E-002
   688820.299392527       6.016826199151323E-002  1.632132224979035E-002
   2035330.95359711       6.061533688346498E-002  1.576714948971190E-002
   1156061.44742564       6.105864192896629E-002  1.520557813226269E-002
   1863150.38894955       6.165685890875258E-002  1.561716479856020E-002
   571482.487914974       6.225614848123146E-002  1.602114016796976E-002
   350677.820528004       6.285512351443436E-002  1.642184370231060E-002
   1733022.18188889       6.344514726694579E-002  1.682595447273966E-002
   2034634.16254201       6.379082926009734E-002  1.636057059881795E-002
   1120521.86141884       6.321395822291448E-002  1.591944468942750E-002
   402199.504062791       6.263588173125083E-002  1.548599095499491E-002
   822309.123359685       6.206273512730185E-002  1.505440736647115E-002
   462383.892530087       6.149761801830191E-002  1.461613192736740E-002
   278054.538111528       6.192444200967721E-002  1.408333393145425E-002
   975875.607390671       6.235749256363035E-002  1.355100145999159E-002
   2230273.08002905       6.279226421410807E-002  1.301619215929001E-002
   1463921.49361323       6.322396316394058E-002  1.247589426777168E-002
   441371.850010111       6.213798526077335E-002  1.251391808889307E-002
   741906.550102576       6.173103406429934E-002  1.306490974981703E-002
   1619898.10074249       6.132059396047457E-002  1.361708233438727E-002
   1079773.26534730       6.091140471248981E-002  1.417458527386159E-002
   958100.162906226       6.047788592002416E-002  1.373920299778712E-002
   365756.442818522       6.004794938065763E-002  1.330523313044260E-002
   478732.462460914       5.962074386076433E-002  1.286985922544833E-002
   1553322.50219546       5.883759013992910E-002  1.391663054585910E-002
   1558213.35533280       5.938400242234543E-002  1.420203985728538E-002
   625604.217980783       5.992986907110840E-002  1.448356968493064E-002
   224920.139987308       6.047226355021604E-002  1.476375202067263E-002
   610028.820972339       6.005008047029969E-002  1.532689548722365E-002
   688756.965922198       5.961888534829977E-002  1.588776921706964E-002
   1546488.24554550       5.918406335844990E-002  1.645168621227910E-002
   1077509.35266043       6.425326787699491E-002  1.671047682940799E-002
   499857.768611564       6.471001924750509E-002  1.618628737906702E-002
   998022.135027594       6.517368905366086E-002  1.566147762478278E-002
   1844261.76883391       6.563485953675548E-002  1.513172730656765E-002
   959745.706232930       6.609254793081487E-002  1.459556458250990E-002
   996644.162130520       6.655785015774683E-002  1.499396144789643E-002
   56829.6158020248       6.702166340782123E-002  1.539082816627405E-002
   238570.859738153       6.748307811440238E-002  1.578709395175124E-002
   1137277.19961187       6.794179056304281E-002  1.618570791614176E-002
   1548210.15497810       6.871485272602976E-002  1.514165345022846E-002
   914061.806049675       6.819307002406776E-002  1.481996360724749E-002
   847074.767239730       6.767215253782552E-002  1.449995358043887E-002
   102767.899290121       6.715140041816109E-002  1.418123258936497E-002
   363589.170518613       6.663354910332690E-002  1.386209498839373E-002
   184393.901543503       6.702573766654951E-002  1.334231480297116E-002
   428238.555959971       6.742221836530000E-002  1.282196860259093E-002
   1147918.25369015       6.781983864283325E-002  1.230066761164040E-002
   630442.497357477       6.821608712118135E-002  1.177560432675350E-002
   327948.481182406       6.708313793061632E-002  1.174635487690965E-002
   412227.867628966       6.669034321865268E-002  1.226824553265503E-002
   982347.117690381       6.629522060728754E-002  1.279205168647801E-002
   1033272.69025156       6.590154308908779E-002  1.331870156447298E-002
   1368123.91421887       6.535679241513219E-002  1.293216904173194E-002
   432550.594155988       6.481203737840611E-002  1.255039345942902E-002
   321779.082160017       6.427046618823609E-002  1.217026179361622E-002
   1267149.79425335       6.376092365914202E-002  1.287411499335440E-002
   698799.080953910       6.429731707635114E-002  1.326706090562492E-002
   251424.250440095       6.483186441067847E-002  1.365869890198862E-002
   807267.836290679       6.536182469956903E-002  1.405193826861938E-002
   948082.023840500       6.497738669711241E-002  1.462994109644951E-002
   111596.626100928       6.458521520102792E-002  1.520417060100964E-002
   821695.594659097       6.418842521091006E-002  1.577988781198758E-002
   491502.072490138       6.975602448013450E-002  1.592019788710429E-002
   646906.822021508       7.009944449112024E-002  1.553430566958522E-002
   617043.265119440       7.044509298193016E-002  1.514914638556097E-002
   1124049.94817860       7.079122684392317E-002  1.476117590549509E-002
   696945.808616459       7.113734601236965E-002  1.437287966779955E-002
   1198213.45047387       7.164757597864722E-002  1.463449412331077E-002
   836193.704836785       7.215800122527399E-002  1.489611192211328E-002
   928315.102531253       7.266868635227461E-002  1.515451940797906E-002
   257980.451782152       7.317756216000973E-002  1.541273353329219E-002
   1083148.39978512       7.371942831006818E-002  1.467172210932848E-002
   90239.8904912808       7.331601143821062E-002  1.426736275516699E-002
   152517.272775454       7.291504676270746E-002  1.386229942351210E-002
   504812.133196964       7.251438939816238E-002  1.345731097288922E-002
   222585.101002800       7.211685626243527E-002  1.305056151372388E-002
   120238.958171515       7.238679818400248E-002  1.259278748059301E-002
   214285.093134959       7.265876630175895E-002  1.213476337821365E-002
   630659.975081357       7.293042456355314E-002  1.167629717436599E-002
   496894.693478998       7.320218479726187E-002  1.121649203196609E-002
   102903.754404143       7.188588737903936E-002  1.089814594794076E-002
   385724.034351198       7.152279621035872E-002  1.128765938588875E-002
   648606.070167979       7.115947031665786E-002  1.167898205304690E-002
   519432.652877339       7.079607573367318E-002  1.207022766661063E-002
   869797.627228170       7.028864818963913E-002  1.180740542668466E-002
   755121.875266560       6.977938364198377E-002  1.154624197455265E-002
   386012.560059078       6.927162015947642E-002  1.128743479484198E-002
   463291.217178424       6.861852306068647E-002  1.217979493367246E-002
   98986.3089999654       6.901933644782463E-002  1.258302254961226E-002
   333143.036602113       6.941958196497224E-002  1.298732780800041E-002
   493281.868770928       6.981770246387001E-002  1.339095960591205E-002
   357001.045378659       6.954449157675816E-002  1.382849066856972E-002
   203579.204548118       6.926855974194575E-002  1.426606194540886E-002
   398824.498247569       6.899292315845507E-002  1.470354049849647E-002
   545617.378597286       7.445809903007310E-002  1.521506206024636E-002
   171472.155766760       7.483847978470190E-002  1.463620085790712E-002
   137613.037622020       7.522326666616962E-002  1.405774863870354E-002
   1187115.51572676       7.561022386191792E-002  1.347934211999397E-002
   660634.193049424       7.599674844737761E-002  1.289641691609755E-002
   1036306.84788450       7.653125077596862E-002  1.333724859005999E-002
   42221.1108368464       7.706433121455922E-002  1.377434389888616E-002
   211650.398877818       7.759526997711186E-002  1.421241435514963E-002
   759626.971115207       7.812106804355733E-002  1.465260635651506E-002
   1108313.46744835       7.869458899355916E-002  1.387069049995792E-002
   910920.351200983       7.810914813851194E-002  1.350264662601975E-002
   790710.513953584       7.752182638628581E-002  1.313665955374964E-002
   51956.0480450832       7.693558276021421E-002  1.277337623217486E-002
   95138.5695138635       7.635239077494041E-002  1.240918745454877E-002
   102297.371191703       7.678966302683232E-002  1.182609535669123E-002
   434803.192339123       7.722927335443125E-002  1.124381273319964E-002
   988471.287498414       7.767025727062457E-002  1.065993508882198E-002
   573891.786842438       7.810830222231722E-002  1.007229803043651E-002
   121867.171347179       7.716774319222419E-002  1.028648734969083E-002
   388316.764208257       7.673445590611754E-002  1.087393187549210E-002
   763361.517643864       7.629995963489995E-002  1.146131433103623E-002
   361183.830541118       7.586704030781004E-002  1.205257147794296E-002
   394983.935027792       7.537490886433341E-002  1.160403628271731E-002
   137175.382341375       7.488434587996683E-002  1.115727092378922E-002
   151812.313002624       7.439509573537188E-002  1.070906769654648E-002
   593298.480159523       7.377885851163316E-002  1.154911269274754E-002
   626744.684687137       7.435685204761591E-002  1.188047502265958E-002
   247974.572489710       7.493424540830948E-002  1.221001979489576E-002
   97895.5222144680       7.551118157791376E-002  1.253890994539271E-002
   34156.8186306590       7.506558456010914E-002  1.307035973615613E-002
   810246.045768436       7.461639087023181E-002  1.360149770337375E-002
   1056041.49357267       7.416656575162150E-002  1.413528492533892E-002
   280751.448557473       7.947489465246031E-002  1.444736933141794E-002
   479858.105806754       7.986486779841608E-002  1.399502098649535E-002
   556999.993349542       8.025814826443001E-002  1.354143142709596E-002
   989102.183139868       8.065120160473975E-002  1.308715104272250E-002
   523843.244312324       8.104365612896722E-002  1.263131392905546E-002
   903117.790136372       8.156601572973378E-002  1.294555697826819E-002
   476222.747453073       8.208933859599990E-002  1.325859674754007E-002
   483401.909134816       8.261193335211947E-002  1.357102233176724E-002
   398294.814121656       8.313256751470202E-002  1.388266637092715E-002
   866270.251964718       8.366348494181686E-002  1.315000928897138E-002
   200805.752208103       8.320176597875420E-002  1.275375094325659E-002
   79895.9744416520       8.274056683466895E-002  1.235768712796933E-002
   381825.068326969       8.228130222925137E-002  1.196060680587499E-002
   182615.887191144       8.182430925661122E-002  1.156300362494412E-002
   247482.508827397       8.213469244229898E-002  1.100985800764004E-002
   42299.6438898705       8.244644647029878E-002  1.045704866184168E-002
   344875.154885223       8.276029554901836E-002  9.902980265006451E-003
   370535.238543456       8.307375002904567E-002  9.348635030670224E-003
   183830.699229485       8.207260034999563E-002  9.394075116221801E-003
   473643.566003207       8.163336114650026E-002  9.856105527644442E-003
   624882.263336954       8.119522116551356E-002  1.031815565710881E-002
   348008.330764503       8.075790862216747E-002  1.078144241727905E-002
   635673.954065481       8.018883553458414E-002  1.047384469806623E-002
   473348.798814359       7.961907582329544E-002  1.016839927367642E-002
   255443.765092537       7.904915351149029E-002  9.863823047197424E-003
   290285.878978894       7.857788606739147E-002  1.051761937800274E-002
   120587.532125825       7.904677450559876E-002  1.096056356282962E-002
   336873.997925898       7.951299209429145E-002  1.140409493198789E-002
   375843.916129188       7.997771118352998E-002  1.184862988566863E-002
   353079.152601563       7.965977136468344E-002  1.235417183149264E-002
   120509.871437371       7.933962955838107E-002  1.285928001044246E-002
   373032.360539353       7.901743894468279E-002  1.336524169183604E-002
   468745.394321753       8.439432246882284E-002  1.368265071984415E-002
   157784.134918491       8.477610586970555E-002  1.311604372456104E-002
   78145.6852525813       8.516119352067836E-002  1.254948392092497E-002
   634964.125386876       8.554884594218487E-002  1.198317596113994E-002
   374013.679946805       8.593526512669059E-002  1.141478214697491E-002
   540234.556961228       8.643078022154234E-002  1.184524240288580E-002
   84796.8336444523       8.692674034971248E-002  1.227341993594002E-002
   178650.572089704       8.742090729666305E-002  1.270225882617088E-002
   1053156.10066983       8.791342475764460E-002  1.313176219950105E-002
   946305.933340451       8.859724540782495E-002  1.218948352692274E-002
   295790.146407291       8.803220834454499E-002  1.185499834695348E-002
   267322.126150317       8.746671284571264E-002  1.152223271885423E-002
   285326.253215356       8.690246227938175E-002  1.118982082191629E-002
   183985.585774487       8.634101682292371E-002  1.085778250160969E-002
   92815.8440906497       8.677711306632850E-002  1.037929319295048E-002
   581102.146944214       8.721436574348466E-002  9.899710094907064E-003
   765674.592858498       8.765229153807332E-002  9.418485368622789E-003
   409655.328898631       8.808809456922272E-002  8.935759233667248E-003
   307947.932199782       8.677423623407571E-002  8.774627538836264E-003
   56809.8553141314       8.644608655129310E-002  9.333393318443930E-003
   497074.346495699       8.611610021774851E-002  9.891258263763684E-003
   192490.767747251       8.578583847507730E-002  1.045107349959763E-002
   440843.602100398       8.521036595003895E-002  1.003272928643454E-002
   29559.7195769231       8.463470190538784E-002  9.616799986410289E-003
   270447.105616705       8.405905155990841E-002  9.200630745576102E-003
   393155.319890291       8.365057149266082E-002  9.765603050494365E-003
   134389.929554758       8.422910308868312E-002  1.018054138306896E-002
   302659.847444027       8.480571989030365E-002  1.059351073687036E-002
   221938.890962899       8.537974748606403E-002  1.100777759296134E-002
   49577.8360330908       8.495230791127210E-002  1.154151255140239E-002
   524562.216517739       8.452263720755943E-002  1.207645290655374E-002
   732896.214921264       8.409201240377533E-002  1.261230843067229E-002
   767615.454183547       8.953683325385713E-002  1.287693457052114E-002
   218560.021469354       8.988209725907119E-002  1.236894341108264E-002
   44431.5203114612       9.022909496148530E-002  1.186266741765217E-002
   358189.554329771       9.057748634431895E-002  1.135441783820580E-002
   331260.188950124       9.092442772544250E-002  1.084445375149371E-002
   299402.524978115       9.139948710934089E-002  1.122647517504245E-002
   92814.4823082041       9.187433530936588E-002  1.160809014136257E-002
   70885.4080007100       9.234782521925168E-002  1.198855921798552E-002
   104877.446650056       9.282180914994496E-002  1.237017833090684E-002
   269316.805364772       9.354211174240155E-002  1.138110458115347E-002
   191821.661461144       9.303218040794863E-002  1.104735178941057E-002
   148358.232468522       9.252358483937710E-002  1.071461666272085E-002
   22852.4727550377       9.201403975699447E-002  1.038137093404408E-002
   147458.329898604       9.150524698294163E-002  1.004781107552083E-002
   58665.0449244143       9.189386013224507E-002  9.616924086106305E-003
   16839.0732454173       9.228307092694753E-002  9.186024113000761E-003
   29437.8025394070       9.267129413584219E-002  8.754999704688796E-003
   14246.8556482569       9.305999803808605E-002  8.323144344536612E-003
   111491.136788299       9.158425979117613E-002  7.962522827353874E-003
   85796.6867752386       9.129245726046617E-002  8.463220654413638E-003
   38295.8129539135       9.100052697518590E-002  8.964971314734459E-003
   263260.562158366       9.070818260469810E-002  9.466722976471725E-003
   276385.422469011       9.023220849577730E-002  9.084679195375233E-003
   174750.049744372       8.975592440906721E-002  8.704896953717020E-003
   92696.1820937095       8.928053246263781E-002  8.326439899165953E-003
   333983.887293461       8.859938693060418E-002  9.268253935371751E-003
   151856.521485245       8.910932656663383E-002  9.600318536709283E-003
   126138.152786646       8.961950208494006E-002  9.931766517221791E-003
   620308.038917944       9.012891444210849E-002  1.026273660674665E-002
   300034.168681044       8.974704801244214E-002  1.074291440478792E-002
   119089.885223628       8.936388320778149E-002  1.122448830085912E-002
   291336.255450408       8.898120135823986E-002  1.170606242659510E-002
   15702.6334882235       9.453090405727717E-002  1.210212082051916E-002
   208749.860330114       9.487527150953784E-002  1.165765144038081E-002
   219239.243769472       9.521909972383005E-002  1.121230579190204E-002
   497568.885319858       9.556375999108989E-002  1.076713236684080E-002
   161004.636725203       9.590876952522052E-002  1.032190283402371E-002
   582166.275020579       9.634894700120911E-002  1.064234382058828E-002
   415718.280572235       9.678936470699151E-002  1.096197503057308E-002
   353740.693163060       9.723026445254811E-002  1.128164307053853E-002
   116705.315384778       9.767099518251060E-002  1.159981440029894E-002
   60829.3977171436       9.846981503485001E-002  1.048079236973206E-002
   233085.248468440       9.802662710266771E-002  1.016815242244762E-002
   312009.999921512       9.758313741516761E-002  9.855202667726364E-003
   457287.175707938       9.714128978056966E-002  9.541676681085406E-003
   85072.6046551110       9.670049593184592E-002  9.227226188597181E-003
   380202.692478583       9.699060253632016E-002  8.590089151503773E-003
   187975.494298930       9.728060692048038E-002  7.953017723263794E-003
   200781.427599744       9.757331474949005E-002  7.316716610856797E-003
   40065.5634808697       9.786697964796627E-002  6.680581194690276E-003
   339427.938432367       9.716417376084992E-002  7.015983001625599E-003
   298782.828596771       9.664452848159326E-002  7.488501487883267E-003
   399132.122714988       9.612570764162395E-002  7.960980721272718E-003
   208051.045827126       9.560846192824410E-002  8.434949234197447E-003
   137081.520777476       9.518679376446787E-002  8.111176274598168E-003
   98883.1108972264       9.476511704815262E-002  7.787528641773681E-003
   199675.537067517       9.434353965951700E-002  7.462641380711559E-003
   109107.222565922       9.349827417142158E-002  8.624890323529590E-003
   30474.1850851052       9.393785828103288E-002  8.925893177151671E-003
   52743.6110505363       9.437641344536361E-002  9.227017302188579E-003
   78309.6774367735       9.481515408328296E-002  9.527796007371320E-003
   211217.258064757       9.449844668488758E-002  9.991582831596860E-003
   44169.0389656028       9.418037315495117E-002  1.045485128777088E-002
   80208.9272785650       9.386096739772884E-002  1.091756207989564E-002
   3905912.63246060      -3.528000000000000E-003  2.500000000000000E-003
   4658515.75879711       2.305921756260360E-003 -3.392043026291500E-003
   9075950.52598288      -3.272000000000000E-003 -2.500000000000000E-003
   3405012.97247450      -2.528114381023327E-003 -3.298122436130587E-003
   3699809.39662961       7.175245541189150E-003 -3.793440724412461E-003
   6338547.88975323       1.191676766194629E-002 -3.236801473015337E-003
   3356251.44431113       1.658502865949355E-002 -3.990526762460701E-003
   4333521.68618894       2.138559775156075E-002 -4.098873618733458E-003
   2418323.56784108       2.611519928910394E-002 -4.689414373796663E-003
   3355365.40485723       3.095638656819399E-002 -5.078656665933639E-003
   4115941.80100050       3.580406101633745E-002 -5.446595384306920E-003
   2245311.88425973       4.062160577783580E-002 -6.304348809033550E-003
   2043827.54392829       4.552849970470722E-002 -6.719077902558573E-003
   2698379.27369031       5.045394746848021E-002 -6.885012474954405E-003
   1101466.48193543       5.527344427138761E-002 -8.047900103860669E-003
   2294458.10959568       6.022729473457261E-002 -8.309374201056284E-003
   1290534.58827087       6.511568529343832E-002 -9.114727092738611E-003
   913114.484054932       7.001702942215128E-002 -9.890364617949071E-003
   829433.369986000       7.494837254389096E-002 -1.051509718632677E-002
   315172.636029733       7.982797832631283E-002 -1.155847853231829E-002
   165545.710175380       8.477295261759848E-002 -1.222485310896243E-002
   60139.5690854832       8.971988757963167E-002 -1.290547369664021E-002
   21280.4801811978       9.615020809729824E-002 -8.377627001408068E-003
   227.870586849290       9.512031691623121E-002 -1.327629326444322E-002
   154.318172517694       9.466870670011060E-002 -1.360507654853912E-002
   1211568.06315778      -2.864000000000000E-003  7.500000000000000E-003
   119729.434287775       9.658062390244894E-002 -3.389748126582938E-003
   3641860.94478498      -2.761000000000000E-003  1.250000000000000E-002
   119030.598372728       9.765488507269818E-002  1.495446401611106E-003
   2203108.59914427      -3.353000000000000E-003  1.750000000000000E-002
   161888.164502294       9.800105063039806E-002  6.498174980043851E-003
   1201891.02004220      -2.482098063218349E-003  2.301105726777298E-002
   10001369.2821817      -3.026000000000000E-003  2.250000000000000E-002
   475664.041449998       2.629787468888951E-003  2.299714812713361E-002
   540135.260771553       7.822189826789588E-003  2.335760823941075E-002
   861859.684579807       1.297440521241335E-002  2.252332455370478E-002
   842414.689484311       1.819331989260945E-002  2.283262217295935E-002
   1457877.94846371       2.332921004722549E-002  2.208275620723774E-002
   505011.533175072       2.851408979421242E-002  2.180706223797256E-002
   891342.488688577       3.362983566743510E-002  2.106069355198489E-002
   446767.066636428       3.873825776849119E-002  2.068473290307093E-002
   540172.644871190       4.378511690457181E-002  2.006174523726388E-002
   649810.601245935       4.880735100330180E-002  1.917720649954504E-002
   506297.642535370       5.389944832413025E-002  1.886388162070438E-002
   427175.691959610       5.888784062912410E-002  1.795794055634794E-002
   475442.874509474       6.390678339820934E-002  1.717148971750580E-002
   378057.851750158       6.898140083238709E-002  1.695525832774150E-002
   397724.740851303       7.391679436521489E-002  1.595312764483806E-002
   174835.593140566       7.890028597795029E-002  1.522590910403354E-002
   216433.029600706       8.386346529148987E-002  1.441279342799803E-002
   370084.188870116       8.885277614114596E-002  1.381211694040490E-002
   40007.1681249752       9.381027413238233E-002  1.309033605292607E-002
   104700.757046980       9.958865354844126E-002  1.127866483158640E-002
   171001.274357924       9.879070551585399E-002  1.239736310064919E-002
