   1464956.31926904      -1.938610391925361E-003  2.502123940808064E-003
   224170.905629675      -1.463535637015228E-003  2.096112490752322E-003
   1791050.08240487      -9.907744337774469E-004  1.692096822975549E-003
   3831982.55221070      -5.187052673471721E-004  1.294248267959447E-003
   2344672.39355310      -4.927280389272590E-005  8.946645574931097E-004
   4813246.23117831       3.883547773181744E-004  1.282792948072541E-003
   3229922.18270063       8.231452938361854E-004  1.680614210147746E-003
   3207957.80163002       1.260450169638220E-003  2.085560140598177E-003
   813352.470827232       1.716547445825358E-003  2.483451333184171E-003
   8158954.60701579       2.398412226780151E-003  1.785888483847758E-003
   4322627.09538281       2.028729283162791E-003  1.337102042456059E-003
   3007732.24399247       1.651052532958440E-003  8.834786075352645E-004
   943075.980034511       1.269887893341033E-003  4.237143913126995E-004
   2336953.10030863       8.814637651355550E-004 -3.742881806018065E-005
   2871149.48474626       1.270986207087380E-003 -6.069373373320710E-004
   3553677.73514707       1.633506012067434E-003 -1.192231011427320E-003
   4570606.84678125       1.974336704981034E-003 -1.785006092532084E-003
   3212579.62619810       2.289476326622721E-003 -2.365652985886586E-003
   1887981.33214058       1.954289755303578E-003 -2.657620893911011E-003
   2484220.84012532       1.449941586375654E-003 -2.200951168160973E-003
   7898246.21819275       9.610461911423857E-004 -1.760595230990936E-003
   6980533.31175326       4.580115302306926E-004 -1.345932388334729E-003
   4649731.96569481      -5.450761016874870E-005 -9.434438504316104E-004
   5287361.82007097      -3.734084617128842E-004 -1.338729541283516E-003
   2253713.22329257      -6.982453271237673E-004 -1.731158816692029E-003
   1137234.68244987      -1.024914191147142E-003 -2.128414551947621E-003
   4228526.07792282      -1.353078593978502E-003 -2.526644904510898E-003
   126731.448776902      -2.524304016928663E-003 -1.366349836413493E-003
   3811400.79096900      -2.139516299080527E-003 -1.033038342635015E-003
   2970292.67391568      -1.754487477002391E-003 -6.954485614279966E-004
   782369.216705296      -1.369837602314092E-003 -3.558852592545706E-004
   2124963.55558204      -9.735402463619026E-004 -2.077628862509418E-005
   1325721.64458737      -1.369211818265381E-003  4.664435175160642E-004
   515468.684048961      -1.752728588160259E-003  9.596673755102224E-004
   2284442.73321042      -2.133807649130186E-003  1.452639294557352E-003
   1823619.50396939      -2.513515055839566E-003  1.937215792044548E-003
   1682070.48852877       3.111390704606027E-003  2.452280934804146E-003
   1191153.54441574       3.548158851371035E-003  1.985838934467702E-003
   1915300.38395258       3.960192695365241E-003  1.511631345961923E-003
   6324567.67033117       4.367324809155618E-003  1.046886780234930E-003
   3699293.92159712       4.772660861956777E-003  5.913759922538535E-004
   6345102.55032048       5.187130134671647E-003  1.011913714691937E-003
   2487576.36171835       5.601241829207897E-003  1.444290306046817E-003
   20749.5492799428       6.021392256533127E-003  1.885765626783289E-003
   1906293.98952046       6.455234801066835E-003  2.325273776424769E-003
   4454893.01736762       7.236742473191845E-003  1.506394795487793E-003
   4782698.79541240       6.814259438490173E-003  1.090717649008554E-003
   2143948.44907050       6.389459560608075E-003  6.637789828769188E-004
   1349013.56140066       5.959078958016041E-003  2.314218128186088E-004
   1588090.61051010       5.510619474533985E-003 -1.984407152406210E-004
   428790.405717892       5.920459763584740E-003 -6.511265905515681E-004
   1682220.27161914       6.314810442774336E-003 -1.104732527875461E-003
   6533866.45104360       6.706657982831183E-003 -1.551410710594514E-003
   3869923.47166895       7.091013645835723E-003 -1.993884709866359E-003
   1349149.05086447       6.203359997045928E-003 -2.780606049981791E-003
   1368256.13082876       5.813760418691260E-003 -2.313626407871365E-003
   2796172.97405081       5.442338424702096E-003 -1.840537495551853E-003
   5196391.29911398       5.074371760150360E-003 -1.376760665870259E-003
   4005628.01822390       4.706495462460929E-003 -9.237203541596745E-004
   7949134.22373691       4.173172737439586E-003 -1.337835883626865E-003
   4968375.48300742       3.651521851344415E-003 -1.769847662452381E-003
   3679378.31372484       3.138625513970094E-003 -2.226896154230243E-003
   1013716.55697957       2.597360063058223E-003 -2.688331906206297E-003
   3243656.74766430       2.682110781413695E-003 -1.818139046220165E-003
   511915.751000793       3.088408674839985E-003 -1.247605240639867E-003
   3715591.15693728       3.515797241780166E-003 -6.819782578073168E-004
   1015672.70453238       3.971029924229826E-003 -1.331559495097494E-004
   383524.801097771       3.562520838065886E-003  3.532662361734520E-004
   3676510.65643349       3.171958393089262E-003  8.416077951006830E-004
   5546301.56318184       2.783433927724563E-003  1.319318716114637E-003
   2337542.61704627       8.065232347501360E-003  2.273985829488830E-003
   2146123.38209988       8.471562277464543E-003  1.733592990530416E-003
   779440.961726671       8.856581930669445E-003  1.183985553126968E-003
   3810048.43811616       9.226561065494897E-003  6.352900588739365E-004
   3675212.67921956       9.591970993643150E-003  1.010878747181187E-004
   5865004.77858460       1.006720615566831E-002  5.867876343090583E-004
   1614306.07784225       1.053710033886728E-002  1.096098414734865E-003
   614056.017346684       1.101760379295166E-002  1.612484052817210E-003
   1576115.07619155       1.152217960399296E-002  2.118399466068043E-003
   4883948.10458820       1.205148714337432E-002  1.540772560354491E-003
   5278445.95101525       1.155389859715844E-002  1.075880148541257E-003
   2926106.56260700       1.106342081165775E-002  5.891908755253704E-004
   917480.186433884       1.056747848389548E-002  9.264467473221201E-005
   2338043.61325834       1.004595540767471E-002 -3.961291360634374E-004
   2623655.65705765       1.051595579970251E-002 -8.636241525488491E-004
   4024966.15870857       1.096479522614327E-002 -1.328662728297664E-003
   8269940.91298304       1.141823630942428E-002 -1.776371504970268E-003
   4247203.12478261       1.187365752198591E-002 -2.216771191313415E-003
   548166.483747767       1.097631364949457E-002 -3.017848715917141E-003
   3389750.01496983       1.059050171594873E-002 -2.475017401428436E-003
   708214.167899609       1.023105363947319E-002 -1.921254333280565E-003
   3757094.86125933       9.882095466606813E-003 -1.371072448496200E-003
   5277505.25553116       9.542058350523524E-003 -8.357948445207659E-004
   6544150.53569200       9.148339990977004E-003 -1.329719000743431E-003
   7134.15651255357       8.748321112379250E-003 -1.842446065489160E-003
   330326.041717881       8.335797466429051E-003 -2.359324516354481E-003
   143828.695632902       7.900421492970752E-003 -2.864061079273881E-003
   5562267.84004995       7.585308845551777E-003 -1.596053116290257E-003
   5091695.44944307       8.078410241824504E-003 -1.188009963384581E-003
   113384.949658538       8.570800819785115E-003 -7.653613544847507E-004
   1214279.51049377       9.087186650963955E-003 -3.430117830591087E-004
   744225.976968314       8.616536885752927E-003  1.351037123437284E-004
   4505654.69700796       8.161262188157294E-003  6.064479880534243E-004
   5772393.47629643       7.702688995137674E-003  1.063609972854710E-003
   812603.493765813       1.263579548054641E-002  2.058789838319169E-003
   476289.357117732       1.308899019327259E-002  1.526522856413829E-003
   1766995.70468341       1.352219025140622E-002  9.901686207048942E-004
   4327000.02600864       1.394968017720205E-002  4.608413683610973E-004
   3062116.91776289       1.438501606535269E-002 -4.948468948961311E-005
   1846567.94727179       1.479589801346679E-002  4.209005575850699E-004
   573945.267961812       1.521321798907495E-002  8.957478911266074E-004
   1507268.29358848       1.563793509023021E-002  1.368177784985865E-003
   1350379.59994893       1.607415161662621E-002  1.835594882390074E-003
   3011151.28312054       1.690620353017459E-002  8.713360032833878E-004
   4222220.20384681       1.640535398337753E-002  5.087020627448198E-004
   3500077.23953444       1.590905364989610E-002  1.381275364238094E-004
   1599764.17678425       1.541331400613356E-002 -2.424163958114807E-004
   1916748.61112491       1.491147014463999E-002 -6.272653017681594E-004
   1405546.17555901       1.536926609202123E-002 -1.102057641049456E-003
   2115345.93764816       1.580458677736700E-002 -1.579439670629693E-003
   6011033.36385170       1.623746772449642E-002 -2.047936418756306E-003
   3327709.85961391       1.667097162040631E-002 -2.509408720021545E-003
   527577.367267371       1.582140798712044E-002 -3.240791912861799E-003
   1478546.15605047       1.543218111722352E-002 -2.712642746365223E-003
   2185650.20305818       1.506078749437735E-002 -2.180417339776545E-003
   4318866.98459093       1.469519939065260E-002 -1.654904343425167E-003
   5668695.64624174       1.433069136963744E-002 -1.142379830897775E-003
   6304116.27241006       1.393636514935755E-002 -1.618884918764549E-003
   292130.505975561       1.353567230243644E-002 -2.110061167030602E-003
   239655.805174440       1.312803485152090E-002 -2.606177556790609E-003
   182765.360142183       1.269696435182685E-002 -3.092674951730041E-003
   4651314.67981437       1.234822395172078E-002 -1.816082427281399E-003
   4141431.40545362       1.282388691782537E-002 -1.410187710873256E-003
   596295.545095033       1.330129226130919E-002 -9.901960411492431E-004
   2047040.48009470       1.380015635319361E-002 -5.730559661208306E-004
   886368.085558082       1.334696577417997E-002 -4.043588368254458E-005
   1761607.35448029       1.291171907547663E-002  4.957548101235202E-004
   3749982.33169337       1.248373343423598E-002  1.025600255657625E-003
   972227.505525421       1.787484323399583E-002  1.692830894074695E-003
   522099.436316049       1.824300983878699E-002  1.275153002621559E-003
   1294235.96003292       1.860280630538066E-002  8.571626389317513E-004
   2692346.18803626       1.896208331296820E-002  4.419088587999952E-004
   2293834.91114360       1.932224416403118E-002  3.322443599584944E-005
   3330140.67664204       1.983209631279362E-002  3.728290572488397E-004
   2543733.62944147       2.033902548264176E-002  7.192804588945173E-004
   1917030.32102662       2.084671251304694E-002  1.070256213007116E-003
   492828.596301828       2.136123629570282E-002  1.421771146243284E-003
   3260417.87890502       2.185491535175288E-002  8.523490885788822E-004
   1928718.81656642       2.145664373783732E-002  3.874301839907430E-004
   505686.369953567       2.105333532125887E-002 -8.317573729961893E-005
   635074.221345881       2.064383065894335E-002 -5.533437095603740E-004
   1754484.44043155       2.022924364036901E-002 -1.021945214760521E-003
   842786.058657238       2.057040263224824E-002 -1.545357258789288E-003
   825867.274365893       2.089919292211755E-002 -2.074583301666589E-003
   3248358.86207431       2.122135264146266E-002 -2.601704456576601E-003
   2257470.76578840       2.153511206418823E-002 -3.125319834271690E-003
   1431326.47303261       2.093216039606252E-002 -3.621211611173217E-003
   611441.438908965       2.048683676406398E-002 -3.188504438482392E-003
   3599942.12828373       2.005183812119292E-002 -2.757944056645175E-003
   3615464.10413581       1.961336303365530E-002 -2.335692680735853E-003
   3697423.84813396       1.917439909388595E-002 -1.918171945294883E-003
   4885248.64921596       1.873737788960662E-002 -2.266577659490742E-003
   2605899.17700976       1.830118098954465E-002 -2.622596925003931E-003
   2595473.78873230       1.786390268097112E-002 -2.985134112982676E-003
   917382.215118737       1.741462887261221E-002 -3.344538284734001E-003
   1868770.58879831       1.705810541763002E-002 -2.099704690987601E-003
   1006065.92372197       1.745356359239405E-002 -1.690221011143751E-003
   1192997.22458922       1.785436717615553E-002 -1.278444923009893E-003
   1314869.23150679       1.826368643282532E-002 -8.691022399774661E-004
   579857.986082247       1.791896102791306E-002 -4.310544214445303E-004
   887873.705439827       1.757804615688244E-002  6.422343289819491E-006
   2018125.88543662       1.724059413656981E-002  4.397544676836241E-004
   587226.148118011       2.242869957736774E-002  1.338614063418717E-003
   543180.113827988       2.288040881330238E-002  8.535332303241680E-004
   1313498.26515359       2.332009614433662E-002  3.672887227905695E-004
   3135869.52417769       2.375796380113597E-002 -1.126949757352391E-004
   1890933.12405733       2.419931196360784E-002 -5.847118540945690E-004
   2805467.57576040       2.467763359003065E-002 -1.901584176051566E-004
   1211020.41983562       2.515622266932118E-002  2.116749640639580E-004
   264493.660099043       2.563816183334816E-002  6.168354571507999E-004
   698995.629164173       2.612892751248709E-002  1.018922672540829E-003
   3168279.87359874       2.674410137218141E-002  2.871951730856199E-004
   2839929.30581461       2.628798724492404E-002 -1.301279952091916E-004
   1533603.10703351       2.583108529344260E-002 -5.554769984737285E-004
   99161.5499838496       2.537107981338224E-002 -9.847413545987192E-004
   1420856.39991301       2.490505187555578E-002 -1.412737704895224E-003
   1279238.74939714       2.529098612554942E-002 -1.968960176507657E-003
   743739.211968923       2.566355182781133E-002 -2.532176926224571E-003
   2995483.17819231       2.602803969394124E-002 -3.093349037418749E-003
   2014668.43614382       2.638729656299618E-002 -3.648729735118070E-003
   731867.436153380       2.588185852950495E-002 -4.056733185388749E-003
   70221.8996733314       2.542375372858252E-002 -3.560705236650101E-003
   2893905.73749641       2.497804935150410E-002 -3.067207554545225E-003
   3434125.49146287       2.452779832256667E-002 -2.583534258866855E-003
   2762689.45418048       2.407351288527169E-002 -2.109484809506415E-003
   3897626.48675587       2.356925162485047E-002 -2.502966348567125E-003
   1736173.15168341       2.306612507404720E-002 -2.905526729290656E-003
   1188142.28143093       2.256133664618545E-002 -3.314993343367057E-003
   427555.999483208       2.204237848658532E-002 -3.720590319151649E-003
   2522640.92733249       2.198563401608807E-002 -2.671295429357560E-003
   1180163.05110837       2.243945218021553E-002 -2.209552308278083E-003
   963597.479363241       2.289856999088164E-002 -1.744295518717225E-003
   859739.346440895       2.336756805412546E-002 -1.283692990268547E-003
   1046306.89436595       2.298045503065085E-002 -7.471424683955850E-004
   796001.996500187       2.260211625956222E-002 -2.090403968074614E-004
   2310718.94152950       2.222817691115805E-002  3.263731863564592E-004
   920067.312052666       2.748042666493805E-002  8.942921335294367E-004
   387298.558637583       2.788844384692992E-002  3.793351902317888E-004
   678962.852739028       2.828538401066125E-002 -1.395430311041501E-004
   2905779.51509645       2.867922429072328E-002 -6.534544252263248E-004
   1786998.47924162       2.907344411517615E-002 -1.161223524974034E-003
   2644186.11954883       2.952863014664574E-002 -7.357704795035757E-004
   651182.337033909       2.998423027810994E-002 -3.040694311011566E-004
   469183.143996297       3.044546801312032E-002  1.307717606462242E-004
   996517.746482371       3.091412597973239E-002  5.613556701883455E-004
   2622171.64546357       3.162904005922181E-002 -3.033095444485530E-004
   2808765.59391296       3.113855406819101E-002 -6.845591739090046E-004
   1729342.57616168       3.064750838837604E-002 -1.073449749932860E-003
   110605.139102909       3.015530807138097E-002 -1.466250255305762E-003
   1353064.86549547       2.965388154619068E-002 -1.859196716518946E-003
   1155049.41598978       3.006532278284483E-002 -2.402133173312161E-003
   34905.1667275534       3.046205302771796E-002 -2.948838480029053E-003
   3130539.67484111       3.085408195018262E-002 -3.493432189151300E-003
   1989844.93669134       3.124370463220447E-002 -4.030406544494671E-003
   627844.666257755       3.062658031370400E-002 -4.518142150536237E-003
   716956.701978927       3.020017128935892E-002 -3.991154046924234E-003
   1934841.72892094       2.978497795217443E-002 -3.462494570623067E-003
   3193505.02612683       2.937021975976853E-002 -2.942485029325981E-003
   2340897.24328006       2.895065621923776E-002 -2.431832050531651E-003
   3655491.06718141       2.841645474791303E-002 -2.850007977655283E-003
   1483183.53941186       2.788466490781839E-002 -3.278179736346951E-003
   775842.215483568       2.735260928024622E-002 -3.715450028393245E-003
   78668.3236711600       2.680449523689356E-002 -4.147377700256403E-003
   2127243.78813124       2.687481842373292E-002 -3.176782737688494E-003
   719023.000159846       2.736489700473563E-002 -2.695602804967948E-003
   1385331.10569248       2.786080732444787E-002 -2.211069983007189E-003
   831790.966484183       2.837085860531657E-002 -1.734802222742266E-003
   430216.125195585       2.795614059695620E-002 -1.225009378353541E-003
   1599942.11362418       2.755187239258224E-002 -7.147773240277157E-004
   2615713.54377199       2.714804511328154E-002 -2.099204051497878E-004
   1184577.46884552       3.249855962019391E-002  4.037570793223194E-004
   1320965.54001573       3.286974611461185E-002 -1.620059392108842E-004
   707975.788132587       3.322960383509568E-002 -7.330365266570394E-004
   1725210.74547696       3.357999801558637E-002 -1.304177304886859E-003
   1705558.32800153       3.392751881218797E-002 -1.868289380699961E-003
   3237161.36638690       3.447919345887094E-002 -1.410408645711991E-003
   918477.179186423       3.502536371393580E-002 -9.361173874428059E-004
   409998.348734663       3.557844870658186E-002 -4.575734453935790E-004
   1127603.67974062       3.615046565223420E-002  1.012656774508191E-005
   3091262.99015608       3.652834508399110E-002 -4.699434349600376E-004
   2992941.60834761       3.597751824291408E-002 -9.273561616065693E-004
   1501908.64343633       3.543212423033539E-002 -1.401984707591813E-003
   720210.041303651       3.488226645347309E-002 -1.881804975494037E-003
   1970106.29462017       3.431612416980487E-002 -2.354566129978388E-003
   837868.434643531       3.475616082441528E-002 -2.948405212177776E-003
   1103580.72726874       3.517403678541467E-002 -3.547242189569229E-003
   4921942.21650075       3.558892702076685E-002 -4.138054112042758E-003
   2508568.86497058       3.601460105812251E-002 -4.710021749814736E-003
   1292208.71807457       3.553024402130425E-002 -5.093621478264294E-003
   2160013.13129990       3.508429016220600E-002 -4.502211928983626E-003
   1257993.83483983       3.466339328271256E-002 -3.902951824215878E-003
   3299304.69971341       3.424900017824990E-002 -3.310772217369011E-003
   2812222.83678481       3.382580358981354E-002 -2.735439643683019E-003
   3767678.74434156       3.331007334938947E-002 -3.199636614142820E-003
   512016.713829747       3.279675944154268E-002 -3.680006549849844E-003
   373388.596470914       3.227648408774087E-002 -4.164674350852580E-003
   398065.138952838       3.174102631705266E-002 -4.640690506626280E-003
   2596244.35873960       3.178785803188923E-002 -3.596229526991698E-003
   1613299.11137517       3.232933037613477E-002 -3.149341841126637E-003
   1202346.19145497       3.287431452295638E-002 -2.696382918171272E-003
   968657.597728742       3.343727411868451E-002 -2.250918642877852E-003
   719933.596605170       3.298312259741436E-002 -1.753878025079934E-003
   2674344.31919175       3.253573453933056E-002 -1.262323220257315E-003
   3182814.18665885       3.208496002331654E-002 -7.785561879150276E-004
   1450635.24803512       3.701346774620504E-002 -9.860156574005487E-005
   460581.151302906       3.746026022462158E-002 -6.355555350103358E-004
   1722623.28047499       3.789348849005566E-002 -1.172293560780451E-003
   2891767.58052852       3.832604517046699E-002 -1.701810831207668E-003
   1819004.93423711       3.876670548783902E-002 -2.220040917833674E-003
   2789140.58015418       3.937335748810444E-002 -1.835429403263114E-003
   1986532.35036279       3.997376917163367E-002 -1.438622968948212E-003
   614575.143872550       4.056958023544345E-002 -1.029249479254646E-003
   1615606.14339403       4.117770162579959E-002 -6.174485187752854E-004
   1479364.97244179       4.138752850537819E-002 -8.835540387080541E-004
   1287669.84191881       4.088988202791178E-002 -1.401663089832406E-003
   716210.940766108       4.038647532333311E-002 -1.930508467512347E-003
   1649657.95273961       3.987173227212835E-002 -2.453311600571617E-003
   1619329.87455904       3.934676831273672E-002 -2.966426224232553E-003
   441838.681769720       3.973329658717610E-002 -3.521076606765477E-003
   889478.490260242       4.010852028664937E-002 -4.078039114723762E-003
   4397090.25762526       4.048095258410957E-002 -4.629254031240708E-003
   2501793.54834775       4.085470083643045E-002 -5.171006720401905E-003
   818088.740462057       4.025057874859916E-002 -5.641016379087215E-003
   1246401.10785008       3.982451672406741E-002 -5.112575487815024E-003
   1690976.33266120       3.941471979059363E-002 -4.581382158110992E-003
   2818990.77427276       3.900680917105915E-002 -4.056254520963623E-003
   2747122.30027071       3.859671835220652E-002 -3.539709697632935E-003
   4353225.37532561       3.804815467403839E-002 -3.933662830841863E-003
   2180458.37042109       3.750512177357036E-002 -4.343085601370394E-003
   1435110.52339981       3.696264937992090E-002 -4.764787965149474E-003
   117115.036763454       3.640720691917757E-002 -5.185917315448846E-003
   1374317.38544845       3.650126079594349E-002 -4.234422812623707E-003
   233239.112702426       3.699359724469503E-002 -3.749871738491186E-003
   2271561.92161338       3.749639052239277E-002 -3.267629251228884E-003
   1876098.05603061       3.801407971964950E-002 -2.796143502348022E-003
   1096362.52049541       3.763237829648913E-002 -2.212517726472569E-003
   369362.344437694       3.726021828652674E-002 -1.626959692078181E-003
   2371174.91078184       3.689500436874734E-002 -1.042932081783631E-003
   870049.849928883       4.165720449426150E-002 -6.781463264050581E-004
   991377.534393238       4.215279661342271E-002 -1.172558806692220E-003
   2488540.77294611       4.264199077114648E-002 -1.659544562033877E-003
   2356602.06438018       4.313747611998640E-002 -2.137082064458383E-003
   1424207.86657902       4.364026367288421E-002 -2.606981592317195E-003
   1430179.00341372       4.416298518813248E-002 -2.264153369498265E-003
   982264.091073804       4.468353152656207E-002 -1.916059152442156E-003
   399269.541755937       4.520677770119886E-002 -1.564368027396521E-003
   1012196.04071697       4.573345357752727E-002 -1.212785270465892E-003
   838923.403298573       4.623327488484695E-002 -1.853748556452061E-003
   1484127.31290682       4.577986435960688E-002 -2.282681012534520E-003
   102787.265717140       4.532456916655117E-002 -2.718239312179214E-003
   554815.528484256       4.486682134668522E-002 -3.153179228574960E-003
   1426632.14232552       4.440536477095772E-002 -3.587923785576521E-003
   463586.834235915       4.475954682881132E-002 -4.018474298285083E-003
   296019.472278629       4.510625636801052E-002 -4.450573616520352E-003
   2257258.84690081       4.545299436301675E-002 -4.879930878077905E-003
   1450471.60021580       4.579442533782893E-002 -5.309586472108888E-003
   945682.465668949       4.467001783058606E-002 -6.158345311015372E-003
   59787.4187208094       4.435334303216486E-002 -5.703475646329895E-003
   1717029.66409102       4.404346896171835E-002 -5.246388157082751E-003
   2434668.39576374       4.373269975562220E-002 -4.794367107880662E-003
   2569168.55641581       4.342337295735772E-002 -4.345083679826315E-003
   3962584.21267471       4.290269040167944E-002 -4.690815839379227E-003
   2107676.29510624       4.238332845476732E-002 -5.043480436340756E-003
   1936384.00775625       4.186441067566407E-002 -5.405667650504912E-003
   497258.771837511       4.133456610710490E-002 -5.765876556757824E-003
   1329649.53721815       4.129407702393387E-002 -4.722142494780689E-003
   296131.348440008       4.174121831800284E-002 -4.269922562436637E-003
   1598580.20647834       4.219356026004568E-002 -3.816782619822485E-003
   1393359.32582270       4.265606389521927E-002 -3.369855982731744E-003
   1352888.69425539       4.232691573160371E-002 -2.750519810541551E-003
   1086336.06584017       4.200468672443305E-002 -2.127647801796739E-003
   1112711.07858949       4.169203520754910E-002 -1.501393071198994E-003
   785137.030983704       4.687579535139922E-002 -1.358810685537096E-003
   1009568.89543286       4.728431542994140E-002 -1.947268042236974E-003
   127973.290891120       4.768446850634478E-002 -2.538593446263233E-003
   1867058.15352280       4.807990583672535E-002 -3.127191585422372E-003
   1204594.37842975       4.847963601639858E-002 -3.706745880740041E-003
   1321253.28894462       4.897474575256909E-002 -3.239964270804109E-003
   130016.146223898       4.947427253526804E-002 -2.770669493070303E-003
   348288.794070206       4.997973440825858E-002 -2.303786097676736E-003
   331543.925502148       5.049299840960693E-002 -1.843134471587799E-003
   2345778.75003338       5.110606398811009E-002 -2.654671814309673E-003
   2374043.72076906       5.053743400005633E-002 -3.023862886561724E-003
   2356166.97735601       4.997161362364115E-002 -3.398800482544393E-003
   1380755.78806031       4.940787258316392E-002 -3.780491786705869E-003
   720824.423823284       4.884072932561779E-002 -4.164530444488712E-003
   1163547.60042699       4.928578415567750E-002 -4.797821075980347E-003
   871810.822167685       4.970980696719395E-002 -5.442558145398584E-003
   1595594.38598425       5.012194754422306E-002 -6.088678369839872E-003
   1020359.58786184       5.053605960027873E-002 -6.725633363923198E-003
   848350.761220524       5.024273149022843E-002 -6.941148839968426E-003
   492041.550566939       4.977528203944106E-002 -6.326570195826805E-003
   1630547.15494598       4.932082238695489E-002 -5.712771110121050E-003
   2050104.36205520       4.885803434055370E-002 -5.110073125354037E-003
   1908015.54429251       4.838260901869598E-002 -4.521239453857242E-003
   1111685.05640958       4.795961370073430E-002 -4.998255197659102E-003
   560247.866940929       4.753034332251374E-002 -5.478671073449916E-003
   590182.605768778       4.709530709870542E-002 -5.957075160451438E-003
   54896.2459731751       4.665275806603551E-002 -6.429614847584348E-003
   2596939.71193660       4.635186363631864E-002 -5.004878889815286E-003
   2852947.81798346       4.690813207707110E-002 -4.697143201240239E-003
   1886324.60043567       4.746245388946067E-002 -4.382510784201580E-003
   497460.327190457       4.802074287447968E-002 -4.063611909358645E-003
   1224541.48791362       4.756587122743734E-002 -3.507495570734286E-003
   570869.979706487       4.712257212045553E-002 -2.950862499048235E-003
   1486066.95730755       4.668017722402974E-002 -2.398062079868203E-003
   363261.629298388       5.191955800056799E-002 -2.046968096986563E-003
   538742.363994810       5.228514927814283E-002 -2.634733187049863E-003
   309107.124774740       5.264090496408583E-002 -3.227305629925055E-003
   1482016.80302073       5.299160562581769E-002 -3.818566056172844E-003
   967091.018573998       5.334044181600966E-002 -4.405426543866157E-003
   1253883.60451756       5.382178217405299E-002 -3.943562921839373E-003
   376279.067189577       5.430741489666605E-002 -3.478322109498932E-003
   742774.508087239       5.479699331058461E-002 -3.013215059728880E-003
   636086.612574424       5.529321634094682E-002 -2.553633350536726E-003
   1456604.91706563       5.598021061475948E-002 -3.490233176503944E-003
   1725586.26143626       5.540534974987339E-002 -3.826751130366441E-003
   1459024.71911390       5.483135851614511E-002 -4.167225307606212E-003
   197179.176147718       5.425871169941827E-002 -4.514369200496377E-003
   509576.060946576       5.367910552560610E-002 -4.861257773287149E-003
   176055.329090184       5.412230976493154E-002 -5.411669530857145E-003
   916999.400780025       5.455758159864683E-002 -5.961416779920440E-003
   2037577.48033598       5.499468829399655E-002 -6.506840997109730E-003
   1099288.85161324       5.543387627744006E-002 -7.047488870956669E-003
   477737.546400397       5.471473089962182E-002 -7.575282425549281E-003
   934678.847302486       5.433316198547651E-002 -6.980995100955760E-003
   186759.982763293       5.396007306593745E-002 -6.382955264619661E-003
   1347126.32648350       5.359067283312323E-002 -5.787081336026050E-003
   980257.330544303       5.322007186186060E-002 -5.196932582170228E-003
   2044977.48153159       5.260136238407145E-002 -5.638435986159445E-003
   797105.025224279       5.198933967290845E-002 -6.093683243406755E-003
   232822.061902797       5.137943606448971E-002 -6.558826935546117E-003
   600456.424824942       5.075499321596200E-002 -7.016492360853976E-003
   1077419.96377702       5.111634535015581E-002 -6.234529741964705E-003
   104398.316370210       5.169519846338311E-002 -5.731384136971530E-003
   1261690.36254806       5.228118513443757E-002 -5.229573670670712E-003
   574887.192046798       5.288167051613608E-002 -4.740715790124183E-003
   433471.132527158       5.243522499430826E-002 -4.213564569391869E-003
   1824534.10102822       5.199532126042294E-002 -3.688729116062144E-003
   1943529.07877325       5.155167686550458E-002 -3.169573327024015E-003
   568431.262465827       5.691942699686408E-002 -2.807605708684921E-003
   328876.446369929       5.725832099714630E-002 -3.356880487609956E-003
   137111.372312503       5.759143215444513E-002 -3.906228318767607E-003
   1108552.43637884       5.792312880647635E-002 -4.455584786542269E-003
   917058.978095015       5.825405690919598E-002 -4.999928099068317E-003
   1227631.53969545       5.879828956428620E-002 -4.593488563929743E-003
   307258.279432197       5.934258520861375E-002 -4.182264018665064E-003
   182845.046440358       5.988839791232235E-002 -3.770482176604320E-003
   592686.502974986       6.043973094601021E-002 -3.359989558337380E-003
   880087.679513025       6.091903824442779E-002 -4.016395539284798E-003
   951695.694273374       6.037015025903110E-002 -4.418983556505400E-003
   464675.912657573       5.982263883145619E-002 -4.824635939259050E-003
   364132.307847594       5.927257472830973E-002 -5.231776296344578E-003
   378620.157930710       5.871885431369334E-002 -5.636788235210246E-003
   612208.139931719       5.913361951761589E-002 -6.109896980208912E-003
   893313.934940504       5.954577438779120E-002 -6.582464241613547E-003
   1709912.25216279       5.995772880943200E-002 -7.052098084155558E-003
   965193.068682018       6.037076834144407E-002 -7.520575095553483E-003
   287720.734366089       5.933422954178305E-002 -8.275156385632525E-003
   569818.176003755       5.901611184844373E-002 -7.730616253939796E-003
   253786.845912511       5.870257459971809E-002 -7.185607390310896E-003
   846300.068000510       5.839089807360689E-002 -6.640706325532071E-003
   1178779.28642898       5.808047643503024E-002 -6.099162769972474E-003
   1735127.52789514       5.755372597644825E-002 -6.509083557083885E-003
   490344.800862109       5.702748627268937E-002 -6.926278029623150E-003
   339546.587045786       5.649983089559633E-002 -7.345337042837879E-003
   102423.132909109       5.596634551594753E-002 -7.762803041275418E-003
   904218.274982572       5.597595176572456E-002 -6.653655734386726E-003
   475203.070881080       5.651789203833514E-002 -6.256710023957400E-003
   653353.181005693       5.706332197077858E-002 -5.858180514299209E-003
   655353.221502978       5.761442902807905E-002 -5.462890447387151E-003
   188971.832957769       5.720398259961631E-002 -4.967452028598753E-003
   979588.762051364       5.679615605920356E-002 -4.471979335249723E-003
   1347760.11581066       5.638901985508594E-002 -3.980470028823652E-003
   425409.706418825       6.157730041724491E-002 -3.539674826782938E-003
   193869.636652208       6.198745280244629E-002 -4.023752944751817E-003
   707528.403308016       6.239347525244804E-002 -4.507640974387726E-003
   1240452.89321022       6.279988189022147E-002 -4.988131388011856E-003
   722272.771907104       6.320744689868535E-002 -5.466993305154792E-003
   933017.301622379       6.369377581391929E-002 -5.127340298501050E-003
   390175.703255785       6.418148604740728E-002 -4.787248189039773E-003
   165892.856707675       6.466956330455513E-002 -4.445134910389328E-003
   473751.249929729       6.516044194597764E-002 -4.105174845812293E-003
   1168423.79770440       6.580169835846925E-002 -4.986358433200047E-003
   1034194.95182528       6.533512904499433E-002 -5.350199681089809E-003
   607870.551150191       6.486701091833529E-002 -5.715852663153422E-003
   82617.2924370490       6.439878198826872E-002 -6.083960305987433E-003
   475855.420479353       6.392769233436778E-002 -6.450595860086985E-003
   658631.157774786       6.425088343112413E-002 -7.040601146517090E-003
   553237.313155286       6.456814416519989E-002 -7.631590523272669E-003
   801763.072451258       6.488244643235787E-002 -8.224093540207245E-003
   689455.559486464       6.519248757209309E-002 -8.814347140892412E-003
   396933.198337748       6.475011822448579E-002 -9.129708770673343E-003
   331762.032224249       6.429778347277490E-002 -8.635172548232393E-003
   1318602.11250038       6.384843594152720E-002 -8.142120755115625E-003
   1360274.31682205       6.339737152852699E-002 -7.654224096461208E-003
   955757.760277354       6.294329662225079E-002 -7.167870303216486E-003
   1121690.28246440       6.249146652871726E-002 -7.513131208274235E-003
   427205.340500808       6.203917763767828E-002 -7.859146952568665E-003
   473127.393095569       6.158605126283905E-002 -8.207602167160984E-003
   124280.257767510       6.112971509579802E-002 -8.553214650257568E-003
   720877.863110449       6.083097124652087E-002 -7.186982696738765E-003
   559058.699041344       6.129379209825952E-002 -6.853690108854085E-003
   107220.592264216       6.175647546219638E-002 -6.518880865361477E-003
   377393.640150959       6.222249365710461E-002 -6.184836997711224E-003
   564629.272717018       6.189232948428442E-002 -5.642370967092425E-003
   91198.5933153448       6.156656516554489E-002 -5.099358417566719E-003
   730247.198344723       6.124190176488722E-002 -4.556966731952717E-003
   385450.639621377       6.668442713607355E-002 -4.348944650369679E-003
   250248.710558422       6.703618605863126E-002 -4.884801405581365E-003
   94635.2661389255       6.738359572753927E-002 -5.421713258129883E-003
   973681.312395897       6.773065605294071E-002 -5.957603889483435E-003
   635927.623397597       6.807644468560117E-002 -6.491002397145188E-003
   933273.667792392       6.856336333273293E-002 -6.093042812207272E-003
   222468.255619170       6.905211947957313E-002 -5.693240761958187E-003
   128225.422507173       6.954136840939286E-002 -5.292689686245850E-003
   367291.797547974       7.003418500179696E-002 -4.893590458637746E-003
   877534.536511168       7.070458588068376E-002 -5.822133488583819E-003
   925046.672558912       7.017687867690127E-002 -6.165266126556350E-003
   641728.161316085       6.964935589969277E-002 -6.509429583870524E-003
   61679.8014233604       6.912100218224153E-002 -6.856149495042999E-003
   290151.712923436       6.859006957346919E-002 -7.201278670645987E-003
   257002.394883481       6.897660096832645E-002 -7.749309404438865E-003
   83401.9236897125       6.935941763244782E-002 -8.298070483781395E-003
   881072.151202476       6.974134848361750E-002 -8.844687883471657E-003
   556246.030051951       7.012296681733310E-002 -9.390609571689169E-003
   226864.190050378       6.943218561286858E-002 -9.883949884971337E-003
   237989.412686582       6.904127024534294E-002 -9.339767154631692E-003
   459547.824871298       6.865463194462390E-002 -8.795496210953041E-003
   816014.548717173       6.826709960847457E-002 -8.252851321254728E-003
   734151.129827917       6.787850061550575E-002 -7.712736258749893E-003
   1203831.30549365       6.728690262300607E-002 -8.093663399412705E-003
   608665.419800548       6.669780373276250E-002 -8.479477909016347E-003
   325364.119084112       6.610727551081109E-002 -8.868305161484506E-003
   40385.4876344276       6.551086756245611E-002 -9.254995338335801E-003
   802157.740342331       6.573245174156021E-002 -8.363911755264526E-003
   197590.650621291       6.627308544780314E-002 -7.908713484593525E-003
   451610.470889693       6.681655200622483E-002 -7.454408175372902E-003
   314019.967049419       6.736466101840496E-002 -7.002283285763316E-003
   79297.9367229586       6.697170230426666E-002 -6.496689500050978E-003
   710721.959653056       6.658198692025097E-002 -5.990483201355624E-003
   994028.841575384       6.619199890397588E-002 -5.487502093221071E-003
   336831.333716007       7.163419862551977E-002 -5.154721488561095E-003
   284793.538856475       7.197059194435693E-002 -5.720181732278658E-003
   52518.9745580800       7.230240094788837E-002 -6.286521906896957E-003
   759208.976619618       7.263354427143302E-002 -6.852330207796015E-003
   544953.158421383       7.296341554070906E-002 -7.415379886753126E-003
   764430.114171157       7.349301004384509E-002 -6.993477478778584E-003
   81879.9001747445       7.402344468781202E-002 -6.569934691840642E-003
   138560.576220996       7.455551912618114E-002 -6.146305333548573E-003
   268417.291257837       7.509040534315102E-002 -5.724593119790559E-003
   704633.580324457       7.563681342704705E-002 -6.488004793799283E-003
   798958.222374305       7.507122288046920E-002 -6.859393611184525E-003
   613146.077827954       7.450622086695270E-002 -7.233253899243940E-003
   63227.1555904339       7.394101719915049E-002 -7.608994510410417E-003
   160291.934740693       7.337327012617015E-002 -7.984085361496284E-003
   205521.482321523       7.377655459398401E-002 -8.616613913718249E-003
   24529.4923451232       7.417550711502903E-002 -9.250852772642414E-003
   787682.460875882       7.457229537843169E-002 -9.884733194321994E-003
   447213.708330302       7.497087399361207E-002 -1.051443670689941E-002
   317862.979296783       7.465448376021643E-002 -1.074260019875126E-002
   187703.002150538       7.418901170283737E-002 -1.015384006342333E-002
   474496.097427516       7.372858210389037E-002 -9.564370849062399E-003
   633528.187271540       7.326737893308100E-002 -8.977178568197214E-003
   555000.282576464       7.280369170788296E-002 -8.392768448473586E-003
   682303.765202764       7.225893799221700E-002 -8.812217164388344E-003
   130686.208928376       7.171421532735058E-002 -9.235013190960531E-003
   165560.377977824       7.116890522217424E-002 -9.658544487635846E-003
   91877.2384932019       7.061899932137006E-002 -1.007962981968693E-002
   662272.352693820       7.068963251219879E-002 -9.001119721906852E-003
   425221.092487392       7.125583522917020E-002 -8.610037377799676E-003
   111380.734010623       7.182303172740688E-002 -8.216303697073563E-003
   357296.703970970       7.239326629682705E-002 -7.823595929046316E-003
   73593.2714362842       7.196924562617069E-002 -7.321692051787235E-003
   646167.727986308       7.154826542263225E-002 -6.819514458551761E-003
   839820.206478418       7.112670746701871E-002 -6.320485008526392E-003
   124246.777095929       7.640090031703375E-002 -5.943639122697433E-003
   221421.356739411       7.679015430799083E-002 -6.397973174555640E-003
   322046.275467697       7.717740445790516E-002 -6.853229007491687E-003
   562002.069909012       7.756482667376532E-002 -7.306554247914361E-003
   342681.775865073       7.795252243168233E-002 -7.759797391468591E-003
   426735.987244637       7.842358143195186E-002 -7.449949796927091E-003
   206426.129239044       7.889475440217913E-002 -7.140734052682977E-003
   38440.6437389803       7.936545028374058E-002 -6.829953744705634E-003
   121831.460454312       7.983762727896837E-002 -6.520276158604156E-003
   293522.176691834       8.052883597845213E-002 -7.488439567872255E-003
   363965.824084006       8.008500610225379E-002 -7.835014986076208E-003
   164655.091434181       7.964017272880843E-002 -8.181207230071545E-003
   53175.3445950851       7.919574251733545E-002 -8.528841626791978E-003
   134090.534849931       7.874943492327041E-002 -8.875933118438619E-003
   113363.914842145       7.905393765000028E-002 -9.378032496700012E-003
   43010.2964439965       7.935643866052930E-002 -9.879306359895838E-003
   301937.510580148       7.965938216443269E-002 -1.038143263940748E-002
   222455.788034262       7.996061725778175E-002 -1.088322881300477E-002
   156121.047268058       7.912528981318802E-002 -1.147665629581270E-002
   54518.3299882735       7.875130507324257E-002 -1.102541553134349E-002
   324504.797584643       7.837841012390505E-002 -1.057327461717023E-002
   384794.498287021       7.800605849908558E-002 -1.012303771911204E-002
   385124.295279551       7.763286713229035E-002 -9.672067116996369E-003
   688403.277028830       7.702361538756342E-002 -9.958649167645146E-003
   650706.497981306       7.641551045025156E-002 -1.024619026462761E-002
   622277.132118465       7.580830583374815E-002 -1.053739471612786E-002
   209146.363408865       7.520004381366988E-002 -1.082977506346196E-002
   37575.2861932516       7.543274843406025E-002 -1.002335508521698E-002
   295592.519808649       7.589861422808401E-002 -9.532714913818052E-003
   397236.559953021       7.636560482492089E-002 -9.043477810614374E-003
   284936.945895781       7.683515325808263E-002 -8.555973102588177E-003
   148472.941484050       7.653379539746745E-002 -8.038418869594985E-003
   139102.202880135       7.623449301710278E-002 -7.521017484271836E-003
   388915.869483078       7.593481816228487E-002 -7.004030533097399E-003
   78076.1201002967       8.149688440480392E-002 -6.798582334861086E-003
   95709.5479844510       8.182430725154369E-002 -7.357217405239288E-003
   44101.4033577497       8.214956623590382E-002 -7.915136623565413E-003
   233688.771941417       8.247514595257836E-002 -8.473973866187264E-003
   187730.418448424       8.280070332140568E-002 -9.031071992602210E-003
   206104.977626180       8.327987016569381E-002 -8.609510651135212E-003
   20880.1328371753       8.376064175880493E-002 -8.186740487333052E-003
   50028.6841085882       8.424081348685634E-002 -7.764880858991732E-003
   86814.1703251098       8.472182310225984E-002 -7.342483865850402E-003
   270560.093966448       8.544544550784383E-002 -8.360228643911269E-003
   314715.932806310       8.489012358863071E-002 -8.675984057429262E-003
   275722.449854787       8.433595156202442E-002 -8.992495987244635E-003
   146295.206601457       8.378064477122532E-002 -9.310411646577635E-003
   99188.6464469385       8.322593532013957E-002 -9.627613318297106E-003
   89760.5200353807       8.363309429640778E-002 -1.019040491315061E-002
   6464.60745604236       8.403959011950554E-002 -1.075381080257830E-002
   246645.394306868       8.444453266629376E-002 -1.131768347214663E-002
   154693.128230913       8.485068309981451E-002 -1.188014150332045E-002
   66471.1563780176       8.421054399542785E-002 -1.233384942552861E-002
   75542.5933528411       8.381494015118823E-002 -1.176246494996881E-002
   146458.750512382       8.341921997322936E-002 -1.119180842824183E-002
   242028.790714043       8.302461929166319E-002 -1.062100194725041E-002
   303808.398645610       8.262936209425249E-002 -1.005213953342240E-002
   323177.728363183       8.211157866283271E-002 -1.046742943609326E-002
   50607.4419104216       8.159433188773746E-002 -1.088493401534247E-002
   65642.9014422160       8.107555804775265E-002 -1.130141833586508E-002
   4110.28607703909       8.055528160211549E-002 -1.171799994586926E-002
   338075.685909544       8.052164478209245E-002 -1.052716390656701E-002
   265592.565165217       8.108161142930119E-002 -1.017009057957032E-002
   42268.6990562877       8.164260844739532E-002 -9.813373106527627E-003
   84796.4755625651       8.220392428986124E-002 -9.455719093793762E-003
   24929.4519868849       8.178513987036627E-002 -8.963062395171618E-003
   218621.827598464       8.136625366508278E-002 -8.470500374466023E-003
   255790.316650183       8.094799091188515E-002 -7.979848666211001E-003
   39160.9275199745       8.646308780699524E-002 -7.637723830798977E-003
   65735.7194791513       8.677412031437397E-002 -8.222274268273501E-003
   73402.6035593359       8.708412361266205E-002 -8.807261079302096E-003
   68439.3855200323       8.739471342839683E-002 -9.392400167150896E-003
   102828.274358526       8.770411010626496E-002 -9.976877348947576E-003
   113141.039829422       8.831099755222732E-002 -9.548582775899395E-003
   56991.3717980195       8.891885106336025E-002 -9.120219995108340E-003
   9208.46845352463       8.952589807457202E-002 -8.691689263727853E-003
   11190.9776418982       9.013428613002132E-002 -8.263605749966376E-003
   52778.4913963528       9.045319382467859E-002 -8.713754843719494E-003
   128237.390515471       8.984844334668964E-002 -9.146081022159283E-003
   77087.9239566152       8.924404298558081E-002 -9.577958034095939E-003
   27515.3894304836       8.863942590827933E-002 -1.001098472108707E-002
   49760.2165610106       8.803466462437913E-002 -1.044285423983667E-002
   70394.4911419194       8.847472289261613E-002 -1.097976180251512E-002
   47729.6230662303       8.891424367060061E-002 -1.151671381160675E-002
   118438.979531426       8.935385907704987E-002 -1.205340619446802E-002
   62590.5569997659       8.979361392495615E-002 -1.258987680835948E-002
   24615.1943915767       8.900916192023700E-002 -1.314600771954964E-002
   45242.4917879776       8.864863229944496E-002 -1.255279011371612E-002
   24818.2072314820       8.828852942656629E-002 -1.195943446501620E-002
   50625.9575529003       8.792859440043793E-002 -1.136618103061436E-002
   182840.054857118       8.756873825282849E-002 -1.077316268285916E-002
   210621.075883403       8.700359167568077E-002 -1.120905080396451E-002
   24639.3015726349       8.643851799885370E-002 -1.164622923937255E-002
   57132.5535857021       8.587189362563430E-002 -1.208335595599114E-002
   39827.0038349725       8.530509808204435E-002 -1.251982325489521E-002
   194705.287120607       8.544721575726244E-002 -1.148806587789668E-002
   124192.977446450       8.604367877646202E-002 -1.109403191018985E-002
   49540.1689655634       8.664021417564409E-002 -1.070040341906745E-002
   129637.860249540       8.723791841748858E-002 -1.030728018609666E-002
   43401.9454081676       8.678962693360233E-002 -9.820196822171442E-003
   155546.647091992       8.634185393760843E-002 -9.332490286555029E-003
   130775.307200148       8.589362622457163E-002 -8.846329116976305E-003
   20260.9593960106       9.090314740339141E-002 -8.395063210045494E-003
   21461.2612213621       9.136344648159535E-002 -8.836881647283761E-003
   1629.61918960845       9.182267656686385E-002 -9.278472362555738E-003
   11446.7811188873       9.228277804595220E-002 -9.721135958359970E-003
   10336.8861589550       9.274219651193935E-002 -1.016249750720349E-002
   32790.5266351365       9.331900752107272E-002 -9.897645392197247E-003
   28297.7920707118       9.389602245229267E-002 -9.631930143266836E-003
   26346.1723982868       9.447186743846039E-002 -9.367141911413603E-003
   19999.8041275206       9.504858374224041E-002 -9.102642390561289E-003
   17974.7477642010       9.537972728065716E-002 -9.569907714051036E-003
   32783.0972004157       9.493855861851684E-002 -1.002618694738283E-002
   18705.0382647399       9.449762912417918E-002 -1.048133031080064E-002
   27121.5683475050       9.405566252472614E-002 -1.093735188751726E-002
   10965.0212237380       9.361476539466204E-002 -1.139360701473508E-002
   27170.0417411886       9.389261280029541E-002 -1.189527212432301E-002
   7596.68945566751       9.417127309832549E-002 -1.239720172581535E-002
   2107.74475190737       9.444899195452947E-002 -1.289893906482584E-002
   602.812626442265       9.472669957328121E-002 -1.340068242037267E-002
   356.529806871704       9.390989070942758E-002 -1.397977619431359E-002
   1427.38231703138       9.352834735627545E-002 -1.355164936028703E-002
   5146.48672880840       9.314681340002598E-002 -1.312351391363820E-002
   18390.4681896880       9.276540962708205E-002 -1.269442645339658E-002
   54139.3845694196       9.238398637766229E-002 -1.226619361042778E-002
   59058.4557397160       9.187553998148157E-002 -1.254274987280696E-002
   47193.0457610586       9.136697180738133E-002 -1.282047145166355E-002
   48094.4374670025       9.085855452090708E-002 -1.309731568431123E-002
   15133.0376496883       9.034995372523966E-002 -1.337411033151044E-002
   25700.5538492308       9.022255210207283E-002 -1.220117282879025E-002
   8342.98257419353       9.065163318219030E-002 -1.181247603853400E-002
   15352.6704089771       9.108179899744666E-002 -1.142393500956328E-002
   52660.6630818158       9.151104569217980E-002 -1.103523031655643E-002
   24191.3941260965       9.124670064783287E-002 -1.045542395494618E-002
   30860.8491757611       9.098149146387395E-002 -9.874477045844075E-003
   43849.3064956840       9.071717877658543E-002 -9.294649763984383E-003
   258236.694370809      -1.930317741972442E-003  7.523971568458432E-003
   703364.618006369      -1.447240642648777E-003  7.125574363013055E-003
   917466.606251721      -9.696099765293743E-004  6.724808854933931E-003
   1179355.96326263      -4.935083251568577E-004  6.324431556799107E-003
   862954.543979170      -1.715146684620354E-005  5.925854793104263E-003
   1020706.50047067       4.422021036984613E-004  6.319906540052437E-003
   267540.606536983       9.026461738597038E-004  6.715768580972577E-003
   518810.538831709       1.362293640156583E-003  7.113795630606298E-003
   906380.219194858       1.828387810051919E-003  7.509857234585512E-003
   2162673.93206884       2.477773964544462E-003  6.848878858398272E-003
   486176.362052113       2.083203414802127E-003  6.389121675901524E-003
   380042.018922376       1.686293817775849E-003  5.929885209378176E-003
   327720.500783405       1.288547853525992E-003  5.467967491988405E-003
   721266.520647370       8.880955804062713E-004  5.007805955585169E-003
   97267.9588137637       1.279841655896827E-003  4.547461995524737E-003
   436965.807675981       1.664670820496255E-003  4.084452434513702E-003
   2658144.57919043       2.046590043559427E-003  3.623247145664004E-003
   2930076.02729127       2.424410582445902E-003  3.163481217146928E-003
   787391.121788157       1.274660943599342E-003  2.892095412636566E-003
   2473650.84863624       8.391056213591841E-004  3.301305399894802E-003
   2827078.54448133       4.029177698991067E-004  3.705828025367184E-003
   2164811.99680812      -3.357890197998783E-005  4.106961095871341E-003
   2980676.06712778      -5.089218540615039E-004  3.709759611944719E-003
   1608651.44782126      -9.851566243713012E-004  3.311661885743722E-003
   207664.549182903      -1.462079616850983E-003  2.909093441596043E-003
   1076543.92713942      -2.512327468127933E-003  3.069418499398059E-003
   1653561.03333064      -2.122727977061090E-003  3.553062607719912E-003
   87347.2773763836      -1.733118165999059E-003  4.044027246562030E-003
   1342271.90870607      -1.339549365661241E-003  4.533782525857786E-003
   239079.901891586      -9.371639786974558E-004  5.018583674059157E-003
   737278.685781536      -1.328424294189091E-003  5.503990254384332E-003
   1251626.20497092      -1.718806434945073E-003  5.988379274477557E-003
   1863571.11193952      -2.108575496867916E-003  6.470492722407671E-003
   4140699.98610896      -2.498466492732375E-003  6.948717467031049E-003
   802624.904161948       3.145789065799523E-003  7.496133856352651E-003
   369192.108557675       3.598903160210807E-003  7.022414559992786E-003
   120892.953064979       4.043467405085147E-003  6.545938431937872E-003
   2147829.80292753       4.486215637560423E-003  6.071189592409840E-003
   1732046.13944690       4.925107107944673E-003  5.597473769036669E-003
   2982011.14204332       5.345155247943669E-003  6.043380968309757E-003
   1394156.12699847       5.765006180929869E-003  6.501283331019575E-003
   362047.971217166       6.189400560509196E-003  6.962182983583374E-003
   1728600.33547030       6.627618581753232E-003  7.418372774237336E-003
   4828253.32229293       7.404778507767319E-003  6.597746437667224E-003
   3720609.29354867       6.951437003436877E-003  6.184393349767310E-003
   2597057.43848892       6.497564835356452E-003  5.765913904599665E-003
   1001811.18383604       6.040832989677118E-003  5.340500025079568E-003
   2145779.58159248       5.577030029407206E-003  4.914020342531639E-003
   426510.862035310       6.018352158444832E-003  4.452204282643106E-003
   2105631.63459877       6.441797722984749E-003  3.990026781447955E-003
   5280751.98580035       6.862143755193520E-003  3.536118510536957E-003
   3480671.41242781       7.284734904865797E-003  3.094664932775094E-003
   1717152.76164110       6.048415113447824E-003  2.817729154976753E-003
   1377067.42852090       5.656993730953473E-003  3.313106093189121E-003
   3914529.17064585       5.273271860121894E-003  3.802103417119590E-003
   4280652.43956678       4.891095316876664E-003  4.279741639568009E-003
   5913620.61161159       4.451381125564871E-003  3.830642696538409E-003
   2453657.62281871       4.010011689350895E-003  3.374885654069598E-003
   469808.759321222       3.565049908864258E-003  2.913329343465086E-003
   4565463.41716897       2.875388222390102E-003  3.602371494442564E-003
   2673084.11947804       3.324388654680773E-003  4.052081415678634E-003
   249480.136681612       3.777245940538547E-003  4.506484511116911E-003
   1182303.87774116       4.245512012648528E-003  4.955304180573372E-003
   242860.926842164       3.799027752607001E-003  5.430738586094281E-003
   1439155.26624851       3.359388182613519E-003  5.908681991743526E-003
   2086649.99742709       2.919452432514472E-003  6.381241196597625E-003
   834971.103657546       8.233375623479970E-003  7.361578298046725E-003
   296622.744012846       8.642379305514166E-003  6.880966302634383E-003
   419121.029816218       9.035861954934854E-003  6.395218723197492E-003
   2480585.21620055       9.425812983635295E-003  5.913736018847161E-003
   2497640.34316223       9.814744935833019E-003  5.440299503837722E-003
   2709420.24819210       1.031181497343462E-002  5.871089168448064E-003
   1358414.09951631       1.080781848791126E-002  6.305727005586411E-003
   459426.804056687       1.130811983095105E-002  6.743615391566517E-003
   852953.948399336       1.181739146932861E-002  7.177565105332399E-003
   3095917.29815492       1.233814709273029E-002  6.591921945351705E-003
   3037858.65068915       1.187212989333319E-002  6.133993291576716E-003
   1838893.19358194       1.140753495015687E-002  5.666301987888631E-003
   420347.098455218       1.094183608273788E-002  5.195478379054605E-003
   1815825.02368401       1.046866327499152E-002  4.725052871567100E-003
   651344.011021154       1.089761422764626E-002  4.203744968998942E-003
   709438.393239768       1.130501320887164E-002  3.674956468508089E-003
   4446246.34227831       1.170703686348626E-002  3.150084752272608E-003
   2731413.57236100       1.210919427783386E-002  2.638536084803282E-003
   107657.432945251       1.106909868146533E-002  2.615972283848316E-003
   3115790.91916453       1.063015227780796E-002  3.114407965547858E-003
   3847099.30137125       1.019266849589509E-002  3.601855355192920E-003
   5199955.97258071       9.754046502700219E-003  4.081857587818844E-003
   5899697.92646133       9.338355614362684E-003  3.641664455738357E-003
   1993461.00683996       8.922459029098473E-003  3.190284064503739E-003
   106050.070864579       8.500227537940943E-003  2.731117429578972E-003
   4566667.60868056       7.730882915677760E-003  3.508028914828326E-003
   2458969.94370891       8.176954495498195E-003  3.931938006166936E-003
   922224.053762050       8.627079581126750E-003  4.361530790216859E-003
   1461980.65156602       9.095155873960313E-003  4.788559365545016E-003
   241369.587800305       8.665980977141776E-003  5.246461187222318E-003
   2134631.25920323       8.245038083936361E-003  5.703323413942819E-003
   2918148.11244153       7.824191485933021E-003  6.152395710184692E-003
   230455.171255737       1.292414918267056E-002  7.103016887654039E-003
   888482.834555399       1.338531834179096E-002  6.692401438803550E-003
   595880.283113972       1.383938963186506E-002  6.279972615815589E-003
   1354865.70161079       1.429322148655764E-002  5.872612014771389E-003
   1330934.74246055       1.474965978851078E-002  5.469083284158964E-003
   1042217.78196920       1.512922773231327E-002  5.814330677017890E-003
   814595.601417565       1.550793065038502E-002  6.163395456148133E-003
   342164.563969350       1.588837286309261E-002  6.513945651758825E-003
   655138.257391103       1.627088431407534E-002  6.862545102541081E-003
   2010600.42421017       1.726153982760582E-002  5.721920394011492E-003
   1690776.58074176       1.687094173746654E-002  5.391301365209798E-003
   1190402.21541822       1.647829624692587E-002  5.058702359389799E-003
   856276.020989780       1.608541640824295E-002  4.724876933767139E-003
   1415269.52507193       1.569261461618365E-002  4.388667778465199E-003
   356914.598783158       1.603865400966619E-002  3.957532810436640E-003
   71074.2208633521       1.637522769553439E-002  3.522789517290725E-003
   1492540.41863260       1.671088802279542E-002  3.091239695986931E-003
   1454376.91773776       1.704401654533737E-002  2.662156383729432E-003
   347357.666972782       1.570660927015309E-002  2.244404677857002E-003
   1685898.54978600       1.534340649065174E-002  2.652396482959672E-003
   2083537.72203801       1.497900733762658E-002  3.055048342971939E-003
   3263439.03502045       1.461785283678250E-002  3.457179288724614E-003
   4658489.35256875       1.412247001473821E-002  3.116815690420652E-003
   3434476.31810009       1.362903638517490E-002  2.770458370810102E-003
   2730703.51324251       1.313588226480949E-002  2.415286177431742E-003
   1946696.75840641       1.248869919358003E-002  3.108587348380812E-003
   294900.938778659       1.287635748398843E-002  3.583947103039824E-003
   1251505.93976226       1.326971032748788E-002  4.058558763713276E-003
   1048421.15455929       1.367205852776962E-002  4.528498752332960E-003
   775494.474275358       1.333411508475026E-002  5.045227156793296E-003
   106494.053295699       1.299940401639706E-002  5.561779070719234E-003
   366163.342595609       1.266607225757920E-002  6.077973623490038E-003
   396779.828354008       1.840406195576870E-002  6.704173757050881E-003
   222371.146133024       1.872745866719160E-002  6.208834272395736E-003
   184651.632764035       1.904559751273327E-002  5.711602076011906E-003
   1028694.00006984       1.936185701464041E-002  5.214538879435754E-003
   1169446.70903324       1.967674195048120E-002  4.721622792109167E-003
   1393326.20250813       2.015460232055616E-002  5.152303662612674E-003
   492557.507647755       2.063319595716588E-002  5.586782563421438E-003
   468664.385596000       2.111364431881932E-002  6.021263622274248E-003
   320415.564682040       2.159976039160614E-002  6.453713536048852E-003
   2069788.88873120       2.224043521394042E-002  5.701514081224177E-003
   1436000.67387299       2.174653061694745E-002  5.289557706699136E-003
   1246117.05174283       2.125340620186509E-002  4.875256281221985E-003
   455795.317095673       2.075880045599588E-002  4.458309759084388E-003
   798708.856118496       2.026199538170349E-002  4.041561796699394E-003
   262429.240108324       2.068812838554959E-002  3.507762115907301E-003
   288135.701825389       2.110543769532339E-002  2.971704369447801E-003
   2269597.10384882       2.151906792338203E-002  2.437790922983480E-003
   1475242.65263593       2.193463232197890E-002  1.911283692767552E-003
   576038.879646712       2.091019872724689E-002  1.934503805730526E-003
   1131320.15976056       2.046705714102868E-002  2.447742679669215E-003
   1620416.87911211       2.002590336125545E-002  2.957385972959017E-003
   2253849.28515080       1.958258526212537E-002  3.461180421333084E-003
   2113045.42819204       1.916086170768127E-002  3.023575534084182E-003
   441854.564119435       1.873670289371096E-002  2.579752526245412E-003
   936944.251035962       1.830877577342411E-002  2.136162631213986E-003
   2975377.04135401       1.753188971237832E-002  3.023754028922935E-003
   1867006.74197909       1.801648600596821E-002  3.391715747492354E-003
   453253.516838215       1.850346360634834E-002  3.764793122818959E-003
   463840.156667097       1.899560211386768E-002  4.138676327668956E-003
   178284.530052094       1.856002572487521E-002  4.537646197283514E-003
   1148163.58104133       1.812665839005868E-002  4.935077657268546E-003
   1171489.95812975       1.769382698026057E-002  5.328978180000274E-003
   106280.946179428       2.299528616771947E-002  6.338023716523714E-003
   687073.189235688       2.341221572686635E-002  5.924081350438644E-003
   703029.800407067       2.382439933354215E-002  5.509293791901786E-003
   1395979.45697114       2.423649652860245E-002  5.096598134367474E-003
   1066957.78663188       2.464864982671208E-002  4.686494502669256E-003
   1486942.94540628       2.510578996800080E-002  5.020583184637594E-003
   954378.007101098       2.556366485570614E-002  5.358567249221841E-003
   775873.143704495       2.602140687872575E-002  5.698491753164629E-003
   388563.130719590       2.648374630437385E-002  6.036875890436813E-003
   2184464.69620273       2.718722571966122E-002  5.199496776474511E-003
   1216531.31161921       2.678442742248721E-002  4.800891029928343E-003
   726667.195173545       2.637940005654862E-002  4.401267330979747E-003
   105859.654221542       2.597273233435777E-002  3.999227652792479E-003
   892804.553837004       2.556514739841615E-002  3.597985562687473E-003
   334673.227466019       2.589706864448880E-002  3.105415873426698E-003
   123994.767339346       2.622261265905568E-002  2.610340311336046E-003
   2004980.35259296       2.654534725266084E-002  2.117166219811035E-003
   1792582.37461055       2.686572055129615E-002  1.628774640686939E-003
   421770.758300961       2.571277071839463E-002  1.440450496067602E-003
   1919642.84410905       2.530091565890157E-002  1.860744156822483E-003
   2286487.55202804       2.488866024137337E-002  2.276526141300405E-003
   2261951.82672580       2.447682931039015E-002  2.689084153192040E-003
   3293570.11604764       2.396460679036236E-002  2.357547594709234E-003
   2334650.99296425       2.345377989026185E-002  2.022269773916429E-003
   1429848.78816679       2.294269911483508E-002  1.681813539575514E-003
   1543578.78176787       2.233445473591354E-002  2.374166249683471E-003
   151284.869177179       2.273817226796039E-002  2.842151412050820E-003
   977250.610092952       2.314637443107079E-002  3.308859297906992E-003
   177970.342785694       2.356069283323713E-002  3.772305908208432E-003
   155686.000636662       2.322834571562314E-002  4.255348916026181E-003
   570428.679187789       2.289776076714877E-002  4.738906994135547E-003
   955043.504904524       2.256806877342515E-002  5.220826384808245E-003
   390123.255918226       2.802839960110101E-002  5.898346634499938E-003
   303421.574309877       2.841812434051385E-002  5.424014218774672E-003
   450851.468348338       2.880159480077753E-002  4.949096155251814E-003
   1809715.76867334       2.918466270133245E-002  4.475348404239338E-003
   1296911.62898070       2.956576607675272E-002  4.005012180760235E-003
   1764330.93468326       2.999003698763429E-002  4.397641379954568E-003
   653551.760204338       3.041449677532176E-002  4.795368002592563E-003
   223294.080896105       3.084248764781365E-002  5.193354886521577E-003
   765287.225220260       3.127521385945652E-002  5.589973468602517E-003
   2462578.43677399       3.211011970861428E-002  4.576154048460154E-003
   2128945.80600845       3.165065833214011E-002  4.226506079661053E-003
   1577208.79957103       3.119121267050072E-002  3.873337636955226E-003
   586098.941907461       3.072960779593704E-002  3.518262945916808E-003
   797977.770200449       3.026537150001322E-002  3.161377373117582E-003
   332475.534353884       3.065195533475715E-002  2.686008756088736E-003
   802960.489998648       3.103107947313984E-002  2.210299507243330E-003
   2518386.74651593       3.140705930214872E-002  1.737279765381886E-003
   1770482.02351403       3.178407876525631E-002  1.270168792854377E-003
   399415.140281926       3.053532972391920E-002  1.041910220096575E-003
   1236949.24813527       3.016205284855817E-002  1.521645717771379E-003
   2249410.97064305       2.979155828313178E-002  1.998287124878688E-003
   2368311.11115479       2.942070752633767E-002  2.469550164952256E-003
   3236855.06712513       2.893825716881135E-002  2.081113372453028E-003
   1518245.03767084       2.845514721265166E-002  1.687556583174446E-003
   608981.658528856       2.797046988986954E-002  1.291009929318658E-003
   2259501.82636699       2.732582989516193E-002  2.044035096555765E-003
   1141726.56368674       2.778618599392629E-002  2.465621640994790E-003
   453461.376383836       2.825070102472206E-002  2.889378432728283E-003
   126408.134797625       2.872220896636099E-002  3.309652870481463E-003
   86972.6544838165       2.833495393703813E-002  3.783661751288935E-003
   1115919.45906738       2.795161062512562E-002  4.259169316639143E-003
   1574027.23349736       2.756955479274027E-002  4.730528882884343E-003
   519064.899313726       3.312741577591716E-002  5.403460141064026E-003
   335789.033453832       3.347461776216521E-002  4.931438246519187E-003
   387512.556729919       3.381609687727857E-002  4.458405852867074E-003
   1853292.02316428       3.415504058044583E-002  3.986853187649939E-003
   1418104.00922318       3.449392179081161E-002  3.518441673381855E-003
   1829588.27340556       3.494042875212333E-002  3.905120512526299E-003
   621457.272593503       3.538756165570714E-002  4.294388714866488E-003
   433928.522421442       3.583785755874781E-002  4.683926236879441E-003
   830670.897098012       3.629336464012681E-002  5.071384549220014E-003
   2842441.75009692       3.704984706839139E-002  4.132705847204945E-003
   2081625.13853529       3.658741003327791E-002  3.768947923642965E-003
   1689680.01818192       3.612484551326363E-002  3.401924597832810E-003
   629218.265651003       3.566064408965069E-002  3.032735507159488E-003
   804731.041507301       3.519268250910269E-002  2.662600556522065E-003
   885779.444757777       3.556694638315032E-002  2.095845309249860E-003
   778398.462690652       3.592970834366872E-002  1.524748934497654E-003
   1318239.21916923       3.628418948346936E-002  9.520874709502466E-004
   1536242.34264716       3.663493475889746E-002  3.834956725625007E-004
   906972.748246329       3.569647226346359E-002  5.087047460004030E-004
   2511880.76271443       3.524675407724358E-002  1.002206986432485E-003
   2586007.54943509       3.479400023638451E-002  1.488750866938244E-003
   2426329.80500118       3.433655665775680E-002  1.970103999147236E-003
   2809749.31480000       3.387981708248197E-002  1.583160441948638E-003
   1225279.46608543       3.342320271137222E-002  1.191380655971928E-003
   245421.218709843       3.296327731755178E-002  7.976334750171041E-004
   2275885.67295264       3.224371672091898E-002  1.653585895089731E-003
   1200523.69945332       3.270325750538416E-002  2.042839844624766E-003
   266953.770889863       3.316646213430884E-002  2.433562873113091E-003
   325743.787925287       3.363649928779202E-002  2.823324796053720E-003
   109924.333925322       3.325069518058969E-002  3.264423582488565E-003
   1239310.95991748       3.286935881299653E-002  3.704087274727027E-003
   1636649.83353123       3.248944963981741E-002  4.141253928628233E-003
   495110.557631068       3.799171400635161E-002  4.880320691303045E-003
   441283.328603266       3.834599262025443E-002  4.339766967767065E-003
   326180.776878362       3.869152208382671E-002  3.794269959992378E-003
   1650608.64756588       3.903288437492637E-002  3.251354971740591E-003
   1220109.08393669       3.937296767861984E-002  2.712560261099694E-003
   1752224.39002061       3.985204343548401E-002  3.152423340914578E-003
   124778.039496403       4.033299723738865E-002  3.595667550498440E-003
   260252.923211200       4.081913763843416E-002  4.039822740789680E-003
   820469.830805852       4.131286026860632E-002  4.477768884429297E-003
   2667462.27960204       4.197383167265104E-002  3.624195070214197E-003
   2165017.88094747       4.144084204093118E-002  3.254551900924535E-003
   2026581.92327715       4.090766950738477E-002  2.881072125901996E-003
   774020.106027848       4.037598553161640E-002  2.503264183339962E-003
   600023.891592898       3.983932768724936E-002  2.124207100298964E-003
   1039140.92911362       4.025809357428883E-002  1.494801807417538E-003
   755192.253335026       4.066164067959572E-002  8.576213023460686E-004
   1319335.09188434       4.105480741970109E-002  2.175347560527262E-004
   785316.190807982       4.144755206445568E-002 -4.111595896760427E-004
   142052.104810185       4.069338348325652E-002 -3.837677909419683E-005
   1813059.74926070       4.021990395271567E-002  5.392415990881660E-004
   2059945.32664696       3.973952067459050E-002  1.105575919942767E-003
   1905617.35432804       3.924965868753458E-002  1.662249287598862E-003
   2571532.60413778       3.869276783496451E-002  1.231086452071205E-003
   1203412.49864997       3.813999648513430E-002  7.891276231752008E-004
   343738.204268236       3.758283706896966E-002  3.420223000515426E-004
   2593595.19167003       3.716850638086967E-002  8.407226453935909E-004
   935918.725197357       3.770046074614298E-002  1.310912817301740E-003
   515734.269273137       3.823613469133772E-002  1.782960095873096E-003
   515879.405641857       3.878242213072419E-002  2.250541877202610E-003
   137685.060706512       3.834601871257509E-002  2.725873913391536E-003
   1704925.51417283       3.791524702691473E-002  3.198706666646875E-003
   1742159.83801446       3.748202868305487E-002  3.667271326263010E-003
   831568.968476820       4.283162176529206E-002  4.278036174137821E-003
   500687.519138729       4.320335359851106E-002  3.776173699014459E-003
   201063.613214349       4.356705281490595E-002  3.273570617165158E-003
   1674386.73071223       4.392753082322304E-002  2.772640446853885E-003
   1105820.98979939       4.428857348776671E-002  2.275462461744007E-003
   1973220.58941312       4.479517935248352E-002  2.652105039033953E-003
   815764.609810073       4.530243556189189E-002  3.034482307109415E-003
   238113.840405857       4.581069857357406E-002  3.419137670757039E-003
   1112822.24424948       4.632543298813872E-002  3.803221508916117E-003
   1751500.65344234       4.689134527428008E-002  3.064008396386374E-003
   1538503.10101598       4.640227538241358E-002  2.663990397074665E-003
   520065.196081735       4.591312870695317E-002  2.258910387062713E-003
   652926.733649015       4.541963658000686E-002  1.851141502640586E-003
   808279.196341581       4.492025853839691E-002  1.446612497828981E-003
   669573.302747470       4.528857311853209E-002  9.014052701766116E-004
   514813.468264790       4.565241667491020E-002  3.573700513836778E-004
   1775460.01675385       4.601305302109823E-002 -1.846298424145062E-004
   973138.206706994       4.637749999888973E-002 -7.183852089997647E-004
   958089.764613169       4.531612056675286E-002 -7.021903387782269E-004
   319250.885611146       4.490512577049438E-002 -1.922325575083031E-004
   1389635.69686995       4.449769868034548E-002  3.159228711567923E-004
   879978.455099034       4.408756431516211E-002  8.191628017371606E-004
   1958837.01348354       4.347592788472319E-002  4.578826115496596E-004
   1770111.96994936       4.286935588264496E-002  8.738339029063045E-005
   338141.712820490       4.226671923033742E-002 -2.921726134481515E-004
   752606.417100440       4.193860261346335E-002  1.044748074717937E-004
   960402.678524024       4.243531565999826E-002  6.257827310939316E-004
   1330921.05311857       4.294219846966518E-002  1.140896330277089E-003
   863877.381618363       4.345647630817927E-002  1.649121484158290E-003
   300835.687741745       4.308153744618414E-002  2.146421732452008E-003
   1093946.78824190       4.271154050407074E-002  2.642193973254296E-003
   1782478.91332472       4.234309571935903E-002  3.134917963283690E-003
   386415.327041233       4.763346849165445E-002  3.624602801936893E-003
   403364.621433809       4.803258624695383E-002  3.154468504462016E-003
   774126.418026581       4.842655382062156E-002  2.684103643674504E-003
   1188059.83381223       4.882073497934480E-002  2.215629271842517E-003
   923154.233955716       4.921595834811620E-002  1.751263256986465E-003
   708509.442942307       4.971658252750555E-002  2.091807842697795E-003
   222931.843883564       5.021897661887446E-002  2.432311564380584E-003
   143054.976965429       5.072118310156293E-002  2.773529358054186E-003
   433624.858299891       5.122501644437796E-002  3.114408305660884E-003
   632367.997132510       5.181496276073742E-002  2.327488904382152E-003
   783383.989036093       5.135227610984774E-002  1.938569514618859E-003
   392851.785618338       5.088969062572415E-002  1.547490568625944E-003
   57676.6348552821       5.042646160994749E-002  1.154514039645532E-003
   421373.221260959       4.996152162759092E-002  7.633772355712951E-004
   375452.609238420       5.030225064094001E-002  2.642837805136187E-004
   264613.655072839       5.063816110374858E-002 -2.363003907052946E-004
   1343197.31599394       5.097329960970387E-002 -7.354352356327299E-004
   975936.863359292       5.130708022414656E-002 -1.233268433879751E-003
   215297.436560939       5.011079061783567E-002 -1.376169872399166E-003
   1084297.96835441       4.973185137428202E-002 -9.091609971316012E-004
   1184328.82911500       4.935245041212063E-002 -4.444993418384951E-004
   1624555.03804784       4.897403074494456E-002  1.951327546285356E-005
   2201399.48707603       4.844924458644140E-002 -3.187603968858943E-004
   1383133.50450392       4.792657824179460E-002 -6.619956060227037E-004
   557397.641413732       4.740276706064395E-002 -1.009667726122391E-003
   915066.575873405       4.683356540566280E-002 -2.893043517924292E-004
   173779.298018897       4.729258623170977E-002  1.438410785939946E-004
   1003168.22343004       4.775561840520754E-002  5.755160264033993E-004
   926964.184225040       4.822433854793664E-002  1.004747766868610E-003
   186066.210788319       4.788859382735351E-002  1.521324755533945E-003
   489828.018588246       4.755479700762238E-002  2.038180946386867E-003
   1191376.22716630       4.722260486805913E-002  2.552409809182208E-003
   84248.8855845961       5.260084491485727E-002  2.913837371317415E-003
   206060.993105666       5.299364576043617E-002  2.471775518170037E-003
   232112.377261742       5.338425384894533E-002  2.027587318819156E-003
   68424.7231682417       5.377614340556833E-002  1.584500914523941E-003
   302183.580754573       5.416672901302461E-002  1.141476031681722E-003
   248948.288996501       5.464392362173588E-002  1.453593123838338E-003
   453635.181017459       5.512011498751710E-002  1.767771506600016E-003
   542095.289598967       5.559571570065092E-002  2.083053973349243E-003
   100884.460209650       5.607333810928964E-002  2.396279686809461E-003
   943107.574192688       5.674304279017240E-002  1.490880176962331E-003
   356872.766026178       5.630529205159843E-002  1.125569277114631E-003
   331847.136502989       5.586595332797333E-002  7.618831343902087E-004
   444870.618171415       5.542699148433592E-002  3.969771046135407E-004
   784233.633693916       5.498898545115843E-002  3.061329526497444E-005
   350904.723873798       5.530475066531942E-002 -4.432719353004997E-004
   66007.4490018060       5.561484579293782E-002 -9.200554916983890E-004
   700733.007672193       5.592496804024528E-002 -1.394960102695836E-003
   706672.150319414       5.623330594387649E-002 -1.868852012911133E-003
   381865.338355240       5.493886622977058E-002 -2.109460608381677E-003
   1039975.25468395       5.458695327973774E-002 -1.665686277340310E-003
   1181742.85680697       5.423336413499925E-002 -1.225185605211431E-003
   1660130.66646953       5.388233363684079E-002 -7.850406677051584E-004
   2136349.28404184       5.339277899214488E-002 -1.098552868024484E-003
   1298044.36036862       5.290248377751629E-002 -1.412612286086777E-003
   1073088.46486111       5.241208367746336E-002 -1.730213494572765E-003
   976819.005814072       5.174181123751125E-002 -8.454513326410671E-004
   508423.087398511       5.217941668413519E-002 -4.567297150965804E-004
   309280.861608765       5.261765433800861E-002 -6.728727437770986E-005
   185976.227020511       5.305997805004769E-002  3.193755170947284E-004
   3467.39859534183       5.274883712036461E-002  8.212323328467379E-004
   125042.780118232       5.243795873170755E-002  1.324054290544893E-003
   140860.360749163       5.212540498988304E-002  1.825448261434478E-003
   189785.541702046       5.764913848986670E-002  2.158078784123749E-003
   268077.576504164       5.799322671217888E-002  1.579030042704227E-003
   283275.426379708       5.833273003967926E-002  9.986337074768719E-004
   337185.024698560       5.867179441668133E-002  4.191849580574706E-004
   393532.720984417       5.900995663218797E-002 -1.595658117811384E-004
   473499.303491055       5.953634438125633E-002  2.843488065372470E-004
   111651.937277111       6.006327371853513E-002  7.289064365644388E-004
   90791.5137489154       6.059185241729680E-002  1.174126499159739E-003
   216888.453531151       6.112279623791016E-002  1.617563148897633E-003
   787565.632174299       6.168563148701729E-002  8.453675420494553E-004
   674250.617454663       6.110529045894302E-002  4.749828267900094E-004
   628289.058691556       6.052552275434270E-002  1.030028542536058E-004
   365045.367723788       5.994687274667732E-002 -2.707602456697503E-004
   468496.683679108       5.936583932193341E-002 -6.444975209214613E-004
   224579.781109505       5.980292337166875E-002 -1.204889646438197E-003
   237595.652788278       6.023361791273159E-002 -1.765968673296745E-003
   788884.938233598       6.066492219709232E-002 -2.325290180494678E-003
   472638.344827769       6.109793640768457E-002 -2.882435729866724E-003
   373349.949155614       6.004620509620850E-002 -2.768226597943807E-003
   194139.396651228       5.965741020799672E-002 -2.175764821826607E-003
   653081.581664977       5.926979835399921E-002 -1.585643321866186E-003
   950103.683123963       5.888109622893292E-002 -9.981231632639979E-004
   835981.076972273       5.839461107206994E-002 -1.449621119348611E-003
   31404.8696374334       5.790544804390829E-002 -1.902644393049747E-003
   369596.598575323       5.741439729619238E-002 -2.356201160724967E-003
   1188476.02409982       5.680663200299721E-002 -1.533573161902369E-003
   967177.546542517       5.737867106154532E-002 -1.196081507116868E-003
   338857.852524728       5.794975454948751E-002 -8.546726202621991E-004
   175013.165375025       5.852490254175020E-002 -5.140733354155715E-004
   55440.5108369966       5.807844446239448E-002 -1.050299714132341E-005
   490036.825999212       5.763478473769896E-002  4.919216529483787E-004
   487898.829556412       5.718903920355348E-002  9.913767757958498E-004
   232435.371294101       6.245866193057191E-002  1.406171840762999E-003
   219267.826750052       6.283660590941441E-002  8.767169958214423E-004
   68236.9935728383       6.321157281598859E-002  3.457763130470951E-004
   410920.632332963       6.358589555446476E-002 -1.833538744968315E-004
   359794.587264438       6.396071917064142E-002 -7.114409993458732E-004
   349617.319563415       6.448369014638479E-002 -3.267120712811813E-004
   110932.754999919       6.500653165749294E-002  5.865572664176706E-005
   208019.018138965       6.553042486250693E-002  4.453815735848020E-004
   277414.020813911       6.605672360702992E-002  8.303806929007979E-004
   339629.003793105       6.661005511261196E-002  6.635365131885118E-005
   459824.757867314       6.608449960362120E-002 -3.144756906451598E-004
   161886.179002602       6.555825918096343E-002 -6.959650806577251E-004
   110971.172629318       6.503231255839727E-002 -1.078265249567000E-003
   412540.980995844       6.450401427813783E-002 -1.460147121893130E-003
   132712.627854023       6.489120822685987E-002 -1.962542592657333E-003
   271376.118793369       6.527502135265177E-002 -2.465654030508582E-003
   615113.536077447       6.565959862407755E-002 -2.966778085017806E-003
   434843.063978422       6.604399658371150E-002 -3.465833846668694E-003
   247508.395326535       6.480745265726025E-002 -3.579041741585740E-003
   139524.286560404       6.445639138113528E-002 -3.051913783514265E-003
   520887.558060834       6.410508464987999E-002 -2.526444089285359E-003
   584642.995950697       6.375490715920813E-002 -2.001773179414653E-003
   804863.669977016       6.321155912981392E-002 -2.383815423109917E-003
   350351.577427051       6.266879985445792E-002 -2.768061107568633E-003
   244740.932754401       6.212482127194522E-002 -3.154717862465076E-003
   705494.556946419       6.162417304169703E-002 -2.476721423381964E-003
   129196.900227438       6.215129954828522E-002 -2.068991060338359E-003
   355035.488344361       6.267915201678800E-002 -1.660593367899216E-003
   493633.237934696       6.321099469423812E-002 -1.253796557154216E-003
   169193.479977571       6.282787772073223E-002 -7.277055661709352E-004
   220837.416376726       6.244728092273345E-002 -2.020985566502185E-004
   497954.835277514       6.206610758667096E-002  3.224701902153843E-004
   172242.901888340       6.737452253442935E-002  6.182143222540218E-004
   175917.210257923       6.774932092786280E-002  5.872360654883210E-005
   44703.8148862843       6.812117413811591E-002 -5.020658749326666E-004
   289171.152473369       6.849250132898889E-002 -1.061478705426160E-003
   283988.926294675       6.886371843087177E-002 -1.620798763925403E-003
   363561.726461538       6.939522449984174E-002 -1.208688788537352E-003
   159605.032473626       6.992571773852227E-002 -7.958386478424525E-004
   62453.9100019486       7.045835735330137E-002 -3.821201672779993E-004
   149534.391299407       7.099244245859702E-002  2.966494020569845E-005
   473731.386949837       7.153492271803870E-002 -7.247179755953698E-004
   536740.486456612       7.097833149907873E-002 -1.100653948970286E-003
   349494.500302721       7.042109562612796E-002 -1.478027376092532E-003
   158528.599910500       6.986463695076042E-002 -1.855439445142898E-003
   332236.489181752       6.930588000999323E-002 -2.233619284260055E-003
   163229.803512244       6.972275553221018E-002 -2.732283519745207E-003
   298509.298259066       7.013589297175023E-002 -3.231611209003311E-003
   647364.656542360       7.055026173621093E-002 -3.728706673471619E-003
   402098.522800246       7.096424869626095E-002 -4.225059851154499E-003
   298829.127153747       6.969628086963355E-002 -4.338615486072605E-003
   86810.4904425926       6.936152117064932E-002 -3.782436987450313E-003
   415170.909155940       6.902663244686559E-002 -3.227752493207052E-003
   647741.991969479       6.869326769745962E-002 -2.673824204152050E-003
   759317.804986165       6.819241107756734E-002 -3.091560944113954E-003
   245802.337603573       6.769033260255801E-002 -3.510109502316156E-003
   72319.3885482991       6.718800947654868E-002 -3.930276315317064E-003
   681590.956947180       6.659455013609125E-002 -3.116584336616321E-003
   430444.909681246       6.714579415583226E-002 -2.765707977472850E-003
   30796.4782400854       6.769681395814123E-002 -2.412821763733392E-003
   116091.591632321       6.825099982824415E-002 -2.061885746097601E-003
   119547.474223933       6.783936514028467E-002 -1.529157773436200E-003
   183683.010055452       6.743007585344453E-002 -9.967120801182743E-004
   322920.723295015       6.701975057905508E-002 -4.650479475713188E-004
   69712.8318509845       7.228928549529533E-002 -1.838091150321696E-004
   102832.635750470       7.266632812180145E-002 -7.334123347976177E-004
   14373.5641247258       7.304178879654853E-002 -1.282483390018041E-003
   270480.455550733       7.341579817757915E-002 -1.831883522629590E-003
   246881.659535312       7.379105745897049E-002 -2.380438401820413E-003
   194109.724385248       7.428449513778755E-002 -1.975474888089312E-003
   82430.1266438083       7.477925812159267E-002 -1.570344444201328E-003
   14236.6201141039       7.527341349963439E-002 -1.166185192572399E-003
   82858.3035890985       7.576841214088130E-002 -7.614883893575092E-004
   314081.474351241       7.643525182414170E-002 -1.694807246865863E-003
   373789.094572749       7.589367862271340E-002 -2.032100285284012E-003
   323453.655831617       7.535329327532922E-002 -2.370191545547000E-003
   245293.626636350       7.481178731823281E-002 -2.709626539832793E-003
   215434.236738314       7.427016946867658E-002 -3.048309628528726E-003
   154054.999190467       7.466870617399127E-002 -3.581356883615083E-003
   92735.3885050638       7.506459598349227E-002 -4.114983122384880E-003
   438270.746114703       7.545912568941214E-002 -4.647688335488686E-003
   289082.751792840       7.585492084590569E-002 -5.179413607512303E-003
   88366.1590996576       7.471740504306879E-002 -5.173982967086904E-003
   246085.958659422       7.434568767886490E-002 -4.624302746273554E-003
   393353.477857924       7.397432614896701E-002 -4.074603658157193E-003
   660986.201885107       7.360289791236964E-002 -3.525996651647338E-003
   685659.702320021       7.311232959072576E-002 -3.932240434865971E-003
   223585.897254945       7.262031925375589E-002 -4.339884973362016E-003
   57279.9688318612       7.212848730340859E-002 -4.747122856074378E-003
   639044.849734609       7.150368510692968E-002 -3.884511343009425E-003
   414356.463230465       7.204180026053303E-002 -3.543272384204837E-003
   47310.1883113868       7.258160060174128E-002 -3.200387998718433E-003
   127516.707072401       7.312320189044307E-002 -2.859077649262471E-003
   103146.180929447       7.272503553158000E-002 -2.324709866686833E-003
   139549.040362273       7.232781259683606E-002 -1.791339418742307E-003
   204012.883627862       7.193183368617545E-002 -1.257851249820687E-003
   95394.3912721491       7.736835074170745E-002 -1.029361349057992E-003
   108117.644783719       7.771393010963380E-002 -1.523945593709709E-003
   63646.7225045231       7.805855763379024E-002 -2.017843324164243E-003
   104443.173861046       7.840383949226708E-002 -2.512591449271234E-003
   158014.613736937       7.874826266710830E-002 -3.005761060996128E-003
   201890.139005006       7.929981797909726E-002 -2.663760222035631E-003
   214248.429769396       7.985130935405335E-002 -2.320000014640950E-003
   35104.6686133048       8.040287146617336E-002 -1.977048990055141E-003
   74116.9208993467       8.095503143071661E-002 -1.633068805182712E-003
   175926.954267437       8.140484939173741E-002 -2.264631542999627E-003
   272190.202731806       8.090101580751306E-002 -2.674499072181222E-003
   88818.5114962916       8.039815412128873E-002 -3.085347175859119E-003
   58149.5587113370       7.989385877404954E-002 -3.496024599897668E-003
   192062.366889843       7.939025199613370E-002 -3.906866158749237E-003
   88324.1239915418       7.974458674213572E-002 -4.388214407857817E-003
   82011.9362872422       8.009874674132923E-002 -4.869852117714806E-003
   264387.064010278       8.045201437135463E-002 -5.349804970567932E-003
   150459.637158388       8.080634559503579E-002 -5.830147863561648E-003
   142376.698834336       7.949976681942648E-002 -6.026262031332190E-003
   56961.8338168660       7.916342537315377E-002 -5.533457067755283E-003
   153249.140323323       7.882653681622485E-002 -5.039924184212951E-003
   358115.671788467       7.848988626777043E-002 -4.547659354937276E-003
   456473.733560956       7.796807716840511E-002 -4.895062114099528E-003
   289323.874751367       7.744620835429090E-002 -5.244573321557515E-003
   81719.6151671919       7.692411593288516E-002 -5.593660115677034E-003
   382411.719921462       7.635279136030212E-002 -4.797162757358751E-003
   153035.092631633       7.684990662276445E-002 -4.413768868614147E-003
   47229.1993194600       7.734870252576292E-002 -4.030354743881708E-003
   138271.667707512       7.784752054433741E-002 -3.647175001927082E-003
   99539.5128171195       7.749448661797194E-002 -3.159051019647675E-003
   63812.4223833638       7.714111455042635E-002 -2.669882554753003E-003
   107344.679714153       7.678854915079858E-002 -2.182336942518934E-003
   44884.2876642924       8.203574824581202E-002 -1.815836318425626E-003
   71153.8744234272       8.244872609031756E-002 -2.304556572188666E-003
   103014.855610143       8.286106988298694E-002 -2.793474940308577E-003
   71842.7226602322       8.327362766853282E-002 -3.281258853572147E-003
   39761.3384824773       8.368614909185648E-002 -3.769800702426728E-003
   61159.7097244502       8.421870076194475E-002 -3.441297297870778E-003
   36822.0173684709       8.475198909539916E-002 -3.113998171974165E-003
   66377.8727306871       8.528443733372405E-002 -2.785794245909031E-003
   74526.2533820271       8.581664865911909E-002 -2.457598465802785E-003
   43278.8247761162       8.632352894090638E-002 -3.171516211029205E-003
   28127.8406429680       8.583767469259208E-002 -3.565572621740570E-003
   58148.9293230697       8.535193609583881E-002 -3.959526605588600E-003
   123670.759921740       8.486713484885069E-002 -4.354606337112247E-003
   104487.711491412       8.438188741510642E-002 -4.748847666923582E-003
   74923.3396737719       8.472224456035823E-002 -5.216116424977436E-003
   41094.5997862189       8.506067287570082E-002 -5.684543336259323E-003
   25372.1671518533       8.540029253634178E-002 -6.152001458155804E-003
   13510.1699429345       8.573989571816357E-002 -6.619322860710318E-003
   21753.1783233619       8.439251613389478E-002 -6.867563102507791E-003
   41506.7300226383       8.406331104223927E-002 -6.392696045440232E-003
   32380.6508776939       8.373285381976298E-002 -5.918877488474996E-003
   247856.540223042       8.340400185807736E-002 -5.443997953836479E-003
   253503.433218656       8.292707618228098E-002 -5.782319890438070E-003
   173978.520767587       8.245034979658283E-002 -6.120193166847928E-003
   89536.4527449631       8.197428631590518E-002 -6.459470433599534E-003
   180701.900451010       8.128156589157150E-002 -5.489019285549387E-003
   92766.5342054655       8.175678401780141E-002 -5.148626336806369E-003
   23322.2799653516       8.223148188130358E-002 -4.807017793325694E-003
   110226.422429577       8.270757355410917E-002 -4.465678011657133E-003
   71998.8274627146       8.238159222778429E-002 -3.915345730477719E-003
   55833.1739902184       8.205657197743564E-002 -3.365213785499777E-003
   115904.796670033       8.173054569003221E-002 -2.815020335063733E-003
   65653.7186513036       8.703690181568460E-002 -2.664854614173720E-003
   21204.5981727527       8.743635918993437E-002 -3.122614933118861E-003
   124796.824711397       8.783555953714467E-002 -3.581630750699162E-003
   127093.487553126       8.823597303170022E-002 -4.039949616296840E-003
   40667.1172229399       8.863505015384900E-002 -4.499342797525849E-003
   73163.8836578251       8.922156587433962E-002 -4.207879392264751E-003
   21041.4143216240       8.980883078064592E-002 -3.917553187400496E-003
   58840.0522972223       9.039533149274277E-002 -3.626441174661011E-003
   87999.2048351559       9.098141814828366E-002 -3.336512948281203E-003
   57060.7772489112       9.129450302024551E-002 -3.778642140012648E-003
   39367.6425567076       9.082585420081254E-002 -4.234894304193415E-003
   64928.9307580414       9.035642061693439E-002 -4.690958125453283E-003
   115790.839566024       8.988794859431606E-002 -5.148280056067507E-003
   65033.2732893778       8.941904994576338E-002 -5.604865826177527E-003
   37794.2107974977       8.971144246122427E-002 -6.189281399865953E-003
   67544.2808590458       9.000216216149681E-002 -6.774773014203287E-003
   19856.2840633949       9.029392532176699E-002 -7.359457435816855E-003
   12854.5061935024       9.058432070860803E-002 -7.944922390738419E-003
   19045.5535124445       8.967868107448536E-002 -7.794942092229761E-003
   47728.4214454530       8.922435219089293E-002 -7.325626817575530E-003
   23306.3007575776       8.876868323853079E-002 -6.857400184341340E-003
   113434.326086326       8.831430612128630E-002 -6.388263456211595E-003
   118659.136946362       8.785167034648374E-002 -6.701153388174758E-003
   91202.6506203289       8.738816424904861E-002 -7.012815731268520E-003
   67412.0990125789       8.692549374343768E-002 -7.325690388335368E-003
   65146.3162270595       8.618693301401859E-002 -6.285527297564791E-003
   43655.7609024885       8.663492733917441E-002 -5.951800037916519E-003
   23267.9297120966       8.708214280882096E-002 -5.616949531388810E-003
   53334.6785586826       8.753033213955223E-002 -5.283412051121465E-003
   18201.1612196048       8.722831181298281E-002 -4.755709265959176E-003
   10474.3052378505       8.692727984265605E-002 -4.227173653021688E-003
   129056.973914950       8.662482999659014E-002 -3.699462720967354E-003
   48066.4833860704       9.173624800948582E-002 -3.465665503355787E-003
   38073.8556888526       9.219921465772433E-002 -3.899376918662880E-003
   121629.147426845       9.266211174550681E-002 -4.333346134077477E-003
   120220.120839150       9.312592926411731E-002 -4.767619461559849E-003
   40796.9566117335       9.358868879876873E-002 -5.201798098935566E-003
   80717.1689547698       9.404028843246499E-002 -4.924081863031533E-003
   45441.2125969991       9.449282779351152E-002 -4.646700231904948E-003
   78944.3289439312       9.494421361068721E-002 -4.369191898585910E-003
   55323.2953075493       9.539557815988131E-002 -4.091943390069909E-003
   47785.6047889351       9.613648006776752E-002 -5.138608936109124E-003
   120599.203624838       9.572419328689297E-002 -5.471970148405148E-003
   16936.0902238906       9.531181370877886E-002 -5.804872170035178E-003
   34127.2593440510       9.489943982028044E-002 -6.138753697351536E-003
   11844.9261299037       9.448741451389439E-002 -6.471671871124902E-003
   92118.3045971482       9.474438404659156E-002 -7.046799636167407E-003
   28841.0944000059       9.500122190600632E-002 -7.622009997614376E-003
   22726.3349686341       9.525851292172581E-002 -8.196138377107066E-003
   2831.05308330953       9.551574731339370E-002 -8.771389447678831E-003
   50637.1194124047       9.459060224528752E-002 -8.669895314841610E-003
   54511.0441032523       9.413364629459607E-002 -8.237051004719579E-003
   99631.7709630239       9.367573501819414E-002 -7.803928018373097E-003
   50458.8176757508       9.321818238916318E-002 -7.370438595582437E-003
   49455.1477865904       9.263986533678165E-002 -7.626614301400675E-003
   66848.0817211893       9.206061339251141E-002 -7.882692506228112E-003
   66615.1223687450       9.148236750820656E-002 -8.138952851437748E-003
   39257.4522768154       9.101799474315564E-002 -7.483449492074883E-003
   15882.1681137528       9.145157530327461E-002 -7.022897432921453E-003
   13607.1934348751       9.188539606692678E-002 -6.561374691825766E-003
   8453.33668708621       9.231905972323380E-002 -6.100816182633857E-003
   29363.2623755996       9.206317869291333E-002 -5.520527793043863E-003
   8738.30236056082       9.180723135569764E-002 -4.939328596041292E-003
   97905.0214208248       9.155088185855591E-002 -4.359145858309241E-003
   144855.893318556      -1.675451088186206E-003  1.251395956643772E-002
   500754.570062736      -1.252092810468288E-003  1.202725327491782E-002
   264866.994192038      -8.299098160524113E-004  1.153827857888294E-002
   808918.078567116      -4.088383296887435E-004  1.104813741485478E-002
   468330.792402606       1.256587136983913E-005  1.055739374211284E-002
   810024.610992135       4.348673117833686E-004  1.104509101979035E-002
   473323.101987034       8.579192337181645E-004  1.153229637729673E-002
   27161.2984870329       1.278927800793208E-003  1.201923552276628E-002
   699097.178186990       1.699545796598751E-003  1.250579436561703E-002
   16497.3219654901       2.530134151787261E-003  1.166117428019429E-002
   976831.393141797       2.033878399055072E-003  1.124877522830819E-002
   715375.466332276       1.536636778276955E-003  1.083814549667168E-002
   520020.428503934       1.039674784332825E-003  1.042697566964267E-002
   69680.8994490811       5.450943723769424E-004  1.001663877948271E-002
   53701.3037132771       1.030960929047014E-003  9.554022127846127E-003
   217695.448268566       1.518965825331213E-003  9.090675440812466E-003
   313325.615424685       2.006424753124812E-003  8.627162550495329E-003
   75772.1738436324       2.494121157900496E-003  8.162603738421844E-003
   572922.621422284       1.373549687379246E-003  8.004245390354044E-003
   195277.241592983       9.176983923769392E-004  8.497283682797126E-003
   355355.826960796       4.605558931318840E-004  8.990507101252763E-003
   334714.768282701       3.489095997093159E-006  9.482239430567837E-003
   376919.496240641      -4.837062849732941E-004  8.994104667515443E-003
   94044.0639579069      -9.698474927868583E-004  8.506071913011268E-003
   420927.493537194      -1.453324860212853E-003  8.017045051204805E-003
   216461.632019730      -2.509646974618482E-003  8.091930721826870E-003
   1157746.94002389      -2.015873383498475E-003  8.578472547387040E-003
   1275274.76901394      -1.520752686201679E-003  9.062414307879428E-003
   976546.027304000      -1.024247345070216E-003  9.542970794500918E-003
   56859.1933710209      -5.285120962277590E-004  1.002167905367778E-002
   971979.362995300      -1.014994495262535E-003  1.044048883134396E-002
   478823.027731593      -1.506166393407522E-003  1.085628240006192E-002
   123997.118952799      -1.998879478393129E-003  1.127237218984933E-002
   799871.575533694      -2.490533358633645E-003  1.168987129811624E-002
   623697.009109139       3.375857695584450E-003  1.249136916090758E-002
   256220.250219209       3.787054750567878E-003  1.197813954279142E-002
   223901.983875662       4.199654705404429E-003  1.146485379149281E-002
   1758818.46521047       4.614413383179139E-003  1.095005824079375E-002
   833823.316392919       5.028728208654183E-003  1.043205691876969E-002
   1972912.95298423       5.494925743705117E-003  1.093245139042591E-002
   542846.575226495       5.961153068680072E-003  1.143053286708992E-002
   703508.362888511       6.427766957472718E-003  1.192628385392920E-002
   1082516.21315987       6.892460465457148E-003  1.242252090251730E-002
   179572.794929052       7.582746731566457E-003  1.168070469680887E-002
   548352.075540207       7.052401413957181E-003  1.125331606044873E-002
   682499.158735860       6.522964482483605E-003  1.082563288811272E-002
   288125.696915878       5.994259848739360E-003  1.039839774184256E-002
   1267017.42055374       5.470997027647375E-003  9.967733298450120E-003
   364665.569740133       5.971314856013612E-003  9.523997931298454E-003
   310258.909464508       6.466660341007687E-003  9.078591746016794E-003
   396732.999925644       6.960955191779104E-003  8.635515895258850E-003
   440156.439760978       7.456769236870838E-003  8.194803377487511E-003
   106946.911763558       6.220660633018587E-003  7.947425876799830E-003
   135406.214122711       5.815904543199472E-003  8.476220023764174E-003
   895237.732917405       5.411824361854910E-003  9.004114901239193E-003
   968144.864633779       5.008064758108166E-003  9.527591879790506E-003
   887182.210970461       4.542750779226578E-003  9.022391795516071E-003
   31153.0974721277       4.077046816532645E-003  8.514791218289670E-003
   608999.717748042       3.611998017598930E-003  8.005792715848352E-003
   227768.769363129       3.010989855864649E-003  8.617636868571624E-003
   284321.861272672       3.527044853133217E-003  9.074248261775835E-003
   1068317.02475828       4.044375438570102E-003  9.532209735944265E-003
   333489.897525785       4.566685621722575E-003  9.986864857381053E-003
   659818.557138533       4.062461311096964E-003  1.040535038935853E-002
   510759.155915693       3.551843625661412E-003  1.082274789037221E-002
   878693.334707047       3.040510278345029E-003  1.124063112765800E-002
   477931.964898373       8.321989660037648E-003  1.236669829433238E-002
   997530.831471335       8.756634175890194E-003  1.194595225491846E-002
   1857056.63331885       9.191290293599703E-003  1.152280519609056E-002
   3069954.89015965       9.625517594348687E-003  1.109772591029807E-002
   868545.101018574       1.006082915010243E-002  1.067127226213998E-002
   2801427.27628916       1.051413530770097E-002  1.104943528983491E-002
   841171.792011449       1.096610500024337E-002  1.142601244444626E-002
   92444.0257513247       1.141693636466884E-002  1.179952932841058E-002
   125260.744610101       1.186613491389877E-002  1.217171025897506E-002
   235229.488814417       1.262099668112163E-002  1.131072974293776E-002
   888313.927575603       1.218429752851722E-002  1.091639736726268E-002
   113954.710300875       1.174903537177947E-002  1.052600721474771E-002
   1608981.83921024       1.131692524291411E-002  1.013589982579193E-002
   1431922.17547086       1.089243373888548E-002  9.741719453001872E-003
   297011.175283099       1.127694488144189E-002  9.233068257406734E-003
   979984.289224291       1.165335243085842E-002  8.720766335394496E-003
   343851.827306045       1.203001874730027E-002  8.207425364670702E-003
   176115.148583602       1.240486998011602E-002  7.694817112047216E-003
   176716.660923070       1.135764302959730E-002  7.614969230744557E-003
   407255.100193437       1.089727359611367E-002  8.051029001708660E-003
   311800.597388995       1.043592733590941E-002  8.482757364460717E-003
   2161415.11772857       9.976385583410749E-003  8.918040169087524E-003
   2049959.17690083       9.540623802171262E-003  8.532379679060792E-003
   1533158.10142643       9.104439088131687E-003  8.145226480528534E-003
   321784.472145854       8.668783241426939E-003  7.755073844030046E-003
   1167122.51043950       7.876220332846998E-003  8.603169439630668E-003
   134287.781410723       8.295008555342388E-003  9.014141943495561E-003
   407880.037608333       8.715535242889627E-003  9.425473430292904E-003
   799416.891136972       9.140922393609544E-003  9.833919419021373E-003
   407185.467013782       8.757400567365813E-003  1.029715320680343E-002
   686387.856594444       8.368039412796721E-003  1.075697799026691E-002
   1585885.13396038       7.975483623839806E-003  1.121724248542866E-002
   563992.564435685       1.347937513506730E-002  1.206428781711552E-002
   31090.6827201428       1.387640219973894E-002  1.161240412030902E-002
   1075532.45535449       1.427360637034066E-002  1.115931238625098E-002
   1654090.01145867       1.467340874162680E-002  1.070492812003916E-002
   641211.408724551       1.507183999458395E-002  1.024764583989878E-002
   1315848.67007981       1.556506070273996E-002  1.063960770662780E-002
   51744.1374626792       1.605697420857992E-002  1.103124529570062E-002
   804616.734632050       1.654730786537628E-002  1.142054748350476E-002
   602725.237414032       1.703724730302164E-002  1.180847513066607E-002
   522106.775096287       1.764957002854445E-002  1.109669199014462E-002
   530374.194085916       1.718555161302684E-002  1.067160152308717E-002
   254813.222988712       1.672136492527335E-002  1.025117287005159E-002
   1268295.26133339       1.625863965596438E-002  9.830396330630584E-003
   750459.191053182       1.580155628984979E-002  9.406057442213340E-003
   157966.871901388       1.620711592212467E-002  9.018275717916642E-003
   453390.894540436       1.660919983419424E-002  8.628538858866391E-003
   284807.939792976       1.701147344655456E-002  8.239526392241252E-003
   84398.2585915178       1.741423002847018E-002  7.852540864352282E-003
   198909.727087338       1.594575437185932E-002  7.317754302191495E-003
   75613.1119729420       1.561932190213641E-002  7.772564508603470E-003
   373590.533919354       1.529258045329542E-002  8.226564389173512E-003
   1129680.68621998       1.496816768485655E-002  8.682217428062621E-003
   1084462.52604009       1.445610744287184E-002  8.288164514908129E-003
   1146267.89293205       1.394535566171116E-002  7.893725203412553E-003
   451198.825869799       1.343346906691810E-002  7.499231614518196E-003
   1174481.94958126       1.286302481111269E-002  8.148669995366304E-003
   529239.305676616       1.332048455458602E-002  8.605800571425636E-003
   438400.739661600       1.377890319327565E-002  9.061460037501438E-003
   203132.418515560       1.423849601434400E-002  9.517617348165893E-003
   305545.075622001       1.383673884299559E-002  9.963822946239792E-003
   894585.458651729       1.343211933039065E-002  1.041109780135173E-002
   1806841.08192025       1.302579747287390E-002  1.085839653329891E-002
   530931.292249899       1.836053714547775E-002  1.170983553303150E-002
   654473.254486052       1.878444026575311E-002  1.120798240625919E-002
   140887.057107260       1.920829481452814E-002  1.070657191561321E-002
   473852.592491172       1.963417415808613E-002  1.020323341405078E-002
   189220.912716418       2.005926970922024E-002  9.697381859496689E-003
   348583.227205966       2.051026454147818E-002  1.013528443313408E-002
   47009.9980319560       2.096091686150994E-002  1.057195759249336E-002
   688200.291946943       2.141132433502331E-002  1.100745469349562E-002
   56681.5132083893       2.186106043065492E-002  1.144307632836937E-002
   622718.197396018       2.263694343927554E-002  1.053348913292910E-002
   498355.937141869       2.213236212470655E-002  1.015833336560058E-002
   44700.6460472527       2.162742828087851E-002  9.785164661167686E-003
   408360.088320864       2.112231729632869E-002  9.413585137061821E-003
   98372.0055151154       2.061918205415045E-002  9.041716779557585E-003
   495953.799399907       2.105567987931243E-002  8.555486877753119E-003
   158826.232066965       2.148927887221526E-002  8.067872035490089E-003
   557521.277949550       2.192165457723453E-002  7.580838117909137E-003
   478168.180261405       2.235458971915531E-002  7.093971658329619E-003
   180401.186504661       2.119042385073999E-002  6.961947740781921E-003
   527839.254885060       2.078208844978513E-002  7.469309671813794E-003
   401698.209152332       2.037351034458951E-002  7.976518320784625E-003
   945532.006650864       1.996551211687439E-002  8.483567274298491E-003
   868979.777749609       1.957541150135457E-002  8.038674013567018E-003
   321689.197370837       1.918422739747984E-002  7.594405755453721E-003
   218947.470945814       1.879272664498036E-002  7.150847312218619E-003
   650681.762048595       1.791293404310501E-002  8.171248014447557E-003
   342486.737059170       1.840916388345665E-002  8.493507779823084E-003
   55276.8922652652       1.890662733688626E-002  8.815436619281889E-003
   678550.481517017       1.940590989787886E-002  9.135803666562260E-003
   429278.367406122       1.896876859297190E-002  9.625404447853486E-003
   59936.1606017075       1.852904703262422E-002  1.011469390250638E-002
   602790.264898405       1.808904839135477E-002  1.060357501187521E-002
   123345.230197204       2.354821032232074E-002  1.130918491634118E-002
   66233.0971051037       2.393042012676443E-002  1.089943634249757E-002
   282016.941083396       2.431259128927936E-002  1.048860173847665E-002
   319371.965714501       2.469357252541485E-002  1.007747409114687E-002
   43042.5832508671       2.507429202660321E-002  9.666000150792704E-003
   199438.031067206       2.549208723057910E-002  1.000845676963430E-002
   37346.1139635682       2.590926979187591E-002  1.035173620401377E-002
   71712.9220816124       2.632668405576049E-002  1.069463403183898E-002
   245381.458396497       2.674445583411700E-002  1.103710548947205E-002
   455092.990919145       2.761281739582790E-002  1.000127117900009E-002
   154646.334111467       2.720310087874999E-002  9.649904845631128E-003
   179525.123441914       2.679332782316506E-002  9.298711040683317E-003
   337753.112500000       2.638354783621490E-002  8.947521373691777E-003
   368681.406355046       2.597482883377879E-002  8.595261106833394E-003
   173896.482456820       2.631492632653622E-002  8.132053820533953E-003
   81602.0591377700       2.665196521075376E-002  7.666631404305617E-003
   569840.685889971       2.698852536460448E-002  7.202886287865563E-003
   627236.557348665       2.732456424382630E-002  6.740193032288885E-003
   221986.787212796       2.608865956995118E-002  6.453163074131333E-003
   627208.571266754       2.569472824014395E-002  6.869021764930645E-003
   647369.007778310       2.529962638224646E-002  7.283595166093905E-003
   937899.945482351       2.490646198324668E-002  7.698130477957800E-003
   1148423.75217232       2.442940689395402E-002  7.358506448073210E-003
   634683.448776914       2.395155489290715E-002  7.019332394920624E-003
   396060.523659548       2.347375305408063E-002  6.678949722462430E-003
   594771.005774541       2.276619681130137E-002  7.510937087182981E-003
   268862.059268886       2.317827867335088E-002  7.929059936041143E-003
   205926.628413776       2.359105525270616E-002  8.347536607352784E-003
   258481.880187129       2.400640057905096E-002  8.764301473159052E-003
   287061.633887646       2.366485117865137E-002  9.206771057810167E-003
   248613.935609694       2.332255362192877E-002  9.648800299390598E-003
   87735.8995787739       2.297968436368536E-002  1.009141440895692E-002
   152713.393037662       2.864815688512267E-002  1.086638041185739E-002
   93871.8747811392       2.899750713857441E-002  1.042140985257999E-002
   391735.579817515       2.934536560456963E-002  9.975057256508123E-003
   588220.708600578       2.969343012848359E-002  9.528400149967435E-003
   77858.9256059728       3.004171622530069E-002  9.081584732502427E-003
   508008.178469829       3.052799233264910E-002  9.449016551439739E-003
   49366.1141621631       3.101337641293789E-002  9.818105610765165E-003
   299889.229833261       3.149873720992775E-002  1.018624041432781E-002
   532577.360433169       3.198549195807744E-002  1.055402693513895E-002
   433823.263008452       3.262097236588811E-002  9.777748626882177E-003
   411776.628113573       3.216667060113900E-002  9.373389047601530E-003
   192276.537656800       3.171326803779117E-002  8.968749449157945E-003
   502903.396773157       3.125960712811184E-002  8.562978232114694E-003
   781725.765953048       3.080786040912156E-002  8.155059834234890E-003
   173747.138492667       3.118233424072756E-002  7.721548613682921E-003
   83420.5125287402       3.155320061028540E-002  7.287978755845781E-003
   519114.845597973       3.192318770612455E-002  6.854382074423196E-003
   563922.351507551       3.229336382837716E-002  6.423479698501877E-003
   72538.0072259726       3.092690191753888E-002  6.042316767865517E-003
   486084.298962898       3.057858227323347E-002  6.494091247563522E-003
   738291.888757814       3.023152073534118E-002  6.944255078489685E-003
   1156946.27806724       2.988446307475192E-002  7.393725798503828E-003
   1350352.31907003       2.942171836479715E-002  7.021141883028179E-003
   651232.005962025       2.895725269811915E-002  6.648070251261710E-003
   196272.841608342       2.849335151776137E-002  6.273504133675916E-003
   838671.641576661       2.777166394721406E-002  7.132267223550544E-003
   378942.001258466       2.821894598141003E-002  7.526246287514980E-003
   234108.055432946       2.866735751400068E-002  7.921767474270664E-003
   107805.747685835       2.911881810119343E-002  8.314564530890613E-003
   100106.594980162       2.874330324567857E-002  8.736408146790837E-003
   59425.7728987267       2.836650638649506E-002  9.157677153960465E-003
   386166.237089600       2.798908249408596E-002  9.578707754715742E-003
   334673.683965925       3.339538440150575E-002  1.040966326967284E-002
   123620.007670660       3.379620177693994E-002  9.898611819042145E-003
   613659.521000804       3.419495885583928E-002  9.386389956883113E-003
   1069078.69909182       3.459499356791110E-002  8.873342498941030E-003
   211353.611062378       3.499525721644059E-002  8.359803896213613E-003
   957834.427856754       3.548282232228899E-002  8.776757507973732E-003
   39839.8487885452       3.596969481640259E-002  9.191722582330152E-003
   572983.236442035       3.645531377613973E-002  9.605453373945281E-003
   298429.354120252       3.693902651274200E-002  1.001941133597236E-002
   145183.984996801       3.761005213255170E-002  9.180488635320002E-003
   563924.621891961       3.709355994795028E-002  8.800473433942033E-003
   75668.4987166722       3.657671870942638E-002  8.423508149431009E-003
   814508.703611167       3.606104407002261E-002  8.047806442713912E-003
   627742.502215213       3.554962495319921E-002  7.670308649405595E-003
   393834.501870779       3.597408058195468E-002  7.209828385953437E-003
   238384.682994911       3.639479912457155E-002  6.748529437729074E-003
   11277.2874758890       3.681542019720511E-002  6.286850442344860E-003
   112924.817917839       3.723634857638018E-002  5.827018060793380E-003
   45959.1974783768       3.593666468295472E-002  5.583726107710984E-003
   183618.976427384       3.557905462577047E-002  6.095842454767363E-003
   181845.069931534       3.522206693303838E-002  6.606778288772156E-003
   1430597.22784203       3.486576055591813E-002  7.118671987361748E-003
   1135800.81040385       3.443206231536721E-002  6.692225584062995E-003
   510591.649120155       3.399880073052206E-002  6.263186135088758E-003
   199621.343702874       3.356297365614819E-002  5.833687883137260E-003
   1198569.50070224       3.279672671875675E-002  6.765449820266747E-003
   691074.037208846       3.329924604250207E-002  7.111373512952089E-003
   204088.159214151       3.380265248486952E-002  7.457099880336483E-003
   441023.747931937       3.430889127643485E-002  7.803405670048603E-003
   73874.2366128949       3.388883120786498E-002  8.297495666518835E-003
   402057.197099378       3.346629604161892E-002  8.790584466927478E-003
   852201.757966007       3.304292963707996E-002  9.282641859859875E-003
   546071.173324154       3.844718289684248E-002  9.851262618511721E-003
   50250.5267476585       3.883480563259828E-002  9.383375104851273E-003
   743918.064477712       3.922253000334778E-002  8.914968067524537E-003
   1136248.37099453       3.961049999470314E-002  8.444175120935812E-003
   388423.000772521       3.999772933729033E-002  7.972198989476027E-003
   905780.014367987       4.055083438403899E-002  8.330852328743931E-003
   128910.950581226       4.110378025173368E-002  8.690019786312708E-003
   385033.102011179       4.165690612977713E-002  9.045605419464064E-003
   448791.132928368       4.220819982971229E-002  9.400804462147279E-003
   521279.231841377       4.263144555882553E-002  8.854575233608140E-003
   118494.707269467       4.214591754773036E-002  8.411117968353929E-003
   394785.054630477       4.166213106256036E-002  7.968042292414001E-003
   961332.374659513       4.117891426104110E-002  7.524503149124361E-003
   670713.007894843       4.070056685157603E-002  7.077530187842916E-003
   254292.641928874       4.107126774639572E-002  6.593968222477332E-003
   434443.623812604       4.143875202564874E-002  6.109130898529779E-003
   67044.4119755955       4.180423471291290E-002  5.623602949019651E-003
   331999.681081300       4.216949862208090E-002  5.137981164924937E-003
   233877.608687128       4.093729463961780E-002  4.955220408099309E-003
   625215.799433942       4.056196869384831E-002  5.430988065804042E-003
   499359.323958208       4.018659729864173E-002  5.905698402613051E-003
   1161024.48588270       3.981083074824753E-002  6.379508724672118E-003
   1190966.35085631       3.935584783829810E-002  6.005669514164909E-003
   692609.383554914       3.890099095722192E-002  5.631344009776842E-003
   265797.538075648       3.844527397160667E-002  5.257314130572678E-003
   645490.153585186       3.770446501567921E-002  6.186075179748467E-003
   300381.641351704       3.817105456323656E-002  6.547913725059451E-003
   98205.5886410307       3.863911477198539E-002  6.908300894335400E-003
   490731.514744001       3.910862563700495E-002  7.267750992185321E-003
   333582.549864009       3.873720643862032E-002  7.745587245982805E-003
   86499.0747247933       3.836209848419272E-002  8.223002141778547E-003
   746965.980184023       3.798626133745675E-002  8.700500034654409E-003
   343286.987052740       4.317678039166217E-002  9.277893916954449E-003
   120011.806706487       4.361376067569939E-002  8.721773895535398E-003
   382137.288957055       4.405150080528888E-002  8.164795443533627E-003
   477827.514607425       4.448904549527556E-002  7.606890309448430E-003
   113420.413732950       4.492526960218338E-002  7.047276271782224E-003
   234581.554371938       4.545783133323263E-002  7.477473072400310E-003
   232411.661751471       4.598937622840338E-002  7.908433267637932E-003
   42328.9453955965       4.652277302942980E-002  8.338315800703313E-003
   242450.427554042       4.705565489474834E-002  8.767887635809078E-003
   519461.494787087       4.758390061921118E-002  8.070852616254532E-003
   501236.024123768       4.702781476767486E-002  7.673849260623826E-003
   380078.835935372       4.647230238459884E-002  7.274822197980884E-003
   675806.993042905       4.591712922077650E-002  6.876351661779596E-003
   777301.792445767       4.536313101200885E-002  6.475354800023791E-003
   278147.750847941       4.579432650302585E-002  5.946967115971169E-003
   360142.300848766       4.621905677056927E-002  5.416707115275891E-003
   741605.833740207       4.664306301721778E-002  4.889554304349191E-003
   423527.610104457       4.706975128017857E-002  4.367105881546931E-003
   322777.344765601       4.593965761645991E-002  4.364426848191421E-003
   222622.165500616       4.555676555753786E-002  4.925658123603765E-003
   820711.926418058       4.517471130724213E-002  5.485337877695434E-003
   1373143.87041093       4.479311422090484E-002  6.041195009165608E-003
   1355236.50505723       4.430471460593628E-002  5.602307063105050E-003
   422101.855719920       4.381616860515555E-002  5.161074017610549E-003
   501656.050558481       4.332441204986311E-002  4.719705835196761E-003
   1478224.16269976       4.271610932201410E-002  5.502265088217219E-003
   836290.360499759       4.326091578350785E-002  5.871222817326181E-003
   138577.820614853       4.380626204047186E-002  6.240599029491162E-003
   282997.315219903       4.435558501219700E-002  6.609728921649029E-003
   122384.161374338       4.392657395763189E-002  7.171600838592690E-003
   6952.64609062307       4.349560899475529E-002  7.732700485375094E-003
   378267.861704270       4.306339091588124E-002  8.293508671428911E-003
   212480.646688896       4.827909255654907E-002  8.596304684096053E-003
   444635.029399994       4.868615264598036E-002  8.095470796844591E-003
   686832.417762192       4.909232326533774E-002  7.593363801287547E-003
   986417.438021720       4.949692194572251E-002  7.090874072032715E-003
   230750.267083305       4.990316775860729E-002  6.589061644967508E-003
   919056.126369244       5.039231214411866E-002  6.960549629543433E-003
   215913.999699111       5.088072848401430E-002  7.331526849815994E-003
   154922.622772795       5.136980263705181E-002  7.701124878983838E-003
   127986.216036153       5.185625675255739E-002  8.071436772345165E-003
   410595.164971308       5.252310537329166E-002  7.172553211692171E-003
   381921.531688474       5.202417152050329E-002  6.815215744975261E-003
   236235.155538956       5.152570452071750E-002  6.457540486277494E-003
   345069.640054153       5.102799920751485E-002  6.101624474335096E-003
   582355.441578766       5.053293124841928E-002  5.744074427931361E-003
   154233.511146956       5.090422151319138E-002  5.234286949768123E-003
   249193.832492140       5.127367353345531E-002  4.722743458582637E-003
   319663.710586555       5.164317713514353E-002  4.212331225481003E-003
   281881.118948034       5.201336671183032E-002  3.702894501297752E-003
   177859.682746850       5.084210342018467E-002  3.615130077993953E-003
   171941.744785662       5.045872819787368E-002  4.115306588097145E-003
   272309.353717675       5.007438352177103E-002  4.615221351269757E-003
   617192.310075362       4.969189132757230E-002  5.115531279980801E-003
   571797.979994857       4.917733938268393E-002  4.745729798365730E-003
   438521.105588498       4.866266985419448E-002  4.373140224513733E-003
   26278.4582262901       4.814858917783369E-002  3.999158232390700E-003
   319147.934326449       4.756557269305444E-002  4.763760466059787E-003
   118660.112263286       4.806188851686296E-002  5.161769898274450E-003
   326343.329867241       4.855996150167391E-002  5.560455799283145E-003
   799588.957934624       4.905958384286221E-002  5.957450570292796E-003
   120125.754461441       4.869251435778390E-002  6.487235329523260E-003
   276631.270535594       4.832316160952393E-002  7.014836426816764E-003
   500335.578184568       4.795341604925264E-002  7.543019844599647E-003
   230574.629793390       5.342020652072053E-002  7.839574569594027E-003
   213670.606034276       5.378813380133292E-002  7.401020307189654E-003
   576600.568881008       5.415784227160888E-002  6.961703396414071E-003
   930990.481125839       5.452659606032931E-002  6.520589884167044E-003
   415479.785945105       5.489553280053595E-002  6.079659508210327E-003
   787507.461616627       5.533268708424049E-002  6.399492542933717E-003
   319477.076909374       5.576838341225673E-002  6.719906014556463E-003
   85602.8123731603       5.620436925352709E-002  7.038355001355745E-003
   207370.026227710       5.663973977198480E-002  7.356203797927719E-003
   162176.918339418       5.745459636806819E-002  6.248175958358063E-003
   475868.072649105       5.701815813327936E-002  5.928339017207817E-003
   122556.785508569       5.658188422485563E-002  5.609877171979143E-003
   327128.648855378       5.614557973930064E-002  5.292931431805759E-003
   65236.3933166297       5.571199202761559E-002  4.973920480742778E-003
   218371.926699591       5.602831368392215E-002  4.497894601522489E-003
   261000.115653228       5.634523402734787E-002  4.020921413513762E-003
   375480.585588421       5.666215593421459E-002  3.544912014147401E-003
   219729.578641319       5.697858606114226E-002  3.066746266987695E-003
   132711.681865338       5.570754797976797E-002  2.835487392646452E-003
   253283.127629298       5.534231639691621E-002  3.275068873851706E-003
   619926.488316726       5.497563594643307E-002  3.716037848991183E-003
   102987.831671275       5.461000966524007E-002  4.157700961713239E-003
   88774.5849870407       5.410725320540883E-002  3.846744898790806E-003
   127331.695077340       5.360364528044392E-002  3.535219409593754E-003
   211414.442872078       5.310156340033161E-002  3.224864364250897E-003
   186270.043033929       5.245823849002422E-002  4.092962976778150E-003
   88771.5139593608       5.290283045843780E-002  4.482477708748719E-003
   105068.265589770       5.334839751399068E-002  4.872283383392332E-003
   31601.5521413621       5.379226388128099E-002  5.261391799007238E-003
   94409.0241913147       5.347689620478522E-002  5.738502477142587E-003
   276962.560885462       5.315876328377205E-002  6.215478406763235E-003
   675789.095507429       5.284100006528020E-002  6.693833487635168E-003
   332141.509329889       5.856203819328143E-002  7.063759538360863E-003
   377325.701807150       5.886268570827718E-002  6.497302459689758E-003
   68890.7743378647       5.916452391789976E-002  5.931068893912357E-003
   356049.935560445       5.946723978929962E-002  5.365968179388734E-003
   318897.959298559       5.977117846674846E-002  4.797541199268528E-003
   383499.564471146       6.028203216648759E-002  5.240682736143801E-003
   137201.343912389       6.079236209126278E-002  5.681666493610681E-003
   306747.693303977       6.130210076301521E-002  6.123461771412836E-003
   151516.882383461       6.181098812432977E-002  6.565749276073256E-003
   138334.443766666       6.244505715963503E-002  5.698110404290779E-003
   185784.256991169       6.186651370913179E-002  5.348004936417130E-003
   34762.2436537899       6.128765255503774E-002  4.999372620943203E-003
   447474.305060583       6.071011086486187E-002  4.651471184229924E-003
   159254.588908632       6.013384814863900E-002  4.302927658726710E-003
   107822.957869384       6.057593093275276E-002  3.772781395746421E-003
   177072.600869931       6.101545319911057E-002  3.242054213654438E-003
   36169.6090887454       6.145566332473278E-002  2.711144052948548E-003
   45511.4973143590       6.189542166718704E-002  2.180021845880948E-003
   21466.4514328926       6.075254913680205E-002  2.199115749553448E-003
   113758.142054676       6.038244150657295E-002  2.780604368726014E-003
   68920.3670501018       6.001166570558869E-002  3.360535285425505E-003
   379256.549230227       5.964082457567432E-002  3.941155606904688E-003
   347311.642916215       5.914190174585322E-002  3.495212216274368E-003
   317402.428320886       5.864324486750857E-002  3.050976477017898E-003
   180073.411408708       5.814586375339561E-002  2.605270558855569E-003
   216037.639552735       5.755418872694045E-002  3.409380871191187E-003
   108097.005232944       5.812926146530821E-002  3.751332797479425E-003
   206041.261900323       5.870355170262381E-002  4.093371981599215E-003
   517203.482600791       5.927859420769388E-002  4.434396375432829E-003
   214713.811582195       5.882302301249442E-002  4.886067712173526E-003
   517311.352888343       5.836685621747730E-002  5.337865875096235E-003
   738513.369000115       5.791007126755435E-002  5.792148548933923E-003
   166481.885220415       6.331184622942237E-002  6.331754840968542E-003
   105263.169624012       6.368169389637936E-002  5.873245224555968E-003
   376731.086939008       6.405130783115941E-002  5.414963482106724E-003
   530169.741614940       6.442073771867753E-002  4.955159906953710E-003
   177298.758937536       6.479003157922139E-002  4.494894156078456E-003
   394718.638214375       6.527832459502970E-002  4.818230729361950E-003
   82692.1108779355       6.576600791833795E-002  5.142332963238488E-003
   52313.8413847190       6.625455580626120E-002  5.464816446198842E-003
   104654.040109709       6.674241715727100E-002  5.787952460312285E-003
   218219.151732870       6.738757256149383E-002  4.895822434362291E-003
   116995.869177569       6.692735862608874E-002  4.534005000751829E-003
   24469.2628530589       6.646791164862949E-002  4.171604589195929E-003
   229370.646922528       6.600775818588372E-002  3.810443936743506E-003
   384611.342340210       6.554885480472741E-002  3.448089632587398E-003
   151792.896810428       6.586895312687834E-002  2.931949020574568E-003
   60951.9615397125       6.618732342039603E-002  2.415280864456452E-003
   176084.747482023       6.650411958982402E-002  1.899070529856946E-003
   138127.888067327       6.682175651288755E-002  1.382730505326267E-003
   62619.4669916616       6.566741630905996E-002  1.296978528417620E-003
   240283.929428352       6.527947550420475E-002  1.761861354023757E-003
   325892.147939049       6.489163001810601E-002  2.226868888615218E-003
   443483.752858597       6.450393792567186E-002  2.691477529953028E-003
   500927.920181325       6.399290256917922E-002  2.370145759196971E-003
   277745.156180809       6.348153703587477E-002  2.048987389422266E-003
   55568.7947760217       6.297017978541096E-002  1.728375612866520E-003
   349512.554879776       6.235776048844213E-002  2.568202536146134E-003
   106514.936133227       6.281902862185693E-002  2.957594096867419E-003
   100401.959688127       6.328169353487138E-002  3.346859235945827E-003
   133237.528969662       6.374551200794185E-002  3.735251013358440E-003
   141920.770749183       6.342127345682289E-002  4.226041378741873E-003
   21990.8176440641       6.309589280210762E-002  4.716502385702644E-003
   276128.159960155       6.277083995030285E-002  5.206804812449259E-003
   58860.8144977237       6.828027528829637E-002  5.540553558129247E-003
   97043.4558143720       6.863682357314679E-002  5.048289596348720E-003
   124435.872720373       6.899378734625899E-002  4.554633966254392E-003
   209280.281646183       6.934973023404387E-002  4.061973994471497E-003
   32678.6804031881       6.970588395686304E-002  3.569540736296515E-003
   209356.195988218       7.019608816469268E-002  3.923930148075718E-003
   57398.9776847719       7.068614388875705E-002  4.278442099794582E-003
   83777.6110252773       7.117649946884579E-002  4.633573548515206E-003
   131151.296522408       7.166658328011032E-002  4.987698009761916E-003
   36727.0694368944       7.232268211106220E-002  4.072762664200574E-003
   30908.6585543680       7.183009683188497E-002  3.722321960192533E-003
   28555.4801082099       7.133674999733432E-002  3.371873723435772E-003
   134613.027811604       7.084448572598133E-002  3.021273767681031E-003
   226814.659378018       7.035281317723936E-002  2.670089178979368E-003
   85733.6454736788       7.070218303179918E-002  2.145253811136541E-003
   52924.9496504387       7.105055534800954E-002  1.621028817516243E-003
   113265.145736492       7.139947589973406E-002  1.095865417194294E-003
   73983.8791096898       7.174732042720920E-002  5.712976261063379E-004
   34184.9333124520       7.060732982735650E-002  5.284900702381794E-004
   122553.634058680       7.022283979616176E-002  1.028135702058030E-003
   152361.814448612       6.983906878109873E-002  1.526099307642630E-003
   317965.004090640       6.945440906071042E-002  2.023987660301672E-003
   347701.215251759       6.893493024254541E-002  1.673580586536835E-003
   179453.525573109       6.841548461916441E-002  1.322467719431652E-003
   27530.8900181561       6.789569904305381E-002  9.698184248890587E-004
   197235.643308437       6.731726519261835E-002  1.767984925221223E-003
   39268.5576959384       6.781381968885664E-002  2.152715631228761E-003
   129752.139412171       6.830992001232973E-002  2.537651605829415E-003
   153389.783103121       6.880695362909786E-002  2.922046402356414E-003
   50329.7265046694       6.845277520528961E-002  3.415509283368414E-003
   13992.1453220087       6.809803289470436E-002  3.908616257421295E-003
   37332.7776184087       6.774236781804346E-002  4.402763516418883E-003
   59084.0858626798       7.323728108229566E-002  4.728022536930498E-003
   87908.5184236584       7.359287194039764E-002  4.263984441299998E-003
   184410.756814996       7.394810959273292E-002  3.798725253160473E-003
   204727.746438787       7.430358307401096E-002  3.334378349797060E-003
   53989.5042361258       7.465882271545739E-002  2.868891493852842E-003
   131682.783930183       7.514914957290447E-002  3.193408414266279E-003
   67076.9474445541       7.563800066995960E-002  3.517355086871825E-003
   68767.6450032989       7.612798276664064E-002  3.841805106660042E-003
   44419.9718022784       7.661640057299909E-002  4.165631134308411E-003
   57788.1493758168       7.725984985322422E-002  3.265679676300395E-003
   12840.1164188715       7.679465038490273E-002  2.908451915593243E-003
   36055.7333154045       7.632849763617296E-002  2.550437302294364E-003
   164807.826591926       7.586352944386671E-002  2.193475852895938E-003
   157928.795181187       7.539804208419322E-002  1.835170246064543E-003
   72340.2284021531       7.572509245918062E-002  1.353018209603894E-003
   132771.982719785       7.605016910305352E-002  8.696234040069580E-004
   42045.7981673094       7.637646054825409E-002  3.871775421581628E-004
   34943.0918938645       7.670148077501572E-002 -9.521555684287308E-005
   74715.9856087635       7.541777063660630E-002 -2.973622833027188E-004
   21098.6644057395       7.506753928454728E-002  1.677925980732853E-004
   62797.9541058247       7.471592209436789E-002  6.318312026567206E-004
   219439.636731770       7.436590672203244E-002  1.096989011656778E-003
   240180.418150034       7.384633339324362E-002  7.767982746653135E-004
   232980.836007109       7.332805475950444E-002  4.570313676566396E-004
   156858.479070227       7.280861543758776E-002  1.362250817757826E-004
   153856.465100014       7.221628773277365E-002  9.611478714747412E-004
   63741.6352466352       7.268638841404830E-002  1.351058952414008E-003
   29104.7173274460       7.315565084692739E-002  1.740039126246085E-003
   50899.3627237653       7.362632920345051E-002  2.129722174271599E-003
   69635.2087519033       7.330010898187722E-002  2.615482122084281E-003
   102147.186771540       7.297467759929961E-002  3.101072784692815E-003
   190760.392542208       7.264807732783211E-002  3.586827808785163E-003
   46867.7790490941       7.815906563287635E-002  3.908500441179243E-003
   143328.369782765       7.850763026637823E-002  3.386104558747518E-003
   231781.019628621       7.885696208775392E-002  2.863290484258225E-003
   281745.250628190       7.920526775855043E-002  2.340451007965304E-003
   79987.2425769815       7.955439067873987E-002  1.817167950118681E-003
   207727.592707233       8.010070432727986E-002  2.188962100228840E-003
   58740.3698503732       8.064694118408207E-002  2.560391807168464E-003
   81857.9797046134       8.119316608939722E-002  2.931184671159687E-003
   190603.185208925       8.173872694375740E-002  3.302172865311006E-003
   115595.388154076       8.222664048162515E-002  2.614283818012746E-003
   64068.1583326375       8.169495531771263E-002  2.222445371312000E-003
   102763.172144720       8.116358110705420E-002  1.830772661106966E-003
   296130.385388918       8.063254147886691E-002  1.439209152464489E-003
   147986.945459198       8.010256464527814E-002  1.046804425117367E-003
   86046.7015579102       8.047402962636356E-002  4.893976740331964E-004
   179201.531536452       8.084478958506379E-002 -6.837663866201757E-005
   144473.889609438       8.121560700376200E-002 -6.261157817481766E-004
   134486.047269943       8.158639804735995E-002 -1.183823161396627E-003
   149885.469985545       8.054971162024616E-002 -1.099888708377463E-003
   110243.220330772       8.014440263014332E-002 -5.667761820560176E-004
   197630.482798119       7.973895038371544E-002 -3.387978461348411E-005
   221157.952214922       7.933389437142091E-002  4.993384973593397E-004
   171741.996852689       7.884275162882393E-002  1.176644752620467E-004
   185122.378830036       7.835074654265765E-002 -2.644326023837542E-004
   50366.4066528918       7.785947992688920E-002 -6.467027092866683E-004
   247294.252134679       7.722237231010798E-002  2.451241101663997E-004
   113618.198950595       7.774303542084149E-002  5.861191454999120E-004
   118882.640307973       7.826412844227340E-002  9.279873179450764E-004
   81607.4572825368       7.878523436661310E-002  1.268916876828095E-003
   92904.2277578944       7.840436249018376E-002  1.768703590967511E-003
   127238.027668549       7.802293279468453E-002  2.267354615175117E-003
   189754.187263139       7.764142506142405E-002  2.766911603212574E-003
   150247.885812151       8.291333444561158E-002  3.102043588712406E-003
   68005.4359539255       8.330868117865220E-002  2.582802780773788E-003
   189153.922742980       8.370445782857310E-002  2.063333006653975E-003
   272418.112186749       8.410051538729124E-002  1.543538132976594E-003
   124220.625954942       8.449622362329300E-002  1.023038564110896E-003
   168144.962377105       8.497415116525771E-002  1.394820435896763E-003
   26962.4573134231       8.545281909625553E-002  1.766089492781876E-003
   128219.306623648       8.593017871310825E-002  2.137348380791451E-003
   161522.981810445       8.640805103819718E-002  2.508578778576633E-003
   65140.7785816379       8.711669106091786E-002  1.509653829078278E-003
   138053.115184283       8.660689541043905E-002  1.181561988949498E-003
   39756.4816355840       8.609727219315125E-002  8.550353899120979E-004
   135034.066300281       8.558770613089596E-002  5.278518757772764E-004
   32183.2770057667       8.507903280250494E-002  2.014307027966220E-004
   93971.0602887200       8.544169636195577E-002 -3.360660761322579E-004
   91431.9434473294       8.580424963538039E-002 -8.747220725398887E-004
   125189.785707443       8.616728657244027E-002 -1.412482051239755E-003
   99856.7955452374       8.653012538099605E-002 -1.950732294852472E-003
   40656.3930861902       8.542755328160094E-002 -1.938888951163968E-003
   81234.2773327185       8.503818343645925E-002 -1.420061473317890E-003
   223071.684132058       8.464763627218386E-002 -9.009244642073366E-004
   61279.1368700541       8.425856007992369E-002 -3.812851317732055E-004
   21056.3638070671       8.370257057150343E-002 -7.400807660999497E-004
   108399.612629752       8.314664567391707E-002 -1.098649857244808E-003
   107407.766662307       8.259086757441343E-002 -1.457046374117588E-003
   40503.3012154802       8.210886121276040E-002 -7.776544868978597E-004
   45117.5872504044       8.263124268333547E-002 -3.717006859680211E-004
   114615.600816750       8.315354332013690E-002  3.403847072477525E-005
   79247.7896656869       8.367554809732537E-002  4.399274687100357E-004
   21882.7547873927       8.331388824834381E-002  9.831357614938311E-004
   104941.253647287       8.295158373037802E-002  1.526354826899969E-003
   337667.974540483       8.258886590848388E-002  2.069807307636978E-003
   112958.744636161       8.811500068405501E-002  2.218603974618500E-003
   72335.1881144740       8.844081515612465E-002  1.692391577694428E-003
   68367.7618358497       8.876608147974088E-002  1.167250211187854E-003
   143825.066170206       8.909250961803271E-002  6.408274533625941E-004
   97497.8978803598       8.941795320018582E-002  1.149594337517962E-004
   145684.156062975       9.001696575505226E-002  4.834435639578197E-004
   11607.0859535420       9.061636718281386E-002  8.522174235574623E-004
   53570.9714898659       9.121567431878019E-002  1.219278445543424E-003
   188550.740189467       9.181448502778893E-002  1.587321414165069E-003
   90900.9876828958       9.213137193281080E-002  1.139050497461058E-003
   33685.9758550200       9.158319802928877E-002  6.979725012730472E-004
   91640.0486430746       9.103631163744834E-002  2.570265218431074E-004
   193071.329039296       9.048894587485759E-002 -1.839624030683679E-004
   61590.7045338276       8.994337031986376E-002 -6.258611585862311E-004
   51197.0253106281       9.031260923611260E-002 -1.224689783846409E-003
   70518.4163205013       9.068293030277498E-002 -1.824667989577842E-003
   127295.039502922       9.105272479251979E-002 -2.423602814604121E-003
   93431.7111741032       9.142319319682540E-002 -3.023408941959830E-003
   40777.4814482257       9.053756297732134E-002 -2.789946570193854E-003
   84077.7644498064       9.009299274939493E-002 -2.244374241899128E-003
   168335.954127913       8.964750822725218E-002 -1.697461557787329E-003
   25485.5962386111       8.920322026055356E-002 -1.151219668057183E-003
   32731.2163432560       8.866170704434581E-002 -1.529569457604834E-003
   54020.8203021058       8.811903435383163E-002 -1.908225319629052E-003
   112082.027622204       8.757775040857006E-002 -2.285896465977103E-003
   32398.9571388044       8.706776036080788E-002 -1.565630594835415E-003
   35035.0860100451       8.760438013962098E-002 -1.180802801785372E-003
   117195.290084124       8.814194242930257E-002 -7.953696309465734E-004
   132965.535702773       8.867791079087316E-002 -4.106071106387034E-004
   43949.3594317082       8.828824386836022E-002  6.846681918204825E-005
   109263.505401671       8.789744869287627E-002  5.489058769352941E-004
   221624.618503177       8.750732153283942E-002  1.028435657383106E-003
   181690.549230142       9.257879860635143E-002  1.456051433678955E-003
   80087.3085392217       9.303261160985951E-002  9.728162751556739E-004
   239466.947828116       9.348693030603358E-002  4.879308580635778E-004
   322696.634627010       9.394122222054940E-002  3.284770229192158E-006
   131029.582709646       9.439505017467041E-002 -4.820000384326197E-004
   267761.814215697       9.493426583742740E-002 -1.668206600277458E-004
   160814.174915714       9.547358145759931E-002  1.474197722951803E-004
   224505.906267232       9.601265473116805E-002  4.621285196028408E-004
   184678.551759107       9.655186333291516E-002  7.752317852763747E-004
   138273.357911466       9.703384730926778E-002  9.312135576575696E-005
   307902.785486078       9.655550424790869E-002 -3.096448537835885E-004
   44506.4919975816       9.607639328681833E-002 -7.098247513483286E-004
   177117.860435789       9.559901401020518E-002 -1.110243714695857E-003
   85221.0742592304       9.512245998735649E-002 -1.511065873535923E-003
   167864.236813372       9.545210609672961E-002 -1.970234344964544E-003
   49544.6438556352       9.578141515180467E-002 -2.430735029596485E-003
   43231.1585063563       9.611224637600613E-002 -2.890436889418145E-003
   7624.78911224641       9.644183622989949E-002 -3.350448200525354E-003
   36363.8259548398       9.507051277012049E-002 -3.629383089210242E-003
   28872.7867792566       9.474566258800693E-002 -3.165558680300103E-003
   197274.959625271       9.441938621640344E-002 -2.702478937444288E-003
   69032.5236418829       9.409463538595349E-002 -2.238856395994065E-003
   13318.9577358681       9.350527059620588E-002 -2.545857010529741E-003
   13465.2175928885       9.291479456226133E-002 -2.852246211088519E-003
   82982.6875893373       9.232517736336107E-002 -3.159470082748564E-003
   10060.8554329631       9.190907227858468E-002 -2.570283142977988E-003
   66316.7281531948       9.239575912796086E-002 -2.117565162833034E-003
   83130.9148047606       9.288137397641134E-002 -1.663578566516360E-003
   106081.555437973       9.336665613783006E-002 -1.210436812929877E-003
   170663.233494412       9.305924480838830E-002 -6.231746492247735E-004
   59814.8540733643       9.275084107042141E-002 -3.623709076036423E-005
   273949.162509969       9.244060148555042E-002  5.508546456484218E-004
   134966.139025710      -1.938679120506414E-003  1.749576704266886E-002
   363684.761337735      -1.445870083337272E-003  1.705043081150464E-002
   1681036.11997916      -9.524171401594132E-004  1.660305913466890E-002
   3139408.38483727      -4.579298474946131E-004  1.615191114876676E-002
   1438333.82936895       3.533875605469160E-005  1.569827103856819E-002
   2861337.65803422       4.582441208857676E-004  1.614330741010207E-002
   744750.749433218       8.798898305559812E-004  1.658262627165114E-002
   573010.420954185       1.298262974420433E-003  1.701857109291960E-002
   228122.620937699       1.708549389936501E-003  1.745829497100439E-002
   2883157.60838429       2.578498396525559E-003  1.655906389212561E-002
   2004768.23670669       2.110067173140201E-003  1.616409984886918E-002
   1629037.14640174       1.644051779329797E-003  1.577172442002965E-002
   176913.013374175       1.179516620549062E-003  1.538268593925223E-002
   72998.7837509074       7.225349584643907E-004  1.499270484286652E-002
   149568.310115809       1.173478186186844E-003  1.458348842806950E-002
   1233858.15136966       1.629826275952176E-003  1.417291263493200E-002
   3305372.70091817       2.087381545124299E-003  1.375923554266800E-002
   2310900.86680450       2.546928296277567E-003  1.334385597485604E-002
   862594.000793930       1.289133703351118E-003  1.295468538330046E-002
   989108.478538939       8.695565915264543E-004  1.339969905906466E-002
   2234427.61007748       4.465632212468670E-004  1.384734088697567E-002
   1044261.45460323       2.420601325499361E-005  1.430080972461377E-002
   1702739.39337257      -4.052118335998856E-004  1.385425025396407E-002
   337857.132255661      -8.307508990423616E-004  1.340736169517308E-002
   138723.289416866      -1.255231904706897E-003  1.296117027032818E-002
   2055261.41544234      -2.496410380987618E-003  1.333476781754055E-002
   1982019.97597159      -2.039535339327382E-003  1.375555966649874E-002
   1550906.53757174      -1.581262901620644E-003  1.417367630307145E-002
   496249.514845763      -1.122589653067008E-003  1.458804081272017E-002
   1232525.45868505      -6.678520865624961E-004  1.500429830529179E-002
   612505.703869529      -1.115002722989619E-003  1.549023698707489E-002
   705381.403556975      -1.570676445222558E-003  1.597281189836550E-002
   1996142.35799940      -2.029602042439965E-003  1.645470257881603E-002
   2671618.01367747      -2.488158200115256E-003  1.694317815399589E-002
   2157598.15770353       3.465687544784864E-003  1.742790158573121E-002
   674701.487797394       3.868903826076247E-003  1.693850421230650E-002
   989251.139539482       4.279472512365773E-003  1.645213812690738E-002
   4925041.99243898       4.698230493988928E-003  1.596257685611902E-002
   3514001.54699016       5.122164976578417E-003  1.546491391710983E-002
   7056615.60841046       5.680780236970814E-003  1.594326257285332E-002
   2828997.60171290       6.247359554979116E-003  1.640117905507982E-002
   1830301.78687522       6.812927263164434E-003  1.684443890322241E-002
   1288882.40432825       7.361954403001171E-003  1.729329013833480E-002
   4367441.41091706       7.773911007618776E-003  1.682996164017691E-002
   3139805.18190230       7.224861366246992E-003  1.634776116232260E-002
   1429748.79857941       6.678732746026791E-003  1.587988994219109E-002
   2340829.90316156       6.142635585659848E-003  1.541186033836599E-002
   606395.894617584       5.633388728213892E-003  1.492787554317045E-002
   2516791.56546214       6.128581307348105E-003  1.448209366262990E-002
   3261285.88057959       6.632406857966614E-003  1.403579403201234E-002
   6037939.67551472       7.133682406654581E-003  1.358073338959219E-002
   4044278.77426370       7.634029193737180E-003  1.311895595083622E-002
   1145462.35796410       6.462216689588439E-003  1.292392810969168E-002
   1450124.12158870       6.015864479255994E-003  1.341658999110929E-002
   2876747.54975945       5.562935522628341E-003  1.391168581079160E-002
   2442668.66932876       5.106409575125702E-003  1.441337826173731E-002
   3313668.68276509       4.665581391748741E-003  1.392910192363164E-002
   167819.715496211       4.228153999427655E-003  1.345010254949643E-002
   176133.089026952       3.796894055470399E-003  1.297374989486501E-002
   3105290.80453531       3.060305848349928E-003  1.375159097888252E-002
   2813151.13195587       3.573848318809278E-003  1.415407235505155E-002
   446811.076435496       4.088999433393571E-003  1.455051167711965E-002
   1342957.71761800       4.594208039233552E-003  1.494679387255802E-002
   1114224.95599278       4.099053096761407E-003  1.534485007267364E-002
   3946121.41373968       3.590611139858870E-003  1.574178128414053E-002
   5052355.46356671       3.082960654864551E-003  1.614494619206950E-002
   2315055.48582205       8.228744347998519E-003  1.724942786845263E-002
   191462.285365684       8.732348675913236E-003  1.677997702654589E-002
   2696184.00257175       9.257152413093802E-003  1.631531464000803E-002
   5712915.49845567       9.784936793397946E-003  1.583776274054471E-002
   3300040.14470261       1.030451389706762E-002  1.534253554447926E-002
   5090310.26757493       1.085305110479085E-002  1.578246044656050E-002
   2146230.01747558       1.140502562390074E-002  1.620890316468192E-002
   749603.428183342       1.195378913601936E-002  1.662596054742589E-002
   1890944.54098507       1.248691382157491E-002  1.704709596561415E-002
   1851417.77967212       1.295164971128434E-002  1.651978697742282E-002
   4070534.69753505       1.242486365254806E-002  1.605251344344946E-002
   1128192.91937751       1.189725897284631E-002  1.560212127570237E-002
   1727990.45558795       1.137710356896174E-002  1.515570597303969E-002
   580487.585831490       1.087632562488440E-002  1.469990513993909E-002
   1288958.11964827       1.133169384860801E-002  1.426481911605539E-002
   2521798.06613862       1.179669807299570E-002  1.382772703822780E-002
   4336022.86892114       1.226087224976178E-002  1.338472566663068E-002
   2689392.72447280       1.272345958822411E-002  1.293282575906678E-002
   1096457.84957343       1.147137917204516E-002  1.266003149080414E-002
   795996.939130219       1.106663437648262E-002  1.314374470143418E-002
   2460064.93103507       1.065504318737949E-002  1.363052513866705E-002
   2460008.19243614       1.024165418451464E-002  1.412285614152697E-002
   3445465.69127642       9.752795499387689E-003  1.367802260779475E-002
   462763.430951270       9.266036075503784E-003  1.324148870286054E-002
   418468.447578614       8.785533975505454E-003  1.280901652834066E-002
   3450615.71885401       8.147574639833578E-003  1.353968973894605E-002
   2765083.23519818       8.659961834527479E-003  1.395276988046384E-002
   173069.133467826       9.171658595109050E-003  1.435719697747267E-002
   1199036.40185643       9.671347318150393E-003  1.476274906994115E-002
   1974960.21401753       9.219050311524981E-003  1.528002521198361E-002
   1114531.76566149       8.743655169568055E-003  1.578792228438083E-002
   4146579.59832357       8.258236687613548E-003  1.629815116636769E-002
   1329711.53543460       1.347647408459757E-002  1.699465697663890E-002
   449028.876785501       1.395636859608805E-002  1.655650329402274E-002
   1932573.18627089       1.444721759917301E-002  1.611684693167127E-002
   3276527.05654451       1.493599255702033E-002  1.566739230074725E-002
   1832568.12137509       1.541931631507136E-002  1.520733801495266E-002
   2130095.68625392       1.586579829208771E-002  1.560136473896813E-002
   692116.798850280       1.631073677055624E-002  1.599228740238316E-002
   449488.933826215       1.675403647679374E-002  1.638021498193248E-002
   451325.561063232       1.719269839209756E-002  1.676921877285866E-002
   954931.276495027       1.799290645814298E-002  1.584220089407147E-002
   2066029.49980865       1.753059703334484E-002  1.546632888894226E-002
   1011737.71966955       1.706878553208805E-002  1.509451065913183E-002
   300814.688460854       1.660801009863512E-002  1.472618121677012E-002
   655302.152983331       1.615282116987656E-002  1.435663055916770E-002
   474905.536306765       1.654656549464440E-002  1.387501909148173E-002
   342529.936409283       1.694563587704577E-002  1.339432854701981E-002
   1400855.54622257       1.734621547934971E-002  1.291274240627467E-002
   890254.958230165       1.774710531763924E-002  1.242472494518587E-002
   377137.964101551       1.660830578705378E-002  1.225893144132148E-002
   674459.200488774       1.617548337886364E-002  1.270880937596224E-002
   1471878.79138151       1.574015019985411E-002  1.316257768247098E-002
   1345495.04340085       1.530548785926284E-002  1.362049069821594E-002
   1665668.58224779       1.484548458051886E-002  1.322599258156752E-002
   503498.789657996       1.438441669406616E-002  1.283841008081689E-002
   361710.218310243       1.392753136817885E-002  1.245410699239540E-002
   1954098.47434955       1.319063548855573E-002  1.332153461762755E-002
   1297018.28655489       1.365440483788598E-002  1.370662805145312E-002
   203970.011575491       1.411708049283818E-002  1.408863915433827E-002
   1834139.62424505       1.457564652239650E-002  1.446833480248791E-002
   1955019.25240167       1.418261554957186E-002  1.498223079110784E-002
   453164.417579787       1.377864013060591E-002  1.549172804971962E-002
   1416187.32192059       1.336749299495103E-002  1.600243830531713E-002
   461041.019590484       1.891828703835734E-002  1.664477326580579E-002
   322739.369910625       1.929806030899511E-002  1.621970459254512E-002
   892212.024214840       1.968232409044565E-002  1.579367199306319E-002
   1979587.00452318       2.006763608439783E-002  1.536548039981272E-002
   1266547.28551487       2.045307261550353E-002  1.493353486180312E-002
   2105040.26614031       2.093879066061587E-002  1.530068587035675E-002
   911517.607257979       2.142410151132597E-002  1.566444680021625E-002
   237475.734703395       2.190785337777356E-002  1.602506468880146E-002
   53415.2723386473       2.238809008724430E-002  1.638513524384010E-002
   1008001.54107180       2.303403702781060E-002  1.562994047945541E-002
   1566879.42264055       2.258907410704257E-002  1.521378814256287E-002
   382202.457098405       2.214510936232576E-002  1.480346719850620E-002
   804448.446858928       2.170401667194429E-002  1.439455394462859E-002
   273493.972771300       2.126859044541796E-002  1.398334590498391E-002
   211831.432720088       2.164265700207007E-002  1.354586142591660E-002
   633920.371381705       2.201794562535931E-002  1.310723697704246E-002
   1306105.96663285       2.239425566878610E-002  1.266611294816838E-002
   817151.213851282       2.277042478356200E-002  1.222337735173534E-002
   366255.356902498       2.147987816557564E-002  1.187297883264642E-002
   303809.574386892       2.109460957820499E-002  1.230280361007388E-002
   1067055.67063899       2.070874200770189E-002  1.273353079507762E-002
   476281.892539785       2.032347851610807E-002  1.316724040830162E-002
   985917.730310353       1.983165687234029E-002  1.279853832859743E-002
   531228.573412006       1.933877511573881E-002  1.243426299906532E-002
   179848.881554661       1.884801222350024E-002  1.207217119498596E-002
   772267.754974781       1.819040028195308E-002  1.284955783130645E-002
   66698.7326405584       1.863225420357133E-002  1.327072271645115E-002
   541832.727270889       1.907173928760450E-002  1.369214216208149E-002
   805487.338156138       1.950863979952646E-002  1.411392261028819E-002
   249943.197881177       1.913380239048484E-002  1.454335442215704E-002
   854093.435046580       1.875463880300110E-002  1.497297287905896E-002
   2017353.49457051       1.837348936822420E-002  1.540574461649756E-002
   661637.934072711       2.378740889624108E-002  1.627801875935829E-002
   214401.170088192       2.420264586329877E-002  1.578155622816090E-002
   919933.682266638       2.462106918034037E-002  1.528440123870462E-002
   2191283.95488347       2.504082392590267E-002  1.478559252943890E-002
   1138784.66911719       2.545974983992793E-002  1.428119322201464E-002
   1794425.88649534       2.590044455863237E-002  1.471222037171844E-002
   266539.637358043       2.633841867095774E-002  1.514013662644729E-002
   109353.287093337       2.677623679770774E-002  1.556714460724674E-002
   140813.379415130       2.721098668693115E-002  1.599417853666922E-002
   538242.289735943       2.804782677597056E-002  1.498786113149091E-002
   956111.061433770       2.754191639584985E-002  1.463910704079451E-002
   636650.345414356       2.703543290766650E-002  1.429227625949559E-002
   590509.832917295       2.653098957408091E-002  1.394838407786103E-002
   376877.966871381       2.603104969414501E-002  1.360148027565787E-002
   530032.045776330       2.646837756585887E-002  1.318000640275085E-002
   1042037.97500527       2.690574524145300E-002  1.275734381552422E-002
   1545327.73925054       2.734383746768293E-002  1.233272089902479E-002
   959708.023270303       2.778084791999222E-002  1.190716705365296E-002
   321204.652920959       2.640089368032146E-002  1.153515273137635E-002
   227180.950636197       2.605401291504067E-002  1.203292951326584E-002
   862040.383088954       2.570538665953899E-002  1.253008242260696E-002
   299683.993482565       2.535624329087289E-002  1.303036919864982E-002
   653981.339555104       2.490187978252184E-002  1.259871760359846E-002
   108207.953373496       2.444872255848510E-002  1.216966258672204E-002
   149865.858612071       2.399594469915184E-002  1.174020429736934E-002
   744379.522442617       2.327448773800165E-002  1.259603696884702E-002
   689186.025261880       2.377919115826405E-002  1.296864313635247E-002
   52960.8292530362       2.428274616876067E-002  1.333801404820687E-002
   117024.436050228       2.478499211849718E-002  1.370710844491604E-002
   238155.180933522       2.435230775881355E-002  1.418672534878823E-002
   878958.723109042       2.391426152544224E-002  1.466489481855129E-002
   1582847.27514502       2.347337891552939E-002  1.514509655118076E-002
   1117372.64883065       2.904915933668386E-002  1.582200384279995E-002
   933600.761613910       2.940250802890056E-002  1.532884697049457E-002
   523986.518122033       2.975763890776889E-002  1.483468826501983E-002
   1713077.10202271       3.011562429466105E-002  1.433893483326248E-002
   1341338.58741721       3.047606180912623E-002  1.384019904001498E-002
   2782905.36838495       3.109240559418073E-002  1.425008422708852E-002
   1663082.89050708       3.171490413498032E-002  1.465255109975143E-002
   964389.732102589       3.234094988479869E-002  1.504275510534793E-002
   55935.3972407829       3.296099194673378E-002  1.542946393573654E-002
   786145.746257689       3.316775348346972E-002  1.517061804607333E-002
   733085.290200828       3.262696424140792E-002  1.466565059558640E-002
   533914.668745359       3.209260938246780E-002  1.416698878001084E-002
   1604322.89615937       3.156628445371532E-002  1.366156346262063E-002
   240065.160682904       3.105198108829582E-002  1.314747826160440E-002
   866924.249757636       3.147843923414467E-002  1.266068187066587E-002
   1217012.45011736       3.190765215698810E-002  1.217298455773038E-002
   2267752.32614304       3.233519876273139E-002  1.168353444772037E-002
   1524706.17306327       3.276223957744492E-002  1.119110300486889E-002
   366943.483034478       3.158541348569794E-002  1.105936342113094E-002
   546057.943734792       3.118045976412693E-002  1.156220774552929E-002
   1001001.69557129       3.077262846697510E-002  1.206666296166335E-002
   682356.502302467       3.036376165387757E-002  1.257178783616155E-002
   962152.944203768       2.993221384535280E-002  1.214414950026435E-002
   37082.9246015011       2.950185506681183E-002  1.171772745576241E-002
   171474.074092388       2.907301694034992E-002  1.129323932321576E-002
   785890.109074128       2.828421013033317E-002  1.224764450828097E-002
   682819.803768578       2.878671500623230E-002  1.258747036197196E-002
   168370.031555703       2.928980476743181E-002  1.292480847443389E-002
   99016.8382773340       2.978860363768942E-002  1.326236179898581E-002
   637932.455400911       2.935618447123577E-002  1.368994855506211E-002
   1615026.30172003       2.891852584600203E-002  1.411795529386642E-002
   2693150.50204647       2.848121670742908E-002  1.454964934735692E-002
   313893.868306393       3.342336717743538E-002  1.537995374863208E-002
   1000866.17827402       3.395281751850978E-002  1.489070159980577E-002
   2258905.44167992       3.448748014700965E-002  1.439564511322036E-002
   2779488.83384053       3.501717487503888E-002  1.389240355254456E-002
   1148831.09979192       3.553932317440046E-002  1.338217341589076E-002
   1799024.12552287       3.604014362240529E-002  1.377444742974031E-002
   561301.922709204       3.653962544070331E-002  1.416093132304166E-002
   869476.459761104       3.703693572454560E-002  1.454618184581766E-002
   740045.730390041       3.752888378909135E-002  1.493125912824946E-002
   807541.542872675       3.816712255855646E-002  1.412299922885983E-002
   1899413.89904428       3.766182695866072E-002  1.373629699319091E-002
   589192.613666827       3.715501255552103E-002  1.335669500810990E-002
   683460.906628612       3.665232755058732E-002  1.298029712852442E-002
   649235.918493309       3.615576038924161E-002  1.260139392130331E-002
   579808.405419920       3.655654703328500E-002  1.212710298359196E-002
   754243.594244507       3.696142876282797E-002  1.165215683932554E-002
   1714992.17984666       3.736956449591470E-002  1.117498534579083E-002
   1240685.35741904       3.777614954470040E-002  1.069384104462566E-002
   250750.328245975       3.655354724818172E-002  1.050696708509087E-002
   757886.913041391       3.616348910569515E-002  1.099549948040095E-002
   2017364.48050014       3.577136865472964E-002  1.148531270388928E-002
   626920.465768808       3.538126161187811E-002  1.198112462142254E-002
   1101631.40472664       3.488050883944630E-002  1.158787914259636E-002
   146742.497554091       3.438150020580561E-002  1.119615670006315E-002
   339238.221685775       3.388559211825741E-002  1.080434435014978E-002
   1220066.76924853       3.326336999109800E-002  1.158760412828978E-002
   969357.798175571       3.376499993531051E-002  1.198006431670100E-002
   117331.907009184       3.426542668604501E-002  1.237008697040162E-002
   229296.240464343       3.476206116560303E-002  1.276081353515475E-002
   1237205.49632321       3.437773480566531E-002  1.336655530101334E-002
   457097.324729189       3.398311595962827E-002  1.396774818369589E-002
   1415988.42023058       3.357736444110825E-002  1.456457114149399E-002
   1072657.44608148       3.897224278802944E-002  1.476465949809570E-002
   951305.202750919       3.935777202488008E-002  1.422127801915344E-002
   397568.213866851       3.974997104067867E-002  1.367920168929190E-002
   2212857.82391694       4.014567909023410E-002  1.313418214445823E-002
   1425740.75328255       4.054120835059916E-002  1.258110335883450E-002
   1580020.18054726       4.101943301109394E-002  1.302690126971906E-002
   365497.977932773       4.149390713442726E-002  1.346945632748545E-002
   1134161.30218041       4.196304294463957E-002  1.391183329676348E-002
   327687.220121960       4.242654585021731E-002  1.435767184275399E-002
   988827.298646839       4.318597750509586E-002  1.339381582437667E-002
   2217777.02676664       4.262888294518681E-002  1.304839661623051E-002
   1607924.03799194       4.206962809595619E-002  1.270972318839733E-002
   99924.8932990122       4.150949372304836E-002  1.237686278989314E-002
   394253.197994970       4.095726429672339E-002  1.204452363185319E-002
   601460.480385865       4.140126530541245E-002  1.149210612002705E-002
   567708.537853011       4.185253666899924E-002  1.094059614057996E-002
   1328247.87934780       4.230454902575539E-002  1.038648014110752E-002
   764505.400602923       4.275283909419182E-002  9.826224995814446E-003
   533479.322141609       4.176910189409699E-002  9.955611214927823E-003
   294724.956247448       4.132177843843924E-002  1.050871497948283E-002
   1387475.91866862       4.087192819777484E-002  1.106476675350547E-002
   468462.406790334       4.042516343159570E-002  1.162667329996415E-002
   489812.664671302       3.992528957640004E-002  1.118160952463333E-002
   478944.351906446       3.942734887335037E-002  1.073985554019583E-002
   805109.647575244       3.893390966327503E-002  1.029797816213905E-002
   1377889.58498831       3.833416987577579E-002  1.106725285852677E-002
   1035410.91844580       3.889359207163939E-002  1.143579542657613E-002
   200149.554800490       3.945406835368803E-002  1.179911245734326E-002
   1069815.67983657       4.000957243118096E-002  1.216086269609839E-002
   411789.056874218       3.955596060706737E-002  1.264740140024906E-002
   1225586.07236165       3.909172810849933E-002  1.313311944820608E-002
   2349906.84928364       3.862745563992873E-002  1.362430672402020E-002
   1037729.72442378       4.414683640645376E-002  1.415528257511572E-002
   48072.6527735306       4.449970457033217E-002  1.364198212404813E-002
   905574.456200041       4.485560917778580E-002  1.312744115198882E-002
   2318088.73289658       4.521352428449940E-002  1.261173940912521E-002
   1329845.19913897       4.557137931666415E-002  1.209131894900396E-002
   2753802.87856417       4.615525712537296E-002  1.249015275793513E-002
   1028243.58171715       4.674090313954532E-002  1.288102256340395E-002
   270006.069350191       4.732834452243952E-002  1.326501222486760E-002
   1004745.97285428       4.790968662877794E-002  1.364761276321821E-002
   917023.340724964       4.827658751039606E-002  1.314982877136912E-002
   724670.923223343       4.772417015329287E-002  1.271370618606326E-002
   361772.628838868       4.717350907484558E-002  1.228249970219253E-002
   1815903.48540605       4.662996989731117E-002  1.185030787642828E-002
   367028.964306218       4.609725634747069E-002  1.140834090300760E-002
   487962.222836228       4.651076901834102E-002  1.088306976399186E-002
   1237393.20756025       4.692489163682914E-002  1.035738921779441E-002
   1863830.90701001       4.733955883001408E-002  9.828274380115801E-003
   1263264.46104567       4.775149913229815E-002  9.297015029043839E-003
   115600.997014445       4.665231476340644E-002  9.296920799914770E-003
   467381.340096346       4.624321112222076E-002  9.825456486609076E-003
   1145180.01782073       4.583257439035988E-002  1.035291076044744E-002
   134961.278578175       4.542124322685590E-002  1.088293999952544E-002
   659749.903230087       4.485893419513114E-002  1.047849765780579E-002
   9057.55650266265       4.429584118745005E-002  1.007784755067771E-002
   306143.099298674       4.373346481809937E-002  9.678362877592581E-003
   278121.177893315       4.329023434737083E-002  1.026153250874734E-002
   115363.811581061       4.382838882040208E-002  1.069470801650634E-002
   688285.500936658       4.436368016468699E-002  1.112725119183178E-002
   326183.659940168       4.489520402830085E-002  1.156201000756048E-002
   155041.970681679       4.447290469752496E-002  1.201818145747632E-002
   1262118.61336152       4.404466889449685E-002  1.247404294744675E-002
   1942981.19760954       4.361422387235248E-002  1.293221722247016E-002
   950238.993941478       4.877104676714634E-002  1.351953227319106E-002
   656537.459541630       4.921273686995817E-002  1.294774297034875E-002
   616809.599426377       4.966475953422749E-002  1.237980590152190E-002
   1566079.51785155       5.011886988061708E-002  1.180857955493332E-002
   923734.692351619       5.056973500504659E-002  1.122896938889554E-002
   1133756.78700346       5.116801910598411E-002  1.165888068435300E-002
   102038.724540282       5.176717521058783E-002  1.208252768136070E-002
   730890.062038714       5.236568091065052E-002  1.250229214922030E-002
   707407.799971081       5.295791652771057E-002  1.292591912526608E-002
   46965.9260193556       5.330019577479450E-002  1.246537810254418E-002
   726377.302744651       5.271055485215816E-002  1.202529771968635E-002
   107906.996904977       5.212052437016631E-002  1.159082016213048E-002
   997155.579429509       5.153239566459598E-002  1.115815184457488E-002
   274509.291089974       5.095111476488746E-002  1.071947943633338E-002
   526939.920139599       5.140191968962185E-002  1.022739755211271E-002
   970194.473705926       5.185412843762948E-002  9.733991431284408E-003
   1306187.50685742       5.230419756274170E-002  9.237415627102948E-003
   806449.410709068       5.275383374726440E-002  8.739592363622945E-003
   373169.800813070       5.150774918545736E-002  8.638579044816769E-003
   57637.3082937215       5.115458942164833E-002  9.203611042312409E-003
   652450.143095337       5.080008657143333E-002  9.769451986503606E-003
   411244.026221234       5.044458427451975E-002  1.033743712020463E-002
   714938.671455548       4.989938248017976E-002  9.899447218542924E-003
   322574.625486774       4.935564006754226E-002  9.466035766808847E-003
   418042.833887930       4.881372579947072E-002  9.034131892256441E-003
   597695.476321619       4.833102158369419E-002  9.687818593639635E-003
   489016.066582307       4.891018560454802E-002  1.007634162252578E-002
   480640.084802100       4.948952689305450E-002  1.046011602880194E-002
   925902.156680449       5.006406976241885E-002  1.084611821898863E-002
   285547.809013242       4.962274996701182E-002  1.141943389358900E-002
   742395.771439508       4.917293855971461E-002  1.199005860632778E-002
   1980704.10719610       4.872236988188752E-002  1.256505190696123E-002
   651757.602574586       5.375891101057062E-002  1.280937368785734E-002
   338923.512922703       5.421103342328071E-002  1.226453354999488E-002
   616621.592707001       5.466753510536637E-002  1.171878828026823E-002
   1062215.56865963       5.512256700581376E-002  1.117011281417903E-002
   560918.704156145       5.557535245525544E-002  1.061771244026007E-002
   611505.961392147       5.606694748050937E-002  1.102763534589774E-002
   98135.3496994646       5.655807593654769E-002  1.143547103826646E-002
   587004.873939193       5.704808952249751E-002  1.184302005648235E-002
   325824.218796804       5.753493367951592E-002  1.225153681428035E-002
   205238.839827732       5.822155922169442E-002  1.131956884367503E-002
   902437.456073215       5.767995963098838E-002  1.097662447787670E-002
   368172.362568447       5.713749420777328E-002  1.063618762387509E-002
   238627.655121116       5.659621168805682E-002  1.029838545389486E-002
   434845.312445010       5.605886108461901E-002  9.960409966418199E-003
   76203.5768771465       5.647895082613850E-002  9.516175168777254E-003
   698219.043574564       5.690207887063604E-002  9.071297535461502E-003
   1050510.49670114       5.732504860912959E-002  8.623461479223681E-003
   604233.369359123       5.774696308319295E-002  8.173517579793656E-003
   488761.957082915       5.633345930473597E-002  7.885608045088584E-003
   82114.4904592764       5.602467192977371E-002  8.414513479148084E-003
   735588.992412869       5.571488675457875E-002  8.943716451229093E-003
   401229.170240015       5.540362893903129E-002  9.474788143120878E-003
   634063.431331031       5.490582603248887E-002  9.065413589555428E-003
   46912.7346415992       5.440874664349805E-002  8.657236852143356E-003
   270292.665655175       5.391237701201030E-002  8.249509220937035E-003
   747452.284028301       5.329635822387041E-002  9.089850353776898E-003
   534679.305398348       5.383907991995271E-002  9.439131216486275E-003
   93390.5086662998       5.438114218930295E-002  9.785397721423342E-003
   503295.952682664       5.491963275683659E-002  1.013195301066750E-002
   649166.785445650       5.452098975716706E-002  1.071597529635259E-002
   146992.793732431       5.411587766502619E-002  1.129721974091951E-002
   778159.982487279       5.370758845852896E-002  1.187957247713450E-002
   582665.661024462       5.915182387608382E-002  1.200713277708946E-002
   504755.523113298       5.949628917692578E-002  1.146680877133553E-002
   228068.128024805       5.984379277021019E-002  1.092720706299287E-002
   914643.686737149       6.019215446811914E-002  1.038594682021506E-002
   680374.641889966       6.054022035142941E-002  9.841424932280114E-003
   993655.029429563       6.108780373189093E-002  1.024900559316120E-002
   245991.189653248       6.163555203995007E-002  1.065329900307603E-002
   201446.612181466       6.218195036784819E-002  1.105519391859553E-002
   232707.433844978       6.272569419124432E-002  1.145916019620342E-002
   392695.426772105       6.322848580479462E-002  1.076867834544346E-002
   664948.483830820       6.267018870423915E-002  1.037690168900893E-002
   233309.743221704       6.211279578169206E-002  9.987908505603497E-003
   443913.406767315       6.155587618194595E-002  9.600015071426429E-003
   231624.012402411       6.100294947506036E-002  9.209979078946122E-003
   172153.571313069       6.142055710701446E-002  8.709555566469206E-003
   608760.657812761       6.184032618486893E-002  8.208600273065549E-003
   981279.538576026       6.225908171187825E-002  7.706118953686686E-003
   580835.671759904       6.267762241337026E-002  7.201296721728713E-003
   266430.346574284       6.145446219450003E-002  7.110657238094214E-003
   161617.232794712       6.109511481299325E-002  7.654026445739289E-003
   682476.187906227       6.073433337710277E-002  8.198970851525114E-003
   496448.797199213       6.037348225024214E-002  8.746105090933447E-003
   555797.698768256       5.991811229350365E-002  8.324189726553848E-003
   72679.9773990581       5.946488027157611E-002  7.904079510879335E-003
   278245.895160410       5.901239020834834E-002  7.485153064593446E-003
   735470.495906194       5.828902232281343E-002  8.476657878901948E-003
   569799.572061530       5.883013140209802E-002  8.778519180968470E-003
   112373.438002619       5.937170949165523E-002  9.077433498691154E-003
   412180.972417901       5.991116161740703E-002  9.376922060422817E-003
   112348.927555605       5.949061409489842E-002  9.860208606779747E-003
   577334.482369690       5.906692344375657E-002  1.034413622010515E-002
   1162332.55338102       5.864382329355788E-002  1.083063585733105E-002
   409632.756823709       6.391733966441487E-002  1.127262961793331E-002
   336187.074520751       6.431261602187117E-002  1.072267363461586E-002
   362203.987531930       6.471113269173739E-002  1.017294670630883E-002
   947642.799910718       6.511105539971583E-002  9.621857660071337E-003
   555976.064559045       6.550956617352509E-002  9.067159138234134E-003
   759131.694771932       6.606813096439622E-002  9.470387798578487E-003
   43842.8495331369       6.662660922495572E-002  9.870516809934910E-003
   504983.800273901       6.718334237042964E-002  1.026970714123847E-002
   319568.365424278       6.773640646707077E-002  1.067077097363360E-002
   352160.463085017       6.820610273162871E-002  1.002607459402264E-002
   722056.496989078       6.764561574187401E-002  9.624763206254279E-003
   210450.868739262       6.708450364130737E-002  9.227614658298711E-003
   477082.983542038       6.652464522525268E-002  8.832007558279210E-003
   194712.343418968       6.596856884202819E-002  8.434663150378573E-003
   76254.4001443777       6.638453874515830E-002  7.936687223534919E-003
   531063.332197477       6.680170101308172E-002  7.437912460489276E-003
   896770.521236577       6.721854190985325E-002  6.936666309074413E-003
   503852.328245276       6.763478032881799E-002  6.434922446695581E-003
   316575.217310782       6.639432121512456E-002  6.334565973499059E-003
   73766.0270097717       6.604260605521173E-002  6.880607088746309E-003
   555308.366485817       6.569047914022255E-002  7.426834509507605E-003
   209606.647793090       6.533838734241178E-002  7.974972792590490E-003
   361157.251291783       6.482998965969529E-002  7.563114914809536E-003
   133770.950749227       6.432215829232066E-002  7.153164503974307E-003
   257339.168832374       6.381562777721482E-002  6.743420658521569E-003
   421085.487504886       6.322886021587817E-002  7.554484281574557E-003
   293758.178446245       6.378003370232822E-002  7.906282433152924E-003
   182175.233634975       6.433079876524322E-002  8.256413577826768E-003
   457425.656073152       6.487951690313645E-002  8.606633418036972E-003
   212082.247545661       6.446962958433747E-002  9.145626806904689E-003
   390898.108392300       6.405603272021541E-002  9.684407178478301E-003
   1031157.77137636       6.364137147728620E-002  1.022474307737331E-002
   360623.667973434       6.884940676453891E-002  1.049700722139946E-002
   233401.284383234       6.925890905429079E-002  9.972001909894810E-003
   637042.269734536       6.966986409247174E-002  9.446342786574066E-003
   1079883.69092830       7.008063330033956E-002  8.919882543652082E-003
   551119.618429049       7.048988497186741E-002  8.390154879832284E-003
   918997.799878644       7.107893148259016E-002  8.757793304229336E-003
   360970.404633022       7.166901469378791E-002  9.122865763583073E-003
   195770.826072846       7.225811073687555E-002  9.487313687634901E-003
   117673.553105196       7.284460527187608E-002  9.852544618180739E-003
   389065.672593613       7.319395140727469E-002  9.366747760434276E-003
   491502.493018000       7.265426399202669E-002  8.929472584421245E-003
   175148.785416461       7.211514264003240E-002  8.494429958182132E-003
   340674.043696503       7.157820425611493E-002  8.058400792331142E-003
   190934.978752696       7.104333107398407E-002  7.621339591660633E-003
   329488.321774750       7.142780390972056E-002  7.127647790968382E-003
   389341.271451069       7.181190536768631E-002  6.633944505893765E-003
   629175.091638751       7.219671312379139E-002  6.139350704270429E-003
   375431.900458669       7.258138700742196E-002  5.644269678693155E-003
   63831.9046990015       7.132037963588372E-002  5.508123210900854E-003
   163543.066755613       7.097276741671994E-002  6.028112259458359E-003
   277502.091912452       7.062451502406857E-002  6.547335300844040E-003
   261496.496265674       7.027597744784121E-002  7.067858460346762E-003
   400275.496783402       6.977622497138751E-002  6.685096090092670E-003
   74041.9783347417       6.927696155509379E-002  6.304351906984059E-003
   184673.785639281       6.877714037638374E-002  5.923208047282736E-003
   358912.094404925       6.815783844899483E-002  6.785421635773514E-003
   326424.890348225       6.868060714463871E-002  7.136616536121771E-003
   49934.5774868290       6.920193779954242E-002  7.486050590464186E-003
   168991.603915945       6.972312844713037E-002  7.835476804060805E-003
   314811.129225585       6.934699820557844E-002  8.383273132283750E-003
   134770.198287837       6.896853469149912E-002  8.929977477022706E-003
   571164.785559404       6.858740087862705E-002  9.477169295899226E-003
   76767.1869442115       7.367903139333520E-002  9.717058418282774E-003
   808710.410270671       7.414274181386912E-002  9.325848545522543E-003
   803530.160519307       7.460661387870553E-002  8.932468548222362E-003
   897113.132587607       7.507065426997819E-002  8.538649586025331E-003
   368943.533201535       7.553348921732338E-002  8.144727299616799E-003
   740022.943109785       7.604161857433965E-002  8.376763209647564E-003
   549588.979491581       7.655052336409039E-002  8.608701891299959E-003
   441928.069559206       7.705884978676152E-002  8.840687812058271E-003
   150648.200755785       7.756780739665151E-002  9.070595736124988E-003
   103541.213365380       7.810175125610942E-002  8.315727424035982E-003
   77013.1370722174       7.771473814904092E-002  7.913715238523793E-003
   133508.266934234       7.732781009793149E-002  7.512919043465259E-003
   322498.929151126       7.694239425563665E-002  7.110716881978041E-003
   71073.3368327392       7.655857126679669E-002  6.708219352957409E-003
   67300.9872454694       7.679727853886441E-002  6.233263415738502E-003
   93888.5077012045       7.703609961772480E-002  5.759059010071193E-003
   210068.528139280       7.727618315276337E-002  5.283646141146979E-003
   242800.828851440       7.751557575112716E-002  4.808972417002797E-003
   252740.593862683       7.624389798132773E-002  4.544225687853409E-003
   323294.013449765       7.587042088993658E-002  4.924279044535676E-003
   419284.337666389       7.549768579429542E-002  5.303388041396127E-003
   114311.272964502       7.512445193180017E-002  5.683270496265684E-003
   238748.827036577       7.465232516305149E-002  5.444538288339431E-003
   106044.402412210       7.418032507850286E-002  5.205978413433730E-003
   220306.358066118       7.370820095577965E-002  4.966867978376205E-003
   155190.417324494       7.296121430287389E-002  6.012627738483984E-003
   130035.507970547       7.334128582670436E-002  6.381156604080970E-003
   15703.5594077283       7.372026129888899E-002  6.749484611969680E-003
   50599.1236535232       7.409886723158464E-002  7.117944770940979E-003
   308381.053627595       7.387521258618251E-002  7.680269194948675E-003
   122993.430994770       7.364996003870289E-002  8.242876747275349E-003
   162943.861499037       7.342240633957875E-002  8.804607123712180E-003
   73113.8318386711       7.885668400535260E-002  8.849673960544119E-003
   223006.031200384       7.921290828195270E-002  8.191306800002249E-003
   141266.181534492       7.957050635200988E-002  7.535216236842389E-003
   309888.298392372       7.993192377614174E-002  6.879131680348517E-003
   255683.883717942       8.029412197059409E-002  6.221072997897007E-003
   90421.8156049142       8.074635561762857E-002  6.740032102492183E-003
   286657.606027235       8.119704695970577E-002  7.259477898720685E-003
   266572.456995145       8.164533778239941E-002  7.779457143966389E-003
   62655.2998835019       8.209422763580138E-002  8.300984029636475E-003
   67764.4567897986       8.297787882090098E-002  7.059000689791478E-003
   336043.118336385       8.233608478669822E-002  6.805915125002603E-003
   393101.196483545       8.169479945758093E-002  6.554829160276871E-003
   220846.290864175       8.105152878373389E-002  6.304625353412318E-003
   93227.2737054840       8.040913054768761E-002  6.057876248768804E-003
   194179.263134982       8.091373930229299E-002  5.491985926422997E-003
   391230.816495451       8.141927046100027E-002  4.925628936555794E-003
   296801.081200427       8.192263846423621E-002  4.358368270488282E-003
   146168.414829864       8.242567780566845E-002  3.789865110361404E-003
   40978.9654947017       8.136752909146322E-002  3.962821683969258E-003
   18773.5903198775       8.099505429213472E-002  4.621939724641049E-003
   331887.852606941       8.062103267527719E-002  5.281480683942633E-003
   79990.7291724506       8.024654336545346E-002  5.942715923074068E-003
   85208.1231508987       7.972177037323569E-002  5.435700826900995E-003
   286432.624742799       7.919990428349266E-002  4.927701818091639E-003
   134249.933105644       7.867842574447335E-002  4.419437216013964E-003
   131919.613794393       7.816901465067198E-002  5.134659799869021E-003
   251382.644294135       7.882205350584201E-002  5.460861504322808E-003
   43224.5999018880       7.947687565663644E-002  5.783897892121821E-003
   77244.0910886433       8.013154187291298E-002  6.105794942719374E-003
   442720.302568528       7.962284873253751E-002  6.655173629506135E-003
   636719.866457179       7.911333575178089E-002  7.207121719590303E-003
   593074.566861442       7.860695149623005E-002  7.760041605381962E-003
   129557.727028984       8.421963140201934E-002  7.942885426436655E-003
   135752.348489323       8.449008056722333E-002  7.404246943420113E-003
   31416.1028375252       8.475959772585648E-002  6.864738950904085E-003
   67701.7360239085       8.503083230749367E-002  6.326069592266380E-003
   99482.4855901661       8.530079460966915E-002  5.785809475082294E-003
   104609.777471726       8.584148285278394E-002  6.188967606374971E-003
   30217.2232145848       8.638130761061302E-002  6.590177239896000E-003
   99921.2274775012       8.692222618577276E-002  6.991655005332682E-003
   118343.389885869       8.746248508337015E-002  7.392232485688256E-003
   100286.947540879       8.798595682715879E-002  6.651697656469323E-003
   79348.8144586116       8.742712477866151E-002  6.276365566565398E-003
   165125.597870851       8.686754981985705E-002  5.901460598462810E-003
   301142.868409269       8.630966043989356E-002  5.527335365859766E-003
   183872.164993246       8.575163619833003E-002  5.151745794064227E-003
   42434.5951141785       8.616584931287367E-002  4.669479128458554E-003
   219776.895769759       8.657909147184766E-002  4.185863330858401E-003
   235948.474350394       8.699350794526294E-002  3.702606731454337E-003
   126904.886280424       8.740614342923782E-002  3.217692944816117E-003
   111837.464542346       8.608575800033220E-002  3.056030705231647E-003
   47744.6707304272       8.576413898138616E-002  3.604279097113078E-003
   199358.486247699       8.544066439734883E-002  4.151695249167153E-003
   33516.5035774388       8.511844338739968E-002  4.700743653633181E-003
   83836.9094511990       8.456686287667713E-002  4.299511068613964E-003
   69243.4205481530       8.401524804340335E-002  3.900506335732962E-003
   194742.942486670       8.346378706175911E-002  3.500946511618761E-003
   14363.3967910776       8.298625072326044E-002  4.176737137378365E-003
   125943.345456690       8.354776115646435E-002  4.562649010349409E-003
   281223.457447500       8.410775943436032E-002  4.948537671451861E-003
   281138.782670683       8.466766174117377E-002  5.334806876582049E-003
   120973.396665739       8.424462926411912E-002  5.764709015519870E-003
   158346.305932693       8.382266829507150E-002  6.196007416055241E-003
   259744.504761404       8.339947897300139E-002  6.626800588809911E-003
   204218.581625623       8.872517124914997E-002  7.174810285806856E-003
   384872.429262757       8.909351160465706E-002  6.567043473576136E-003
   44239.6733317640       8.946330341231709E-002  5.959722020829046E-003
   311701.708842795       8.983380737792963E-002  5.352618172018089E-003
   219558.593046313       9.020518878437138E-002  4.744307848508772E-003
   219417.421355408       9.076969514635760E-002  5.191967781036026E-003
   169804.197105038       9.133384994906649E-002  5.639150442358907E-003
   363036.870490165       9.189548883777793E-002  6.087181090201765E-003
   53911.3918790718       9.245632028843392E-002  6.536634675850595E-003
   37305.7199118656       9.293879910305837E-002  5.857764244086306E-003
   365329.250082813       9.232582234244661E-002  5.476808388763918E-003
   181958.127716697       9.171205216202531E-002  5.099352230545371E-003
   169812.193047281       9.109800187563320E-002  4.722634827080614E-003
   113593.407635364       9.048685067644764E-002  4.345531426299606E-003
   98098.7927336808       9.092923535074544E-002  3.735699641980873E-003
   143977.383344806       9.137381023427972E-002  3.125973916317236E-003
   240621.214464087       9.181855113667357E-002  2.515759972505348E-003
   135459.621897479       9.226229338364880E-002  1.904290153508244E-003
   49116.1506400818       9.138426061155618E-002  2.206555830012351E-003
   66449.8151805852       9.095257522891892E-002  2.825310186903711E-003
   280976.820118754       9.052039031757303E-002  3.444303891779413E-003
   56800.4528295577       9.008895121858630E-002  4.063688191666146E-003
   43082.5603979717       8.959521215542630E-002  3.603180604206181E-003
   146799.410326049       8.910082180636412E-002  3.142245512883151E-003
   165820.250589145       8.860806177571599E-002  2.680681816269919E-003
   119742.741567741       8.800669324390127E-002  3.530313612440139E-003
   84920.2298851409       8.860729468253187E-002  3.841292052391303E-003
   54161.9995635296       8.920817589252314E-002  4.152396020171263E-003
   253541.526863986       8.980731830460401E-002  4.462102688465983E-003
   54146.3020643857       8.935346180550650E-002  5.008114147172386E-003
   306120.863816619       8.889663468153258E-002  5.553739190938815E-003
   595271.218121300       8.844034535580815E-002  6.101628053812990E-003
   143401.300943234       9.361717142372963E-002  6.340453896716168E-003
   66215.3730998837       9.402269080083096E-002  5.867448052867281E-003
   326635.642176784       9.442738474609616E-002  5.393931338538171E-003
   391868.741408178       9.483310392560010E-002  4.920560333348745E-003
   203965.577430646       9.523797683575598E-002  4.445269698212123E-003
   174733.296445993       9.557349207728379E-002  4.793313588517348E-003
   93683.4343634414       9.590967591708452E-002  5.139691760855372E-003
   175629.817523720       9.624452397769610E-002  5.487398770090491E-003
   112538.498865856       9.658076105200793E-002  5.834188282033761E-003
   101062.729681495       9.773411731599888E-002  4.202096653415879E-003
   323452.134897284       9.729370386350526E-002  4.001276333666046E-003
   133089.475302576       9.685299795658181E-002  3.802707001850860E-003
   84043.5307034643       9.641346013805886E-002  3.602990440709343E-003
   181982.372920598       9.597341679590156E-002  3.404810276330395E-003
   300034.889188981       9.628772739620174E-002  2.868850568637393E-003
   62097.1691470564       9.660169846322775E-002  2.333017700221337E-003
   95357.3946236026       9.691760041958709E-002  1.796946454191159E-003
   9236.53404038260       9.723299525970704E-002  1.258544280300752E-003
   90845.2609481256       9.614685032754944E-002  1.247741701834089E-003
   150870.033872111       9.574245132839876E-002  1.720869951987841E-003
   387171.193693610       9.533768119164539E-002  2.193653778626407E-003
   118423.089366992       9.493388023486149E-002  2.668633611149005E-003
   209391.908938627       9.434498442569407E-002  2.363947268538887E-003
   126784.039811609       9.375598106521782E-002  2.061212605321343E-003
   143086.025511917       9.316685762859074E-002  1.758418311331493E-003
   130875.424281729       9.274750116544497E-002  2.355807293631679E-003
   131797.258184482       9.323218963386136E-002  2.806403997016493E-003
   216078.538944362       9.371507622033717E-002  3.257548804897779E-003
   206557.383120733       9.419818405459091E-002  3.709164378995936E-003
   176107.313846475       9.388422432175446E-002  4.246535436722680E-003
   68880.9393628247       9.357042849038022E-002  4.783586105664190E-003
   200393.367712581       9.325459916040205E-002  5.319792847893681E-003
   183177.913831230      -2.027759556476517E-003  2.244846813707998E-002
   1924536.19940846      -1.513511466277357E-003  2.197910367912915E-002
   3911307.20315939      -9.835710946874997E-004  2.151332579317232E-002
   7879031.70846972      -4.513931644586002E-004  2.103930447372325E-002
   3572451.94704437       7.889497470489516E-005  2.055575379462344E-002
   7470099.52476695       5.691587814376807E-004  2.101367045796509E-002
   1891428.57938306       1.060174374595629E-003  2.145253758822058E-002
   1278445.66960347       1.546753584797754E-003  2.188058220533895E-002
   2586132.27665020       2.014144151808770E-003  2.231607111857687E-002
   7044507.90846909       2.706883941561875E-003  2.152773944180581E-002
   3339958.98281166       2.180786721064045E-003  2.112474921608471E-002
   2132913.27854432       1.658931906877663E-003  2.072880762572668E-002
   2748245.10894707       1.144408010679216E-003  2.034034309971082E-002
   393092.069687109       6.555158855293709E-004  1.994185920360191E-002
   886414.589447974       1.135763837460189E-003  1.954582263210108E-002
   3537206.41911918       1.623260446655964E-003  1.914678852659696E-002
   5643771.32332684       2.112473724545756E-003  1.874246945703902E-002
   4359586.23312219       2.601824328011482E-003  1.833222060046974E-002
   689339.556570130       1.309148861134768E-003  1.793313574386567E-002
   1619905.56901291       8.981466246592091E-004  1.840312706565092E-002
   4623720.44898790       4.799648912561022E-004  1.887550158917946E-002
   853476.715007021       6.167387734138156E-005  1.936047356908149E-002
   3065086.15756670      -4.418004891822130E-004  1.889419443048591E-002
   803963.352261658      -9.435514689357594E-004  1.842706428705994E-002
   167763.261347249      -1.442468243049997E-003  1.796180426795429E-002
   4800521.41230296      -2.483887731106134E-003  1.805305177765617E-002
   2371506.35291717      -1.993699305699355E-003  1.853767391322425E-002
   1435597.80390524      -1.500902245671413E-003  1.901423858881775E-002
   358967.410969874      -1.008420883539210E-003  1.948910697910944E-002
   2703787.07070110      -5.242053896630554E-004  1.996698991634603E-002
   309170.564089265      -9.982961013448362E-004  2.047412074003184E-002
   3356093.75940986      -1.493715034812673E-003  2.097178176210323E-002
   5957481.13532575      -1.995680883727226E-003  2.147390356978885E-002
   8992220.27421637      -2.495112534178675E-003  2.199368475526454E-002
   5089655.55986006       3.478521715155742E-003  2.223609270570547E-002
   1841599.81501220       3.893231162806285E-003  2.167919050391848E-002
   1572215.24387302       4.337065039656774E-003  2.113970148500093E-002
   5287580.68436231       4.803217783332788E-003  2.060659705713147E-002
   4813878.12717088       5.279480493943478E-003  2.004507004129584E-002
   4621412.91315528       5.817535202756865E-003  2.054653778447878E-002
   2457790.83863952       6.335986247087808E-003  2.103116588348593E-002
   2414394.52236226       6.828446859710065E-003  2.152896063559858E-002
   5962370.04113281       7.287430853641863E-003  2.205107473842045E-002
   7942409.29882973       7.980748411802085E-003  2.131682817330523E-002
   6931399.28608881       7.378855607344578E-003  2.088945088595251E-002
   7219760.95771927       6.762588156207429E-003  2.048566164732850E-002
   2085431.23108748       6.134775231578779E-003  2.011378002060563E-002
   1244277.71368359       5.530276309979833E-003  1.975037057358610E-002
   558604.555114249       6.081217246531958E-003  1.924622640952976E-002
   3073028.10486481       6.667559033611513E-003  1.875558120783181E-002
   6579577.13969068       7.252187495944157E-003  1.824918103959140E-002
   4193853.63810917       7.819319294570240E-003  1.771287049141355E-002
   2187790.22813574       6.863212630065638E-003  1.784916807542044E-002
   1289850.09012758       6.331657571194304E-003  1.838554607692532E-002
   4659381.66850414       5.782996720450512E-003  1.892105885568824E-002
   3607618.99572485       5.244410435523075E-003  1.949245380423589E-002
   1807434.74642009       4.767483267379265E-003  1.898028414180776E-002
   2734575.80723006       4.312571056078819E-003  1.847576412499500E-002
   2723283.42592575       3.879183458342791E-003  1.795962087973020E-002
   6023632.40039006       3.190105394697745E-003  1.872351781807786E-002
   6563747.55904647       3.788108966002573E-003  1.909848792727634E-002
   3676321.59936858       4.396906596168933E-003  1.945032804532468E-002
   1336716.91356518       4.994282100065638E-003  1.978486578259091E-002
   1081837.51831989       4.437143859400190E-003  2.020011086502217E-002
   6179760.74285036       3.850303729284954E-003  2.061980590905709E-002
   6097400.53968805       3.272483508113126E-003  2.106432466838066E-002
   3064825.48817216       8.698910910581470E-003  2.202987850923389E-002
   1113548.70775357       9.141387579645574E-003  2.156894708400047E-002
   1995574.57428811       9.607099852460848E-003  2.111518213770796E-002
   7580940.07878475       1.007728094551506E-002  2.064989381584406E-002
   4545804.91175626       1.054499131839928E-002  2.016439907662019E-002
   6140387.04259143       1.100059243087786E-002  2.061089234539365E-002
   694506.405677048       1.144945365953852E-002  2.104550860019266E-002
   664384.085814870       1.189004359847118E-002  2.147523807084599E-002
   4718612.15735261       1.230929163912036E-002  2.191648242613213E-002
   8321787.23427039       1.316533892397640E-002  2.096786264026611E-002
   5489498.57730652       1.264602625989755E-002  2.059694540886785E-002
   4931513.98862933       1.212910659668392E-002  2.023201340182979E-002
   597251.097908908       1.161378557324900E-002  1.987963107112855E-002
   1442565.39946323       1.111623085993096E-002  1.952578791761870E-002
   1707740.14715848       1.157151621221686E-002  1.902892600762159E-002
   590837.374251523       1.204654906391797E-002  1.853872081846770E-002
   4399866.96553599       1.252994733467514E-002  1.804139963389535E-002
   2876135.23768632       1.300894322219148E-002  1.752442870908896E-002
   2063219.62855805       1.200559500507982E-002  1.751626899057474E-002
   1541091.60512671       1.150074214330290E-002  1.798023166927073E-002
   3823820.05693964       1.099156234826400E-002  1.845340339756066E-002
   3243301.26159178       1.048822609189753E-002  1.894452511331672E-002
   5246591.35110096       9.922817653208515E-003  1.849824633827648E-002
   3293733.16683304       9.348496192880902E-003  1.807587734845942E-002
   530104.463045795       8.778364117876636E-003  1.766518793519254E-002
   4336841.28487175       8.355941921832160E-003  1.819283191807641E-002
   973907.489487864       8.892048331111952E-003  1.865091549739544E-002
   1433209.65242331       9.415271201989470E-003  1.910902967980705E-002
   2781621.31445372       9.919078749752265E-003  1.957703839742706E-002
   2664298.46298431       9.458959654697601E-003  2.001170191513575E-002
   2302208.76655429       8.972360088243319E-003  2.043828075762136E-002
   3736110.99485017       8.478334961602120E-003  2.087353627135053E-002
   2698327.20244057       1.409507792873864E-002  2.184588834162920E-002
   1239883.95392254       1.447861505658118E-002  2.139496710723757E-002
   1597439.29633074       1.488293488809642E-002  2.095297848777329E-002
   7012364.46924383       1.529184203109485E-002  2.050173826926485E-002
   4531956.04014198       1.570485239886876E-002  2.004049708927991E-002
   7698495.39310019       1.620166017526064E-002  2.045967744204007E-002
   2483642.72287405       1.669610216963635E-002  2.086936689805168E-002
   1785797.99728822       1.718587917340387E-002  2.126811053014020E-002
   3088579.40935256       1.765914206365895E-002  2.167390417737117E-002
   6605389.32296649       1.833555989054608E-002  2.089524012000907E-002
   4153092.36236010       1.783227859515307E-002  2.048846807055696E-002
   2768431.34886204       1.733470969955616E-002  2.008981379347805E-002
   1753080.19859608       1.684192666316825E-002  1.969736417802166E-002
   607240.013169896       1.637153216344904E-002  1.929527776126991E-002
   1453075.53859460       1.680403119481352E-002  1.887316147073213E-002
   2717055.48804618       1.724296365514399E-002  1.844856346897364E-002
   4543391.60242533       1.768036207437959E-002  1.801618590879079E-002
   2629988.07333837       1.811683144743095E-002  1.757788882452815E-002
   1477554.17496555       1.681600789047375E-002  1.723506104893998E-002
   359552.570025903       1.642752640091202E-002  1.769622980931033E-002
   1899344.26591984       1.603439103253245E-002  1.815961720551735E-002
   2125012.45318773       1.563780411380291E-002  1.862642667503787E-002
   4189567.07389752       1.509768302120962E-002  1.820227130589671E-002
   2843863.27637863       1.455138537764775E-002  1.779383285525661E-002
   735902.471913947       1.400626071450766E-002  1.739551045289402E-002
   3168743.90889644       1.351100537957507E-002  1.799172669220102E-002
   596431.458873663       1.400959174439725E-002  1.844748179838006E-002
   1182873.69495483       1.449916314577279E-002  1.890145961496910E-002
   1474077.50225771       1.497511600277756E-002  1.936092002681640E-002
   625924.587094150       1.453979821290710E-002  1.975861679758203E-002
   3911770.50113991       1.408473973146321E-002  2.015351896600233E-002
   4680092.61400425       1.362814386379563E-002  2.055881464023974E-002
   420511.421193890       1.910478359256713E-002  2.158737355523511E-002
   4113943.82887534       1.953008521208709E-002  2.122986536378666E-002
   3990413.68074774       1.996708934169961E-002  2.087317102834287E-002
   6394411.43594470       2.040280538840613E-002  2.050778360955832E-002
   3258560.15862342       2.083868779961517E-002  2.013678564638537E-002
   5229575.16559161       2.122833171503654E-002  2.044495840422854E-002
   2402110.68630438       2.161426195154162E-002  2.075283609839010E-002
   2773586.19125573       2.199999612645797E-002  2.105539961096512E-002
   1413554.12600941       2.237682877656958E-002  2.136354509298159E-002
   5104879.20799914       2.338067277630693E-002  2.016533908001101E-002
   1913932.20468731       2.299820120651217E-002  1.985328060289167E-002
   1659015.50340348       2.262371341557575E-002  1.953757943810098E-002
   807774.309786870       2.225104341793850E-002  1.922535311901157E-002
   161257.852620926       2.188705866399177E-002  1.890864195946642E-002
   724551.093389137       2.219462122265910E-002  1.844234404582117E-002
   346678.721564152       2.250558191676010E-002  1.797654714598591E-002
   2384608.07385622       2.282137403497935E-002  1.750920373845005E-002
   2331164.75856707       2.314040059802406E-002  1.703681019024385E-002
   846813.755227597       2.196162017514490E-002  1.674963736417926E-002
   2409931.61724288       2.153053779540172E-002  1.711590581196903E-002
   3171249.91166405       2.109905685296099E-002  1.748538503280012E-002
   1863296.92865907       2.066921233693435E-002  1.786053181530360E-002
   2775898.65265451       2.022957885919971E-002  1.755070191797325E-002
   1852213.81394547       1.978931498258332E-002  1.724758036054428E-002
   1091290.50621206       1.934971874617293E-002  1.694691711994046E-002
   2250848.53396998       1.849909258227141E-002  1.795534461538016E-002
   1037863.69494150       1.887741713010256E-002  1.833187192659175E-002
   238289.555225954       1.925147362854631E-002  1.870545423646125E-002
   946300.974710038       1.962354407126394E-002  1.907808170674148E-002
   1879223.33457371       1.931557978953275E-002  1.953413037074242E-002
   697109.557152404       1.899657180799219E-002  1.998568892073101E-002
   1867206.88705608       1.867168116398786E-002  2.043981207023883E-002
   1622330.90602588       2.456498035314120E-002  2.117829456728371E-002
   266158.203605751       2.487570312435035E-002  2.068092841945330E-002
   172512.933234825       2.519785870016469E-002  2.018958196221030E-002
   4376541.55266770       2.552537886522580E-002  1.969393941420669E-002
   3083359.58954775       2.585959342505867E-002  1.919371832407208E-002
   6112172.75975026       2.638123456839806E-002  1.962332914245750E-002
   1456924.45122145       2.690149712763139E-002  2.003895370761949E-002
   1014058.72310629       2.741596510916694E-002  2.044611673812406E-002
   3712415.42376368       2.791240326588331E-002  2.086284409316443E-002
   6163409.81951489       2.852940228780283E-002  2.011009778276118E-002
   3773650.64270512       2.798773553234821E-002  1.971055020491274E-002
   2585658.01761102       2.744899454759053E-002  1.932035474856790E-002
   1448709.30567459       2.691465114554931E-002  1.893800152995516E-002
   630948.528181650       2.640034924978234E-002  1.854727500344209E-002
   1584894.61028171       2.685116332883299E-002  1.812626794846207E-002
   3030504.56532606       2.730754753152509E-002  1.770302642623352E-002
   4854175.45750414       2.776192219391534E-002  1.727213030181351E-002
   3100067.03493551       2.821671599622459E-002  1.683716052644459E-002
   1252171.10645531       2.686151444521502E-002  1.649733750144960E-002
   665705.788781941       2.650036466998167E-002  1.699510304829074E-002
   2604042.32383973       2.613477695718769E-002  1.749530704731953E-002
   1589291.72565885       2.576544684293402E-002  1.800242862412645E-002
   3060012.00564473       2.526544261165809E-002  1.756600012539427E-002
   572222.511705438       2.476705031596284E-002  1.713601568408088E-002
   331070.268445132       2.427258640074320E-002  1.671000923521267E-002
   2399140.23682924       2.366449692809512E-002  1.744543725838387E-002
   1753385.29607659       2.418735983943201E-002  1.784726774931329E-002
   366466.338544203       2.470931981558380E-002  1.824377804787587E-002
   1160384.08290482       2.522147283819449E-002  1.864326535058964E-002
   1576099.17148179       2.476849867357031E-002  1.901831036996942E-002
   4441386.16760818       2.430466285750843E-002  1.939498303099755E-002
   4335459.28857809       2.384379786045489E-002  1.977868719338027E-002
   1796462.89255497       2.927141223363464E-002  2.074199173217899E-002
   2113678.83153436       2.968957532914948E-002  2.028826763787562E-002
   2777654.52519247       3.012312502932932E-002  1.983674391253606E-002
   6265593.17573576       3.055620152224430E-002  1.937360690271340E-002
   3279215.38012613       3.098658137323024E-002  1.890028779526827E-002
   5077312.66775195       3.147487193402969E-002  1.927160170237646E-002
   1280723.76089458       3.195894277756986E-002  1.963975613970564E-002
   1408403.74487359       3.243954778498582E-002  2.000079324817221E-002
   3355766.99720136       3.290572301073653E-002  2.037035397713542E-002
   6161504.36560615       3.361822405907637E-002  1.947426368087124E-002
   3356031.23140335       3.312508706823267E-002  1.910729957791606E-002
   2637291.77621716       3.263747226964535E-002  1.874343911249098E-002
   638758.241236284       3.215162814520357E-002  1.838669951026976E-002
   244269.212781207       3.167976620357629E-002  1.802425969581781E-002
   1586853.70601816       3.204528863127371E-002  1.742441610537055E-002
   1042741.53677560       3.242388029375139E-002  1.682992905204519E-002
   2348850.91992966       3.281526332764097E-002  1.624105137749253E-002
   2344655.15783482       3.321705519443333E-002  1.564036073081135E-002
   1630693.63069298       3.242464941982105E-002  1.589049483772383E-002
   3762610.86044890       3.187935603960527E-002  1.635792794468780E-002
   3790242.74983194       3.134141386515864E-002  1.683891013599298E-002
   1746924.25003123       3.081342115317755E-002  1.732887242666895E-002
   1838988.35725156       3.036552918697043E-002  1.694881760681395E-002
   324748.959716954       2.992061066375864E-002  1.657389882366043E-002
   698999.747429280       2.947982482807094E-002  1.620115513760754E-002
   3355616.39787640       2.869644693869830E-002  1.718403978076419E-002
   2469058.35342941       2.917401381749097E-002  1.752649605239918E-002
   1012705.87699627       2.965079534608686E-002  1.786217309016646E-002
   1189393.94430477       3.012243645785947E-002  1.819607371812569E-002
   2189417.72587910       2.974264396053181E-002  1.867460536079380E-002
   1123898.61041988       2.934445959771455E-002  1.914823335236818E-002
   2545140.17100063       2.894056143646830E-002  1.962654024301818E-002
   1973927.71513796       3.450164412048412E-002  2.020300627414898E-002
   1412618.44308167       3.488272189329309E-002  1.976481475132095E-002
   1512943.89794449       3.527864746345993E-002  1.933052522660864E-002
   4613689.31227348       3.567598941624216E-002  1.889094406450654E-002
   2676781.05421510       3.607561611995707E-002  1.844574303913636E-002
   5573075.12017783       3.661738562249582E-002  1.879864946852668E-002
   3011329.58969699       3.716141903328190E-002  1.914146600199027E-002
   2641969.42439143       3.770490362821700E-002  1.947417918757583E-002
   2731050.34072173       3.823542708683548E-002  1.980813583168591E-002
   5421565.90635007       3.872758903515300E-002  1.917529918098735E-002
   1879549.13671131       3.824456533560093E-002  1.875266855576533E-002
   526190.020154176       3.776998112647800E-002  1.833399440746048E-002
   2198906.33719481       3.730433955633711E-002  1.791495389609167E-002
   442499.270720228       3.685181489703672E-002  1.748816212788782E-002
   80714.2941050914       3.721826374585174E-002  1.701536248569982E-002
   1601965.59873355       3.758816312554452E-002  1.654216589994480E-002
   3627589.12120419       3.796113931042262E-002  1.606365824442196E-002
   2465319.31695515       3.833322147802162E-002  1.557775959319786E-002
   812195.151108950       3.713133351014222E-002  1.537337181025408E-002
   1054848.85900499       3.672440774525290E-002  1.581459362253127E-002
   2515294.36958484       3.631490339940142E-002  1.625757769774990E-002
   1478231.05598315       3.590517081046584E-002  1.670750799616318E-002
   3573361.45187039       3.528998666905153E-002  1.635777303968158E-002
   3274456.50173405       3.466765592443458E-002  1.602016060635218E-002
   2132284.34551695       3.404048941047192E-002  1.569585049575489E-002
   1189301.11081939       3.371366934630925E-002  1.614423570856455E-002
   1176518.20962842       3.419657730877260E-002  1.664055790921043E-002
   1890227.12936332       3.466633678520942E-002  1.714586594907683E-002
   637028.794720536       3.512727988046074E-002  1.765854667506253E-002
   481618.666786831       3.476005849464667E-002  1.810993279098511E-002
   2334398.22941011       3.438272985216113E-002  1.855935198764119E-002
   3167485.38239261       3.400286137847319E-002  1.901524681619866E-002
   1921676.15777872       3.935100904777510E-002  1.967838937399562E-002
   1700104.63084174       3.978987593947834E-002  1.922366961184659E-002
   2368782.23358499       4.024320104714253E-002  1.876950214195538E-002
   4617655.78928526       4.069723395627390E-002  1.830792118209449E-002
   2518195.23252495       4.114727562216614E-002  1.783716958536158E-002
   4854044.82768929       4.170615015343276E-002  1.818956508223679E-002
   2814619.87068010       4.226833798398710E-002  1.852948992282223E-002
   2528591.79887228       4.283247901108862E-002  1.885759679407501E-002
   3043479.89769958       4.338653994704987E-002  1.918404004038059E-002
   4785762.95875686       4.382105430179026E-002  1.858429183008230E-002
   599436.845423038       4.331816955084392E-002  1.816908783262450E-002
   825898.089964643       4.282477415317291E-002  1.775500179457397E-002
   2747970.14138775       4.234180184077045E-002  1.733824633804508E-002
   1061623.95856442       4.187130753047279E-002  1.691153736257186E-002
   163446.307690108       4.224455717803725E-002  1.646909935320928E-002
   1717102.67576597       4.262270924769702E-002  1.602544893490133E-002
   3723444.85429507       4.300438144294167E-002  1.557769536985120E-002
   2843110.90841850       4.338687323993754E-002  1.512510533063257E-002
   288682.483618794       4.206649886574949E-002  1.481063414994306E-002
   1662816.52492557       4.169821997618579E-002  1.526299000154371E-002
   3395633.42321843       4.132708212702853E-002  1.571802280985833E-002
   1899744.89101773       4.095691823858585E-002  1.618111710010207E-002
   3215354.06223218       4.045596110663354E-002  1.582087848261596E-002
   1192328.63062901       3.995718142697976E-002  1.546727696204904E-002
   579146.775884944       3.945996655248488E-002  1.511745202691875E-002
   2301778.77838782       3.881395827845974E-002  1.596417357321497E-002
   1112327.78864538       3.929194051907809E-002  1.634554916435972E-002
   859699.950795382       3.976503886649707E-002  1.672271250813509E-002
   834499.824142495       4.023085541903597E-002  1.710392293200109E-002
   1329285.36355304       3.986788756991828E-002  1.762026075552535E-002
   1016179.31955184       3.949372891892176E-002  1.813418146010686E-002
   2577475.14776330       3.911266295867691E-002  1.865096430929184E-002
   3632707.62227883       4.441155296446263E-002  1.902770780393133E-002
   1594281.42728127       4.482851753414607E-002  1.843500157355697E-002
   354835.005541408       4.527330994284937E-002  1.785470673820627E-002
   4071473.64324042       4.573277534821608E-002  1.727388304801122E-002
   2664915.74799096       4.618533936460537E-002  1.666742646817420E-002
   1992090.10687412       4.667762577932426E-002  1.713926471925270E-002
   1348810.83588216       4.715828606073629E-002  1.760805742695809E-002
   1095464.61488095       4.762820191220174E-002  1.808222497230568E-002
   2514656.13666417       4.808732384112981E-002  1.856652873985957E-002
   3892253.79250543       4.888589566404982E-002  1.752298516964004E-002
   3546625.87530442       4.827726067012207E-002  1.720710563667111E-002
   4160803.11243582       4.766571146616105E-002  1.689863618365525E-002
   2173418.73611813       4.704955438739639E-002  1.660230405804851E-002
   395669.586852734       4.644150826666423E-002  1.631352175892388E-002
   314327.186439118       4.691951575765391E-002  1.574354258934375E-002
   1335349.09983667       4.741855533883098E-002  1.517998002596141E-002
   3046681.00370976       4.791723576850817E-002  1.460706045230533E-002
   1614752.05069927       4.840418709173501E-002  1.401830986978864E-002
   1228197.17947323       4.747071440591007E-002  1.424919666318065E-002
   548754.800221652       4.701310389509187E-002  1.484301218920879E-002
   2372554.93516747       4.654849259410559E-002  1.543888100593210E-002
   2135274.72701127       4.609132073895281E-002  1.605288289887321E-002
   1071958.64541226       4.558644036340286E-002  1.558229083305245E-002
   1487154.18431592       4.509427160282244E-002  1.511538911981180E-002
   1409962.12162562       4.461383698427059E-002  1.464122173417740E-002
   3757400.94024413       4.399501223404730E-002  1.546154707485575E-002
   4152950.21150517       4.460759672731202E-002  1.578916956979376E-002
   2555765.60711604       4.522518967883757E-002  1.610187624371628E-002
   1237655.65568950       4.583621207495429E-002  1.640513545469204E-002
   1050161.55628530       4.534781083592963E-002  1.693977936670360E-002
   2791820.50622507       4.483155673672296E-002  1.747067532554346E-002
   4003698.66962050       4.431872732359980E-002  1.801720969554083E-002
   1191740.19325512       4.992205671023579E-002  1.833424213548968E-002
   876445.328623090       5.025782277946596E-002  1.785221047069407E-002
   1027745.31908213       5.060244552392833E-002  1.737271936330305E-002
   3524148.28513417       5.094898229406531E-002  1.688749084638353E-002
   2105564.33427753       5.129517830487085E-002  1.639727012644864E-002
   3548847.91800307       5.180016557887195E-002  1.677054697903863E-002
   1044365.01727875       5.230243343398014E-002  1.714024935950748E-002
   1014137.30571035       5.280352172239162E-002  1.750401620601204E-002
   1958939.96810855       5.329476784329558E-002  1.787214527027224E-002
   3603459.45044003       5.394252979002456E-002  1.699829015565453E-002
   1841724.87130115       5.343059384467779E-002  1.663890783061626E-002
   1298376.41190508       5.292159380653754E-002  1.628080617193541E-002
   879802.976312587       5.241466342399076E-002  1.592745866937771E-002
   309130.548976840       5.191823242755156E-002  1.556804749316961E-002
   715559.418299273       5.228681572948273E-002  1.499474207998542E-002
   123268.774585152       5.266186024567734E-002  1.442375887724597E-002
   1573153.83959198       5.303966630648958E-002  1.385079740522679E-002
   1127552.87206856       5.341661279078293E-002  1.327160077374039E-002
   270523.145417629       5.249773072284621E-002  1.342626626982260E-002
   1004204.40405617       5.202894830921191E-002  1.392715433622282E-002
   1667268.68487043       5.156128329548557E-002  1.443277350366140E-002
   900186.598178742       5.109580717817123E-002  1.494273468695844E-002
   1859706.36951574       5.051525326819570E-002  1.457640187793092E-002
   1420740.09199616       4.993186861385739E-002  1.421899313617394E-002
   462033.160164145       4.934782480501221E-002  1.386909028443782E-002
   944373.371559867       4.892879703676388E-002  1.445748263211903E-002
   394018.442549949       4.945001632216450E-002  1.489143522175812E-002
   1069258.16648019       4.996567304136961E-002  1.532616025221495E-002
   1316271.08429599       5.047428071684444E-002  1.576623967991052E-002
   683517.985746984       5.008576543553244E-002  1.620278225476095E-002
   1485389.27959382       4.968724988855660E-002  1.663987451496746E-002
   1960382.39979509       4.928826822793307E-002  1.708040658628297E-002
   1297002.07914220       5.480931205320651E-002  1.765541243988365E-002
   764537.313510590       5.517911305150044E-002  1.717617110178036E-002
   977872.522774916       5.555916532445603E-002  1.669757259023307E-002
   2884192.05894194       5.593941438078207E-002  1.621603345353156E-002
   1596235.16519722       5.632067782170821E-002  1.572873867709476E-002
   3016762.39246474       5.684230680851515E-002  1.608682618752886E-002
   1133526.30141186       5.736351317957993E-002  1.643874637482608E-002
   1148324.25754223       5.788422416169423E-002  1.678604069262237E-002
   2283169.57487131       5.839746433439483E-002  1.713477739846637E-002
   3134020.98386001       5.897113930137943E-002  1.634348345869643E-002
   910025.898249849       5.846676420628112E-002  1.596826564827371E-002
   451609.247625592       5.796537167296872E-002  1.559427731107991E-002
   1340611.78141547       5.746863872083263E-002  1.522165483820925E-002
   238980.964487452       5.697939616605817E-002  1.484392304708107E-002
   75615.5565018835       5.734991526469054E-002  1.437222514611096E-002
   1139119.45389090       5.772129985924445E-002  1.389898867336478E-002
   2107691.79372005       5.809421442593034E-002  1.342197560942195E-002
   1359998.16134144       5.846543546713720E-002  1.294261941255619E-002
   579211.208437522       5.718174642326970E-002  1.273292847996167E-002
   391363.197181363       5.682259895792117E-002  1.321472298967918E-002
   1411379.12928005       5.646190994601435E-002  1.369662058930864E-002
   608035.397281808       5.610186291910896E-002  1.418327528335143E-002
   1591225.61094312       5.551555647211739E-002  1.383178087220877E-002
   1036466.76349030       5.492815182908176E-002  1.348768375674474E-002
   339533.209662847       5.433963677811048E-002  1.314804138527654E-002
   822997.261763732       5.392842635894406E-002  1.372126613608955E-002
   300641.029644686       5.443850008528426E-002  1.416689684978908E-002
   949373.915491383       5.494256906858093E-002  1.461301796648979E-002
   673219.163508176       5.544257761434547E-002  1.506374820759515E-002
   421125.271661267       5.507389954774929E-002  1.554570097957036E-002
   1337838.24295180       5.469867596100830E-002  1.602589333190783E-002
   2016620.69200114       5.432119544610874E-002  1.651119213762579E-002
   1838783.86612444       5.975553496640880E-002  1.692532535200318E-002
   431337.123575345       6.013745934036056E-002  1.642176473017982E-002
   561562.956139984       6.052850518023047E-002  1.592070309706305E-002
   1972433.57264004       6.092103661978980E-002  1.541521512413949E-002
   1321153.82031230       6.131206720514137E-002  1.490386246894656E-002
   2047597.82371671       6.190250467097974E-002  1.526717435153765E-002
   959385.345095380       6.249421183703351E-002  1.562560566588422E-002
   705879.026240296       6.308566429954034E-002  1.597808848437616E-002
   1405407.73339145       6.367040186693144E-002  1.633316886777738E-002
   2003481.72449490       6.401772051455190E-002  1.585662565798492E-002
   950035.511974726       6.348345790175851E-002  1.541510661962636E-002
   242791.207798676       6.295252188364997E-002  1.497805190406228E-002
   864461.912688057       6.242457862992436E-002  1.454097795621037E-002
   470285.278915136       6.190317851147605E-002  1.409898946701881E-002
   176042.225913451       6.227771403066974E-002  1.356715053454609E-002
   542826.223692761       6.265670853750673E-002  1.303581347735332E-002
   1698075.49984359       6.303572727125631E-002  1.250236711932936E-002
   1081815.94591637       6.341493556695323E-002  1.196489849997555E-002
   333029.050489594       6.232407201615744E-002  1.196981328714076E-002
   688164.766334146       6.191683667427311E-002  1.247882681539786E-002
   1194613.44670368       6.150864512983469E-002  1.299094592932826E-002
   1145950.34898379       6.110085881644438E-002  1.350585660401062E-002
   1390132.67731605       6.061070270820862E-002  1.312717388756693E-002
   403085.890710730       6.012120543779780E-002  1.275334394035822E-002
   348585.776507174       5.963341237278817E-002  1.238210818981945E-002
   1422197.01010939       5.897990522247672E-002  1.328748062651290E-002
   825430.271585096       5.949270604181624E-002  1.363047263023819E-002
   263353.888269897       6.000441964325534E-002  1.396982016620962E-002
   1005863.34510289       6.051193607783174E-002  1.430943449019947E-002
   576375.676114350       6.013211250411039E-002  1.481518962255111E-002
   833294.685818444       5.974611758759564E-002  1.532092747593593E-002
   1596686.60083477       5.935938242360150E-002  1.583012078290597E-002
   632571.868548934       6.449162284579384E-002  1.620816848292133E-002
   1073830.06548362       6.495167056757838E-002  1.575022957165222E-002
   1323976.47399643       6.541597222883432E-002  1.528911112398514E-002
   1846889.77915389       6.587830337921176E-002  1.482472389300198E-002
   910363.079216550       6.633809672797869E-002  1.435607352980824E-002
   1528353.75229574       6.688345122621397E-002  1.466612415650480E-002
   895454.986727899       6.742801472753772E-002  1.497288566499792E-002
   883087.661422679       6.797392802389045E-002  1.527715485843466E-002
   834515.960403084       6.851614010664657E-002  1.558061492745750E-002
   1667289.16005368       6.897876036780697E-002  1.493377216062508E-002
   390706.177958522       6.850883610509756E-002  1.452183907324294E-002
   135444.705993142       6.804081640999890E-002  1.411054619811785E-002
   653056.326323553       6.757627258576700E-002  1.369999608546351E-002
   444249.339814841       6.711413019291594E-002  1.328607989146932E-002
   423324.186623086       6.742715874211710E-002  1.275067888502192E-002
   67348.8355299837       6.774238621030318E-002  1.221610130050936E-002
   895118.672782440       6.806088344943126E-002  1.168076719547611E-002
   857550.478067736       6.837917946390616E-002  1.114273338088257E-002
   335824.179028768       6.731543513409327E-002  1.112662220074893E-002
   1013722.20863125       6.689208716758370E-002  1.158483164659269E-002
   1361494.86131867       6.646887573218258E-002  1.204442157606976E-002
   830323.921208280       6.604710023591547E-002  1.250742083069118E-002
   1277899.26831045       6.551327289023336E-002  1.219525412415366E-002
   716085.713845068       6.497944923765910E-002  1.188677527716590E-002
   404119.260493908       6.444625455273373E-002  1.157959511021177E-002
   889386.906501830       6.388164943255310E-002  1.236961182127303E-002
   269949.190410542       6.434755774047407E-002  1.277185540053916E-002
   385487.842055014       6.481039958871049E-002  1.317361980845963E-002
   543396.506478504       6.527136434608727E-002  1.357658539647225E-002
   862022.442709149       6.496388396437262E-002  1.414725361802955E-002
   247950.276098013       6.465257824766391E-002  1.471600664456689E-002
   558872.431461565       6.433643472619503E-002  1.528498460282847E-002
   947390.404059285       6.962240317542094E-002  1.539963698363479E-002
   257221.709262563       7.002276935935385E-002  1.483048674920610E-002
   313857.069209995       7.043030166016698E-002  1.426315833182473E-002
   1490819.75985934       7.083905954347869E-002  1.369498225001500E-002
   820895.262653944       7.124688951730258E-002  1.312042340367252E-002
   1216054.68106422       7.178991866104747E-002  1.354080134575418E-002
   83892.3874794235       7.233215505454092E-002  1.395661420717150E-002
   237301.816295812       7.287270094699348E-002  1.437239412644055E-002
   984848.353302724       7.340985643567668E-002  1.479089230422104E-002
   1355676.29888608       7.394993199776376E-002  1.403657057445049E-002
   797329.328519500       7.337232730981448E-002  1.366463546159315E-002
   602308.216270257       7.279478834860263E-002  1.329642553369364E-002
   348669.867772470       7.221914233220154E-002  1.293037877345627E-002
   224114.410041003       7.164737367400686E-002  1.256236933956007E-002
   153438.323318441       7.206457097481470E-002  1.197353093846812E-002
   340025.129659994       7.248502070940564E-002  1.138498469091905E-002
   1034474.56443881       7.290807486895046E-002  1.079604839927613E-002
   744714.074686389       7.332931343261070E-002  1.020328106692132E-002
   105519.046052633       7.240987074953079E-002  1.042856446652263E-002
   525543.871367161       7.197048305307539E-002  1.100371199217308E-002
   993424.973408216       7.152939314698999E-002  1.157979601143050E-002
   492715.923473688       7.109184749241938E-002  1.216050035833416E-002
   682156.737997127       7.052835314570606E-002  1.174272679683971E-002
   57210.6912010635       6.996548505123960E-002  1.132931250679642E-002
   347848.446437460       6.940488201185036E-002  1.091500016077494E-002
   848017.628427790       6.895796201380812E-002  1.154074284398985E-002
   546032.492687791       6.953772117643288E-002  1.193448167693296E-002
   148488.674971127       7.011587643628592E-002  1.232562320367238E-002
   428184.770177441       7.069152158261977E-002  1.271751543666821E-002
   280160.135747870       7.026762816266241E-002  1.326972177535164E-002
   788182.110858049       6.983825316005872E-002  1.382009131592598E-002
   1311907.80551941       6.940739363451610E-002  1.437464957957461E-002
   766671.470156344       7.470160973266368E-002  1.458023203406765E-002
   280417.869705271       7.507660816242197E-002  1.400407208635081E-002
   20739.3471772481       7.545598761178367E-002  1.342971325269979E-002
   1067855.27289395       7.583744746285739E-002  1.285425998168936E-002
   682080.572619400       7.621818177047958E-002  1.227383582976285E-002
   1134461.12726146       7.678943830012007E-002  1.269973888488951E-002
   198977.367975154       7.736188602714940E-002  1.312007751702046E-002
   172887.146570467       7.793187453947525E-002  1.353923325845081E-002
   735993.164688268       7.849885886868721E-002  1.396066904899925E-002
   986926.285437921       7.894721365804562E-002  1.333107183811025E-002
   679204.290018369       7.835567111281086E-002  1.293527124589707E-002
   413108.697978826       7.776399151515824E-002  1.254362653250599E-002
   392708.652436512       7.717345723303320E-002  1.215250304152195E-002
   129757.153111982       7.658707727173741E-002  1.175963972954732E-002
   265417.370626515       7.702207002374606E-002  1.122412336632134E-002
   596213.661203706       7.745703463237343E-002  1.068667467379237E-002
   1003417.37243997       7.789095067419567E-002  1.014790115103302E-002
   527201.061844471       7.832283812378429E-002  9.605827414876207E-003
   518786.691618792       7.719822294129718E-002  9.651076776217930E-003
   128632.877078079       7.682579232324541E-002  1.022990782662450E-002
   285488.191691207       7.645004946272692E-002  1.080868033087292E-002
   283756.307660988       7.607457808320271E-002  1.138965961139471E-002
   652221.272536822       7.547484731323451E-002  1.096747927787106E-002
   199873.509571108       7.487325510456766E-002  1.055095083409302E-002
   172820.465359300       7.427391752925003E-002  1.013542960126792E-002
   567821.766437535       7.392429996614426E-002  1.063089534671250E-002
   245528.248792864       7.451999058710740E-002  1.105453513853288E-002
   227547.637783815       7.511437563036827E-002  1.147810134882224E-002
   451541.153104039       7.570591781773445E-002  1.190280301584096E-002
   202224.648792376       7.526920653575141E-002  1.243395834673430E-002
   702719.316235671       7.482873266378941E-002  1.296501885028717E-002
   966355.055371757       7.438851378160009E-002  1.349888509935023E-002
   354894.998318233       7.957539756001926E-002  1.378190160267056E-002
   362624.856444425       7.999135130476018E-002  1.329714098365224E-002
   485330.161832353       8.040873386323935E-002  1.281218867305643E-002
   845811.220708312       8.082664561298684E-002  1.232537034532957E-002
   468197.243673447       8.124260958722297E-002  1.183701859660195E-002
   613269.113974039       8.170681768710797E-002  1.217736129416172E-002
   217591.876655399       8.217059407010720E-002  1.251716977055471E-002
   234497.412799381       8.263413428016847E-002  1.285617873625296E-002
   291675.497935918       8.309629526722707E-002  1.319591473611072E-002
   645481.046794756       8.383662368570943E-002  1.215241636850362E-002
   299791.915492541       8.336089095091345E-002  1.182908553063149E-002
   231586.210142690       8.288588640366130E-002  1.150568264612663E-002
   112912.305630450       8.241128343501913E-002  1.118286847157998E-002
   80463.1369093677       8.193806904844914E-002  1.085934944050872E-002
   162067.093769569       8.228675947348649E-002  1.044194438649432E-002
   261632.735527089       8.263640814427058E-002  1.002351276298122E-002
   515657.259139103       8.298624253400673E-002  9.605403870640463E-003
   333829.165357634       8.333604407801695E-002  9.185866118882551E-003
   91199.9135691767       8.181144152018756E-002  8.766279052114447E-003
   173180.982182097       8.152864971133041E-002  9.231319118197660E-003
   359403.439596298       8.124460347434978E-002  9.697024263904190E-003
   448438.649902247       8.096104207083937E-002  1.016301398221016E-002
   709072.470738035       8.043518672068099E-002  9.832680506643224E-003
   455273.228210505       7.990802779501788E-002  9.504297541386443E-003
   358143.973219914       7.938203716667760E-002  9.177030226081729E-003
   302272.355891627       7.881055595723443E-002  9.990070181484748E-003
   97394.7818494242       7.929705342208679E-002  1.037291742038756E-002
   205748.661647852       7.978258258464696E-002  1.075668549208818E-002
   321177.332380844       8.026643077872510E-002  1.114026939817971E-002
   353057.243639988       7.993917594803365E-002  1.168733604138210E-002
   73409.3968736190       7.960980453403406E-002  1.223483244369086E-002
   356774.659671440       7.927895683530206E-002  1.278186813432180E-002
   235969.852276933       8.487871028506626E-002  1.289443718414381E-002
   108530.327956375       8.519507716690648E-002  1.237159766728571E-002
   139740.911952101       8.551320797035554E-002  1.184913018282651E-002
   618703.268246254       8.583170778332214E-002  1.132595116509187E-002
   380811.412524590       8.615039966740549E-002  1.080164484945667E-002
   694378.960681087       8.670741264949886E-002  1.117695991592690E-002
   230444.035131577       8.726443602043030E-002  1.155078534167167E-002
   173883.370959077       8.782003088794907E-002  1.192366303646257E-002
   395374.889663883       8.837455888334286E-002  1.229725446826542E-002
   633784.015157497       8.883913571797175E-002  1.163957397580251E-002
   380669.298362113       8.829726021550514E-002  1.124306394149475E-002
   202626.920641605       8.775598023904603E-002  1.084878438880827E-002
   216515.836692049       8.721541476327270E-002  1.045403471374245E-002
   47282.2591469532       8.667704624764201E-002  1.005791519671066E-002
   92774.8089159481       8.705741096849996E-002  9.522972331017100E-003
   312633.343370134       8.743919362432341E-002  8.988945026832045E-003
   604466.530133737       8.782103398210828E-002  8.453133681066382E-003
   371595.805750180       8.820231356618868E-002  7.915979680718575E-003
   59357.2045077710       8.708174890519965E-002  7.926506043900133E-003
   226819.931919672       8.669934539673338E-002  8.460570021656065E-003
   461846.752895044       8.631733538059518E-002  8.994997504866426E-003
   280183.463108032       8.593454598797640E-002  9.530678274377763E-003
   296487.898799638       8.550514474652715E-002  9.133470768289536E-003
   28887.3992066161       8.507550089302177E-002  8.736888430520635E-003
   110818.068374925       8.464750779566389E-002  8.340182055772005E-003
   438318.055235141       8.385439215373153E-002  9.459177824947599E-003
   393202.939253820       8.437248243457232E-002  9.731054894550496E-003
   153720.272362374       8.489067411143439E-002  1.000303540444827E-002
   30145.4053253245       8.540780644080097E-002  1.027383216467829E-002
   46662.1264216284       8.501636493345051E-002  1.074287120295629E-002
   359030.751109509       8.462323721412346E-002  1.121195804902951E-002
   458042.970085246       8.423005680802487E-002  1.168196432578285E-002
   139508.382090155       8.949597775940982E-002  1.210576523005218E-002
   336622.295896999       8.991380851416091E-002  1.168089221876900E-002
   379560.042964017       9.033173204109929E-002  1.125491157383685E-002
   458364.166253657       9.075055018454106E-002  1.082893696703961E-002
   244151.067427196       9.116865373169364E-002  1.040197283435756E-002
   385639.920330241       9.169327545287424E-002  1.066707727983897E-002
   224295.316253867       9.221816890166037E-002  1.093103089798866E-002
   385764.379605657       9.274243495297042E-002  1.119483712622103E-002
   1166665.79292089       9.326610192413444E-002  1.145770764607930E-002
   894307.917306554       9.376826912663576E-002  1.074197047240971E-002
   167700.039504716       9.334115359455712E-002  1.034022744666592E-002
   188947.591038625       9.291474306351390E-002  9.938814334153213E-003
   332057.713008905       9.248988059981442E-002  9.536121590724006E-003
   322466.697200089       9.206581259954692E-002  9.132841627800748E-003
   336514.271615777       9.233114161559379E-002  8.604765613131206E-003
   75038.0638586079       9.259747921440466E-002  8.076768639527748E-003
   424407.326020562       9.286625267470874E-002  7.549420535417854E-003
   459854.795295618       9.313484280166551E-002  7.020199176297306E-003
   291102.346555174       9.204199144572414E-002  6.959213004792320E-003
   646646.227922602       9.162772538930965E-002  7.383520036382983E-003
   827507.960448974       9.121259229286360E-002  7.808186463239646E-003
   342138.251191427       9.079845034839067E-002  8.234265687139360E-003
   526690.002154062       9.027935087282460E-002  7.968737536061385E-003
   237750.057988155       8.976144931704866E-002  7.703520732784429E-003
   124659.033607409       8.924255765094938E-002  7.438602704363971E-003
   224720.550818636       8.862809590360467E-002  8.313575017766774E-003
   73263.6807885992       8.905396667800482E-002  8.710415802155133E-003
   302312.828454436       8.947794130611864E-002  9.106317789860945E-003
   192753.422587642       8.990074216751248E-002  9.504165450687656E-003
   148101.862800625       8.963663721902661E-002  1.003798870016413E-002
   34961.2428689771       8.937200591212678E-002  1.057182715175696E-002
   196580.628639118       8.910549178727370E-002  1.110506476717707E-002
   1118569.67590847       9.448142178434502E-002  1.124668710925694E-002
   479392.888269452       9.486721997778233E-002  1.071405696969170E-002
   246455.946029684       9.525475730075157E-002  1.018127077944783E-002
   49229.1252319829       9.564448235747000E-002  9.648858492225873E-003
   186347.779470077       9.603362401389361E-002  9.114707507525023E-003
   36574.9672139202       9.654888735722092E-002  9.498006242752828E-003
   9657.91209851994       9.706521118798588E-002  9.881006713401580E-003
   2528.01334585300       9.758069359011083E-002  1.026519459522938E-002
   679.764707792960       9.809700264497032E-002  1.064822144965458E-002
   415.991022217214       9.868663479621456E-002  9.821553325804691E-003
   1712.01873687775       9.815636773017970E-002  9.458095694134182E-003
   6540.52766972515       9.762527206851483E-002  9.095797704069935E-003
   24762.9239128829       9.709502513738040E-002  8.732317510998162E-003
   152795.878070812       9.656484149567582E-002  8.369937131461764E-003
   286729.503303367       9.697639359085072E-002  8.026078696831990E-003
   247553.126147906       9.738829749235262E-002  7.680950386511452E-003
   223308.700618111       9.780107859690312E-002  7.336116274588229E-003
   15692.7247420966       9.821189227563129E-002  6.989540619843245E-003
   206615.939076183       9.639009808061290E-002  6.335115156640260E-003
   198167.404939831       9.620080542928315E-002  6.837024573111153E-003
   158705.623732192       9.600983317418202E-002  7.338016051444955E-003
   399722.396975843       9.581869953840649E-002  7.838524745723054E-003
   468924.907952972       9.526747497571851E-002  7.461731749842731E-003
   285071.423061973       9.471566557868452E-002  7.088079401299980E-003
   120858.243302701       9.416558011545988E-002  6.714175530869337E-003
   491740.094816746       9.367454052025198E-002  7.412888676973647E-003
   141862.615704071       9.421477725653024E-002  7.802473267356520E-003
   164720.100127374       9.475286807905840E-002  8.192747239744891E-003
   649379.222020947       9.528923580939185E-002  8.583520237761346E-003
   237810.930006799       9.490971281072930E-002  9.121913040328311E-003
   44062.7247205572       9.452947123876647E-002  9.660864886692256E-003
   275853.615659646       9.414794494453108E-002  1.020018086220742E-002
   6790111.59436438      -3.067000000000000E-003  2.500000000000000E-003
   10997483.9873949       2.259895072012386E-003 -2.998326709901804E-003
   8319696.95495488      -3.661000000000000E-003 -2.500000000000000E-003
   2026987.17847503      -2.532617371479047E-003 -3.688120126279810E-003
   5651456.88978939       7.009095069285307E-003 -3.679812248879368E-003
   5948934.73598584       1.179905522401293E-002 -3.924462301342573E-003
   3694559.93215349       1.656646269960840E-002 -4.096092750701716E-003
   4147316.05338622       2.143683195173657E-002 -4.230034438033037E-003
   4235782.10618941       2.629745457604465E-002 -4.565788091634712E-003
   3603570.16363790       3.112207138478820E-002 -5.139132024797372E-003
   4752541.71936888       3.592260815801528E-002 -5.580354089989993E-003
   4066866.84545957       4.073005860248676E-002 -6.248873325273716E-003
   1719156.71260153       4.552458077021915E-002 -7.289197423820786E-003
   2913659.90585490       5.046114717720022E-002 -7.235135896871412E-003
   1590058.92034803       5.524666051374707E-002 -8.296198086664488E-003
   1014886.66564765       6.009278956481799E-002 -9.313955415292905E-003
   1548991.42798973       6.506764151888665E-002 -9.573373056643906E-003
   903299.921859013       6.992759638813789E-002 -1.057590800933222E-002
   863872.304899757       7.488371641361335E-002 -1.105917888169016E-002
   308041.006590366       7.971946641797879E-002 -1.231275555995542E-002
   258211.164770472       8.466479634092018E-002 -1.297427546642238E-002
   68592.4425392003       8.956550708200850E-002 -1.393054720964446E-002
   38705.3094447370       9.584705081560589E-002 -9.238662264903563E-003
   252.403692564693       9.530579438268078E-002 -1.421749165623824E-002
   170.932427881206       9.448898449168414E-002 -1.479658615839372E-002
   3463113.63137346      -3.072000000000000E-003  7.500000000000000E-003
   96180.7199918854       9.718355678535222E-002 -4.397263944966567E-003
   2089130.82534297      -3.322000000000000E-003  1.250000000000000E-002
   291151.952685709       9.771662936691747E-002  5.761827063125169E-004
   2075564.66143114      -3.054000000000000E-003  1.750000000000000E-002
   201761.437520500       9.936772624925060E-002  5.356655374244682E-003
   4169106.68043781      -2.460274627268983E-003  2.292246857712266E-002
   14643643.0387671      -2.964000000000000E-003  2.250000000000000E-002
   600953.474664503       2.786576122194307E-003  2.300245394385774E-002
   618014.382584601       8.003050415171636E-003  2.274010074308997E-002
   490381.432034242       1.323679908091288E-002  2.276434702729762E-002
   428016.729787498       1.842383167768070E-002  2.234608527690351E-002
   1500264.80115854       2.356416084494470E-002  2.235660620214184E-002
   554233.174097138       2.865147312000315E-002  2.147647912244201E-002
   797378.485891783       3.378651720503142E-002  2.107765897399589E-002
   830833.877184200       3.885776617662648E-002  2.029678594414064E-002
   1241196.70541974       4.397775705940533E-002  1.961313036981163E-002
   452062.884885028       4.911970833095158E-002  1.936321210210787E-002
   612131.909584788       5.415987445952080E-002  1.851724469064666E-002
   903522.212746517       5.918142404283536E-002  1.770290584026213E-002
   419375.691778064       6.414324184938985E-002  1.668020432035760E-002
   389516.875546199       6.915976451606341E-002  1.604205614630921E-002
   243300.692989296       7.416091831521732E-002  1.533046016584797E-002
   194680.759830781       7.912632254776791E-002  1.440891071773256E-002
   152954.860503265       8.413814820761030E-002  1.393554558762776E-002
   118935.708899985       8.903085255888309E-002  1.276169415587242E-002
   644902.428172609       9.397986466167939E-002  1.195552613919440E-002
   191.422437974360       9.951330404257767E-002  1.041118548873341E-002
   282.659534113803       9.892367114536417E-002  1.123785465843706E-002
