   644225.103216936      -1.674384329974054E-003  2.495662033950339E-003
   677542.410031525      -1.262966496814701E-003  1.940245817911160E-003
   61552.0714431252      -8.528122523753746E-004  1.383916628869141E-003
   2305226.99141194      -4.476691170431161E-004  8.273890729750127E-004
   1311668.75793542      -4.497337838006201E-005  2.745484814810715E-004
   1490462.15488698       3.033717810117286E-004  8.263246234020867E-004
   853689.327490558       6.633381913168296E-004  1.382798858442753E-003
   194711.057522742       1.030040892884498E-003  1.936864960803515E-003
   728775.009334052       1.408370691038760E-003  2.484012960322721E-003
   3541385.08649324       2.417917352595889E-003  1.449072633835602E-003
   3154772.50810900       1.875716589013613E-003  1.086224812352247E-003
   4246821.65088800       1.334983897702158E-003  7.231258361015431E-004
   3499945.21446638       7.998242148196181E-004  3.505342127037597E-004
   275299.949237151       2.617917380807899E-004 -2.789339422460527E-005
   947920.585079200       7.977407953636340E-004 -5.312676197648400E-004
   1853606.83031662       1.312629394138169E-003 -1.036036258837477E-003
   4191001.13915911       1.831212716936922E-003 -1.529273615949937E-003
   2011814.13159224       2.357654820739769E-003 -2.010326496706951E-003
   588876.937264370       1.743089308648190E-003 -2.609473190200739E-003
   2059507.05171744       1.277240786759932E-003 -2.042471307179498E-003
   217833.474023296       8.295468745903589E-004 -1.465310149878751E-003
   2157550.92862419       3.939773496090164E-004 -8.880964614292494E-004
   3232158.77176703      -4.288962267694718E-005 -3.277472428512350E-004
   3063418.36371779      -4.480510732659164E-004 -8.801823922542252E-004
   217055.649389435      -8.613284188633499E-004 -1.438571371893448E-003
   835637.303934193      -1.286153135286025E-003 -1.993896240166763E-003
   2338760.58208176      -1.719056311505526E-003 -2.543648050479122E-003
   221407.851260922      -2.496274463769707E-003 -1.745713817669355E-003
   3965484.93475468      -1.952901802894163E-003 -1.328549038145023E-003
   4082679.12762495      -1.416394014922247E-003 -9.018377541986655E-004
   2407695.55188323      -8.857312496640460E-004 -4.667054881308800E-004
   1869418.92895996      -3.481904313075503E-004 -2.663336985402807E-005
   149000.658567652      -8.926418096210595E-004  4.003173456413909E-004
   1604201.64685834      -1.430159268834669E-003  8.267960845521500E-004
   1843856.57604514      -1.969318738657882E-003  1.250679395509308E-003
   766415.319957853      -2.511977366267743E-003  1.668587812507128E-003
   1215514.63660788       3.462522683432221E-003  2.452272724745643E-003
   822803.543196924       3.823301600092673E-003  1.961108101606824E-003
   234644.203861100       4.173819756920670E-003  1.465030628969104E-003
   2128333.76830152       4.519591435669380E-003  9.707084385551135E-004
   2069592.18600879       4.859707727875320E-003  4.817896572079845E-004
   3688038.98179209       5.343296468792050E-003  9.471767565483219E-004
   1333053.78687740       5.823134501245920E-003  1.423021833235511E-003
   143080.460108446       6.306478197563428E-003  1.905978258489615E-003
   964209.274186518       6.802331956566541E-003  2.384834116194717E-003
   2586281.30077910       7.336343671344966E-003  1.830656424066986E-003
   2584400.50827828       6.867582703487004E-003  1.349372574164577E-003
   1117806.88448076       6.398751731399778E-003  8.581398608887865E-004
   1059211.34812524       5.926006756599690E-003  3.640864084669780E-004
   889342.607041974       5.439761387961378E-003 -1.257948154917902E-004
   683439.423281631       5.899066749587526E-003 -6.006799010927686E-004
   1592702.96881593       6.349039279573020E-003 -1.076029629382110E-003
   4128718.80841638       6.799696374133142E-003 -1.543680543930248E-003
   2244417.10400495       7.250411648510478E-003 -2.005737245714912E-003
   143449.173559426       6.541310387615524E-003 -2.684654665326601E-003
   1382692.98834865       6.099952889438727E-003 -2.189702415110734E-003
   870030.486193590       5.672784152730406E-003 -1.688565747640741E-003
   2139612.40727947       5.249154598829399E-003 -1.191234477774186E-003
   2388531.91007561       4.826831013137719E-003 -7.006166214181702E-004
   3704178.01237228       4.360842472434282E-003 -1.167044594858222E-003
   1318810.90409519       3.899792661694098E-003 -1.645504122533592E-003
   742042.161398457       3.437210075731197E-003 -2.132361978477542E-003
   92763.0493553939       2.964021496192127E-003 -2.616414708263096E-003
   1403163.93035849       2.821276513406415E-003 -1.534416170559253E-003
   461520.099680056       3.288193450422439E-003 -1.053436075222607E-003
   1675522.90276943       3.759891653700308E-003 -5.709647389922291E-004
   785802.983222713       4.245907258402461E-003 -9.342759501033969E-005
   1281267.64927224       3.785379527228390E-003  2.988791269121211E-004
   3075918.20902125       3.330989433050878E-003  6.887170078726721E-004
   3516322.61235640       2.874505334725789E-003  1.070708405830549E-003
   876313.122292750       7.895776044953092E-003  2.358701262197702E-003
   763450.465002145       8.370788825212359E-003  1.925801473392463E-003
   1781844.38900200       8.837291061647564E-003  1.493558636652904E-003
   2798937.85680316       9.302556059089351E-003  1.066787086044687E-003
   1788649.64418403       9.771508798060042E-003  6.466422357233100E-004
   2381762.56648518       1.020925447268582E-002  1.046480615370246E-003
   1280225.86562580       1.064517009490198E-002  1.452031737124506E-003
   289219.834657026       1.108409896624369E-002  1.860957930223938E-003
   923893.861360019       1.152735384779510E-002  2.271344011150288E-003
   1200448.79818017       1.226495953103101E-002  1.509131877046664E-003
   1965770.43892632       1.185648889550191E-002  1.077832980516382E-003
   414493.944438336       1.144785708690281E-002  6.405351044988080E-004
   741627.060539246       1.103547353474977E-002  2.026974989583013E-004
   1128815.59632524       1.061723427389658E-002 -2.350606680123717E-004
   195406.783199356       1.101640561662775E-002 -6.050145801377524E-004
   750790.329590630       1.140930496056859E-002 -9.749051872756302E-004
   2780853.49110074       1.180121836943378E-002 -1.342480794092795E-003
   1708625.30409069       1.218856004115670E-002 -1.711518349264938E-003
   984778.856563387       1.105754388062446E-002 -2.763525321251329E-003
   218941.995878865       1.071930399758078E-002 -2.340422345939846E-003
   1587461.28622287       1.038869280273633E-002 -1.914503649080095E-003
   2546516.07315388       1.005933636465365E-002 -1.492369049792659E-003
   2335212.62213037       9.730579420350664E-003 -1.073729013605597E-003
   3686259.77652289       9.284163959452857E-003 -1.474634556650219E-003
   1648616.90722780       8.838023611461228E-003 -1.880887142773476E-003
   1511985.18683577       8.393088073681101E-003 -2.293503447823197E-003
   401145.172589916       7.937739177574800E-003 -2.704651286726475E-003
   1349938.22868216       7.650918268954874E-003 -1.554619258765958E-003
   618106.901816974       8.056557930482246E-003 -1.102595886274245E-003
   1253261.25915209       8.465996802434615E-003 -6.469729359447262E-004
   955180.849164880       8.884841612649120E-003 -1.951274413632437E-004
   812871.474298231       8.489403963932740E-003  3.123318718309315E-004
   394569.115533320       8.100869962690349E-003  8.208944754174403E-004
   1879664.20510747       7.717380221153819E-003  1.328924052852123E-003
   1291598.56781083       1.302995082617693E-002  2.240836473288238E-003
   1345005.53164318       1.345607334916520E-002  1.678184900372024E-003
   848306.968947186       1.387230030495041E-002  1.109945177784193E-003
   1922954.10631332       1.427903841487309E-002  5.392055388634028E-004
   1651055.56725557       1.468336575194840E-002 -2.180085434608296E-005
   2731263.16741643       1.515167326828266E-002  5.168607063226509E-004
   67394.1924168660       1.562290987066801E-002  1.068767042241175E-003
   476777.088643497       1.610478376435822E-002  1.617134833135423E-003
   923287.813616266       1.660311128906413E-002  2.154890298789162E-003
   3117777.43370266       1.715374571398609E-002  1.566100340842258E-003
   3475658.43679357       1.661062376282296E-002  1.102614723728872E-003
   3148421.99637622       1.607595019960005E-002  6.266409007658444E-004
   1157395.95292676       1.554444401246527E-002  1.380296307333059E-004
   1465562.71498978       1.500213918669524E-002 -3.500279141938541E-004
   294449.993657672       1.552073500731869E-002 -9.029624395806525E-004
   1446452.26100878       1.601481929000657E-002 -1.462776147738792E-003
   4518725.77240616       1.650929233241493E-002 -2.010010255521397E-003
   2119788.48315787       1.701658613330962E-002 -2.538006838897839E-003
   981424.450567471       1.655045347130918E-002 -2.980095346035251E-003
   2304424.86343818       1.605767984671927E-002 -2.404139693247532E-003
   545211.480120431       1.559050942632894E-002 -1.815136507954593E-003
   2631403.33569407       1.513440363225819E-002 -1.227524634973625E-003
   2752591.62241035       1.467078857205788E-002 -6.618630957938356E-004
   1667485.14959928       1.432996201834489E-002 -1.204011149463403E-003
   1094707.48037333       1.397945816862422E-002 -1.752207611902042E-003
   736610.410936757       1.362033899392067E-002 -2.297130017366048E-003
   86163.6402020966       1.325177421549972E-002 -2.835803334601369E-003
   3223187.51252731       1.273157603275450E-002 -1.375192290135831E-003
   3966235.81684171       1.327282046458576E-002 -1.036208966997678E-003
   2643721.63815091       1.381050307405335E-002 -6.894222172898446E-004
   106133.295962070       1.435272765244214E-002 -3.345939003423208E-004
   348804.718819395       1.382580254544521E-002  1.350777623527787E-004
   1891640.97070385       1.330872902348439E-002  6.012042963355004E-004
   2320378.72922017       1.278951015718702E-002  1.059353385559256E-003
   1130836.02095684       1.774752664888835E-002  2.110052465626059E-003
   337594.875972518       1.820729045033623E-002  1.604347628124278E-003
   815135.743619126       1.865443167932850E-002  1.096628218842231E-003
   2500469.06739349       1.909931398203670E-002  5.923878729050590E-004
   1687348.92532988       1.954636928633645E-002  9.913114098977229E-005
   2079741.31620191       2.000240849498723E-002  5.547292389624189E-004
   625806.973038203       2.045907913276634E-002  1.018297309430650E-003
   738780.606595603       2.091823735555106E-002  1.483253775900185E-003
   860877.396431383       2.138456203810967E-002  1.947965932466343E-003
   1256505.25321378       2.206095934576840E-002  1.219677491285308E-003
   2136800.85590595       2.158023488133687E-002  7.877217540714377E-004
   871177.261348975       2.110226024029735E-002  3.493994839213730E-004
   495663.142464620       2.062071242172700E-002 -9.309941149026761E-005
   1474248.06107847       2.013260226968688E-002 -5.333058457558260E-004
   471386.850126639       2.058349003264107E-002 -9.934924121907771E-004
   275684.201780396       2.102587941496144E-002 -1.456001322515193E-003
   2149644.70269526       2.146496433197816E-002 -1.915460003931357E-003
   1328583.87917979       2.190309908207468E-002 -2.374008320400313E-003
   386809.025617989       2.107250528568566E-002 -3.109245880281362E-003
   516782.699837566       2.067212075260188E-002 -2.607007280899573E-003
   1165643.07006132       2.027979246824589E-002 -2.104271391596150E-003
   2198541.21737087       1.988833642984680E-002 -1.604745835074350E-003
   2249418.37955949       1.949578174908250E-002 -1.113113936245297E-003
   3743284.61433285       1.898534543564437E-002 -1.567634594087435E-003
   1761845.75133084       1.848181148191622E-002 -2.037372114137385E-003
   957707.832306261       1.797989208272415E-002 -2.516507591846608E-003
   200961.581151687       1.746562422702393E-002 -2.996248114634207E-003
   1244590.26746246       1.747907396384591E-002 -2.027672852014465E-003
   96137.5713438976       1.794369517691918E-002 -1.509709579524642E-003
   1998181.55428629       1.841856853510281E-002 -9.917260691136704E-004
   1796105.29460800       1.890820405734161E-002 -4.823673315118387E-004
   726681.167747828       1.846129089109986E-002  3.266168338257976E-005
   963212.799252132       1.802340598765900E-002  5.505404315299016E-004
   2309887.50810870       1.758994721339253E-002  1.062810607390508E-003
   794699.311032375       2.279113504017858E-002  1.890625773575850E-003
   1186487.82564413       2.321674688545622E-002  1.291600251563781E-003
   1141919.21923825       2.363075076590012E-002  6.847154541566507E-004
   1163621.88482757       2.403461177760085E-002  7.386204536964300E-005
   1078925.98382890       2.443161059668754E-002 -5.282756707125327E-004
   1280423.68108442       2.490033141053629E-002  3.368068531497243E-005
   963829.719097470       2.537677914682943E-002  6.020480471134784E-004
   912988.084140846       2.586722170135882E-002  1.163743305483391E-003
   400114.654249243       2.636979131631625E-002  1.714425089471565E-003
   1977258.56373565       2.695798001488612E-002  1.048895498562752E-003
   2478507.76050479       2.636822048170064E-002  6.164242583544145E-004
   2767360.22032073       2.578514634753087E-002  1.741641724707035E-004
   1344890.00033130       2.521124301082965E-002 -2.803411921616857E-004
   1172585.71419032       2.463130107783458E-002 -7.424622581332736E-004
   590260.818647625       2.516440297778503E-002 -1.286290003787861E-003
   1687842.73047219       2.568232009038908E-002 -1.828700718409605E-003
   2937317.20840929       2.620936841469807E-002 -2.357360720936272E-003
   1322732.14035452       2.674539533887586E-002 -2.875572959704515E-003
   638271.518858251       2.617987411210253E-002 -3.388329812492538E-003
   1758798.30039419       2.571951483045566E-002 -2.782222074805741E-003
   516895.620332851       2.527614510999774E-002 -2.165246345137171E-003
   1310379.18597293       2.484508677366487E-002 -1.544612439350151E-003
   1718656.88301564       2.441448269212526E-002 -9.380353078432165E-004
   1228228.07345600       2.398991070360694E-002 -1.503701663993033E-003
   1347832.70485307       2.355409101367180E-002 -2.076131527885988E-003
   1024501.70574858       2.310616059551151E-002 -2.642685679214054E-003
   370584.447263700       2.264604521710567E-002 -3.199277543376416E-003
   2599791.57041572       2.248722947195258E-002 -1.974907111112606E-003
   3146524.50126047       2.306662068893251E-002 -1.569519448990009E-003
   1581896.99404765       2.363729521582173E-002 -1.151354116145095E-003
   885877.357070697       2.421467615917009E-002 -7.242121529845999E-004
   371270.915558571       2.367540214872713E-002 -2.268102334700701E-004
   2123332.04462662       2.314457166879710E-002  2.654084570726218E-004
   2064835.14684873       2.260560535664487E-002  7.459968454544646E-004
   832041.691485093       2.762734876194873E-002  1.633807392078364E-003
   106706.976080061       2.805893151499622E-002  1.092627592422354E-003
   818255.598567255       2.848278883503668E-002  5.495276110982547E-004
   2421771.81767493       2.890300425126682E-002  9.722137033889430E-006
   1366692.19469187       2.932719566318944E-002 -5.199803230817118E-004
   1283457.74853835       2.973498826328627E-002 -3.367091370456207E-005
   466372.086691533       3.014792176926091E-002  4.562154007004312E-004
   825706.269766512       3.056425440528862E-002  9.455706484839132E-004
   906795.238016303       3.098701690897710E-002  1.431681868875976E-003
   1390608.91947580       3.186261339139008E-002  4.436214638742137E-004
   1984962.25521098       3.134171056997233E-002  8.268491054635530E-005
   1719945.25270689       3.082259165286779E-002 -2.816480064394619E-004
   390519.223781811       3.030444297295697E-002 -6.521570041772898E-004
   414423.200870571       2.978237054111928E-002 -1.023466213498271E-003
   100142.126204003       3.025584699078944E-002 -1.537667118291173E-003
   833235.614603397       3.072190504258337E-002 -2.054450027641566E-003
   2318002.81795522       3.118703185081046E-002 -2.566175402356337E-003
   1257944.88175925       3.165435018187007E-002 -3.073056147270244E-003
   263310.665898050       3.103730589642515E-002 -3.623999857969829E-003
   737700.628194185       3.058843322219003E-002 -3.086134838050409E-003
   643363.569505797       3.014947856248416E-002 -2.545210462139989E-003
   1654950.47466685       2.971256898903829E-002 -2.006569505955909E-003
   1416451.89083035       2.927498715643577E-002 -1.476122982801935E-003
   2084486.21278142       2.877272216711875E-002 -1.957296743880939E-003
   452062.733167820       2.827322312592841E-002 -2.448762844333519E-003
   83972.5154217977       2.777287248315330E-002 -2.944077434602280E-003
   294722.377546783       2.726297204860688E-002 -3.436107317135321E-003
   1111936.89619641       2.726034495584807E-002 -2.403910100937915E-003
   507968.425276070       2.777465319417509E-002 -1.927696472502261E-003
   954906.289467321       2.829207475955384E-002 -1.447834301837817E-003
   1027902.69835119       2.881872345487487E-002 -9.723822756216542E-004
   327341.013512661       2.834630626661060E-002 -4.653431256758093E-004
   1093063.05632212       2.788266373464304E-002  4.288905688024146E-005
   1875890.49053090       2.742125657149316E-002  5.487117272314215E-004
   387552.567621815       3.285397629535761E-002  1.315087897959184E-003
   232027.450551145       3.322021345115846E-002  9.022302876658475E-004
   729301.904866442       3.358215927653648E-002  4.883288158035234E-004
   1486728.64651704       3.394421675669562E-002  7.705197047976065E-005
   1074587.17529442       3.430518170985404E-002 -3.317357163390461E-004
   1449923.57791041       3.473151408323406E-002  2.801685894144581E-005
   604184.831823031       3.515868775885084E-002  3.893743683689322E-004
   354243.217080674       3.558793353934137E-002  7.533200070686840E-004
   501897.010239655       3.602023055699603E-002  1.114928219617379E-003
   1856493.60354828       3.682923109511114E-002  1.959730235341212E-004
   1305601.39374735       3.642528197766846E-002 -1.878440852650098E-004
   861440.794403672       3.601883274077147E-002 -5.739031017876977E-004
   59248.3985392840       3.561251503157102E-002 -9.608840305210891E-004
   574050.662432841       3.520338732606754E-002 -1.347434562219787E-003
   665073.730958600       3.555487479879169E-002 -1.900400524547902E-003
   657224.575004604       3.590053811773979E-002 -2.455387513309348E-003
   1257720.88649405       3.624279957396308E-002 -3.011929476689150E-003
   986467.428833636       3.657918434253607E-002 -3.566052207873532E-003
   550591.792357483       3.615091717321543E-002 -3.934901521708096E-003
   497656.585849773       3.565792620462661E-002 -3.506557047764556E-003
   1829323.34475918       3.516938555298471E-002 -3.079926097903993E-003
   1761166.77578372       3.467919475302546E-002 -2.659558655171753E-003
   1431600.23610495       3.418617236561278E-002 -2.242107839474813E-003
   2066522.20268072       3.369217856263134E-002 -2.597722484429596E-003
   1325343.71911605       3.319832096472639E-002 -2.956858389676007E-003
   1239441.51164290       3.270626044539347E-002 -3.321341409930018E-003
   375417.157404604       3.220891850414949E-002 -3.685350228988827E-003
   397879.546942509       3.205643695793185E-002 -2.611042467865101E-003
   113475.722706898       3.246351442535512E-002 -2.149478927235966E-003
   882593.647393857       3.287285621171002E-002 -1.686833311015920E-003
   547922.775446777       3.328676559421470E-002 -1.227723086781270E-003
   76577.7963711554       3.292820295857998E-002 -8.089917301272738E-004
   702933.873660098       3.257230427296306E-002 -3.895015029716779E-004
   1294454.01185764       3.221648382814480E-002  2.747649627354073E-005
   334880.155173277       3.775148705957505E-002  1.000347023546360E-003
   173873.876734709       3.812893606143390E-002  5.245595684071158E-004
   189722.003944598       3.850196364196135E-002  4.570442212619070E-005
   1219028.82051151       3.887242020961148E-002 -4.309033071036956E-004
   895750.210214915       3.924154578394468E-002 -9.065283075728248E-004
   1330417.91956806       3.967241387595268E-002 -4.886405060595617E-004
   361784.978273400       4.010402832377957E-002 -6.900608444757993E-005
   87111.7741083111       4.053826172525461E-002  3.529186517579402E-004
   532960.785312913       4.097522029953975E-002  7.724995080254156E-004
   1392424.61973328       4.178572708589782E-002 -1.609232199059798E-004
   1176770.03899602       4.131737373701232E-002 -5.353541854773516E-004
   789215.325750926       4.084744402377404E-002 -9.126100149426982E-004
   67652.2774587446       4.037761383398627E-002 -1.290964867178570E-003
   390628.697180650       3.990322625107780E-002 -1.668857155966670E-003
   241441.766182818       4.031778867354292E-002 -2.113785782664473E-003
   671580.049841827       4.072684765901302E-002 -2.559866722748858E-003
   1944658.45865189       4.113644716726859E-002 -3.002444231466779E-003
   1157596.42713422       4.154371977177097E-002 -3.444748307965796E-003
   296630.694659133       4.061677927874572E-002 -4.240809974355317E-003
   436185.228410775       4.024191630953032E-002 -3.762230916451017E-003
   704005.097366545       3.987353188439084E-002 -3.281161490828806E-003
   1355340.45295306       3.950511975898503E-002 -2.803106315848845E-003
   1317878.24667094       3.913838581477700E-002 -2.327137101921485E-003
   2235523.06233773       3.859140884630201E-002 -2.737080671297523E-003
   1128061.26548514       3.804762823877212E-002 -3.151286329835967E-003
   746812.825700726       3.750363660642613E-002 -3.572034731831327E-003
   168463.995349352       3.695226939470242E-002 -3.991277051804283E-003
   980640.561964976       3.704725140551138E-002 -3.068366959344421E-003
   139197.111502382       3.751866170281225E-002 -2.565612574950750E-003
   962731.507618845       3.799365545243557E-002 -2.063924301137300E-003
   115527.428946888       3.847714386093456E-002 -1.565971161950007E-003
   374950.706890240       3.806249531865329E-002 -1.123522579987735E-003
   1237347.36783046       3.765172434221442E-002 -6.816734143009080E-004
   1431165.15651868       3.723978690709773E-002 -2.415732458339742E-004
   441822.067650494       4.272216173070581E-002  6.459102642389478E-004
   231569.625205364       4.309371321255247E-002  1.585436535311245E-004
   113161.868022861       4.346194214863026E-002 -3.312318253653821E-004
   879212.144959379       4.382732174688935E-002 -8.190894343055716E-004
   924147.432218350       4.419213687035936E-002 -1.304318861520572E-003
   1371380.05854970       4.474195067340081E-002 -8.904900284083779E-004
   762910.413365708       4.529029382891073E-002 -4.724235527466300E-004
   185592.290592330       4.583846020220957E-002 -5.048624735261298E-005
   535133.533180768       4.639410270784720E-002  3.685121356312980E-004
   1341273.77506042       4.677203812378827E-002 -7.629132528536075E-005
   1225177.78028148       4.628614183921610E-002 -5.615143742257671E-004
   376540.174010647       4.579930317180256E-002 -1.051536744212059E-003
   326490.624094487       4.531058731220845E-002 -1.543518128459735E-003
   644459.590071948       4.481742023688710E-002 -2.033285059390210E-003
   495392.743682681       4.523697480441814E-002 -2.492764662210607E-003
   733457.869099682       4.565087047588121E-002 -2.953992799006403E-003
   2092945.92646430       4.606551873440923E-002 -3.411323850587964E-003
   1198446.15837281       4.647830202764409E-002 -3.867712636405955E-003
   242746.382996054       4.559931129928491E-002 -4.615994317503524E-003
   475597.367109835       4.521558118955046E-002 -4.125307128690586E-003
   743666.679806256       4.483878264015191E-002 -3.632034120131877E-003
   1287805.27759667       4.446210973159201E-002 -3.141965277129009E-003
   1638254.12074783       4.408760567675502E-002 -2.654679558113809E-003
   2009982.16778206       4.365533191181242E-002 -3.079351485784913E-003
   495330.741662120       4.322094212944245E-002 -3.507296751601131E-003
   403950.654726177       4.278622924686899E-002 -3.938731430033829E-003
   102712.756854762       4.234533138296608E-002 -4.366844222523222E-003
   1151432.59041127       4.201983777065527E-002 -3.066722817340960E-003
   903397.400987523       4.249843891147517E-002 -2.688745329669665E-003
   343943.206663206       4.297727031311573E-002 -2.307164479478100E-003
   281478.612115205       4.346164679652849E-002 -1.928250870028251E-003
   255750.149230889       4.304118053031868E-002 -1.484201412995269E-003
   936308.202942606       4.262302383035334E-002 -1.041150136986375E-003
   1274687.36342672       4.220405614501404E-002 -5.994511145153358E-004
   106889.425448021       4.721806726540365E-002  2.987079571828951E-004
   1142594.27435647       4.770621674476485E-002 -1.013767981513192E-004
   1275303.89750260       4.819100145896586E-002 -4.986368449658440E-004
   1551718.67350063       4.867867982771273E-002 -8.923567146768910E-004
   829797.361225032       4.916798531908604E-002 -1.283686861637102E-003
   1137868.62596119       4.960516384110841E-002 -9.624848043781370E-004
   655324.404952753       5.004264205912572E-002 -6.401974300980443E-004
   483563.838425530       5.047946479056780E-002 -3.164519981060537E-004
   418637.623689266       5.091968147313332E-002  6.723740692284128E-006
   1219424.18572777       5.169517713601216E-002 -8.935373160080665E-004
   733198.200004427       5.131620265306172E-002 -1.282155253442427E-003
   392253.523382950       5.093587514428563E-002 -1.670345892751461E-003
   113072.742435863       5.055458449192778E-002 -2.060380652475665E-003
   391806.297195128       5.017142244253901E-002 -2.449862006404072E-003
   351972.297375448       5.048763728301003E-002 -2.953242414049179E-003
   289611.998927172       5.080036406737323E-002 -3.458098722671396E-003
   955364.528917830       5.111128925940023E-002 -3.963453334615945E-003
   735401.740666504       5.141922063499389E-002 -4.467308562486762E-003
   610715.386042322       5.077438819232792E-002 -5.013554961344998E-003
   366605.145912911       5.033050941221574E-002 -4.620588918066335E-003
   1253122.81582898       4.988854884805174E-002 -4.228204741914245E-003
   1279299.81257699       4.944650712527415E-002 -3.838687342717703E-003
   1036040.39916772       4.900418720261133E-002 -3.450451409829224E-003
   1395078.86345130       4.856288349921238E-002 -3.771518688231294E-003
   739898.774690070       4.812026898443843E-002 -4.094009532150494E-003
   827795.302862914       4.767844389723062E-002 -4.418608597925202E-003
   323668.085559599       4.723145124452661E-002 -4.741457034662122E-003
   765156.592436468       4.685565540989187E-002 -3.471782327263308E-003
   518849.463805987       4.723566742169197E-002 -3.077139021011748E-003
   155497.859175852       4.761669375452823E-002 -2.680122538452379E-003
   393445.374560753       4.799995131341622E-002 -2.284750766228961E-003
   773782.375462051       4.768773553826679E-002 -1.733648136386620E-003
   387893.941745182       4.737894501218962E-002 -1.180853822988628E-003
   185175.161650433       4.707332960412643E-002 -6.284694088601064E-004
   293586.683606976       5.259771725810734E-002 -1.211960244001048E-004
   142398.546790408       5.297647962442255E-002 -6.119469306256871E-004
   90287.8559551859       5.335024974742000E-002 -1.103908598377970E-003
   960078.156800981       5.372349537288511E-002 -1.595954323956644E-003
   702433.016410414       5.409598968567461E-002 -2.085082557304900E-003
   938801.820419710       5.452650046213461E-002 -1.660429633765639E-003
   213136.980162092       5.495913437023101E-002 -1.233295481305788E-003
   65356.7021556355       5.539211602643143E-002 -8.065052715301841E-004
   327500.537112044       5.582892867520838E-002 -3.811294040006468E-004
   1154360.54952804       5.665127374477687E-002 -1.348036927677789E-003
   1071726.73665949       5.616751233964688E-002 -1.711163515340085E-003
   868352.088803756       5.568376464943662E-002 -2.074761340119591E-003
   283399.472185398       5.519867029579855E-002 -2.441061877975823E-003
   290991.162623645       5.471236892007834E-002 -2.806449351409559E-003
   161432.008120497       5.512905901821124E-002 -3.324546642005868E-003
   74074.9373878362       5.554217839137185E-002 -3.843222503011948E-003
   1141402.43141068       5.595273505047481E-002 -4.361532224644630E-003
   696545.153347755       5.636272104008386E-002 -4.877718973756157E-003
   158196.850308888       5.573155832468996E-002 -5.410596956082250E-003
   223803.267622109       5.529302877409372E-002 -4.911725712871899E-003
   675218.151283415       5.485856737078534E-002 -4.412366896663735E-003
   961288.934238373       5.442525716874040E-002 -3.914506460454848E-003
   1040877.70392871       5.399011167077553E-002 -3.420253524128269E-003
   1379402.49101416       5.348665685226701E-002 -3.839359521475958E-003
   529626.084006355       5.298344936169494E-002 -4.262807206772683E-003
   283255.205594862       5.247822803610187E-002 -4.687239986859250E-003
   111718.735903512       5.196917953725485E-002 -5.110034537635009E-003
   989204.348497351       5.190525638309916E-002 -4.028119208208487E-003
   551340.339908384       5.239187209748287E-002 -3.585041846928462E-003
   252233.717196259       5.288105304873063E-002 -3.141466743632981E-003
   155730.534858870       5.337339155883987E-002 -2.699415213602560E-003
   70606.5533395882       5.295204223241568E-002 -2.245943193618645E-003
   805523.799402786       5.253247913102295E-002 -1.792696556377223E-003
   1046664.33062395       5.211380316926739E-002 -1.342767323721121E-003
   157070.375294215       5.761939121149143E-002 -5.292543984844978E-004
   142148.665503400       5.798273841215205E-002 -1.007762945651171E-003
   108921.416980215       5.834168715334118E-002 -1.488375031855578E-003
   681195.770615060       5.870090748064165E-002 -1.967231729410020E-003
   544024.461759677       5.905878351855384E-002 -2.444384504231341E-003
   609016.670856509       5.947701886802367E-002 -2.032620316657493E-003
   117385.724088000       5.989604538457746E-002 -1.620022597937953E-003
   52867.9146434478       6.031601282574436E-002 -1.206019761871609E-003
   217109.602287971       6.073767609967209E-002 -7.938528737051701E-004
   735391.428865898       6.161247413352831E-002 -1.831413087503353E-003
   697954.227915188       6.113897838559535E-002 -2.177543727747787E-003
   564516.809610329       6.066434058430528E-002 -2.524416484053909E-003
   167770.250809238       6.019051838760796E-002 -2.872523848646537E-003
   245500.851431947       5.971523175862806E-002 -3.220629898354909E-003
   90449.6277643031       6.011977332765642E-002 -3.717238094344244E-003
   103999.181213751       6.052104947978508E-002 -4.215758270793141E-003
   864927.382761834       6.092257325488551E-002 -4.712353263515926E-003
   533490.074257602       6.132237517691883E-002 -5.208690682433433E-003
   142742.645327063       6.060166409604556E-002 -5.813411808564356E-003
   129636.996328617       6.018326641631273E-002 -5.328160022722661E-003
   514473.333930743       5.976871778221043E-002 -4.841634769876088E-003
   719147.093587246       5.935315983931939E-002 -4.357647096558795E-003
   845101.007062876       5.893845187907627E-002 -3.875354875092856E-003
   1152058.01359343       5.842895711067856E-002 -4.279794073328196E-003
   493489.119636330       5.792100781678330E-002 -4.687207733544118E-003
   338939.279556686       5.741159142537373E-002 -5.097735626375077E-003
   45657.1153938297       5.689854475672101E-002 -5.506329327550744E-003
   582785.077238557       5.683957339427560E-002 -4.434295469630509E-003
   241408.068383037       5.731850283602948E-002 -3.989181983695353E-003
   392350.190083470       5.779808786270964E-002 -3.544208561769931E-003
   276940.908750813       5.828124502202635E-002 -3.099886949087352E-003
   107868.282576705       5.787250837988290E-002 -2.661216528700905E-003
   598650.245859263       5.746554089696150E-002 -2.221961806259538E-003
   699526.508461946       5.705751861743678E-002 -1.785204012932024E-003
   195373.270749839       6.265117559248373E-002 -9.588260988910814E-004
   70594.6424055293       6.299824066156851E-002 -1.417921503146173E-003
   83949.0286297179       6.334333384561572E-002 -1.877621853672685E-003
   464661.663823401       6.368774400939479E-002 -2.337772160330196E-003
   427921.413756249       6.403193139819451E-002 -2.795943618205860E-003
   668216.404274227       6.455879160439004E-002 -2.414453053155843E-003
   396642.543079932       6.508439687951159E-002 -2.030491602418451E-003
   199763.691426629       6.561109472708071E-002 -1.646439634202751E-003
   146864.031022032       6.613862048141443E-002 -1.262497998372793E-003
   554296.428905119       6.661721825812883E-002 -1.831746224788700E-003
   442291.330663799       6.615327866631143E-002 -2.286610991587239E-003
   142888.081471827       6.568871054171285E-002 -2.743869407871077E-003
   156536.847341009       6.522214986130580E-002 -3.200292454370428E-003
   210856.270853383       6.475479862419037E-002 -3.656952445725795E-003
   156313.305393218       6.514334610695019E-002 -4.101242266797379E-003
   213642.290504958       6.553105242055715E-002 -4.545955986568032E-003
   735455.672684080       6.591763334027062E-002 -4.989618828594565E-003
   439296.779562973       6.630365538100483E-002 -5.431965550214842E-003
   141494.221422628       6.535782662373781E-002 -6.223690992408704E-003
   138110.466927486       6.499072798662299E-002 -5.762481412060937E-003
   312576.933209672       6.462463801871834E-002 -5.300625756030750E-003
   468888.807284304       6.425883212445989E-002 -4.838670463348188E-003
   618289.085155791       6.389344115637299E-002 -4.378372354874679E-003
   875888.507952633       6.340356396292440E-002 -4.763533538506047E-003
   397775.409883642       6.291276062642505E-002 -5.151346679587270E-003
   315891.766256885       6.242277310700460E-002 -5.539740288510239E-003
   84231.4059878910       6.192934491399775E-002 -5.927421918153992E-003
   422877.886577365       6.178221341730867E-002 -4.786149911960027E-003
   203832.081895489       6.224299677365139E-002 -4.363819881589831E-003
   254661.189177136       6.270594381075000E-002 -3.939957239999627E-003
   169039.974724500       6.317008476834615E-002 -3.518008138535859E-003
   89100.8766926666       6.278002552482516E-002 -3.095485248368926E-003
   422211.082898974       6.239001203128590E-002 -2.673215444248354E-003
   550690.987879499       6.200106453932300E-002 -2.252059921987835E-003
   115525.766864451       6.718712766470258E-002 -1.354514441923782E-003
   205428.858573163       6.764116272166601E-002 -1.814211997105750E-003
   346125.966184721       6.809439476069197E-002 -2.273797174549828E-003
   607292.991005134       6.854681837252666E-002 -2.732015091273325E-003
   341666.419116782       6.900085770207566E-002 -3.189007811872200E-003
   353057.223532788       6.941190710080120E-002 -2.806689277618015E-003
   60077.6286753749       6.982354504567595E-002 -2.424128071306179E-003
   44863.1859944041       7.023571776300445E-002 -2.041361495714090E-003
   189550.828878567       7.064905620658563E-002 -1.659175402465112E-003
   537494.738931476       7.154621693056110E-002 -2.729905660574219E-003
   520667.670033401       7.110043602333684E-002 -3.070030923928421E-003
   427055.534739900       7.065453367384074E-002 -3.410675751734705E-003
   182624.542339982       7.020858894520667E-002 -3.752091315192066E-003
   112884.440990906       6.976189426402257E-002 -4.093565635924257E-003
   194419.802623343       7.012957121476464E-002 -4.672013630466030E-003
   210508.685751499       7.049488719146556E-002 -5.251682248144565E-003
   429611.560514552       7.085854653934183E-002 -5.830655701563478E-003
   310724.889382018       7.122072267026643E-002 -6.409324131705248E-003
   99918.4085561888       7.086387831833844E-002 -6.707271533191032E-003
   137799.859476937       7.036145233116359E-002 -6.241860944514630E-003
   588807.079755323       6.986168424836203E-002 -5.777513414394227E-003
   549494.936449491       6.935985081104125E-002 -5.315009584546164E-003
   469913.192110048       6.885715564946872E-002 -4.853659760728379E-003
   509553.307197568       6.841791967720996E-002 -5.233543196227715E-003
   164998.825725739       6.797836382382877E-002 -5.614222533674823E-003
   160556.050287094       6.753837955385716E-002 -5.995503683552618E-003
   56338.0402361928       6.709758367777750E-002 -6.375968486239201E-003
   433638.626054063       6.675068879295751E-002 -5.062591887549451E-003
   345092.899313393       6.719843296831814E-002 -4.692006466007405E-003
   38232.7298758927       6.764647037175624E-002 -4.320601492625730E-003
   139043.206153825       6.809560503626631E-002 -3.949319380958201E-003
   239860.154441209       6.772408305835292E-002 -3.419412782367953E-003
   46880.6635215994       6.735418490900683E-002 -2.889944066139238E-003
   297444.330344821       6.698542728045702E-002 -2.359795602139180E-003
   87229.4107393946       7.261761678507363E-002 -1.834624531827129E-003
   113005.843323889       7.296061276524766E-002 -2.247402872665288E-003
   98281.6566334208       7.330226819903665E-002 -2.660666268477109E-003
   302606.938012559       7.364366485630293E-002 -3.074530381661476E-003
   252597.855941956       7.398500762594880E-002 -3.486951196562045E-003
   375186.232048412       7.448109535219179E-002 -3.150017447832029E-003
   228453.724313561       7.497730400553215E-002 -2.811744199437589E-003
   128436.435723107       7.547249156446370E-002 -2.473853664959826E-003
   70292.9667303068       7.596930379950548E-002 -2.135973371341550E-003
   254691.650277836       7.655067344339582E-002 -2.831523807794623E-003
   219386.181327745       7.613195358658191E-002 -3.260969566265615E-003
   71069.0191812699       7.571297500680305E-002 -3.689903477165422E-003
   85183.2318233830       7.529248664744015E-002 -4.119874802075482E-003
   55521.4031746667       7.487220725213599E-002 -4.549526606425312E-003
   126175.764090921       7.521857183241659E-002 -4.940609396973218E-003
   126520.444849965       7.556517265796830E-002 -5.331987069656893E-003
   354888.825096708       7.591081921080640E-002 -5.722858774886205E-003
   221660.062284838       7.625599644151652E-002 -6.113823025681645E-003
   99526.8763179836       7.509670556620031E-002 -7.080971605118410E-003
   22397.0442081056       7.477415483075017E-002 -6.670052682630042E-003
   172935.724482438       7.445245075880839E-002 -6.258839254078592E-003
   220574.913077624       7.413081629144239E-002 -5.847023629233616E-003
   333423.216686192       7.380950516676450E-002 -5.436238736431745E-003
   576651.433000654       7.323643842628727E-002 -5.766309429009663E-003
   462009.027054187       7.266387828942704E-002 -6.098513655292810E-003
   424248.285001589       7.209301017712179E-002 -6.431490934973760E-003
   167415.687785810       7.151970494623686E-002 -6.765225138704182E-003
   128627.810197674       7.164341453538620E-002 -5.900135827819206E-003
   112087.307066405       7.206776585582181E-002 -5.391336983019525E-003
   272238.163953584       7.249459302675634E-002 -4.882173370292087E-003
   106056.401846728       7.292178338793529E-002 -4.373949623101187E-003
   76827.7189714644       7.257762801839909E-002 -3.962566994895423E-003
   265821.073688661       7.223295257065460E-002 -3.551249726079791E-003
   318496.895689022       7.188928914060759E-002 -3.140587333628963E-003
   40533.4947955187       7.724634138189160E-002 -2.251002628978206E-003
   111115.267777909       7.767606653921411E-002 -2.663863866555958E-003
   123003.678686188       7.810406234348227E-002 -3.076656296470739E-003
   224895.753947625       7.853310467290860E-002 -3.489113748571261E-003
   152990.929222151       7.896225226235455E-002 -3.901205272577888E-003
   170189.233841860       7.938049742738945E-002 -3.565286761613364E-003
   95200.3687175328       7.979983353340930E-002 -3.229321740853718E-003
   37459.5526960730       8.021830091166393E-002 -2.893148005674751E-003
   44850.0976868695       8.063801737327045E-002 -2.557082047952447E-003
   161296.781528467       8.149908494845944E-002 -3.588479387336902E-003
   174803.749163103       8.109434716176915E-002 -3.941550114775356E-003
   110847.298853333       8.068964272612987E-002 -4.293847966391267E-003
   37191.6510329088       8.028473844691074E-002 -4.647283425975634E-003
   49717.3217373141       7.987966799500623E-002 -4.999689130828364E-003
   41410.5729889281       8.021377592703113E-002 -5.439749235364930E-003
   22509.4188354570       8.054704834583903E-002 -5.881087553775597E-003
   218492.188687116       8.088032047128810E-002 -6.321182081290809E-003
   145917.744383073       8.121310894316665E-002 -6.762251987276926E-003
   88717.0362939600       8.027276361606772E-002 -7.546309424063423E-003
   31978.3921325659       7.989898072123645E-002 -7.138682636101037E-003
   188523.435316995       7.952675916061633E-002 -6.731060122824736E-003
   203430.907439458       7.915344529951258E-002 -6.323752589020626E-003
   249475.410201205       7.878136543075187E-002 -5.916576093589521E-003
   284453.316841832       7.839245864443581E-002 -6.255305123287915E-003
   117517.152114643       7.800333251557628E-002 -6.594217921467076E-003
   128409.878152966       7.761412166260254E-002 -6.933451677910877E-003
   62253.0743419201       7.722415264723004E-002 -7.272259996398961E-003
   203953.603705325       7.665742378011850E-002 -5.789990467487159E-003
   178172.752237626       7.705929378835905E-002 -5.466334474572830E-003
   34214.3952492205       7.746124635385092E-002 -5.142333507853486E-003
   30616.0359816886       7.786367127653515E-002 -4.818440409897162E-003
   77289.6448269181       7.753484831034579E-002 -4.321403333663964E-003
   33404.1325047494       7.720651195431809E-002 -3.824252622034139E-003
   102251.448423893       7.687834220470097E-002 -3.328286413279180E-003
   17362.1093403319       8.253039221043440E-002 -2.728173709451065E-003
   47013.0191065241       8.288540869725136E-002 -3.112855735285527E-003
   27557.7399262817       8.323896002305887E-002 -3.497621863502654E-003
   89337.1538302269       8.359359545482316E-002 -3.881318656119854E-003
   86772.3829149880       8.394712859801728E-002 -4.265775785424582E-003
   97629.3787772308       8.439085495229290E-002 -3.953601816113261E-003
   79636.5611461835       8.483446352288009E-002 -3.642260914012279E-003
   53928.6531426242       8.527822376094378E-002 -3.329858283137887E-003
   26136.6346712485       8.572216520130946E-002 -3.017490038369962E-003
   133222.238876172       8.648655127646648E-002 -3.934215632760236E-003
   97747.7862850277       8.610001044276562E-002 -4.314854835206767E-003
   58636.0061510005       8.571338763390313E-002 -4.695592362121836E-003
   29286.1216958638       8.532766954840752E-002 -5.076479824835667E-003
   66473.7796195213       8.494088917205433E-002 -5.457324230323501E-003
   27539.6619035459       8.524905737557109E-002 -5.948384476901041E-003
   44657.2922804291       8.555572507358196E-002 -6.438642812184652E-003
   105887.321209019       8.586314429727063E-002 -6.929899894875391E-003
   82321.2629794038       8.617027420107659E-002 -7.420145686431723E-003
   80837.3191091087       8.545523895676646E-002 -8.015288412473717E-003
   53399.6471579783       8.502917706292749E-002 -7.623666150989977E-003
   161762.036952436       8.460244214607346E-002 -7.232018303876211E-003
   144570.162446164       8.417644367521164E-002 -6.841822948310724E-003
   181203.848086808       8.374965430254691E-002 -6.450545714305408E-003
   223138.732133747       8.331234808318008E-002 -6.763515174652837E-003
   125241.043881042       8.287405854228123E-002 -7.075561764749168E-003
   128361.699933670       8.243665375480153E-002 -7.388981655850754E-003
   63683.6941385288       8.199774885758275E-002 -7.702116095461998E-003
   114039.682389086       8.159863057212582E-002 -6.386091946156110E-003
   76161.1086360803       8.198441854784397E-002 -6.010974923933238E-003
   22415.9425240363       8.236943438552714E-002 -5.634596844624142E-003
   27623.5701270299       8.275571823237851E-002 -5.259441946478778E-003
   14122.4853076623       8.244107031877233E-002 -4.842096285054336E-003
   47803.1122175767       8.212766047884627E-002 -4.423868921030477E-003
   59182.8565177362       8.181318136663980E-002 -4.006709999735140E-003
   9547.52844539938       8.740321048225846E-002 -3.170397406038165E-003
   25489.9741720334       8.777414861575684E-002 -3.665120162214227E-003
   21700.3591967189       8.814464083400639E-002 -4.160062797689339E-003
   22578.3400600477       8.851507377534981E-002 -4.654944478080333E-003
   44745.5889325729       8.888538832549644E-002 -5.150686206752466E-003
   28364.2900665370       8.937526791158623E-002 -4.733576072360119E-003
   28296.4354025474       8.986506698742876E-002 -4.317447927540665E-003
   20599.5649653397       9.035489917843910E-002 -3.901337027084020E-003
   5907.24725130166       9.084476325937427E-002 -3.485244085851060E-003
   49305.7433521337       9.147812765638173E-002 -4.246141577173349E-003
   46150.7105120918       9.098017191987039E-002 -4.652390175500841E-003
   40436.9110148043       9.048224166237727E-002 -5.058688554376804E-003
   39881.8257597921       8.998431633558351E-002 -5.465011506226917E-003
   37334.5887957724       8.948540328000436E-002 -5.871269864106322E-003
   35487.1477048916       8.990592911170757E-002 -6.325567474312688E-003
   3140.74837741872       9.032498497692155E-002 -6.780920338698041E-003
   60230.4153744740       9.074411774479287E-002 -7.235175384511051E-003
   35472.5283571862       9.116318562803580E-002 -7.689394604859578E-003
   12284.6334583639       9.024677744157154E-002 -8.451823133130889E-003
   6854.61510735494       8.987641912399481E-002 -7.956844476385313E-003
   43764.3225166972       8.950623683301835E-002 -7.461831156907838E-003
   39371.6981840384       8.913503624316092E-002 -6.966870849282127E-003
   131577.515643004       8.876503641649643E-002 -6.471033388584483E-003
   147966.493242185       8.826487512192939E-002 -6.887410051913673E-003
   55451.0512594739       8.776579797679830E-002 -7.303243512738499E-003
   28745.8767985222       8.726557264149627E-002 -7.719169814590686E-003
   14379.9803024595       8.676583878074556E-002 -8.134979610750437E-003
   119530.623082775       8.666840320503420E-002 -7.003541217495437E-003
   75063.2038854229       8.716666844104615E-002 -6.585649709453855E-003
   11771.6922448138       8.766499563690057E-002 -6.168559361977684E-003
   37492.7065640606       8.816483033329953E-002 -5.750693848718407E-003
   5106.70591863296       8.774443149474326E-002 -5.296379996726482E-003
   43046.6694829068       8.732511982833986E-002 -4.842226337303984E-003
   26265.9759694393       8.690576141099494E-002 -4.388252793701162E-003
   21841.6345317966       9.223884887917010E-002 -3.613039754767064E-003
   11362.9003472855       9.264974997896994E-002 -4.062322661540118E-003
   33305.6268409291       9.306060164151957E-002 -4.510721715805275E-003
   50224.9541975709       9.347136715834309E-002 -4.960135316977197E-003
   8295.18292179305       9.388227666666701E-002 -5.408502202911958E-003
   56546.1056476259       9.436902092679832E-002 -5.042542698390374E-003
   27140.7631448367       9.485486075881885E-002 -4.675609599249039E-003
   26756.9706759385       9.534155104190217E-002 -4.309849281125492E-003
   26337.1998595428       9.582727843873474E-002 -3.943085689815100E-003
   13531.7782095078       9.645829255825293E-002 -4.702041819050715E-003
   45526.9577444303       9.600864097151507E-002 -5.112575220590844E-003
   3465.59792996055       9.555987783611175E-002 -5.523998909343229E-003
   32174.6439929659       9.511031559779784E-002 -5.934325966958206E-003
   16408.7863023023       9.466182795489020E-002 -6.345816776908921E-003
   29066.6747358666       9.503259378662909E-002 -6.782426904325782E-003
   7736.56175705695       9.540430472266262E-002 -7.218233351531908E-003
   2018.75819702018       9.577496665058705E-002 -7.654917121368264E-003
   528.986009659544       9.614670566927769E-002 -8.090703558447243E-003
   296.363164646813       9.517041990009147E-002 -8.902905580861755E-003
   1367.12146744659       9.480954890657976E-002 -8.458077700889133E-003
   5239.62801780803       9.444759957549723E-002 -8.014145654985648E-003
   19680.5728971724       9.408670379605509E-002 -7.569341747882527E-003
   54834.4282581088       9.372484578409199E-002 -7.125320932462674E-003
   46476.4536240251       9.327541960048172E-002 -7.494842072940234E-003
   23006.0835433264       9.282490638381762E-002 -7.865366625308276E-003
   19012.5430532385       9.237545170864500E-002 -8.235048035994270E-003
   6995.87233995946       9.192576822802914E-002 -8.605670471854242E-003
   31246.4042599058       9.160903847845336E-002 -7.314437290189589E-003
   20714.5412281355       9.205395769841990E-002 -6.939373346027632E-003
   3493.93865971570       9.250000897548125E-002 -6.563356673851464E-003
   32741.3312069193       9.294506233698759E-002 -6.188256652328452E-003
   6215.61386556907       9.257891635775109E-002 -5.702742157804874E-003
   9048.68867161974       9.221164697788886E-002 -5.217206755516091E-003
   39511.4743525640       9.184533574358343E-002 -4.731783174853793E-003
   109608.850149981      -1.881421531001600E-003  7.506506043489596E-003
   367315.572396754      -1.412861005150265E-003  7.014865535842745E-003
   504258.048917878      -9.474396646296178E-004  6.522181257167703E-003
   971924.529449545      -4.822069335659152E-004  6.029546794116575E-003
   700080.263666125      -1.872880317378386E-005  5.537420670137710E-003
   907522.387395667       4.226570407905795E-004  6.026330991117520E-003
   124336.892379530       8.659578506515116E-004  6.516426383064471E-003
   410834.757787991       1.309291338587977E-003  7.007132672115844E-003
   216982.091434362       1.757564465231612E-003  7.495641532666421E-003
   1492006.44072360       2.476600522219736E-003  6.765729477558142E-003
   706534.534650712       1.986706402276799E-003  6.324886050059438E-003
   873046.065287907       1.496486943398796E-003  5.884600909054271E-003
   291711.419541411       1.006704507718126E-003  5.441325364048696E-003
   19475.4908297131       5.147351635293469E-004  4.999290341363341E-003
   1112866.38232197       1.001916346862122E-003  4.623570404960964E-003
   873143.144399489       1.483968209424721E-003  4.245285084166688E-003
   1774063.47937420       1.966283115669658E-003  3.870168286297208E-003
   1467613.27112775       2.447306149886895E-003  3.493524835375795E-003
   138047.763152753       1.045822175502030E-003  2.980387601443208E-003
   792354.975561079       6.883373592328052E-004  3.478534534048647E-003
   1144781.58734227       3.304816704903189E-004  3.974796143601681E-003
   1730350.25679306      -2.439510849877684E-005  4.468804133788466E-003
   2053478.05168763      -4.349432980226744E-004  3.977633272747401E-003
   483499.563468624      -8.462476047927175E-004  3.484711267811073E-003
   340076.586329229      -1.260323476486904E-003  2.990504959722045E-003
   248081.687734088      -2.507894687137959E-003  3.327170148185232E-003
   1590190.08444109      -2.020421945742530E-003  3.742395037403332E-003
   1014318.24627546      -1.534983392886502E-003  4.162761207568944E-003
   114881.066464549      -1.049058751017907E-003  4.583785311781117E-003
   797305.784106574      -5.573729114458131E-004  5.003882984850671E-003
   651112.172997437      -1.044542470661176E-003  5.474485353109592E-003
   994768.408461469      -1.530431166382513E-003  5.946134329759127E-003
   1102190.56821050      -2.016697254936090E-003  6.415469138557984E-003
   2040445.00740832      -2.503877803758163E-003  6.884071908806929E-003
   419779.306220715       3.209936701263384E-003  7.482932826991908E-003
   35925.1590676960       3.648838992021961E-003  7.012131286055394E-003
   306401.584344158       4.082309582202396E-003  6.540041091513404E-003
   1387133.87944133       4.515337054640646E-003  6.069599682536749E-003
   1035238.07293309       4.946938382369101E-003  5.601953362294770E-003
   1421352.53314696       5.387668192711372E-003  6.058996183563229E-003
   481035.639690766       5.829705151083800E-003  6.520381771119824E-003
   104033.645294343       6.273679936335543E-003  6.982870895397789E-003
   918068.847553432       6.724726918131287E-003  7.442350271012557E-003
   2386370.13171351       7.438046543940156E-003  6.704472103458277E-003
   1915186.45307519       6.977903208707466E-003  6.269140411299870E-003
   1428738.25323645       6.518195309124005E-003  5.830005616955221E-003
   531971.367832408       6.057840013001891E-003  5.386350428961338E-003
   1054458.96208013       5.593989167416923E-003  4.942944363197620E-003
   474674.762473711       6.048057136988718E-003  4.436419472154828E-003
   214810.513845462       6.489786320480745E-003  3.925824880742506E-003
   2388394.78038776       6.926143852911122E-003  3.416256319425699E-003
   1831357.58708501       7.361857800977181E-003  2.914005084164562E-003
   69955.3990951255       6.328688059373348E-003  2.869565215630612E-003
   1844891.22835275       5.863955828047504E-003  3.354538480242489E-003
   2680031.54523534       5.400561386199719E-003  3.832888420920005E-003
   2335675.51574587       4.933259672480060E-003  4.302984020240424E-003
   2226284.91262689       4.571508845087866E-003  3.842320832978063E-003
   303068.115063649       4.204905051702822E-003  3.379505161255358E-003
   720578.955819545       3.835699745666617E-003  2.915807342132542E-003
   2803107.03310402       2.907753876184780E-003  3.854250877066317E-003
   2080821.86315846       3.365836742293603E-003  4.219497395561217E-003
   663467.297583773       3.824053895608720E-003  4.589361177017502E-003
   387171.750948843       4.288019304101546E-003  4.958349836572543E-003
   243778.369671482       3.831455523561101E-003  5.410860141695952E-003
   693846.224517781       3.379322317195777E-003  5.865212076926188E-003
   1109398.28978601       2.928004270673541E-003  6.316347082283187E-003
   1047396.45513566       8.180964873068229E-003  7.411581657814307E-003
   321316.258428845       8.613548466493304E-003  6.944757401391510E-003
   319265.488901560       9.038082946245083E-003  6.476914732548340E-003
   2118198.53912540       9.461271373322326E-003  6.011198497981307E-003
   1434811.40460969       9.882856191314073E-003  5.550216904593309E-003
   2517592.76120747       1.031939116999949E-002  5.989047949681768E-003
   1094579.06115770       1.075467771537980E-002  6.435941550245475E-003
   25244.7023399897       1.119268682158220E-002  6.885424061075300E-003
   1398868.14858137       1.163741634751846E-002  7.334523922244871E-003
   2610729.48500888       1.236995415177947E-002  6.579362188573089E-003
   2131514.64728740       1.192581170673469E-002  6.147308399911013E-003
   966161.664639240       1.148209489473739E-002  5.708901268932459E-003
   440657.399125706       1.103402554011397E-002  5.267394695715175E-003
   1234329.42271270       1.057873680457105E-002  4.826701593498406E-003
   566067.286868229       1.101393695846970E-002  4.366337244697360E-003
   835318.639495431       1.144200657415707E-002  3.906937648154676E-003
   2385869.88270370       1.186669706613862E-002  3.450701475143193E-003
   1591025.45429227       1.229362617647661E-002  3.001626028171031E-003
   1071101.08994546       1.110021785304902E-002  2.740438915350380E-003
   441399.343189931       1.068097590444968E-002  3.209813108312961E-003
   1901397.42971246       1.026641455486002E-002  3.677247868979505E-003
   1557379.34300635       9.850782778072328E-003  4.138125897640162E-003
   2612349.09040361       9.363077890125453E-003  3.700838688502951E-003
   1359649.20438971       8.878711625717779E-003  3.255913476523450E-003
   137698.604178890       8.391712865885248E-003  2.807271844536595E-003
   2118325.30732082       7.806319656077409E-003  3.395000211341732E-003
   657544.083397387       8.249990719251752E-003  3.883810343248034E-003
   675110.089527733       8.699164806685955E-003  4.373747371178249E-003
   750900.058305376       9.156487798891345E-003  4.861907197486913E-003
   738790.121237996       8.720256941476039E-003  5.324547726135462E-003
   869079.288689993       8.291386640000337E-003  5.789353839186445E-003
   1699247.33764611       7.865109027683623E-003  6.249295600764653E-003
   482548.728119549       1.312958302133176E-002  7.304503025551208E-003
   276319.670903421       1.355728389533718E-002  6.795715760291208E-003
   74335.0989037399       1.397623617736962E-002  6.281704713526338E-003
   1617919.22946455       1.439091124101852E-002  5.770091524893223E-003
   1364839.70415898       1.480523787726019E-002  5.264567297174848E-003
   1061634.50755787       1.520838917414459E-002  5.748913618676355E-003
   213571.215800681       1.561477640833370E-002  6.233555640114010E-003
   350431.038291165       1.602439905535987E-002  6.718923311446067E-003
   707657.738338644       1.643787262429309E-002  7.200510613260863E-003
   1740721.01879660       1.731801984467633E-002  6.257199339549961E-003
   1760249.42640469       1.681883968915071E-002  5.878631763528847E-003
   1691169.42717404       1.631972472966994E-002  5.496386109688865E-003
   789059.691447153       1.582277740278396E-002  5.110182201717682E-003
   656349.002945679       1.532196420013906E-002  4.722665978668993E-003
   172406.098104598       1.580040143978573E-002  4.218697625555358E-003
   238185.508966847       1.626704336616768E-002  3.709395926469712E-003
   1990853.47872302       1.673192389463721E-002  3.203257865440606E-003
   1434193.07753763       1.719557659094323E-002  2.701177566204411E-003
   285201.527172951       1.614228612850511E-002  2.670827304854895E-003
   1250957.95737705       1.568857606405772E-002  3.189262649793495E-003
   1713948.96700726       1.523420574362240E-002  3.702207057152088E-003
   2390435.14765943       1.477887242715011E-002  4.209611233615183E-003
   2527775.67830379       1.434575540000041E-002  3.723887321366094E-003
   456740.705435781       1.391347360878925E-002  3.230506564018146E-003
   564114.041385116       1.347577501586240E-002  2.733771931711249E-003
   2362380.38336907       1.278269208414872E-002  3.431548049459502E-003
   1405381.88807038       1.327092265226541E-002  3.868305602216435E-003
   381165.129743037       1.375986344208746E-002  4.308908103512922E-003
   1094488.05339380       1.425954000705877E-002  4.749422186756024E-003
   144259.132981022       1.378202959901489E-002  5.211751341261473E-003
   1508207.71577366       1.331192529785707E-002  5.673066536683264E-003
   1960371.41857936       1.284102798825869E-002  6.129074527502189E-003
   398799.895695846       1.826385766214358E-002  7.131174595986211E-003
   154302.882696640       1.864332118158551E-002  6.656061142391306E-003
   244893.827626622       1.901863680547253E-002  6.178393889484964E-003
   683097.197347710       1.939239666918335E-002  5.702422174850515E-003
   932817.297063693       1.976454309755581E-002  5.226864275705779E-003
   1581687.27181001       2.027550939228922E-002  5.660093103342150E-003
   1112086.21384539       2.078409123067359E-002  6.098318861001824E-003
   756855.003887315       2.129351896690479E-002  6.540467830779472E-003
   378096.421833750       2.180854757263775E-002  6.980872148968493E-003
   2236747.64245802       2.229428413707657E-002  6.451643397378045E-003
   1291149.23839059       2.182593299366032E-002  5.973668598929002E-003
   628602.531488012       2.135671439834219E-002  5.490624210041301E-003
   37572.4229597456       2.088542977288284E-002  5.006326828386639E-003
   1218726.72744689       2.040885979904295E-002  4.523440038755135E-003
   267730.452402963       2.084319649162760E-002  4.044463919770983E-003
   888100.698781291       2.126756901047385E-002  3.563153168256831E-003
   2552531.66508254       2.169149493903201E-002  3.087264161270812E-003
   1492221.77401123       2.211697269076906E-002  2.617550300455695E-003
   887471.159513434       2.095618996041770E-002  2.434489513394169E-003
   687078.467361251       2.053719574656844E-002  2.922617406231903E-003
   1640929.66970523       2.012027284175118E-002  3.406579333176337E-003
   2337809.20965990       1.970553161150416E-002  3.886703308247281E-003
   3223486.69173203       1.921745671678885E-002  3.449725728446224E-003
   1613113.27684073       1.873000738421696E-002  3.007020298248289E-003
   301424.606286206       1.824220496543246E-002  2.558393672782330E-003
   2265782.17426600       1.765771303919703E-002  3.166799200203848E-003
   833433.148368375       1.811990469184966E-002  3.639746663043699E-003
   719935.207702580       1.858554885199996E-002  4.115422874215099E-003
   218888.781492579       1.906180216293674E-002  4.585881908823383E-003
   166005.215473948       1.862403585831492E-002  5.006208078763143E-003
   940627.094840117       1.818954726299181E-002  5.425688131093227E-003
   966562.930409823       1.775346897204502E-002  5.842339131856486E-003
   132022.606765617       2.282609153349575E-002  6.933636212767883E-003
   723356.706823166       2.330069891007627E-002  6.476675878530739E-003
   875504.265851800       2.377001214890786E-002  6.018691598644260E-003
   1380865.88386546       2.423912953529034E-002  5.563458023893368E-003
   1006791.43371440       2.471014673203514E-002  5.112286506882909E-003
   963430.137664595       2.517913800307254E-002  5.517547118714217E-003
   355160.178188655       2.564944329034608E-002  5.924561093573015E-003
   234585.453318146       2.611989279115234E-002  6.332686904037984E-003
   407224.780662558       2.659553713580101E-002  6.738990235391362E-003
   1651627.62145946       2.724668804141679E-002  6.014182865557067E-003
   1019848.79710062       2.680095617255315E-002  5.584037370861852E-003
   715795.252437157       2.635473571906920E-002  5.152974789045275E-003
   116278.205192686       2.590781711599135E-002  4.719125665175514E-003
   878478.841272453       2.545875826409577E-002  4.286443784670548E-003
   197430.544785045       2.586229687835450E-002  3.791147292570513E-003
   37334.8805960916       2.625750500383111E-002  3.293218273072179E-003
   1594890.88930182       2.664929462404155E-002  2.795263184009137E-003
   1506828.06909385       2.703840269266393E-002  2.299563515317122E-003
   575255.111362503       2.593275093951024E-002  2.175574115961050E-003
   1902123.19139022       2.550000101735090E-002  2.635807997353423E-003
   2125819.03352582       2.506704735970358E-002  3.091115640727606E-003
   2252163.53172173       2.463232210369189E-002  3.543064789867016E-003
   2843806.77511869       2.417440174023295E-002  3.134820801233095E-003
   1205064.87363780       2.371525704577175E-002  2.722755261431664E-003
   658109.241260193       2.325651651254054E-002  2.306414020991653E-003
   1413632.37055735       2.255348920016689E-002  3.052306059613000E-003
   627736.570685542       2.299199599652323E-002  3.489132126881860E-003
   839744.111702680       2.343339405265160E-002  3.928790092846879E-003
   528776.436170939       2.388238872813511E-002  4.364121883593792E-003
   198389.500398044       2.348133555021462E-002  4.887204159200542E-003
   446810.039026342       2.308366598793940E-002  5.411006663316668E-003
   997526.419117100       2.268836044736586E-002  5.933440149294163E-003
   323383.366245785       2.797410507796010E-002  6.661910766801935E-003
   117678.610163951       2.839692807477052E-002  6.120048542152630E-003
   34154.9370918537       2.881255717609687E-002  5.575385742506936E-003
   1134134.08937152       2.922633699464811E-002  5.032073964249702E-003
   902878.093384440       2.963808502156747E-002  4.491174149765062E-003
   962304.498713911       3.006933882361590E-002  4.979610393859490E-003
   62779.0629991777       3.050266265531898E-002  5.470270992717637E-003
   344232.602005332       3.093930974020089E-002  5.961550233486644E-003
   592591.126703308       3.138018916804112E-002  6.450345593743259E-003
   1287468.48830168       3.218960928675214E-002  5.528252941454643E-003
   1482405.10657286       3.165649082919626E-002  5.154446548168294E-003
   1320224.67132280       3.112460841451028E-002  4.777646986722082E-003
   576638.958360432       3.059425087694742E-002  4.397324512713260E-003
   415268.318273879       3.005951841213555E-002  4.015890156538343E-003
   897618.371324644       3.054344404489332E-002  3.584316795352736E-003
   1413836.19800091       3.102019756489726E-002  3.153115379097334E-003
   1843258.27941053       3.149890996832343E-002  2.726950920388007E-003
   1033612.14312032       3.198016650927336E-002  2.304248094900667E-003
   601919.925334730       3.062975627142311E-002  1.973968176711496E-003
   75097.1075173713       3.027759931434474E-002  2.517522264706738E-003
   1084943.89082681       2.992835142868946E-002  3.059689942978541E-003
   1782538.35297178       2.958299894011678E-002  3.598474824043829E-003
   2342509.90245873       2.909872046107013E-002  3.111626336770762E-003
   297661.585049527       2.861479859493316E-002  2.618942553351962E-003
   260866.430543801       2.812537584304813E-002  2.124092689967009E-003
   2101058.64118711       2.756891168339749E-002  2.735703474171659E-003
   1558661.35887904       2.809687379810897E-002  3.178750953608304E-003
   97666.4192474988       2.862424412322762E-002  3.625927844555493E-003
   43678.5938297753       2.916152477834612E-002  4.071944033113973E-003
   228593.228652797       2.868034724482427E-002  4.559897892260213E-003
   1147947.80395152       2.820426133027960E-002  5.048333313653721E-003
   1224148.18486364       2.772616067661279E-002  5.532212588966641E-003
   321160.543926400       3.311348130370406E-002  6.333303458108105E-003
   197204.478173889       3.349275709925112E-002  5.889835751069791E-003
   444552.968467013       3.386868834799350E-002  5.445777004747162E-003
   848690.709259115       3.424385198199106E-002  5.003111928176830E-003
   743809.566790138       3.462008609602116E-002  4.563719249982778E-003
   538807.238235927       3.501036976600889E-002  4.953645399831311E-003
   86023.0931285054       3.540051280552561E-002  5.343912626623455E-003
   148673.336746740       3.579230954770726E-002  5.734511858970081E-003
   341320.944850967       3.618403526100566E-002  6.125056106118778E-003
   460148.065155935       3.715089267595956E-002  5.020176834314676E-003
   602290.397569960       3.671521645259022E-002  4.683550979677999E-003
   389165.695065623       3.627958203545036E-002  4.344828443174206E-003
   15177.6002306167       3.584377841509490E-002  4.006279758330534E-003
   284000.829514589       3.540649514119612E-002  3.666976509000527E-003
   209272.374922884       3.579304003635934E-002  3.230739687819863E-003
   368054.909556525       3.617683748054386E-002  2.793883731307695E-003
   755684.160783501       3.655993454172871E-002  2.357030562045267E-003
   645639.089416325       3.694341218006448E-002  1.923075929171120E-003
   68557.9823569731       3.564139756408401E-002  1.557536324482738E-003
   455961.661291701       3.526286436310035E-002  1.999834888701287E-003
   717616.154121169       3.488595469872909E-002  2.440950731655660E-003
   1026224.02729312       3.450981791291760E-002  2.881241062603938E-003
   1126435.17435092       3.409790771702573E-002  2.492335172148780E-003
   432894.882733983       3.368479040189561E-002  2.100625091284997E-003
   94017.8370359751       3.327135320927094E-002  1.707543153634402E-003
   1000249.46308435       3.241344496594371E-002  2.670871943826106E-003
   480820.668491405       3.284737080284207E-002  3.038245985212918E-003
   201392.386386845       3.328266426363180E-002  3.408015791889228E-003
   783966.890278200       3.372048213079494E-002  3.776908881703900E-003
   164848.820069360       3.333573196823768E-002  4.216106836601761E-003
   314850.268429471       3.295250914763305E-002  4.654590685630747E-003
   679416.380903462       3.257047074761489E-002  5.091866581049299E-003
   62113.3767471963       3.825593906364235E-002  5.984409666690380E-003
   52332.8336670505       3.859147748092738E-002  5.528201300070959E-003
   65390.3490126369       3.892651362595543E-002  5.071149686959864E-003
   160866.026258077       3.926032045908651E-002  4.614412353295303E-003
   277022.085469633       3.959471995158196E-002  4.157865239634491E-003
   260726.241799080       4.001775878598166E-002  4.560766212434641E-003
   190734.737837654       4.044064475035922E-002  4.964849249789237E-003
   92159.7590356344       4.086408542623176E-002  5.369064582225750E-003
   251323.850018219       4.128864851236815E-002  5.772784211985059E-003
   594681.734657286       4.214127159458000E-002  4.790536546557761E-003
   445394.601800704       4.168422103363124E-002  4.426836676553756E-003
   344294.591560694       4.122699116373577E-002  4.062764057287561E-003
   259053.086334975       4.076947518977096E-002  3.698225873814456E-003
   367251.536134586       4.031177558146145E-002  3.333119557650043E-003
   141603.551063973       4.071416462476694E-002  2.895150960310378E-003
   252784.278644316       4.111366906807692E-002  2.456539373323882E-003
   642999.789245180       4.151253578673410E-002  2.017951083327977E-003
   517830.833610624       4.191170314876307E-002  1.582009503446618E-003
   58524.7768336970       4.060216105002160E-002  1.235074006510581E-003
   358233.957953839       4.022945886251098E-002  1.697510618746258E-003
   614008.340479176       3.985831558150123E-002  2.158748289929585E-003
   890666.061937918       3.948788353048884E-002  2.619014705574827E-003
   1060251.82063136       3.905499289308877E-002  2.215569643367100E-003
   451452.865095377       3.862154541827686E-002  1.811184935502948E-003
   175008.999340616       3.818662877925592E-002  1.405809797046183E-003
   683097.625540776       3.739919284006219E-002  2.301463165368278E-003
   412792.945929034       3.785525723788227E-002  2.681985494217827E-003
   92725.4451589381       3.831195147485982E-002  3.062185773147891E-003
   69338.5753837168       3.877108033185892E-002  3.441371248844720E-003
   88529.5889520934       3.836571113147629E-002  3.837029147820028E-003
   272537.085170013       3.796071252795412E-002  4.231473667221688E-003
   233337.349950459       3.755556407406404E-002  4.626208239183815E-003
   147019.712741683       4.312427797429491E-002  5.640800241722827E-003
   108443.631968790       4.348817997377115E-002  5.186067788659437E-003
   55954.5034289728       4.385022975293362E-002  4.729701901389527E-003
   216914.247848417       4.421189956059782E-002  4.274775642598720E-003
   294721.935453480       4.457338729184786E-002  3.819756165360239E-003
   324782.243027233       4.506011940892864E-002  4.211751377380606E-003
   279252.023104338       4.554747347849909E-002  4.603812223000164E-003
   105705.072444643       4.603433005457055E-002  4.997219180962119E-003
   96783.7767334157       4.652312109323948E-002  5.389331810591003E-003
   479878.977264572       4.713841178698769E-002  4.676100937834462E-003
   421948.540132933       4.668166379724925E-002  4.249759434647282E-003
   223905.572950550       4.622393458674259E-002  3.823587410263769E-003
   125703.270755674       4.576662252154037E-002  3.396043545311166E-003
   438543.099052950       4.530795989085155E-002  2.969381104248024E-003
   370782.897032771       4.569581211896654E-002  2.414774737198643E-003
   391583.916151286       4.607929994360034E-002  1.858340090782392E-003
   91791.4871131169       4.646142757600305E-002  1.301916311536365E-003
   235584.553053601       4.684080003908149E-002  7.453134648322296E-004
   363233.798635184       4.591084233524964E-002  8.384032192377999E-004
   632469.257997644       4.542868930071399E-002  1.307162209443299E-003
   637069.453410733       4.494403908530956E-002  1.772479794433641E-003
   688684.458981574       4.445826651990492E-002  2.237140909886279E-003
   711769.548550060       4.402540754704067E-002  1.840221370077453E-003
   321771.638802708       4.359235978107863E-002  1.442853772912237E-003
   118696.668967127       4.315730033778577E-002  1.043985580439525E-003
   770253.931904139       4.236347564411815E-002  1.956115687169672E-003
   375742.350892466       4.281607586725512E-002  2.332987647940250E-003
   28150.8771592382       4.326838435270197E-002  2.709633829282113E-003
   226242.876217512       4.372330837824096E-002  3.086108658545353E-003
   87658.9137430088       4.332657865679691E-002  3.513003759715344E-003
   177479.914033011       4.293159804523451E-002  3.939490831065614E-003
   267878.052338703       4.253572003873513E-002  4.365208715258037E-003
   40573.6832858929       4.785150908856096E-002  5.289777330854151E-003
   159721.713141785       4.826566360081659E-002  4.665850142375165E-003
   413523.830229875       4.867617515698520E-002  4.041073981387056E-003
   138840.677503872       4.908482410396252E-002  3.413282355661156E-003
   127169.818779189       4.948897181331482E-002  2.784630872552248E-003
   358932.058482021       5.006402238687134E-002  3.330704311825770E-003
   27850.5995008681       5.063718675501579E-002  3.881153947343847E-003
   129361.146949591       5.121395627119570E-002  4.428935211868342E-003
   79718.3774014166       5.179386207243969E-002  4.974959388220344E-003
   226904.976722335       5.212768309854254E-002  4.581138458293704E-003
   457926.547711450       5.149830347741988E-002  4.096990241123986E-003
   380208.470683802       5.087231239777371E-002  3.609463180752209E-003
   149850.852202646       5.024677715719714E-002  3.120330601240547E-003
   256402.320329204       4.961753470593287E-002  2.631988830870098E-003
   499822.389480213       5.016637194280538E-002  2.163085311301302E-003
   738714.687504089       5.071576673517908E-002  1.699169564102792E-003
   603584.978403186       5.126738099365609E-002  1.239826080125555E-003
   313539.135717291       5.182229449547329E-002  7.818621996254381E-004
   461857.338438555       5.055074457314631E-002  6.288239529572870E-004
   523432.642351200       5.018496417262226E-002  1.251532487408651E-003
   124030.502476916       4.982227700668077E-002  1.877850491247230E-003
   410319.647188796       4.946472977676920E-002  2.504237462763639E-003
   639599.278063907       4.890691905948865E-002  1.953982581684365E-003
   109277.226345300       4.834891002845435E-002  1.397918145456351E-003
   462425.639414799       4.778651089302543E-002  8.464335271696501E-004
   898102.207595578       4.746840740812898E-002  1.216422950327119E-003
   715296.443317562       4.809061649359098E-002  1.692633029635274E-003
   187682.319517421       4.871069505314077E-002  2.175235998966562E-003
   222439.088919802       4.933613038843900E-002  2.656707812995222E-003
   208122.796953706       4.878893517993887E-002  3.165274149614835E-003
   432028.604299510       4.824058019446099E-002  3.671505049765531E-003
   239913.563938814       4.769059877134204E-002  4.173836911304744E-003
   53291.9214134189       5.252160755868813E-002  4.914408006811805E-003
   21078.5380809921       5.301808420354718E-002  4.444054169987003E-003
   176346.828037444       5.351369179401555E-002  3.973269910380051E-003
   132812.054571482       5.400868262241577E-002  3.504417809611094E-003
   196649.131272388       5.450558958848369E-002  3.035839428100399E-003
   18923.9956140626       5.502357653886573E-002  3.421801694593564E-003
   46894.5695646227       5.554040091970410E-002  3.807220722352864E-003
   97360.1824217903       5.605863193239315E-002  4.193443762301024E-003
   104479.290952668       5.657718451826596E-002  4.578542820584661E-003
   91627.5506246884       5.708984788801409E-002  3.972709113516187E-003
   209581.774662021       5.662586751276692E-002  3.524859532989360E-003
   79396.9308079994       5.616116246386970E-002  3.076341284537509E-003
   75692.7119562565       5.569741556009248E-002  2.628561436206607E-003
   277224.760516481       5.523264932306871E-002  2.179607044589913E-003
   149008.773286773       5.562588943373370E-002  1.745014308085175E-003
   147648.661672923       5.601628551301920E-002  1.309032034566406E-003
   389383.977459889       5.640757152527979E-002  8.746010649790829E-004
   296803.561944563       5.679786118012278E-002  4.401064297113030E-004
   42428.5417553132       5.546458353774821E-002  7.763190302811267E-005
   204553.373764996       5.510211726269472E-002  5.372339812802465E-004
   302057.204301607       5.473882511757770E-002  9.952714632999178E-004
   614964.129452218       5.437727371854064E-002  1.453957735093732E-003
   725297.843792571       5.393221813550774E-002  1.061291179132381E-003
   427047.334436477       5.348736853541042E-002  6.682914787695567E-004
   52797.6069965285       5.304313194406401E-002  2.733750793637107E-004
   390987.999915628       5.227762280405890E-002  1.163113993434738E-003
   64186.6060058009       5.273390951822373E-002  1.544454244977605E-003
   219585.909819614       5.319023036626482E-002  1.926876187831431E-003
   324321.639168952       5.364922385780890E-002  2.308524718825168E-003
   144244.675707526       5.326733311293657E-002  2.876818003045508E-003
   143432.587149571       5.288687584620681E-002  3.444257720417677E-003
   44025.6263935502       5.250654859461623E-002  4.013065134238950E-003
   21876.5462965475       5.769540742865666E-002  4.484626637475438E-003
   35123.2118107477       5.814643390943215E-002  4.055222865878078E-003
   78883.3600513951       5.859698784664100E-002  3.624683912659328E-003
   18452.6233013077       5.904666022664207E-002  3.195360790889879E-003
   108011.825391242       5.949725333232921E-002  2.765956939999021E-003
   94426.3883131605       5.998729452786989E-002  3.115286973380376E-003
   188954.309192316       6.047596570597064E-002  3.465390245118326E-003
   153247.774305287       6.096587185410210E-002  3.816356263579253E-003
   28435.3597206768       6.145603408106749E-002  4.166179204241329E-003
   276833.995161012       6.206233961464446E-002  3.447243369109096E-003
   190114.587124112       6.163572160830728E-002  3.023048401870300E-003
   124094.763349684       6.120800782238619E-002  2.598735388551274E-003
   158452.723200490       6.078114803546499E-002  2.175295609298020E-003
   229495.469345527       6.035451150301368E-002  1.750399046076142E-003
   102079.954259842       6.071106884649818E-002  1.333008101090079E-003
   44149.9990989393       6.106601897910424E-002  9.149979248558936E-004
   277851.190052136       6.142181120437070E-002  4.973665752950602E-004
   258580.037510238       6.177643136978284E-002  8.029123721129891E-005
   21693.3029096365       6.038771106653221E-002 -3.714185561788769E-004
   230297.823863339       6.003840665066509E-002  5.188852592259621E-005
   268772.359342800       5.968901024898481E-002  4.735470674151303E-004
   522307.890567719       5.934033451153868E-002  8.952780242863292E-004
   614033.301113629       5.891101607901927E-002  5.398640637404076E-004
   364928.132058496       5.848040840564684E-002  1.842775450688660E-004
   176513.435445964       5.805052181592069E-002 -1.728799985874167E-004
   420583.026074459       5.721843310490439E-002  8.073603383673923E-004
   235050.602097868       5.763999722235042E-002  1.174218216886505E-003
   9803.79891599306       5.806104625104373E-002  1.542367634327345E-003
   35592.5618906715       5.848309085024719E-002  1.909006210224444E-003
   61497.7298821790       5.813491543246379E-002  2.425123121062502E-003
   24469.1819051277       5.778681005202733E-002  2.940326403900684E-003
   59886.4722578271       5.743774597075268E-002  3.456516735315047E-003
   20837.3486622351       6.278108628847032E-002  4.052652738434138E-003
   50589.6051970361       6.319986939098488E-002  3.558732493184313E-003
   35470.1157328487       6.361774071509933E-002  3.064459664219701E-003
   100157.867527789       6.403455952781258E-002  2.570534949104406E-003
   121169.043055846       6.445236504213026E-002  2.076835667978436E-003
   123873.245821525       6.494119975270711E-002  2.492208385606129E-003
   97005.8402023251       6.543001130032994E-002  2.908011356291814E-003
   96414.8085022483       6.591808831076046E-002  3.323910204577721E-003
   72778.6376204005       6.640784916713235E-002  3.739306648698034E-003
   342865.449284799       6.703809934727287E-002  2.989087129776277E-003
   210578.662793124       6.654571545843969E-002  2.578237061255959E-003
   188278.824732496       6.605338897568763E-002  2.168141562148125E-003
   149974.029075352       6.556092324502412E-002  1.756746753738377E-003
   192963.740067407       6.506837662452764E-002  1.345147538578580E-003
   73164.0336316376       6.548025839172833E-002  8.123131995664895E-004
   22635.8424886049       6.589024755662393E-002  2.797136464421958E-004
   313531.250983803       6.629943656827822E-002 -2.535521163018199E-004
   248172.084369286       6.670864576153269E-002 -7.847450156017789E-004
   45158.9985647467       6.568788389901145E-002 -7.635341073147484E-004
   249261.128341807       6.523745034573324E-002 -2.645396036014707E-004
   318402.848747392       6.478794207971685E-002  2.333498850628254E-004
   425495.658957996       6.433714131092788E-002  7.304091392998703E-004
   394764.673903730       6.391646669180631E-002  3.085301983622737E-004
   112654.381453921       6.349529447406041E-002 -1.138375914853749E-004
   94833.5952548964       6.307349277837024E-002 -5.363367730537132E-004
   495481.482148297       6.226253167626014E-002  4.244881442999416E-004
   340994.669117784       6.274830275665454E-002  7.697279697955425E-004
   122359.297143133       6.323424506417380E-002  1.115502807124426E-003
   13216.5894638517       6.372111627371597E-002  1.461225700124722E-003
   77599.3581261491       6.330601759036071E-002  1.958103049146007E-003
   40944.8342235010       6.289130762934507E-002  2.454054884220761E-003
   26735.1751112506       6.247670172683455E-002  2.950671779686901E-003
   61597.1078609868       6.778859844593907E-002  3.618431572950310E-003
   44021.4290798907       6.820037448100943E-002  3.136827464783829E-003
   26389.9474299012       6.861008826626040E-002  2.654944492626567E-003
   111614.295227776       6.902065989860369E-002  2.174202513794005E-003
   139664.605195850       6.943110869040554E-002  1.692867069160688E-003
   157705.165907670       6.992984375766033E-002  2.093154678663590E-003
   131788.927293786       7.042938253871342E-002  2.492810631393646E-003
   22894.7846276029       7.092819676800950E-002  2.893666712504802E-003
   41198.4245502949       7.142828667970193E-002  3.294451405328322E-003
   122424.526147348       7.201846790417205E-002  2.589364649803647E-003
   193716.042166863       7.153694940867496E-002  2.167478264885483E-003
   91013.6035556205       7.105558008959637E-002  1.746105244789318E-003
   47777.8008928871       7.057488590930990E-002  1.323569012082930E-003
   117507.931446136       7.009301490627796E-002  9.021267500997797E-004
   95685.9626813627       7.050089112170958E-002  4.857193727375230E-004
   103412.178213148       7.090689288007353E-002  6.925343447363504E-005
   189832.124934315       7.131384669896233E-002 -3.469299396781770E-004
   150601.097361080       7.172100544293553E-002 -7.625702026759699E-004
   47395.1707285591       7.031203180335727E-002 -1.183651117896538E-003
   56513.4769340847       6.997531199424255E-002 -7.081875562241231E-004
   121832.731205843       6.963873572672401E-002 -2.339705987876471E-004
   325100.741892887       6.930267590427538E-002  2.410997059597913E-004
   450363.577603446       6.877335764008946E-002 -1.568032246264464E-004
   288465.582712862       6.824544700595329E-002 -5.549022950440572E-004
   90867.9856633042       6.771630259962963E-002 -9.546711333539939E-004
   327133.729899989       6.719095311543263E-002 -3.319497134456105E-004
   94311.0514494064       6.767355443065613E-002  1.229122689392053E-004
   90494.9973347262       6.815586262361865E-002  5.769457194654574E-004
   102288.163065879       6.864045326674775E-002  1.031292473709295E-003
   37371.6815662421       6.823928021401937E-002  1.521354744342203E-003
   92749.8202670501       6.783953912139151E-002  2.011272477986581E-003
   127559.745124552       6.743872882975578E-002  2.499840303532026E-003
   26756.1594035662       7.272325044803890E-002  3.178779644494956E-003
   44113.0210166274       7.314271567916947E-002  2.666104044312123E-003
   76210.2338165734       7.356067205449614E-002  2.154270585484474E-003
   22543.6354965551       7.397946334491422E-002  1.641496482868366E-003
   64911.7167704302       7.439732154431360E-002  1.130005509599866E-003
   87423.1531524266       7.494197262395498E-002  1.554902812980003E-003
   128139.332905574       7.548557481754130E-002  1.981215506539432E-003
   52875.3078219791       7.603020552910733E-002  2.406434447082744E-003
   23202.5741449471       7.657510219102838E-002  2.832592872726121E-003
   83090.8127054215       7.701134804880397E-002  2.310382874976387E-003
   163555.209240535       7.649570508578557E-002  1.849874288089384E-003
   89748.1873658229       7.598115633566026E-002  1.388900592314527E-003
   99220.8292296698       7.546555955885077E-002  9.289698406803283E-004
   118431.194277787       7.495082778741616E-002  4.678764346075937E-004
   38191.6530220834       7.537959706770309E-002 -3.810765675503654E-005
   22455.6289511805       7.580848528783390E-002 -5.444473980741353E-004
   90782.4355571047       7.623632168975414E-002 -1.049443598984462E-003
   72892.7077449323       7.666517238470308E-002 -1.555048649347531E-003
   79654.0983636739       7.554862145446091E-002 -1.622481130962409E-003
   28501.3284354810       7.512934321890653E-002 -1.110030612264890E-003
   58830.8193268431       7.470926504956589E-002 -5.968119065982045E-004
   205807.617022183       7.428913781098136E-002 -8.490386078178862E-005
   176255.535599940       7.387166223029652E-002 -5.215025239894058E-004
   71248.0980174663       7.345393006575508E-002 -9.595247317961478E-004
   36189.9103972941       7.303593608414462E-002 -1.396577006617199E-003
   254086.116447104       7.222512635298470E-002 -4.282541111095954E-004
   184474.772131712       7.272807574296461E-002 -9.335982369540908E-005
   110185.847262090       7.323211987098011E-002  2.416750641530789E-004
   38308.2065974385       7.373553973270493E-002  5.768827432360152E-004
   99152.5662568012       7.330645038927065E-002  1.079572677532972E-003
   17502.7752057545       7.287679714500958E-002  1.583391077331762E-003
   27185.5534398174       7.244803987037143E-002  2.085878429960293E-003
   14752.9367267704       7.753324165451650E-002  2.746159150236558E-003
   45614.8397021770       7.799140450263783E-002  2.199551920375430E-003
   90792.7881004825       7.844910538754833E-002  1.652739857774573E-003
   28593.4656961177       7.890584131120669E-002  1.107085034944406E-003
   26639.4611333981       7.936348660434883E-002  5.604697661803788E-004
   44039.8460387388       7.993929675654136E-002  1.013323990776045E-003
   94634.5079143623       8.051390881553883E-002  1.465509158389043E-003
   17834.2611702829       8.108969873271107E-002  1.918566197872322E-003
   16093.4271265228       8.166559088699889E-002  2.371566697426213E-003
   35778.6580835612       8.199992181290619E-002  1.970629393049387E-003
   127365.800548382       8.145130295460520E-002  1.485360245600575E-003
   55988.3479459715       8.090281048497719E-002  9.997435682827334E-004
   78441.7226914214       8.035530925014127E-002  5.150112188556022E-004
   81699.9598530396       7.980670311064643E-002  2.932600509655912E-005
   19867.6782439431       8.027292654932390E-002 -4.017993047931686E-004
   6943.75136548388       8.073770850543542E-002 -8.338014423891604E-004
   34503.3465547514       8.120362603171739E-002 -1.264679378624184E-003
   20106.2221923807       8.166953554138806E-002 -1.696363326108407E-003
   64631.0638278252       8.029675155630589E-002 -2.020917367746163E-003
   32901.8815300314       7.995667221991719E-002 -1.484762065880041E-003
   19888.7851334983       7.961563318320944E-002 -9.495417481778000E-004
   115706.249018157       7.927586163831303E-002 -4.134771883242752E-004
   123727.732541712       7.876835501790697E-002 -8.726903933097283E-004
   80251.5555798443       7.826100153912065E-002 -1.331422385385650E-003
   11600.1158536037       7.775431544122308E-002 -1.791299545528939E-003
   162411.046140032       7.720725443081948E-002 -1.137072411330998E-003
   93133.4368768260       7.774909164371042E-002 -7.196382012009152E-004
   52417.9208727490       7.829015336314368E-002 -3.009782650376562E-004
   56874.1679248791       7.883257613446126E-002  1.175163745257071E-004
   91372.0505166861       7.837690275548619E-002  6.660766931782264E-004
   40511.6091789266       7.792234761898732E-002  1.213595398190953E-003
   65995.6647573508       7.746685285804648E-002  1.762034359381211E-003
   15215.9563574802       8.240052539382689E-002  2.304657958159282E-003
   46881.4643444554       8.289270303215200E-002  1.826294733943211E-003
   104276.274836272       8.338481146795011E-002  1.347880472249148E-003
   90736.1924567465       8.387583138448608E-002  8.685487535718918E-004
   16281.4592462125       8.436788095245194E-002  3.900870375888234E-004
   56414.8020100906       8.486830924127022E-002  7.782371961399465E-004
   24627.3619327385       8.536877836116237E-002  1.167283077175893E-003
   29940.9942398330       8.586913388495461E-002  1.555148986171122E-003
   30225.4507783200       8.637019773730244E-002  1.943012253324365E-003
   30214.7116082676       8.695603437862273E-002  1.239874092463736E-003
   8771.49214561687       8.648354321034529E-002  8.171623828773624E-004
   23668.3063008445       8.601124626525000E-002  3.955237800424847E-004
   87101.0547788629       8.553803823593975E-002 -2.593631209606585E-005
   34177.2754250826       8.506614130611997E-002 -4.476742938961630E-004
   21548.3042532422       8.545924978636103E-002 -8.989187369205292E-004
   48499.8170040206       8.585312303644062E-002 -1.350422953207289E-003
   42263.4584718080       8.624604945212321E-002 -1.801813635224497E-003
   28319.1541814637       8.663897676376997E-002 -2.253203538521523E-003
   20194.2662896541       8.534886571818259E-002 -2.549798425009520E-003
   18170.7422591243       8.497552380867958E-002 -2.082122297098102E-003
   63977.6840720540       8.460220969962415E-002 -1.613498858889735E-003
   80694.5123300633       8.422899512701332E-002 -1.145667108388470E-003
   57381.9534871386       8.380485544408650E-002 -1.540908094333919E-003
   62266.6023543272       8.337968846336584E-002 -1.937256860513193E-003
   7783.83314187167       8.295551597129221E-002 -2.332699502423481E-003
   84970.1347773671       8.213458137123959E-002 -1.348946004884149E-003
   43336.2075625835       8.259945430935949E-002 -1.002326990971849E-003
   44376.1774224863       8.306550467831088E-002 -6.548275667144082E-004
   32883.5801527253       8.353049605157910E-002 -3.081713991859294E-004
   33536.8642727936       8.314824602241740E-002  2.617002403009555E-004
   44812.1933874304       8.276480347704113E-002  8.306537244044112E-004
   116317.969385355       8.238233331800186E-002  1.400515967079620E-003
   72938.1259851954       8.765863278481061E-002  1.825487421411772E-003
   9947.54145585422       8.808226840988599E-002  1.356655248004253E-003
   125524.372132481       8.850489863335589E-002  8.867240310378357E-004
   181573.223479344       8.892768509533724E-002  4.175839188662366E-004
   71697.2503990996       8.935036684084507E-002 -5.184691441847619E-005
   142664.349830423       8.981736170483043E-002  3.358962273975257E-004
   27733.5495546853       9.028426361894787E-002  7.234196716752513E-004
   64782.6161253204       9.075211165468038E-002  1.111640523968791E-003
   83527.6674952315       9.121863949883609E-002  1.498895031562874E-003
   12699.3175822691       9.192645509971942E-002  6.474562584414768E-004
   92963.1735004504       9.145957679076200E-002  2.596667736384853E-004
   9954.50828199433       9.099159671641188E-002 -1.286258195948090E-004
   96461.2028677625       9.052489366797452E-002 -5.158920577301041E-004
   18689.1772307124       9.005869892651727E-002 -9.033762673801597E-004
   44791.0605613184       9.044518210436268E-002 -1.390329468198976E-003
   50154.4917992104       9.083156625903226E-002 -1.877433055105532E-003
   69304.5231034681       9.121907770987102E-002 -2.364647396871264E-003
   57844.3410982092       9.160558208437562E-002 -2.851902408493191E-003
   19728.2342591902       9.043562101623737E-002 -3.017173989741816E-003
   40578.8004490883       9.002643290008218E-002 -2.548094351420093E-003
   110756.085936105       8.961706526972264E-002 -2.079984553757303E-003
   53451.4532671012       8.920793403134850E-002 -1.611534730951305E-003
   28789.8288694034       8.875665100751882E-002 -2.000952215654550E-003
   55427.8175907687       8.830543428691671E-002 -2.390381790061884E-003
   34507.7205272265       8.785417017716711E-002 -2.780800982340546E-003
   11250.9875480764       8.710386883241350E-002 -1.879939354059076E-003
   3102.06867516895       8.756970250482206E-002 -1.506744040060962E-003
   23797.5719884047       8.803457703241334E-002 -1.133578032252659E-003
   9096.54355119812       8.849941345096730E-002 -7.604410957797051E-004
   19829.9396018969       8.811420466423932E-002 -2.606916349704204E-004
   43196.3672548011       8.772857789722117E-002  2.389566216701462E-004
   153793.106891880       8.734170457688066E-002  7.387432556945862E-004
   85208.3718723911       9.277766412371999E-002  1.355476356562742E-003
   76316.7980026143       9.315934907288498E-002  8.198290205513915E-004
   10880.3302118654       9.354231198188175E-002  2.841300530445033E-004
   95301.7434451570       9.392464709947705E-002 -2.505531684642622E-004
   62208.5758365834       9.430687511876835E-002 -7.866607989688744E-004
   78513.6695501130       9.475367876563508E-002 -3.269745584412462E-004
   9806.61091226973       9.519928223544942E-002  1.314408347407739E-004
   98566.1334262037       9.564567965350800E-002  5.907805572944649E-004
   66070.7418762877       9.609192630624684E-002  1.050130512665311E-003
   19667.4438365175       9.689881185262074E-002  7.893165780371424E-005
   122088.237099277       9.636465888490194E-002 -2.755366373890658E-004
   47743.7686481911       9.583031217203819E-002 -6.294951727762073E-004
   32686.0452633894       9.529714415374856E-002 -9.823282221214855E-004
   49508.4750086128       9.476330607220421E-002 -1.336019888277994E-003
   73232.9842856966       9.521904376785285E-002 -1.830337028080864E-003
   23666.2068389307       9.567406825115109E-002 -2.323623880644794E-003
   27940.6950108077       9.613010296648812E-002 -2.818094667441194E-003
   3976.45616535303       9.658608305497011E-002 -3.311849441367176E-003
   24966.5737792720       9.542470126046480E-002 -3.405368401555408E-003
   8424.52067585525       9.502097641141516E-002 -2.867561277912362E-003
   73747.0813259842       9.461800195024850E-002 -2.330795685880122E-003
   20999.1335106490       9.421428407134168E-002 -1.792563067178888E-003
   5150.66696338285       9.372020103838524E-002 -2.248038536615122E-003
   36680.0765393276       9.322624170710969E-002 -2.702279645860127E-003
   45005.9471308405       9.273237031350090E-002 -3.157541658306911E-003
   31911.9065728413       9.214390209006322E-002 -2.449510073967794E-003
   15341.5656423775       9.268226647859447E-002 -2.047324126917322E-003
   23795.3815133368       9.321961937668762E-002 -1.645263462336079E-003
   75127.6513120645       9.375780087428050E-002 -1.243369181587627E-003
   21792.2623300046       9.329998100622987E-002 -7.711687085542292E-004
   59126.6035360783       9.284272700092190E-002 -2.989964165814362E-004
   129515.363473888       9.238451265662127E-002  1.745060640389266E-004
   51906.5621704085      -1.689912989586500E-003  1.250139617745477E-002
   212595.061566575      -1.267633322223690E-003  1.205721341055052E-002
   75464.4394814984      -8.448916142619379E-004  1.161329468224476E-002
   52824.1992912697      -4.230048895664281E-004  1.116815093395565E-002
   31443.1374724192      -6.060593754170774E-007  1.072212042705848E-002
   12962.6901351427       3.852373099634943E-004  1.116562940163960E-002
   4107.53413608471       7.702409363011269E-004  1.160863502262726E-002
   183085.232977349       1.155989806023989E-003  1.205060236012492E-002
   220446.632575102       1.541968439025381E-003  1.249320615622007E-002
   271750.682093422       2.502660982032559E-003  1.152462194662011E-002
   38719.2764607413       2.056244834353132E-003  1.114233851605234E-002
   110410.551654786       1.610508567853597E-003  1.076072635897559E-002
   158514.993025408       1.164081961883910E-003  1.038012659898058E-002
   86646.2383614177       7.179393633763771E-004  9.998646662875820E-003
   138681.872843044       1.161693462648337E-003  9.554582429282907E-003
   118498.605167785       1.604727629382877E-003  9.108645707923515E-003
   2757.46299699302       2.046647611496239E-003  8.663341319527904E-003
   213216.049246649       2.488713856712248E-003  8.215880263021381E-003
   263403.740550297       1.317046551027022E-003  7.942399815595851E-003
   324157.846205159       8.772057138885054E-004  8.388018236742628E-003
   131569.433972990       4.355671644897303E-004  8.834084825764969E-003
   278321.123567876      -5.067267748248129E-006  9.280495008484995E-003
   342484.674045345      -4.746324733366459E-004  8.836883063665278E-003
   330373.949160424      -9.451072117284360E-004  8.393781941803452E-003
   192870.180395658      -1.413825950623421E-003  7.951334462719669E-003
   1150272.30985091      -2.506307064260565E-003  8.127799184686686E-003
   56918.8398309960      -2.060809765134666E-003  8.598155631634581E-003
   120166.730141314      -1.616173047784701E-003  9.067058546388274E-003
   101552.825509954      -1.170119436176859E-003  9.536014281934015E-003
   317716.154422986      -7.234237330469378E-004  1.000306450254606E-002
   242392.696541640      -1.167105052716524E-003  1.042581552418436E-002
   223231.220476140      -1.611255068469128E-003  1.084749201223120E-002
   2074.77912115124      -2.055020428488187E-003  1.126990653599532E-002
   358365.303016780      -2.499458533525839E-003  1.169211722732786E-002
   96848.2193696683       3.471531044765203E-003  1.248352531103627E-002
   88792.1600192141       3.853902631948135E-003  1.198996369327499E-002
   182684.452866192       4.235499161056387E-003  1.149566692531096E-002
   170525.121938535       4.616381179882675E-003  1.100137238692056E-002
   40716.9388362384       4.998090236328614E-003  1.050654562885441E-002
   266019.388479663       5.336530588997926E-003  1.099578301976760E-002
   178124.239912533       5.676299074600854E-003  1.148610772806934E-002
   34607.9554524333       6.015969508033075E-003  1.197610392361871E-002
   661546.936269969       6.358286258274188E-003  1.246425370475075E-002
   1126081.97681675       7.501600060477507E-003  1.129372972209999E-002
   406818.172608688       7.008232304302692E-003  1.096336212944670E-002
   585449.785552886       6.514082243915531E-003  1.063386612577471E-002
   672238.510530969       6.020383147379181E-003  1.030215814776173E-002
   643509.355175730       5.527477588045800E-003  9.969567847824361E-003
   608925.338481161       6.015811861293743E-003  9.517064478203139E-003
   336381.846299746       6.500249148863764E-003  9.061922310496585E-003
   50089.2937915794       6.983177026787658E-003  8.607900051221112E-003
   364339.014315461       7.465572637787152E-003  8.154623080326322E-003
   106584.520260188       6.291278239532487E-003  7.944347036936601E-003
   251023.304302396       5.858778467084054E-003  8.446061747312345E-003
   571928.950730784       5.425065453371833E-003  8.946105845464063E-003
   580888.495258567       4.991085768113041E-003  9.443067328558694E-003
   553208.729683272       4.547394555078636E-003  8.953748018617482E-003
   155673.485170825       4.102215503458329E-003  8.463563141605790E-003
   293682.558088306       3.656902637445266E-003  7.973272638013690E-003
   724761.618863773       2.982698846302487E-003  8.654873382897194E-003
   391013.931458654       3.475457809228712E-003  9.095149574824293E-003
   73917.0766819776       3.968359911939671E-003  9.537247105545718E-003
   69870.3850579862       4.462873181780126E-003  9.978167645990169E-003
   126316.428965659       3.972977518675998E-003  1.036497338309374E-002
   96948.2179042094       3.482843936136009E-003  1.075072258172848E-002
   261772.267365461       2.992420789610309E-003  1.113721995427811E-002
   26145.2115369857       8.675957354846379E-003  1.243253483650130E-002
   38990.0882670014       9.004246678236655E-003  1.187006487617690E-002
   465498.560523267       9.329297778779671E-003  1.130429282046167E-002
   98941.7157131871       9.654047988167424E-003  1.073874227533922E-002
   287027.079817423       9.975019852438599E-003  1.017203566505768E-002
   90756.4887383605       1.038915616251187E-002  1.072135311565825E-002
   150345.772395762       1.080565809345481E-002  1.127116028595805E-002
   229969.559166333       1.122481584247741E-002  1.182066907473056E-002
   724384.937887079       1.164624099292962E-002  1.236760656482490E-002
   959750.413190962       1.249736891734531E-002  1.146770537256467E-002
   838729.125208020       1.193190680728975E-002  1.107767143368866E-002
   910355.711533538       1.136672564647017E-002  1.068605987252776E-002
   888749.448441501       1.080392298608196E-002  1.029207493291736E-002
   699558.735321388       1.023980333309340E-002  9.895842139890526E-003
   504042.990763747       1.078215203570838E-002  9.431196076116380E-003
   1205609.65583065       1.131730800961402E-002  8.969358169435313E-003
   1153143.74782092       1.185627171982555E-002  8.513405368296771E-003
   482443.695461521       1.239926413316507E-002  8.065413837307233E-003
   717842.499896442       1.121215441417439E-002  7.906754055109651E-003
   539676.589268676       1.079050713354801E-002  8.482902270892597E-003
   498415.371907819       1.037532820879844E-002  9.060374364245167E-003
   1440381.08944457       9.963466986039572E-003  9.633805852046108E-003
   1289503.95387242       9.523736563802395E-003  9.080855173053789E-003
   132034.804173454       9.080626941473180E-003  8.522770811327091E-003
   1125573.91983319       8.632533660594048E-003  7.965623307649687E-003
   1927224.50253558       8.026328672185395E-003  8.584792540626140E-003
   1344623.44590772       8.583285514770786E-003  9.022028414553176E-003
   350093.512567220       9.137302839900767E-003  9.465160972272279E-003
   149543.776383586       9.698785830213984E-003  9.908494276674633E-003
   522480.601351687       9.149617492383293E-003  1.025742688843492E-002
   710993.097534006       8.601404135687607E-003  1.060476322109745E-002
   352483.269641338       8.050707749431304E-003  1.094884844497849E-002
   66280.3838046096       1.339726795170689E-002  1.231318258190657E-002
   78318.0926561451       1.379376184105288E-002  1.192548077679751E-002
   399453.270645945       1.418764638846861E-002  1.153599748595478E-002
   651796.982385886       1.458130471947959E-002  1.114749800577238E-002
   82394.7484845200       1.497634962843527E-002  1.075997647262579E-002
   737814.965995024       1.545178600291502E-002  1.111733675818342E-002
   349486.252166574       1.592772321736242E-002  1.147370006087269E-002
   63888.3702857316       1.640281528345024E-002  1.182990515817854E-002
   47061.2346919041       1.687897424934479E-002  1.218474110643898E-002
   341288.174814233       1.750982921367805E-002  1.150218115802539E-002
   236580.240951284       1.711656023402903E-002  1.105627302751589E-002
   145327.991359103       1.672350813577958E-002  1.061258545831150E-002
   475985.208880874       1.633231191397322E-002  1.016772250762849E-002
   658507.910466958       1.594245629131319E-002  9.722367449182067E-003
   208420.061351311       1.630572159976700E-002  9.312574487184614E-003
   190702.504044439       1.666463703846781E-002  8.900692216556746E-003
   27710.1430250473       1.702449090452566E-002  8.489291730385333E-003
   139593.190688133       1.738436489989488E-002  8.079693688349701E-003
   79244.3024745922       1.605645071989930E-002  7.591128698037741E-003
   285717.745879446       1.567407120393992E-002  7.981155881116545E-003
   85104.2687588807       1.529130800950439E-002  8.369052450854435E-003
   1187418.14312339       1.491054686107815E-002  8.759461170265690E-003
   1341680.56446364       1.446405163911472E-002  8.398821246298241E-003
   1139899.55847737       1.401870394632712E-002  8.036678850179802E-003
   581280.064848614       1.357361215925273E-002  7.671620204181382E-003
   278626.671380656       1.278231740461078E-002  8.495898255217856E-003
   286520.710630921       1.316649648722432E-002  8.928401321509578E-003
   565677.780072440       1.355192811276457E-002  9.360234289742199E-003
   853848.734874401       1.394059886886053E-002  9.791029437106566E-003
   67494.9745608471       1.358055349806146E-002  1.021134118735182E-002
   96541.2453234504       1.321964175062059E-002  1.062993347630310E-002
   304956.786938615       1.285771138802801E-002  1.104810993883241E-002
   333620.497483167       1.819246384091493E-002  1.213309114931409E-002
   434359.029147391       1.863432324843676E-002  1.162581826471410E-002
   63212.0408789446       1.907606199798634E-002  1.111942862033988E-002
   400597.922822176       1.951961633674645E-002  1.061144161716871E-002
   120323.771972609       1.996181469628960E-002  1.010267122535441E-002
   292842.909310074       2.036106365104562E-002  1.057577920175200E-002
   39222.2491285721       2.075997738275266E-002  1.104855781723827E-002
   633385.496623992       2.115760316010048E-002  1.152050500978644E-002
   25244.4844916312       2.155596709753392E-002  1.199242959023189E-002
   557579.867170271       2.250506326191859E-002  1.095506607543501E-002
   479452.937308650       2.199680746373463E-002  1.060016234459074E-002
   4854.71380008225       2.148806635962513E-002  1.024814381765198E-002
   340495.114632786       2.097892002159342E-002  9.896736071780786E-003
   105435.791467657       2.047257402122096E-002  9.545542469184683E-003
   499614.039026730       2.094181575528150E-002  9.026214672858267E-003
   142734.367471525       2.140879877490558E-002  8.505181098918754E-003
   562329.236776271       2.187421515516519E-002  7.984603526602643E-003
   441651.780423221       2.234058294692253E-002  7.465925465706704E-003
   198110.670075507       2.133564264074851E-002  7.495808996746654E-003
   545001.205473895       2.086300479542703E-002  8.009970273635049E-003
   366956.801577756       2.039015480067727E-002  8.523828604276985E-003
   1049293.34275932       1.991729892648610E-002  9.036153218514064E-003
   947346.367669899       1.950446320909763E-002  8.561371168588565E-003
   312219.974726311       1.909085499979604E-002  8.084969235117782E-003
   106943.016393934       1.867668311703034E-002  7.609021015770909E-003
   696227.741380680       1.789026787853131E-002  8.455440247871039E-003
   440494.534450019       1.839427490537182E-002  8.834013564585668E-003
   29005.2525956575       1.889959560198892E-002  9.212827738338829E-003
   372320.357930407       1.940621258745556E-002  9.590551058022909E-003
   317693.909917442       1.893436096091171E-002  1.006738936174249E-002
   13703.3178480996       1.845932666143947E-002  1.054482694696526E-002
   430343.706499345       1.798455694421092E-002  1.102185681482411E-002
   133669.107884267       2.354455064023629E-002  1.190408000893307E-002
   47122.8190250629       2.390198028760165E-002  1.147158459835751E-002
   268298.358703192       2.425840301870005E-002  1.103714859978799E-002
   310551.732405931       2.461468789472086E-002  1.060331659435108E-002
   22121.8121825168       2.497048322241409E-002  1.016883190344083E-002
   244226.365276703       2.539051181511010E-002  1.056285803121212E-002
   14666.3412218556       2.580943250141465E-002  1.095703567811943E-002
   112107.530828050       2.622996164829929E-002  1.135142068892103E-002
   107502.873465645       2.665039236458166E-002  1.174470904333917E-002
   317744.912420661       2.750736604291591E-002  1.078539972253969E-002
   401411.276963086       2.707028248033727E-002  1.041223208030189E-002
   351579.556854794       2.663287628525541E-002  1.003845543969808E-002
   525804.174844300       2.619676197682267E-002  9.665481998685490E-003
   223552.981520008       2.576174574634768E-002  9.290464886767429E-003
   177491.846897379       2.615440522411047E-002  8.816517443102205E-003
   10494.7242102266       2.654419980213522E-002  8.340137872335967E-003
   304337.862749580       2.693442835557361E-002  7.865021210878757E-003
   355140.082889767       2.732322118955224E-002  7.389767907171239E-003
   245355.515004190       2.616711287216826E-002  7.180435941159038E-003
   513933.223572476       2.574033193905951E-002  7.622342817997281E-003
   441502.097542997       2.531217877834211E-002  8.062044746090838E-003
   886985.433414082       2.488564260596956E-002  8.501724144951969E-003
   1092264.64788266       2.437043152380818E-002  8.110930161585532E-003
   675044.020379983       2.385512628418382E-002  7.720025846031967E-003
   566566.191284158       2.334032689554438E-002  7.326663700322094E-003
   438611.770485003       2.277695263769094E-002  7.942752554583030E-003
   188520.063354020       2.321527022846847E-002  8.421269604157136E-003
   218433.248462288       2.365363896396409E-002  8.899752321003710E-003
   301163.442744652       2.409457441945701E-002  9.376532714465532E-003
   364573.546830640       2.369831950588531E-002  9.771584737130736E-003
   310114.887433973       2.330130899814556E-002  1.016621150791483E-002
   136821.018198306       2.290259499863054E-002  1.056042754310794E-002
   353025.923668351       2.846419271426810E-002  1.163863999120148E-002
   451928.009687901       2.883590632272169E-002  1.113406076806786E-002
   320274.513190889       2.920680743787403E-002  1.062920861927454E-002
   669092.307835012       2.957801605335946E-002  1.012322963734684E-002
   289195.768432799       2.995037862276199E-002  9.615541754394370E-003
   612237.610487568       3.046045824382474E-002  1.006880624689189E-002
   81448.7761492435       3.096904011687268E-002  1.052171046834374E-002
   417694.264817243       3.147796041510979E-002  1.097280093734892E-002
   33600.3132077910       3.198485322836660E-002  1.142512569451230E-002
   261801.118576032       3.253346446421831E-002  1.080494780829347E-002
   334408.316553326       3.201881365407414E-002  1.035756314887884E-002
   33439.9265782652       3.150446348669363E-002  9.911277082828341E-003
   524860.299361254       3.098958711305689E-002  9.466770780239185E-003
   623760.700633501       3.047740825981748E-002  9.019823843272785E-003
   170020.204454123       3.093696758455776E-002  8.579736224155702E-003
   145885.012749978       3.139348519572911E-002  8.138663171315594E-003
   60050.1175173491       3.184842623932210E-002  7.698180523517240E-003
   139317.443062108       3.230454906458953E-002  7.258675454618925E-003
   63063.8503103375       3.100576643895346E-002  6.962889744153678E-003
   154120.025015071       3.063166745356508E-002  7.474144378710778E-003
   269808.170275511       3.025774862775249E-002  7.985455986358270E-003
   803638.363141323       2.988399051499160E-002  8.495652735798918E-003
   831396.616156567       2.940727839960270E-002  8.038057231154673E-003
   364916.547127550       2.892950512939436E-002  7.579627342416072E-003
   193226.316749909       2.845262611645085E-002  7.121300297760012E-003
   470972.312072187       2.783131134968117E-002  7.814473889476247E-003
   330687.914859608       2.833832378652982E-002  8.239023955370826E-003
   24507.8518692475       2.884688935691255E-002  8.664726777792701E-003
   110571.359593867       2.935744658218593E-002  9.088256281874034E-003
   123580.644377843       2.889586025435581E-002  9.511789048544873E-003
   396928.698112567       2.843240835953549E-002  9.934403488583226E-003
   927843.639017321       2.796936319744055E-002  1.035835449314607E-002
   91850.1753736028       3.315414730129457E-002  1.135366406043061E-002
   474058.830115289       3.359771298230044E-002  1.077194555426271E-002
   402936.600026105       3.404017893842828E-002  1.018872977522860E-002
   233173.665366965       3.447985087416364E-002  9.605600500316265E-003
   62256.8691253145       3.491967249473144E-002  9.021896272228588E-003
   86269.1279763057       3.537997454238090E-002  9.542690885032911E-003
   64526.7597758214       3.584174333412583E-002  1.006307237092495E-002
   263807.143639424       3.630369561980412E-002  1.058383447985814E-002
   161313.759882008       3.676564135566879E-002  1.110468249838844E-002
   73040.9404885974       3.750745868546562E-002  1.025062722425493E-002
   436286.756940019       3.692853337566457E-002  9.866137382659427E-003
   256589.771139016       3.635061605497599E-002  9.480129440439571E-003
   393680.096204038       3.577386813486662E-002  9.092528045528698E-003
   378439.183762633       3.519636964114666E-002  8.705099925866024E-003
   65823.4726341550       3.572067588844686E-002  8.299191161809619E-003
   157293.790264993       3.624274816657858E-002  7.895533716276042E-003
   97259.1068474345       3.676615919350736E-002  7.491931825901256E-003
   6923.98813517106       3.729076581825507E-002  7.090898894734013E-003
   200007.685280711       3.585758621497992E-002  6.701224217688642E-003
   237628.927044402       3.553028881414724E-002  7.277579049864964E-003
   33126.5448413684       3.520511849474438E-002  7.853365066875244E-003
   409433.374461680       3.488009816272692E-002  8.429620957283118E-003
   252981.176051126       3.444028477767685E-002  7.906283873823772E-003
   20513.1444005177       3.399948982374703E-002  7.382033315535473E-003
   393155.620930835       3.355675663309032E-002  6.857560632655833E-003
   717647.722032127       3.288037778505310E-002  7.627867452469867E-003
   503014.625511859       3.345476846994580E-002  7.999408972387366E-003
   373224.140790639       3.402780962515912E-002  8.372289450588937E-003
   340970.050324797       3.460325328832825E-002  8.745976643784301E-003
   248146.280918086       3.408601611084382E-002  9.263609139008325E-003
   8618.92631263371       3.357031712012582E-002  9.778975357369131E-003
   140735.521509793       3.305267413269026E-002  1.029346691623557E-002
   22180.7048144492       3.835964298495997E-002  1.099012311278045E-002
   52749.2254271000       3.875691057179062E-002  1.056902125989970E-002
   253834.326464201       3.915389334540502E-002  1.014737608334143E-002
   413342.816525196       3.955224674078160E-002  9.725580608680662E-003
   158327.019365580       3.995006504316446E-002  9.304029087774716E-003
   509730.101415219       4.050496912824563E-002  9.658524862824213E-003
   253654.843366491       4.106094270182510E-002  1.001247001633245E-002
   66826.5379275427       4.161611121081163E-002  1.036522818987293E-002
   177302.207850228       4.216983530091539E-002  1.071761906973996E-002
   221679.825818840       4.253236420743831E-002  1.029995382766089E-002
   240603.962750883       4.210066296762297E-002  9.802746762763288E-003
   41854.2746747781       4.166970943178588E-002  9.306726506778128E-003
   279865.793362773       4.123959825141736E-002  8.809609901069016E-003
   177702.478058784       4.081113752679481E-002  8.312391316102593E-003
   85085.5663234896       4.117641923460252E-002  7.891166978802815E-003
   242302.672394222       4.154129454202833E-002  7.469467949614788E-003
   319952.542579537       4.190625102576634E-002  7.047627614252712E-003
   186523.485512157       4.227129322635212E-002  6.625706509260526E-003
   48406.3649352136       4.092228004380366E-002  6.192611481788475E-003
   116785.591222291       4.055542724278624E-002  6.612238268516368E-003
   241002.986097013       4.018833560994333E-002  7.031817925012396E-003
   99353.9145370404       3.982158420054697E-002  7.451942543690435E-003
   23243.5844113455       3.942931248188714E-002  7.085615676664514E-003
   117578.826606533       3.903848758431567E-002  6.718600354566536E-003
   30563.2783997352       3.864658795973731E-002  6.351695227232747E-003
   10737.3129340771       3.770790785185247E-002  7.428196841388037E-003
   70548.9147558593       3.812503217865310E-002  7.766663148995328E-003
   16137.2385979852       3.854235189561171E-002  8.103883495203596E-003
   278507.729712217       3.895947458799598E-002  8.442414219399157E-003
   127885.476534387       3.859692235542178E-002  8.893958630057647E-003
   282252.814621727       3.823365785049053E-002  9.346280349770192E-003
   537029.994518711       3.787015416925683E-002  9.797818593707954E-003
   62900.8481908771       4.294953231672100E-002  1.066277256339658E-002
   332455.255391249       4.344712669610879E-002  1.021093769788954E-002
   437968.973769050       4.394537783653163E-002  9.759410628586368E-003
   612723.115608549       4.444390156743301E-002  9.305591070200450E-003
   203640.034175161       4.494091145950152E-002  8.851126916077371E-003
   489744.932621662       4.547115356263686E-002  9.229306995312261E-003
   185921.072975757       4.600132194795137E-002  9.607083855338695E-003
   15996.2411410244       4.653141409886771E-002  9.982886467034246E-003
   89973.2656206301       4.706057890101274E-002  1.035949498009687E-002
   83725.0833488831       4.752516254231634E-002  9.819045868172938E-003
   230366.529952072       4.707019765173576E-002  9.353201539477883E-003
   18159.3675864800       4.661658254414850E-002  8.888283426306312E-003
   262832.250487221       4.616265527514387E-002  8.423529425709494E-003
   178423.689964583       4.571031728401798E-002  7.957743948082890E-003
   40293.8539868347       4.609278162481396E-002  7.469973594875843E-003
   74438.2133455374       4.647440378656355E-002  6.980793189561910E-003
   21546.7930115373       4.685509492980368E-002  6.492836657158673E-003
   7911.18942681911       4.723664485356716E-002  6.003977535967498E-003
   75618.4000031099       4.609627107216403E-002  5.839706457479431E-003
   12339.8462966324       4.567059962465692E-002  6.288986476335208E-003
   44389.0832376745       4.524393458251698E-002  6.739043938246619E-003
   235469.078887830       4.481862603525645E-002  7.189250769733468E-003
   194750.532200100       4.439478758544606E-002  6.802245124339671E-003
   182154.669600741       4.397098069240700E-002  6.415152740863591E-003
   121614.722467770       4.354712483911282E-002  6.029045205015053E-003
   144861.481226829       4.271621120462414E-002  6.988938576107252E-003
   62767.1045538395       4.315945529111754E-002  7.353293191604987E-003
   76389.3270069399       4.360404816785350E-002  7.717192233478769E-003
   34000.2021587684       4.404903740359120E-002  8.080770474706483E-003
   211783.642633104       4.367169082729374E-002  8.635903396963036E-003
   13900.0450108175       4.329270665641678E-002  9.191167569960119E-003
   213756.780321360       4.291348414216775E-002  9.745162321504049E-003
   145041.321956235       4.806509103427316E-002  1.028407171019747E-002
   207227.771603761       4.853262905220653E-002  9.835849693353466E-003
   383130.683024370       4.900051369293017E-002  9.385985198691139E-003
   526125.411250224       4.946809557531152E-002  8.936112443909079E-003
   160701.444428433       4.993514367370416E-002  8.485365217787626E-003
   384022.158026225       5.044969462553375E-002  8.858122197173539E-003
   69959.3457343270       5.096406168526722E-002  9.230673738703263E-003
   53346.4870697063       5.147859789315722E-002  9.603292031854841E-003
   87619.4841620156       5.199339123741744E-002  9.974558328144312E-003
   73895.6732880817       5.251625395043759E-002  9.358995708082501E-003
   46062.3833865884       5.206473412866809E-002  8.911613824031953E-003
   94985.9196210613       5.161270742929096E-002  8.465798260813815E-003
   340561.428961874       5.116220349322550E-002  8.019928175772101E-003
   214548.115081375       5.071319282015629E-002  7.572989210363713E-003
   56466.7377503309       5.108333469697352E-002  7.007466489602298E-003
   207986.587146058       5.145191010344664E-002  6.441942704704431E-003
   39395.0597032362       5.182074091623276E-002  5.875103285267173E-003
   34134.1095136339       5.218768397990825E-002  5.308341805598329E-003
   55901.3013808536       5.129600068593120E-002  5.431153744911197E-003
   241739.384318189       5.079841747194298E-002  5.887675850246413E-003
   119404.029436755       5.030105376217138E-002  6.342064539878725E-003
   408358.787788015       4.980275318242892E-002  6.796535570988549E-003
   453079.146349674       4.931517877464059E-002  6.420450126584175E-003
   322504.030864567       4.882660442858359E-002  6.044477464937004E-003
   281567.433353962       4.833930696066141E-002  5.666877751427323E-003
   64921.1282737396       4.768280815898645E-002  6.430571197554800E-003
   11476.0665849971       4.813021113711481E-002  6.855985919811703E-003
   100547.083702287       4.857706564369354E-002  7.282184959778852E-003
   110076.373118887       4.902475011668327E-002  7.706591671923039E-003
   202580.089801103       4.865179364156483E-002  8.235055242344160E-003
   38058.9114600300       4.827744712198034E-002  8.762898294356454E-003
   189336.241187431       4.790109514878326E-002  9.290686737455686E-003
   87455.1487447891       5.313098880890451E-002  9.881483491493096E-003
   208730.662198319       5.358532878259419E-002  9.498860016054163E-003
   357357.205999506       5.403848269551813E-002  9.115771200476960E-003
   431936.752151440       5.449149448087956E-002  8.732306014210401E-003
   135133.421557394       5.494459894884071E-002  8.348872976591771E-003
   371029.467481364       5.542475083170954E-002  8.654601782810146E-003
   175830.440640218       5.590556158564850E-002  8.960527395152646E-003
   125316.097638352       5.638552275290648E-002  9.265942659727886E-003
   8406.11904130134       5.686527723752472E-002  9.571059721388766E-003
   58131.2706072428       5.749530959506295E-002  8.824095973404366E-003
   50223.8478038929       5.711294859069781E-002  8.403132051249776E-003
   36687.6587767593       5.673096039620852E-002  7.982295901759237E-003
   196289.045643315       5.634913839776912E-002  7.560505486696233E-003
   167968.857893966       5.596843585628415E-002  7.138903893794211E-003
   32369.9876908521       5.627268665399082E-002  6.626950254527865E-003
   94158.6568483070       5.657626256996796E-002  6.115517062235975E-003
   66180.8171279861       5.687971295881263E-002  5.603095615290123E-003
   63376.6198714292       5.718309908559265E-002  5.090787633844667E-003
   39933.2958731045       5.612269229067249E-002  4.963231148876810E-003
   8711.04443061866       5.566819472750265E-002  5.347658426331395E-003
   47324.7229636044       5.521456103399144E-002  5.731692642546179E-003
   200161.201069381       5.476032855853648E-002  6.116159722181873E-003
   222181.527520089       5.420035338815327E-002  5.816185080952199E-003
   212407.821728781       5.364149398620716E-002  5.515891752928539E-003
   86566.5526126013       5.308171165633453E-002  5.215322964908765E-003
   173881.111103971       5.257422528034458E-002  5.812263794963279E-003
   7244.72619038973       5.296112929531601E-002  6.316755754277226E-003
   56694.1366230092       5.334837435350658E-002  6.820142241471257E-003
   77057.1319708556       5.373609195775447E-002  7.324291533029369E-003
   74018.1853656042       5.343199833426110E-002  7.832864219450991E-003
   35624.4293480575       5.312704883904842E-002  8.341053301041569E-003
   230529.134637737       5.282166138276938E-002  8.849229444892531E-003
   32280.4717066213       5.824209411593394E-002  9.454131720199058E-003
   37445.2049176731       5.864962021056072E-002  8.908248874637016E-003
   51697.0880058559       5.905768055450446E-002  8.362532568535287E-003
   164113.380921908       5.946715416421132E-002  7.816686989290630E-003
   81442.2199339965       5.987567975713792E-002  7.270432481262286E-003
   137671.768035072       6.037397737734335E-002  7.739627587004839E-003
   53066.0138299819       6.087118004320275E-002  8.208451771261125E-003
   60089.1090995810       6.136910584024733E-002  8.677065460141568E-003
   46641.6345273544       6.186537763728406E-002  9.146168301948461E-003
   62306.8925648025       6.248377652276906E-002  8.413044227431781E-003
   65570.4756164612       6.193652634512057E-002  8.003074609566375E-003
   40420.5487771251       6.138912860312971E-002  7.592514484668532E-003
   123835.997311833       6.084188059255737E-002  7.183365513496034E-003
   37110.8529728358       6.029532984888829E-002  6.772989028702724E-003
   28703.7744712326       6.076525876115155E-002  6.272837540529303E-003
   132957.667885568       6.123524701120042E-002  5.773520257875255E-003
   86271.2338376176       6.170515451945643E-002  5.273085074319660E-003
   42553.1349992120       6.217474732686435E-002  4.772253194935283E-003
   37038.3930374147       6.104162277752354E-002  4.712987551146484E-003
   23011.6914969514       6.062708687093719E-002  5.259791421972764E-003
   120337.010746862       6.021325681247808E-002  5.806442257280491E-003
   51652.1256050146       5.979848502088837E-002  6.353482460926815E-003
   19815.3753133487       5.927227474240498E-002  5.886346160127993E-003
   79583.0741013397       5.874713982854125E-002  5.419146434414101E-003
   35562.8282498798       5.822109959111729E-002  4.952023275578094E-003
   41817.8551587134       5.773204307808530E-002  5.531172861803818E-003
   19181.1398886048       5.828099470595596E-002  5.971474879578640E-003
   72288.5480952729       5.882991360929513E-002  6.410572798373430E-003
   5127.80839749504       5.937875879554544E-002  6.850681232598082E-003
   75576.4429557357       5.890811604632828E-002  7.343413342470901E-003
   163103.264980865       5.843708531996458E-002  7.837208432683877E-003
   227776.832410697       5.796601589421608E-002  8.330369719235781E-003
   86783.6171216716       6.321621170903874E-002  9.031013063961804E-003
   71046.9433665975       6.363517030250322E-002  8.580527891134266E-003
   250188.162937846       6.405519842356930E-002  8.129595068782306E-003
   323084.491865827       6.447436668089279E-002  7.679388644633354E-003
   118447.364368753       6.489422043282317E-002  7.227588827475345E-003
   222994.175991676       6.529055039520074E-002  7.608314795156714E-003
   20148.8182702470       6.568648688205998E-002  7.987910670950869E-003
   79117.4520174538       6.608334173539604E-002  8.368150081885725E-003
   75747.3619097247       6.647894486617342E-002  8.748418521026088E-003
   23416.1805107465       6.743805705863098E-002  7.605529153940338E-003
   102056.654238281       6.699385008280188E-002  7.282112354537464E-003
   17228.6948828854       6.654958984394622E-002  6.958089049801778E-003
   170548.090640761       6.610659993622166E-002  6.635222660322568E-003
   45676.0772141491       6.566336375098270E-002  6.312156930621463E-003
   96714.8014435311       6.603752679894369E-002  5.826699030419533E-003
   113362.540105925       6.641027869983497E-002  5.340891327491371E-003
   130600.782293740       6.678433850389741E-002  4.855943981405324E-003
   74791.0402601903       6.715818584516711E-002  4.369650498518198E-003
   11607.7392728984       6.599325373886221E-002  4.190493681618642E-003
   33923.9860167223       6.557938523434573E-002  4.641606799450013E-003
   184387.782831745       6.516416918371096E-002  5.091758163957017E-003
   152809.089616611       6.474953165533334E-002  5.543592077054064E-003
   123983.122058474       6.425698121830030E-002  5.170715735653638E-003
   159056.306504761       6.376559351411731E-002  4.798720604453950E-003
   101071.707325752       6.327316485024792E-002  4.425830549119546E-003
   104532.447603188       6.262634378335862E-002  5.193926078592532E-003
   56677.7529831368       6.307785478249496E-002  5.615726826391317E-003
   73356.0929089520       6.352838726720186E-002  6.036472938297658E-003
   37598.0773023268       6.398002659569002E-002  6.458095299925169E-003
   30469.4816380337       6.360643582212203E-002  6.947297030637956E-003
   61934.2964151071       6.323313446350227E-002  7.435270427873349E-003
   234988.371918348       6.285846169989300E-002  7.924353815295843E-003
   127980.602139489       6.858027443286345E-002  8.564249964452826E-003
   146401.177512603       6.889432617568195E-002  8.006529199607777E-003
   12550.8802596462       6.920945960000464E-002  7.448640050764293E-003
   149874.459920213       6.952429960917246E-002  6.890940481207668E-003
   135459.796491940       6.983955029194648E-002  6.332555730486115E-003
   212613.920775273       7.039390985065336E-002  6.814339008042914E-003
   38935.2306392929       7.094842329877732E-002  7.295475403658487E-003
   108331.718002181       7.150271974012333E-002  7.776332039838730E-003
   31056.2226698295       7.205640050992529E-002  8.257522234719981E-003
   47463.7659699596       7.247761764277363E-002  7.754439398799204E-003
   75845.9980094041       7.190520007791834E-002  7.294309219002072E-003
   9402.31665954425       7.133254107623942E-002  6.834956013446861E-003
   200486.386738137       7.076007421462212E-002  6.375859184047422E-003
   147836.870135925       7.018877898070067E-002  5.916082488421294E-003
   142551.745753290       7.067552859400236E-002  5.408620326252738E-003
   121606.114194230       7.116148574318165E-002  4.899980003268291E-003
   44049.8578579907       7.164740160767893E-002  4.392481208305746E-003
   40839.1505631686       7.213321474370790E-002  3.884146600696811E-003
   101875.859607984       7.101382082443886E-002  3.862811766093990E-003
   53676.4613709080       7.060058033028697E-002  4.431169398897252E-003
   39928.3503262737       7.018633276099279E-002  4.999461773877332E-003
   85250.3328925937       6.977287437427067E-002  5.567287696105861E-003
   52516.0251408064       6.927639596405277E-002  5.080053638959557E-003
   98372.7202595929       6.877991950035768E-002  4.593022661614131E-003
   31459.4485212498       6.828450128129972E-002  4.105901450776266E-003
   92247.9940667214       6.772477650240195E-002  4.773389318944044E-003
   44527.6037187876       6.829113453747036E-002  5.176255907662597E-003
   108135.257111064       6.885759846900853E-002  5.579832095815022E-003
   60823.8967140235       6.942382015187136E-002  5.983360352303601E-003
   211786.324405543       6.892744350746605E-002  6.387919965916060E-003
   274773.984073251       6.843065249648385E-002  6.792926130691353E-003
   347215.078505166       6.793407055783567E-002  7.199325320181218E-003
   21724.1277249292       7.298059238840759E-002  8.175660292557318E-003
   112339.613706878       7.345149231875046E-002  7.720036524168969E-003
   116834.682600704       7.392215428102257E-002  7.264272392560410E-003
   73362.3489104019       7.439270959804450E-002  6.808461603195840E-003
   12321.1006761360       7.486308006086977E-002  6.352504350303293E-003
   23154.8509474086       7.529437351242953E-002  6.727272120034478E-003
   46656.3240529607       7.572556618582674E-002  7.102176837933172E-003
   33562.8266731401       7.615689218406388E-002  7.476921096750726E-003
   9176.02433670586       7.658801432606430E-002  7.851863590032343E-003
   30662.5192186899       7.741842172864254E-002  6.856962181189152E-003
   108280.762731649       7.697255877496303E-002  6.499862810739281E-003
   59441.1934537733       7.652693525521555E-002  6.142449033670717E-003
   106151.904565405       7.608126859310152E-002  5.785105428610378E-003
   40645.0710861990       7.563582088671134E-002  5.427536176001903E-003
   18993.8636260050       7.600135684988950E-002  4.887669885715084E-003
   73385.7752759663       7.636666823460081E-002  4.348598076352914E-003
   16334.2803868686       7.673191565326692E-002  3.808567490395070E-003
   20902.4099642926       7.709702995506176E-002  3.268456666397673E-003
   97916.5003770340       7.610879962302568E-002  3.288328426493296E-003
   28356.8936202752       7.564269723811076E-002  3.744084418141851E-003
   60384.5423539299       7.517750432539984E-002  4.199582384129810E-003
   75129.6663999745       7.471146729562331E-002  4.655281530503800E-003
   82459.6085175461       7.421478893349535E-002  4.286288534179652E-003
   114291.862498394       7.371722491761590E-002  3.917225990191760E-003
   49393.1238543147       7.322064443177509E-002  3.548065597984165E-003
   85198.8643849540       7.258460045780428E-002  4.308524885606108E-003
   29161.0879686911       7.303583876886739E-002  4.732080674482424E-003
   41361.3781471735       7.348729809245451E-002  5.156531293193224E-003
   9580.66505645787       7.393868680580526E-002  5.580003061622754E-003
   27202.3622620436       7.357354240154766E-002  6.123678301030834E-003
   9388.81947782738       7.320839757630698E-002  6.667359040473012E-003
   26912.7642173823       7.284308190598809E-002  7.210935606696495E-003
   53652.1256240662       7.841242535112850E-002  7.686477663304232E-003
   32619.1318449918       7.876672010856738E-002  7.201037673206965E-003
   120531.977768794       7.912080321809707E-002  6.715312493994835E-003
   171037.183296766       7.947510222722784E-002  6.229532751592911E-003
   66478.7323890001       7.982940386548336E-002  5.743499520712070E-003
   138840.006036211       8.026431340417307E-002  6.157450108839130E-003
   44786.3053475181       8.069894757764383E-002  6.571313656999219E-003
   55839.8408493588       8.113343502052682E-002  6.984992452010145E-003
   47903.8475021109       8.156743431997936E-002  7.398933345276980E-003
   76434.9690919930       8.240063803977968E-002  6.399197083224516E-003
   64647.9387032656       8.191427313099804E-002  6.046982634056017E-003
   39884.9712796386       8.142801288007528E-002  5.694933326741077E-003
   114523.822564422       8.094180047710227E-002  5.343222302220685E-003
   60750.0996036837       8.045618944539004E-002  4.991314106174437E-003
   45783.3496895594       8.085867690140762E-002  4.419829602883871E-003
   89768.0801614111       8.126111333688214E-002  3.849192573540153E-003
   104807.249699646       8.166369657879539E-002  3.277572333658788E-003
   102864.066311934       8.206629236537044E-002  2.705714224124225E-003
   120161.221397095       8.117519489100748E-002  2.869826918455705E-003
   110004.263607236       8.068468420890886E-002  3.368085996484249E-003
   180590.707038286       8.019515977522050E-002  3.866268351404624E-003
   97325.5931795409       7.970500479522727E-002  4.364949157996707E-003
   96710.7325714558       7.916164523635710E-002  3.960527742926155E-003
   142920.238012967       7.861945293991855E-002  3.555765468808459E-003
   86526.0040657328       7.807629055355290E-002  3.151038197374226E-003
   109022.734215753       7.759216087379486E-002  3.730717910023104E-003
   50846.6813267331       7.808732638298514E-002  4.193103468552359E-003
   66633.5058111051       7.858258258436578E-002  4.654389269976368E-003
   43151.7532241306       7.907797149261335E-002  5.116678435537439E-003
   82551.5854613245       7.866325315447029E-002  5.551597970846599E-003
   120385.752453866       7.824828082072384E-002  5.986527577783980E-003
   220655.831798623       7.783316046695389E-002  6.421482783163781E-003
   94854.2120198552       8.339948532181543E-002  7.232006206586994E-003
   6533.97950424755       8.375818375463531E-002  6.809472486105388E-003
   144581.560100971       8.411679351667914E-002  6.385674819613385E-003
   250415.003580849       8.447566822370303E-002  5.962705912601991E-003
   118851.203723090       8.483457864704416E-002  5.538574933649057E-003
   293406.581990591       8.534006403896663E-002  5.883851402092705E-003
   154198.054389285       8.584547944643151E-002  6.227769207020159E-003
   64502.3933522043       8.635003914795833E-002  6.572175187945702E-003
   83485.6346419718       8.685509816626280E-002  6.915241302565150E-003
   102340.184802510       8.741233945845146E-002  6.243696205043755E-003
   69005.6326424042       8.698082259211685E-002  5.811037733271640E-003
   47328.6979511209       8.654878092396689E-002  5.379731923678217E-003
   173692.868594017       8.611808882536959E-002  4.947297722365748E-003
   12539.7006922400       8.568720271594822E-002  4.514428044512298E-003
   59912.6161395222       8.603405910796298E-002  4.018455723036233E-003
   67109.8317532753       8.637987495724857E-002  3.522399688304088E-003
   128515.388263806       8.672695309218777E-002  3.026214310915530E-003
   129799.493146668       8.707298433655215E-002  2.528830597648258E-003
   63967.9598020181       8.594306640858941E-002  2.372050843195311E-003
   112764.516785868       8.551677426908308E-002  2.802081167954235E-003
   200920.486494558       8.509029561500124E-002  3.231230523136004E-003
   21152.0887488017       8.466425011096715E-002  3.661876943121330E-003
   47985.5242898938       8.409794164798357E-002  3.321869216519285E-003
   17193.1808849069       8.353272148269655E-002  2.982871433474737E-003
   26248.7720373779       8.296637360084988E-002  2.643256659659293E-003
   24494.7885786109       8.250232463750951E-002  3.200932073850566E-003
   34587.0610532275       8.293916500090938E-002  3.695974405342884E-003
   77134.1336670955       8.337478773681846E-002  4.190134652387724E-003
   24095.9104405208       8.381122947481233E-002  4.685425181971087E-003
   21679.6126562471       8.345845941950833E-002  5.113757078369159E-003
   121752.877574879       8.310622340559275E-002  5.541934291523064E-003
   249527.265284391       8.275280955397304E-002  5.970336339498274E-003
   98224.1894652051       8.808340181744563E-002  6.801145030570744E-003
   142498.454663860       8.850682848042360E-002  6.263083987242762E-003
   34157.0357190894       8.893025444956448E-002  5.725386833210127E-003
   188301.979782132       8.935528642578490E-002  5.187438019767466E-003
   116535.955025042       8.978009128118379E-002  4.647599915445491E-003
   120937.953029230       9.022538905316355E-002  5.107238316180950E-003
   48970.7850621284       9.067030200960671E-002  5.565183810281937E-003
   188634.177770627       9.111458633532961E-002  6.023219594663961E-003
   128699.103740819       9.155834988482249E-002  6.481485243606059E-003
   77098.6346924803       9.237215031598248E-002  5.503089178422495E-003
   238761.244165818       9.183893405854489E-002  5.150284396364190E-003
   119020.548193053       9.130540029689199E-002  4.798387180582008E-003
   45449.3767278633       9.077197835418784E-002  4.447062358477551E-003
   115426.056040753       9.023832058529505E-002  4.096051860979124E-003
   91102.9786105360       9.069657246550747E-002  3.624592184546228E-003
   126804.309385874       9.115437874316513E-002  3.152974141968323E-003
   192502.290584762       9.161220048869233E-002  2.679919111989890E-003
   111245.403918679       9.206976097676836E-002  2.207177761228969E-003
   96599.2122470925       9.083676945664669E-002  2.033123574706779E-003
   11380.1793603307       9.045326258448255E-002  2.567284528356256E-003
   198126.790592650       9.007023669901747E-002  3.101440416376640E-003
   29568.3330764450       8.968745269352882E-002  3.637483537221516E-003
   74824.1508924661       8.917996131259792E-002  3.183392238667037E-003
   59409.3364864969       8.867264047606412E-002  2.730860683498821E-003
   106249.071406619       8.816572807052160E-002  2.278371723618712E-003
   105527.375101285       8.761190167769776E-002  2.945327877809289E-003
   46116.8831074324       8.815088343246964E-002  3.360192434348819E-003
   83452.4961930714       8.868978035422023E-002  3.774575647409390E-003
   118992.041030290       8.922905000547196E-002  4.188919938660943E-003
   21784.8819739209       8.877468848549469E-002  4.702334620790906E-003
   133685.408819512       8.832045932787871E-002  5.215704325025537E-003
   289661.141967468       8.786604793130136E-002  5.728650666154483E-003
   124515.455395065       9.335027665419206E-002  6.317491213419899E-003
   123865.413123801       9.370305061832492E-002  5.782908330250399E-003
   32411.1860899635       9.405630596794957E-002  5.248466461467934E-003
   71453.8532071329       9.441002144877778E-002  4.714003825644329E-003
   106311.494376422       9.476376072038159E-002  4.178887000303631E-003
   121487.806231606       9.531225234138099E-002  4.631506353283483E-003
   40643.6864452806       9.586098741485076E-002  5.083332892023819E-003
   99845.5994286501       9.640951249747559E-002  5.534887300238412E-003
   85241.0933132637       9.695751133163459E-002  5.986588224757444E-003
   24501.2691072407       9.739488138509314E-002  5.460261766230272E-003
   120665.584457726       9.684903146947034E-002  5.004566822588525E-003
   5283.48570039513       9.630300592450970E-002  4.549643141510479E-003
   89257.9337232377       9.575731653987378E-002  4.094817499749784E-003
   106375.725936679       9.521236861905097E-002  3.639608163046920E-003
   13754.6271379345       9.567481128238864E-002  3.194231603145110E-003
   73573.3685945881       9.613761955059880E-002  2.749661532875603E-003
   72103.3983767818       9.660032175682240E-002  2.303832574121797E-003
   9602.81382365310       9.706270913063984E-002  1.857532315776806E-003
   57504.7732079915       9.573733580217067E-002  1.585270274190788E-003
   40618.6760472954       9.538257575683318E-002  2.120391067870629E-003
   47104.6871388632       9.502847762673015E-002  2.655391097136368E-003
   73881.5603718680       9.467327107365479E-002  3.190768550048305E-003
   87609.3875730179       9.419928467683172E-002  2.731358457299596E-003
   9491.12571461849       9.372528234223231E-002  2.272768905145012E-003
   78443.2244741391       9.325067740625799E-002  1.814323049338195E-003
   131361.531631980       9.260868289413007E-002  2.588203837899739E-003
   59220.5637063465       9.314779224847397E-002  2.969725795219273E-003
   43745.0228589704       9.368663658386348E-002  3.349882626477122E-003
   205671.741034501       9.422487794191781E-002  3.729989442558705E-003
   28926.6558344071       9.376199246686361E-002  4.172689580958972E-003
   83830.7009283790       9.329863399168435E-002  4.615694333933456E-003
   164872.615307885       9.283525141648329E-002  5.059123716718311E-003
   250953.502096231      -1.586597597957789E-003  1.749836808629582E-002
   202410.009053496      -1.186357426197138E-003  1.714043654932926E-002
   735831.052143777      -7.875319356590194E-004  1.678063456633512E-002
   1001454.87350065      -3.875341315672336E-004  1.642035301207570E-002
   435721.819194889       1.204653068495480E-005  1.605933643644651E-002
   988503.224271855       3.746449816618065E-004  1.641711556391161E-002
   410159.742658627       7.365620437925728E-004  1.677342636163571E-002
   440194.488976401       1.098621816773999E-003  1.712840194893032E-002
   312046.319840240       1.458465771156454E-003  1.748427674824419E-002
   685003.239022313       2.520388472979114E-003  1.640695124329791E-002
   302041.984564241       2.156320064109763E-003  1.605307533757477E-002
   215826.543970164       1.793947122129225E-003  1.569852460455831E-002
   286053.521285903       1.431888360537371E-003  1.534488968574641E-002
   113731.400354858       1.070811957331073E-003  1.499053075843377E-002
   2054.33807722802       1.430874683464090E-003  1.460758569698333E-002
   461849.687154464       1.790157085812401E-003  1.422482811543293E-002
   961354.361733022       2.150080728792973E-003  1.384043522337832E-002
   722328.786167217       2.510818007263214E-003  1.345562343356712E-002
   49232.9061453143       1.159305487097315E-003  1.285219284063866E-002
   479239.634619648       7.747984133435735E-004  1.321071374478058E-002
   872650.437356255       3.907178773107422E-004  1.356980459394557E-002
   198668.850907466       6.138337792272745E-006  1.393163076914259E-002
   473559.094200248      -4.193023928124628E-004  1.357357807433187E-002
   123054.889188832      -8.428200205582517E-004  1.321587336688397E-002
   3450.43190515273      -1.267198146479964E-003  1.285863735310241E-002
   340909.781037062      -2.498582325164017E-003  1.331229417691561E-002
   410988.921356543      -2.137584123571225E-003  1.373404325532422E-002
   250659.256220125      -1.776574480783854E-003  1.415602803823103E-002
   49787.4805817036      -1.415570159556225E-003  1.457646689975659E-002
   371256.230136147      -1.054976174310318E-003  1.499865555418895E-002
   78513.1120117256      -1.413299473950790E-003  1.539762534090229E-002
   175664.999946234      -1.772438088851244E-003  1.579654659025607E-002
   619366.018743485      -2.132341247691094E-003  1.619426495052791E-002
   729717.339113947      -2.491226579761806E-003  1.659391753121216E-002
   639009.705853079       3.593233364049344E-003  1.746440614738601E-002
   760776.910143105       3.949834974560991E-003  1.699785615609974E-002
   191370.426564854       4.307379041781586E-003  1.653159822329994E-002
   1335796.78723324       4.667956834457178E-003  1.606425154779426E-002
   1082719.55433753       5.031078866862311E-003  1.559505201910309E-002
   2236853.43320383       5.543188733346213E-003  1.605901655594303E-002
   723006.544988049       6.056926891023824E-003  1.651686126010322E-002
   183837.304409820       6.568290451144987E-003  1.696949994738315E-002
   64652.7312319823       7.072732247304265E-003  1.742474869762182E-002
   1229133.79119257       7.573441431353827E-003  1.691481856901909E-002
   1492306.21842870       7.089453691784346E-003  1.642154895203785E-002
   427461.448655249       6.605986180770636E-003  1.593634982375666E-002
   985232.769647354       6.124982133619970E-003  1.545209871396489E-002
   317145.799943525       5.652645535084769E-003  1.496403726227293E-002
   1039124.90930524       6.122364539348121E-003  1.462915365199037E-002
   1403571.32998327       6.592993312634308E-003  1.429138230569819E-002
   2092414.00318844       7.061772013585012E-003  1.395192172157300E-002
   1174217.38703608       7.532521701870889E-003  1.361285625678853E-002
   691149.812799529       6.030354577480836E-003  1.293564350461424E-002
   22734.7489478940       5.697638655632407E-003  1.340325833473834E-002
   661286.568792022       5.362166825547418E-003  1.387206305444542E-002
   413041.854911153       5.025753425956162E-003  1.434236548857490E-002
   900068.903197733       4.634972157911635E-003  1.387608026789292E-002
   46905.0063086237       4.246168154130705E-003  1.341143793078612E-002
   54156.4262343013       3.857289476529056E-003  1.294872993372489E-002
   660058.204458049       2.985518753100617E-003  1.383594230008356E-002
   612489.864152913       3.458550221970846E-003  1.421586103587655E-002
   69081.8453924119       3.932459250017699E-003  1.459296700153548E-002
   309113.655090088       4.403621844272747E-003  1.497121347616630E-002
   719844.863268287       3.934473310594805E-003  1.532715504263057E-002
   1537674.52676824       3.462023604767717E-003  1.568394762486652E-002
   2161204.85933613       2.990394222175135E-003  1.604302499002046E-002
   661389.322733947       8.080483517304098E-003  1.741758152783993E-002
   1150421.01756270       8.580087302049223E-003  1.697744509548943E-002
   1648206.71015184       9.082126385540797E-003  1.653704654753578E-002
   2633713.94247453       9.583946402842778E-003  1.609091730029385E-002
   1317665.54667661       1.008368125386951E-002  1.564036480022327E-002
   2706968.43898231       1.064936783085971E-002  1.606773027422021E-002
   1657516.50021773       1.121726011790845E-002  1.649045066181049E-002
   1865859.91852196       1.179052505496329E-002  1.690396657406106E-002
   87066.6703480801       1.236041799412617E-002  1.731436015003563E-002
   1513292.64623427       1.265890632993213E-002  1.698387229775407E-002
   80479.4743492513       1.218476532980552E-002  1.646286559693601E-002
   376496.206914884       1.171836954360075E-002  1.594075242552837E-002
   1374592.69392538       1.125753447953840E-002  1.541642719027466E-002
   383351.109027167       1.080562237874252E-002  1.488452409192813E-002
   994266.502552819       1.124010777643535E-002  1.447052907716924E-002
   1268468.27832209       1.167626307934620E-002  1.405590173528519E-002
   2223904.13015596       1.211096733479367E-002  1.363881792626762E-002
   1442970.13835517       1.254727161337589E-002  1.322088508326632E-002
   308524.449746168       1.125296938148423E-002  1.281782188765301E-002
   543913.713271878       1.085485393979230E-002  1.326470632622253E-002
   967947.522473938       1.045527483595931E-002  1.371325486413469E-002
   633898.641754695       1.005438590784012E-002  1.416300307014210E-002
   826960.431756678       9.706609874491606E-003  1.373028305990618E-002
   171202.126152266       9.360152794829480E-003  1.329786718285739E-002
   134145.313945031       9.015642070169125E-003  1.286723344476471E-002
   1154500.42697482       7.984142390234841E-003  1.393903837572803E-002
   1365626.34196181       8.433075875634251E-003  1.426632136275937E-002
   657477.184774938       8.883832787459587E-003  1.459187639123763E-002
   285711.925811648       9.332561148312907E-003  1.491604023306801E-002
   720706.324258841       8.900621585544721E-003  1.541815217178811E-002
   282023.466343585       8.461458728236289E-003  1.591658436825012E-002
   1074451.57881821       8.019159565124102E-003  1.641380490070672E-002
   168220.977489540       1.298571167580221E-002  1.728380858436645E-002
   155873.786855012       1.351916753012181E-002  1.683491896342059E-002
   1659493.68696077       1.406513373343218E-002  1.638411697935221E-002
   2595433.70584479       1.460847781748881E-002  1.592659474155983E-002
   1161204.55753402       1.514815936074286E-002  1.546138834663092E-002
   1471069.41676805       1.557257444393826E-002  1.588727699394048E-002
   217963.367459095       1.599507289671892E-002  1.631010905031616E-002
   1054810.11167854       1.641402082988545E-002  1.673333558831023E-002
   173126.060787518       1.682969704792822E-002  1.715563282037151E-002
   717982.162315020       1.769841921000005E-002  1.622122488535333E-002
   2306290.04527468       1.723305373219012E-002  1.583737116704505E-002
   1240972.71261956       1.676458674879826E-002  1.545989211283619E-002
   116360.098150081       1.629827326580234E-002  1.508540944041635E-002
   226907.870518177       1.583638902037451E-002  1.471145876250379E-002
   582104.477509675       1.626405057788906E-002  1.423996894682339E-002
   254945.774652332       1.669490863346178E-002  1.376772325140424E-002
   1194572.38888290       1.712874470649697E-002  1.329508460111653E-002
   797487.653891319       1.756180383181303E-002  1.281852444214652E-002
   360611.343664110       1.643484916833869E-002  1.264203778021867E-002
   504852.996745501       1.598746245545871E-002  1.309975998086041E-002
   1274282.89935233       1.553791790689033E-002  1.355850002392514E-002
   402842.242449421       1.509080431427195E-002  1.402159977417533E-002
   567242.529925563       1.466417139603004E-002  1.359403563543881E-002
   224433.452667407       1.423876120039458E-002  1.316823833592321E-002
   113860.079590185       1.381496418491076E-002  1.274207414665266E-002
   962675.266440362       1.301193007424864E-002  1.360989531147543E-002
   1025799.58427300       1.347630024013201E-002  1.399863426239567E-002
   328688.462671844       1.393999174135289E-002  1.438432077655625E-002
   444196.950619781       1.440196987083206E-002  1.476895659976189E-002
   1263027.49314934       1.397777511493453E-002  1.532451105665714E-002
   157236.162764729       1.354378432601264E-002  1.587384393963341E-002
   2003737.69690804       1.310116407172438E-002  1.642321017349906E-002
   542306.841183366       1.863346233205392E-002  1.709329117859778E-002
   155092.940084512       1.901828636524077E-002  1.666793760234308E-002
   713221.236396783       1.940571543242558E-002  1.624237323540817E-002
   1753133.58980334       1.979389776616659E-002  1.581373279677180E-002
   1017043.86556471       2.018264882164796E-002  1.538379460619315E-002
   1690069.76770792       2.058264506579694E-002  1.578116727621210E-002
   691802.771664522       2.098091735931230E-002  1.617702941940474E-002
   92513.8034390853       2.137874899871021E-002  1.657024708718435E-002
   48817.6649472012       2.177472767589523E-002  1.696288421610324E-002
   622308.974930820       2.272248293348937E-002  1.592022757711208E-002
   1265806.24645242       2.228651828117808E-002  1.556443138438512E-002
   565696.467057244       2.185060994764958E-002  1.521136208624106E-002
   335346.195866289       2.141532089110316E-002  1.486063013976016E-002
   163799.181976801       2.098483228930757E-002  1.450818182761957E-002
   111589.228457203       2.138531501617943E-002  1.411975577857512E-002
   649620.955603722       2.178815825335672E-002  1.373012063231819E-002
   1191857.33440770       2.219080963350388E-002  1.333904259094793E-002
   735092.865679381       2.259342435085518E-002  1.294605952478597E-002
   362662.159588471       2.119795548239536E-002  1.241941500762503E-002
   208665.826609994       2.083742402962198E-002  1.284605205512913E-002
   954678.138636917       2.047539040968599E-002  1.327441480355845E-002
   466686.441931376       2.011337370597072E-002  1.370439762323228E-002
   981488.495683537       1.963276902843740E-002  1.330873718911753E-002
   527442.010555996       1.915046480620624E-002  1.291524901679312E-002
   80241.4129832723       1.867015527119704E-002  1.252440002468866E-002
   863174.618067886       1.800079288275925E-002  1.326094275430885E-002
   281706.728562688       1.843899365300968E-002  1.369990573413425E-002
   242440.073512533       1.887652815696058E-002  1.413884437285235E-002
   383694.737079194       1.931062612538514E-002  1.457718956066822E-002
   414526.988024445       1.891184122501611E-002  1.498764357874351E-002
   514052.205248435       1.850780572467482E-002  1.539720494362041E-002
   1093248.31670891       1.810339742233444E-002  1.580819058478005E-002
   880632.636219586       2.376358687520955E-002  1.686812546096035E-002
   768667.931818124       2.411490478179680E-002  1.631124526386528E-002
   254950.960110624       2.446932073348560E-002  1.575470995241498E-002
   1282859.43637128       2.482762517235774E-002  1.520020572725236E-002
   1222069.08832904       2.519134440057035E-002  1.464037217105000E-002
   1882216.81325870       2.569045110222604E-002  1.515668213586074E-002
   152045.510687353       2.618750150953174E-002  1.566527802508216E-002
   452475.540515500       2.668148757881711E-002  1.617490065598005E-002
   372656.231889852       2.716958090310555E-002  1.668722665230651E-002
   784979.455172322       2.779977086953159E-002  1.598108495641170E-002
   1373197.50151119       2.722450083749506E-002  1.555505146950340E-002
   1133288.57025631       2.664578840431098E-002  1.513430333085500E-002
   434012.317088960       2.606763376541604E-002  1.471918274172954E-002
   547078.662715743       2.549732134033352E-002  1.430100762422239E-002
   1378111.63432080       2.602668673138217E-002  1.387987909617480E-002
   1512099.14654353       2.655603811541474E-002  1.345739066381247E-002
   1779666.77402903       2.708407452180683E-002  1.303048076470269E-002
   1010840.17869290       2.760963603955732E-002  1.260195906891972E-002
   489843.729334908       2.628367255294973E-002  1.230836680210893E-002
   31407.2982960125       2.591273996430540E-002  1.287074209949780E-002
   635203.203590318       2.553925469791283E-002  1.343115583360657E-002
   483408.504477078       2.516114502211929E-002  1.399444389985451E-002
   633344.510977989       2.475198589688425E-002  1.347121546068430E-002
   492732.269221750       2.434636330881357E-002  1.295077427208181E-002
   281739.828520345       2.394342216206315E-002  1.242839792703525E-002
   926634.233611203       2.315801534019421E-002  1.329597526797605E-002
   1157791.55436327       2.372411529377461E-002  1.364471648748024E-002
   406205.920956315       2.429068121430512E-002  1.398975326208544E-002
   259203.373177774       2.485528681090472E-002  1.433259933410344E-002
   1161800.14007058       2.432299073553604E-002  1.472451116384330E-002
   1990043.97495248       2.378743777033756E-002  1.511822251902770E-002
   2103294.92673726       2.325286502400468E-002  1.551710411166988E-002
   409855.165902077       2.850284451456612E-002  1.661218454627409E-002
   132317.511657847       2.893951054791260E-002  1.617635600543389E-002
   1080905.31794613       2.937940568488813E-002  1.573916028024592E-002
   1738695.12285730       2.981943829552021E-002  1.529929858654887E-002
   998880.640745914       3.025896196580049E-002  1.485577623808744E-002
   1291227.52668537       3.070876031063539E-002  1.524446130896407E-002
   295403.291301911       3.115748038114596E-002  1.563259461130465E-002
   406139.069298245       3.160469984167233E-002  1.601925887759975E-002
   79523.9015455226       3.204910967828411E-002  1.640606270924699E-002
   672130.019820467       3.281777261333543E-002  1.553832955297345E-002
   1193862.76329903       3.237072460780745E-002  1.514461218595709E-002
   502466.422408775       3.192355008335882E-002  1.475423431206070E-002
   401780.581933016       3.147757119566336E-002  1.436553305154115E-002
   230578.563228347       3.103644445785746E-002  1.397564546909445E-002
   369881.711154207       3.142483675828359E-002  1.347592903206024E-002
   208708.852410063       3.181653864888082E-002  1.297748905076409E-002
   833836.183155305       3.221010821637203E-002  1.247748546336812E-002
   660512.065470148       3.260397017265904E-002  1.197574957592774E-002
   111124.570277096       3.153104571302945E-002  1.186665967009759E-002
   659922.857373498       3.107360949670905E-002  1.230873254295433E-002
   1131510.24374648       3.061670987783902E-002  1.275247041866474E-002
   521471.740767539       3.016007220587235E-002  1.319820348988850E-002
   666215.848745110       2.973415159809994E-002  1.280692716955932E-002
   100533.900180841       2.930935953244615E-002  1.241728461181033E-002
   236752.554402007       2.888497574405980E-002  1.202867366624350E-002
   824694.550496718       2.805503469809803E-002  1.297276840242200E-002
   450018.600847793       2.849961506643276E-002  1.334223508397003E-002
   152064.371382992       2.894319724649991E-002  1.370901435338605E-002
   775967.789772734       2.938399193415215E-002  1.407619882181477E-002
   503673.463344118       2.899340948537259E-002  1.455145667908180E-002
   266597.764232688       2.859747201905087E-002  1.502509068785006E-002
   1468231.27082981       2.819852922705579E-002  1.550071513708070E-002
   537405.908824413       3.368421725063105E-002  1.630833930506667E-002
   34905.6451585816       3.407244786144381E-002  1.574219677708946E-002
   222828.539464167       3.446375878221469E-002  1.517720999103438E-002
   1528812.54017329       3.485768119898023E-002  1.461183300215037E-002
   910573.692848950       3.525284265162075E-002  1.404211431868691E-002
   1345708.52962025       3.573354996472518E-002  1.455178595058110E-002
   226845.254651683       3.621199997288165E-002  1.505879230345426E-002
   470324.162763305       3.668739871790559E-002  1.556638192405844E-002
   204964.860505810       3.715865537992419E-002  1.607614157884561E-002
   224769.845864013       3.786190358296952E-002  1.526976443842723E-002
   1103594.81432992       3.728579163390253E-002  1.487249981971221E-002
   959389.228500672       3.670770830356602E-002  1.447793344878221E-002
   179359.251692171       3.612869097649517E-002  1.408684360427361E-002
   835440.004867579       3.555483358641382E-002  1.369523990875175E-002
   1003887.42178221       3.607171829217150E-002  1.323400251551804E-002
   902389.156247467       3.658836942990615E-002  1.277129119855616E-002
   970935.731592240       3.710402509317160E-002  1.230857550174992E-002
   565606.575162530       3.761903451397797E-002  1.184543799832855E-002
   56699.9542917420       3.637951757903526E-002  1.167740192630386E-002
   282402.468950450       3.599160702985004E-002  1.224934710189425E-002
   526325.863651935       3.560132232893269E-002  1.282119069841405E-002
   169667.633594396       3.521057768073179E-002  1.339365233704256E-002
   504164.308651067       3.469326616343071E-002  1.288406268763755E-002
   246260.440187686       3.417815747429061E-002  1.237524850508383E-002
   144980.473425583       3.366381238623556E-002  1.186588464941506E-002
   344303.239204246       3.317946134724994E-002  1.241847554564805E-002
   570380.039292798       3.375582347341003E-002  1.286081405273025E-002
   30480.8536126762       3.433316762140946E-002  1.329955030337990E-002
   421249.891257358       3.490875590178054E-002  1.373911810972721E-002
   622920.878133140       3.438860995132725E-002  1.418741906946245E-002
   1353734.76286837       3.386385933009819E-002  1.463542838324632E-002
   1365955.64439315       3.334002162355627E-002  1.508578287594911E-002
   67378.4350773268       3.866792626061043E-002  1.597350918740197E-002
   783809.228170982       3.908497249429849E-002  1.567467592357706E-002
   983164.827555279       3.950311377470685E-002  1.537364183890844E-002
   1146806.28052121       3.992098150844232E-002  1.507251240366228E-002
   540961.016750603       4.033889216770712E-002  1.477012562832324E-002
   1122759.02793287       4.083006766487681E-002  1.500637354922927E-002
   855143.093038817       4.131994882266656E-002  1.524142583653959E-002
   766191.225164735       4.181128687228797E-002  1.547558238201800E-002
   142553.037549518       4.230116965826319E-002  1.570780586048611E-002
   652584.981593161       4.287332931285002E-002  1.504045759335253E-002
   216806.598630948       4.256452602327280E-002  1.459421630719740E-002
   138205.833969693       4.225687498252944E-002  1.414815131498975E-002
   461263.471716515       4.195135675199940E-002  1.370300291195689E-002
   83575.0371130672       4.164673998224175E-002  1.325562030713554E-002
   418504.142595524       4.188105046771126E-002  1.271225441668392E-002
   211318.434024254       4.211427048594166E-002  1.216778174874057E-002
   235965.693556886       4.235008375155658E-002  1.162464190342469E-002
   570482.332065968       4.258708591067219E-002  1.108094049377017E-002
   735079.059372095       4.166150707410730E-002  1.102250664546239E-002
   871798.590966132       4.115258613717097E-002  1.132998700133247E-002
   886160.433665901       4.064314249010759E-002  1.163762693921632E-002
   191711.665988731       4.013612440186819E-002  1.194790829601973E-002
   386338.268475518       3.969181670905150E-002  1.170738307450466E-002
   210249.921979874       3.924666695668242E-002  1.146831902406912E-002
   235852.009596237       3.880243880193083E-002  1.122894115176766E-002
   179841.391227937       3.792171419233022E-002  1.224878185643135E-002
   74716.6812174244       3.822422070156308E-002  1.265231539913782E-002
   122702.050797259       3.852552861694543E-002  1.305657494513973E-002
   81410.1055543962       3.882718578839690E-002  1.345996680175203E-002
   321523.286153961       3.858733057756777E-002  1.391303736268008E-002
   70952.1536888349       3.834682950404669E-002  1.436534289305563E-002
   293520.109594510       3.810438712786412E-002  1.481776642424544E-002
   472672.713971732       4.353822704539476E-002  1.561321832335461E-002
   234088.602081605       4.397474206737250E-002  1.513340011011821E-002
   444927.810120091       4.441491245087421E-002  1.465386003894026E-002
   1317325.93846622       4.485538893633739E-002  1.417369268023773E-002
   684503.608754002       4.529681681015717E-002  1.369017532638459E-002
   1256578.31824314       4.576965551758171E-002  1.410620888843204E-002
   402098.111059752       4.624280722367224E-002  1.451914610725295E-002
   60090.4092236875       4.671383096736689E-002  1.493185570621562E-002
   138837.357479768       4.718304085604438E-002  1.534521137393982E-002
   796281.252982036       4.788113262214226E-002  1.453175353907228E-002
   1016165.07179356       4.739405574000519E-002  1.413150817113078E-002
   578262.144697200       4.690710500276873E-002  1.373469310032664E-002
   171574.683069746       4.642208635112625E-002  1.333823456508026E-002
   23509.8647146577       4.593965815090553E-002  1.294172805957322E-002
   200583.701128650       4.635331741946131E-002  1.241299789470678E-002
   114579.656772584       4.676767913775041E-002  1.188473417858005E-002
   539707.029532525       4.718410539548621E-002  1.135590936429803E-002
   428491.758007162       4.760034240104447E-002  1.082514411553595E-002
   70279.0460066734       4.659542456463068E-002  1.084343398565872E-002
   307481.806473822       4.612810100800022E-002  1.132726271200862E-002
   578780.560865204       4.566040965598085E-002  1.181116502942160E-002
   240519.376987419       4.519366867740931E-002  1.229793369794327E-002
   557257.763751403       4.463248236069706E-002  1.188706059298267E-002
   355079.542114233       4.406963789072241E-002  1.147922352536993E-002
   179589.147587030       4.350800083633380E-002  1.107151133902465E-002
   519576.025708767       4.307932270616929E-002  1.157346944875485E-002
   179114.872782546       4.357143254714645E-002  1.206341461287997E-002
   92339.8394343895       4.406136784355139E-002  1.255405694773443E-002
   107438.965118435       4.455054888033716E-002  1.304440771729605E-002
   281152.880988153       4.413444473833090E-002  1.354251781214212E-002
   530785.193374188       4.371510642762741E-002  1.403865914216348E-002
   1232179.35562226       4.329368880387391E-002  1.453755598679293E-002
   407791.454988127       4.869338890574343E-002  1.523186269032438E-002
   142440.648045349       4.909219489080108E-002  1.470981438032686E-002
   366082.798684416       4.949299854537506E-002  1.418857730185133E-002
   1338801.90730746       4.989583444101366E-002  1.366591912983224E-002
   661329.923523325       5.029769934569729E-002  1.314050517799209E-002
   999589.741386276       5.070607733565916E-002  1.360056662630389E-002
   31985.5212021306       5.111365783606524E-002  1.405893602842520E-002
   281057.303476976       5.151868006419692E-002  1.451701212014299E-002
   383225.582624165       5.192174759948859E-002  1.497599351337680E-002
   639446.009114712       5.287532947377901E-002  1.385061186844433E-002
   913565.834500091       5.235130220727358E-002  1.352852822100122E-002
   741342.289348909       5.182690953065690E-002  1.320819013192440E-002
   41953.1595580390       5.130256141674106E-002  1.288881226971146E-002
   133146.111081570       5.078164981048362E-002  1.257026091309462E-002
   102429.046322402       5.123668040445205E-002  1.205365008158451E-002
   444126.792416886       5.169372268931558E-002  1.153708156926762E-002
   774650.236445966       5.215142201702321E-002  1.101937382685069E-002
   515328.348726247       5.260793281227016E-002  1.049813236993445E-002
   90818.1945356848       5.155031473298713E-002  1.050195206215013E-002
   263683.579826595       5.110551306917677E-002  1.102857821925089E-002
   773155.959292633       5.065951114929727E-002  1.155585470974783E-002
   131770.938275427       5.021447160926074E-002  1.208588371359096E-002
   365049.031328693       4.967586532373664E-002  1.163469626003000E-002
   21427.8739903630       4.913733182248915E-002  1.118483029910999E-002
   141181.386631741       4.859982373273285E-002  1.073524833584830E-002
   410021.344408858       4.813280397141158E-002  1.128465334977032E-002
   242417.769413703       4.866593614721972E-002  1.174191760137720E-002
   109319.179340256       4.919882752777854E-002  1.219794149204264E-002
   45553.5613616715       4.973003450728969E-002  1.265444449867194E-002
   45504.5795354305       4.927102270347786E-002  1.312263089311038E-002
   715639.197448697       4.880794902556745E-002  1.359103582984798E-002
   929198.686323090       4.834435052893435E-002  1.406004111643446E-002
   318414.105146467       5.399916503650148E-002  1.480599578105691E-002
   452215.716412537       5.432183032835801E-002  1.428398044348876E-002
   161708.815052265       5.464681720550640E-002  1.376376172601734E-002
   486499.843964577       5.497485947864907E-002  1.324252451063230E-002
   549290.459523470       5.530331227063577E-002  1.271939269080711E-002
   892802.795792266       5.585452185553701E-002  1.317313093164454E-002
   223510.413535575       5.640634173259307E-002  1.362413813451151E-002
   156516.379129366       5.695718047724612E-002  1.407278039760336E-002
   123551.072943292       5.750481564511433E-002  1.452377565996902E-002
   286802.172202778       5.793019811585619E-002  1.402428160118133E-002
   649575.572750099       5.738993588713174E-002  1.355730266088555E-002
   239913.140521508       5.684996976591728E-002  1.309368593601359E-002
   356223.162092218       5.631022207713681E-002  1.263105696156709E-002
   58354.9929302111       5.577422386800381E-002  1.216642163247184E-002
   205919.202670848       5.623435461889553E-002  1.167665803217510E-002
   311885.054009425       5.669445157582488E-002  1.118529119629471E-002
   429085.657043715       5.715308577688204E-002  1.069402303719448E-002
   220382.018919845       5.761192930683894E-002  1.020161383860112E-002
   198165.834046307       5.645653122329637E-002  1.010306560469998E-002
   75362.2637855307       5.604632009170365E-002  1.063336985643510E-002
   54537.1885007942       5.563417584262603E-002  1.116443007226768E-002
   157485.668239964       5.522238317416599E-002  1.169555143874422E-002
   322689.676149041       5.469931788566904E-002  1.123918272607149E-002
   45912.5645724658       5.417539546915851E-002  1.078606824845062E-002
   120979.538669139       5.365235534759714E-002  1.033486572616740E-002
   230787.944295364       5.314545363716582E-002  1.093763435439259E-002
   37315.7080394115       5.368189861193610E-002  1.137459471633303E-002
   286595.029755751       5.421829769770535E-002  1.181064951522161E-002
   446037.290261470       5.475232691848901E-002  1.224751236217272E-002
   371610.366155587       5.428361563728592E-002  1.264530973438071E-002
   863241.305110368       5.381325805740361E-002  1.304571345093401E-002
   1053579.68061832       5.334426201206925E-002  1.344714637314584E-002
   55715.7857914638       5.842935299297895E-002  1.445029946739712E-002
   716783.945365119       5.890985547454884E-002  1.405801142806527E-002
   683949.688176706       5.939047111980099E-002  1.366480418212246E-002
   795611.181372010       5.987016644344014E-002  1.326939239753152E-002
   325818.337501015       6.034958428047266E-002  1.287452272934086E-002
   653237.389731424       6.084093178339064E-002  1.318629342910722E-002
   380075.654162845       6.133317465855156E-002  1.349865992888438E-002
   190876.025911087       6.182436580070318E-002  1.380905797727615E-002
   83838.9187714406       6.231475947400999E-002  1.411895336849504E-002
   247640.995237501       6.290991067318479E-002  1.340915774896107E-002
   245253.448755119       6.251648385042848E-002  1.298128142600223E-002
   30393.4557266399       6.212378261341333E-002  1.255403586303629E-002
   282531.442808483       6.173074210750720E-002  1.212595270510066E-002
   29886.4118628873       6.134030650342963E-002  1.169780425016228E-002
   91041.1999743059       6.165400295518360E-002  1.121439838917651E-002
   93421.3694584110       6.196893318246349E-002  1.073171178042847E-002
   333737.222806446       6.228328438784775E-002  1.024796567599630E-002
   332154.199220068       6.259816302557332E-002  9.764833893192043E-003
   161211.143678554       6.144140742756991E-002  9.535644242582523E-003
   328761.636313391       6.101574145501761E-002  9.925302465690707E-003
   448427.297714698       6.059110802104871E-002  1.031626409487055E-002
   97488.8555058385       6.016590112640582E-002  1.070713532300275E-002
   231772.508475752       5.968497542131856E-002  1.039387624930998E-002
   102518.982968636       5.920308654943623E-002  1.007980581386128E-002
   116209.701367958       5.872227009858168E-002  9.767056589543431E-003
   89576.1780504761       5.800288896177189E-002  1.062166010083571E-002
   45217.4059611406       5.839341725789535E-002  1.104167073023317E-002
   78516.0948723980       5.878485091677148E-002  1.146240588700472E-002
   15989.0366654759       5.917466732151643E-002  1.188253252006067E-002
   248513.639143920       5.886593632059522E-002  1.241861743794681E-002
   72687.6797087508       5.855462551513072E-002  1.295399430757122E-002
   94286.6552439532       5.824319710603525E-002  1.348908111700417E-002
   182411.515964099       6.361899747573722E-002  1.400492797554739E-002
   130501.541052526       6.403769763123397E-002  1.349464258412649E-002
   126983.388668934       6.445796250087596E-002  1.298372293154777E-002
   410889.685853696       6.488013232887389E-002  1.247331047811708E-002
   275260.240305495       6.530120463893270E-002  1.196173303398082E-002
   442172.464958458       6.582247252440038E-002  1.239203089958663E-002
   106598.026153328       6.634401065671437E-002  1.282070781495314E-002
   125640.043611333       6.686517425822824E-002  1.324953138610857E-002
   166872.038013447       6.738571126771403E-002  1.367765636345016E-002
   220299.147822273       6.791189026915175E-002  1.305012052489231E-002
   283692.933946288       6.739578416110736E-002  1.261292162681666E-002
   45856.9916848416       6.687874774432712E-002  1.217826617811391E-002
   270900.134639341       6.636350966843035E-002  1.174393831902529E-002
   67275.9519395405       6.585019037803501E-002  1.130871663479477E-002
   191967.101883920       6.629242679237403E-002  1.090985424464707E-002
   406553.478724250       6.673520335245549E-002  1.051040464110241E-002
   502058.019182396       6.717881633678442E-002  1.010914005689649E-002
   297074.199496988       6.762113105607755E-002  9.708188923556623E-003
   139728.848738470       6.616016850404011E-002  9.250799147723599E-003
   13629.9544150533       6.583961114655368E-002  9.754036276154031E-003
   281308.272441042       6.551916493571786E-002  1.025625731060190E-002
   189098.826929659       6.519830021670317E-002  1.075928150094540E-002
   353689.955165692       6.470146341245936E-002  1.032670726794169E-002
   17617.8519330512       6.420578070485658E-002  9.895101524986717E-003
   74188.3169149537       6.370962264017138E-002  9.463015969346362E-003
   294066.029750633       6.311114835873871E-002  1.017722630814433E-002
   181653.743632298       6.362522007243845E-002  1.058954704321855E-002
   119263.127842588       6.413788982532825E-002  1.100015355422251E-002
   108357.545719101       6.464925252886609E-002  1.141211310083334E-002
   20658.9018849507       6.421559121508010E-002  1.191023378677985E-002
   286284.431667311       6.378068628615680E-002  1.240939428245283E-002
   531622.828532936       6.334445819723487E-002  1.290851613391228E-002
   165964.694757067       6.853854511496711E-002  1.357683167247582E-002
   67923.7163185306       6.897739592792189E-002  1.306478649844803E-002
   244332.038143584       6.941660396356121E-002  1.255280397546081E-002
   462007.558112245       6.985618474529369E-002  1.203999327311463E-002
   253746.862116442       7.029487112451036E-002  1.152437101144861E-002
   225156.746233463       7.073779221384315E-002  1.196112783123683E-002
   102370.877488239       7.117995541594047E-002  1.239650647139569E-002
   188463.921664060       7.162138494544040E-002  1.283187313714306E-002
   134946.073509839       7.206266508075938E-002  1.326781128753286E-002
   274962.357971232       7.287666472886434E-002  1.229815350890443E-002
   347194.714238726       7.236809537409380E-002  1.193910808744075E-002
   257982.306881259       7.185943367230810E-002  1.158193957406979E-002
   18111.4514084872       7.135075019139980E-002  1.122571977874062E-002
   75760.9244787003       7.084204225427729E-002  1.086972368892649E-002
   125826.003825466       7.127070776430396E-002  1.032213166246142E-002
   81168.0882788517       7.169971027867562E-002  9.775038586044808E-003
   309388.377123729       7.212950996342905E-002  9.227729777670848E-003
   219198.532438950       7.255911352711503E-002  8.679186515886851E-003
   20730.8684418398       7.159015216624802E-002  8.772805989901294E-003
   224377.885167860       7.112263888604053E-002  9.288055107813505E-003
   402403.739811927       7.065504769758686E-002  9.804061999444790E-003
   163601.957191674       7.018834587143566E-002  1.032245611415135E-002
   124197.115998865       6.978554841732676E-002  9.881963068792354E-003
   106434.169490941       6.938336689520348E-002  9.442954859670588E-003
   118837.193479203       6.898075577322256E-002  9.004032371409020E-003
   263672.607044205       6.812615626088739E-002  1.002583728102627E-002
   242396.780686959       6.863115371823404E-002  1.034421530404605E-002
   49868.0674747974       6.913609292305128E-002  1.066076560698806E-002
   200563.213387873       6.964139597319537E-002  1.097680377679691E-002
   132190.087045168       6.920988350041299E-002  1.149462076415831E-002
   104949.261754194       6.877763182833585E-002  1.201199267229626E-002
   405625.219511872       6.834453424721254E-002  1.252979786720749E-002
   131356.952891974       7.384537446301778E-002  1.311259079660442E-002
   69075.7537073657       7.420617683595029E-002  1.261617208402117E-002
   194111.685997581       7.456673658028082E-002  1.212084756878014E-002
   482569.978249881       7.492748361742310E-002  1.162406830557152E-002
   264546.141269574       7.528831643068708E-002  1.112651061245652E-002
   510952.944033940       7.581338177259432E-002  1.154515731228131E-002
   135521.030079598       7.633940229121744E-002  1.196322135195179E-002
   134761.003750801       7.686439967934537E-002  1.237949727275283E-002
   56203.8256117863       7.738857828226037E-002  1.279695842410106E-002
   246181.488519019       7.789829102125363E-002  1.218492687439398E-002
   134246.747760396       7.739108003384247E-002  1.174538682412544E-002
   76604.0456900115       7.688523245509946E-002  1.130614648105656E-002
   231232.021697667       7.637878106704445E-002  1.086618491848616E-002
   187208.741821584       7.587407539738274E-002  1.042611204201621E-002
   211217.234610490       7.630162185209616E-002  9.990303416985140E-003
   228711.483558276       7.672905744873088E-002  9.554314232022293E-003
   250983.466544971       7.715534041165660E-002  9.118211128240315E-003
   173099.414538585       7.758249898270876E-002  8.681881169861686E-003
   13108.1723894936       7.623515574690304E-002  8.349489436490696E-003
   51664.3460690429       7.588186100449298E-002  8.845963021429835E-003
   94012.2183290434       7.552841138021225E-002  9.343372893188390E-003
   37578.3425609908       7.517476636306991E-002  9.840815262935277E-003
   153754.509674955       7.462605076371023E-002  9.423713683879337E-003
   38348.8499917336       7.407717102373329E-002  9.007218722477329E-003
   79957.0781481659       7.352844540155923E-002  8.592136935728266E-003
   56623.1315149675       7.306734415771604E-002  9.144730455309434E-003
   33993.8893282079       7.357440658243075E-002  9.609987178813062E-003
   77096.7328279048       7.408215722900531E-002  1.007498336430884E-002
   18807.2401393363       7.458929327676440E-002  1.054030965748151E-002
   34679.3181933342       7.416182598218743E-002  1.097933440100440E-002
   257778.497568746       7.373320981375417E-002  1.141819790336906E-002
   358918.146716887       7.330537053765535E-002  1.185738323640151E-002
   75764.0470662140       7.850967106122966E-002  1.269490711477877E-002
   161025.427566673       7.895331040808107E-002  1.222255365543282E-002
   248193.273477593       7.939751744263321E-002  1.174915879717117E-002
   340095.060629259       7.984281317367017E-002  1.127623023349955E-002
   144087.869134806       8.028672350413568E-002  1.080178859967294E-002
   247717.226900923       8.074750649773148E-002  1.119300207755053E-002
   30712.9411066976       8.120910649825223E-002  1.158253551810631E-002
   59940.9998094954       8.166962080951035E-002  1.197267894975046E-002
   223820.394616085       8.213032374309184E-002  1.236188575112110E-002
   166786.864675503       8.286226387800051E-002  1.148017280131507E-002
   81885.6862670277       8.239329982952043E-002  1.109927145786851E-002
   28654.2297567675       8.192368963222912E-002  1.071980589923725E-002
   216548.190942628       8.145534115809110E-002  1.033952770639749E-002
   45576.1842977921       8.098702552439961E-002  9.959974314900073E-003
   28853.7266784014       8.138212484035004E-002  9.528469480847929E-003
   207680.067384812       8.177641382491242E-002  9.096714311826324E-003
   302678.612346478       8.217200324800693E-002  8.664639980841063E-003
   236773.864225097       8.256654423984157E-002  8.232206704085723E-003
   31473.0779682598       8.121267992191947E-002  7.863254393339198E-003
   145391.309236148       8.085751625299684E-002  8.328604423262720E-003
   363696.237201548       8.050191849141942E-002  8.793154822971046E-003
   50193.8988658624       8.014675570885299E-002  9.259604876942440E-003
   132158.698327029       7.971260816899001E-002  8.865883713874343E-003
   75788.6393515228       7.927893616467671E-002  8.473077138581130E-003
   58913.8944852751       7.884530514801351E-002  8.079485953773557E-003
   71677.7201227751       7.804813574837309E-002  9.036967024769381E-003
   66279.2127369253       7.851457853681069E-002  9.391893974141767E-003
   102546.284564386       7.898004973532818E-002  9.746485565772345E-003
   17984.8193795165       7.944591268272663E-002  1.010121897352166E-002
   6526.04277525776       7.905925312273562E-002  1.062183115260189E-002
   120704.849894589       7.867298604677660E-002  1.114319592278467E-002
   250602.225935758       7.828520266005407E-002  1.166382779665276E-002
   209909.760405839       8.374265724120203E-002  1.221232177519290E-002
   247186.731527155       8.411808985703674E-002  1.167321455071954E-002
   20066.2201314810       8.449335613944267E-002  1.113341254040720E-002
   224677.512597615       8.487074174415746E-002  1.059448707857825E-002
   201954.736856599       8.524714510692857E-002  1.005339144307938E-002
   235777.178564576       8.575817979689968E-002  1.051293340249242E-002
   40024.6109499468       8.626800204041377E-002  1.097044064556194E-002
   215152.850302175       8.677810958801351E-002  1.142875549823955E-002
   179732.102258339       8.728588792192035E-002  1.188683316424631E-002
   86190.5387403788       8.786680220086049E-002  1.118912467254975E-002
   286694.571733060       8.732129129562929E-002  1.077311204868319E-002
   118813.248766146       8.677422538693703E-002  1.035765218210969E-002
   134387.167362400       8.622846422876192E-002  9.943902391797070E-003
   137272.062693565       8.568297784956629E-002  9.528987744795790E-003
   30327.5855073934       8.614365875543829E-002  9.015401692177820E-003
   192483.556356667       8.660434111674348E-002  8.501812584622372E-003
   345904.020990300       8.706615948555226E-002  7.988389845597630E-003
   189556.020097031       8.752623676352053E-002  7.472874445016409E-003
   132472.899943034       8.643220653506913E-002  7.459133845075855E-003
   34233.1620130579       8.600904242322181E-002  8.003480589329100E-003
   260991.001337893       8.558404695949419E-002  8.547089541908283E-003
   127555.767572521       8.515933152776892E-002  9.092845228307660E-003
   122692.956789644       8.471839138602606E-002  8.626790257667934E-003
   100264.428064263       8.427798420337446E-002  8.162492149675699E-003
   138457.229362350       8.383816427123857E-002  7.697106960971458E-003
   223805.228614894       8.310545325286664E-002  8.579423504161389E-003
   177864.190161853       8.364545459559378E-002  8.925973525253011E-003
   34238.3567205196       8.418446440076280E-002  9.271758420399245E-003
   209745.046514059       8.472361364933716E-002  9.617099438354282E-003
   56093.0926016638       8.425827394565212E-002  1.008130627097175E-002
   250985.393647048       8.379301171696546E-002  1.054687521513855E-002
   446670.286890952       8.332666455255973E-002  1.101238239873822E-002
   185919.815971330       8.856380556350629E-002  1.177045715834716E-002
   42104.2227815631       8.899274389966116E-002  1.135851941772158E-002
   222294.740143221       8.942318249202227E-002  1.094694449768873E-002
   318847.108653108       8.985264024297911E-002  1.053390496238660E-002
   198415.672440308       9.028279969888584E-002  1.012006413412067E-002
   304760.892289073       9.077403038003741E-002  1.044943434012663E-002
   207704.487225944       9.126437384395913E-002  1.077819454250336E-002
   71235.4704585193       9.175535120422743E-002  1.110541206464215E-002
   224430.803610071       9.224494962951033E-002  1.143326777358978E-002
   122014.069432040       9.285016548850272E-002  1.070476497579418E-002
   276420.072411389       9.243566207065305E-002  1.028411510186318E-002
   12318.3176276340       9.202215136799417E-002  9.863346107174093E-003
   121164.223787762       9.160834731978719E-002  9.443678514598756E-003
   126486.655561339       9.119509714626615E-002  9.022805673550646E-003
   90750.0180362502       9.153022613326331E-002  8.591359445598336E-003
   56547.8598967589       9.186571190766350E-002  8.159818762143990E-003
   162298.858907363       9.220051635495632E-002  7.728193711150693E-003
   131246.298006154       9.253629041461950E-002  7.295971848869104E-003
   24455.3861861735       9.119370225847129E-002  6.888416877173858E-003
   101739.876879840       9.082865811740642E-002  7.294570620888971E-003
   233512.006817076       9.046349863514004E-002  7.701990074839272E-003
   148878.147231853       9.009846197156041E-002  8.109927356191527E-003
   269074.065014300       8.959444374680450E-002  7.781546037069572E-003
   208625.012049343       8.909015400560838E-002  7.453988958389549E-003
   81090.7763827931       8.858701589524719E-002  7.127899518656835E-003
   123529.331002484       8.794227398366250E-002  7.906825897972130E-003
   40725.0017003961       8.835676645211767E-002  8.339493742553846E-003
   128145.642627146       8.877175829568815E-002  8.773124232967670E-003
   184689.067060295       8.918625320070123E-002  9.206936495401927E-003
   149019.965374143       8.885704392433111E-002  9.702840065267193E-003
   27640.2590679133       8.852704375232905E-002  1.019761693330933E-002
   240116.618574105       8.819748514654950E-002  1.069338248628431E-002
   48584.1189059579       9.357890598784518E-002  1.131117099418945E-002
   58830.1081833213       9.398772593299312E-002  1.076817869149194E-002
   57449.5136576902       9.439830745547592E-002  1.022446311340528E-002
   16730.4735899700       9.480827032354050E-002  9.681746591293347E-003
   56179.3187776619       9.521901279501349E-002  9.138250360036423E-003
   45815.4850723092       9.568796982997287E-002  9.601491752506443E-003
   11523.8752841301       9.615689239853102E-002  1.006481903918311E-002
   10469.2409523471       9.662586498992501E-002  1.052923017988089E-002
   4904.18457768715       9.709374963592363E-002  1.099276418062374E-002
   1335.44697662788       9.781893609411882E-002  1.012254491177109E-002
   9690.82957869594       9.727860496364724E-002  9.745895646053401E-003
   12971.7092531420       9.673714548238854E-002  9.368363522085704E-003
   39934.1630294239       9.619662808942658E-002  8.990767632456223E-003
   126936.725817797       9.565593966069039E-002  8.613306599010958E-003
   28574.3541540268       9.611196336031780E-002  8.066218216792981E-003
   9967.61975045276       9.656884218276814E-002  7.519386430890620E-003
   73691.1260347426       9.702687032000561E-002  6.972207689480351E-003
   11281.6121317661       9.748351456741457E-002  6.424357417538081E-003
   60455.3530598872       9.650133291438637E-002  6.533579826865081E-003
   13900.2844544211       9.604462911876811E-002  7.081425706835909E-003
   60766.4897346816       9.558762186713650E-002  7.628524152963845E-003
   193956.671588626       9.513076940948803E-002  8.176107797407430E-003
   126836.045952819       9.468501417786887E-002  7.711248079920623E-003
   23187.4542994876       9.423951998481592E-002  7.247161552758709E-003
   124072.496668075       9.379453606680938E-002  6.781998484489392E-003
   244025.627862637       9.307555966990752E-002  7.648208810418539E-003
   162017.295727824       9.361605549961330E-002  7.999651437004363E-003
   37102.1276493047       9.415548205938613E-002  8.350619215056759E-003
   220657.210248224       9.469423408842333E-002  8.701334946133638E-003
   63209.6316266433       9.423380108796985E-002  9.202289043379389E-003
   9330.91680008743       9.377290539889149E-002  9.702398602763989E-003
   31455.5310151708       9.331106232845970E-002  1.020398731865579E-002
   826449.879414185      -1.721118910924318E-003  2.248842030005148E-002
   1470304.17233590      -1.283662756250284E-003  2.210480027225544E-002
   2142967.91759036      -8.443214522767445E-004  2.171958198629650E-002
   3815813.94767366      -4.053722003483190E-004  2.133063372510520E-002
   1751649.33563155       3.584023021072021E-005  2.094306138018915E-002
   3726582.26736006       4.522105412894125E-004  2.132404533629642E-002
   1490410.86806481       8.659646926782555E-004  2.170460756285816E-002
   1445576.86376351       1.280542518544212E-003  2.208042977262802E-002
   605778.405001728       1.686406703442734E-003  2.245881470550945E-002
   3593888.71869500       2.570770498400609E-003  2.154639073799093E-002
   1799138.76212028       2.166231840996120E-003  2.115435916833913E-002
   1334291.01921703       1.766002361045513E-003  2.076145119283247E-002
   612890.825705735       1.367257589888283E-003  2.037298201887184E-002
   840003.316940919       9.777706294607552E-004  1.998106143246518E-002
   603247.143985450       1.364789884870567E-003  1.962418432466223E-002
   1285401.62744776       1.754251615879083E-003  1.926622014577022E-002
   2386549.12442579       2.144247446224626E-003  1.890629412501980E-002
   1790484.92805599       2.536258921362660E-003  1.854654973125721E-002
   69825.5724967013       1.104196521156794E-003  1.787338952481862E-002
   931530.132923717       7.452666902815404E-004  1.826050626596824E-002
   1674684.35783474       3.852686182607813E-004  1.864895055139095E-002
   668568.759589523       2.503111209193410E-005  1.903896955988841E-002
   1435836.54355846      -3.789643965875693E-004  1.865447409747284E-002
   765353.136460682      -7.824738575710499E-004  1.826826402432158E-002
   342802.963961159      -1.184615870296284E-003  1.788289286304852E-002
   2288723.02169091      -2.486931485157192E-003  1.840824700591502E-002
   1156068.88411574      -2.094595310498358E-003  1.880588651511537E-002
   760477.108218035      -1.701700353813766E-003  1.920161113666475E-002
   200706.581101906      -1.309167469537006E-003  1.959765482721572E-002
   1154996.10782143      -9.204440624070819E-004  1.999415167643226E-002
   491554.406348408      -1.303919936247303E-003  2.042628998362592E-002
   998757.939606343      -1.696618336087766E-003  2.085398601205684E-002
   1875146.23126093      -2.091358846742445E-003  2.128292946529551E-002
   2821774.58090578      -2.487447305719294E-003  2.171474738660822E-002
   1248477.07557018       3.475891571678560E-003  2.243855206815969E-002
   1612378.60027803       3.873110635167124E-003  2.205378757488548E-002
   1667489.08293488       4.279042995109805E-003  2.167217651089548E-002
   3896490.93492977       4.683819279511102E-003  2.128453062639273E-002
   1972657.40943810       5.090923858931318E-003  2.089606641128503E-002
   4205010.93223392       5.539410575818545E-003  2.126927607325855E-002
   2120612.07404041       5.987598006027686E-003  2.163870428939081E-002
   2057534.77561463       6.435017419288141E-003  2.200057049413183E-002
   1931752.33671569       6.874325269935394E-003  2.236551315607903E-002
   4465845.43362076       7.642419429111304E-003  2.153903974347718E-002
   1330347.87203955       7.230427143964049E-003  2.113138016539922E-002
   652770.249525430       6.825944246847764E-003  2.072445346017517E-002
   1337970.47244773       6.424005346727792E-003  2.031923250658288E-002
   490602.774836355       6.032028669250147E-003  1.991023842053019E-002
   1458800.12941367       6.410029323356958E-003  1.941430976288981E-002
   165222.406851814       6.793964247131361E-003  1.891992118050194E-002
   1836424.11520127       7.183594919019019E-003  1.842732534999466E-002
   2287213.15001079       7.579166361450272E-003  1.792927719042922E-002
   1275579.17408201       6.571440525976505E-003  1.780310846646863E-002
   2723133.90139023       6.065479127289186E-003  1.818357965330089E-002
   3546897.60500235       5.559456792207962E-003  1.857099220888269E-002
   1043384.90212593       5.058038964907676E-003  1.896566919899986E-002
   1529350.96442698       4.688182064801270E-003  1.858961480833857E-002
   263670.973645374       4.320460772298914E-003  1.821378081953272E-002
   169723.260491217       3.954458799499636E-003  1.784045015455213E-002
   1987813.40601303       2.932552706574872E-003  1.889895474912992E-002
   1484766.39203744       3.326717899527358E-003  1.924973713922978E-002
   373984.784597644       3.721507939658419E-003  1.959757420109636E-002
   378610.566644293       4.111973928670907E-003  1.994527377588552E-002
   776272.115306912       3.735616696740545E-003  2.034620932916040E-002
   1181841.46927761       3.349699157271750E-003  2.074375644909212E-002
   1674442.43833672       2.963106527795205E-003  2.114558773851332E-002
   2190056.39330222       8.457239408338939E-003  2.231517197375621E-002
   833953.685207238       8.869746711034457E-003  2.177805012408962E-002
   664196.909839493       9.297396283152732E-003  2.124997847026434E-002
   3564512.37924456       9.737149612753767E-003  2.072340169989833E-002
   2756100.93538779       1.018406043571721E-002  2.018544356562066E-002
   4354081.56089885       1.070881884895230E-002  2.070141265158636E-002
   49355.0266745028       1.123265264135699E-002  2.120262122007401E-002
   687420.361881176       1.174439287055076E-002  2.170452195468294E-002
   2648509.65539329       1.223766259506562E-002  2.221816198301390E-002
   3934363.50985757       1.280228013942082E-002  2.163214977733459E-002
   3926243.16274717       1.223559875852645E-002  2.116158741443273E-002
   3248053.82393973       1.166102549239915E-002  2.070810882224019E-002
   189731.802979672       1.108464949245270E-002  2.026626182482957E-002
   286412.873723790       1.052704632264017E-002  1.982107245236942E-002
   784136.279352509       1.106020977700456E-002  1.927247171335617E-002
   1529097.91782845       1.160569525268207E-002  1.873025438086643E-002
   3824874.24776053       1.215233825579737E-002  1.818112826511921E-002
   1802515.46506960       1.268859946388702E-002  1.761457382430280E-002
   463298.597502081       1.182965335717480E-002  1.785964349815447E-002
   1443669.09960220       1.127741591134261E-002  1.839362210296032E-002
   2286929.00259300       1.072118605283509E-002  1.892909286778919E-002
   1611414.94436637       1.016876402037797E-002  1.947558666026661E-002
   2228990.49127511       9.638264892054910E-003  1.895549209398046E-002
   14141.7624615721       9.107480530351828E-003  1.844697680045350E-002
   508024.000591715       8.586241494508854E-003  1.793734141059471E-002
   2611672.05311323       8.137946915497477E-003  1.842064631064041E-002
   2019986.03529223       8.703857402511292E-003  1.889758762992679E-002
   103676.579016403       9.271043986617598E-003  1.936607965250719E-002
   173869.213417510       9.826412328939606E-003  1.983688170323006E-002
   1053932.37446053       9.287490506846977E-003  2.025196375251901E-002
   4069838.35583290       8.734598339039959E-003  2.066969098006101E-002
   4041258.71526196       8.185912324398024E-003  2.109921598960181E-002
   205339.906365348       1.338396349758500E-002  2.220606092252253E-002
   3073554.29234058       1.386472013207558E-002  2.189180678273609E-002
   2773344.24887892       1.435069358937228E-002  2.157579167885666E-002
   3465160.32439632       1.483542848997259E-002  2.125337298257647E-002
   1971954.01574891       1.531735448097923E-002  2.092683009175045E-002
   3755664.51356048       1.588318031574314E-002  2.122576544619770E-002
   3311743.22913522       1.645133754364670E-002  2.152096163399045E-002
   3826606.47350040       1.702483052438583E-002  2.180586307207183E-002
   2023603.44978556       1.759426229002959E-002  2.208076218622359E-002
   3896084.81389862       1.788536766043705E-002  2.175191278735369E-002
   499144.420166945       1.752838212541722E-002  2.123169767150360E-002
   1402100.55434946       1.718632258703508E-002  2.070918614286722E-002
   2106038.04576610       1.685146606373224E-002  2.018286576917252E-002
   629699.957547760       1.652451768741205E-002  1.965044526862752E-002
   208317.362874207       1.683040361498702E-002  1.924806719942283E-002
   1060499.50488032       1.713920843584257E-002  1.884548483804269E-002
   2769626.49215947       1.744953356477016E-002  1.844063823559660E-002
   2182668.48636669       1.776195622966461E-002  1.803314523655405E-002
   60974.7440544603       1.644054210328703E-002  1.747554594161000E-002
   1354396.93361329       1.604619266064101E-002  1.779518619243480E-002
   2069796.71762107       1.565054551751729E-002  1.811721598274763E-002
   1702312.13419144       1.525424356085981E-002  1.844146095710178E-002
   3360528.77431992       1.469093281512734E-002  1.814009427235687E-002
   3675301.44630163       1.412438949765057E-002  1.784530484074369E-002
   2783520.96736309       1.355290679335098E-002  1.755912532553644E-002
   575488.029659520       1.304372180727007E-002  1.813704548456329E-002
   1405391.26673703       1.338642165038583E-002  1.865910687861652E-002
   1657689.27174652       1.372079800584236E-002  1.918455157338979E-002
   1369724.04822783       1.405026844612833E-002  1.971447447334411E-002
   1365364.59513949       1.374663903682667E-002  2.019532174155486E-002
   393307.647119390       1.343766746329819E-002  2.067466889364912E-002
   308290.336820240       1.312433690631450E-002  2.115318851321074E-002
   2544400.40159817       1.820772289256762E-002  2.204736330011803E-002
   997738.407316439       1.874355883886387E-002  2.160029063951282E-002
   2068738.54551347       1.929449994787899E-002  2.115388031022122E-002
   3446662.67100527       1.984239955695590E-002  2.069634991127402E-002
   1817340.64232900       2.038461064250762E-002  2.022966018912827E-002
   3145192.47626848       2.090413012393826E-002  2.065090690194375E-002
   1552452.52135582       2.142744629547885E-002  2.106327975163555E-002
   1071244.18433216       2.194968693225317E-002  2.146774657941300E-002
   2066719.45040781       2.246411090560515E-002  2.187416110372545E-002
   3327133.39333644       2.298123141377994E-002  2.128876984483377E-002
   1160148.17364742       2.249546104242639E-002  2.083277969572981E-002
   228496.078791432       2.201446751818912E-002  2.038179119935448E-002
   1381118.75873362       2.153812426090098E-002  1.993061025055618E-002
   627170.462944897       2.107171713508085E-002  1.947531609320740E-002
   896088.960765310       2.150360049176933E-002  1.908961758014819E-002
   1922522.65382435       2.194104706415946E-002  1.870366978586798E-002
   3477474.90153108       2.237789591657028E-002  1.831208895061006E-002
   2339818.20837752       2.281633090072664E-002  1.791749900648284E-002
   862464.081417327       2.141955631784429E-002  1.741796722641006E-002
   713962.356219633       2.105663542564194E-002  1.786942880116773E-002
   2079975.85081005       2.069146321921074E-002  1.832391264718641E-002
   1742306.98142861       2.032296957631345E-002  1.878290922356772E-002
   2403295.46913895       1.989463018741497E-002  1.835795893983481E-002
   358437.836434041       1.946933129674992E-002  1.793605843520958E-002
   151757.554922852       1.904727674680418E-002  1.751711322687211E-002
   2607919.86681726       1.823268805071524E-002  1.841378880537657E-002
   2154783.24065787       1.870157150553867E-002  1.879138704458637E-002
   463521.853041382       1.917101751078773E-002  1.916399822866341E-002
   198351.735704162       1.963439209538491E-002  1.953683325254302E-002
   1555789.97848261       1.921153262856169E-002  2.009300875508546E-002
   25613.4726365471       1.877627642000676E-002  2.064240357371787E-002
   1893246.63222606       1.833273152789700E-002  2.119070886180538E-002
   1807705.72221931       2.355992740390996E-002  2.181229316884635E-002
   147937.205973444       2.402304454867548E-002  2.129228090431035E-002
   589757.875966512       2.449895834226980E-002  2.077841112361984E-002
   2867086.05576345       2.498007089346699E-002  2.025963147839869E-002
   1893272.58711871       2.545695745338210E-002  1.972995097119704E-002
   2363107.90868670       2.597498782809677E-002  2.020441613126854E-002
   211305.001469034       2.649183311287232E-002  2.067312886147668E-002
   305316.147838738       2.700318612182605E-002  2.114004159544178E-002
   1900985.99396058       2.750303012576812E-002  2.161451624573661E-002
   2840121.85569840       2.807097772180307E-002  2.098924699613836E-002
   2442326.08758699       2.752818211456019E-002  2.053946359438674E-002
   1850759.81485671       2.698336522238456E-002  2.009842832214983E-002
   34348.4254637825       2.643788211647081E-002  1.966391918338584E-002
   591104.508539005       2.590219358848843E-002  1.922754435118726E-002
   807431.908853188       2.638674780495461E-002  1.875397098573749E-002
   1493321.82115998       2.688328067020148E-002  1.828314472769649E-002
   3211766.08648629       2.737927602736707E-002  1.780568483622509E-002
   1840789.50601411       2.787365919797796E-002  1.732126144718464E-002
   787089.991484800       2.673776848329932E-002  1.721007525625298E-002
   911033.041990470       2.629559637851035E-002  1.772801134825754E-002
   2090120.02827272       2.584996055140071E-002  1.824935444288700E-002
   2385547.03972203       2.540306445531711E-002  1.877787940078463E-002
   2026610.80434163       2.498327875287211E-002  1.829912473166517E-002
   494594.308090477       2.457043008906656E-002  1.782390017867639E-002
   641929.743045861       2.416245496917985E-002  1.734936255843529E-002
   2954798.04523668       2.335278199820808E-002  1.826579340730686E-002
   2982263.05165356       2.388912722739385E-002  1.861040065204168E-002
   1221887.32246582       2.442780551838414E-002  1.894647156813536E-002
   453841.856143095       2.495870449324989E-002  1.928090468538363E-002
   728568.116550617       2.447524081469005E-002  1.977981754995852E-002
   1331076.79686878       2.397756176588880E-002  2.027626934516160E-002
   2224131.39074573       2.347829974371599E-002  2.077723225109691E-002
   184760.092056629       2.869254458522402E-002  2.156411410690924E-002
   1952408.31354926       2.915485402890971E-002  2.119330325304812E-002
   1987929.92906375       2.962234068521648E-002  2.082111368806387E-002
   2695530.03893199       3.008822370467895E-002  2.044474414165600E-002
   1553579.54092800       3.055203852020478E-002  2.006307162584988E-002
   2830833.04761173       3.112120998865627E-002  2.038685369402746E-002
   2375222.83049792       3.169263283217413E-002  2.070577973329484E-002
   2542905.71783751       3.226821782521908E-002  2.101739868978620E-002
   474252.253136272       3.284175596853257E-002  2.132167059559033E-002
   2297901.54319312       3.314429653087629E-002  2.096011418783058E-002
   403986.644338521       3.273746859258525E-002  2.045593938875288E-002
   1057009.47719537       3.234069294757506E-002  1.994969333427013E-002
   1642839.30561004       3.195109649959817E-002  1.943972660066386E-002
   598419.004794397       3.156714519183176E-002  1.892442808626717E-002
   86881.1558321502       3.190042765987053E-002  1.848957298171874E-002
   724161.236686046       3.223607584874396E-002  1.805503533818457E-002
   2016422.36173779       3.257436394772551E-002  1.761866505528679E-002
   1708905.15825783       3.291390817003914E-002  1.717945290242471E-002
   212783.877988439       3.164876883752791E-002  1.677966862229079E-002
   1283215.97784362       3.124436308572848E-002  1.715352969545483E-002
   1861678.35817905       3.083898055877200E-002  1.752868940320425E-002
   1454406.08573879       3.043335512748159E-002  1.790707473214738E-002
   2317787.30162791       2.994916401803620E-002  1.757800764488626E-002
   1517783.67124864       2.946534785949474E-002  1.725402535570185E-002
   759629.027792181       2.898120981075014E-002  1.693291547592604E-002
   1460631.02007816       2.826574102399456E-002  1.775469351711250E-002
   309860.793509106       2.865454873835956E-002  1.818504211594258E-002
   679494.341213374       2.903895779930360E-002  1.861345891570894E-002
   976768.040921182       2.942032381491692E-002  1.904406085214195E-002
   1100144.06570086       2.908991140810980E-002  1.953155951464469E-002
   234521.324934336       2.875551841528723E-002  2.001705645118024E-002
   424746.854027803       2.841618251255368E-002  2.050288984841924E-002
   1625008.70471648       3.350230565824653E-002  2.126472332373293E-002
   298506.720502791       3.400677882873764E-002  2.070140095724471E-002
   675379.223512176       3.453008356940612E-002  2.014697175249942E-002
   2515863.10913350       3.505763219799254E-002  1.959028062346032E-002
   1312396.81119761       3.557798591882518E-002  1.901917798867596E-002
   1150267.11125492       3.603148355151186E-002  1.952120571708684E-002
   551781.650111704       3.648002069947280E-002  2.001883389546342E-002
   477851.894073599       3.692361443057155E-002  2.051909904735025E-002
   1429084.31345463       3.736037893340727E-002  2.102428636878148E-002
   2140623.94013563       3.818592776453790E-002  2.008210138029620E-002
   1803251.25558019       3.761608851981021E-002  1.971532006599964E-002
   1978974.12752135       3.704463183054096E-002  1.935190514378865E-002
   829310.235119277       3.647215019327363E-002  1.899463703784044E-002
   284127.313532936       3.590341014244702E-002  1.864005982322660E-002
   579917.843533837       3.641394818096857E-002  1.817936074101531E-002
   1317658.19300999       3.693153827841693E-002  1.771840124787203E-002
   2072483.79581975       3.744898262329110E-002  1.725244328476329E-002
   1190324.16789497       3.796362352141199E-002  1.678277914956359E-002
   716281.545209793       3.675903559668386E-002  1.663544040590779E-002
   185337.951606860       3.635180928449171E-002  1.719183226094456E-002
   1398595.07821191       3.593983234572349E-002  1.774750614968184E-002
   1439078.42659960       3.552686577339968E-002  1.831145724102487E-002
   1374683.79319259       3.505720536681146E-002  1.781065873498736E-002
   617340.102572891       3.459304530299797E-002  1.731383739178487E-002
   400563.781919064       3.413445544570254E-002  1.681412263817770E-002
   1946443.15404676       3.348444844800844E-002  1.756446975943033E-002
   2222007.49325293       3.405695376707364E-002  1.794559431054296E-002
   868845.437659749       3.463108261195540E-002  1.831954327939035E-002
   39641.1660259328       3.520124071223078E-002  1.869091247249741E-002
   574722.701571738       3.469697567777547E-002  1.925644828325728E-002
   1133744.62246237       3.417842236345821E-002  1.981539831083475E-002
   2295026.27423628       3.365639690592866E-002  2.037937802508383E-002
   760315.342570441       3.912333219327502E-002  2.091407237088732E-002
   274740.165244963       3.949696384812197E-002  2.041389413440427E-002
   426242.939726842       3.987654852882763E-002  1.991661062630633E-002
   2069880.99356336       4.025752875458963E-002  1.941576996708484E-002
   1238248.74504345       4.063859948895330E-002  1.891056984435500E-002
   1501798.15588589       4.099671911498045E-002  1.936269278071485E-002
   48164.4527962617       4.135094851001331E-002  1.981481527036564E-002
   157597.884903070       4.170506142456366E-002  2.026468562970862E-002
   896804.336444307       4.205436483558738E-002  2.071812898864359E-002
   1626461.91468289       4.319572966369381E-002  1.938634556054383E-002
   1067779.04578242       4.268875531581860E-002  1.911088170183471E-002
   1227454.43731401       4.218392246058034E-002  1.883369099157073E-002
   181568.625566613       4.167788964143094E-002  1.856030803853548E-002
   143193.108468080       4.117689757423040E-002  1.828523037179981E-002
   109911.270102803       4.162186122180175E-002  1.778560021118432E-002
   431188.704156571       4.207071638279614E-002  1.728692086243568E-002
   1003704.73953435       4.251908207636105E-002  1.678545639148384E-002
   709013.313695302       4.296713905649731E-002  1.628059351530296E-002
   397614.674411211       4.186798544744237E-002  1.621763681566442E-002
   169057.963516418       4.143088954435592E-002  1.672541395656237E-002
   716270.681567965       4.099317744692848E-002  1.723499450931006E-002
   496714.313557343       4.055482255984282E-002  1.774649049849934E-002
   650961.249419218       4.008010142984110E-002  1.730116869233172E-002
   40578.1974680263       3.960558316062367E-002  1.685899645100345E-002
   249875.232827699       3.913364219321447E-002  1.641824880118554E-002
   1062910.31762933       3.847857991537500E-002  1.718209755234395E-002
   758617.104716172       3.899278310690922E-002  1.757982082427243E-002
   160962.875533993       3.950730580384489E-002  1.797464560209502E-002
   770254.958636994       4.001805911559987E-002  1.836874808755701E-002
   446827.245165864       3.956637315952661E-002  1.879573583741918E-002
   919453.010328386       3.910695427423750E-002  1.922210834129468E-002
   1169029.39898404       3.864750479708453E-002  1.965140310886817E-002
   546895.799181308       4.452283683804802E-002  2.053314711774736E-002
   117045.369820768       4.480377947964334E-002  2.007648719753104E-002
   20288.4127840881       4.508945124994192E-002  1.962057001062633E-002
   684693.889581242       4.537505203080845E-002  1.916502020786718E-002
   717108.869789618       4.566291684562635E-002  1.870820322367873E-002
   1587278.12656283       4.623587248406326E-002  1.910377856609371E-002
   1128976.61626088       4.681265240834218E-002  1.949417466842756E-002
   879925.947251425       4.739076953313831E-002  1.987980863281892E-002
   811065.603594354       4.796695823139049E-002  2.026156556113161E-002
   1367483.45715308       4.828443143382171E-002  1.988054725058219E-002
   77167.0212709069       4.779688178072954E-002  1.938666795048232E-002
   488408.149467279       4.731273617951208E-002  1.889466066188488E-002
   985064.938421263       4.683442309942967E-002  1.839898198597325E-002
   457397.526804861       4.636151794248489E-002  1.790007353283226E-002
   139480.526798380       4.676729022543180E-002  1.743906996928737E-002
   702499.086324093       4.717565270492840E-002  1.697681140501781E-002
   1571365.04013674       4.758578278227643E-002  1.651349276655295E-002
   1166025.10189795       4.799471672376795E-002  1.604668325841731E-002
   305533.616665852       4.677965291630126E-002  1.580796540425983E-002
   494616.652348881       4.637320020371263E-002  1.627075060077639E-002
   1086005.31199278       4.596423974357702E-002  1.673388293808993E-002
   799312.736592908       4.555621369676328E-002  1.719948397239286E-002
   1285669.92182429       4.505085416128180E-002  1.679960094320482E-002
   525351.740873880       4.454603309072315E-002  1.640267238625623E-002
   80500.5722650711       4.404065538318994E-002  1.600734347087233E-002
   637262.284601176       4.344214462843269E-002  1.671437355207314E-002
   53469.5292171134       4.391734219302711E-002  1.714545676441093E-002
   712162.518556704       4.438927433547592E-002  1.757518267082807E-002
   141350.997007691       4.485705537456619E-002  1.800804339570199E-002
   608541.179648203       4.444308025201427E-002  1.835155875099835E-002
   1111059.27060336       4.402775265804270E-002  1.869504177309498E-002
   1048627.32549332       4.361194989559949E-002  1.904151866173241E-002
   1076243.71525364       4.866326261252297E-002  2.019996699061728E-002
   367808.161447672       4.915688676045632E-002  1.962316899529698E-002
   115270.673997242       4.966084455365719E-002  1.905306277425351E-002
   1164471.46319770       5.016934053616411E-002  1.848105560374995E-002
   835565.583963712       5.067344894175724E-002  1.790192248413671E-002
   988789.986860985       5.121829125987389E-002  1.840138157382385E-002
   48185.2793825028       5.176414181207018E-002  1.889562313326187E-002
   251365.625826567       5.230536728379089E-002  1.938955760429315E-002
   748368.789445682       5.284165946470768E-002  1.988857431862520E-002
   1047705.09145246       5.331644756843659E-002  1.933755553236253E-002
   1120474.42640600       5.273277665271438E-002  1.888293560467154E-002
   842241.558674684       5.214746684377845E-002  1.843476961543901E-002
   61792.3118986442       5.156072280806824E-002  1.798947066615061E-002
   199560.326129747       5.097923416121797E-002  1.754378428748092E-002
   1154574.28832310       5.149542264976315E-002  1.714574208796599E-002
   1337395.40833529       5.201434297210569E-002  1.674378379475347E-002
   1542915.13403580       5.253022533771963E-002  1.633914647873104E-002
   773461.942440721       5.304526007621607E-002  1.593199667464550E-002
   678102.920509822       5.160255521816810E-002  1.554232804800360E-002
   304621.134114732       5.127979891125013E-002  1.610589500570386E-002
   403642.307237342       5.095251410878564E-002  1.666972903207930E-002
   1144692.84375316       5.062192917743480E-002  1.723564612604170E-002
   1313086.71727487       5.013467199220716E-002  1.673261053655480E-002
   186115.083610005       4.964917847602661E-002  1.623407087162836E-002
   256431.256860267       4.916894598036961E-002  1.573543203992343E-002
   1462472.44471571       4.857479562833400E-002  1.643936414787544E-002
   1496095.37934893       4.915555784391090E-002  1.682750430644348E-002
   456019.143238195       4.973868311108960E-002  1.721170553610305E-002
   237302.401974747       5.031645529542199E-002  1.759450727062864E-002
   309059.933097445       4.981263222417815E-002  1.816326259449939E-002
   659159.582019086       4.930082540398412E-002  1.873022790474090E-002
   1229237.42639329       4.878984442013054E-002  1.930010806816624E-002
   79088.1878321648       5.386652725096824E-002  1.981473325374187E-002
   968441.583007572       5.433734858967570E-002  1.942055638093180E-002
   991792.075815687       5.480871947210562E-002  1.902586984280644E-002
   1244391.34674866       5.527968973336165E-002  1.862743818382051E-002
   660139.652939098       5.574837047292654E-002  1.822706278959992E-002
   1166312.40229912       5.631253539729536E-002  1.854265157852317E-002
   892432.963879500       5.687650499089945E-002  1.885658892016817E-002
   906207.600752826       5.744246144510361E-002  1.916632305108890E-002
   681315.670743197       5.800500784915992E-002  1.947558793316250E-002
   1332559.93636886       5.834155674576991E-002  1.907343332996080E-002
   155988.904350827       5.793029447454566E-002  1.857760200079085E-002
   232699.259965818       5.752338962984195E-002  1.808119431912452E-002
   571273.601393684       5.711791183260323E-002  1.758505278484138E-002
   367016.878373817       5.671496521529078E-002  1.708596071363556E-002
   358815.121417561       5.703375065234484E-002  1.655188184981899E-002
   159288.394308208       5.735510486811295E-002  1.601881376260740E-002
   744965.068524872       5.767768436284199E-002  1.548580836147242E-002
   874039.025462881       5.800345567850005E-002  1.495093296699884E-002
   566479.196477335       5.702358775512523E-002  1.491981010762577E-002
   1152339.08392075       5.654011712196604E-002  1.531627225149063E-002
   1214578.69630111       5.605756653402528E-002  1.571608577296539E-002
   712793.927954241       5.557605049279525E-002  1.611765331179743E-002
   884042.717060964       5.518093253457505E-002  1.578840232616864E-002
   410883.340722837       5.478532418833094E-002  1.546020661229737E-002
   156097.177779337       5.439142287977108E-002  1.513378225383780E-002
   776652.387084265       5.343784654488891E-002  1.626424047906609E-002
   459304.873911938       5.382868889149010E-002  1.659589031354202E-002
   48784.0292666011       5.421996940806803E-002  1.692759345708173E-002
   314240.419297669       5.460970803217224E-002  1.725841235024681E-002
   631108.075519020       5.428997666389564E-002  1.777879258881049E-002
   310347.613892850       5.396772020533507E-002  1.829894431536333E-002
   18249.8830472689       5.364409260452204E-002  1.881766350981026E-002
   776525.545967749       5.874144005253695E-002  1.941195536584771E-002
   255811.794465726       5.923447517525257E-002  1.889883616711461E-002
   616573.191052586       5.973461457040108E-002  1.838739695402065E-002
   1377037.98712536       6.023320180675645E-002  1.787167089311698E-002
   644517.689759264       6.073036615360759E-002  1.735276913459799E-002
   879471.923530269       6.116922276302399E-002  1.779199930755741E-002
   87340.4700392858       6.160709729380019E-002  1.823074612320421E-002
   100795.101119411       6.204379649890449E-002  1.866782287825834E-002
   575324.985199493       6.247787109343123E-002  1.910742448243058E-002
   1045149.56302107       6.331570634604980E-002  1.811025930136559E-002
   731431.330808143       6.280304950506774E-002  1.775873329540358E-002
   671881.349860423       6.229174050108716E-002  1.740782669824335E-002
   61079.6400608275       6.177961517149219E-002  1.705869989512320E-002
   60387.4881822890       6.127104064428357E-002  1.670911937476265E-002
   41559.3172298247       6.170704595539746E-002  1.621209677658233E-002
   318544.786802999       6.214624511762480E-002  1.571410763673622E-002
   767298.336824066       6.258490180075459E-002  1.521584770316423E-002
   472440.720189213       6.302379246446431E-002  1.471535059171676E-002
   262078.639667334       6.189612679867725E-002  1.463113230503173E-002
   174868.048431944       6.147473179700990E-002  1.514164581601952E-002
   532640.342532123       6.105132914677347E-002  1.565398865189003E-002
   448886.343215039       6.062899080360662E-002  1.616715120605657E-002
   748006.278330367       6.007763084284597E-002  1.573680833736740E-002
   251221.918498896       5.952584411730039E-002  1.530784620695594E-002
   219262.466304366       5.897527291231519E-002  1.488082389818013E-002
   729284.529371880       5.852592061745090E-002  1.541864721985265E-002
   472580.574865146       5.904783180115050E-002  1.588315114066317E-002
   32401.7418499772       5.956986721682753E-002  1.634603852102907E-002
   223043.155364817       6.008841155051797E-002  1.680991176967201E-002
   560582.393072727       5.965789815870508E-002  1.737661265239344E-002
   194709.822366779       5.922054788272758E-002  1.793988087378294E-002
   805577.968565735       5.878133162590633E-002  1.850469174719013E-002
   270417.597304297       6.431070587861090E-002  1.895117258646208E-002
   291262.226549778       6.466929788403963E-002  1.850764437777991E-002
   317605.891278816       6.503036160513816E-002  1.806478617109896E-002
   876846.063364054       6.539160956703975E-002  1.762077323978849E-002
   519867.672565009       6.575321472144662E-002  1.717660134386172E-002
   826779.251210041       6.618430892586211E-002  1.755218193830983E-002
   258056.532337070       6.661380215271291E-002  1.792834381421235E-002
   262803.454837256       6.704403216752350E-002  1.830340156093511E-002
   382968.095050263       6.747235171131269E-002  1.867934217753477E-002
   852686.862286829       6.831324319798542E-002  1.767561141236509E-002
   449310.072196470       6.786477091753336E-002  1.732029866085029E-002
   365626.167532576       6.741719808685284E-002  1.696499499623077E-002
   110082.274861982       6.697006493499670E-002  1.661160522839089E-002
   37511.1260885629       6.652576146036848E-002  1.625632197120914E-002
   88521.1794284582       6.689521727881514E-002  1.574407831471488E-002
   111912.949553971       6.726705698633417E-002  1.523205326621137E-002
   483815.650358071       6.763968613746658E-002  1.471959007695200E-002
   363876.554218927       6.801232113937516E-002  1.420471642561366E-002
   38711.4832579949       6.694141962720378E-002  1.412853255133554E-002
   345132.082728746       6.649664195490995E-002  1.457949584302359E-002
   513596.239433985       6.605168323479221E-002  1.503135308010425E-002
   374967.256219290       6.560699295672186E-002  1.548327765811704E-002
   572293.933240644       6.510996472656733E-002  1.511275343506713E-002
   330522.400687709       6.461152727663513E-002  1.474292482577494E-002
   138164.262336903       6.411442006621802E-002  1.437402354190044E-002
   370310.925838035       6.347811146792645E-002  1.513763034518354E-002
   101546.625465655       6.393179710607837E-002  1.555894827838763E-002
   174060.716298770       6.438459020345055E-002  1.598094994753044E-002
   197127.031999174       6.483494535203839E-002  1.640248440696693E-002
   104453.088657814       6.445779529366991E-002  1.682895730180036E-002
   390385.093895972       6.407769514652344E-002  1.725529465813215E-002
   516251.469075193       6.369724739263516E-002  1.768269965412534E-002
   215261.070044959       6.931508863446018E-002  1.851873789988508E-002
   232552.798447025       6.967317167463620E-002  1.808929773669393E-002
   249080.880498684       7.003320311226732E-002  1.766041833194063E-002
   648813.708002665       7.039249453095237E-002  1.723180864707774E-002
   387282.307400123       7.075299176964678E-002  1.680139271166130E-002
   734748.945359657       7.121941862249923E-002  1.715990376371781E-002
   370814.687668550       7.168570790263711E-002  1.751663316371825E-002
   354466.237731955       7.215225827619849E-002  1.787311197240986E-002
   200382.048987404       7.261669547928146E-002  1.822976988843153E-002
   551528.079948375       7.332008565791934E-002  1.738441717088516E-002
   99936.5252079704       7.288320356919285E-002  1.699337478195366E-002
   37385.6246280743       7.244728783625803E-002  1.660116778031913E-002
   329605.835973348       7.201309829879853E-002  1.620904364146655E-002
   70085.3895934855       7.157963232142679E-002  1.581597321949091E-002
   14998.0845766626       7.194204981192337E-002  1.538333801180695E-002
   239695.840700547       7.230411435572669E-002  1.495061437164337E-002
   418779.787625361       7.266761827240202E-002  1.451744219233911E-002
   345835.226518884       7.303097612520520E-002  1.408246447175359E-002
   74273.9386637578       7.169590767969500E-002  1.369780291253377E-002
   257195.552516463       7.132951056164089E-002  1.412791069500280E-002
   480325.056017033       7.096265213796128E-002  1.455743552556821E-002
   273410.217694018       7.059603401752275E-002  1.498882922303668E-002
   511198.737230444       7.008156852428292E-002  1.463423906439580E-002
   267673.619479809       6.956702586449688E-002  1.428169907120430E-002
   105050.890965968       6.905253371328891E-002  1.392921966325433E-002
   273582.533777351       6.845315027121854E-002  1.464824865800740E-002
   34338.2668422546       6.889321407293690E-002  1.508987862697438E-002
   229468.015606715       6.933140683890802E-002  1.553142308929363E-002
   88078.5084284551       6.976925923365490E-002  1.597354853163530E-002
   18782.7768929352       6.940629880383860E-002  1.639893540191647E-002
   362454.420293772       6.904295660024261E-002  1.682316195445206E-002
   465832.816040689       6.867851928458937E-002  1.724931645666358E-002
   299415.576085071       7.416403356853681E-002  1.808870600936482E-002
   210267.801567743       7.454109746953137E-002  1.748384094879851E-002
   207167.890050153       7.492160112035924E-002  1.687931761803285E-002
   371434.458112017       7.530474421647372E-002  1.627670010348675E-002
   335103.211901934       7.568964939404213E-002  1.567198352996876E-002
   408115.750764953       7.620721179836124E-002  1.619525784049898E-002
   222000.653462134       7.672448550759252E-002  1.671668710411426E-002
   184916.848964647       7.723872799675914E-002  1.724042742279814E-002
   406767.921371072       7.775053714898410E-002  1.776518468243029E-002
   487105.398985141       7.833741208774092E-002  1.706260945657347E-002
   422922.366381746       7.772618607584364E-002  1.665279109277084E-002
   466845.235550280       7.711277313929432E-002  1.624498979398352E-002
   11430.5362039021       7.649917004002639E-002  1.583865704007703E-002
   40438.1154942856       7.588799269416818E-002  1.543373101984588E-002
   313392.703249228       7.641552172062098E-002  1.490388983175894E-002
   477618.561230945       7.694467230179994E-002  1.437275551184452E-002
   590930.512224275       7.747362621367260E-002  1.384072256752343E-002
   340530.356804507       7.799994517627681E-002  1.330706841398312E-002
   145590.908773734       7.695726776005170E-002  1.340696634892691E-002
   42845.9329137665       7.652366349225229E-002  1.401667736154562E-002
   376964.282354147       7.608686339334256E-002  1.462484220900854E-002
   230719.817931599       7.565059934281589E-002  1.523494286067412E-002
   141883.044652365       7.519669036618046E-002  1.470520226154616E-002
   293167.972243815       7.474492538458552E-002  1.417591388458561E-002
   189346.063207127       7.429473618440255E-002  1.364448014948714E-002
   386795.871424098       7.363539606428475E-002  1.443310041091994E-002
   502043.483119389       7.424134335098799E-002  1.478169809160864E-002
   216520.300409677       7.484734525586789E-002  1.512823605561317E-002
   64497.9475925739       7.545229378371630E-002  1.547304742501391E-002
   355628.453940758       7.491954848891696E-002  1.594843168214201E-002
   699281.988974895       7.438515576434489E-002  1.642533196230343E-002
   624186.703650643       7.385145059776936E-002  1.690466796391542E-002
   264234.132748143       7.903900080353427E-002  1.765075331844027E-002
   76563.6912541300       7.945383644709289E-002  1.708453956802262E-002
   1424.00861932079       7.987063617564519E-002  1.651910463868488E-002
   423607.013163283       8.028928161432651E-002  1.595319692076114E-002
   271205.365733661       8.070650448988870E-002  1.538533278034608E-002
   343199.041783196       8.117628389920123E-002  1.587312789200179E-002
   18463.0905292531       8.164568197665482E-002  1.635987189549983E-002
   41725.8364385253       8.211445983712504E-002  1.684652980697441E-002
   204560.063745843       8.258319029504978E-002  1.733376391548050E-002
   315019.832697177       8.331987321441864E-002  1.644688800225209E-002
   249412.645498521       8.275311081546222E-002  1.607561114032150E-002
   240245.983367989       8.218630285452434E-002  1.570587542849624E-002
   29898.1232036204       8.161947029721567E-002  1.533693406130320E-002
   34128.4056570837       8.105404301078516E-002  1.496775330321208E-002
   102249.729326368       8.154333192821284E-002  1.450070047369733E-002
   222981.172064470       8.203300026354295E-002  1.403217144101649E-002
   215527.686919503       8.252244291985696E-002  1.356393291383553E-002
   119995.297750961       8.301106328506315E-002  1.309375591394026E-002
   108091.161728903       8.175749800409698E-002  1.292658192306017E-002
   73244.6086736879       8.138506979814168E-002  1.349093191750874E-002
   83784.6842592300       8.101078965300069E-002  1.405516477826301E-002
   133691.870281591       8.063703141057994E-002  1.461979614853021E-002
   243611.297424341       8.010473773322219E-002  1.413751381550653E-002
   20916.1314879599       7.957128860327514E-002  1.365702083541187E-002
   51076.1261386977       7.903964795678350E-002  1.317650151968321E-002
   260776.281035072       7.857247466373170E-002  1.374056289201381E-002
   189815.635266318       7.914544162967699E-002  1.417284425018504E-002
   24626.9930794395       7.971835069576923E-002  1.460523389269827E-002
   234601.679847725       8.028969787464570E-002  1.503703592744110E-002
   131698.019512650       7.980320920913893E-002  1.554256190364851E-002
   229894.384666906       7.931449907924029E-002  1.604881148331900E-002
   310537.575753950       7.882568212536774E-002  1.655515053770542E-002
   97485.0786789195       8.420612840103790E-002  1.718448884370852E-002
   73198.2125130615       8.458643112171590E-002  1.671127245764412E-002
   114736.712847349       8.496642837640456E-002  1.623729643098969E-002
   215864.444917666       8.534665100128468E-002  1.576397181105618E-002
   127055.687089678       8.572659544935375E-002  1.528987513459433E-002
   187970.103564548       8.617440544304131E-002  1.568685763568864E-002
   25712.7572921815       8.662323728279114E-002  1.608273351368595E-002
   82341.4217711604       8.707094392413392E-002  1.647917883180300E-002
   847919.233785424       8.751708987036687E-002  1.687547282701420E-002
   645398.629967860       8.830022761081505E-002  1.592997697894084E-002
   36256.6374789511       8.782573603318952E-002  1.556571739772789E-002
   28993.2727261352       8.735092947029997E-002  1.520135109633560E-002
   202648.331822746       8.687735164765173E-002  1.483643742773338E-002
   266556.644208199       8.640467809459981E-002  1.447248543092912E-002
   279049.583849713       8.679787042325313E-002  1.397142734725683E-002
   67367.9401493706       8.719205955090090E-002  1.347134195547439E-002
   307898.324606319       8.758802076925032E-002  1.296990366840739E-002
   252698.654372252       8.798310559733788E-002  1.246850300213728E-002
   37736.3092811747       8.686280660748953E-002  1.236233853923900E-002
   206753.569191465       8.643772685618678E-002  1.283911713377411E-002
   500623.562269198       8.601328784793895E-002  1.331552764850632E-002
   100321.383048080       8.558870776845272E-002  1.379368132843753E-002
   168019.412564429       8.512728721152943E-002  1.339806838850376E-002
   31648.3962205209       8.466504750650854E-002  1.300300403044979E-002
   184769.868230874       8.420404832046310E-002  1.260712449371893E-002
   137644.360466399       8.348591148506852E-002  1.347431258543975E-002
   20023.5304584577       8.396172396099925E-002  1.385302890500434E-002
   193190.762410122       8.443633859822826E-002  1.423252184528750E-002
   154767.616190054       8.491003162760184E-002  1.461125653632891E-002
   31954.5278751830       8.451326048531760E-002  1.506964316492508E-002
   83548.2367292487       8.411602827253778E-002  1.552811933069688E-002
   150217.818310843       8.371753390741402E-002  1.598695962330470E-002
   598144.576019052       8.924324553324739E-002  1.671576664617873E-002
   196428.761969376       8.960682135629036E-002  1.621911937557059E-002
   159731.011695007       8.997224736074988E-002  1.572418392280511E-002
   35503.9145141637       9.033922569853267E-002  1.522798802775915E-002
   148936.604413038       9.070509111031008E-002  1.473165666607682E-002
   13522.5443365770       9.123458613146287E-002  1.514807986500771E-002
   36871.1856853453       9.176433654093050E-002  1.556515286220119E-002
   9837.46214292328       9.229395903297244E-002  1.598117521804216E-002
   26640.3544705945       9.282453804941115E-002  1.639811420737742E-002
   43952.1979743523       9.331300861512119E-002  1.581288218300483E-002
   22880.6393556738       9.280763310783353E-002  1.536546888765600E-002
   4570.20503353372       9.230337526801434E-002  1.491904800621554E-002
   18121.6942198109       9.179825625071393E-002  1.447268800397682E-002
   262148.367732616       9.129412952980152E-002  1.402629729929078E-002
   68803.0632750340       9.171283587891510E-002  1.352948435774602E-002
   24861.8160483492       9.213337402679769E-002  1.303366310406736E-002
   23215.1354288562       9.255286509093336E-002  1.253654123359724E-002
   64029.1716382906       9.297281395953845E-002  1.203927343591583E-002
   179777.718337152       9.183183082545793E-002  1.193445276366537E-002
   133628.878908418       9.141723902792473E-002  1.243476943420080E-002
   73999.9936150750       9.100329463670180E-002  1.293611814056022E-002
   262453.520498143       9.058798634310740E-002  1.343672147569866E-002
   268778.485048454       9.008114994336848E-002  1.301879375299687E-002
   158348.554562871       8.957465738933146E-002  1.260205491039314E-002
   176061.555478975       8.906800987920976E-002  1.218697003226441E-002
   362608.322082256       8.848851519226211E-002  1.288782307519327E-002
   47370.1022577529       8.899310821450626E-002  1.330663645776133E-002
   135488.846058792       8.949766888090989E-002  1.372395471671337E-002
   553670.307163626       9.000012127908322E-002  1.414246247176623E-002
   113653.028782017       8.957598258060516E-002  1.458799689451019E-002
   65299.0712112836       8.915056042627918E-002  1.503530037422242E-002
   141631.523619291       8.872597976983092E-002  1.548238411071434E-002
   15734.1448529358       9.389816613250832E-002  1.630144779566994E-002
   15404.0243638451       9.434734157823631E-002  1.581435268087233E-002
   26499.9796816484       9.479573418196137E-002  1.532833153948258E-002
   39610.9106088919       9.524402540847676E-002  1.484122111897345E-002
   20269.1410455905       9.569232033961778E-002  1.435496062650302E-002
   18045.4121340824       9.626311934270235E-002  1.474917795930983E-002
   5169.20878483185       9.683496165508051E-002  1.514437333837438E-002
   1525.02928678248       9.740572836918045E-002  1.553864445256461E-002
   498.681726794710       9.797658253120603E-002  1.593391615351789E-002
   357.670553581399       9.830909603959782E-002  1.553540232892672E-002
   1032.51859868439       9.781797121199888E-002  1.504457588751146E-002
   3502.47601581116       9.732784645364913E-002  1.455365626612543E-002
   12214.6177030771       9.683661972742778E-002  1.406184398353597E-002
   22932.1813009021       9.634654209753997E-002  1.357088296258707E-002
   28557.6679281858       9.675048948686576E-002  1.310750539989107E-002
   17841.3210500583       9.715534207176896E-002  1.264399422472292E-002
   10216.4408037554       9.755912606646941E-002  1.218054415716723E-002
   574.099954583288       9.796394854632960E-002  1.171798810204122E-002
   16186.1574320621       9.671177647554439E-002  1.147428989682613E-002
   24079.0522273891       9.632869753480225E-002  1.195486534940647E-002
   34355.7042457672       9.594566983519028E-002  1.243637358760964E-002
   8904.81571252866       9.556248111146363E-002  1.291679273796038E-002
   6286.31846807161       9.506637069635093E-002  1.251572947932231E-002
   41201.8711333833       9.457101373393757E-002  1.211371871338802E-002
   15346.1265746233       9.407465024074382E-002  1.171285940098952E-002
   46084.9546532224       9.345724828711091E-002  1.245392455771359E-002
   61803.4642229565       9.394074345814546E-002  1.286974274552074E-002
   30015.6959077133       9.442502729312988E-002  1.328467796514242E-002
   42385.8554664735       9.490841555823402E-002  1.370075522108653E-002
   15046.4989059225       9.451018654883848E-002  1.422849358510288E-002
   1913.67682436032       9.411084029130429E-002  1.475628733487385E-002
   18537.4502926825       9.371239866818921E-002  1.528400701996791E-002
   3770356.44715797      -3.330000000000000E-003  2.500000000000000E-003
   3047997.05301214       2.350334476360690E-003 -3.225837265074214E-003
   5850219.68574922      -3.286000000000000E-003 -2.500000000000000E-003
   2831825.85899254      -2.530678483298044E-003 -3.315814758021304E-003
   3056969.54676670       7.229870385737732E-003 -3.396781355768848E-003
   1970931.05168247       1.211759173610371E-002 -3.901787132569885E-003
   3916344.36834872       1.700016753798112E-002 -3.447456471301836E-003
   2036195.72243017       2.181379896372159E-002 -3.943454330977313E-003
   2184636.83695181       2.669760032037405E-002 -3.954940271359307E-003
   1604111.08072748       3.159265602324104E-002 -4.242172519984677E-003
   2236900.65335884       3.652318865598483E-002 -4.364946425856406E-003
   1389445.58294578       4.141786362765500E-002 -5.170639278765884E-003
   1374961.70176779       4.635267545577368E-002 -5.497423262211681E-003
   1193969.11003780       5.132320808057290E-002 -5.660580243259525E-003
   1116326.97707198       5.626711454724387E-002 -6.042957958232297E-003
   740200.811348543       6.120843932129649E-002 -6.535174144538131E-003
   533746.536522421       6.615147199621631E-002 -7.170731828624700E-003
   717623.006322878       7.116280501599696E-002 -7.064458579705726E-003
   192186.360191266       7.606472899039692E-002 -8.240991278184237E-003
   135322.165275669       8.105731724899147E-002 -8.487088760965957E-003
   117144.120350107       8.605064528287393E-002 -8.730605337387419E-003
   38743.8821793464       9.100934293188329E-002 -9.368319909782949E-003
   41154.7054069248       9.721736207305036E-002 -4.070855223829802E-003
   187.790589882470       9.695890867295810E-002 -9.066989596802829E-003
   127.175281286952       9.598262200863350E-002 -9.879192363910379E-003
   361728.265478313      -3.122000000000000E-003  7.500000000000000E-003
   76861.0417007377       9.787025123463236E-002  8.862629723288308E-004
   462803.773071316      -3.310000000000000E-003  1.250000000000000E-002
   96195.5815992701       9.792133065844830E-002  5.897983321305589E-003
   1573767.30563250      -3.407000000000000E-003  1.750000000000000E-002
   4125.76896384014       9.868916308418535E-002  1.084775801411647E-002
   1022233.72133205      -2.484928250857102E-003  2.325885372375299E-002
   5097095.71545772      -3.272000000000000E-003  2.250000000000000E-002
   607780.303695713       2.591158023954908E-003  2.333829835191031E-002
   806452.087771611       7.691650262494813E-003  2.312711996196432E-002
   552891.295941268       1.281586836148496E-002  2.278206189802362E-002
   990456.323174916       1.791827930093747E-002  2.236642899375220E-002
   223983.930640629       2.304304137797374E-002  2.238905312758462E-002
   326677.177253835       2.812233846079023E-002  2.218172862271483E-002
   559276.752877810       3.320081553086259E-002  2.162255163900004E-002
   133283.155078263       3.829662959173474E-002  2.184832021755511E-002
   249789.830918201       4.338094552217910E-002  2.185596563480084E-002
   167671.905768313       4.834599310516227E-002  2.057850045039476E-002
   194204.482680050       5.339072306015687E-002  2.036338099692591E-002
   183618.845319115       5.840511782907060E-002  1.981135814803376E-002
   98642.1379113195       6.347220644273949E-002  1.994435750863520E-002
   134258.965541711       6.847391903294522E-002  1.951920206570677E-002
   140201.999656117       7.346098692687267E-002  1.893234481417352E-002
   65854.2262698825       7.845194090800349E-002  1.835189119501025E-002
   28424.3731181510       8.346923557586380E-002  1.807026368488454E-002
   221046.967920333       8.846025317322785E-002  1.765481164523198E-002
   4649.98628331434       9.340968155116768E-002  1.688656502186441E-002
   200.097296022203       9.870760923307974E-002  1.586791578278528E-002
   295.469104460032       9.837509618910867E-002  1.626642905077328E-002
